Year,Month,a1b.bccr_bcm2_0.1,a1b.cccma_cgcm3_1.1,a1b.cccma_cgcm3_1.2,a1b.cccma_cgcm3_1.3,a1b.cccma_cgcm3_1.4,a1b.cccma_cgcm3_1.5,a1b.cnrm_cm3.1,a1b.csiro_mk3_0.1,a1b.gfdl_cm2_0.1,a1b.gfdl_cm2_1.1,a1b.giss_model_e_r.2,a1b.giss_model_e_r.4,a1b.inmcm3_0.1,a1b.ipsl_cm4.1,a1b.miroc3_2_medres.1,a1b.miroc3_2_medres.2,a1b.miroc3_2_medres.3,a1b.miub_echo_g.1,a1b.miub_echo_g.2,a1b.miub_echo_g.3,a1b.mpi_echam5.1,a1b.mpi_echam5.2,a1b.mpi_echam5.3,a1b.mri_cgcm2_3_2a.1,a1b.mri_cgcm2_3_2a.2,a1b.mri_cgcm2_3_2a.3,a1b.mri_cgcm2_3_2a.4,a1b.mri_cgcm2_3_2a.5,a1b.ncar_ccsm3_0.1,a1b.ncar_ccsm3_0.2,a1b.ncar_ccsm3_0.3,a1b.ncar_ccsm3_0.5,a1b.ncar_ccsm3_0.6,a1b.ncar_ccsm3_0.7,a1b.ncar_pcm1.1,a1b.ncar_pcm1.2,a1b.ncar_pcm1.3,a1b.ncar_pcm1.4,a1b.ukmo_hadcm3.1,a2.bccr_bcm2_0.1,a2.cccma_cgcm3_1.1,a2.cccma_cgcm3_1.2,a2.cccma_cgcm3_1.3,a2.cccma_cgcm3_1.4,a2.cccma_cgcm3_1.5,a2.cnrm_cm3.1,a2.csiro_mk3_0.1,a2.gfdl_cm2_0.1,a2.gfdl_cm2_1.1,a2.giss_model_e_r.1,a2.inmcm3_0.1,a2.ipsl_cm4.1,a2.miroc3_2_medres.1,a2.miroc3_2_medres.2,a2.miroc3_2_medres.3,a2.miub_echo_g.1,a2.miub_echo_g.2,a2.miub_echo_g.3,a2.mpi_echam5.1,a2.mpi_echam5.2,a2.mpi_echam5.3,a2.mri_cgcm2_3_2a.1,a2.mri_cgcm2_3_2a.2,a2.mri_cgcm2_3_2a.3,a2.mri_cgcm2_3_2a.4,a2.mri_cgcm2_3_2a.5,a2.ncar_ccsm3_0.1,a2.ncar_ccsm3_0.2,a2.ncar_ccsm3_0.3,a2.ncar_ccsm3_0.4,a2.ncar_pcm1.1,a2.ncar_pcm1.2,a2.ncar_pcm1.3,a2.ncar_pcm1.4,a2.ukmo_hadcm3.1,b1.bccr_bcm2_0.1,b1.cccma_cgcm3_1.1,b1.cccma_cgcm3_1.2,b1.cccma_cgcm3_1.3,b1.cccma_cgcm3_1.4,b1.cccma_cgcm3_1.5,b1.cnrm_cm3.1,b1.csiro_mk3_0.1,b1.gfdl_cm2_0.1,b1.gfdl_cm2_1.1,b1.giss_model_e_r.1,b1.inmcm3_0.1,b1.ipsl_cm4.1,b1.miroc3_2_medres.1,b1.miroc3_2_medres.2,b1.miroc3_2_medres.3,b1.miub_echo_g.1,b1.miub_echo_g.2,b1.miub_echo_g.3,b1.mpi_echam5.1,b1.mpi_echam5.2,b1.mpi_echam5.3,b1.mri_cgcm2_3_2a.1,b1.mri_cgcm2_3_2a.2,b1.mri_cgcm2_3_2a.3,b1.mri_cgcm2_3_2a.4,b1.mri_cgcm2_3_2a.5,b1.ncar_ccsm3_0.1,b1.ncar_ccsm3_0.2,b1.ncar_ccsm3_0.3,b1.ncar_ccsm3_0.4,b1.ncar_ccsm3_0.5,b1.ncar_ccsm3_0.6,b1.ncar_ccsm3_0.7,b1.ncar_pcm1.2,b1.ncar_pcm1.3,b1.ukmo_hadcm3.1,
1950,1,983,954,1293,2546,3136,1840,4214,1209,2247,2310,3936,6156,967,2603,1398,1942,1202,1086,1940,1013,2861,1079,1033,1042,1807,1621,4779,907,1064,1169,2892,3818,1120,1206,914,2618,1112,1668,10206,989,975,1830,2377,1475,1702,5772,970,2700,1736,1196,1080,1764,1102,2296,1230,1359,2103,973,3328,1444,1023,1268,1188,1604,9391,901,1287,1058,2443,1808,925,5620,1115,1535,1112,955,972,1367,1773,2863,1233,5150,1149,2253,1578,2459,1017,4234,1117,1473,1089,1166,3028,991,1965,1033,1207,1168,1702,1733,10117,870,1027,1030,2295,3480,4024,1000,1002,4951,996,7562
1950,2,1738,863,1504,4498,2534,2025,13797,1279,2715,1963,3212,7739,1464,4514,981,2120,1029,1222,2519,4260,2412,1356,1874,3282,954,1412,14688,823,958,1279,5004,11784,1431,1413,3390,8673,1389,6354,5417,1370,795,1488,3102,3522,1811,15076,1296,1853,2600,2455,1497,5117,1614,1888,1131,1173,2811,3394,2325,1848,1576,2126,1073,2605,15749,953,1011,1497,4783,4050,2157,5922,966,5290,1435,1773,797,1993,6582,2229,2554,12407,1747,1990,2679,1805,1760,3046,997,1863,925,1017,3319,6519,3120,1602,1140,2212,1145,1968,9789,713,1110,1305,3996,4000,10948,993,1389,6656,1214,7255
1950,3,2212,820,2297,16078,4208,1143,10179,2146,2680,1409,2463,5257,1521,1915,2550,4304,2177,689,3410,6028,4136,1278,2647,3550,1838,2271,12927,630,1793,2123,6477,5950,1485,2444,3070,2875,4514,7225,3470,2312,623,2079,17195,3004,1303,8205,2454,2412,1559,2498,1168,2068,2933,5367,3755,699,7220,6573,2433,1166,2173,3633,1677,2325,10039,697,1541,2962,8736,3773,5853,1552,6699,10015,2898,1892,659,5653,10870,2757,1282,9507,2604,2451,2060,1524,1269,1772,4473,4291,4248,658,2895,3860,2766,1247,1904,6479,1610,2350,14819,730,1444,1550,6227,2960,5461,1993,1562,2586,5291,6014
1950,4,741,401,4315,5885,3295,611,3248,1060,1230,875,1354,1761,576,927,1456,8564,2321,343,4322,2573,1812,520,1109,3561,1590,1595,7036,413,967,4874,4366,2071,1145,747,1862,1108,3758,6653,2535,794,382,4641,4148,2230,706,4543,890,1122,985,1046,539,886,1703,4792,3406,362,5082,2811,1939,481,1376,3182,2124,1509,4399,474,977,3826,3158,2776,1727,646,3599,4588,1700,597,408,4065,6652,2544,612,4035,913,870,1001,1171,542,885,1619,4041,2029,367,5402,3393,2398,570,1542,2634,2010,1456,3510,464,1112,5918,3385,1617,2723,1233,738,838,3572,3035
1950,5,409,287,1614,1299,1588,474,1544,410,481,383,638,580,337,428,655,1693,2896,251,1623,802,618,325,612,873,546,629,3084,286,392,1139,961,1236,500,411,794,503,640,2711,1045,387,284,1466,1034,2675,465,2096,391,440,416,733,334,419,612,2156,4355,258,1419,820,627,314,589,769,500,579,2446,296,369,1115,890,539,738,370,576,2029,540,373,289,1016,1361,2398,440,2707,391,399,403,681,336,436,669,2696,1892,259,2313,819,737,320,668,951,537,618,2665,292,371,1253,838,607,1349,554,384,413,700,977
1950,6,255,282,672,740,583,252,829,274,270,243,308,396,236,281,298,852,624,217,516,359,346,229,374,552,298,482,1433,217,261,845,399,487,291,254,324,264,545,686,538,256,260,663,550,692,279,755,339,264,248,385,241,280,373,805,593,228,492,374,339,225,396,409,295,574,1363,219,272,655,358,416,355,272,506,634,315,267,258,659,741,645,292,863,309,263,251,358,243,278,309,847,946,214,565,361,317,237,363,583,297,502,1778,217,276,524,343,399,484,299,253,262,525,444
1950,7,317,313,1048,456,296,543,498,390,419,778,337,542,254,252,483,334,703,352,428,441,397,500,298,354,555,876,387,316,341,525,315,626,359,660,320,350,668,315,380,320,277,804,793,326,515,447,449,437,622,493,255,231,578,356,645,322,392,369,385,413,314,356,521,847,409,320,344,603,316,355,308,364,691,315,371,295,323,899,652,334,532,417,401,429,639,512,265,225,359,409,635,392,449,321,360,502,315,367,558,753,402,348,288,694,326,319,633,310,625,367,808,378
1950,8,386,911,1412,1988,1295,714,438,523,664,811,1137,1233,408,571,626,385,682,391,342,1206,817,1020,456,301,712,1242,287,513,477,1144,655,786,491,370,385,317,955,422,370,433,812,1591,1687,1096,617,512,382,525,1089,560,401,676,651,360,751,565,386,1303,563,1060,385,305,608,944,268,517,517,839,746,289,405,340,1074,475,349,379,691,1342,1305,1345,499,467,395,623,1233,684,349,468,935,350,747,399,416,1120,727,1369,360,281,564,1018,294,436,576,1036,806,297,748,525,313,298,825,404
1950,9,578,424,1631,459,708,555,212,397,425,502,250,509,699,326,699,285,880,640,254,1468,405,819,281,267,566,247,319,296,269,462,322,496,625,319,318,195,439,418,663,311,377,1903,532,501,752,208,458,600,425,1164,313,474,507,296,876,679,240,1004,614,460,263,272,540,365,273,443,261,571,290,311,251,186,630,371,338,691,422,2172,466,1082,673,237,551,757,415,900,1041,616,464,289,505,770,262,682,608,603,276,248,353,268,289,409,330,302,264,301,255,592,295,183,590,859
1950,10,438,1396,1124,558,715,436,222,1262,285,297,199,372,295,376,1157,276,959,581,354,1006,832,320,648,327,733,1185,283,504,1092,1632,281,336,232,218,446,455,808,687,442,852,1389,883,753,721,579,200,877,195,333,248,772,299,544,316,1090,1403,241,969,1419,589,328,313,478,1759,227,243,1073,1746,242,226,585,650,942,385,559,376,1022,538,411,732,715,211,920,197,279,372,362,269,729,301,1269,1548,220,1241,1725,271,804,324,1146,1364,277,469,1395,1132,255,230,499,209,226,678,824,549
1950,11,356,432,498,493,624,769,180,1231,194,427,262,1258,379,1232,795,215,998,1147,266,384,2425,460,559,240,669,2406,325,1184,311,932,198,477,1067,441,908,2337,1320,865,1456,287,387,465,405,496,435,188,617,207,790,210,259,1344,1225,436,1243,332,453,349,1268,377,1107,320,882,1174,429,1100,274,1315,208,295,388,2260,676,1307,251,346,851,537,729,573,693,182,1039,204,637,240,303,635,1097,221,1738,283,361,336,1561,383,387,222,550,1960,274,1673,294,2150,205,264,428,785,602,1030,776,2451
1950,12,254,448,833,359,254,256,180,338,399,751,226,391,636,579,305,490,3082,601,530,1016,1705,244,507,1214,379,1010,1654,1245,246,1563,358,281,864,2152,228,605,1161,1811,2310,255,644,1723,332,281,406,181,985,329,492,1622,629,468,308,269,3355,571,496,848,2096,233,392,1026,585,1195,1257,1155,249,1739,632,679,286,544,846,1921,242,290,481,664,322,259,241,184,480,378,579,2053,530,1312,320,496,3829,382,603,1121,1690,299,486,1188,441,1562,1609,736,272,1389,512,576,318,1031,1341,1614,1208,1582
1951,1,323,494,3274,532,1023,1087,299,560,965,591,370,405,1705,1332,1098,419,5464,898,362,597,1882,431,778,1867,517,1767,674,1901,337,2052,1747,307,388,1004,248,1737,611,1145,1131,289,831,2377,696,704,1007,238,548,553,686,2751,899,1099,819,300,7115,997,297,729,1456,434,614,1251,369,3272,1307,1454,481,1664,1385,604,231,1705,530,1238,408,346,1036,4124,646,1066,686,265,396,744,635,2000,1747,1263,1018,409,5095,962,309,491,1222,259,718,1332,361,2714,799,1699,448,2365,1786,1085,311,411,1244,834,594,1245
1951,2,744,1013,2641,806,789,1460,382,531,349,407,589,1418,7324,673,754,1143,6221,828,517,918,2017,497,709,655,719,12039,458,5061,654,3406,1359,1128,422,842,998,1909,825,917,1228,751,446,2278,571,1249,1608,437,551,751,387,1239,4023,613,1194,909,5940,666,463,835,2208,424,791,922,696,13416,437,4018,555,4090,1246,731,1174,1538,961,1294,219,730,611,2141,833,757,1929,362,648,364,470,1966,2626,671,839,597,9225,659,586,772,1905,670,795,942,845,12480,361,3993,404,3230,1233,435,1307,450,857,1553,871,965
1951,3,1027,505,2226,627,689,5622,346,1490,297,589,206,2057,2457,1362,1702,1355,9912,821,317,832,2617,464,1160,1657,633,12921,813,2957,559,4002,1516,859,1210,739,800,6398,2304,1036,1332,1289,608,1933,662,758,2264,308,1338,339,507,2458,5009,1108,1089,896,8297,1238,427,1024,2767,360,1118,1665,569,10780,883,3580,407,7017,1677,825,565,11548,1882,1212,858,1158,630,1641,514,762,5717,361,885,392,521,3910,6286,1513,1446,1307,7509,1375,329,892,2947,379,1013,1306,477,10325,836,2978,581,9010,1169,860,678,1295,1024,7565,1854,1216
1951,4,811,1077,806,338,1562,2736,258,735,268,378,217,1434,1863,929,878,486,7159,746,285,500,1408,283,937,1483,367,4722,484,2017,785,6522,1095,403,737,705,348,5195,881,1892,1625,420,1067,1182,381,826,5071,380,1287,291,364,2593,1732,796,1447,739,6683,721,262,492,1384,315,757,990,431,4746,669,2799,830,5920,964,440,373,3732,935,2946,479,508,660,944,333,1505,2678,470,1062,257,363,2408,1570,992,1110,934,6812,615,312,477,1658,239,549,1105,500,4021,669,1792,1069,6695,808,456,510,768,608,4324,1028,1596
1951,5,978,458,447,237,394,1122,256,427,212,244,186,630,635,561,2135,323,3042,389,226,269,617,260,1481,485,282,2845,325,829,787,1361,420,286,328,449,350,1597,453,1451,960,957,374,796,245,689,1639,223,444,214,236,871,615,576,1659,300,1674,399,212,287,737,243,1830,642,302,2419,346,841,658,1768,386,251,305,871,464,1000,292,773,544,497,236,492,1654,217,519,210,234,734,738,575,1467,320,1503,352,207,259,625,257,1469,530,253,2906,321,840,460,2251,362,264,287,353,368,1341,446,948
1951,6,268,243,274,207,257,584,264,307,217,200,219,435,345,295,373,256,1206,253,206,222,388,201,718,277,210,1438,314,419,416,504,279,207,253,251,207,761,278,477,530,303,239,417,209,250,486,250,323,224,197,483,381,244,384,219,1290,252,197,226,340,200,566,296,215,1561,264,409,381,706,274,224,212,745,261,467,211,295,249,273,205,256,485,263,282,207,197,527,333,263,407,240,1525,237,214,228,386,199,673,265,212,1208,323,411,298,637,264,217,210,257,241,908,266,549
1951,7,362,393,284,314,342,358,678,380,462,224,344,487,271,590,313,437,974,312,323,532,388,371,290,462,363,655,299,451,377,342,685,681,508,446,297,762,444,356,896,382,348,274,361,368,332,669,359,405,218,366,289,554,330,498,936,302,328,496,400,412,329,338,347,597,333,450,397,330,596,338,283,730,456,500,405,377,364,274,320,367,308,389,401,427,231,366,257,564,323,465,871,385,388,580,415,358,304,459,353,716,328,464,374,337,690,328,614,504,414,744,408,917
1951,8,781,576,404,374,703,856,440,609,1142,348,620,558,601,1083,1053,709,1430,554,524,540,742,1165,1123,434,652,428,373,615,632,1175,609,1431,362,1175,636,622,472,1010,2214,790,802,327,348,652,888,505,424,1453,347,626,528,1101,1298,475,1054,446,565,645,917,1740,909,724,665,352,398,681,792,1323,665,337,398,639,421,763,423,559,808,308,416,596,739,719,449,1186,412,636,641,1119,1173,708,1105,519,412,537,788,1558,689,404,758,376,393,567,593,1155,650,386,1485,390,1551,1032,441,2067
1951,9,349,1330,393,293,346,628,781,596,904,288,354,459,346,608,686,618,599,615,639,231,2787,622,356,287,1599,417,315,461,308,788,897,772,383,727,379,953,533,307,1073,226,1996,279,365,399,582,712,610,893,265,266,297,544,337,719,1028,510,514,277,1344,456,605,207,989,361,314,362,208,1084,499,506,609,443,788,251,191,409,1628,582,256,325,685,774,370,900,223,307,208,353,634,522,535,412,798,219,1268,563,722,227,2125,479,315,457,309,948,567,355,725,488,887,845,788,684
1951,10,225,817,370,180,323,285,205,296,626,200,914,658,477,403,315,396,344,192,189,281,287,566,437,1159,358,485,364,237,330,1189,450,344,228,1668,543,362,646,428,1900,312,824,558,183,309,419,313,234,558,213,264,397,677,506,357,396,186,228,288,251,669,430,1143,699,394,345,224,359,603,510,236,569,929,504,388,2134,279,1046,292,198,351,458,319,327,487,207,279,521,428,693,503,571,186,194,376,449,548,1312,593,404,412,298,198,246,563,454,211,326,210,745,328,307,1821
1951,11,261,414,204,266,262,1522,203,612,334,227,377,412,250,467,815,329,451,221,684,1355,501,219,1804,221,217,627,257,411,844,909,801,467,435,467,872,355,409,192,4538,283,320,203,291,216,371,198,676,550,301,232,325,301,497,282,299,269,521,1311,521,220,1999,221,227,773,195,430,574,1245,920,941,812,289,373,191,2657,310,420,221,352,227,1080,200,426,575,501,194,286,412,324,298,722,224,532,1722,617,213,943,475,211,824,244,344,822,1217,803,978,315,368,557,239,550,3101
1951,12,840,302,821,631,468,352,297,1634,585,512,266,631,949,214,2738,367,408,243,207,549,332,393,2874,1284,549,662,213,316,523,569,475,541,1215,747,281,256,1597,193,3182,1154,310,1545,617,915,1061,284,1361,632,373,432,1869,223,3812,344,648,181,309,672,379,299,1796,544,465,457,332,259,905,668,433,286,325,314,2705,186,4506,1029,305,1426,579,984,346,333,1297,541,249,441,1671,208,4611,317,327,211,403,356,347,399,2168,1255,671,513,230,355,737,648,604,323,358,987,445,368,2319,3456
1952,1,1792,392,1721,1617,5312,323,364,386,335,1484,2753,967,4937,766,1551,435,1652,602,586,612,278,663,2389,716,356,298,200,1105,597,6704,348,1198,673,980,574,571,2542,194,2844,1398,361,1118,1791,2076,298,390,415,406,1578,1718,2881,674,1730,428,1467,619,894,384,300,737,2687,1771,663,341,200,1159,791,3602,327,499,939,643,1361,185,4651,1353,385,1253,1922,2210,285,340,643,305,980,1214,1900,400,1377,540,1365,466,888,401,284,892,1712,821,354,262,192,558,991,5394,306,355,1152,898,1599,636,1301,3960
1952,2,802,317,992,637,1287,604,713,390,649,900,1007,1565,1830,2898,1155,604,729,216,803,662,403,579,7674,790,1145,931,368,484,4474,5706,473,731,450,905,1075,380,839,333,4988,1008,312,1015,598,3010,540,720,542,621,675,670,2716,2199,1014,650,824,231,661,1068,406,508,5145,1089,1164,572,333,471,1596,9781,547,713,728,375,886,276,3488,1028,350,1002,632,3024,440,760,398,594,1483,1235,3844,2861,1111,396,589,235,402,955,457,432,5356,1011,1138,689,377,1222,2339,6292,562,813,809,341,1008,353,1569,3788
1952,3,610,1438,779,704,3346,375,517,694,285,602,1224,925,2676,1495,1011,425,695,1470,2320,1077,288,1375,3469,1698,501,652,755,565,4529,1822,2541,733,1745,3067,509,2420,1408,1413,3250,667,1212,790,614,2415,500,391,581,320,716,647,3114,1964,1046,429,850,1270,1906,624,288,1972,5320,1398,592,746,656,554,7305,2257,2903,882,626,1975,911,1237,7983,686,1319,682,798,2959,350,434,623,283,520,918,4805,1924,912,424,951,994,2999,603,301,1441,4824,1262,559,697,777,629,9857,3589,1723,892,715,1225,4251,2293,1134,4942
1952,4,666,484,808,474,1790,286,288,317,236,392,1639,957,6718,796,634,243,404,349,824,571,232,827,1304,1636,319,453,239,284,6171,792,862,443,1165,4686,318,873,977,644,3976,631,741,517,441,1499,350,405,309,254,430,589,6131,843,669,241,572,348,838,462,236,605,1707,1349,362,411,251,299,5232,971,1130,382,365,726,717,360,3266,701,622,529,449,1543,283,294,321,240,404,414,3637,929,642,238,557,412,1226,430,239,888,1682,982,314,327,240,297,4474,1303,1883,507,406,1388,3219,943,612,4032
1952,5,326,309,357,260,629,327,236,234,220,261,671,479,1230,383,446,208,271,229,457,323,205,327,651,499,339,350,212,228,1390,449,325,314,471,599,238,802,378,270,1216,328,278,309,253,551,312,210,244,226,245,426,2469,406,480,205,316,221,446,318,205,363,613,584,310,297,211,241,1283,509,332,283,248,728,347,332,1263,356,272,312,262,536,282,242,236,215,262,403,2386,382,479,204,316,226,456,303,205,347,691,626,291,316,208,234,1060,554,351,282,322,504,632,509,360,1050
1952,6,310,211,251,294,338,200,213,205,226,221,325,316,419,398,331,189,210,218,338,302,195,233,358,349,213,262,188,223,549,293,317,245,247,308,207,532,275,264,519,295,219,243,316,355,210,216,206,245,218,231,472,336,266,191,220,227,340,272,218,230,438,388,276,270,185,217,520,284,321,280,211,326,234,261,754,295,219,247,302,359,193,220,199,290,222,237,516,500,270,190,219,221,336,262,238,241,433,397,220,226,186,219,475,330,336,293,212,242,348,484,260,668
1952,7,538,292,219,652,644,332,307,532,442,219,306,340,434,489,383,555,683,321,521,432,322,359,418,364,351,429,517,235,570,309,463,361,353,394,531,730,273,586,349,567,283,212,781,396,355,398,551,456,230,840,435,785,372,686,541,316,472,431,404,381,412,370,317,308,553,233,545,402,493,319,456,642,279,580,497,494,307,215,643,664,345,379,695,405,218,761,465,535,417,555,586,365,515,486,490,364,388,389,317,435,551,256,512,410,464,317,302,391,370,849,243,371
1952,8,672,503,226,873,746,1079,1580,813,1483,259,287,393,577,424,716,704,311,569,963,526,749,603,816,530,279,533,340,380,385,611,717,568,1012,507,739,569,679,502,578,643,427,276,657,1231,1150,1467,1233,1132,256,447,658,344,715,767,497,459,663,408,637,716,706,637,304,671,372,381,335,356,655,1394,739,663,526,475,984,885,488,240,879,554,1063,1043,795,1232,275,409,480,423,734,836,386,639,1002,395,524,492,683,497,336,449,361,321,388,405,804,1272,785,842,597,655,738,551
1952,9,725,464,528,494,752,526,498,662,397,227,328,346,476,237,457,1112,219,560,240,633,425,326,722,501,199,313,534,442,752,205,822,1006,1202,874,764,394,789,563,287,1125,287,585,306,802,837,397,534,483,240,276,341,428,489,1132,232,726,336,884,895,294,908,1692,201,294,531,322,741,290,688,1073,933,596,1031,476,782,337,558,483,370,723,738,742,748,508,215,345,401,378,686,1622,243,610,243,328,780,460,602,901,183,245,518,422,426,251,573,1335,1151,1669,762,477,807,254
1952,10,387,586,217,413,748,660,684,498,734,284,255,210,301,442,214,791,330,513,484,654,804,674,355,1058,189,2467,470,740,1239,195,1393,613,292,645,424,261,258,289,280,335,654,192,496,577,323,692,479,1612,219,244,392,267,224,746,430,442,1194,550,218,583,444,367,219,3257,376,602,1835,193,1176,452,632,321,231,347,288,917,269,240,267,669,327,1188,630,1462,244,459,274,300,232,625,350,575,1420,1199,313,423,671,414,251,2212,428,557,2030,193,1087,845,486,209,400,436,211,231
1952,11,390,198,487,256,438,400,1024,365,1221,324,414,286,404,309,233,679,296,1632,1574,599,681,350,333,926,285,502,867,208,670,196,946,243,561,283,589,639,814,481,181,589,259,636,198,445,407,842,410,715,220,964,598,296,237,2667,289,1366,652,710,609,278,515,1288,228,314,1141,212,416,184,1743,856,477,453,833,255,636,673,392,520,403,348,282,549,307,621,245,479,565,332,217,1296,313,915,698,590,682,369,323,755,233,324,1173,216,306,180,2396,359,275,958,359,452,756,182
1952,12,927,405,370,360,346,335,457,505,1362,2129,215,262,916,211,506,2984,211,1063,1636,1488,343,279,613,2976,518,356,1366,273,445,221,1211,242,581,1583,892,762,327,694,1239,538,395,297,382,401,459,512,882,896,2564,314,971,217,592,1202,212,1453,2115,843,577,258,383,5024,699,275,1209,256,468,261,424,521,1208,601,232,1310,443,571,203,253,322,365,513,622,1010,1152,2669,380,777,195,521,2880,226,1563,1925,1241,496,236,500,4418,596,352,1370,260,647,273,458,463,233,234,1530,722,256,1425
1953,1,1080,451,232,302,416,301,863,991,466,1430,545,685,1936,332,380,1666,472,871,1324,758,824,237,487,5447,610,277,927,479,7227,1286,814,776,621,3635,1243,342,1015,577,668,955,382,223,441,332,362,1140,550,480,1285,239,719,476,367,2022,399,936,1347,1507,348,245,628,2775,522,400,1152,706,5845,711,795,421,987,326,1006,430,442,987,816,233,446,312,275,728,621,457,1141,217,928,547,386,1723,647,957,1667,739,559,241,620,3100,427,289,1202,686,5318,1112,853,373,751,797,2578,321,902,693
1953,2,2012,268,829,433,878,1077,1698,1230,859,1193,340,658,679,879,259,2631,204,2411,1365,697,723,550,386,2983,1335,472,1224,818,3791,450,1414,547,881,4550,694,404,2130,685,358,3218,457,859,325,868,1208,1086,2302,651,1482,622,1851,394,338,3398,303,1662,1024,765,887,470,347,2787,1226,624,1349,805,3027,870,1288,321,1129,394,2512,758,475,2997,403,849,365,1595,1440,1132,3102,814,1220,607,1889,601,291,4096,225,2147,1121,973,712,570,443,2624,965,482,1010,610,3357,443,1015,321,513,525,5505,297,2662,379
1953,3,2581,618,1008,287,1103,520,1782,5755,1089,908,1968,1094,942,1559,463,12408,220,2917,2188,1221,446,1241,1437,1007,475,536,2413,620,1927,295,1041,901,581,4547,1637,404,4883,338,605,1466,556,1227,268,1033,590,1988,6811,917,1150,625,1069,1887,372,10295,222,3629,1786,1472,446,1260,1852,1093,450,484,1678,438,2580,279,1003,298,1496,398,2853,358,791,1838,458,1326,273,684,426,1430,4608,1324,763,744,1335,1947,449,14261,216,2049,1193,1014,467,974,1428,893,729,448,2218,604,2302,288,1351,262,1130,789,5078,487,2310,518
1953,4,990,280,350,453,517,353,3761,4617,743,586,1315,569,656,615,229,9104,383,2029,2285,1994,999,546,775,507,328,458,1207,529,2042,230,485,957,380,2909,3304,313,1750,261,316,989,262,331,347,459,363,1594,3678,615,611,887,966,771,263,10623,389,1653,1788,1790,642,404,544,568,321,465,1336,624,2190,224,476,247,2164,318,2966,281,339,1051,262,326,322,400,403,1692,5594,540,558,781,880,697,230,4338,329,1639,2647,1882,851,536,607,515,288,538,1068,525,2694,223,507,238,523,341,3181,375,2963,342
1953,5,563,301,243,210,288,282,1072,2139,375,383,843,344,336,303,202,3037,313,800,590,1333,393,361,328,697,759,331,442,277,920,284,322,387,259,1471,790,215,572,388,246,454,270,245,231,262,278,1496,1547,337,384,323,343,298,210,1871,289,715,484,1261,483,372,321,547,906,307,448,244,1202,260,319,480,1497,210,667,275,233,496,289,245,216,285,257,1478,1697,347,403,399,370,305,210,2847,251,746,531,1258,351,395,356,550,712,395,444,250,952,230,320,402,380,251,1173,230,590,266
1953,6,331,263,221,190,248,199,492,979,240,393,265,254,261,261,201,959,194,394,288,615,220,207,259,261,1063,221,288,200,395,195,228,246,220,767,452,198,356,209,257,324,232,261,190,218,214,485,927,226,336,286,288,361,195,672,227,493,279,888,216,205,287,301,727,217,268,202,416,196,231,233,483,204,371,283,226,338,315,222,187,215,201,450,792,235,319,273,278,314,202,701,262,412,309,609,215,269,255,292,365,218,286,200,432,223,240,444,243,223,703,194,348,217
1953,7,642,318,479,385,297,340,355,514,383,667,615,353,566,404,323,675,355,381,938,450,318,614,462,356,576,298,382,376,379,564,323,274,442,343,535,384,382,291,297,693,293,465,397,314,361,366,539,615,958,323,587,386,455,622,347,468,881,626,348,724,486,347,768,344,421,329,356,546,321,618,586,353,380,405,237,605,307,491,373,310,337,361,506,526,884,332,619,373,434,709,338,448,863,524,307,663,508,320,934,300,307,319,375,581,322,560,296,443,382,426,376,313
1953,8,1541,1137,573,589,408,580,588,677,762,614,967,964,1179,440,755,934,897,381,1028,1380,611,554,480,289,1537,434,544,744,448,806,278,383,337,746,1311,737,585,423,293,1824,843,657,535,390,797,711,553,351,649,557,733,465,576,784,941,453,940,1218,494,531,502,294,1127,394,531,1091,366,859,277,670,1258,873,590,300,366,1934,532,566,542,339,649,587,547,544,583,723,713,636,568,858,1108,481,1036,1382,468,555,481,281,1303,513,814,853,408,1076,294,695,592,388,895,916,576,271
1953,9,879,465,241,657,254,268,363,1207,337,1222,793,957,355,209,391,441,854,308,2239,654,222,766,451,342,1145,520,666,358,374,1088,312,303,278,633,877,520,360,228,218,470,613,208,501,247,327,334,1850,326,436,550,541,210,270,872,829,475,1646,1250,375,513,370,1369,604,598,358,249,381,1033,296,776,1125,225,404,201,685,474,673,225,455,291,387,546,1259,329,1225,501,389,200,375,642,503,386,2198,817,305,561,342,661,649,696,747,239,348,643,266,696,234,514,642,215,408,221
1953,10,276,1191,1138,590,251,316,260,274,343,335,253,542,489,244,430,1624,235,1751,3256,713,607,648,319,815,232,610,339,386,414,985,179,1041,556,691,302,1609,199,201,197,266,2757,877,630,380,224,282,327,255,909,189,2059,245,626,1760,227,6950,2105,395,811,384,458,196,223,463,509,344,363,874,181,1980,263,882,198,178,285,256,712,408,480,400,317,214,439,250,268,220,1691,201,442,910,203,3733,4370,362,606,746,645,476,252,542,341,381,401,1067,190,2321,514,262,891,1491,223,195
1953,11,258,730,296,565,554,185,412,1351,356,347,260,650,1852,312,549,704,221,7914,4924,613,657,272,1042,238,376,230,192,378,305,391,215,531,920,515,560,2797,312,179,186,250,400,430,578,1190,287,473,1566,260,505,358,420,331,348,946,231,1654,5516,1110,651,607,717,238,269,283,319,444,857,512,218,1701,351,2212,264,179,344,310,1668,910,988,967,186,452,927,316,508,395,497,417,427,1510,213,1645,1698,889,488,313,368,252,352,235,193,442,601,423,217,1549,965,447,299,1568,274,187
1953,12,253,316,226,303,1247,270,766,454,213,234,825,359,579,224,229,471,405,672,5671,542,1355,2934,256,643,594,232,1417,470,1425,348,266,401,2642,491,393,486,287,205,217,253,299,219,506,586,460,636,519,221,234,657,551,224,301,627,503,775,11152,646,1297,2732,254,348,1212,231,1564,433,786,401,283,1952,570,655,323,209,492,257,348,225,335,626,374,622,1047,240,221,688,516,237,297,642,524,855,7044,480,1234,3867,359,673,881,237,1305,478,1215,302,234,4710,497,2377,394,578,393,253
1954,1,1445,519,1791,488,845,667,363,785,383,728,1609,298,764,598,661,821,443,995,10957,664,397,2147,331,1659,1446,309,658,475,841,1423,373,1390,5282,1905,904,563,236,390,727,976,492,2046,384,1352,504,478,836,636,530,359,1250,497,694,1082,570,776,8844,751,441,1480,378,1799,928,223,696,379,874,1068,313,5978,800,469,355,353,335,1038,673,1350,459,782,555,393,908,751,515,417,741,514,671,1137,496,1076,8506,798,581,2432,399,1736,2921,259,826,402,671,1369,338,7195,1311,4754,1004,521,259,843
1954,2,460,1101,451,695,1390,580,1663,767,603,749,884,407,2418,916,737,4500,342,792,7444,757,1101,1827,547,588,3508,627,1186,294,784,981,1127,540,3908,2737,1132,880,993,316,665,618,906,535,891,777,392,1349,832,404,1324,601,1744,783,721,2838,273,863,6814,1229,1296,2890,393,645,3099,440,1137,260,1120,1197,1521,7437,1016,1007,1050,310,1241,696,1070,814,785,1623,388,1947,692,347,1100,802,2497,1139,646,4627,268,1516,5114,1329,1133,1768,500,554,1540,639,1198,281,1365,1316,1279,7523,635,5188,3040,841,1292,649
1954,3,381,2871,711,1267,832,1203,1051,527,541,1134,719,962,1738,468,479,2366,256,624,8433,2230,1508,4645,687,877,5958,338,2390,235,1001,2327,1000,2006,5622,1852,634,965,329,359,257,466,1817,729,849,730,828,1187,589,358,1118,648,1582,769,466,4327,294,589,8394,2433,1129,5160,984,1017,5358,503,2370,260,682,2438,633,9047,627,1188,346,418,522,450,2916,690,973,732,887,1121,707,456,1312,930,1476,529,475,3232,268,1078,10108,2719,1406,4417,871,1011,3993,306,2757,239,639,2101,683,4993,2073,4970,1917,991,302,269
1954,4,271,1422,555,497,644,335,1419,359,327,818,603,887,685,339,268,1075,252,469,5851,1076,1287,3304,538,1552,3926,233,1665,215,823,1749,1246,1619,3378,1163,1102,510,285,373,326,328,2170,427,445,570,448,1127,358,409,713,542,668,438,259,1317,272,443,4281,1528,1348,3909,385,1674,2513,229,1780,225,588,2179,1339,4619,892,532,257,327,523,307,2546,608,640,443,782,2020,430,360,602,439,768,444,279,1460,238,558,6958,929,1045,4597,403,1052,3478,248,1539,214,766,1633,1571,4066,1819,3809,1311,473,288,367
1954,5,224,612,299,972,383,237,1072,276,314,1277,338,310,569,265,221,575,202,381,2057,367,517,931,290,1483,1324,200,1007,205,389,529,343,413,1327,638,356,306,213,207,301,228,682,272,401,352,228,1090,281,406,1372,258,470,237,220,645,199,353,2143,436,525,932,275,1188,1065,196,959,199,322,675,545,1957,411,318,222,212,261,227,728,313,1101,351,246,844,325,345,1464,240,654,253,218,716,196,378,4298,430,503,989,269,2069,1326,206,766,199,349,487,439,1552,510,1011,630,295,221,365
1954,6,197,344,233,354,282,218,382,223,196,545,279,251,318,432,193,383,205,253,566,245,283,499,216,484,615,191,486,196,244,253,242,329,470,493,252,231,198,195,568,203,367,244,733,264,222,411,231,203,733,200,434,436,192,369,207,255,683,253,286,441,224,481,492,195,467,203,228,258,252,500,262,231,209,196,218,202,449,242,400,267,219,410,241,207,406,207,319,587,193,422,199,296,1023,251,272,479,207,584,733,191,458,195,242,256,257,557,327,379,433,225,200,337
1954,7,564,360,338,508,357,466,402,339,245,435,254,451,615,625,266,375,207,357,418,320,419,450,545,534,895,394,398,522,303,335,512,381,567,460,340,315,249,319,702,543,393,280,490,358,491,370,331,244,467,612,787,511,257,298,207,359,377,329,432,360,555,495,885,384,363,554,279,365,537,627,329,305,261,330,773,522,407,295,498,334,434,440,274,260,469,590,646,454,278,297,211,367,459,314,478,486,521,544,760,368,376,522,292,335,494,570,369,522,535,311,270,645
1954,8,425,1001,317,585,895,527,326,352,350,563,631,669,756,1012,311,671,294,309,759,524,484,415,1058,617,1015,529,596,892,412,635,903,294,525,310,441,448,307,515,2231,393,732,292,537,756,460,315,309,441,516,495,662,887,280,531,302,407,657,719,640,711,979,592,1083,597,531,860,450,605,863,691,413,547,285,388,563,367,694,304,678,627,629,304,438,321,620,500,823,792,291,512,349,441,924,492,486,458,1633,580,1573,674,574,854,374,731,671,488,343,667,378,453,252,1629
1954,9,396,387,468,934,726,462,268,313,885,620,1418,216,532,247,205,340,270,1590,947,262,435,295,476,364,1171,320,549,2028,434,428,634,198,317,364,725,704,214,218,747,300,789,476,1461,439,581,209,443,689,1066,380,565,322,229,321,229,756,1207,195,465,300,339,324,1525,381,662,921,427,531,494,408,623,626,198,209,852,314,373,429,1150,976,655,284,366,939,644,679,471,336,211,437,238,901,1072,243,288,226,338,339,895,287,640,886,608,670,804,693,191,276,366,712,200,1135
1954,10,183,231,209,1300,751,192,601,192,339,957,651,3068,686,271,199,194,307,446,428,214,276,387,219,221,592,395,508,1230,686,327,864,628,363,245,393,653,200,771,1476,186,227,369,1630,712,196,1330,194,497,880,613,1343,190,247,239,304,620,470,318,233,1227,215,237,459,571,287,1781,848,224,1472,227,284,358,190,601,407,184,356,383,2156,456,193,757,185,433,600,475,472,199,234,196,380,552,320,342,286,340,212,240,392,322,295,1875,632,328,1353,208,591,243,194,574,204,1652
1954,11,1073,302,610,925,991,269,915,281,927,424,715,781,1373,809,244,189,476,833,280,263,255,974,315,842,489,323,1700,1176,772,217,1984,727,308,291,1120,565,1927,459,408,551,323,523,505,902,200,444,276,732,345,375,1038,481,188,188,468,1397,362,192,275,249,986,869,611,231,1638,1287,325,412,1499,350,1195,1282,1215,516,526,1144,328,836,368,508,270,646,257,474,631,570,1654,482,196,188,528,1289,430,182,290,1166,1179,1099,497,394,1911,1122,1158,247,1559,420,680,432,290,1047,1990,352
1954,12,2225,418,959,493,604,237,512,850,454,554,596,414,734,2444,246,194,206,4333,450,219,277,256,1579,2416,271,2981,454,1673,1422,365,1383,400,467,410,528,640,302,506,425,2757,379,880,416,670,319,295,699,526,614,253,1110,2189,244,187,201,3835,461,218,186,400,860,1845,294,2243,590,1478,1995,272,1596,227,566,284,1103,481,536,1846,435,643,420,840,258,473,840,723,451,269,1002,1950,174,191,193,4060,481,194,242,250,552,2406,385,2762,500,1475,1413,365,1142,226,351,270,322,274,319,533
1955,1,756,252,789,968,3670,303,279,455,705,2346,1064,1301,1973,866,542,563,638,4213,719,743,1848,231,1152,4256,1224,1157,913,1128,499,510,1932,1661,831,393,695,271,646,371,892,857,278,1107,1200,3007,356,258,549,576,2544,491,1801,1112,562,483,631,3698,1008,1222,1818,228,1035,3455,931,2785,864,1492,618,957,1903,2047,406,277,621,344,970,834,285,1299,925,3361,333,276,505,775,3016,362,1412,1320,428,700,648,2855,1332,1202,1090,235,1360,2531,1119,3001,818,2098,569,862,1079,1484,2001,934,322,259,526,1341
1955,2,1418,589,1399,4875,2516,191,1205,719,823,1967,4479,2956,1602,1656,3062,934,878,2601,1481,1346,4545,582,2048,3816,644,3400,580,1007,770,2080,3165,1031,967,635,760,370,1435,299,1899,1487,595,1203,2777,2029,200,659,873,855,1186,442,1461,1282,1339,1026,595,3939,1376,614,2644,926,2654,2935,957,5268,613,1122,652,1512,2791,795,602,336,1699,314,685,3244,591,1068,4211,1778,216,1187,621,931,1202,613,1409,1337,3875,802,858,2888,600,529,3955,814,5965,4445,770,6079,571,1250,961,1102,3064,1194,912,764,551,388,1532,1412
1955,3,7474,310,810,5590,3719,248,1130,1636,1056,1428,3583,6074,1735,1066,947,1699,540,5728,1035,1299,1854,899,7593,3560,800,7580,531,988,1123,3110,5658,2350,497,699,551,458,652,1220,2872,11223,307,724,6259,4030,221,1109,2007,1506,1509,428,1588,957,2287,2070,397,4336,918,1681,2884,1178,7022,3175,1107,7023,468,1320,1046,3333,5236,651,476,459,549,923,1609,6680,267,960,9978,3148,259,1000,1525,1101,1163,411,1266,1049,1227,2617,460,6038,1048,1157,2488,1356,4319,3239,682,4044,544,1772,996,3654,6755,708,2737,605,626,439,625,2777
1955,4,5138,218,595,8107,3197,216,587,615,986,2216,2020,1783,2437,724,754,1097,431,4195,512,650,881,439,3172,1692,492,2685,668,625,1237,3680,4238,2108,673,552,371,295,417,380,1018,3280,223,512,7437,2621,225,579,666,755,1803,331,1454,600,986,1491,417,6495,525,693,928,383,2989,2167,566,1925,585,819,1485,2735,5224,793,448,317,399,838,1113,5379,232,475,7743,2470,237,535,634,1056,1821,342,1402,636,754,1389,336,4422,586,863,897,396,2063,1713,563,2412,695,686,1291,3364,5081,941,1574,612,457,346,397,1286
1955,5,1395,230,727,4052,625,194,382,444,387,1099,798,550,674,437,331,642,252,1053,346,343,429,259,855,683,294,896,347,352,512,817,867,950,617,314,271,218,280,244,424,1298,241,694,5300,798,192,361,353,430,1544,237,708,409,347,514,241,1309,338,370,420,281,812,808,318,707,333,334,664,631,781,366,251,236,292,258,404,1253,224,907,2194,1058,201,374,470,403,987,248,728,430,332,509,287,1437,376,323,415,287,728,903,271,770,322,349,676,620,880,493,810,467,284,220,286,604
1955,6,530,208,463,1359,379,179,231,232,305,373,413,344,389,282,306,284,249,568,246,294,255,243,420,458,459,396,223,245,321,380,513,351,286,203,212,198,232,316,400,587,209,344,1094,386,191,235,363,270,327,295,386,275,276,267,267,665,235,321,260,238,464,474,429,399,253,260,372,360,470,238,214,196,228,430,293,483,210,398,1067,429,185,246,235,322,315,238,357,281,292,274,272,798,253,432,250,219,415,462,385,440,259,252,314,324,564,238,351,247,228,196,229,283
1955,7,379,237,378,459,313,198,538,252,473,357,473,543,342,473,459,881,411,531,345,515,297,387,570,497,673,263,242,724,396,681,411,461,895,343,402,232,312,466,610,432,262,392,457,364,192,570,243,543,353,545,367,487,500,794,307,547,334,396,277,369,647,527,791,252,227,736,369,596,435,274,293,229,345,343,322,400,248,385,408,378,202,558,249,421,346,526,403,428,524,801,383,420,360,456,305,378,512,570,863,264,228,805,414,757,379,298,471,746,316,229,312,700
1955,8,481,352,556,705,565,416,751,235,486,435,742,796,603,536,863,722,580,434,322,1103,458,822,1083,1060,967,431,364,1690,449,792,1328,739,1247,742,322,310,495,1615,807,489,372,601,564,493,360,681,260,440,497,1257,508,766,524,819,655,503,365,861,454,935,889,1026,943,394,398,1515,410,675,948,365,606,282,475,1653,540,435,353,395,525,507,422,1122,237,405,591,1071,736,572,662,881,504,509,257,1028,444,897,1189,787,1051,492,443,2245,408,571,1051,375,520,1826,634,281,499,682
1955,9,360,411,283,438,492,339,903,558,420,348,574,668,593,388,332,1013,507,781,227,331,256,866,499,1145,1570,324,468,1355,380,262,315,401,472,618,449,404,329,349,415,681,333,302,498,437,361,1106,677,396,462,704,558,331,435,715,391,309,210,350,267,931,454,917,1276,449,658,2292,572,246,456,382,333,280,622,429,775,933,355,307,568,442,384,683,684,573,371,786,446,362,285,568,395,567,215,315,317,705,753,1254,1695,345,387,881,429,258,501,396,469,267,809,361,415,347
1955,10,872,205,185,1752,263,623,245,501,265,848,237,230,272,941,407,316,266,266,1268,297,366,372,353,241,1350,302,454,401,664,1271,440,198,198,436,180,305,586,220,324,1035,210,186,1608,278,532,299,707,233,921,352,271,388,700,334,304,593,877,400,382,491,470,220,1766,318,457,284,2387,432,1283,190,181,321,390,206,276,827,214,183,1722,345,304,329,644,196,975,586,468,531,1165,413,275,380,1207,311,300,404,391,241,1806,331,500,582,1390,900,919,181,213,205,405,433,321,356
1955,11,884,233,343,316,1018,949,209,544,1222,362,373,768,747,739,1253,380,396,307,661,339,261,553,1145,249,3530,249,438,360,1568,952,1489,409,219,257,335,863,855,371,447,308,201,346,297,800,1269,198,365,981,297,567,659,1124,1014,547,470,304,992,239,276,574,1040,251,1326,270,458,365,297,1485,415,445,210,520,985,449,363,480,210,446,574,736,1414,205,420,423,409,346,775,816,631,649,495,348,679,282,324,574,901,256,3318,225,1224,371,816,1352,869,584,522,189,321,582,1196,394
1955,12,4841,1217,935,626,1711,1096,587,280,1207,748,990,828,398,1171,453,934,506,239,1620,572,752,740,360,286,5320,497,1575,679,301,492,356,594,589,223,1228,573,541,649,1302,5799,1406,911,615,1896,1379,678,390,1285,518,3286,405,1142,408,964,316,408,3478,388,773,830,351,301,4899,335,1648,494,275,714,337,620,4663,758,457,547,927,3775,1208,947,398,1374,1542,734,304,1677,768,1472,353,945,465,815,377,316,1819,680,409,683,449,331,4244,449,725,526,319,572,344,460,781,368,224,639,487,1355
1956,1,3494,959,980,2424,993,1464,859,309,1230,426,1875,641,428,1431,355,642,586,964,1172,719,294,851,624,207,10315,600,1071,966,1312,660,3220,939,722,596,5283,475,389,308,902,4060,965,1945,5219,1450,1206,1210,253,1157,847,1527,528,1549,336,648,811,953,1483,1209,375,835,642,205,10455,1330,782,943,1353,508,3264,1686,948,687,409,306,9414,4066,756,1382,4751,1499,1502,1550,328,1641,449,4025,476,1023,320,764,618,1196,1890,627,1029,998,724,207,9998,1163,1068,836,818,674,2696,1350,632,1023,386,797,336,1502
1956,2,5045,574,2092,4912,2693,1001,1335,427,1006,385,1718,384,626,1470,1125,1294,1492,739,1141,585,520,1363,543,575,7885,2156,994,535,676,413,1756,377,1407,1280,603,873,678,553,1361,5646,572,1333,4980,2849,1538,760,494,1155,367,905,861,1595,974,1458,1164,826,1348,537,604,1366,961,632,7179,1207,1143,623,458,537,1381,378,637,489,355,406,9261,3689,882,2128,4544,3278,1509,903,417,972,492,804,940,2487,1086,1360,1316,612,1483,599,442,1289,687,393,6322,876,813,718,1267,459,1438,502,605,1060,890,430,503,666
1956,3,10195,565,779,5396,3720,4685,731,1032,1296,546,3900,1406,1833,1731,708,868,1671,754,1459,790,2321,3211,1032,525,8407,855,2546,470,1060,795,4260,897,625,600,2446,353,1996,311,705,6932,596,844,4925,2448,2870,843,777,1109,696,2661,1254,1579,815,812,1888,639,1483,536,1628,1967,647,382,10770,1106,2926,559,1118,1133,2008,1765,2573,311,1814,432,12339,11345,588,898,5647,2323,4382,669,914,1411,539,2447,1724,1516,706,961,1358,532,1361,691,2096,3739,518,709,11124,1271,2848,608,1298,852,2597,1621,651,928,905,352,1439,701
1956,4,3458,499,728,2682,3235,2068,454,832,1001,365,1807,898,547,1150,440,652,682,545,949,351,406,1758,1045,274,7076,647,1124,604,1199,606,2057,596,447,448,952,450,803,253,927,4520,463,726,1868,2528,2853,434,1136,849,394,1993,623,1284,564,557,717,541,746,424,563,2144,1743,264,5381,660,1349,773,942,611,3049,722,1007,401,818,232,7980,4101,634,702,2680,2958,3269,502,844,1172,394,1676,507,1033,468,643,776,473,1237,332,481,1622,1374,253,5242,717,843,644,1685,917,4439,875,398,484,451,352,836,709
1956,5,2011,289,710,950,1933,1042,270,602,374,238,956,503,382,515,335,360,327,383,1209,238,260,724,1763,204,2567,362,477,328,2187,303,822,315,274,274,430,289,363,325,474,2570,286,819,892,2336,1449,271,514,391,243,659,381,532,333,347,327,461,824,242,263,773,614,201,2184,357,496,334,2115,332,1071,347,409,323,427,247,2689,1659,305,429,1114,2033,1086,319,780,402,245,541,395,559,378,377,336,433,834,227,275,660,694,207,2730,437,418,341,2182,365,1215,333,290,276,279,348,401,401
1956,6,841,212,304,416,536,524,232,348,259,229,619,389,260,270,267,234,278,233,342,202,221,312,356,195,1119,442,295,243,458,239,355,224,220,208,266,252,262,239,248,1084,213,361,363,767,597,263,388,245,257,459,236,278,279,226,263,232,426,201,211,320,442,200,1718,478,296,246,453,244,454,252,295,254,246,272,752,674,216,597,452,619,601,253,316,260,226,368,236,301,257,235,316,230,563,199,223,314,472,202,1379,386,265,251,470,252,487,243,220,225,210,219,236,242
1956,7,542,336,390,359,284,414,421,313,248,413,520,384,445,234,432,248,351,422,376,630,700,486,365,436,483,466,278,370,555,290,349,617,415,375,372,479,356,367,354,567,323,397,381,265,433,433,294,268,382,349,485,244,464,243,409,469,350,631,724,548,397,404,481,508,265,354,542,303,335,609,365,442,356,353,431,599,357,375,407,280,426,401,281,305,409,403,443,242,472,261,340,431,406,735,673,494,390,379,440,447,280,289,587,291,344,564,661,378,377,448,288,379
1956,8,742,1157,433,387,424,512,881,313,932,537,949,447,462,248,708,429,339,641,483,1222,1315,631,471,350,744,377,403,319,482,764,612,817,521,520,420,865,291,353,557,1153,1149,372,376,436,597,1447,393,842,608,382,349,233,814,410,344,534,639,836,1156,596,775,416,1084,376,492,359,460,1014,631,340,468,603,298,484,561,1076,1061,356,395,502,590,1372,396,744,413,372,495,232,687,425,323,508,554,840,1116,661,665,337,880,439,396,448,451,635,625,347,633,551,459,535,431,558
1956,9,906,246,512,393,571,317,1109,436,835,827,739,297,485,222,502,260,330,612,388,318,537,368,975,265,631,453,767,399,707,569,252,994,206,343,739,338,503,801,207,623,262,518,378,373,268,924,482,398,996,307,471,212,518,245,402,964,392,463,1477,446,822,193,388,392,864,471,966,538,375,300,372,500,570,321,458,1271,426,590,525,832,272,649,375,562,813,299,536,218,406,229,571,708,404,465,1332,364,927,264,351,361,986,526,916,390,334,245,1002,240,312,606,629,217
1956,10,613,513,466,260,392,264,1088,995,246,585,544,313,426,244,510,182,250,234,614,261,1270,347,1694,241,879,2728,294,566,907,525,195,743,265,479,437,199,3121,431,315,723,492,495,284,647,414,663,905,286,444,261,469,298,370,178,560,204,568,335,340,483,951,274,486,3449,342,475,952,345,191,551,753,243,720,906,1161,550,420,566,258,311,273,889,576,247,800,323,406,203,525,184,500,197,342,452,457,373,1315,254,529,5180,264,643,431,691,187,457,1030,228,1139,194,739,358
1956,11,384,761,405,351,381,237,352,358,221,1348,432,623,624,176,527,177,453,564,466,1894,609,597,343,669,498,572,388,705,879,964,259,470,337,1059,360,276,363,299,271,483,1290,436,540,1105,212,796,297,192,1520,593,688,187,607,178,189,340,426,1644,675,290,1850,534,576,449,486,758,454,1116,193,732,462,325,2809,418,1732,362,1056,429,424,797,249,689,455,193,1524,379,522,242,366,178,190,368,838,1743,328,596,918,276,648,556,637,505,1182,1099,253,269,456,370,289,349,2768,247
1956,12,359,1177,868,1358,1178,1625,646,405,976,406,633,2294,275,879,679,179,1155,907,1069,1643,660,360,1295,492,637,1127,962,3696,543,331,2656,633,664,1203,213,367,812,2191,244,356,934,657,1269,376,1830,415,413,1119,475,231,242,413,582,175,1053,837,1283,2591,482,496,1637,632,679,713,658,6028,1069,530,2710,447,226,284,687,1974,629,463,854,804,1115,588,1333,410,541,1513,379,362,595,528,753,175,646,957,1238,2236,929,378,1773,859,688,858,707,1492,1053,471,3097,749,808,523,1035,318,882,440
1957,1,532,547,729,317,548,1851,418,660,1206,1441,396,1307,6834,425,1245,368,656,1479,696,1577,911,821,2366,582,415,2178,542,2326,1320,862,6755,1444,334,699,2695,493,913,790,398,565,518,717,384,562,1108,417,562,1027,1440,689,5150,1094,962,352,860,1777,654,1466,886,547,2386,600,460,2780,697,1096,737,847,13790,644,1612,401,984,782,1225,644,597,879,348,520,1855,359,682,787,914,859,5235,814,652,455,1423,1505,1038,1260,601,727,2063,635,428,2450,561,4712,825,828,11201,513,1464,464,897,394,1125,521
1957,2,374,1038,883,474,1261,6815,1193,959,1936,660,376,814,4027,315,700,286,1316,1539,796,2677,889,288,4623,588,511,2352,1050,3340,767,549,15040,1616,377,1010,666,739,2377,397,1618,357,749,1037,506,1182,10603,1315,1039,1259,838,2704,2217,311,834,261,1038,1306,967,2016,1097,615,8699,618,322,5167,666,3982,749,642,11968,970,1613,750,2217,432,980,396,1138,890,372,1386,5632,949,640,1681,1414,1932,3636,441,1283,202,1112,1157,661,3048,1077,329,6259,717,413,4772,1201,5196,783,524,14558,1141,1579,381,805,486,2058,1602
1957,3,1235,2880,448,1593,1628,3957,650,453,5324,1713,501,975,4361,402,779,600,949,3697,733,3242,1871,336,5455,350,840,12811,3328,9787,538,1779,6371,6700,788,592,2716,1386,2493,507,651,1126,2306,474,1517,1928,3273,526,408,2820,2184,2393,5518,547,1060,566,778,2635,650,5998,2109,330,3570,365,710,13259,2270,9880,621,1682,5060,767,3061,2730,3344,682,1096,1088,3959,461,1552,948,6152,909,409,2944,1322,2839,6804,565,1104,557,774,3324,640,2961,1950,333,5658,454,798,4901,2322,8486,579,1656,4019,690,4208,844,501,1783,1957,593
1957,4,598,2114,379,676,709,1592,535,368,2994,1318,536,775,4637,379,677,328,434,3159,711,3023,1067,290,2127,271,441,5254,1838,3298,392,640,3525,2868,312,360,3979,1899,1093,391,370,620,2141,426,736,721,1493,525,370,3244,1307,1380,5309,243,573,569,462,4007,576,1886,761,262,2010,267,455,3593,2795,2453,384,771,2662,491,5384,854,1341,471,649,643,1587,374,510,863,2024,564,373,4339,2278,1650,6375,282,605,308,458,2552,619,3622,1225,344,1781,262,405,10798,1554,2718,372,905,2597,564,4107,461,362,1233,1446,364
1957,5,407,548,244,406,448,784,288,240,1130,449,252,397,1266,205,514,210,332,1211,389,907,397,282,937,219,297,1871,527,1344,355,307,1838,819,279,251,1870,529,466,272,252,290,526,253,450,395,910,276,232,864,410,744,1425,206,451,222,368,1351,395,899,386,286,1187,218,273,1864,623,980,313,320,1325,400,1906,532,523,292,312,424,509,251,366,386,875,266,233,1184,438,746,1410,210,403,195,378,1188,345,856,404,248,878,229,264,1357,663,734,329,313,1965,393,891,266,259,644,486,253
1957,6,290,312,264,258,393,373,219,217,462,316,262,260,395,187,236,196,262,965,238,570,250,211,455,216,207,526,381,619,384,244,653,414,193,228,357,291,309,349,203,317,298,262,242,312,342,216,239,571,271,401,396,188,234,198,228,735,229,496,244,204,512,222,202,509,332,565,316,235,540,292,360,263,373,399,229,247,280,242,244,407,335,223,217,629,306,386,395,188,284,186,227,526,234,418,250,236,568,201,203,575,355,572,331,245,586,295,406,215,213,269,387,203
1957,7,373,226,297,401,416,261,316,262,372,280,516,584,352,469,292,318,291,434,400,437,321,362,338,296,310,451,499,761,289,569,632,323,362,308,402,299,303,749,632,388,232,400,415,599,264,303,326,373,377,545,418,488,294,331,305,499,324,365,324,374,349,403,353,519,498,874,291,490,621,477,386,368,319,757,344,362,231,339,433,558,267,351,328,390,330,634,384,487,279,350,303,509,374,452,324,370,350,415,291,507,489,782,315,598,585,342,310,372,396,417,337,630
1957,8,1382,308,544,985,549,256,553,547,768,687,911,1469,559,751,370,485,541,458,629,521,445,749,616,639,259,608,433,1105,340,495,1276,434,586,641,801,697,364,583,400,940,279,472,790,543,299,685,571,1048,547,376,524,709,376,582,391,393,390,328,444,536,588,398,264,512,390,911,382,480,929,1014,573,743,315,679,571,1151,280,624,1331,614,329,661,479,717,762,304,582,817,308,583,468,500,517,622,425,714,793,436,320,555,589,1064,377,346,1823,1274,427,463,522,560,325,452
1957,9,1037,234,334,1439,278,276,466,315,401,447,713,1811,567,640,209,415,238,265,494,266,499,413,398,373,323,1045,193,557,243,222,690,456,284,655,323,313,543,346,1107,1002,270,207,1151,453,336,410,236,399,446,340,333,628,232,304,216,259,586,283,386,459,301,396,518,1207,193,668,229,253,742,839,564,282,374,307,500,1086,258,246,687,407,261,696,312,443,621,340,285,446,256,320,212,280,439,295,353,401,345,271,450,1182,192,466,269,267,423,1001,546,329,428,330,479,1322
1957,10,1036,488,275,302,685,190,785,257,396,704,1603,373,1228,222,768,277,697,329,200,192,2476,205,232,314,295,302,410,791,180,231,256,372,682,1609,328,807,201,472,369,1738,404,246,310,499,180,619,215,480,447,418,1430,195,596,376,482,282,214,188,694,216,316,298,213,348,510,800,181,202,288,245,458,866,275,456,474,763,409,283,373,299,211,581,236,401,488,323,497,197,683,218,523,305,220,199,3009,188,237,288,314,448,672,585,180,272,261,267,386,436,1263,590,207,258
1957,11,863,413,215,281,819,361,499,304,296,628,376,331,1802,188,277,405,434,291,344,529,450,280,205,232,571,251,705,387,340,283,643,221,213,1247,476,329,477,374,338,430,434,228,277,1028,310,321,438,315,589,390,749,186,308,394,739,321,314,551,3207,408,184,241,738,225,393,377,208,377,267,347,304,282,617,331,337,1556,495,207,301,1467,269,329,278,421,486,440,2068,184,271,508,352,331,460,458,421,361,223,280,575,236,467,561,286,300,567,272,215,288,622,263,589,273
1957,12,619,222,247,1253,1080,217,323,933,262,1117,754,1644,2169,399,1057,337,818,216,696,207,2585,631,316,319,441,207,328,510,178,279,233,225,450,554,889,2259,862,248,1406,769,339,231,1473,953,208,395,728,264,946,1968,2820,255,470,308,459,215,618,205,1505,465,308,282,221,270,424,618,369,277,616,285,988,2789,863,366,286,571,233,233,1654,668,273,451,1141,225,983,2142,2334,253,698,354,916,201,727,225,5002,675,331,298,462,309,339,548,372,318,220,291,220,404,1259,3141,1162,1493
1958,1,1800,373,506,677,730,473,955,1271,207,387,3371,921,1964,245,2180,824,275,333,255,1028,3499,1100,734,570,763,1349,262,450,934,769,299,207,579,1578,482,1864,1467,532,513,1232,331,615,736,725,522,726,1026,218,371,1813,1328,263,2458,904,447,426,326,1048,8849,1162,837,953,733,1303,258,423,913,716,351,1028,548,1984,1897,810,302,2267,268,358,594,1162,411,900,1091,265,382,1909,1624,283,1695,1333,328,542,292,1168,4013,918,858,465,1090,2100,227,399,478,715,312,984,256,398,1815,3810,2088,499
1958,2,862,208,355,501,431,259,1781,595,250,1000,1568,1120,974,251,1370,1317,427,381,1395,689,10183,755,866,1183,1178,1708,225,576,963,303,273,416,500,1512,324,13200,1655,3167,472,972,228,324,459,437,249,1694,956,212,1025,1940,893,239,1034,1069,634,387,1701,408,9539,657,829,569,1278,1844,214,733,1322,400,312,551,346,5989,837,1539,888,1253,266,571,501,584,325,1041,555,235,843,1901,1097,224,1248,746,575,315,1274,593,5255,923,591,1138,553,836,217,634,1600,369,243,622,481,732,1223,9325,813,457
1958,3,1753,384,664,649,732,1174,2853,352,517,1185,1715,1021,995,326,1244,331,565,1395,981,2427,5862,3215,1323,319,815,827,216,494,422,2183,669,326,600,2126,1377,5804,724,1189,371,1103,304,703,771,925,1311,3522,336,558,815,4555,1871,390,1135,310,476,1208,915,2419,5407,3063,1839,436,542,867,208,520,314,1562,612,554,1885,10690,742,1322,448,1790,383,578,661,984,1405,2754,447,536,1336,3924,1429,404,1242,326,432,876,1025,1949,6884,2705,2149,402,864,1188,208,540,313,2237,709,551,308,570,2361,5411,655,349
1958,4,1267,493,298,1948,682,340,2438,278,565,517,795,864,1192,333,1039,278,789,372,482,1829,4871,1531,739,253,414,432,203,387,336,539,249,201,324,2741,719,2511,485,912,279,1014,381,297,945,697,283,1426,287,609,525,3832,857,262,972,260,530,396,512,1446,3131,1198,621,260,502,613,196,338,274,742,261,322,658,3298,480,1111,334,925,411,337,932,953,376,1498,297,534,728,3587,1253,231,1053,275,880,774,501,1693,2826,1393,528,250,560,579,197,437,296,798,245,382,201,372,1844,3039,541,285
1958,5,699,280,211,1054,361,293,786,222,261,420,475,397,384,266,709,329,361,328,401,511,4729,782,303,215,317,314,207,234,299,373,205,195,337,582,546,928,327,447,248,579,309,213,1666,374,281,652,220,238,402,1273,410,489,701,304,575,336,317,507,6733,841,318,218,298,351,218,252,287,351,208,230,438,825,318,575,224,582,275,222,1604,404,301,760,222,271,443,984,436,400,851,301,516,265,384,533,3104,1715,327,212,334,372,225,247,233,349,207,234,192,351,540,1082,331,234
1958,6,339,197,196,532,295,213,372,246,196,242,293,389,264,301,409,266,219,202,279,286,1314,982,230,191,298,217,287,196,198,244,222,185,210,309,378,692,246,314,196,326,212,196,647,255,206,388,283,194,263,475,281,185,306,308,214,205,355,285,952,846,227,192,291,220,247,199,248,260,227,233,277,531,237,264,234,385,216,200,573,321,221,385,320,206,260,514,280,186,418,254,233,219,264,296,1198,610,230,191,307,224,376,199,296,262,233,206,188,207,307,626,229,202
1958,7,401,336,410,529,318,485,430,377,317,291,536,226,370,302,480,581,493,727,371,437,450,851,365,602,485,249,808,252,404,555,309,291,334,322,472,877,265,416,385,449,323,464,498,338,499,387,368,329,287,349,373,287,459,328,547,718,319,397,398,990,383,573,492,252,941,254,654,454,307,389,615,787,276,429,441,424,321,483,483,333,505,406,359,292,299,351,348,281,396,515,472,884,287,432,399,866,398,624,492,233,747,253,605,468,297,383,277,336,419,811,288,369
1958,8,532,1330,560,654,430,551,364,820,445,752,1328,855,579,238,713,553,759,1065,358,566,864,434,605,1067,571,233,1332,320,2377,585,381,259,377,616,414,475,508,1255,322,421,1487,531,592,460,669,381,671,328,580,366,552,244,648,744,808,998,315,479,1076,566,661,995,439,229,1231,287,1197,537,346,863,416,444,435,1308,573,445,1912,655,911,424,619,384,745,349,962,359,607,236,655,642,822,728,393,551,1194,568,757,1088,504,256,1726,322,1517,638,357,1042,273,462,410,374,400,403
1958,9,437,615,265,407,298,240,253,646,400,841,1510,589,505,634,803,365,615,530,350,274,425,350,561,744,187,343,264,184,494,407,282,236,299,442,226,375,195,1143,199,492,946,736,460,243,213,204,476,448,748,256,332,755,374,416,595,481,669,340,344,246,516,465,211,326,507,208,749,529,282,715,187,316,243,1501,312,520,763,316,410,269,202,227,347,748,478,409,450,604,657,294,898,473,674,371,352,325,392,650,192,268,241,193,478,346,419,431,218,313,366,392,298,188
1958,10,1379,287,648,522,191,593,195,210,588,2999,400,947,921,718,418,191,251,352,757,281,361,1349,326,373,213,335,1432,211,1068,458,273,453,265,1226,430,328,257,984,1249,1278,230,405,342,215,483,205,270,505,2851,298,979,788,773,193,240,268,268,338,315,984,324,524,205,358,1004,283,1484,550,412,353,252,346,288,758,303,2045,240,798,495,208,381,186,370,350,3526,235,943,897,546,185,239,317,335,377,414,1515,301,325,206,329,1223,289,1047,533,439,432,338,263,1230,290,359,370
1958,11,1027,279,365,449,277,482,495,257,416,1032,622,314,808,705,528,736,385,630,985,329,447,2381,190,272,190,437,405,630,380,462,561,513,562,510,280,534,1229,905,419,893,240,377,625,316,352,490,217,478,1461,413,834,943,495,542,304,868,1232,196,441,1254,189,409,197,331,1668,471,407,430,400,266,542,565,967,865,729,730,243,337,537,310,811,514,254,499,2017,320,862,790,439,617,320,644,402,237,372,3100,186,343,183,443,807,485,557,490,327,273,732,502,531,483,921,1597
1958,12,817,328,254,1351,465,611,549,509,360,2568,2750,250,534,552,993,1326,299,1186,443,914,395,1221,695,399,220,265,1954,195,622,394,1324,1206,628,830,400,1067,464,360,369,2205,276,307,1327,514,611,425,346,266,970,1961,551,589,939,1341,314,1012,264,501,456,3038,927,241,202,276,1221,214,609,401,2277,1074,559,658,372,400,3797,1531,292,266,1082,436,591,296,489,291,1509,1363,607,547,1247,1047,305,1243,1164,545,424,733,916,286,218,318,1149,196,592,400,3807,870,1466,526,620,1201,360,557
1959,1,1927,505,412,2054,327,458,614,450,1709,7865,979,496,566,1987,713,1887,605,1008,2059,754,418,3291,453,232,292,783,523,1114,1804,358,5602,923,1632,593,1062,660,549,655,2430,1778,454,407,2867,267,370,560,379,1140,3562,1310,446,2508,791,1137,741,1419,1262,1664,623,2057,390,256,313,721,702,1572,2406,362,874,2041,927,1090,629,684,8846,1008,516,307,2330,296,452,795,391,1714,3136,1344,427,2185,708,2209,715,1443,1989,1409,747,1737,364,247,317,1011,1108,2087,2333,483,1443,2323,609,1272,522,562,626,2664
1959,2,2141,584,698,1783,249,825,401,468,2089,13925,1123,1316,354,3236,570,1547,620,1337,1012,564,730,5384,1000,406,277,579,774,2915,1876,674,2992,570,849,355,603,546,697,755,1350,1610,792,1199,2586,263,1093,422,546,2840,13417,1053,442,4027,624,1780,551,794,1767,602,542,7001,667,288,339,548,821,1002,2030,1007,6880,1222,738,470,551,963,9369,1705,668,856,2718,221,890,318,430,1559,13423,884,510,4393,706,1188,595,902,792,390,486,7314,1045,393,315,369,755,662,1874,669,5270,2110,993,1272,446,900,776,1788
1959,3,2265,1379,985,3460,377,439,1018,329,1515,7842,1875,535,1074,3230,1403,3300,1040,868,798,387,1020,2369,1853,853,273,425,1460,2507,2256,1736,10618,1266,714,483,680,1195,1748,713,4725,1564,1560,546,2459,314,425,1095,297,2184,8062,845,790,1699,1105,3433,950,762,829,358,891,3034,2591,1165,184,348,1377,3340,2436,1322,4751,1514,755,1306,1887,605,6411,1368,1608,1096,2984,378,482,811,399,1828,12007,648,1073,1819,936,2425,1172,779,921,661,695,3124,2201,1310,204,454,1241,3385,1530,1325,8857,1439,1027,891,660,909,1859,4614
1959,4,1164,677,456,2254,210,614,313,237,3684,4570,3170,570,575,733,1252,3235,592,507,859,275,654,1141,950,715,239,239,1249,2429,658,662,3451,700,697,481,380,632,1328,426,2264,1759,860,412,1908,214,376,329,234,2160,7275,497,538,751,2089,3087,584,590,1260,284,646,1776,996,471,228,230,966,2460,675,713,7502,1138,409,655,1184,426,5894,2331,482,421,2645,206,469,283,229,1482,5435,474,531,708,2625,2790,471,466,1030,334,634,1234,821,343,233,279,918,4158,588,914,5605,1147,747,702,492,936,1190,2907
1959,5,1084,345,277,877,573,246,270,198,897,1942,764,399,334,450,1109,977,302,305,428,214,304,606,443,266,181,207,418,2113,336,455,1016,489,464,279,398,482,455,288,952,1101,337,264,857,374,301,303,194,1587,2561,362,290,427,630,904,282,296,350,221,320,864,416,283,180,202,438,1757,368,463,847,540,505,590,448,281,1272,681,368,294,849,350,317,289,196,1299,2020,300,316,450,806,972,293,295,382,236,381,517,422,299,180,203,350,1120,336,458,1004,551,495,395,374,379,456,898
1959,6,435,249,224,453,215,276,203,228,455,900,404,222,235,256,353,465,210,290,292,193,285,309,406,240,213,256,265,490,256,250,479,394,240,407,354,251,337,235,385,504,264,217,429,234,303,196,218,786,672,250,238,255,289,591,208,244,265,198,237,327,405,219,217,290,280,519,250,241,490,389,439,249,472,234,824,416,244,230,450,421,265,194,217,505,738,223,228,251,371,503,208,266,263,199,236,327,342,206,199,327,240,480,243,249,532,310,410,238,234,371,384,485
1959,7,445,358,477,613,473,607,582,547,628,439,423,434,276,519,339,487,459,593,841,351,417,500,465,415,432,395,341,570,382,727,378,397,251,396,506,411,366,689,457,400,393,503,570,550,519,508,539,588,430,404,246,545,315,591,469,629,805,337,404,386,397,430,324,383,331,676,305,710,344,429,514,414,310,619,621,411,400,438,549,494,541,563,644,686,429,362,268,520,321,569,427,610,770,351,404,504,509,435,359,386,354,588,350,736,292,458,436,286,463,396,322,443
1959,8,493,878,315,766,682,745,537,1286,613,408,342,296,866,936,424,619,716,1151,441,1209,960,1019,555,475,662,736,1247,659,495,527,393,347,402,586,1232,500,300,522,702,612,988,322,600,824,760,844,1299,897,466,1182,605,1245,391,488,719,1663,503,1135,689,1031,678,399,964,673,968,802,731,632,361,301,1295,737,342,745,406,430,745,348,631,732,570,906,943,626,410,1212,587,726,461,607,684,1241,439,1059,1268,926,596,523,615,1040,928,577,459,710,483,254,376,336,569,494,342,913
1959,9,450,668,284,357,576,540,707,653,742,551,638,214,354,1476,191,362,293,1269,211,917,493,977,383,223,354,1959,266,1372,843,677,1244,192,280,252,442,390,229,425,239,412,510,364,375,535,510,428,511,661,318,433,306,913,200,414,200,1282,192,1601,817,767,314,273,298,455,695,1408,472,610,1539,226,319,364,222,277,205,543,738,337,236,652,640,441,447,716,493,350,399,1245,193,479,232,1624,252,1299,387,630,293,240,317,815,585,1345,962,506,595,231,198,263,252,408,247,301
1959,10,3958,530,437,789,470,205,206,410,229,713,311,652,185,268,181,556,230,429,260,2053,834,514,3617,213,1060,297,519,649,769,263,289,181,309,216,431,269,688,188,201,5554,511,414,906,873,261,226,348,282,615,772,183,501,180,608,266,458,277,920,795,738,2511,236,1340,887,1597,358,1401,223,269,181,609,276,697,261,340,4955,485,450,756,1302,194,191,376,295,638,625,184,631,180,460,254,375,231,2504,901,740,2568,222,1257,611,1366,504,701,219,1522,181,184,369,300,241,716,203
1959,11,462,740,743,904,1037,469,208,716,305,265,775,691,280,353,235,556,2597,445,380,1698,2432,286,443,184,827,660,1790,262,416,335,205,236,430,459,374,355,378,197,316,1214,734,439,1594,482,420,230,572,403,811,367,221,449,192,374,2414,350,1010,2367,2905,293,354,189,669,831,551,606,604,326,206,211,263,328,281,206,1104,417,1101,618,2006,422,233,212,563,438,427,616,236,421,191,509,1338,483,696,1257,2920,431,787,191,701,713,537,372,338,314,249,203,248,391,334,244,331,468
1959,12,366,1516,1412,1276,2562,663,2421,1092,1700,1525,1990,919,445,250,283,1235,336,1313,1397,762,1218,927,389,185,352,227,351,1610,367,251,219,820,749,286,616,1597,297,570,418,356,1295,2012,801,2168,336,5136,1438,1905,1494,1413,582,246,369,1301,418,1377,515,656,1759,1118,388,176,452,262,439,1720,648,219,222,1818,645,1336,329,581,1102,359,1396,1959,1079,3492,815,3119,1557,1538,1671,1061,693,230,377,1193,1605,1251,1207,526,645,892,506,183,429,243,390,1245,536,197,238,2085,758,612,225,1949,270,228
1960,1,470,920,975,1521,3818,1731,1946,826,2340,636,997,567,1268,512,561,960,837,1396,750,648,3015,609,403,331,309,443,293,621,969,1054,1295,523,493,231,6785,2502,321,425,995,427,892,684,2033,2699,1631,1184,752,1796,710,455,741,827,352,905,766,1686,635,520,2431,598,356,326,382,894,299,656,677,1160,1228,3104,6862,3826,310,424,1348,445,854,915,2355,4514,1507,1607,537,2888,632,498,1254,792,317,599,627,1427,585,482,2151,707,384,303,311,879,275,703,493,1027,839,1882,860,551,217,3918,351,906
1960,2,800,625,1435,2981,4363,494,2936,1372,1959,408,667,1481,960,900,745,1086,1542,1383,315,996,2451,580,466,1361,597,952,624,676,689,394,328,988,533,356,3976,6205,1091,525,822,726,512,2230,2707,3841,557,2292,1151,3336,516,1145,1228,511,629,836,1125,1089,295,988,3260,582,357,1282,317,391,776,816,819,363,422,3136,4191,5236,2969,523,800,744,651,1215,2434,3211,477,1762,1332,2807,543,951,961,709,403,1357,1452,1452,333,925,2409,611,422,1060,384,417,695,699,807,365,779,4180,644,540,289,5315,3027,1219
1960,3,2071,675,1296,1195,4373,430,8103,1102,6715,629,731,2903,493,803,404,765,2698,1056,1713,921,1651,494,1679,858,272,408,758,600,1809,378,1215,809,358,1174,1712,5881,4385,573,1586,1658,542,1230,1300,3774,462,4062,1170,5122,698,2575,591,820,461,1094,7061,961,1680,1034,1534,578,1077,1187,444,406,988,607,1989,424,1258,4147,2071,5259,3465,576,1491,1522,583,1192,1445,4377,478,3412,979,4852,674,1665,442,1076,615,840,7794,1186,1777,638,2045,529,1635,1256,325,342,1203,630,1953,395,995,3210,633,371,1123,4838,3685,1170
1960,4,1369,1306,855,656,4015,1248,3844,1011,4685,583,435,815,481,373,267,734,5780,607,509,543,866,1122,574,601,238,438,1059,391,647,261,403,488,257,380,997,2178,2198,286,821,811,1593,829,687,5469,1142,5563,1279,5034,542,2572,503,489,250,900,2621,751,468,508,641,908,905,626,245,333,714,475,799,253,417,1963,1415,3205,1461,308,814,1019,1983,908,673,2235,1091,4684,1276,7336,476,3398,457,422,226,729,2702,725,487,443,880,1102,503,821,234,390,568,521,641,265,480,2157,370,258,459,2424,1825,705
1960,5,362,746,490,523,1645,355,1325,809,1086,485,402,355,288,311,208,369,976,395,367,529,422,382,334,534,204,292,330,529,344,208,340,264,214,282,656,1264,913,260,375,337,535,497,456,1210,428,1128,632,964,466,656,389,358,201,417,805,415,323,481,418,458,282,543,209,298,346,496,418,208,351,692,774,1218,674,232,428,371,567,480,488,1556,431,1356,708,1176,410,750,393,333,203,387,1015,405,341,558,381,433,327,384,204,246,445,478,408,202,349,640,321,208,289,1073,856,337
1960,6,272,366,311,254,951,265,699,332,370,255,279,245,323,354,188,256,416,237,272,279,290,231,237,224,197,336,304,300,280,199,235,238,195,209,374,579,311,247,292,266,267,353,262,1334,255,679,331,369,239,406,231,425,189,259,422,258,323,270,256,274,223,224,194,420,471,282,285,198,242,349,337,659,354,261,282,265,289,376,264,950,273,712,338,406,238,384,250,285,185,269,452,242,266,288,282,245,226,226,193,469,296,286,237,199,242,301,249,192,206,608,375,299
1960,7,340,421,388,369,328,371,579,388,603,557,277,313,378,559,272,379,317,677,417,390,439,383,488,721,360,404,435,287,419,301,470,294,469,437,469,435,582,503,398,351,437,653,384,345,343,590,369,696,518,276,361,662,282,358,320,383,402,299,401,442,480,837,415,300,377,301,424,301,424,341,478,463,543,477,318,349,471,706,377,356,371,697,386,716,554,292,355,680,282,407,304,584,455,328,400,389,517,704,375,298,465,369,417,308,421,337,400,508,497,448,519,396
1960,8,416,871,831,550,332,895,1576,664,1609,645,299,365,1037,455,358,633,265,613,307,521,799,582,755,1162,647,430,1005,303,459,636,548,2392,916,601,965,474,591,661,1048,381,513,448,557,322,691,1398,547,1182,623,473,1054,444,354,586,251,1265,434,459,1346,437,889,767,751,395,983,297,444,548,456,733,1120,415,744,897,429,383,725,409,504,318,836,1741,483,1453,637,402,808,564,414,620,258,675,385,440,964,482,816,848,623,441,920,263,554,894,673,821,1620,1082,1219,530,618,891
1960,9,594,298,190,201,191,580,328,466,458,912,226,393,354,466,323,294,215,420,239,303,332,720,623,433,1225,206,730,188,325,536,398,286,495,587,1089,305,365,228,890,600,238,201,202,196,438,372,519,695,1105,419,401,422,326,967,229,348,231,365,260,972,703,447,1047,288,817,187,354,415,438,509,1369,382,223,226,278,827,244,191,221,209,712,312,542,492,585,352,524,578,377,613,220,354,248,470,371,1214,687,314,1166,230,1198,198,399,592,435,207,295,463,249,369,272,887
1960,10,936,1082,604,192,252,488,528,208,236,300,184,269,470,909,287,852,271,249,395,412,190,1033,308,341,344,188,388,192,210,1316,1096,1169,234,928,540,200,2617,418,770,878,1022,522,202,364,794,435,245,222,287,372,483,1065,284,482,204,403,500,220,199,720,234,414,562,187,604,186,298,1405,337,245,469,194,703,396,538,723,1030,584,195,493,480,519,295,234,289,583,439,1291,279,346,256,475,477,220,204,714,230,239,468,185,671,189,206,956,975,356,929,245,985,184,1351,430
1960,11,551,440,805,452,1143,946,831,1044,370,1041,236,564,330,3375,484,1811,236,569,187,295,187,261,2582,2924,724,440,710,218,230,547,313,534,355,713,450,378,603,202,313,690,437,831,820,756,535,844,905,360,821,1594,456,2789,346,1374,272,458,191,265,193,329,1593,2463,629,393,348,204,579,453,1028,1309,294,338,3250,196,1575,592,666,844,389,830,669,938,1091,394,636,1057,411,2651,402,2486,208,302,201,300,189,241,1571,2721,630,395,315,225,408,863,300,1340,555,295,318,315,2675,667
1960,12,425,947,303,552,931,506,378,307,359,790,1643,942,564,1264,2275,895,204,717,459,280,192,358,688,424,250,1812,462,2986,476,1409,254,1736,191,268,423,704,5440,200,887,484,1180,339,436,1272,688,519,306,605,928,480,524,1701,2049,1128,237,627,595,258,211,391,1071,603,255,1995,509,2474,217,1114,279,1127,273,686,3944,234,3404,768,1281,302,663,907,850,295,297,595,834,446,645,1692,1121,399,179,954,447,281,198,347,1044,738,285,1994,388,2800,215,1437,356,1189,1736,226,633,580,4658,789
1961,1,4500,523,1787,601,505,681,791,250,1674,369,2920,566,314,1547,1095,1431,6852,3592,250,874,489,588,388,3108,603,804,451,649,1155,1680,697,1426,2366,798,1090,401,2755,250,513,3595,478,1706,757,384,1003,712,249,1341,346,366,325,1133,1602,1399,6428,4022,340,796,750,685,442,1846,719,737,507,573,1121,2202,430,2218,1110,385,3171,250,3039,3544,640,1784,558,631,892,635,259,1199,462,469,319,1490,4346,2047,4971,3951,336,879,668,718,453,2466,700,593,901,386,823,1886,366,2351,1402,3885,1551,425,3410,637
1961,2,3170,936,750,433,518,899,537,246,1049,322,2573,1229,374,2620,2673,1940,1077,8957,384,458,1801,541,873,2506,769,571,886,359,911,2845,343,1227,2544,1358,1066,436,1580,761,904,4247,548,579,701,576,510,719,244,1369,311,521,304,1891,1696,1701,1440,10426,313,630,1723,519,680,4554,827,379,839,408,1477,2336,592,3844,929,576,1493,442,5637,11044,681,808,918,527,787,759,238,949,319,503,402,1425,2719,1289,2180,6819,305,448,1527,474,750,3514,854,448,601,414,1678,2809,672,4798,1479,1487,538,592,1566,1402
1961,3,8973,1075,1274,401,345,525,697,224,1782,280,1837,403,325,2251,5519,985,1018,4682,876,565,611,1766,1066,7257,561,527,449,579,1175,5244,382,3075,841,637,641,279,1305,2256,2421,8315,1299,1075,332,349,587,739,219,1152,269,1481,328,2781,3973,835,1360,4262,584,369,750,1987,1352,4453,733,627,378,572,948,4580,455,6134,859,274,1412,1798,5722,4596,1155,800,329,328,645,610,225,1718,276,1503,391,5927,4412,1009,1138,6316,683,514,1013,1827,978,4374,580,451,466,660,691,5616,366,5782,2445,1088,753,287,1239,1812
1961,4,2508,629,624,277,312,417,425,206,2717,227,1706,368,230,2591,5438,540,637,1674,300,270,401,1225,807,2579,551,392,440,377,680,2638,394,3538,636,1064,890,287,844,491,1013,4596,456,650,284,347,424,467,204,1940,221,1185,237,2151,6921,585,757,1540,389,260,430,1197,682,3364,570,432,422,429,616,2306,402,2105,546,292,1088,503,4852,1656,654,867,298,443,377,444,206,1864,229,1648,244,2051,3743,551,616,1877,751,283,476,1797,624,3255,466,393,456,376,678,3568,418,1342,3543,651,1201,305,794,1189
1961,5,959,722,330,292,266,405,350,191,3230,228,672,411,260,683,1122,347,362,699,297,221,259,402,472,717,401,277,238,252,401,656,280,1423,391,862,502,233,594,311,364,1200,877,330,306,233,451,427,190,3697,216,1060,260,665,1472,372,414,806,298,222,276,406,525,667,389,257,283,250,400,619,265,916,870,237,868,301,1463,1216,784,296,308,241,374,346,191,1445,222,1331,314,616,1001,339,343,748,315,214,275,468,334,758,473,243,271,276,395,724,334,777,1523,409,520,205,662,380
1961,6,443,305,235,196,325,214,244,286,726,221,414,424,210,455,443,258,265,326,502,209,232,379,300,391,238,221,218,300,429,349,218,536,282,264,295,213,320,247,249,453,286,226,201,275,223,254,246,779,241,329,216,464,502,281,298,323,513,194,250,357,272,332,223,220,243,263,551,318,227,538,321,201,408,290,885,421,373,222,204,242,237,245,252,1505,267,313,208,439,445,255,275,349,535,194,237,374,435,382,219,216,218,348,507,312,217,451,482,266,297,194,351,268
1961,7,346,305,362,567,370,335,479,379,763,381,621,567,561,371,510,338,545,319,847,460,303,356,525,438,226,320,399,489,638,337,354,454,461,400,303,248,822,433,375,325,371,501,485,372,328,499,408,1015,384,367,560,376,467,328,523,294,819,517,306,381,561,437,226,327,371,576,383,322,328,323,296,283,990,432,442,313,376,512,516,428,353,553,399,756,330,332,554,365,517,367,531,372,692,516,304,406,587,456,217,307,445,334,530,314,363,328,497,470,359,262,918,374
1961,8,1049,423,946,505,435,1005,508,377,1209,1112,1133,1329,814,1024,469,487,359,477,1503,487,294,401,838,594,238,357,817,1320,669,290,513,578,320,300,545,553,590,415,614,1183,393,986,893,501,1315,424,363,693,1067,366,698,853,460,562,372,524,1604,338,341,432,867,1059,254,343,465,1989,776,283,539,787,936,577,488,388,362,1255,346,910,601,589,1122,459,354,1070,1077,349,911,1115,503,654,342,458,1990,308,359,436,767,827,275,379,503,1983,517,318,547,877,576,273,313,691,546,716
1961,9,1046,197,542,320,309,494,202,789,412,1762,983,960,688,300,715,367,1170,510,2358,390,367,864,651,417,259,254,363,1350,364,238,196,531,458,268,451,585,240,226,481,392,185,630,197,276,545,197,657,816,1356,409,269,504,681,389,808,565,1275,488,419,765,347,236,264,237,463,642,356,242,194,453,395,685,279,219,235,957,187,427,253,323,620,247,553,600,858,270,393,287,601,236,1252,551,1639,545,368,292,526,239,243,209,421,548,620,230,366,433,443,371,267,696,220,545
1961,10,918,354,245,221,301,1646,246,242,1512,289,330,384,198,387,279,226,992,242,7687,229,603,1560,581,208,179,263,356,317,306,269,999,1234,315,186,10956,252,361,294,653,1642,248,217,238,284,1645,278,368,1429,283,240,354,358,338,221,762,243,2844,244,502,973,422,199,178,319,357,281,394,250,1338,2525,8042,369,357,227,190,973,502,248,222,241,534,346,304,1441,259,352,216,339,330,196,371,274,5737,218,480,2334,527,200,177,262,227,271,384,264,451,2843,1935,232,181,248,230,892
1961,11,1053,765,595,231,319,924,1472,640,529,422,574,434,384,266,337,322,517,211,1205,480,191,280,525,184,729,480,193,889,610,222,1297,500,598,180,777,630,296,323,1194,1274,1054,665,204,330,691,1134,778,800,530,1020,372,271,380,218,737,225,4519,456,382,575,365,186,283,547,191,754,557,206,1180,327,1092,515,554,372,251,1810,700,263,212,425,1941,1429,504,600,626,1044,649,324,409,429,1319,202,1753,418,358,264,463,185,283,452,297,875,791,204,2305,280,376,252,181,801,733,1250
1961,12,722,216,3987,181,601,839,1065,1969,407,491,347,518,1088,193,263,263,984,281,1482,211,802,346,1289,246,399,311,1465,300,260,187,1935,6520,233,1466,925,226,876,206,373,579,225,2764,181,766,1145,1235,2731,494,327,2804,689,197,234,525,855,254,3096,243,599,288,1891,245,969,286,1939,257,255,179,2007,400,1522,287,634,317,702,418,212,3595,184,469,1136,1134,2449,592,383,2300,1048,196,229,217,1021,323,1784,239,728,374,1633,341,1182,268,1877,368,241,182,1201,393,4743,536,1405,241,476,339
1962,1,742,1443,2361,511,567,531,1841,1597,551,267,638,269,337,218,584,942,1411,233,5402,213,1200,1418,618,709,403,482,839,759,4910,235,1271,2104,288,691,4120,264,1572,221,1538,665,1667,2412,624,582,594,1402,1093,399,237,2767,1194,265,505,666,1263,234,5617,205,1148,1505,469,853,563,730,489,565,2571,232,2899,1147,3140,230,1351,235,981,595,1396,2766,472,662,519,1481,830,553,272,2511,354,257,381,1014,1023,259,2605,210,1066,1326,529,902,447,670,644,737,3573,217,3666,932,2774,221,696,282,1461,1244
1962,2,1183,1632,3583,740,443,1109,867,1866,330,261,1424,798,1624,419,248,1120,1264,232,6041,194,912,1079,361,894,452,1046,406,557,1631,428,1475,2964,216,386,1754,516,881,3325,866,1687,2157,4256,363,354,1770,930,2299,403,300,1975,1370,279,281,1734,1383,217,7978,222,768,1062,408,487,484,675,452,1008,3974,408,1706,525,1938,792,1041,2246,1482,2007,1070,4099,611,354,1977,1036,2122,395,297,2248,2243,385,444,1086,1807,222,8346,192,831,1022,416,513,485,1094,435,794,2548,330,2952,582,3377,226,373,566,781,1030
1962,3,2293,964,4190,244,1353,2226,1456,1370,313,444,1864,875,2062,816,610,765,1007,273,2825,478,602,1454,566,607,400,628,416,1132,1899,890,2232,1801,775,320,944,573,638,1785,2089,2158,1019,5198,374,1639,1491,2715,1631,396,437,1353,2116,1088,623,692,1178,264,4089,520,877,2651,467,545,512,1081,366,819,2142,674,2483,1293,1123,478,821,1496,4161,2080,1288,5421,343,1972,1730,1781,1141,353,361,1508,1683,909,524,767,1135,239,4950,630,596,1366,516,602,479,621,372,722,2452,803,2197,1236,1900,882,293,809,964,2428
1962,4,1281,897,3694,219,445,1188,1115,841,291,265,632,517,1469,633,273,752,645,508,1811,323,480,2066,584,567,226,459,373,392,787,290,831,1684,248,306,628,244,618,808,1629,1336,817,3517,214,445,1554,1075,934,259,282,854,1864,905,417,674,711,364,1851,248,570,3206,350,503,291,458,310,443,763,355,816,921,766,254,481,1200,2749,1102,1072,4041,214,402,994,1187,814,264,296,811,1601,1024,431,625,571,580,1860,240,489,2713,473,392,293,402,332,654,892,292,655,966,1293,256,291,263,546,2115
1962,5,476,928,1374,193,273,581,426,478,222,210,341,628,717,504,245,281,424,257,738,272,519,1831,379,351,290,488,239,259,422,284,406,579,216,212,414,201,328,503,552,455,624,1252,191,278,465,491,560,215,213,430,765,305,220,325,490,478,658,298,836,1532,361,394,265,418,229,262,419,267,546,474,415,206,305,543,728,459,894,1568,192,282,492,525,441,220,205,452,718,277,217,285,411,209,824,283,877,1522,328,458,279,370,237,274,454,319,678,401,502,214,207,214,291,623
1962,6,346,443,700,213,252,359,269,323,205,214,323,807,340,239,217,251,308,244,404,250,309,380,250,266,212,266,197,218,239,203,476,279,194,199,593,187,217,279,305,321,545,620,199,264,342,320,296,204,219,345,324,233,197,254,376,194,443,215,301,427,385,276,242,275,197,219,241,234,295,246,547,191,217,287,365,266,365,751,211,264,290,320,348,214,198,356,378,237,213,240,354,298,313,220,333,426,362,257,206,283,198,219,245,198,266,231,286,197,204,197,214,337
1962,7,436,402,460,270,354,394,405,403,453,316,621,241,513,342,659,403,362,277,387,409,698,517,800,254,257,368,240,450,428,412,462,292,265,612,808,630,420,302,321,432,407,470,280,346,399,443,465,428,308,411,399,336,648,413,264,295,331,327,824,490,826,266,248,353,249,465,418,451,438,376,763,647,410,295,548,422,447,423,303,411,397,429,406,453,310,402,478,324,590,396,313,297,401,420,446,499,798,261,274,357,242,404,406,435,469,395,295,266,667,731,382,420
1962,8,340,713,517,440,386,793,565,590,301,379,574,403,1514,579,1210,349,776,793,559,674,829,704,969,588,403,299,286,1613,641,495,638,966,668,990,1443,2157,888,398,965,309,544,648,360,330,1109,466,481,364,377,351,2136,610,1217,468,658,778,394,658,674,843,650,553,286,264,271,1334,451,533,1082,676,1386,1445,637,430,529,316,642,460,333,335,1048,567,558,317,468,334,1990,588,1604,323,738,722,447,653,1180,809,907,573,273,359,268,1722,559,508,729,567,637,564,1211,1907,1149,864
1962,9,187,797,368,483,326,794,681,349,426,351,548,208,323,855,1659,562,320,438,761,463,350,686,650,584,451,192,205,729,1434,378,512,568,718,666,1485,918,362,240,444,190,797,399,456,478,555,997,296,422,364,220,451,675,1588,594,406,511,821,205,597,1119,978,501,382,203,208,1076,958,386,368,232,1085,1347,510,257,494,197,591,425,659,366,515,988,310,437,743,240,361,697,1940,831,301,370,792,309,324,423,577,715,259,182,212,708,884,402,641,321,387,389,621,806,224,331
1962,10,182,4719,611,761,658,625,445,1034,842,966,1184,323,221,200,1632,189,368,218,405,906,411,374,1012,485,181,222,505,275,2894,332,224,201,518,631,445,333,258,280,192,182,5728,756,482,569,483,280,753,732,1099,235,340,198,1990,210,387,299,300,904,380,299,406,561,186,321,338,266,4353,240,301,191,359,370,288,247,217,185,2627,711,670,529,334,244,755,341,490,320,240,206,2204,200,348,297,390,756,516,627,663,259,324,450,321,335,1137,299,335,191,391,639,857,270,241,203
1962,11,338,2019,436,1246,437,1524,1068,726,466,365,902,538,248,315,1571,287,466,452,526,3047,366,395,282,484,179,927,226,680,957,293,537,364,516,871,1256,542,282,597,240,216,1194,477,1220,437,2664,1057,799,566,445,679,250,443,1136,265,326,352,528,3450,408,417,834,429,177,959,573,654,808,373,2291,441,913,557,266,365,201,262,2177,379,1403,389,3621,1140,407,808,394,1582,243,398,1168,330,460,382,507,4279,330,358,424,977,178,871,493,508,2892,283,1176,582,286,622,724,610,281,225
1962,12,339,2547,257,1622,229,3036,1125,248,1094,590,425,383,273,306,907,2615,318,216,413,642,595,3381,304,454,211,1421,700,1134,688,2362,1853,222,436,2141,397,1466,1467,2060,689,655,1243,252,2244,267,2609,925,241,517,447,1381,315,236,934,1012,515,210,347,791,892,2265,399,734,212,785,455,1168,498,2258,432,271,540,1226,1271,2074,2048,510,1671,346,1149,354,1655,691,532,867,662,486,276,366,1048,1845,380,187,315,702,581,2243,333,302,175,1158,497,1289,767,2068,1385,223,283,613,1816,677,1037,656
1963,1,228,2169,1884,862,317,16137,4726,538,514,311,375,256,454,535,1246,760,262,234,284,1181,1549,1998,283,286,1304,2877,1027,710,761,554,407,379,401,918,344,2157,631,953,243,226,1895,1857,650,241,8261,3982,807,1248,394,577,480,545,1051,2827,253,200,261,834,720,1927,323,254,1431,5052,1123,730,866,687,320,1125,328,1895,566,815,413,245,3159,2206,876,332,22193,4516,955,539,273,558,386,428,1163,1304,326,202,438,1149,1455,1142,321,261,1636,2181,1710,1085,630,588,371,1125,431,388,825,2777,995,291
1963,2,481,1275,607,1369,495,12150,9388,1087,722,1295,368,408,706,228,1207,733,1174,1480,1550,1410,551,3127,1635,376,631,4946,1306,1169,2782,753,500,1158,702,753,962,1024,822,1219,249,435,1175,563,2107,720,21467,8394,801,735,902,314,888,267,1121,847,1070,1437,1291,1928,789,3038,2923,411,781,4248,1180,1086,1246,635,446,767,813,1147,907,2370,344,643,1527,728,1417,407,9902,10361,880,822,1271,299,715,332,952,800,1180,1464,1208,1635,504,3265,2153,351,773,4552,965,718,3160,830,713,992,945,1166,790,987,570,244
1963,3,360,1892,489,2869,288,7929,5401,1309,2668,810,1051,227,630,384,4708,1120,912,982,545,1582,722,3271,1935,467,1205,2426,530,600,7622,879,1330,373,805,5373,1021,720,528,5212,374,518,1496,683,4080,322,6151,6109,1459,1881,701,1976,630,455,5695,1177,939,518,561,2192,582,3637,1419,539,1473,2102,555,661,5801,820,775,1969,774,836,625,3901,462,340,1651,555,2614,453,4973,6327,1241,2237,682,1356,734,376,1949,1168,754,1031,619,1776,832,2253,2566,436,1577,2764,587,698,12170,631,900,1695,504,609,3366,590,692,343
1963,4,265,1053,1280,1887,369,4757,3170,599,826,504,1449,520,316,217,2217,911,790,438,422,658,352,3109,947,232,1087,1149,370,435,5721,722,656,406,463,3237,473,431,538,3608,255,275,1550,1047,1543,591,5262,2573,679,1414,504,696,334,224,1440,770,1401,438,412,921,359,3009,1091,236,930,954,385,421,6269,1023,835,852,412,535,446,3022,283,267,1035,867,1816,557,3935,2948,560,865,484,958,301,259,3408,1097,1555,556,438,781,356,3102,921,260,839,1341,392,382,4620,827,626,859,318,502,3256,453,504,215
1963,5,472,598,619,632,325,1739,1542,457,537,331,780,210,234,215,501,485,926,346,243,368,241,1346,517,226,909,583,286,302,1223,469,517,366,300,705,293,301,296,717,262,443,504,590,671,249,1661,1581,378,601,286,398,249,261,402,410,489,321,233,445,234,1860,574,220,598,591,287,299,1370,459,679,357,286,294,343,804,237,297,484,541,586,243,2340,1575,411,521,311,325,233,224,453,478,412,295,254,367,241,1422,500,233,711,720,284,305,1182,429,787,385,498,309,743,281,345,262
1963,6,191,289,292,289,198,996,1077,277,301,248,270,214,204,206,314,241,333,210,208,266,205,505,265,195,368,573,547,219,415,307,880,562,246,473,335,241,289,471,284,201,271,296,342,203,1008,1120,260,317,234,272,216,193,286,246,303,200,209,281,198,506,258,205,548,385,367,237,574,293,604,235,254,242,307,531,203,213,288,250,284,201,1199,1473,280,419,240,234,210,189,318,247,307,209,200,276,201,519,280,196,393,461,622,240,571,281,803,238,383,276,414,233,257,252
1963,7,839,552,416,679,424,643,384,929,1020,566,425,299,271,444,329,279,305,307,342,354,332,668,700,298,550,399,530,371,388,299,336,533,714,383,279,418,438,415,313,736,612,397,660,377,743,491,463,1027,603,297,276,511,407,268,309,257,368,309,332,684,556,322,637,607,601,398,405,304,372,316,316,442,456,282,287,835,537,374,572,425,655,404,847,803,575,311,259,508,325,276,329,282,347,352,346,765,541,319,403,662,447,297,319,300,326,316,463,617,372,410,487,475
1963,8,797,587,1382,965,505,646,921,1199,924,955,282,432,269,528,356,748,1480,334,1204,592,314,806,338,733,1275,2037,761,1221,636,298,643,503,1448,963,950,837,398,1026,1043,994,690,1452,1022,527,607,1127,1692,877,870,286,255,473,294,796,934,392,1178,613,347,1009,439,1025,964,1982,762,1548,580,250,808,477,826,819,378,1231,432,793,669,1748,817,594,578,839,1101,1114,1426,260,288,552,414,845,1422,317,846,546,312,981,504,677,1410,2119,1017,1345,511,277,675,651,399,1606,946,1147,397,809
1963,9,485,450,1735,441,825,603,2211,891,1162,254,231,484,613,411,1232,652,316,262,1097,1505,571,331,562,566,501,1236,1456,444,366,198,425,728,797,1027,393,307,409,3494,1436,307,466,1498,420,803,533,600,598,1570,450,577,632,278,1648,573,754,237,834,1340,252,256,563,484,755,770,1202,374,256,210,427,301,326,394,404,1202,759,626,496,483,466,488,407,1382,896,2189,282,1083,508,657,1001,694,530,242,901,2352,535,259,611,640,481,934,1111,634,301,194,405,307,343,492,1254,261,401,796
1963,10,562,266,1051,965,3418,577,1969,2722,510,259,291,193,1407,387,1227,765,825,272,566,299,436,243,740,1617,265,410,335,335,372,297,398,281,329,1277,1382,346,275,352,455,703,367,592,1357,7460,650,3254,2253,536,270,465,6387,742,400,746,659,229,535,500,624,221,778,1386,275,392,267,242,377,318,305,188,1380,352,300,421,1041,584,314,1707,1439,2063,575,1285,1787,709,241,423,1535,544,1101,692,1009,213,646,340,218,246,1056,520,301,312,381,373,657,354,390,198,751,355,523,339,275,700
1963,11,800,491,939,893,1359,485,1325,584,1534,1252,265,232,7873,298,281,242,352,405,578,360,201,386,791,368,847,478,368,480,723,372,382,314,259,427,662,482,264,239,425,422,653,1228,705,573,637,1208,713,890,1254,416,425,252,987,321,583,332,572,324,219,478,666,566,864,363,348,494,729,407,453,767,346,632,320,231,249,884,619,1064,515,1547,703,1489,1629,451,1357,602,4371,206,437,321,367,424,505,360,330,335,336,1766,555,366,370,560,623,348,362,879,451,349,1124,405,264,300
1963,12,1227,463,662,5645,481,573,1467,724,1122,720,778,800,531,212,1760,344,1339,185,1254,260,220,271,3018,1048,1350,865,693,623,1273,1136,470,419,864,694,2314,693,256,404,696,1684,330,740,2768,487,414,1709,608,1813,704,410,407,211,807,481,1661,304,1132,274,201,200,2957,642,1443,590,578,598,903,1165,390,673,2904,710,217,444,522,1446,219,786,2949,457,457,1219,504,1769,412,297,473,213,1839,354,1531,199,1030,283,205,280,3457,596,1682,585,517,548,1487,905,358,940,370,1031,1389,772,251,728
1964,1,448,1256,1088,2672,400,994,1314,1493,745,902,526,2731,718,541,1239,1041,1389,389,1136,1034,200,207,1809,1334,5444,854,3287,1733,1149,528,480,640,474,1348,1001,304,590,471,933,475,1108,1008,6341,336,715,1605,1394,843,772,352,771,424,1814,1209,1529,501,1430,976,212,202,1578,1259,6832,1016,3181,2419,2544,635,463,1248,925,318,650,605,506,374,1315,780,5004,420,552,2169,996,843,911,457,529,600,1552,636,1439,265,1129,1124,239,201,2887,1274,12918,960,2751,2255,994,706,495,822,1120,387,868,375,684,906
1964,2,534,1588,925,6468,1439,483,1794,2416,2945,543,436,1603,947,477,1642,348,1563,225,1571,548,638,358,5303,944,18731,1172,3073,1249,828,449,298,1033,342,1865,2230,463,467,745,910,600,2784,931,5128,2621,532,1327,2438,2549,468,822,657,752,2130,369,2000,232,1502,439,360,280,6729,892,16873,1033,2978,1050,930,375,303,716,3342,439,309,978,468,686,2016,791,5007,1693,870,1306,3776,4029,447,645,841,642,2968,927,1742,391,1724,343,504,295,4531,1128,11213,1183,4671,936,715,618,303,670,356,406,3883,426,420,779
1964,3,1142,2115,1889,2104,6674,1585,3392,3406,3264,2422,1036,1248,713,557,7546,288,1894,1627,1182,1745,1168,784,4394,1649,10365,1621,3295,1132,932,672,761,840,263,6632,2340,980,591,422,891,1751,2547,1284,1632,5658,1859,3259,2596,5026,1972,332,822,401,5123,304,1666,1740,867,1617,1608,955,3261,1337,7783,1325,2902,951,693,568,801,630,2140,957,544,416,727,1390,2136,1686,2196,6239,1533,3812,4287,3933,1750,347,827,435,8511,288,1814,1587,1072,1186,1327,864,3361,1233,7484,1644,3437,1153,815,474,713,469,940,286,4796,985,430,595
1964,4,775,1632,1705,906,5032,1500,3091,1525,1916,3718,782,1353,507,369,2614,650,1284,307,616,574,1047,386,1449,960,3932,1605,2628,719,678,955,450,366,263,2629,1838,680,315,469,425,832,1257,2163,577,3029,1526,3400,1431,2124,2332,356,490,312,3286,784,1405,314,582,727,800,297,1904,678,3824,1450,2459,857,698,1866,753,772,1346,1091,417,512,562,739,1988,1520,820,3808,1316,2921,1452,1780,3023,528,567,325,3212,428,1242,390,717,834,954,476,1406,741,3606,1813,2020,749,607,1639,483,681,416,249,2301,538,325,458
1964,5,554,588,759,718,1516,623,925,684,590,1650,504,515,313,535,694,255,636,232,370,551,457,287,732,459,1501,607,1314,359,337,791,369,260,333,1421,729,380,257,281,290,577,533,704,414,915,501,1486,615,620,1536,348,303,489,859,252,625,229,339,475,437,219,1103,356,2352,698,1186,391,348,428,273,366,617,388,230,289,258,529,607,719,451,1503,613,1055,567,563,1192,311,323,654,935,401,579,228,385,334,404,312,888,420,1938,782,874,373,397,450,365,398,259,293,883,444,280,328
1964,6,390,326,303,321,422,260,500,498,325,620,392,374,235,411,441,250,356,198,243,355,235,244,392,292,632,291,578,251,318,232,283,265,201,549,348,268,202,205,242,332,293,337,262,394,259,516,338,332,576,200,250,274,394,234,347,201,234,270,226,328,452,322,929,338,564,255,303,253,244,247,342,281,223,223,215,441,301,301,266,548,255,628,402,304,543,200,253,235,384,236,328,206,251,464,273,293,396,290,648,348,524,253,266,264,254,238,267,222,696,243,200,213
1964,7,339,679,538,352,573,384,437,454,283,448,861,373,260,451,692,370,361,482,324,405,266,676,446,602,595,657,365,523,361,722,461,512,609,361,359,392,318,486,368,395,620,533,380,621,358,413,523,299,442,423,271,502,744,423,336,511,378,327,261,517,330,522,488,720,343,593,375,754,505,227,376,374,309,468,251,341,724,490,333,703,338,455,454,312,473,386,275,571,659,391,342,464,346,461,259,563,396,591,681,768,361,501,411,761,458,216,595,618,460,385,334,386
1964,8,717,592,508,758,594,575,1129,567,423,460,1211,788,376,894,564,1952,396,893,1475,371,446,260,385,437,1341,1312,311,375,867,1053,550,619,898,617,376,1503,364,507,1202,977,556,529,853,469,424,1551,546,435,569,388,336,966,440,1253,484,935,1169,565,483,364,488,395,1723,1017,303,268,936,815,489,286,318,1647,414,590,291,807,494,487,645,478,520,1086,444,394,480,489,344,684,629,1036,474,953,1330,415,408,319,364,425,1310,1234,283,399,1022,1015,702,304,915,742,520,1342,383,1298
1964,9,566,342,519,670,389,442,1387,662,350,591,836,326,443,753,411,237,268,1124,795,210,415,284,219,621,1023,509,209,198,539,383,823,779,1809,350,188,1011,707,546,352,368,280,455,557,468,381,1428,426,588,515,363,259,538,541,258,279,1059,865,212,329,276,239,574,927,695,200,210,437,806,1649,635,188,800,428,699,466,430,323,436,699,308,339,927,596,358,457,487,632,576,378,662,282,1246,1298,252,376,303,240,410,851,742,207,209,480,399,1197,443,627,2294,432,1232,569,402
1964,10,777,221,207,269,368,1026,525,252,388,496,1808,485,297,280,474,261,204,450,523,183,519,255,674,424,500,437,434,505,209,1315,411,391,1174,740,280,319,918,446,402,628,247,193,313,348,1084,445,224,296,701,223,742,224,451,286,190,425,571,183,485,250,1011,440,237,929,426,382,196,1410,208,298,333,615,813,387,300,386,194,194,232,494,1253,591,211,243,596,251,527,204,467,294,218,348,585,184,332,393,370,424,460,955,588,416,198,1146,230,284,321,1125,735,392,1363,350
1964,11,344,198,364,469,350,325,739,391,330,437,1492,314,840,868,1103,306,368,313,798,190,852,665,621,326,620,1091,695,368,816,614,363,212,418,807,949,467,748,809,458,490,184,323,619,377,327,543,389,302,282,187,636,811,888,972,586,240,592,196,656,462,336,494,681,501,878,289,764,649,329,288,546,323,691,734,196,758,221,322,725,452,349,802,391,517,300,201,601,730,767,526,478,340,469,200,1044,574,823,484,472,381,619,426,777,463,373,255,227,335,723,481,531,340
1964,12,1291,331,267,1000,231,698,423,1027,199,267,771,204,2242,284,764,6671,554,294,311,206,1639,765,537,406,543,294,492,563,1574,493,293,204,368,290,232,258,371,660,496,1640,372,216,778,247,923,472,1292,291,296,232,1427,274,682,3909,218,299,397,193,1636,1086,560,294,762,297,553,828,1191,392,279,205,386,346,365,1829,290,1641,422,350,624,246,497,387,1367,194,302,335,1519,266,913,4455,368,287,561,182,1716,716,669,288,729,371,451,443,1123,805,271,195,221,294,401,310,489,756
1965,1,797,407,759,4464,244,1138,750,1184,196,1168,704,395,521,801,361,1789,856,412,701,222,1050,1180,1350,304,961,343,707,1354,937,399,895,592,447,1981,975,592,282,1502,938,516,855,952,3014,257,679,1083,1051,200,971,571,639,701,356,2860,1009,359,702,254,638,838,905,420,650,410,789,976,836,417,1038,248,978,342,255,1100,728,577,763,962,2974,277,1152,674,895,208,995,632,610,849,333,3839,962,482,499,230,1005,1082,956,461,722,331,969,1380,1089,482,958,220,746,425,1837,632,289,798
1965,2,546,1088,2092,2567,644,740,1118,506,202,838,904,301,874,647,458,3174,1359,1264,1300,209,965,1457,1701,1239,1129,899,824,519,591,436,474,703,420,1013,632,1860,329,1081,1061,659,598,1325,4374,474,1407,566,462,219,704,1019,792,661,492,3654,1318,938,1203,312,1208,1167,2166,1056,975,1058,608,1169,518,472,348,211,630,2225,319,1022,511,799,462,1271,3885,685,911,1145,718,199,774,705,1160,708,520,3392,1440,1003,1308,350,1204,1719,2052,1153,898,1006,529,501,782,439,400,191,477,423,1402,1865,329,1135
1965,3,635,317,1867,6036,888,1920,734,1530,258,1535,601,552,769,1033,1130,1869,882,1093,2094,1678,2758,2061,1285,904,570,1231,454,381,1021,427,582,633,604,2563,1042,1791,1736,4168,1663,618,276,4537,4647,1137,1934,902,1068,273,1175,1169,622,1139,887,2253,773,871,2273,1746,2090,2406,1246,793,654,1323,437,421,1055,370,575,431,613,1840,1381,2212,727,633,397,4304,4312,909,1580,801,1347,256,1419,770,636,898,852,2007,558,924,2664,1161,4634,1357,1652,926,627,1886,435,349,961,382,534,539,899,583,2341,2206,2209,2401
1965,4,1972,244,2329,3174,567,1250,613,618,184,1280,806,509,479,954,378,1583,579,2474,2401,422,2866,1185,654,553,381,1103,310,306,1043,331,323,396,345,2365,697,1055,429,1486,1865,2227,250,2294,3768,531,2584,512,642,187,990,780,469,786,445,1137,542,2041,2415,558,3973,1204,632,623,392,1436,372,314,811,327,318,257,774,1299,463,2182,502,1577,263,2013,3795,528,1718,564,605,191,878,882,476,659,573,1112,527,1991,2103,768,1993,1542,724,499,368,804,332,277,1201,319,311,204,355,317,1970,1437,439,4654
1965,5,553,207,775,1053,390,4430,283,470,178,418,547,216,297,471,276,721,372,723,965,347,889,605,367,317,294,346,234,744,432,239,310,259,236,5981,392,469,269,736,2696,580,222,676,1010,398,2748,332,406,180,425,441,306,426,264,679,353,664,766,306,1150,557,335,283,302,347,261,1245,410,250,366,220,359,493,248,691,253,717,221,608,1204,433,1030,282,455,179,381,466,303,426,281,646,311,750,906,318,1062,558,352,303,287,318,226,1179,413,235,377,246,279,287,5266,491,265,1431
1965,6,311,246,381,479,360,705,334,363,197,251,236,195,344,229,223,399,400,396,427,241,642,405,326,294,219,265,291,765,273,223,263,198,282,1453,258,301,231,347,732,311,232,450,441,290,883,397,404,201,247,323,280,231,235,320,651,385,400,238,746,360,272,293,211,311,277,527,247,222,239,196,240,308,219,381,200,293,244,459,511,357,1894,476,532,193,243,355,297,222,226,294,629,398,414,273,683,382,281,265,218,318,245,344,249,216,357,196,198,273,1431,337,233,808
1965,7,312,289,287,501,257,711,1074,269,703,250,236,269,379,387,410,853,632,416,284,385,1034,307,398,323,355,380,410,581,289,254,459,246,460,645,518,302,295,472,316,304,324,279,448,229,716,845,243,657,241,382,417,356,445,832,498,375,287,370,954,363,643,352,380,306,440,412,261,232,466,474,550,293,321,510,333,317,300,272,482,241,708,731,237,646,235,382,393,332,447,736,470,401,283,390,942,300,595,431,340,285,497,581,276,223,539,427,232,522,833,331,297,299
1965,8,413,374,429,1114,687,625,965,354,403,1127,402,542,445,367,660,747,384,451,844,481,518,445,995,475,382,399,916,429,314,514,270,643,847,712,1169,360,577,331,272,389,459,414,1085,679,531,746,361,401,926,1244,427,392,562,695,385,477,761,451,656,399,699,443,357,406,945,557,327,681,316,478,774,329,573,350,573,512,360,586,1295,862,538,1051,377,348,754,1074,384,454,564,656,389,362,526,520,537,625,920,460,377,423,751,457,304,558,352,451,562,590,717,371,572,266
1965,9,470,233,360,265,1376,244,513,220,811,490,239,214,341,1351,203,494,691,236,584,631,447,529,650,326,236,410,2410,352,288,255,671,778,529,591,798,376,352,343,388,422,208,271,367,928,304,611,284,992,566,447,512,1150,238,325,886,213,728,690,318,527,1072,423,260,455,2559,393,319,267,1405,548,557,427,395,361,584,453,227,271,278,964,280,621,209,1093,581,451,360,1164,251,475,609,229,595,1410,739,438,559,365,266,394,4552,269,299,258,952,366,1463,630,422,363,389,501
1965,10,377,214,360,265,579,482,279,279,596,467,633,225,329,317,4226,312,353,1204,385,521,471,190,976,10152,1506,199,1428,378,367,291,800,334,263,236,314,364,186,330,461,551,216,285,274,559,468,255,367,406,438,366,273,487,3848,501,392,1191,374,298,945,191,763,5072,480,216,1449,395,424,253,515,379,451,472,220,283,389,476,208,316,245,546,438,326,587,363,337,222,281,771,6877,259,360,1695,358,282,827,221,931,1173,869,188,1440,505,381,199,509,649,264,301,232,350,184,546
1965,11,777,252,563,208,1334,407,319,488,213,507,239,183,333,690,821,298,600,1667,306,201,1265,272,301,448,380,232,398,616,849,332,303,257,904,252,904,1164,438,356,888,533,345,596,236,2111,354,322,483,399,616,462,367,698,672,238,412,1815,296,193,1125,400,287,428,1356,231,801,731,567,562,620,1062,825,1477,454,480,202,280,259,347,256,1758,393,251,231,440,631,420,422,893,719,218,481,979,475,222,1055,400,351,5745,930,245,512,726,682,573,719,830,252,503,225,593,230,729
1965,12,874,260,1633,1375,1875,282,435,1228,348,1189,539,517,1096,319,415,1214,345,873,885,231,745,1360,842,512,399,1702,394,927,451,933,1455,539,581,5282,803,591,684,768,2517,773,276,1554,1601,1427,314,481,1133,504,1078,270,852,334,376,680,308,622,1128,230,740,1299,735,573,354,876,358,916,1280,958,900,258,672,607,599,720,253,1129,259,1753,1084,849,324,315,1150,408,911,313,1152,412,352,1090,303,1123,556,247,458,1223,962,769,342,2009,314,725,870,766,828,262,522,863,3767,1628,918,2433
1966,1,423,1199,459,919,678,461,292,523,397,545,796,1237,3218,307,564,479,2369,466,1614,465,494,752,899,1634,361,595,453,712,1184,637,474,2467,1465,1529,1123,1424,2011,507,730,404,880,555,851,689,388,248,724,324,530,994,2987,382,504,1140,1443,457,1407,615,485,716,762,2080,288,2039,484,583,451,722,590,232,1478,1198,2069,492,319,406,1401,479,1079,964,508,243,403,398,506,912,3147,357,519,531,1673,492,1923,1137,446,836,1013,2197,273,587,379,971,395,882,566,238,2798,1045,1462,1414,1280,789
1966,2,385,1003,1353,1151,2514,706,568,553,522,677,2844,913,1961,887,368,502,2503,628,973,1269,787,864,990,1370,383,683,1243,382,769,436,383,1018,946,2602,581,633,1407,516,763,406,2074,1281,1594,4399,821,448,740,762,643,687,1647,634,389,539,1827,709,1407,1240,912,946,1344,1874,303,655,849,373,735,377,392,931,594,716,1148,459,836,381,687,1079,1405,2635,781,624,850,698,851,779,2541,965,370,427,1771,873,2048,675,602,675,1058,1954,302,653,876,384,746,342,391,1455,836,1153,2520,780,1602,683
1966,3,491,2051,1825,2129,5872,680,545,1324,373,458,1318,1092,4772,411,459,1113,6344,1864,1700,637,528,1032,688,4700,738,609,2741,1235,538,683,845,874,1619,3534,2653,841,941,521,526,337,1775,1887,1896,5255,840,560,1466,339,435,573,4075,600,447,1046,3875,1668,1983,475,610,1590,711,5145,830,453,2036,1678,474,790,846,1142,1621,1072,918,711,722,413,2385,1867,1900,3531,451,575,1393,382,432,411,3596,520,445,1467,4741,1434,3104,451,563,951,729,6182,780,512,2050,1669,429,654,669,645,1014,2585,5176,758,833,636
1966,4,260,1738,1134,1048,2900,1003,304,872,260,313,839,633,2799,917,556,1088,2955,1160,1730,451,334,1023,521,4339,1063,764,1678,657,315,595,551,558,2887,4030,1250,488,658,348,408,291,1758,975,1103,2347,1170,296,679,296,304,655,3728,1067,623,1013,3972,1117,3386,430,364,922,588,5259,900,764,1382,548,313,563,385,345,1646,556,679,317,1037,306,1774,888,935,4792,1144,307,746,321,292,658,2549,979,575,675,3312,1071,2498,420,365,1289,499,4013,852,651,1307,890,304,580,608,345,520,1905,2550,713,689,418
1966,5,213,790,472,454,1447,424,308,347,214,256,697,332,1282,386,285,497,980,412,971,250,292,440,339,884,427,344,431,349,256,282,308,295,812,1872,459,304,360,246,276,210,703,448,479,2023,406,315,368,225,253,957,3980,348,290,458,945,397,1120,264,288,404,346,991,517,344,496,325,234,275,272,307,477,317,405,248,450,210,789,431,452,824,399,343,361,239,242,550,2654,469,374,501,1216,381,940,267,283,397,342,937,604,394,389,344,247,261,271,356,296,660,2542,381,372,305
1966,6,407,368,268,323,858,245,267,238,224,212,769,244,1692,230,307,350,521,285,528,223,242,244,324,430,230,285,291,292,219,251,220,298,366,571,304,381,296,196,213,478,368,282,313,619,230,256,240,216,214,338,850,239,270,385,577,279,540,207,251,268,331,317,241,221,282,283,220,270,213,283,300,443,262,199,533,423,340,268,292,1085,223,298,239,246,209,268,949,262,370,246,585,369,482,220,260,251,375,357,251,218,274,290,217,257,214,233,262,392,1048,523,307,216
1966,7,783,377,359,425,454,488,443,370,320,381,416,589,686,679,380,545,808,356,367,585,355,339,236,385,451,236,438,387,608,433,261,304,247,401,360,1187,703,366,435,884,381,354,409,458,497,472,370,364,380,483,572,856,485,494,502,352,362,727,362,348,234,354,512,217,382,429,646,458,280,633,421,727,657,398,870,782,427,422,399,482,474,473,348,401,370,467,569,795,440,458,860,366,405,811,433,349,239,379,530,247,411,376,515,448,264,582,291,243,458,931,704,414
1966,8,782,1005,706,714,445,603,798,1013,1216,517,815,635,675,1825,398,425,747,750,568,888,610,745,418,1119,545,790,265,390,620,604,377,671,335,462,360,1331,692,782,963,620,914,694,721,520,583,996,742,888,650,1102,640,1728,456,505,1155,751,532,1147,1075,592,430,955,691,645,310,417,573,492,372,1583,367,1451,519,516,1726,754,962,764,608,438,474,930,951,869,646,844,780,1313,389,635,821,877,520,803,583,731,481,912,583,807,268,498,726,550,417,975,565,316,549,1060,752,1082
1966,9,1707,1170,637,506,407,784,978,243,347,239,625,594,417,818,627,328,1145,422,298,521,421,572,1342,754,858,556,262,279,260,865,280,697,944,291,219,726,652,280,822,2011,1689,469,541,238,639,1092,387,651,249,558,252,1181,413,270,798,456,230,471,379,537,1438,1046,983,937,323,403,215,943,245,855,198,707,612,494,315,2458,1303,380,662,358,583,1109,330,662,304,670,232,946,538,281,970,284,286,424,629,604,495,1733,1095,553,277,454,242,1082,252,1684,1206,676,334,1042,525,412
1966,10,545,346,192,244,383,305,402,779,427,741,1101,406,289,1818,275,184,297,239,203,759,2440,792,765,803,324,792,291,394,183,1114,474,926,197,208,304,473,400,258,219,260,417,192,266,419,215,359,1003,351,570,411,278,2424,413,184,371,202,194,1209,1947,423,426,754,224,491,360,192,183,1282,278,508,284,329,1004,261,524,320,403,201,239,397,283,425,847,535,543,473,350,2369,260,190,245,220,222,551,3667,526,2007,323,263,1226,433,189,183,469,521,301,1039,279,224,509,922,222
1966,11,424,392,352,253,495,353,554,401,346,526,703,499,249,1575,266,313,353,643,205,911,1945,427,403,291,280,687,427,493,331,554,475,540,545,304,238,281,683,609,196,399,461,423,279,613,974,513,421,761,680,580,280,1625,291,266,332,681,225,569,1162,721,362,350,466,1292,319,516,314,753,635,333,510,508,238,607,472,464,499,270,248,584,1046,404,578,547,545,607,244,703,270,257,334,510,344,1140,554,675,320,693,258,407,200,414,295,1296,455,473,400,547,331,427,300,203
1966,12,635,933,1904,1228,2772,1147,305,1058,1007,335,313,350,554,2196,520,442,777,1140,658,756,1716,892,719,1222,880,270,202,1040,1465,773,295,964,387,246,470,703,462,608,1125,894,830,936,1493,2535,325,494,1412,610,291,360,486,2096,458,570,756,2408,705,651,2018,764,587,1181,826,296,201,1047,1761,541,316,460,208,356,449,720,678,901,613,1882,1136,4948,422,641,1245,428,293,328,441,2262,385,374,788,2016,682,459,2071,902,709,1417,1034,262,192,1101,1938,738,259,431,947,436,275,393,603,897
1967,1,379,945,551,1271,1142,701,1281,717,871,1833,414,887,440,1921,714,318,384,2931,545,467,3169,426,280,673,1462,257,723,1383,1335,658,1270,906,693,313,792,293,660,1890,419,382,1011,1829,979,1940,799,1976,537,914,2440,291,539,4707,806,196,442,1447,560,470,3618,419,356,1302,1393,280,733,1506,1130,948,1431,381,1013,248,487,2027,507,461,871,731,1509,859,694,1724,646,1288,2025,360,586,2644,937,302,334,1997,448,731,2256,543,292,1174,2349,254,617,1426,1728,886,971,351,1051,562,289,273,576,494
1967,2,957,1123,982,927,668,1509,2362,838,1019,1991,1164,1020,1510,9494,561,390,1022,3091,581,438,4383,587,265,1490,2457,245,293,2536,2254,941,1461,500,1231,284,698,768,919,1083,575,1009,833,1015,936,682,1488,1591,1023,969,633,633,932,6248,596,490,726,1779,540,482,3910,535,260,847,2620,258,340,1787,2179,848,1022,977,711,470,1414,1430,931,668,1033,1056,937,636,1658,1139,865,1240,1268,570,1626,6673,509,353,1074,1639,605,438,7303,457,267,1449,1308,242,434,1364,1093,768,1866,336,594,1371,265,631,1295,666
1967,3,1845,1107,1091,727,1062,5805,2124,722,961,541,791,745,820,8599,341,262,2528,1570,461,378,5142,290,548,4900,1620,305,351,9806,5040,602,522,681,1017,379,540,1275,1869,4083,1314,2492,1103,961,907,869,4057,4780,1053,954,545,402,1675,9917,396,258,2170,1814,361,376,5226,359,478,4918,2200,346,319,10438,3452,604,609,988,376,1680,1572,2687,545,2594,1120,1341,914,1071,4918,2977,1114,840,591,425,1258,8560,403,413,1884,1749,281,417,3355,296,596,3408,1741,337,446,10806,4788,695,563,1520,855,1090,397,1492,1457,1320
1967,4,1916,856,932,612,742,3017,3340,684,553,445,368,520,634,3688,478,395,1652,1520,326,271,1924,336,434,4096,1180,272,306,4657,2080,362,437,444,512,273,347,600,1278,1569,440,1707,862,813,512,611,2594,3474,567,575,477,282,505,4466,349,438,2349,2002,321,260,1279,318,768,3429,1049,312,253,6467,2147,392,480,486,384,505,1538,2224,337,1491,713,875,478,757,2788,4402,749,605,420,277,480,4440,411,521,1552,1337,299,255,1075,383,503,4958,980,262,236,4167,2008,473,441,495,500,602,267,541,1205,484
1967,5,619,545,481,638,394,860,1711,318,328,307,244,306,324,1010,235,219,500,561,262,226,793,222,323,1162,439,230,196,1956,681,279,277,776,645,336,268,296,670,587,279,586,434,442,700,389,659,1022,324,312,313,211,330,672,268,207,526,752,388,223,560,225,253,986,409,209,195,1359,670,281,282,523,231,309,536,700,343,701,468,451,660,429,760,1250,364,321,313,215,340,1088,242,206,534,702,375,218,488,227,266,1052,397,203,207,2613,542,272,284,584,878,745,319,278,621,270
1967,6,406,284,321,256,283,658,469,269,222,225,230,243,226,536,238,201,349,314,370,224,504,245,242,503,305,186,203,1035,363,237,226,347,422,207,225,218,374,374,213,355,292,265,246,357,642,422,247,221,222,220,228,432,222,192,369,451,302,224,440,251,250,475,305,188,196,911,359,252,229,247,218,214,346,378,311,368,265,286,265,375,829,542,263,229,222,217,226,577,223,191,302,475,269,220,464,298,234,470,282,187,195,1216,339,252,240,299,320,391,224,212,384,213
1967,7,300,446,433,331,443,555,279,299,261,394,335,429,507,350,309,305,517,389,380,347,644,401,345,272,431,473,400,1398,266,235,427,489,454,427,351,344,791,470,331,307,449,447,338,385,447,286,346,241,404,429,448,311,348,293,544,369,316,371,792,404,348,264,404,445,409,1216,255,215,398,721,374,363,800,484,348,298,445,436,331,439,458,282,333,233,403,423,499,287,342,287,570,340,355,400,711,351,405,293,425,463,397,1426,257,211,406,557,626,457,408,342,689,334
1967,8,411,910,870,389,330,734,448,293,306,354,1314,414,250,316,777,715,700,511,427,1207,626,520,607,267,492,378,608,1208,344,299,293,573,733,611,492,841,1251,396,394,442,1062,804,354,359,642,449,295,258,318,574,297,383,829,773,456,482,376,1755,524,620,454,245,582,473,1052,888,309,395,341,693,536,1411,1411,510,958,444,1028,984,480,358,739,417,308,286,316,695,339,328,555,578,533,364,500,1312,527,599,351,233,505,455,624,1066,307,314,348,632,535,499,607,823,1130,444
1967,9,825,1328,1035,310,579,1180,452,631,280,185,1159,780,217,333,280,1067,206,320,390,681,314,241,1311,300,357,1186,282,568,285,273,438,240,808,361,407,727,1076,463,430,996,1238,1020,317,837,1742,474,778,274,188,704,282,533,566,954,218,238,359,443,655,207,1068,302,450,1205,237,809,329,218,495,695,392,354,603,379,776,1323,1099,877,309,859,1883,435,572,273,209,670,292,312,720,802,256,299,295,664,600,300,1040,298,531,971,411,1019,355,252,266,1315,257,1148,416,914,816,420
1967,10,275,447,671,318,236,520,240,510,243,459,506,270,272,828,1078,667,193,197,1124,297,1558,392,367,185,671,893,379,249,588,2734,962,382,293,576,459,222,234,312,217,267,328,442,365,196,439,231,468,254,339,322,220,593,561,537,185,198,1502,769,812,476,237,199,461,1440,312,264,489,4614,1024,349,551,653,210,527,314,335,604,396,231,198,491,214,309,238,443,244,215,786,816,388,195,208,1287,551,1190,393,386,196,450,1669,224,276,468,1074,1616,460,291,410,780,218,234,239
1967,11,415,415,641,287,313,599,309,282,1994,715,1553,1844,205,706,246,309,431,341,797,881,358,669,222,253,502,538,287,296,289,2043,1256,205,545,191,425,772,209,675,339,500,512,825,410,236,846,297,215,1914,881,469,209,725,408,260,429,298,535,460,585,580,217,226,474,427,278,402,354,714,782,563,301,463,203,399,351,427,411,1241,353,269,693,303,342,2032,641,376,223,677,328,478,446,390,370,345,348,594,226,240,385,559,361,430,328,3778,1158,377,305,283,202,998,210,352
1967,12,2902,444,1171,234,789,981,306,669,1084,220,422,550,221,1159,392,950,380,1350,498,314,278,470,211,203,522,1748,206,337,390,8358,287,1396,1647,2609,1641,402,312,337,514,1226,281,967,283,807,714,297,802,1136,225,372,244,1789,567,877,318,1242,347,343,264,404,195,213,484,1357,237,278,349,7061,604,586,1891,964,301,498,760,2574,468,973,293,979,815,275,986,1561,229,363,216,1748,383,1036,353,1190,481,588,259,299,202,191,578,1288,211,256,258,4875,302,627,1225,1773,3034,458,309,297
1968,1,648,773,671,694,954,864,442,1133,1076,709,627,456,820,1705,1644,1219,766,722,2040,433,268,1573,466,245,827,579,317,666,212,13373,884,1152,1986,2280,672,905,281,348,787,3918,676,952,772,958,688,983,692,685,632,3342,431,539,1026,1269,1452,624,1883,588,282,1995,643,258,628,709,276,938,229,15947,635,552,561,895,285,335,708,755,577,1114,670,1219,545,996,1014,757,614,3297,727,762,1020,1090,1113,597,2423,532,267,2490,733,223,889,690,325,582,315,16048,714,523,1633,1633,2963,1287,325,1182
1968,2,778,514,1357,367,831,720,1155,399,1608,750,1092,442,322,592,953,946,1401,1074,1189,1183,285,2716,1688,1082,1094,1054,353,1824,499,19166,857,1237,933,2509,615,628,240,322,708,621,506,662,311,787,865,612,733,2369,816,3957,680,449,1758,684,961,2041,914,785,290,1766,1340,1122,1470,1123,237,1007,517,11762,1352,698,642,1174,251,361,411,779,605,1073,428,585,989,404,456,2013,658,3489,385,481,2061,683,987,2799,655,1210,263,2002,1585,911,668,910,371,1028,508,12260,1262,978,730,1060,2248,746,257,596
1968,3,614,1914,1613,913,1368,1866,779,2290,1333,1197,768,356,878,1049,1827,613,2163,2018,1011,1357,232,2361,810,256,1279,720,306,2020,1207,11816,834,2235,789,2054,567,925,865,479,436,528,2080,2242,764,1582,1146,879,2426,1346,855,5430,1329,926,1479,560,2197,1218,1164,1274,227,2245,895,259,1531,626,422,2494,1664,14662,687,1086,507,605,1394,457,393,631,2261,1593,758,2112,1463,811,1825,1404,934,5821,1002,1125,1529,625,1879,1118,1873,873,227,2736,674,269,1819,688,323,2306,1611,10956,790,688,2287,722,1786,666,1001,408
1968,4,999,1574,1182,421,1159,1061,581,2689,789,595,533,344,498,629,1100,515,963,1608,1301,1437,558,3252,630,254,1206,380,212,1560,500,7460,430,2764,454,1126,479,498,1172,543,341,886,1294,1066,686,1120,1423,367,3781,658,1044,6266,454,530,897,632,735,768,1080,1087,653,2165,502,253,864,372,214,1485,378,9633,434,564,477,402,638,490,279,925,1225,957,415,980,2403,383,2442,575,882,4899,523,582,1208,656,1049,901,779,1651,625,1856,506,246,971,390,211,2297,369,11220,472,387,2436,568,1191,416,887,450
1968,5,682,678,553,231,456,955,243,1291,445,282,300,376,241,360,465,372,378,691,380,835,285,939,271,248,561,330,286,821,327,4211,311,1368,346,483,446,307,874,226,222,713,1003,482,254,472,1127,238,1251,456,308,2473,255,308,414,303,367,521,397,1081,312,831,260,248,456,327,204,759,307,3025,298,267,407,319,1075,222,213,645,652,458,233,433,696,226,1580,404,344,1950,252,325,493,378,387,627,347,627,309,878,261,232,502,325,299,767,281,4985,302,276,1954,319,596,305,973,229
1968,6,293,379,298,205,258,478,215,337,302,233,256,214,204,286,266,225,295,347,249,349,273,459,321,194,340,272,180,333,273,1843,238,677,226,363,244,221,456,194,218,251,394,318,218,246,523,213,395,312,235,613,223,259,249,235,284,329,242,323,247,441,289,193,283,245,308,343,305,1380,235,288,292,227,654,193,262,296,573,297,226,253,435,211,437,284,225,579,206,246,259,224,291,381,244,411,255,425,310,215,354,303,182,306,281,1812,246,273,569,230,301,220,1226,209
1968,7,328,376,303,333,582,523,273,370,328,557,670,309,283,369,434,241,293,484,364,401,392,299,368,347,394,667,429,401,515,536,423,451,543,430,463,370,753,313,392,307,352,294,307,487,521,293,365,333,583,465,335,359,448,241,289,490,293,344,360,317,399,310,362,773,417,360,476,528,366,290,478,384,490,330,373,311,410,305,322,518,466,269,361,365,649,433,363,320,376,261,292,518,294,390,396,314,371,321,390,655,370,305,570,533,419,286,439,505,457,399,400,459
1968,8,559,436,788,379,563,499,864,441,369,938,588,618,535,440,1054,356,285,385,417,754,439,306,406,999,520,576,992,407,1030,971,923,380,760,698,354,345,412,1539,724,491,396,664,329,757,418,482,482,347,1018,446,486,593,838,307,282,400,379,611,445,312,430,904,491,441,1254,389,1695,774,825,464,390,319,497,842,438,565,367,788,307,808,552,529,692,292,1185,538,411,683,654,417,303,431,406,825,437,290,285,1154,468,500,984,533,1310,813,713,598,426,779,727,380,496,606
1968,9,837,234,720,253,1097,244,331,435,197,436,548,807,1503,343,812,201,524,343,226,317,1148,246,305,713,252,364,502,406,792,1215,547,472,723,393,254,745,362,732,521,520,321,1269,266,754,234,995,501,198,489,334,882,227,716,219,356,382,217,304,720,233,351,855,231,370,349,426,797,1267,819,404,257,571,411,850,542,529,254,922,230,1291,226,353,386,231,332,581,1160,248,857,223,357,392,214,222,723,240,501,533,220,327,606,385,972,1174,996,382,525,877,351,785,515,453
1968,10,1010,271,216,290,222,310,1020,332,4078,201,1282,291,622,322,714,643,181,551,309,193,441,259,444,433,239,264,480,287,875,690,445,987,380,263,236,207,305,227,556,906,237,217,386,436,304,638,492,4765,198,489,1549,581,618,592,180,763,276,200,485,538,341,855,316,220,1014,343,1266,776,239,256,385,198,350,230,269,833,228,300,368,218,449,1254,490,5904,197,206,698,428,524,287,203,827,230,212,404,244,334,356,261,252,1071,300,1007,758,431,228,619,609,262,212,365,694
1968,11,1149,665,340,361,198,490,1136,626,860,308,291,291,2441,713,1204,239,522,2701,818,374,568,4177,327,892,208,301,992,183,1390,561,403,826,319,503,332,238,809,744,432,726,771,349,363,201,504,955,806,1640,401,481,2301,498,842,416,526,5446,937,371,559,1761,252,405,181,346,472,190,624,1185,682,210,225,218,811,1215,378,1335,751,327,241,203,524,1286,629,724,238,450,1790,690,979,823,696,2339,711,384,497,2009,414,964,181,256,300,185,677,1707,498,185,1061,217,501,231,420,457
1968,12,1275,442,1365,286,236,325,1604,638,2109,1241,663,199,940,462,1232,443,241,2092,355,2359,523,375,1239,336,193,1229,319,204,524,1127,695,1656,352,440,1000,342,382,441,268,1975,445,2169,280,200,219,1363,543,3914,1148,460,765,508,1231,236,235,1272,374,2192,532,428,1041,354,224,1445,237,231,479,409,852,310,1175,417,384,332,379,1646,305,1510,430,212,213,1397,498,2466,919,652,614,535,1271,207,201,1973,478,1079,500,771,1188,302,198,1321,229,210,450,484,773,271,1820,340,329,407,783,256
1969,1,1634,758,1054,325,195,3000,608,364,3468,1287,701,565,1249,470,536,1288,234,2609,227,1142,355,455,520,253,505,1538,360,826,458,461,989,894,396,1069,766,502,1397,785,223,2421,793,614,310,204,2829,556,396,3750,1280,2114,985,411,545,1336,224,1661,229,860,330,430,642,253,444,1022,318,912,362,402,851,381,539,529,1345,983,262,2979,699,733,253,206,2917,621,379,3385,2250,3552,1566,343,476,1431,274,4537,226,3244,323,550,522,244,305,1590,284,827,416,471,962,556,869,379,559,607,1285,232
1969,2,4859,630,1311,650,200,1619,931,517,3579,4112,805,280,3218,529,382,655,584,3176,290,2596,1054,1236,344,852,517,1040,1408,391,341,779,1076,2186,896,383,541,359,732,419,215,5214,425,1120,646,199,2342,663,573,3021,4879,2876,2758,311,396,672,374,2961,251,1716,1559,1259,421,548,609,1401,980,337,378,684,1167,3101,794,441,653,374,246,4689,851,1154,584,199,2215,655,591,3946,5019,1933,1574,519,390,810,650,2552,222,1652,872,1301,477,807,851,712,1178,291,321,758,1101,1914,1031,883,780,377,672,223
1969,3,3370,442,2576,1071,222,4986,1886,1785,2429,11748,696,1491,3370,287,333,941,220,3582,733,3849,797,591,827,1202,857,733,1055,413,956,1304,1194,2528,1249,369,326,254,1584,286,236,2626,727,1388,1235,272,3491,1453,1511,1612,10694,3612,3736,330,323,922,324,2656,593,3903,477,576,958,1855,575,943,870,544,953,1317,1222,1106,305,238,1241,295,205,2750,432,2338,1252,215,3570,1366,1115,2377,9721,2529,3578,270,326,587,227,2787,725,3420,884,805,900,1487,585,714,773,412,791,2117,1086,1243,4201,1110,299,231,2010,258
1969,4,2774,441,1040,439,212,3070,832,584,1111,6434,599,461,1407,228,283,416,277,2592,265,1602,500,352,675,550,372,463,1172,792,507,1036,789,1879,1744,407,613,239,1822,499,203,3336,391,1375,453,185,2846,687,692,585,7007,1459,1006,220,286,379,321,2293,252,2171,451,400,387,672,366,494,1945,555,442,878,647,714,652,253,1382,609,193,3173,385,1074,434,186,3753,1173,870,957,7346,2326,1469,228,294,421,268,2144,274,1551,444,462,411,639,364,406,1754,932,420,935,921,696,3370,1413,393,285,1886,201
1969,5,1371,239,475,358,179,784,400,481,642,1830,291,303,534,203,303,436,214,940,218,856,276,270,256,276,315,298,1123,389,321,580,357,1070,695,225,265,227,768,470,187,1427,244,537,345,181,1105,361,416,501,1507,649,470,200,307,529,227,722,205,1103,297,279,279,299,319,309,512,369,401,435,355,366,304,239,899,439,192,1087,233,436,348,180,1293,399,422,708,1588,751,451,207,280,544,226,755,228,1434,264,319,275,319,295,281,711,237,344,382,409,387,1171,955,222,215,783,188
1969,6,591,220,324,518,182,396,299,461,258,746,242,272,303,230,207,401,183,449,238,1377,212,238,202,230,215,213,274,203,284,489,288,421,475,222,217,207,332,214,221,549,253,307,607,179,574,257,320,299,734,449,295,228,213,244,182,378,261,1536,230,242,205,242,210,220,250,205,227,670,276,288,215,194,305,222,266,492,258,329,470,183,558,283,330,268,883,345,290,230,213,271,185,477,241,915,231,251,204,233,209,212,282,200,270,612,293,289,508,712,214,209,334,253
1969,7,421,483,395,402,341,427,454,407,403,424,265,254,642,374,631,642,281,287,370,535,348,301,376,268,423,352,233,292,362,517,444,346,461,287,394,284,450,312,529,471,440,373,471,335,376,412,429,374,485,752,625,345,683,576,290,440,289,489,369,356,405,336,431,365,224,281,371,524,458,387,390,290,462,361,550,452,420,350,560,339,427,325,391,387,457,649,619,309,617,543,300,373,349,592,346,282,377,328,448,338,225,286,373,588,493,342,339,394,305,318,439,514
1969,8,748,753,560,777,439,453,1057,585,246,1053,608,270,371,596,699,372,497,751,524,528,296,325,1163,502,509,655,268,740,1456,834,616,603,409,645,487,478,657,643,1495,575,850,737,899,380,440,923,560,281,1173,1048,426,783,773,380,494,1000,398,396,257,337,1289,347,521,566,293,667,1036,617,676,916,534,482,479,477,878,680,827,701,977,361,459,1112,610,262,1431,1109,312,518,810,503,399,750,467,475,271,339,984,392,511,624,267,752,830,654,667,1545,535,394,627,563,612,1243
1969,9,209,718,477,795,172,1191,651,401,624,939,865,249,480,205,583,415,662,384,345,215,320,215,517,1157,205,311,578,1163,488,797,955,959,221,395,879,496,314,950,1524,258,500,455,656,173,1437,706,387,295,602,848,421,199,535,421,575,287,338,245,286,194,418,1403,221,486,498,435,374,600,1097,720,618,506,457,827,431,208,792,674,693,195,1567,614,435,709,514,828,442,255,454,434,595,417,405,248,278,186,550,1455,251,488,463,1371,457,629,916,524,838,206,406,367,468,1082
1969,10,187,269,1432,227,188,5749,317,321,269,383,771,265,504,292,612,218,2278,205,220,314,538,598,261,559,359,308,1527,245,343,224,246,239,1141,354,1612,476,475,343,541,185,202,1345,218,174,5175,306,324,704,351,259,531,292,320,194,1414,226,227,215,372,558,223,396,502,227,954,844,362,211,324,678,2064,683,424,245,434,186,204,905,218,185,4926,440,458,221,282,220,577,282,437,195,1817,220,289,280,496,587,343,436,356,267,735,286,358,215,374,556,322,674,441,1105,465,304
1969,11,222,470,1078,224,168,484,590,770,222,793,684,577,928,341,204,512,368,185,313,403,2211,962,504,819,441,361,347,270,233,213,338,402,270,186,671,375,1577,341,330,223,461,736,265,186,565,425,644,219,697,334,978,283,538,461,868,186,625,762,2402,1112,434,557,222,558,881,260,252,226,230,230,538,211,1891,527,591,279,435,1406,222,168,492,567,584,223,300,287,335,255,379,506,350,186,663,413,2059,669,246,607,371,527,1591,278,351,229,280,307,300,557,188,346,422,720
1969,12,1338,1110,625,743,169,880,913,264,803,308,727,501,687,1608,2403,696,401,249,723,362,406,362,222,1216,983,1080,2016,534,694,595,443,207,1614,254,2263,913,411,906,1034,955,1013,1297,1491,171,962,1043,381,693,348,633,622,1799,3213,674,587,269,263,237,519,423,282,1311,1129,1002,2423,751,549,599,592,318,2917,777,409,776,456,874,1165,619,2000,169,951,821,369,706,731,772,1229,1652,3170,696,399,222,334,365,405,584,539,1351,1012,898,2540,643,373,325,543,282,230,1513,253,1249,1494,740
1970,1,891,2360,902,2887,560,967,979,307,1196,4443,927,247,422,569,2532,491,587,267,1082,993,1171,296,866,2612,395,1080,2252,463,1349,255,595,283,945,752,2732,1666,1172,3524,420,1839,2438,957,1275,575,1396,994,260,1217,6821,560,411,548,1324,631,989,446,1248,1072,1325,325,933,1956,397,726,3645,399,1376,292,1025,245,4569,1076,1090,2706,350,2583,2039,1073,1255,530,1310,996,240,1985,6614,472,374,678,1872,523,839,324,1255,883,1231,322,799,2749,355,840,3526,431,1615,493,1196,260,259,1007,811,1283,1167,633
1970,2,2327,3236,1059,1444,596,4987,483,343,1137,6612,477,595,333,524,5661,311,2727,1049,698,570,1265,841,291,4832,546,716,2512,438,394,762,1800,309,3339,229,4568,476,525,1536,999,894,2793,845,1397,379,3650,457,498,1152,6992,590,318,674,5139,278,4208,878,595,597,1116,954,280,3597,540,1276,2589,704,382,1479,741,213,6272,882,662,1431,778,701,2575,713,1280,588,2757,492,644,390,5029,545,355,471,8022,311,3669,877,867,589,1679,724,315,3332,454,784,3024,764,500,1368,929,215,256,3548,267,592,532,691
1970,3,1590,3606,905,3656,331,3393,471,385,909,5423,717,574,779,661,7524,293,3761,1103,509,391,2437,324,829,1717,1849,626,1678,1092,524,1977,453,202,4734,1988,5388,640,472,1264,1176,1604,3057,1047,2937,408,4722,544,303,931,5238,497,1118,559,9027,300,4853,1168,516,469,2636,311,661,1953,2999,745,1704,894,645,1481,655,401,4174,667,544,1687,949,1292,3078,1155,2624,419,4953,481,271,730,5434,469,955,680,9927,326,3523,749,440,451,1677,308,846,1632,1956,641,1591,869,582,1833,511,308,198,4961,1333,669,485,1698
1970,4,930,1206,675,1938,1008,1590,318,245,456,3931,465,303,688,424,4858,224,6750,349,1753,261,2128,240,341,564,1179,464,1616,871,456,1548,407,251,1657,361,2938,432,523,913,962,916,1098,725,3563,989,1811,383,272,471,2735,363,675,459,4086,225,2740,405,1495,281,2552,259,382,624,1219,496,1840,885,456,1211,352,323,2493,548,500,904,746,651,1157,783,3126,933,1918,330,261,433,3276,335,827,501,3437,231,6470,607,1318,258,1531,244,361,667,1497,488,920,562,439,1716,470,586,232,1391,624,574,474,661
1970,5,486,642,398,913,307,561,503,210,275,2106,288,215,395,305,1371,203,1476,256,1272,277,1322,208,254,392,426,304,723,581,236,836,260,253,913,504,1508,343,264,371,390,438,621,376,811,667,555,507,210,277,1163,232,403,299,1823,207,2847,273,909,297,1157,213,221,364,484,309,676,421,249,1635,288,268,1389,335,270,356,304,356,576,419,728,337,575,469,207,267,1896,219,376,317,1240,207,1235,265,855,336,1747,208,266,383,521,303,658,578,248,1069,270,212,294,757,485,364,329,335
1970,6,303,397,295,407,356,369,223,215,225,820,254,195,384,219,595,218,504,342,480,223,417,213,203,252,273,222,356,339,203,812,248,256,416,225,418,268,217,239,305,280,363,273,412,240,368,226,206,217,518,226,413,216,840,204,544,404,349,251,396,210,241,262,316,219,347,376,210,403,260,224,441,307,227,241,255,294,335,317,387,233,386,233,201,226,818,214,324,215,940,220,515,392,527,199,441,210,218,255,274,219,322,471,215,499,238,224,253,511,330,297,225,278
1970,7,703,351,328,257,265,466,372,320,267,519,321,368,792,508,403,332,443,391,481,278,478,406,792,521,734,428,261,349,412,370,351,353,348,337,380,484,408,334,503,554,366,363,250,268,450,387,296,263,384,329,884,457,590,309,421,405,322,278,440,438,721,489,855,442,262,356,449,315,333,385,357,454,360,348,377,727,370,300,246,251,463,371,297,235,630,309,1062,473,504,307,397,515,407,326,481,399,642,485,503,409,274,340,421,296,322,392,327,366,355,520,378,542
1970,8,809,360,472,373,510,587,364,317,371,1535,689,679,715,441,705,746,599,374,441,368,1427,737,682,1043,980,519,1296,582,548,363,557,482,309,705,770,941,427,710,654,908,353,610,374,529,808,355,359,309,2516,300,670,467,423,636,596,440,450,376,1540,563,927,685,1086,577,1172,735,508,383,662,455,955,1117,429,566,335,816,330,480,379,684,694,495,358,357,1949,343,677,453,507,918,567,499,406,424,1172,880,773,743,1469,624,1335,815,596,356,711,404,518,347,930,944,359,802
1970,9,708,195,321,606,578,1063,407,270,549,1266,1966,315,1557,351,246,385,1579,192,561,375,789,1002,513,598,780,314,1047,664,588,243,217,393,713,1837,854,205,800,845,554,720,183,277,266,909,839,450,343,308,803,331,3205,839,277,288,416,230,469,636,1198,1135,433,530,1019,558,856,578,578,212,281,314,910,303,473,372,275,792,185,244,459,571,1132,497,255,786,1012,279,2165,848,257,380,867,197,765,697,881,1304,507,532,854,448,1421,686,581,239,452,236,395,538,997,208,429,368
1970,10,1002,217,593,909,390,274,183,945,288,276,822,205,2246,670,498,202,477,201,194,832,1033,329,250,694,596,445,813,1077,432,308,199,450,225,424,1464,878,189,830,5353,853,215,752,1472,414,307,181,668,607,466,188,1849,223,322,259,1671,190,196,612,819,305,414,683,380,214,786,1532,706,328,198,787,1718,1655,218,1501,362,1040,269,563,1786,402,257,222,706,346,403,178,1850,228,478,206,726,212,194,438,871,435,425,519,439,318,616,598,561,280,198,760,368,251,435,1600,259,1052
1970,11,327,237,1738,1740,921,379,258,837,306,504,861,646,3632,516,314,217,377,233,203,218,385,471,744,528,233,789,538,1894,807,309,203,667,336,1084,1854,866,262,794,688,732,320,545,955,999,329,344,782,319,823,263,2366,852,413,205,265,285,248,361,661,471,506,759,270,509,374,934,448,473,237,397,783,482,225,434,1029,360,314,1794,350,592,385,214,1029,304,788,257,2353,275,239,186,249,236,333,560,461,359,503,861,323,750,790,2267,702,419,193,390,628,329,1139,480,268,6402
1970,12,820,468,1654,465,479,548,1435,952,613,525,392,859,999,1476,1040,1610,551,413,392,275,301,703,2966,624,469,455,1376,523,714,2748,277,218,250,646,1536,361,1606,449,408,1041,333,2082,323,421,660,1718,1146,939,493,349,1219,1184,1058,1453,644,385,266,498,323,696,2967,505,383,774,1506,518,685,2880,222,319,2468,335,1566,564,453,756,293,683,595,546,502,1982,894,787,409,286,1295,2552,870,1601,554,371,415,615,348,1060,4378,786,370,346,951,562,806,2436,284,468,236,205,540,400,2098,461
1971,1,380,1022,2186,892,294,1565,960,1474,1045,491,526,829,599,874,580,1300,1170,957,452,3408,403,864,2310,723,1126,1200,578,435,1117,810,626,233,616,695,2050,1680,434,577,1004,389,524,2547,820,330,1186,997,1200,891,481,1348,713,863,492,1246,1635,807,365,3172,667,468,2320,659,1153,1210,505,407,1139,936,619,627,2676,2184,332,671,833,459,729,2788,699,338,992,906,888,569,468,1612,624,974,681,1508,1779,827,337,3404,790,610,2014,611,835,1243,528,419,1223,1339,645,773,236,551,606,1716,333,1265
1971,2,944,394,4657,831,622,1023,1095,907,512,610,409,572,638,947,737,2701,1428,521,269,1705,1385,344,2165,329,1489,2624,1669,671,1633,3709,1589,432,256,946,2329,762,2990,517,2286,1019,892,3126,1062,646,1919,1061,902,593,574,1265,744,1184,872,2570,860,948,329,2152,666,824,1825,351,1131,1754,1107,608,1112,2103,2489,1360,2149,608,2189,371,768,963,476,2007,758,805,2245,977,1435,993,540,835,639,761,573,1373,780,921,482,2448,1035,517,1394,347,1278,1512,1666,686,1367,2431,2603,1085,604,233,1320,759,1716,2531
1971,3,794,494,2684,3263,1517,1777,1551,627,726,421,597,518,1656,1918,3327,3531,934,1087,672,1581,849,933,4992,1728,1408,2241,1229,1926,1503,4128,3792,2042,1096,546,2117,2296,681,357,6860,721,536,4181,4599,1623,1109,2241,616,687,422,1206,1254,4503,3614,5022,772,724,680,2654,915,978,4620,1807,1073,3194,1484,1470,1154,6722,1729,635,3096,1162,1003,475,494,942,440,2816,4951,1652,1075,2589,591,940,473,1310,1631,2434,3563,2903,672,837,777,2929,718,971,6377,1724,1427,3831,1503,1819,1221,6302,2934,787,2598,1552,522,1292,1344,6031
1971,4,909,324,1981,2989,847,857,1850,448,744,347,580,442,1270,3884,1257,2383,707,416,326,1165,545,1670,3203,861,714,1363,640,1472,887,1542,2169,818,1066,833,1849,763,453,358,4439,1090,247,1722,1910,863,874,1617,433,685,386,728,2668,2302,1550,2025,784,392,256,1365,533,1419,2908,809,745,1396,747,1461,1059,2096,2203,457,2793,1363,462,366,324,741,250,1523,1837,991,745,2558,433,531,440,612,1390,1747,2015,2969,714,378,256,1647,521,1363,2352,1434,722,1322,803,1279,924,1583,2000,502,1178,424,672,1270,569,5652
1971,5,312,232,638,625,313,423,520,288,339,257,262,299,410,668,503,642,503,247,274,475,328,484,843,419,397,674,381,441,396,609,825,445,287,764,909,2113,391,360,1060,396,232,663,591,315,421,489,276,345,257,314,566,530,516,733,389,244,301,598,320,627,885,416,364,527,429,398,454,786,1179,760,1329,807,320,436,239,337,223,688,582,323,409,578,290,317,268,316,427,620,580,649,465,237,309,804,350,510,987,427,358,535,430,503,408,713,1203,1285,383,257,894,1832,401,1345
1971,6,334,207,551,299,239,343,317,234,275,202,229,214,269,368,323,287,298,203,329,374,283,281,613,265,292,342,261,257,283,499,500,332,214,305,388,498,226,208,382,461,258,470,291,247,314,292,220,267,203,338,311,334,364,311,403,197,211,369,236,295,550,273,256,416,294,276,303,502,585,681,478,1141,256,212,204,315,230,395,280,247,318,310,229,262,202,267,261,346,353,307,305,202,209,441,257,326,493,262,263,333,275,287,300,475,753,318,276,220,281,448,270,423
1971,7,423,524,400,813,432,398,352,630,385,598,474,411,418,351,420,310,367,273,487,820,916,442,552,303,373,302,794,391,316,427,542,593,351,265,448,449,453,312,442,433,586,377,808,389,395,301,546,350,618,504,397,336,441,413,316,301,441,868,881,409,520,299,399,297,804,400,316,397,744,563,394,434,392,317,411,407,558,388,821,459,453,376,595,334,608,597,365,386,382,401,321,319,462,853,690,399,755,302,351,311,757,386,323,342,600,586,561,341,275,538,474,444
1971,8,1708,688,316,837,778,818,582,504,512,657,365,647,419,505,1181,469,267,700,827,738,975,533,428,625,793,1707,1675,444,476,436,1600,672,560,419,539,433,1419,1559,1121,1062,649,464,545,659,829,748,428,513,662,513,366,500,883,369,283,918,688,593,1004,591,478,519,666,1266,1373,424,446,381,1830,678,691,484,2047,1090,730,1419,507,377,623,668,763,468,503,452,647,371,419,643,1132,332,244,999,665,471,1169,514,428,677,733,1358,1339,444,496,493,1059,664,627,538,476,510,1370,1557
1971,9,516,230,341,728,479,350,617,310,410,338,718,302,626,448,279,221,402,959,889,289,423,200,690,384,365,622,395,396,991,275,3077,1345,317,343,574,296,899,398,822,560,259,357,700,525,343,469,437,497,301,925,596,406,423,194,300,889,1108,261,348,249,484,300,329,908,631,416,758,272,1754,370,597,336,786,799,336,516,294,347,1120,428,436,512,299,430,270,747,649,385,271,212,292,881,935,354,407,213,579,275,417,613,812,292,698,399,1954,381,1754,226,304,257,805,1034
1971,10,228,196,3939,436,2739,647,278,2081,207,755,420,230,239,431,198,552,287,331,310,367,255,267,4464,241,247,274,1022,299,750,207,569,882,186,476,220,272,285,199,284,255,186,1007,496,3292,478,443,2003,191,419,769,261,323,193,841,300,247,447,323,417,305,2425,266,229,227,1000,302,1135,285,1006,245,247,312,257,234,1878,213,190,4363,295,2080,381,410,3737,184,427,717,237,475,196,903,264,448,451,337,321,220,3177,247,209,236,986,533,844,200,834,233,781,180,1654,283,279,454
1971,11,390,457,576,470,472,266,495,820,409,209,2897,901,393,664,348,784,245,817,474,438,399,395,760,362,228,350,242,317,1367,303,921,3100,1370,1224,331,203,240,346,646,410,394,3634,584,566,345,353,766,288,279,612,512,296,290,291,418,817,289,266,227,255,2776,375,256,411,264,232,1136,339,824,200,260,186,315,367,1546,436,333,525,342,1320,469,326,742,402,333,366,589,589,340,677,361,931,404,476,273,308,816,363,295,310,254,200,1420,342,718,210,2985,931,388,187,287,534
1971,12,3696,352,748,1906,1031,1535,281,361,188,671,745,860,1631,228,222,309,454,413,1010,217,930,361,775,342,595,1282,7956,1092,1768,1291,979,805,712,364,615,292,523,385,446,2102,355,720,2237,1062,1889,547,361,287,809,369,1605,600,232,703,246,484,856,421,782,250,629,353,1252,1163,4223,897,1989,1211,1181,614,582,257,1053,518,1424,2613,502,745,2061,870,2033,486,333,185,513,524,1432,222,211,261,270,291,760,228,884,456,1041,368,630,1344,1877,920,1625,1571,959,394,658,1827,258,252,1282,553
1972,1,2385,359,2189,794,496,1308,485,378,219,364,1328,1066,635,778,301,373,592,783,606,477,689,1002,981,338,1679,822,2701,424,1815,586,789,818,1694,269,255,199,1660,493,915,5993,279,3118,1745,800,1477,574,369,204,355,476,633,932,264,277,809,840,835,374,723,593,1277,297,748,620,2126,505,1879,919,857,1699,250,209,777,468,3179,2157,349,2571,1750,717,1937,652,344,221,339,484,851,564,318,329,1080,809,964,448,511,741,1459,362,2137,708,8412,513,1825,386,868,1935,635,392,231,235,755,948
1972,2,5940,292,1904,3361,1045,1651,1375,1959,230,488,1664,861,679,893,274,656,1560,348,793,866,1176,763,3333,258,384,437,2023,404,2197,687,985,845,1343,282,254,492,412,1663,2107,4248,322,3025,2395,1345,2985,1165,1489,396,429,401,677,970,286,651,1928,332,728,968,1062,1456,2708,276,697,486,4864,328,1935,610,1178,1116,366,453,530,2241,22537,7904,278,2063,2007,1364,1863,792,1642,570,535,542,500,1383,334,645,1557,367,569,736,1449,1102,2563,237,752,575,2423,316,2152,514,1141,752,818,1299,253,350,494,1696
1972,3,4233,216,1848,2617,1140,8604,619,983,395,373,2959,1874,466,3326,472,1234,1209,481,722,1750,1460,1136,3205,568,506,1793,923,1434,1251,705,1252,589,2877,333,261,1544,488,619,1296,4379,220,1774,1789,975,5533,498,946,263,418,491,444,2885,481,1368,942,390,573,1273,1271,1056,3974,824,347,1158,1661,1127,1153,700,1145,927,226,1465,425,788,9482,3419,218,1576,2397,1140,12501,602,1167,197,295,411,508,3163,394,981,900,384,548,1938,1293,1578,2374,788,374,1509,933,1002,1302,862,1167,974,651,2842,351,1484,509,1262
1972,4,2178,198,1147,1289,618,7246,332,634,243,236,2725,937,482,3118,441,513,722,388,489,729,546,1033,1191,291,440,656,468,428,572,481,603,472,2560,329,211,494,301,394,1092,2005,193,1041,1038,737,8631,398,548,210,238,326,544,4647,591,579,649,423,477,702,500,870,1455,254,391,873,635,448,621,613,590,793,213,496,307,394,10387,2157,200,914,1026,562,4402,375,517,207,240,282,393,3924,726,878,634,484,433,504,581,857,1187,276,445,742,511,419,591,530,717,913,482,2377,355,502,313,1364
1972,5,642,200,605,462,330,2254,242,346,183,207,629,456,298,1033,365,286,377,485,278,304,295,493,611,366,364,513,549,288,444,395,340,309,603,218,204,242,255,260,581,742,192,625,475,354,2226,253,315,192,213,220,284,1107,331,286,415,434,316,328,308,473,776,304,302,426,510,279,419,364,327,445,202,244,229,263,3783,956,193,561,439,349,2254,250,328,195,206,229,303,910,226,280,390,495,290,315,306,495,768,292,376,553,510,271,414,379,309,494,294,613,210,283,254,578
1972,6,351,192,366,271,274,940,225,237,180,320,314,382,216,486,335,225,272,252,213,265,261,255,304,194,206,267,248,220,270,319,234,302,427,211,196,230,205,207,339,431,193,528,273,255,1126,218,233,179,384,407,227,488,294,229,280,377,219,248,258,291,319,201,206,258,285,235,277,381,230,234,198,219,221,210,2082,408,204,358,305,255,832,223,244,179,318,377,229,418,307,224,251,329,219,250,230,262,330,195,215,298,274,254,269,331,235,243,225,381,208,225,203,332
1972,7,460,526,610,316,341,668,595,329,266,452,499,757,273,533,408,390,236,311,295,561,346,264,337,390,263,279,455,270,337,427,282,407,486,276,497,465,254,481,551,396,415,602,312,375,641,621,434,253,497,826,302,598,439,382,224,328,270,665,360,265,311,382,256,282,475,263,354,393,253,335,477,417,279,437,770,398,438,670,319,379,614,595,471,257,461,744,262,587,378,361,245,302,311,543,418,267,340,422,258,289,441,268,337,424,287,363,516,529,269,492,245,566
1972,8,341,335,446,1351,715,1624,1786,1141,918,956,566,1510,976,418,929,269,429,705,497,1723,650,310,419,451,503,331,536,360,446,438,736,798,930,574,524,544,345,520,586,472,526,388,1438,735,1262,1717,829,1315,934,1832,832,428,777,256,434,649,395,1068,656,296,355,601,418,302,667,357,386,417,759,397,633,492,354,547,870,392,412,429,1062,787,1299,1352,754,1010,933,2187,716,387,749,328,386,754,512,1151,616,291,360,423,339,336,610,365,406,421,713,441,747,1330,659,555,529,475
1972,9,470,395,221,2187,1023,498,830,1079,688,1601,385,393,323,1095,505,346,389,426,255,750,378,346,225,325,543,630,509,340,548,335,232,279,416,424,439,569,1282,397,307,540,274,199,1686,910,626,1222,984,414,1306,696,239,789,390,315,355,511,268,844,417,332,257,199,272,724,486,475,585,383,548,930,425,387,1293,395,1181,563,293,193,1625,845,526,1428,797,774,1272,754,423,816,555,312,336,305,260,612,352,228,216,308,552,639,437,450,716,374,230,606,330,490,456,409,889,284
1972,10,455,327,361,408,296,445,563,213,601,281,394,642,193,288,254,615,1112,975,180,333,1210,268,225,183,841,975,198,802,527,198,204,236,362,216,279,983,425,1440,189,467,327,475,262,359,434,698,260,592,329,528,187,349,212,355,1467,994,184,571,943,359,250,194,1234,991,245,425,614,188,199,444,278,1049,472,580,609,344,408,583,451,286,421,467,271,608,332,624,190,432,263,701,1562,1468,185,673,1036,426,258,202,455,963,199,577,279,197,205,693,253,300,204,368,422,202
1972,11,206,892,309,1019,254,256,1050,286,757,324,1755,753,295,591,835,340,837,1536,490,695,596,955,319,899,368,309,397,432,225,341,667,601,362,210,252,457,302,815,260,289,752,223,1166,223,418,877,342,995,473,724,271,590,788,1580,658,1460,217,401,787,1202,370,743,469,370,473,365,243,300,677,1073,243,516,662,1824,1415,272,937,221,871,322,438,905,365,897,353,614,274,377,779,352,687,1081,444,552,821,1330,242,573,1078,350,466,393,599,348,632,1220,574,308,187,1340,664,231
1972,12,648,264,380,1182,340,512,991,467,1013,318,768,374,189,495,741,1108,3668,626,212,413,343,1334,625,2617,743,1401,716,551,2226,253,2872,372,309,258,391,409,742,332,211,509,413,398,1049,353,266,1087,349,820,301,1112,196,519,673,487,4751,700,414,393,362,1613,506,1335,796,1411,575,757,2468,270,1990,1895,410,240,417,345,751,692,255,336,1269,257,342,1276,405,1141,323,1199,221,790,458,1035,3812,737,196,494,348,1213,532,2757,847,1460,517,598,2300,250,2408,1981,645,391,319,397,319,295
1973,1,285,1460,251,647,242,290,719,455,659,409,365,336,780,577,416,993,3519,509,192,474,995,2427,291,1070,1495,529,338,254,801,1060,476,1262,844,614,393,446,1478,558,794,311,1041,220,653,375,448,698,807,826,303,848,2174,1051,449,1783,3999,663,191,441,674,1570,389,5207,1138,509,312,326,717,1137,1012,1024,453,420,1093,687,1218,292,1584,271,738,331,370,756,488,584,374,907,1621,647,672,1113,2955,536,193,381,444,1542,348,1297,1123,498,541,327,915,1095,744,1316,1160,641,566,334,1307,1155
1973,2,223,668,913,529,436,793,3048,419,686,446,862,274,2574,1076,797,2519,1640,1125,475,3161,1684,1441,443,2666,1061,596,922,890,457,344,735,800,1439,556,438,959,686,605,700,222,1279,1417,537,415,448,5620,330,962,543,916,608,1430,425,2610,1817,1019,554,1642,1715,1469,390,2120,844,552,1013,601,551,266,639,1556,725,916,752,484,1716,232,697,651,594,576,603,4171,384,701,494,1105,1225,2008,462,4447,2139,1501,600,3304,2165,1446,333,3295,1104,433,825,700,617,264,658,1758,785,1722,386,1051,641,466
1973,3,511,777,976,1176,519,874,7795,1514,1697,1632,1259,1047,2072,3336,391,4080,2233,5800,1600,5284,1498,1530,233,3557,959,369,790,995,440,1101,1197,953,1005,621,1057,762,522,1106,625,645,735,841,911,580,984,8280,1393,2697,1563,1236,1846,3031,493,4394,3008,5662,2871,7324,1476,1239,225,2349,969,403,669,984,550,996,1060,893,752,973,509,897,1761,519,965,1030,1001,362,1289,7905,1290,1995,1643,1451,1342,3437,365,3498,3728,7465,2275,7296,1256,1190,290,4586,913,403,879,986,505,793,1176,1134,662,1012,651,996,425,577
1973,4,315,436,411,1044,312,426,5028,983,2657,623,1852,308,818,1723,433,2996,1510,3819,801,4059,913,796,209,1798,498,707,623,468,323,376,690,431,471,330,488,409,388,408,326,302,489,400,1760,329,421,4521,917,2157,797,1296,747,1314,377,2664,1306,4750,518,4211,839,715,222,1507,526,656,602,427,382,397,714,1526,415,399,340,381,879,390,471,494,1685,341,388,5634,1200,2138,677,1249,920,1692,447,2584,1583,2816,570,4269,900,887,204,1561,511,999,522,394,340,448,742,1628,433,540,337,467,334,427
1973,5,249,291,257,1261,206,259,1104,444,580,376,1192,235,424,721,309,1048,586,868,562,1098,393,1226,191,616,326,565,787,365,747,292,383,263,303,249,256,276,256,262,785,238,312,285,626,230,255,972,705,514,494,463,442,703,248,652,609,806,628,938,421,836,193,528,323,672,666,406,350,266,407,822,259,273,245,259,428,209,312,267,874,222,251,929,371,504,453,510,486,745,272,984,692,751,394,1377,392,534,188,517,316,315,726,496,612,353,420,917,249,309,234,297,242,362
1973,6,203,218,205,338,343,213,542,241,685,471,347,297,283,337,246,391,337,344,621,502,487,572,231,470,302,249,301,553,302,258,243,219,232,271,283,218,207,249,336,218,222,204,282,249,205,503,239,690,618,268,291,398,242,317,409,381,562,481,369,549,238,505,274,230,456,325,633,337,265,352,288,224,202,251,285,220,224,203,347,337,207,507,236,680,564,292,271,379,237,466,370,359,1055,435,368,1063,221,434,272,226,443,503,505,281,286,392,225,217,280,223,201,911
1973,7,487,278,353,306,258,377,461,413,332,812,391,400,432,340,234,401,481,536,799,482,421,365,374,503,459,327,316,613,470,409,403,352,375,344,299,364,334,345,283,411,280,308,303,279,445,443,420,366,641,435,497,339,230,377,493,521,890,456,390,360,392,473,496,352,307,732,479,451,400,825,320,344,328,347,320,466,303,361,300,254,432,398,484,349,703,476,424,338,238,410,487,470,705,451,412,341,418,608,517,305,330,411,438,436,438,776,411,425,454,342,367,302
1973,8,554,316,269,317,459,633,511,629,531,901,487,415,614,521,815,952,936,1671,741,426,779,667,350,573,560,874,360,1453,626,356,651,548,399,418,447,544,575,530,286,662,342,295,324,525,765,480,778,625,813,712,665,422,816,993,1172,1831,565,549,792,844,425,479,540,1533,313,1629,714,303,515,946,385,680,448,512,560,817,340,256,321,559,563,538,723,588,1138,797,1131,463,1004,1331,1391,1012,588,506,973,605,437,461,553,904,381,1773,698,327,478,1074,783,418,429,480,415,307
1973,9,264,474,330,309,833,980,243,1219,225,475,311,306,829,212,811,1111,273,541,334,336,774,666,268,211,551,1191,270,493,359,443,294,782,324,648,239,655,204,197,352,463,544,379,297,1002,1152,207,1794,208,471,841,1412,218,944,944,226,624,349,452,715,850,227,214,594,922,304,511,450,435,500,405,219,427,249,273,396,255,432,325,306,361,1765,208,1439,276,437,1083,613,310,1002,925,340,742,445,306,590,653,267,229,636,1045,238,1599,502,418,404,657,514,365,726,682,236,342
1973,10,213,569,329,420,250,629,260,405,904,233,344,307,1296,464,241,311,269,218,208,198,261,210,176,440,199,472,979,261,209,252,519,520,612,300,201,416,476,180,537,262,577,452,527,337,389,196,454,618,209,529,409,651,247,452,281,229,214,203,210,221,176,494,197,362,7433,287,196,294,291,799,194,874,399,184,206,230,405,602,548,959,373,222,352,714,222,333,436,525,299,402,219,223,196,236,208,206,177,574,194,324,4436,301,198,273,283,638,783,497,384,717,439,622
1973,11,193,320,1205,2109,379,520,195,713,230,234,194,281,257,948,1393,394,396,298,349,614,553,196,320,782,427,1688,7055,316,294,332,507,667,205,188,208,461,701,539,458,185,510,1634,2659,264,259,272,765,407,292,250,765,250,377,235,362,263,480,248,764,200,297,998,458,1766,1556,492,541,275,541,362,263,412,686,743,392,181,548,1443,2103,240,429,227,788,237,225,269,807,544,1279,412,513,254,477,262,767,196,330,648,320,972,1248,253,420,265,468,991,786,211,198,442,521,246
1973,12,284,2281,946,813,933,1151,366,1695,1820,324,276,293,329,1439,318,1541,326,422,245,381,815,777,276,644,359,1177,2679,394,463,188,284,1103,880,209,226,741,450,434,322,245,1190,505,628,959,1111,242,7623,1177,287,896,283,1652,1248,971,297,395,196,767,673,883,286,519,495,782,3756,319,295,187,288,897,198,1010,674,300,2178,323,1310,616,710,1044,693,249,1636,1805,239,844,308,1361,339,1536,334,413,196,780,1215,618,330,380,505,1272,1640,515,331,193,276,478,934,384,230,738,561,295
1974,1,588,573,374,1109,1202,2648,219,5791,1271,476,518,819,537,1106,585,1623,707,1838,1199,383,2580,397,705,979,458,1519,3506,718,1307,773,217,2174,275,697,487,641,871,221,381,471,610,355,1206,1079,3750,191,2950,887,1000,489,1176,808,572,2179,1093,1214,1166,534,2047,434,511,1027,631,1041,2842,763,2024,709,212,388,353,535,687,254,1872,529,512,343,1468,1284,1621,186,5816,888,691,385,1124,1358,732,1400,1018,2403,1324,523,1675,655,369,1582,445,961,2439,816,1176,776,212,346,1515,861,1220,464,1041,335
1974,2,1029,654,1061,1450,1103,2944,577,2902,735,3112,2136,654,1171,1950,2360,1787,838,1545,622,582,4988,803,509,975,685,1430,5132,877,2395,410,255,1852,306,1036,342,2230,599,1012,228,1003,494,953,1315,1142,2144,349,3574,1090,1946,853,614,1980,2023,3868,472,1913,595,350,3747,571,524,926,435,2864,2936,1180,1292,524,313,329,354,2661,697,1319,2867,1104,646,706,1042,1347,4093,659,3124,1101,3335,676,528,1502,2306,2934,602,1379,587,464,2185,609,830,838,428,1436,2642,1133,3705,372,287,293,3570,308,689,2092,373,212
1974,3,1355,815,492,3385,2186,2444,366,2511,1984,1713,1282,274,363,1228,1964,4952,378,907,550,1739,7607,1167,286,777,878,4982,4511,926,1875,281,782,3451,297,966,220,4531,597,1451,410,1013,920,430,4600,1862,1621,618,1546,1548,2291,493,409,879,3199,5295,322,1058,578,1340,4715,1530,296,631,1019,5457,6192,715,2545,258,519,380,234,5022,686,1324,10743,1487,825,877,3260,2054,2415,397,2055,1681,3016,690,457,907,2607,5055,328,1102,720,1538,8151,1083,263,865,946,3635,5913,688,1999,340,737,324,4153,286,709,6714,610,584
1974,4,361,561,379,3721,1839,996,349,647,1244,3716,666,222,400,529,1431,3793,285,609,351,672,2851,802,223,368,1412,2137,2902,469,1465,259,256,1661,286,451,259,2096,445,1746,258,498,713,439,4829,2029,1374,406,513,1766,3136,431,487,499,1837,4427,301,638,348,675,3274,917,208,390,1361,1905,2819,494,1467,322,283,315,228,4006,367,1297,5385,384,540,367,2601,2687,1178,358,671,1192,2944,394,388,418,1844,4712,373,621,333,567,2432,964,217,412,1373,2788,3091,543,1253,267,254,263,1340,302,550,2119,357,229
1974,5,251,329,258,2597,987,540,270,438,766,840,317,219,254,358,544,2670,230,605,332,300,802,410,196,552,481,721,1429,324,729,243,206,535,229,288,235,858,281,432,196,241,350,256,2063,950,535,212,406,707,823,235,251,321,627,1810,218,620,293,367,899,420,197,424,666,712,1254,320,559,211,203,213,276,760,276,558,1858,259,296,276,2201,1264,722,265,435,510,738,258,274,333,737,1507,224,639,296,345,605,465,198,409,618,988,1005,346,697,232,202,214,638,239,279,855,267,197
1974,6,243,258,219,1099,399,285,188,578,499,395,224,229,201,245,504,595,192,293,204,237,542,247,218,278,291,528,660,269,339,222,203,305,199,228,195,382,295,274,205,259,247,215,697,392,315,187,580,425,371,217,201,274,392,843,191,351,219,221,497,290,221,318,323,437,530,244,444,215,194,214,197,433,328,270,894,219,257,209,825,424,367,189,505,624,340,227,200,257,354,591,194,279,209,238,439,240,207,343,265,450,470,290,316,213,199,220,289,195,226,418,256,209
1974,7,653,968,668,494,331,376,336,415,464,712,351,379,338,286,371,381,363,281,302,502,254,369,367,542,428,363,621,256,367,283,388,243,511,313,615,309,482,359,256,744,703,698,445,405,408,336,453,418,671,249,339,243,356,406,418,299,260,446,255,324,366,571,421,392,543,277,419,250,353,327,789,329,471,340,614,670,974,753,368,451,380,338,489,440,661,265,363,274,343,377,418,355,339,482,255,344,405,561,477,430,546,241,389,307,353,350,244,487,316,331,510,284
1974,8,2324,1072,1341,600,1221,460,461,744,408,384,671,394,477,432,593,350,448,317,874,754,290,405,345,370,533,407,472,398,1054,1549,560,444,1084,374,643,545,1440,1082,249,1593,1221,1098,587,912,421,487,635,388,355,514,620,465,543,344,501,343,641,554,282,416,342,466,640,419,495,469,839,1208,856,742,1083,552,1412,783,735,1670,890,1093,646,690,457,522,666,332,362,412,400,331,404,327,522,302,880,547,300,417,333,585,609,432,565,425,1285,1147,593,717,347,1424,387,505,951,234
1974,9,515,1181,489,476,212,275,435,618,203,471,543,295,347,399,384,225,678,485,476,457,278,411,631,535,464,267,223,229,541,345,417,195,852,222,360,594,405,205,206,474,3053,458,304,206,275,729,477,201,555,263,286,485,395,222,577,681,437,619,277,399,538,341,434,209,215,261,1006,1131,455,375,284,704,435,213,316,547,1921,572,452,350,285,475,385,245,716,354,320,447,379,217,429,539,400,518,297,391,396,277,394,221,194,227,686,576,473,492,202,819,210,590,573,222
1974,10,476,540,221,229,649,183,313,557,240,688,504,757,248,319,191,287,344,309,347,214,358,7210,472,336,373,301,243,207,546,657,199,265,373,790,369,3779,268,1190,178,429,557,196,226,1062,182,385,686,241,1096,463,389,290,198,252,351,241,370,250,409,3229,486,695,461,301,245,304,262,396,204,239,282,3396,208,5315,665,530,581,199,257,912,187,339,583,218,1493,305,454,298,219,348,353,235,231,232,375,8197,599,644,467,304,250,255,338,477,185,226,211,533,1193,3825,242,175
1974,11,718,2076,469,242,1566,183,236,212,309,1273,755,192,1096,294,193,240,638,451,315,210,1019,1128,413,248,1704,1262,257,294,573,398,518,217,490,1304,250,597,726,3985,189,617,1350,310,347,839,182,209,211,337,449,299,916,371,202,216,812,523,269,203,879,2660,509,234,1319,1339,252,189,588,348,622,1412,279,1288,1003,352,514,430,1263,324,424,610,188,247,212,340,646,547,897,446,205,187,645,692,435,186,717,410,271,262,1213,349,267,251,671,426,255,1326,272,488,914,1100,604,203
1974,12,548,1143,530,795,1031,691,1603,734,764,761,814,487,976,554,253,192,584,197,278,1120,468,521,604,1105,620,1412,628,202,359,863,366,177,815,335,377,1665,498,1065,194,548,900,558,666,770,532,1680,527,770,1170,629,471,530,211,204,287,280,316,864,396,852,604,1004,773,1178,636,213,302,735,328,824,324,1492,235,1036,395,725,849,491,566,886,929,2206,521,1061,523,718,730,537,324,237,313,216,279,827,614,990,610,1205,1194,1844,423,220,292,813,803,541,177,1044,270,1103,444,186
1975,1,502,2296,309,487,428,635,746,977,1129,553,652,1756,395,336,664,346,621,575,210,1085,911,1040,394,1303,1068,1641,885,557,245,345,515,239,661,969,1015,649,5855,13930,268,679,1902,404,587,658,596,719,1388,1867,543,634,969,316,649,539,1434,826,216,1246,658,1036,440,1104,995,1052,892,613,228,378,576,1194,807,790,4404,4386,904,691,1852,412,462,761,557,778,819,1575,1092,886,402,317,585,522,1230,372,216,1340,898,715,503,1497,683,1941,1048,795,233,401,364,1699,344,473,1489,681,6401,335
1975,2,623,1957,850,523,2142,353,547,895,860,595,1807,1709,529,1316,516,360,1747,455,693,499,940,1853,936,993,4284,2469,642,1433,751,514,274,419,535,3179,2951,493,1774,11926,731,392,2313,733,374,1888,492,582,639,486,501,738,526,1982,804,205,923,516,649,528,1143,1769,606,1355,2281,3065,634,1459,721,753,316,2354,1670,550,2266,21525,906,485,1911,809,527,1315,337,428,1328,624,541,497,616,1837,464,200,643,1034,536,475,1007,988,358,702,4697,2734,749,785,822,516,362,1353,378,557,1751,496,1637,648
1975,3,498,3378,570,678,2276,933,2108,2141,4369,420,1317,3772,1022,2082,1326,327,2248,363,229,399,1593,1635,777,995,8177,6895,739,1062,804,746,391,212,401,3342,655,405,1223,11474,896,603,3810,513,424,1898,1335,1827,2726,4075,350,633,941,2401,1162,288,2528,288,262,397,1741,2346,1239,1563,8012,6468,903,1210,850,706,403,2350,1422,475,1144,7972,1253,492,2819,536,694,2706,1038,2562,1800,5568,362,572,1137,3452,1130,261,1430,277,315,373,1530,1543,1250,1210,11435,4642,826,2248,690,909,463,2926,220,483,1756,411,919,561
1975,4,441,2301,287,315,1197,509,1557,2902,5410,410,2051,4664,559,1611,443,288,1408,298,318,291,4774,567,387,748,11179,5545,474,1051,367,583,303,835,340,1119,447,355,736,3191,273,404,2393,275,286,1437,526,1324,1749,2692,477,364,769,1582,487,233,1060,289,284,312,2630,666,409,931,10981,4529,454,545,363,407,354,716,460,373,496,3206,534,491,1861,336,280,1405,780,1880,1790,2899,500,351,421,1551,599,262,1185,294,305,292,3845,661,406,919,7491,8399,473,821,369,433,423,802,612,368,1207,442,439,332
1975,5,249,702,280,227,524,306,632,732,1050,307,749,899,290,523,343,194,434,245,300,276,1274,343,306,454,1642,1288,386,380,240,283,245,221,469,449,298,311,435,1374,225,251,528,256,214,496,307,915,590,1606,285,368,298,501,324,197,410,233,327,276,1663,368,310,449,2901,1401,327,629,241,299,214,391,294,323,377,1610,415,253,632,285,232,544,341,882,704,1003,278,389,285,514,323,196,435,257,310,229,1413,360,273,394,2115,1387,331,447,235,323,226,395,446,856,517,277,439,207
1975,6,205,304,256,311,271,216,293,350,426,389,360,283,225,301,236,222,293,207,198,205,517,359,222,298,532,705,231,489,202,280,190,191,822,380,250,225,256,1051,209,208,443,280,364,290,230,299,352,442,245,214,276,332,243,273,306,216,210,204,487,556,228,342,891,960,277,270,197,228,199,511,253,223,290,911,266,205,374,235,294,259,224,332,381,428,253,233,292,334,231,224,272,218,218,257,562,446,213,351,561,941,271,438,199,262,201,419,187,403,321,216,241,201
1975,7,248,381,444,377,410,280,346,438,415,619,297,465,531,369,839,277,368,256,572,333,408,799,409,551,436,509,385,504,528,311,311,315,553,521,251,471,233,793,341,242,351,522,353,411,271,372,412,421,507,305,402,378,757,259,394,304,585,268,350,518,418,691,450,510,360,362,582,342,302,349,248,396,233,819,401,235,368,499,346,423,280,367,353,454,572,310,420,376,476,249,402,292,591,325,391,555,412,595,440,553,356,479,646,387,303,469,347,539,494,462,250,313
1975,8,609,723,444,907,1549,471,526,403,553,788,647,870,460,655,1068,356,939,480,1035,320,712,443,786,1448,554,302,591,1268,854,464,313,275,744,1151,392,596,460,1851,468,470,482,473,900,1311,571,416,480,610,870,582,469,1042,874,360,677,462,955,306,659,442,689,1460,532,289,759,1208,798,441,303,601,500,668,453,1601,1166,475,712,655,724,1174,457,429,402,619,683,672,498,877,1574,279,837,496,1132,350,662,449,610,2078,529,338,585,1284,696,503,278,385,274,615,1070,636,502,439
1975,9,346,297,403,428,767,603,824,447,449,428,329,770,334,601,298,208,252,191,614,652,246,380,1366,305,439,279,657,430,385,616,216,817,855,306,285,972,1459,1633,213,431,682,350,1448,566,489,578,467,314,420,516,271,662,391,205,296,232,463,524,249,344,1091,291,453,472,617,616,452,551,291,388,484,1897,1378,1386,780,316,437,313,903,890,451,934,542,283,428,429,326,489,419,217,248,342,235,518,251,376,1873,250,417,544,645,468,306,482,234,451,561,942,487,1121,902,207
1975,10,639,616,223,1138,332,329,251,318,376,400,184,880,187,1827,405,331,371,178,567,545,485,229,1485,582,210,414,236,589,203,360,244,3390,1890,199,451,234,375,863,178,487,365,263,460,333,293,279,428,538,395,583,181,1913,334,344,345,181,390,448,460,216,1771,632,219,190,232,402,202,1016,209,2045,204,207,600,631,206,675,390,257,743,233,352,233,387,393,450,395,187,1177,316,360,363,182,469,663,469,228,1199,558,202,213,397,451,203,1082,293,2357,1745,1003,214,310,845,176
1975,11,1435,351,229,432,663,335,421,952,422,1766,284,692,272,577,741,284,457,261,1238,267,313,1202,882,668,226,642,312,974,186,1244,293,703,671,515,198,407,1611,322,711,2269,497,241,258,643,215,383,368,207,1601,707,206,423,849,287,400,293,681,396,222,1064,642,802,244,609,332,399,187,447,353,790,197,317,1123,352,424,2584,475,220,399,301,288,389,822,269,2316,949,227,1043,888,218,473,332,1039,361,224,504,923,909,227,608,415,866,185,345,250,371,2285,1122,313,350,1291,714
1975,12,1718,461,619,277,779,819,204,426,814,2992,656,355,285,481,1448,184,1539,523,386,1000,1031,2473,470,255,227,314,342,304,319,1019,471,840,318,369,188,1524,428,298,2398,657,388,598,454,802,1211,242,1070,665,1873,2464,239,668,1220,190,4050,460,1218,1327,1037,2651,610,275,213,341,298,945,309,1193,721,2495,180,1371,530,318,529,1180,400,462,300,1161,851,198,480,756,4472,960,229,550,1553,226,2030,565,693,1219,1066,3733,433,282,221,293,291,334,319,1229,418,2783,524,386,697,1547,733,3240
1976,1,2737,289,539,311,721,382,856,709,1153,6787,591,1234,305,517,2133,176,2303,229,8667,1479,409,1283,1338,6029,834,492,734,4073,555,651,1039,519,1610,578,271,680,1281,957,814,1067,277,728,340,888,328,1033,1217,1197,8997,1021,226,875,1282,177,938,363,4142,1071,403,1137,1237,3241,768,707,1109,9220,310,568,934,4814,244,688,1423,719,564,1488,310,857,281,671,351,908,755,710,5465,2542,295,715,830,174,891,239,4469,1317,386,1420,1354,7171,924,521,1187,3500,572,613,1811,2651,566,1551,355,679,977,743
1976,2,3252,1031,562,275,635,652,391,1975,1187,8175,482,1375,743,1071,3714,314,1163,390,5519,727,479,1815,2610,3976,353,585,1239,6577,304,781,1890,866,2486,554,793,645,2720,804,1255,6626,995,516,246,1285,693,291,1323,847,9570,5471,943,582,2942,217,844,451,7275,877,475,1375,1598,7737,339,344,901,3264,771,1008,1461,1926,732,631,1495,1186,1768,5680,810,382,290,1471,795,348,1737,1431,11153,3234,916,730,4267,327,1343,489,6457,633,482,1357,2399,4460,262,580,773,5191,348,770,1239,1595,961,3200,474,396,2007,1257
1976,3,5958,558,260,472,4856,790,282,2474,575,5883,746,2675,463,447,3435,172,1167,1124,2293,497,401,1566,2138,5030,574,772,1311,3308,812,587,2467,597,1136,540,518,1526,2615,1100,3366,9055,668,257,493,3343,511,286,2454,873,4128,6363,352,425,4707,226,959,795,3290,466,360,1804,2098,3916,760,1110,1416,3953,780,540,1980,5937,580,1894,2266,1092,842,13247,783,434,552,3321,656,311,1474,559,5213,6727,332,485,4410,175,1242,941,2882,483,308,1602,1816,2060,561,1059,1792,4398,1085,586,1887,3976,663,1383,604,1969,2462,1901
1976,4,8758,421,366,261,2600,342,271,1269,418,3601,422,797,599,664,1019,169,962,509,2501,383,301,1118,1328,4357,310,417,1058,2586,289,445,1656,412,1367,348,361,2433,3165,880,1392,6947,316,296,298,3250,430,281,1156,380,2842,1285,453,456,1232,168,834,448,2235,407,300,1427,1231,2903,266,358,1000,1948,371,391,1555,3194,246,1741,7341,805,668,5401,313,399,245,2780,531,259,1217,388,2399,1837,445,579,1228,168,1017,505,1664,431,271,1962,1347,4622,476,323,1122,3231,324,404,1617,2825,476,1223,352,3064,4543,1572
1976,5,1796,289,204,227,881,507,213,522,288,1993,287,376,313,327,563,202,498,251,1243,275,243,626,1528,1313,222,236,452,1083,405,269,772,302,686,219,219,1372,1650,391,515,1058,280,233,238,688,419,220,488,260,1020,554,347,368,511,205,391,333,1624,279,250,665,1503,1470,237,249,437,919,442,259,740,835,202,1286,1015,397,377,1649,307,210,234,782,499,212,431,259,1187,764,271,366,545,202,415,286,1542,289,253,1136,1247,1939,247,243,478,1167,437,260,591,782,451,684,226,802,2194,539
1976,6,798,201,188,227,550,256,193,285,208,1075,217,252,342,228,282,170,295,231,514,219,252,547,421,684,270,224,314,490,203,294,432,418,353,200,189,348,494,300,287,757,198,188,218,879,231,194,319,206,857,387,329,226,347,167,263,224,615,223,274,668,439,568,271,228,275,475,211,279,409,393,193,385,443,285,241,682,195,190,237,1002,306,199,290,209,752,412,365,227,291,167,310,219,595,228,233,569,376,663,324,238,339,539,208,276,399,369,275,329,199,339,494,281
1976,7,451,371,247,390,1353,509,798,374,349,543,354,431,477,503,363,237,440,413,330,315,245,395,300,327,369,355,463,482,624,597,398,293,317,370,284,355,373,443,331,411,342,260,384,948,595,761,376,370,539,432,481,566,372,240,429,393,326,303,252,402,283,343,347,378,494,451,700,683,362,294,274,346,377,499,226,437,355,244,365,1048,504,701,410,403,531,477,540,527,360,241,426,436,405,377,317,394,298,335,382,351,584,449,663,640,444,315,298,315,398,347,410,318
1976,8,482,413,455,795,1421,2288,670,485,783,793,363,619,327,787,930,1038,652,446,335,519,374,483,336,476,565,606,591,879,497,1027,456,360,718,669,405,694,490,397,361,460,454,434,610,1989,2229,674,494,520,739,593,261,565,654,774,573,488,495,566,440,589,367,380,598,706,636,1276,511,1051,523,477,492,739,500,396,299,442,450,515,705,1430,1518,789,339,389,943,644,328,589,916,1218,810,583,333,544,473,589,397,527,741,740,641,713,521,776,437,490,386,385,617,734,435,367
1976,9,214,446,426,461,1225,606,494,198,239,384,449,259,403,281,213,2325,683,351,347,359,325,862,425,497,749,250,572,1091,287,691,504,575,253,271,292,299,312,281,236,329,396,367,529,863,703,523,196,242,478,278,430,307,307,1195,1077,333,390,437,337,818,452,619,450,304,529,892,230,484,553,275,290,220,322,252,594,285,492,350,1122,1690,961,429,205,343,372,263,344,298,208,401,745,352,571,575,296,959,461,492,518,356,505,831,279,990,566,253,523,355,229,345,332,287
1976,10,489,339,339,610,1523,300,696,309,268,266,280,295,349,5619,436,1039,3431,243,608,763,211,216,1031,217,208,606,367,371,245,239,304,709,231,195,208,386,276,220,955,393,293,920,440,499,274,817,270,267,455,1497,315,2949,497,952,2104,492,493,441,198,212,921,263,209,324,826,775,223,203,250,211,213,304,326,234,677,371,259,1092,316,1012,297,691,326,265,405,1811,793,2856,472,1779,4360,331,644,745,201,212,1183,199,338,833,366,654,217,226,258,210,1597,264,186,309,229,358
1976,11,290,216,981,232,954,247,1175,1841,694,3108,254,444,923,452,534,1692,1841,467,629,459,320,198,2542,339,1081,201,2874,695,296,195,1820,1392,1036,187,180,189,522,1830,725,424,228,241,693,1641,381,1068,2430,877,1915,666,975,1237,373,1978,1964,222,936,828,292,197,1338,545,852,587,2347,453,285,190,1789,401,176,315,283,1228,525,416,291,261,600,1076,277,803,1726,816,2529,824,432,4613,559,1910,1351,362,583,480,245,193,1285,467,442,214,3025,680,237,196,1929,402,314,1496,194,320,460,1694
1976,12,242,1840,1331,352,738,213,3598,322,468,643,514,447,245,427,949,445,628,197,1008,372,735,205,790,1028,237,517,1919,1024,835,333,1148,467,2289,206,205,243,1290,3134,525,263,1405,1068,269,911,234,2877,638,310,1202,504,274,450,1020,415,434,248,983,397,770,193,831,707,223,628,984,971,980,323,990,190,191,231,762,5222,2174,254,1433,1180,284,928,222,3621,420,314,937,411,331,423,795,417,469,233,1451,417,873,201,722,622,684,424,1343,535,874,308,714,321,562,1477,179,220,1182,321
1977,1,243,1506,465,234,1785,474,3084,557,271,2292,524,3695,849,777,1751,1491,2416,716,1521,249,772,205,2679,938,359,647,1260,402,623,536,976,858,2271,691,201,396,911,2864,829,289,1355,518,224,1874,557,2766,577,262,1753,751,638,1196,1752,1401,2704,413,1514,261,477,230,1025,631,479,728,1995,448,355,526,929,1081,187,311,1445,2147,2256,244,1322,424,226,1625,535,2227,680,305,1106,691,991,904,959,1638,5042,466,842,262,456,225,1630,906,492,459,1383,412,504,510,1383,1939,655,2116,1455,627,970,559
1977,2,240,3512,352,215,1405,1559,3521,361,1215,3836,559,2524,649,900,1163,1357,5006,936,556,774,272,229,3091,800,511,493,1736,581,329,579,2949,1045,3639,1582,640,1524,420,1828,2599,305,2284,348,221,1365,1487,3786,390,1100,5849,782,895,1018,1171,1335,6589,1103,733,724,355,261,3705,1304,350,528,1533,508,309,585,2261,1622,627,1338,396,2223,4068,224,1655,340,221,1704,1453,3428,317,1089,5399,1010,784,801,1927,1592,3506,930,583,481,263,226,2287,989,510,1246,1058,630,309,618,1899,785,1402,4374,950,840,446,3693
1977,3,241,5306,953,271,3059,432,10910,281,632,7194,1360,2410,900,2273,3291,5646,2597,585,1399,882,1783,224,2294,595,606,2141,1495,2644,362,554,1700,1999,3218,287,359,554,1287,1651,7873,233,4684,1050,283,2622,482,10672,314,797,5175,886,932,4917,1968,3432,2190,763,1192,926,1822,210,3705,617,605,2822,1786,1923,396,427,1619,1965,342,411,1884,1514,6852,249,6114,824,297,2018,467,15387,296,645,4511,636,857,1776,3323,5124,3331,1182,899,832,1733,228,2701,573,585,3190,2299,2046,357,383,2090,1847,1587,4012,316,1040,1418,7059
1977,4,200,2897,570,247,1215,381,7458,399,376,3590,395,1351,764,1464,2128,2703,1276,448,871,582,478,185,1699,432,257,1536,1229,1233,236,274,1156,1358,1215,245,279,269,1390,881,5505,206,3420,468,273,1529,377,8426,357,315,5354,430,782,2067,3173,2934,1119,324,1215,611,486,184,1625,513,247,1876,1318,1723,229,235,1358,990,266,279,986,848,12625,196,4237,504,237,1298,381,5438,342,356,5732,398,609,1707,2032,3172,1204,332,1076,928,434,182,1781,493,263,1501,1681,1258,236,273,877,1318,931,1331,261,323,724,4998
1977,5,182,1027,283,195,532,240,1457,249,256,1439,306,443,449,555,520,1020,725,226,443,529,332,181,551,371,213,466,589,592,199,246,654,458,491,221,188,227,369,450,2479,187,893,281,197,553,247,1424,250,251,1468,276,536,584,502,948,582,227,524,536,329,180,605,335,205,540,655,617,198,221,590,378,183,223,347,436,2953,184,1050,274,208,531,248,2626,244,238,1513,262,524,770,463,1013,675,236,432,359,313,178,645,324,212,627,508,493,202,237,525,420,391,451,226,242,346,3759
1977,6,262,523,223,204,258,206,709,226,219,530,222,347,448,298,352,540,489,198,376,234,229,185,391,214,232,257,439,308,192,220,365,371,311,221,222,281,288,314,685,237,466,213,192,303,214,784,225,218,586,217,296,315,351,567,491,200,309,243,219,183,361,234,220,311,471,304,194,230,368,281,200,261,293,300,1305,350,466,216,200,264,224,950,223,221,742,225,511,329,330,567,356,209,427,223,226,180,374,216,224,290,507,332,197,269,350,299,327,335,234,278,268,664
1977,7,345,308,496,442,302,552,476,371,333,352,374,647,432,295,502,574,811,311,303,381,228,202,343,216,317,384,550,589,400,366,311,664,272,513,252,246,267,341,407,533,302,437,521,324,481,492,424,347,336,432,490,303,456,511,813,358,478,268,218,206,332,221,323,419,545,390,358,451,301,561,288,279,271,351,1031,568,335,461,449,326,452,578,387,362,346,435,461,277,541,383,849,330,404,331,220,203,324,218,330,388,474,645,394,395,298,526,585,277,416,246,287,399
1977,8,960,293,483,565,1043,1059,410,443,704,369,274,378,809,464,557,800,1680,650,625,396,262,343,368,363,313,630,963,438,649,473,745,597,889,341,577,255,540,447,305,648,295,553,547,1257,1275,367,366,539,333,940,544,543,530,803,1973,465,591,288,290,378,349,376,309,612,880,803,697,528,609,735,433,232,568,383,1116,643,300,570,529,726,1227,417,417,624,397,902,532,454,398,1079,1763,478,551,381,277,393,347,391,347,597,870,332,767,411,616,770,396,987,352,241,865,303
1977,9,538,220,1008,409,933,249,225,361,334,542,213,806,952,916,742,583,1158,865,402,817,354,381,254,277,318,403,221,395,1127,461,567,238,513,445,427,661,487,448,222,270,239,925,477,845,230,235,327,403,463,701,987,1068,890,723,803,1702,603,333,392,381,267,282,256,410,210,325,1114,470,717,340,393,440,323,417,2002,320,212,637,319,1253,244,220,495,324,403,552,1414,1344,861,761,1435,378,558,802,485,368,266,257,268,565,238,363,810,446,458,368,268,603,430,483,398,207
1977,10,2012,195,721,478,493,426,244,281,233,200,1166,293,383,723,243,213,884,750,244,222,446,237,331,183,7269,231,414,207,349,289,1130,186,195,373,490,282,656,410,224,660,181,749,526,882,461,343,265,215,194,276,260,496,254,244,504,793,250,789,310,171,258,200,4561,225,307,196,274,274,490,989,716,295,435,1506,801,701,188,978,856,1018,1053,319,255,240,215,252,332,347,246,222,645,1403,241,214,439,178,227,207,1131,219,226,195,274,338,1122,1106,190,198,564,246,609,263
1977,11,285,181,350,440,1207,1146,655,194,318,200,546,275,620,334,1524,1145,369,228,496,453,351,186,262,264,872,318,278,203,428,357,605,190,197,592,393,538,436,1018,361,1636,195,447,405,1083,1120,424,178,275,187,1160,346,263,1324,928,582,217,437,249,458,182,205,629,1162,352,769,235,649,517,1219,287,217,364,877,242,1186,1608,185,463,502,857,357,540,181,316,192,1614,267,364,628,1135,471,239,424,301,413,181,267,403,3893,329,799,197,534,513,592,473,182,197,508,466,380,535
1977,12,461,182,748,418,711,661,279,194,286,186,438,476,526,410,434,715,1446,3156,370,919,1939,232,179,946,1210,726,1933,184,514,619,278,475,2491,1201,259,210,1877,321,3616,395,181,711,511,331,994,283,186,393,196,656,749,516,429,1197,1860,2667,421,1276,1894,258,189,491,1023,869,2060,183,427,451,324,1575,248,205,1175,415,1276,472,202,966,421,365,832,284,190,316,196,412,771,270,1274,1069,1865,3086,462,935,2335,255,177,795,1091,595,1610,197,383,564,266,1286,385,5533,1424,199,3047,2407
1978,1,921,989,1620,428,738,977,356,947,352,182,419,742,287,1278,1999,1178,1664,2303,622,1410,1228,279,3243,392,3773,1201,2022,474,1052,734,701,379,2972,793,501,285,1838,836,595,1066,803,1717,408,636,678,290,687,215,183,1353,282,1411,1643,1147,1490,978,576,2679,756,186,2269,420,3550,1744,1019,262,1093,650,548,747,400,278,4887,692,2230,845,789,1127,368,635,718,308,859,243,187,1375,310,1157,2284,1585,1538,1501,559,1892,818,202,2546,414,4439,1181,1127,447,710,511,732,723,551,1567,789,250,749,1022
1978,2,802,348,854,387,460,1113,1169,265,282,235,726,3995,357,473,2491,2153,1281,2605,1062,3400,763,170,673,692,5565,1457,4544,208,727,968,1347,2604,1671,545,439,284,833,1213,711,741,1190,1044,366,458,1710,1256,596,299,233,1216,487,430,1951,2034,1299,3231,1076,1633,1199,164,745,716,5632,1413,5421,498,441,1039,1095,4016,616,349,708,1016,2705,893,938,703,353,563,1227,1052,466,281,294,1250,407,411,2234,1738,1097,2495,951,1603,777,172,727,736,11186,1411,5304,220,1175,1067,2553,3318,3423,1635,677,278,1027,1101
1978,3,645,1081,1561,522,670,880,729,555,251,243,348,1357,589,435,1856,5026,2841,8912,699,3676,4083,211,2080,843,13781,1689,6910,317,757,1221,2405,1193,1279,1239,365,600,1489,839,2276,785,399,2768,554,581,971,723,433,222,243,2423,471,389,2174,5021,1962,6469,960,3917,1653,197,1713,709,16721,1882,8688,293,958,1248,2462,2723,296,588,1321,1106,2012,666,393,1516,467,491,959,897,326,261,228,4609,639,439,1805,5314,4422,10326,735,3328,2608,204,2192,967,14371,2213,6395,362,607,846,2148,5052,1357,1068,2310,702,889,1817
1978,4,441,277,1641,256,353,450,355,251,272,225,637,843,328,410,1077,1371,2801,7628,583,994,2210,177,1564,494,7461,2653,4458,198,616,1013,2137,787,674,1763,436,481,1122,605,1368,502,294,1685,251,353,452,453,249,301,200,4370,343,433,961,1542,2746,7662,363,1271,2232,164,1409,394,6686,2032,4113,211,513,842,1800,2945,405,349,2589,572,1204,509,290,1878,294,367,480,353,261,236,198,2452,428,357,679,1939,1527,6766,371,872,1912,165,1814,350,5441,2209,5075,201,573,881,1273,1983,675,499,1256,391,2027,1615
1978,5,788,229,574,205,250,291,240,201,205,174,282,405,300,255,427,573,646,2283,266,427,541,165,773,298,3002,1675,1766,188,323,495,647,324,357,535,243,211,1364,299,476,1064,210,523,206,239,316,244,199,197,183,2246,268,248,417,585,551,2472,248,476,701,161,568,263,2817,1775,2046,195,311,496,679,645,238,206,951,287,712,710,230,515,209,236,289,243,197,227,182,1646,280,272,377,755,496,1608,258,377,573,163,639,278,2245,2558,1681,196,302,597,662,675,325,348,676,202,1147,565
1978,6,334,196,353,223,232,268,248,207,180,172,233,255,205,198,324,528,344,652,217,273,396,162,293,213,1251,593,1351,240,218,301,337,241,249,314,277,189,452,295,319,331,198,349,197,223,264,217,206,179,171,547,241,202,437,564,341,805,211,272,378,160,352,222,976,648,1161,251,219,307,365,480,227,186,412,344,353,461,201,412,213,232,252,241,203,179,171,533,222,195,337,425,309,582,211,251,362,159,276,232,1244,629,1088,205,214,298,356,448,235,239,339,191,581,345
1978,7,467,387,444,393,369,289,256,332,356,299,342,404,445,528,352,681,461,375,275,452,345,369,471,301,545,634,615,373,424,396,373,300,359,260,601,603,305,570,303,477,395,581,416,386,294,273,370,387,294,405,406,544,345,687,427,351,298,449,331,338,480,257,464,595,743,384,426,384,566,579,746,602,303,448,357,449,334,428,427,406,294,256,340,425,263,396,424,502,353,1114,390,367,382,449,364,353,422,271,508,551,654,411,440,380,573,556,260,364,267,577,309,290
1978,8,845,465,635,645,811,256,236,848,561,288,500,550,1173,331,946,637,446,380,547,1066,560,418,502,283,443,666,595,343,464,335,629,860,590,258,308,832,295,496,610,979,530,632,521,1031,295,241,1139,432,281,782,980,502,1283,592,483,424,426,1033,594,567,539,314,545,625,621,328,341,343,363,431,288,865,278,540,453,1190,473,915,439,915,273,231,900,611,274,575,1105,422,1284,651,532,439,679,1178,679,415,527,299,546,631,610,316,428,360,315,403,1770,697,255,856,258,704
1978,9,848,255,394,453,446,255,498,501,236,194,270,269,303,244,943,487,457,352,257,337,433,388,566,283,235,1584,775,206,284,262,272,1140,732,230,308,628,426,396,672,739,227,260,268,232,520,501,791,296,185,1395,555,204,597,452,315,362,317,613,418,419,431,296,194,2011,768,212,298,232,383,221,728,361,361,416,411,679,291,295,471,393,460,366,648,283,209,2132,909,184,691,606,408,348,254,578,644,350,472,315,208,1569,703,239,334,275,346,256,967,807,218,622,390,774
1978,10,282,324,280,210,201,613,402,983,590,167,207,370,703,273,380,821,319,349,291,326,283,741,322,190,856,1626,368,203,936,356,975,357,820,352,617,211,247,256,392,299,436,356,437,222,310,588,1062,687,163,888,553,331,461,523,696,225,692,1101,262,636,324,178,786,1794,305,224,1036,363,650,226,900,190,228,212,315,466,245,369,318,207,476,432,1017,624,164,342,520,317,383,723,952,478,653,813,252,294,305,196,981,2078,343,262,841,300,576,228,443,805,205,226,315,247
1978,11,342,2166,576,372,215,328,3775,267,781,298,189,946,614,413,416,539,974,447,507,2036,271,401,382,287,826,1561,904,296,334,224,597,1001,455,335,802,639,254,272,343,711,1856,455,366,229,501,2972,244,770,199,427,607,315,567,1050,459,506,198,1056,261,843,464,280,953,2316,605,229,331,209,372,495,870,544,309,320,186,928,2307,515,372,218,294,3224,283,602,255,594,640,422,595,739,326,466,210,1130,351,1109,466,313,812,881,860,256,320,228,443,474,349,396,456,565,225,366
1978,12,964,1146,528,222,258,470,5233,1406,296,376,331,747,402,2553,570,324,778,344,213,1692,429,1331,892,1394,2011,780,463,277,422,203,300,523,253,248,835,305,200,201,1112,504,1212,696,228,262,605,2756,1584,396,706,474,323,1973,441,290,828,610,218,2015,377,1134,814,1549,2145,902,559,288,588,211,432,649,329,309,193,186,195,435,1076,395,218,253,447,2557,1209,512,575,522,245,1791,464,308,802,493,226,1662,277,1001,623,2284,2289,1351,658,250,479,215,339,889,1022,272,315,295,201,1252
1979,1,509,902,376,326,1382,996,4082,1467,401,518,389,906,828,1910,339,291,364,1139,1324,2797,1049,1161,484,917,1180,651,942,764,1027,2796,827,798,556,873,357,273,354,266,7829,445,1028,499,342,1668,1277,12624,1397,317,504,629,496,2014,313,397,441,905,1258,1954,884,1121,465,776,1416,803,1181,785,1081,1291,645,448,359,280,358,269,463,488,1455,738,297,1707,1297,11410,1536,449,415,765,652,1403,403,319,432,593,1324,1551,723,1048,642,820,1269,1056,967,809,909,2480,763,492,774,629,1148,361,356,7125
1979,2,1197,2861,651,593,1490,729,11607,1556,1257,434,689,558,684,6848,930,805,1274,997,1143,3161,545,743,560,539,621,769,1029,321,894,835,1018,1085,394,1251,727,527,751,902,9939,1328,2197,389,485,844,531,6274,1621,1598,607,1121,1051,6508,551,1267,1127,637,1253,3151,754,673,571,642,740,1149,910,323,729,2827,1267,379,649,486,731,599,1202,985,1040,301,365,859,486,6499,1512,751,721,1158,671,7913,742,1349,703,1220,1434,2026,826,1087,558,461,666,913,1007,375,1161,672,1094,383,1136,337,869,503,676,12993
1979,3,576,2866,254,545,1102,429,4492,1964,684,280,893,1194,938,2706,331,1794,1007,1627,818,6296,622,971,437,719,2516,581,1007,612,539,483,539,1400,2191,1118,1326,311,386,695,18804,471,2559,254,523,1142,412,2425,1736,810,280,2174,1272,2647,618,1780,1290,1544,801,4991,877,1354,432,525,2005,607,686,609,784,367,572,1217,1350,289,424,750,414,652,2375,250,546,1207,445,2585,2039,1293,289,1534,1296,2759,482,1384,1363,1729,688,5513,1175,964,383,703,1779,649,868,748,607,523,600,815,1597,1962,1279,426,420,15011
1979,4,491,1614,241,278,788,290,1564,1662,537,208,261,450,814,1455,241,1061,689,3002,382,3383,450,909,428,375,1929,335,505,242,378,338,384,600,730,1209,604,1275,311,390,8899,465,2347,279,279,844,302,933,1530,541,230,826,781,1185,245,1224,576,2001,453,2498,631,1050,523,336,2210,360,537,337,453,339,335,510,734,1302,428,449,364,462,2945,281,280,581,305,1374,1853,489,230,1352,535,1399,252,954,685,1629,377,2783,498,933,360,330,2081,394,611,270,486,376,352,867,723,1034,661,632,431,13481
1979,5,416,721,205,213,353,354,709,684,291,188,215,284,394,937,234,492,635,754,256,1138,408,466,236,394,588,256,348,386,284,245,257,353,411,468,380,273,319,247,3693,415,702,200,214,354,299,721,922,304,198,413,385,962,242,585,476,1008,279,1426,338,588,246,271,672,276,382,302,273,231,244,308,404,253,414,230,224,335,745,202,220,363,229,766,824,298,196,469,365,802,247,509,560,1016,265,1008,377,416,274,362,545,272,378,330,304,237,247,311,376,380,657,566,480,2642
1979,6,254,470,221,199,540,274,324,440,232,189,208,215,240,421,232,293,322,366,219,529,226,261,220,277,334,209,222,189,251,197,279,236,390,268,253,204,281,213,1746,240,575,223,201,467,278,281,454,238,186,359,254,467,209,288,483,379,212,597,296,271,209,426,321,216,215,199,248,197,250,265,266,205,259,210,315,272,506,224,199,295,367,391,435,255,193,298,227,440,218,295,394,366,207,521,251,259,199,311,315,215,225,211,296,198,308,341,238,361,303,204,233,1240
1979,7,564,494,301,340,522,353,480,395,464,330,585,685,238,336,282,342,410,510,262,488,296,307,249,434,449,920,375,202,419,365,456,376,305,556,659,348,686,380,884,472,422,281,314,622,390,410,471,344,414,433,231,380,262,331,470,517,290,490,298,367,239,472,399,789,364,211,472,321,494,472,677,361,583,369,558,586,533,276,307,754,297,427,426,469,337,472,231,364,256,368,479,480,272,478,291,381,254,571,434,659,393,204,472,322,408,504,393,391,603,330,538,694
1979,8,598,357,380,307,920,339,653,626,483,469,561,1121,968,306,488,500,903,390,442,396,773,1000,351,821,397,608,579,479,969,352,662,441,617,1032,553,631,748,521,1161,832,525,360,308,627,409,742,419,710,578,641,649,332,464,452,741,331,448,345,629,845,382,832,431,387,530,372,776,409,748,449,446,692,893,622,1290,630,374,319,330,680,339,821,546,395,518,513,666,288,579,437,869,385,532,553,782,1056,321,506,375,698,464,408,742,422,739,374,418,662,772,618,796,1280
1979,9,355,317,858,414,567,637,313,292,287,424,328,722,640,215,220,188,627,200,1250,361,732,434,511,1235,1907,280,326,189,682,428,443,252,280,976,371,226,609,359,1223,684,389,901,453,677,525,235,316,292,335,319,824,286,286,204,490,234,831,377,566,523,918,688,1319,321,359,232,1314,584,278,1267,599,295,628,403,592,743,337,1476,635,530,714,348,218,309,429,359,808,279,207,190,459,214,866,376,462,415,781,774,1438,292,310,198,1649,496,338,2467,283,260,920,329,577,792
1979,10,1056,1002,986,349,273,1943,1206,229,384,396,634,354,334,366,508,307,385,276,215,250,328,671,651,816,280,281,186,262,2143,566,745,591,368,501,666,641,207,475,462,634,923,1620,343,329,3679,1017,223,537,926,265,515,251,577,286,326,742,263,298,227,641,509,1094,344,380,183,266,755,626,727,728,227,347,199,326,1634,790,781,1451,309,230,2201,899,257,286,843,307,320,317,716,332,299,748,251,264,309,504,720,1230,348,399,211,267,1041,625,1206,368,529,357,442,449,200,335
1979,11,348,217,677,372,349,1201,465,925,925,1008,803,687,880,186,246,275,209,1099,233,847,262,762,441,385,313,404,392,200,635,397,610,195,2259,1144,270,633,390,657,374,359,211,521,239,241,948,736,966,513,404,868,888,201,210,367,231,709,189,805,430,751,556,574,312,225,497,201,906,420,644,480,288,743,382,975,639,328,222,510,314,504,825,746,831,669,388,684,741,207,217,286,259,417,196,931,259,890,863,642,426,235,475,211,332,418,440,684,305,2023,1685,586,389,332
1979,12,465,358,265,355,3264,1845,380,1364,641,529,530,513,787,309,930,265,720,331,228,743,3216,405,3521,4696,1314,187,1375,234,479,404,286,1304,728,758,280,7446,2444,1141,580,489,275,259,438,3773,2768,640,2136,718,567,524,657,294,1194,305,394,317,270,887,2863,283,2650,3246,1248,194,1153,319,389,745,251,618,217,3647,2703,1158,1323,422,339,255,474,2886,5147,385,1651,990,546,898,687,279,832,413,702,484,276,785,2861,269,4266,4370,662,198,866,233,623,458,237,727,767,565,1651,3628,3051,611
1980,1,763,2357,401,830,493,7256,2176,610,4039,324,751,619,460,268,883,417,1825,600,333,922,1550,407,1345,2986,428,532,970,296,782,312,498,5784,985,1290,573,2012,4753,447,763,1231,2333,334,755,620,3454,2015,434,2295,300,1742,495,294,1181,479,1534,560,216,833,1590,581,1745,4816,408,370,983,333,1024,250,709,613,519,1947,3509,516,2012,1171,2055,325,580,1003,2231,2924,686,2931,342,1103,715,309,1292,246,1423,596,248,784,2129,390,1122,3637,1099,553,1213,378,586,232,814,435,9463,831,725,1646,3451,859
1980,2,1837,863,357,627,593,1420,1235,503,4288,834,1867,406,517,600,798,568,540,2081,314,837,4762,1244,861,6010,568,481,1083,610,968,330,899,6397,1095,703,2090,2847,5287,603,703,1201,1176,350,463,524,1498,1245,547,6151,994,798,469,403,455,908,798,2229,349,802,7044,2233,948,6983,585,566,1126,1049,796,285,1065,704,2002,4615,4381,747,4774,1289,1279,373,733,612,1409,1372,555,5049,1044,580,479,616,490,754,768,2576,271,745,4542,3124,794,7804,611,402,1175,604,1251,367,1022,752,7324,963,958,4670,5153,580
1980,3,659,969,2001,332,506,1391,1848,447,5793,406,1285,885,2169,1523,310,845,470,692,262,1068,4920,3845,1021,5630,1418,350,1746,1353,1604,887,2399,3729,1290,1023,2099,3659,3724,782,608,779,725,1503,422,513,1172,1973,441,5833,348,587,2062,1553,353,1076,592,645,226,1256,4975,2696,884,4699,1400,332,1395,847,2101,1147,1791,2741,2213,5222,3843,690,6267,689,873,1747,366,526,1619,2717,498,7916,369,550,2029,1481,346,1047,456,573,280,1191,5486,4143,984,5378,1828,336,1197,1695,1518,776,1120,2304,2245,1458,703,3423,4037,777
1980,4,406,826,440,359,685,1078,1554,416,6075,362,634,901,593,347,1041,364,344,493,206,1378,2994,1814,723,2901,663,244,897,547,1325,497,762,1815,947,480,852,835,1044,414,628,409,656,436,407,702,765,1918,500,5809,352,524,688,440,1200,325,367,612,191,1013,2255,1935,724,2316,583,230,863,1089,1214,564,843,856,719,1815,1136,537,2711,400,740,392,338,497,691,1211,518,4636,305,410,821,360,1092,347,321,509,204,1319,2737,1206,556,2676,591,230,1104,486,998,543,1150,785,1588,805,404,2304,1480,539
1980,5,314,690,251,249,327,402,750,254,1538,235,390,416,337,328,513,272,233,458,181,476,939,599,415,1042,445,195,408,289,533,283,588,939,371,299,343,570,697,243,358,312,601,249,226,370,439,736,260,1576,244,293,345,307,393,293,244,441,180,429,869,608,418,964,441,191,372,293,438,289,488,386,322,681,668,275,987,335,719,249,223,410,422,642,248,2156,239,273,344,314,478,251,238,403,182,409,735,512,397,900,443,191,428,344,496,360,765,446,929,351,319,1048,819,325
1980,6,280,301,430,232,282,285,560,222,741,268,256,219,261,220,343,217,199,250,184,286,317,335,307,477,230,186,262,226,368,303,305,456,270,217,260,418,333,275,221,254,330,385,276,258,284,415,246,748,280,221,260,219,281,223,204,243,183,296,318,321,284,430,228,182,245,242,441,308,427,310,251,485,303,296,464,229,289,634,221,282,257,382,247,1101,281,212,265,232,284,210,201,231,179,249,336,379,301,403,243,185,265,246,332,320,283,288,348,293,216,492,445,216
1980,7,393,458,536,284,514,382,268,336,453,479,365,455,432,273,401,239,416,406,481,302,377,305,420,460,250,452,349,373,536,302,450,416,478,395,224,493,450,444,252,377,474,549,279,495,341,281,340,497,449,390,463,263,469,229,367,379,575,298,374,332,423,451,260,403,355,397,580,361,506,457,229,479,477,450,360,479,467,446,313,493,400,277,305,475,446,348,429,272,397,243,400,451,550,333,377,293,394,405,271,404,352,371,505,252,460,439,434,445,377,507,455,269
1980,8,710,904,1587,690,605,324,311,518,445,909,600,576,322,375,924,408,368,945,427,538,495,536,294,652,682,683,330,469,1106,384,647,511,494,782,260,876,623,401,336,672,913,1137,625,595,374,317,484,407,776,528,351,416,819,361,418,691,371,681,454,818,255,561,771,991,342,539,1208,375,681,459,262,710,493,424,274,638,930,1473,478,649,294,362,455,514,805,487,407,437,1275,340,339,1266,333,577,442,534,257,632,671,855,353,536,1194,446,653,454,391,506,959,718,543,298
1980,9,684,690,2006,347,287,259,329,620,1137,615,1163,662,240,228,535,662,505,637,332,268,1483,447,545,667,371,1269,287,639,940,468,540,526,274,1425,481,547,775,268,202,309,574,669,313,413,233,352,824,441,435,323,234,199,414,697,311,803,420,593,1715,412,419,632,361,1221,248,646,1239,452,703,319,413,306,631,494,197,635,1124,1042,364,277,266,238,854,755,375,316,247,213,420,836,741,405,406,507,2105,448,428,516,523,1744,221,592,1626,442,745,212,732,197,1745,324,496,197
1980,10,429,640,674,243,275,285,1394,467,220,482,606,734,228,188,268,1044,659,572,690,641,252,332,241,1902,1052,586,415,2166,364,200,236,313,190,862,238,295,238,1609,190,826,640,1462,272,317,272,434,532,916,307,279,186,211,374,1067,1213,535,465,487,410,338,413,1252,1309,802,407,1611,644,190,213,183,231,220,241,1175,198,460,754,521,338,312,308,1751,480,280,327,217,187,181,336,1143,692,313,517,473,292,347,363,1431,1357,611,337,974,642,218,203,183,395,202,694,272,252,201
1980,11,620,411,299,354,519,276,497,2618,267,196,336,560,794,541,714,843,352,462,461,829,355,522,781,378,691,335,1865,879,931,417,359,416,284,528,223,196,541,578,192,641,371,429,431,370,390,1389,2052,307,229,238,738,286,428,732,531,705,504,472,238,475,810,1002,660,737,2319,819,668,344,552,1154,213,302,660,637,283,525,329,418,459,412,348,596,2453,295,264,329,727,508,901,725,477,1141,415,543,342,628,633,348,789,617,1462,1671,590,446,483,999,421,295,456,241,714,189
1980,12,318,562,638,600,2536,1708,543,359,326,217,4043,4769,1286,596,2259,2205,298,378,248,374,283,1053,295,1233,321,754,485,2145,354,231,920,503,257,373,1071,187,790,529,207,266,639,688,440,3053,1638,471,656,337,221,348,1068,895,2636,2313,270,271,246,475,506,1240,314,995,457,359,375,2619,367,239,614,568,1343,184,906,448,259,367,692,749,318,1463,1775,412,369,338,218,299,902,659,2973,3230,283,269,273,459,284,1197,414,1432,544,360,882,2327,316,253,796,577,407,197,446,189,873,213
1981,1,598,363,1731,255,1882,820,876,2121,210,811,1971,7065,1182,310,2038,1453,339,842,2547,1675,233,782,2035,770,424,3103,313,7442,607,478,356,459,1170,919,1066,272,357,1682,192,778,350,1662,225,2687,800,1094,2463,222,804,548,920,282,2829,1637,330,1037,2526,1524,242,678,1801,745,281,3286,320,7682,434,331,552,704,857,463,329,1424,451,789,363,1189,370,4872,621,721,2636,214,957,443,1311,257,1392,1921,314,779,2853,1120,246,681,2484,804,299,1789,340,6465,385,512,367,687,422,1527,744,319,378,193
1981,2,465,454,1407,498,3270,770,1163,8023,305,875,1759,7117,996,746,1953,2004,254,1031,2461,1961,225,550,1038,2215,369,2023,637,14691,346,1332,645,268,775,490,724,598,577,1163,190,480,449,1315,782,2025,939,994,6975,374,1105,399,1420,1183,2150,2376,351,1559,4704,2163,230,671,2337,1523,450,3076,608,8065,382,1544,625,593,861,291,428,907,250,473,418,1399,627,2815,953,1259,10740,291,717,420,923,898,2437,2499,323,2038,4524,2252,212,583,1182,1978,537,2703,604,9484,539,1362,634,571,282,436,512,554,496,220
1981,3,1787,426,661,834,3707,1496,1000,7264,927,512,1136,3258,1462,1360,1859,1564,1105,2858,3098,2714,689,745,2011,3380,445,2868,442,5864,369,401,1820,264,2417,918,1236,518,776,1335,317,1404,468,768,580,2910,1211,1366,7233,519,514,1272,1558,982,2546,1573,1013,2860,3045,2898,840,1023,1535,4469,418,3358,538,8241,365,441,1181,1563,832,486,791,1585,429,2301,558,759,622,2802,1231,902,5488,562,525,1074,1050,1128,1643,2287,833,2368,3017,2825,551,1138,2185,3790,429,2776,578,8851,326,490,1844,1712,296,2923,761,433,658,246
1981,4,783,333,422,339,1784,550,1360,3129,256,360,1533,4068,631,341,1167,908,307,2176,3188,1626,354,1183,1039,1830,799,5021,325,1764,345,385,1324,212,1068,563,568,216,810,1892,238,817,333,457,376,1618,744,1090,2906,298,384,519,669,372,680,875,317,1780,1606,1505,321,863,1290,1881,705,6443,329,2508,320,394,2439,1521,634,234,796,1654,684,680,364,414,412,1213,1115,884,1917,382,348,589,673,311,844,857,286,2086,1914,1925,468,1026,1039,1955,689,3722,332,3761,414,341,1610,1258,237,1382,505,220,810,340
1981,5,388,225,285,380,926,320,447,1990,262,241,683,1536,341,247,528,411,216,593,1664,830,276,501,351,1054,253,1774,236,922,227,1225,1279,195,682,298,316,194,388,877,296,326,223,313,238,671,345,520,1368,228,237,262,371,251,433,407,220,613,1857,718,297,556,498,2076,277,1486,241,1086,265,1151,983,524,300,191,433,748,281,358,224,295,342,569,348,389,1047,289,241,252,343,245,425,527,215,578,1795,874,284,461,462,1991,287,1683,247,1328,258,1264,957,513,195,461,288,193,378,314
1981,6,478,195,236,227,396,223,287,532,209,201,332,745,245,269,286,399,207,347,610,358,212,270,304,1767,202,555,196,528,240,270,434,195,295,246,245,189,346,306,251,399,196,239,325,364,229,313,545,221,206,245,244,254,284,416,223,369,715,362,223,283,280,1672,205,616,209,462,201,262,312,302,238,187,287,284,230,360,196,224,227,343,232,288,426,224,202,247,245,231,284,281,208,391,609,359,233,255,278,1861,206,550,203,650,199,262,302,326,186,295,226,187,310,295
1981,7,671,272,343,329,281,408,439,754,284,269,586,440,332,351,387,356,322,306,359,545,515,382,252,413,286,405,318,451,308,690,299,347,349,292,380,670,549,290,711,574,274,321,467,294,391,412,740,368,255,309,445,401,593,346,352,332,436,551,452,386,268,521,297,435,278,514,308,419,287,746,343,640,480,296,373,466,262,359,433,279,403,406,718,400,260,297,444,433,548,414,347,387,347,576,527,384,253,510,290,380,287,502,251,685,275,625,373,380,280,667,544,672
1981,8,1459,243,839,931,412,661,546,639,621,389,979,617,1849,749,1114,541,525,364,530,387,510,268,536,627,599,574,350,586,362,821,611,776,755,408,787,617,631,387,903,1371,231,673,636,405,758,615,733,416,432,262,1997,988,974,564,622,444,641,414,773,249,443,524,695,720,368,454,465,1297,596,1596,711,691,643,355,547,1741,270,803,537,465,831,697,577,475,370,268,1885,908,892,416,616,369,531,457,640,277,452,535,643,699,475,695,459,861,490,2439,597,987,396,634,654,733
1981,9,724,184,971,430,293,473,863,496,303,274,634,1369,411,401,686,486,495,205,212,391,264,298,262,956,423,395,366,915,1063,424,264,322,1000,182,606,488,667,407,403,664,187,988,1390,223,539,790,468,264,266,355,342,459,673,501,1468,198,224,532,256,284,239,1191,450,382,362,584,486,310,391,653,358,660,923,358,228,494,180,2091,1560,306,367,708,535,281,273,374,349,492,523,529,806,210,217,411,274,214,267,667,423,406,297,516,551,293,396,339,375,434,208,478,1010,528
1981,10,585,247,672,2507,298,794,475,393,875,237,1173,389,611,402,246,391,1335,253,694,899,264,347,916,1415,738,194,179,300,315,189,2508,446,410,400,188,465,330,975,1895,584,216,684,1367,357,871,982,340,648,236,245,443,245,201,991,665,244,452,605,260,308,822,401,923,198,223,271,445,191,5935,1750,212,557,308,705,732,565,221,295,1204,216,672,1111,314,770,234,325,487,308,247,661,480,199,633,1026,218,395,1070,1067,306,191,299,377,301,191,5237,1363,401,1458,345,601,385,1356
1981,11,226,617,526,557,313,244,2460,415,1478,234,354,423,278,492,586,1363,656,501,614,304,321,229,834,1341,371,195,324,363,402,184,1460,1257,1691,1224,1728,390,548,457,468,226,996,512,842,485,248,2097,626,1367,218,404,407,668,633,852,658,552,807,822,339,254,1234,2341,265,191,201,249,529,185,1647,491,1417,388,383,1308,373,211,1045,402,858,603,296,1809,389,1844,223,315,317,565,812,784,516,462,757,370,309,203,630,2806,728,195,198,327,536,184,603,519,971,395,412,268,386,448
1981,12,274,719,479,592,482,3023,2199,536,3619,2419,613,1901,2589,386,649,548,2116,314,768,2446,229,1384,336,1186,320,206,180,236,3383,579,755,644,1782,397,1337,364,220,2540,271,315,438,644,467,366,2542,2263,323,1724,2390,1915,924,301,668,419,1808,248,785,2359,227,1251,294,1138,273,212,206,255,3999,625,653,472,1892,340,232,1489,1810,262,349,601,497,676,2092,1752,776,1462,2038,1932,1911,313,673,641,2372,338,888,4945,307,1725,496,1283,333,234,181,203,7280,514,769,458,674,2442,1371,367,234,263
1982,1,433,286,502,687,1254,1181,2746,6898,4869,1106,439,717,938,511,732,821,835,319,735,1657,631,1435,977,1312,731,387,623,366,4285,740,674,358,3382,924,788,494,583,3030,246,297,258,393,640,925,1284,3177,4080,8955,1050,1358,2199,549,923,720,661,349,1089,3773,807,1444,1052,1247,765,523,1120,363,2844,677,561,474,922,476,748,1197,760,418,266,502,623,907,1222,3668,1992,6631,1614,1372,828,527,1100,840,654,278,871,2583,867,1071,669,1515,631,611,618,233,2935,752,622,488,433,3318,580,598,804,244
1982,2,307,1512,313,2317,705,1589,2931,5738,3401,868,421,533,681,313,1833,992,645,506,1259,5854,552,465,490,1272,964,673,1227,230,3844,348,2005,1310,3006,2565,610,716,904,4099,317,417,753,384,3242,964,1262,3202,11364,3398,835,2564,603,297,1683,582,638,513,1205,8348,358,532,567,1279,624,386,517,321,4304,328,2357,1056,681,591,568,5168,660,258,987,287,2933,604,1308,2589,10883,4322,817,1696,591,286,1639,1043,733,537,1424,10357,382,999,827,1216,876,425,1105,556,3264,356,1349,844,1195,4121,4069,483,455,430
1982,3,1059,1161,251,10990,2817,840,4441,7595,2556,1608,909,708,746,273,1260,1236,1393,372,1229,8786,780,534,668,6966,783,236,1366,270,11311,1173,3338,1206,2530,1955,456,801,688,3787,411,805,1539,261,5093,2752,951,4541,7033,2072,1625,2053,899,342,809,1226,1451,347,1277,7964,840,582,478,5765,895,251,1012,234,9996,1329,2064,401,483,1094,980,5058,777,876,1131,246,8710,2866,850,5238,8285,3314,1730,2569,989,277,1022,1167,1749,313,1135,7145,820,596,656,4105,1294,255,1219,220,4509,1118,2848,499,1054,2207,3497,1090,930,294
1982,4,743,490,233,2790,1016,637,3599,5135,1953,590,516,1223,688,498,817,947,1247,234,685,7799,290,359,909,2248,369,241,509,271,11692,462,1522,768,1393,1346,394,493,386,2553,218,528,570,249,4449,1032,589,3101,4643,1287,725,992,534,596,890,722,844,278,714,5390,375,334,930,3801,336,241,919,214,10781,341,1401,488,460,502,403,1799,456,636,526,253,2572,1026,533,1876,4648,1565,590,816,511,623,727,859,938,280,556,5113,320,373,1141,3369,389,252,520,255,15557,324,1644,544,614,1605,1046,388,419,223
1982,5,271,341,211,682,430,461,840,1662,611,349,338,697,364,242,423,475,362,231,441,3203,363,268,473,1012,428,563,291,280,2937,286,695,497,789,498,287,274,249,2204,199,352,399,212,816,439,505,931,2423,503,352,488,334,256,402,350,363,252,478,4486,325,253,425,830,774,486,300,233,4063,257,536,253,280,256,245,1806,333,255,322,200,855,428,481,555,2094,451,342,411,360,264,407,366,376,232,412,2356,317,272,391,945,491,540,262,205,3114,257,549,288,508,881,520,283,248,199
1982,6,212,319,187,490,262,330,371,621,264,270,246,389,258,220,347,305,249,250,269,1635,194,219,267,418,549,247,247,186,1433,205,314,285,490,534,319,215,199,842,428,207,275,190,513,258,321,441,778,278,258,294,264,195,320,319,232,227,297,1482,214,216,242,373,331,274,267,228,1983,228,299,213,324,228,214,794,237,202,257,187,552,284,311,389,1061,270,243,291,239,195,326,329,241,258,252,1390,210,221,272,324,625,236,244,274,1669,210,348,210,286,493,703,218,203,287
1982,7,225,356,508,319,481,913,310,415,448,367,405,594,475,710,358,227,411,274,613,444,409,565,608,330,612,408,642,340,468,417,395,514,341,846,995,269,427,472,334,229,351,562,363,465,732,311,440,430,354,514,435,724,358,215,370,352,571,332,394,605,590,369,605,383,651,327,509,408,410,318,921,260,424,412,414,225,386,483,310,467,696,295,488,440,349,503,462,720,332,224,408,305,718,362,394,519,530,351,549,457,598,367,416,411,398,358,500,327,831,260,425,370
1982,8,252,459,961,277,544,420,734,1408,504,526,740,483,858,526,357,1129,850,450,1031,339,253,1311,394,358,542,450,575,475,289,890,576,439,408,670,1373,325,974,712,588,264,541,690,269,504,438,752,1813,453,623,959,776,459,364,1142,871,503,1372,420,260,1314,405,318,450,461,834,732,314,679,447,567,1100,328,798,678,394,295,571,699,263,552,391,738,1243,386,498,863,982,540,303,1123,898,772,935,338,265,1204,401,328,633,629,683,567,352,751,669,466,510,503,666,300,934,701
1982,9,309,589,538,198,509,239,1420,398,459,327,203,688,314,374,424,1505,703,346,974,229,301,2200,250,390,1008,336,353,209,218,2446,279,801,541,700,413,953,395,519,640,328,569,763,189,497,300,1213,471,531,348,331,491,1051,432,1891,683,297,516,215,328,452,474,341,729,306,218,254,210,1073,348,212,522,1039,456,658,288,265,736,1090,194,481,382,1515,480,448,272,1175,363,1364,630,1400,737,273,472,194,276,1337,535,370,660,220,268,194,209,1096,327,219,885,433,893,709,469,627
1982,10,241,422,888,246,191,418,525,314,311,191,250,1083,367,1796,644,561,2692,463,894,370,239,1032,423,223,1168,227,187,404,378,1030,189,340,327,565,204,285,590,323,1446,290,482,664,241,190,278,655,221,270,184,1341,376,1006,1108,355,746,354,1265,362,239,2289,230,239,803,190,221,241,467,766,188,843,202,297,475,314,306,218,564,437,228,219,590,462,227,252,331,547,297,732,681,711,1577,460,981,335,250,1108,257,259,1432,243,189,525,397,1662,191,1035,322,457,662,345,685,1513
1982,11,766,443,330,230,323,749,518,274,299,729,629,813,221,1184,690,471,403,272,745,399,437,1159,647,392,410,396,217,256,318,1853,331,287,497,1609,445,376,1207,657,697,798,289,800,248,286,720,505,239,313,613,290,221,1463,423,439,2692,342,697,308,392,640,586,371,630,443,236,511,272,2559,292,404,566,291,1911,260,271,716,500,1057,211,317,320,549,273,285,722,622,219,1435,532,584,1138,291,726,301,395,684,474,298,428,406,232,260,256,1394,336,292,1023,235,1235,384,380,518
1982,12,291,823,884,962,429,220,631,1048,592,770,815,1490,903,434,398,473,339,223,4323,227,443,878,1333,989,363,389,296,1559,2117,2866,364,1536,379,612,797,211,428,852,350,352,2221,381,1022,443,229,571,1005,443,1705,618,769,462,315,445,385,213,4200,324,485,910,1048,957,580,393,291,1399,1000,1579,440,598,958,299,339,1258,186,336,1433,360,896,488,369,739,1233,489,1847,550,901,639,336,500,364,210,3987,299,315,1354,680,1203,603,375,340,1615,1913,4198,328,651,2356,450,864,235,1100,457
1983,1,1333,1782,1709,486,589,350,1546,1156,510,1786,703,1634,768,706,1470,397,349,1014,5576,474,231,571,919,600,1482,314,710,394,668,5961,1446,2577,1170,964,2059,805,403,1031,882,902,904,3351,366,566,406,1374,908,595,782,2217,656,640,872,397,370,1243,2523,769,227,491,1270,470,1155,269,917,537,2149,8376,1591,296,1281,818,473,1081,667,1113,1072,2596,379,533,294,1460,1154,620,885,2803,723,847,1034,472,355,787,5181,637,242,579,2322,600,1196,316,876,451,751,6575,1471,354,1878,1060,852,1070,405,471
1983,2,1307,1053,2138,392,444,380,844,849,271,746,515,3674,730,1084,1189,1228,338,815,5504,769,351,1376,984,604,931,870,851,1251,468,7019,782,5170,1592,1102,946,527,828,923,712,1730,1321,1392,477,404,521,775,1419,260,1218,1204,650,1152,2368,921,364,879,5862,431,410,1209,600,620,937,873,827,1223,454,9039,714,940,2121,686,834,678,1201,1223,1149,1528,569,450,868,741,1516,279,944,1724,406,634,1644,1097,412,1215,4546,355,494,1326,591,631,969,895,1069,2594,516,6669,782,1160,2549,1812,1082,623,803,673
1983,3,534,1651,810,712,2002,1208,704,1726,247,3603,1040,3516,362,1059,2182,405,964,914,2548,283,524,1870,892,340,4033,320,1570,4131,1200,8850,2208,5819,577,1536,6229,2321,796,454,1207,487,1282,738,719,1453,1356,761,1814,245,5242,1360,504,943,2254,405,1136,780,3457,269,329,1215,653,364,2611,310,1764,4353,1039,4221,1979,944,3099,2343,845,516,1249,489,1173,887,568,1954,1139,641,1504,248,3428,1631,703,848,2882,425,1024,1003,3783,333,413,2374,822,433,3225,323,1972,3575,1442,6474,3475,877,7665,572,1353,1733,805,1165
1983,4,430,1637,463,416,537,1214,386,833,238,2768,513,2899,278,584,1886,288,434,363,1099,234,299,958,566,303,1488,263,1106,3983,1492,2868,2260,5314,927,779,2618,1582,430,318,968,462,1346,415,475,624,550,398,977,234,3065,1504,290,918,2180,285,445,355,1775,237,331,1365,729,279,2154,258,739,5656,1015,5030,2279,371,3996,2224,512,340,441,460,1988,469,404,590,579,393,959,241,2674,959,313,673,1874,291,476,433,1737,219,264,986,513,321,1814,262,884,3668,1144,4456,1511,374,5037,564,791,2062,490,1017
1983,5,307,636,425,223,407,324,417,479,229,1249,280,1021,228,1003,956,237,264,283,634,212,603,491,301,250,607,199,415,1014,533,726,455,2122,432,447,3723,724,616,260,519,304,754,363,228,423,473,408,458,225,1029,651,231,813,1132,233,278,354,1003,217,424,515,335,240,712,202,411,1356,565,913,463,265,2148,746,651,261,263,304,599,462,233,470,413,398,489,221,1068,588,240,632,1289,236,273,274,856,211,558,424,295,255,551,199,445,1021,484,633,509,293,1533,407,379,920,535,522
1983,6,396,282,251,194,233,217,235,304,230,430,240,686,209,479,481,236,211,574,447,219,220,437,259,206,321,212,303,618,301,438,350,1032,392,296,701,330,249,238,256,317,371,246,196,224,219,230,280,213,467,320,206,714,363,219,227,428,431,309,216,343,226,214,337,208,266,467,352,483,314,273,842,367,248,264,206,297,343,288,193,226,214,239,323,226,410,329,210,706,386,238,224,531,450,223,196,669,234,203,331,211,269,420,335,444,311,274,665,441,311,358,264,246
1983,7,298,451,395,287,308,277,241,510,265,386,332,792,364,749,397,502,435,945,360,545,265,312,469,371,734,523,309,379,404,292,317,525,354,278,515,340,572,296,470,390,449,297,302,337,287,250,448,294,362,443,346,678,330,607,401,940,377,327,267,305,506,387,768,548,324,350,403,302,323,413,538,314,541,293,289,466,479,349,286,345,300,238,500,248,390,427,351,699,396,590,402,1052,335,549,232,295,412,420,758,537,316,373,388,318,336,457,772,366,290,326,526,448
1983,8,645,571,1429,328,736,665,473,982,281,691,471,977,512,1123,813,514,490,939,958,422,370,636,365,575,761,420,517,285,920,1015,356,366,491,503,602,1041,670,520,679,574,579,1540,385,503,801,395,923,277,633,1155,523,1116,1164,378,551,1230,991,650,415,560,415,489,692,528,654,291,1044,758,351,419,906,1013,740,618,933,444,501,1132,424,494,760,414,675,277,552,952,403,868,774,420,799,756,945,426,448,517,438,717,895,401,830,238,1270,870,347,400,382,470,477,1072,694,643
1983,9,333,321,429,256,270,272,193,279,505,1480,546,489,449,316,378,259,532,909,421,421,614,589,222,415,310,267,994,372,1509,947,226,206,492,608,346,1032,409,334,1003,309,494,275,236,437,282,242,243,762,3085,435,322,287,316,237,626,868,388,505,471,572,212,447,320,242,903,388,1148,870,236,539,382,1060,288,1041,765,411,400,653,204,501,273,258,350,570,1658,546,344,439,409,270,772,804,544,443,481,553,198,347,341,220,401,390,955,861,227,279,202,320,390,381,310,832
1983,10,474,195,4407,525,328,240,314,457,444,623,496,292,187,223,308,537,189,231,196,187,638,583,183,196,331,336,367,198,214,233,437,293,589,1223,705,706,238,1492,566,336,196,2455,344,293,195,447,503,317,930,377,207,281,306,305,192,226,218,237,645,1060,185,182,280,352,465,196,214,237,668,313,366,678,220,716,198,446,212,2890,505,213,222,478,387,365,635,546,205,214,305,482,192,237,198,232,429,1014,190,187,370,244,1075,199,207,227,641,460,319,317,1272,672,233,370
1983,11,3045,347,383,529,355,281,229,385,207,769,571,584,192,279,604,314,323,444,226,293,439,916,378,596,313,184,283,518,228,789,268,364,260,1152,583,261,485,426,408,2325,339,465,753,362,311,188,215,255,276,742,185,425,646,632,564,249,233,262,489,581,271,519,361,184,294,837,281,618,220,315,930,239,410,572,1731,1549,478,426,591,365,284,181,367,196,355,242,184,382,257,440,255,470,246,302,813,633,285,465,259,263,264,602,295,571,218,411,356,649,1056,630,345,442
1983,12,1066,256,306,255,732,493,726,212,190,1885,505,1351,215,992,1156,678,1348,1691,215,2643,606,472,333,238,1302,187,2403,903,237,344,648,208,279,560,1289,690,469,1102,216,741,276,300,216,959,447,705,335,194,1222,658,286,922,936,1122,1060,1488,229,2080,597,441,410,227,1099,217,1565,334,203,592,793,809,1189,564,403,645,351,1475,208,296,221,1012,559,412,224,199,852,996,213,1120,1235,797,1429,1208,238,1952,503,355,412,323,1383,196,2653,709,195,534,943,887,226,293,521,595,454,221
1984,1,3454,283,9904,307,947,559,548,970,872,1126,303,524,363,1342,907,457,420,1337,411,722,557,6642,274,390,794,1107,1538,391,360,641,891,254,559,453,2816,422,281,1583,1115,2423,278,5411,376,1038,972,760,824,422,1043,1249,297,1723,950,433,422,1385,505,887,577,7225,418,407,1038,852,1312,366,481,475,878,565,3557,380,243,2543,296,4474,295,8278,472,1110,982,1241,986,856,1628,966,307,1557,680,311,326,2130,426,1425,621,5260,328,484,986,1133,917,283,381,656,644,569,293,794,462,373,338,1436
1984,2,3315,756,5889,484,1158,1173,987,429,500,1020,838,1105,606,1134,1018,629,288,1875,625,749,1039,5282,636,296,549,849,1174,569,1019,1032,941,761,1390,521,3341,466,772,978,587,3987,1065,13190,404,753,906,629,413,1057,1086,1110,427,1226,989,811,290,2282,706,813,1820,3072,327,228,453,1337,1711,376,809,1170,583,551,3499,426,710,949,293,3678,1065,9005,351,685,899,839,401,331,1096,1083,502,994,1272,759,298,2331,762,464,1809,4898,632,248,429,955,1979,670,1170,789,1132,536,840,1090,338,411,704,560
1984,3,1790,1483,10551,431,393,488,525,2288,431,1549,1822,1221,441,1958,1465,819,392,3490,521,472,2704,2308,420,1911,1455,1159,980,284,926,779,585,754,1784,399,12366,289,296,884,524,2472,1020,12325,394,381,553,513,2750,463,1181,923,558,1842,1376,774,441,6277,509,455,1923,2234,547,1255,2541,1446,1371,380,1022,899,674,3197,6956,280,267,682,246,2257,1030,10970,422,441,524,541,1688,515,1512,1001,343,1857,1461,725,382,4285,492,694,1676,2762,536,1159,2153,952,1316,269,879,913,731,2482,1052,1721,496,348,277,475
1984,4,1120,439,9038,213,787,338,662,1758,798,1543,947,753,265,2071,775,651,342,4791,304,386,2606,787,313,422,1230,1151,614,301,526,691,379,572,1220,451,3385,264,224,582,301,1096,519,5996,219,710,361,835,1291,732,1462,551,315,1609,794,432,365,3259,325,342,2414,963,260,379,920,794,690,304,433,633,443,1053,4116,235,216,484,220,944,388,5580,213,948,344,669,2580,447,1406,640,278,1539,789,435,465,3947,370,348,1945,625,314,385,993,1194,594,329,510,503,336,1050,736,1211,428,249,221,289
1984,5,530,311,4543,215,473,249,389,682,262,479,451,398,226,816,376,296,296,1179,218,265,798,488,228,281,535,381,345,308,271,308,246,451,506,301,665,244,200,331,229,492,313,3221,218,392,248,411,807,250,463,306,203,861,383,309,291,949,218,253,956,481,217,275,463,379,408,273,305,325,249,608,797,254,197,313,207,440,313,4124,217,428,241,410,661,385,534,327,196,1005,358,284,228,878,227,263,1068,360,220,289,466,371,353,279,287,352,254,651,310,493,236,249,198,225
1984,6,473,215,1329,239,247,203,322,404,295,337,233,322,220,411,244,215,207,404,205,214,475,259,283,253,272,262,264,190,230,301,203,258,298,221,547,194,205,241,231,360,228,1327,216,317,206,448,333,302,350,401,209,359,236,218,207,414,215,210,487,275,325,268,264,261,302,193,220,310,203,308,498,195,210,245,333,389,216,1418,209,270,207,333,377,292,326,302,217,459,248,212,219,443,228,214,493,252,341,242,263,243,255,193,228,311,211,321,303,295,257,214,217,220
1984,7,384,392,401,267,373,297,239,350,674,330,329,413,518,396,296,344,232,318,476,399,419,258,408,304,422,314,385,292,434,289,495,487,567,448,448,297,323,283,402,397,410,397,283,342,296,228,303,609,364,347,524,388,326,362,241,305,533,342,399,266,455,287,423,332,287,297,350,359,506,342,506,295,303,245,754,336,428,416,319,287,285,311,324,603,381,336,511,437,273,335,241,299,606,384,424,267,452,284,417,312,364,302,429,312,497,301,391,540,387,271,318,441
1984,8,463,443,527,628,436,364,576,1071,788,327,566,796,448,462,360,558,441,418,478,773,1268,355,271,496,1260,407,392,704,587,725,890,469,383,588,575,363,351,512,317,347,520,487,605,380,446,580,1338,777,300,818,466,461,321,673,427,410,503,886,1090,419,247,439,724,352,516,544,758,742,725,488,443,418,370,660,1288,351,568,407,615,502,500,599,1269,854,286,806,538,479,297,628,410,463,553,709,1321,361,253,527,1139,363,432,458,524,564,973,510,559,411,496,578,370,385
1984,9,289,607,551,302,572,339,276,478,324,278,413,446,203,366,229,481,269,522,501,420,463,427,579,430,970,225,287,312,538,399,900,229,660,327,198,1238,292,1250,292,274,523,492,371,613,405,447,478,364,286,226,252,345,223,419,256,608,543,451,807,355,403,559,2025,215,327,323,504,240,732,1001,249,791,295,528,536,269,537,511,392,555,382,242,480,302,282,239,220,378,214,505,327,929,407,476,374,359,422,664,1170,203,388,502,410,296,953,759,337,482,418,736,281,316
1984,10,422,1218,191,317,707,380,405,321,419,406,441,286,834,506,1012,214,1209,334,379,552,674,742,202,1134,891,1125,605,424,236,580,271,331,1663,446,810,2080,240,212,315,351,1925,213,221,636,296,330,275,353,365,257,844,540,995,247,1139,236,287,733,422,584,191,1622,454,1138,568,384,227,513,234,290,817,2073,215,272,475,388,1663,191,312,770,298,433,253,446,389,349,1077,662,324,255,672,228,366,431,536,665,198,1939,447,1338,432,433,217,282,285,266,189,2252,330,1573,269,307
1984,11,259,1539,2255,179,808,629,511,215,486,455,276,288,692,631,428,670,209,322,267,348,425,899,211,3011,451,502,763,356,1510,1096,244,680,919,303,554,757,186,210,191,487,1252,2046,200,647,540,1093,194,1909,428,1781,1038,1175,443,594,221,553,426,468,544,745,223,2179,458,500,931,393,1600,1449,250,395,433,368,223,329,418,355,1047,1801,180,1269,431,542,194,2044,300,1161,338,1237,1241,486,580,239,313,546,663,860,188,603,416,394,1118,356,1555,680,291,469,630,477,345,673,188,196
1984,12,1356,783,410,427,1071,257,885,555,2772,684,192,601,2223,1389,1335,227,453,708,627,1543,539,417,751,1954,293,273,892,372,2005,1894,200,807,695,2105,634,969,288,495,955,2146,481,812,430,1081,302,461,298,1461,387,653,1771,829,1684,202,548,508,486,1198,776,464,620,1941,372,254,1084,755,1846,1696,197,375,576,954,258,398,1039,1319,562,616,413,591,271,748,420,1923,662,1234,3266,743,1208,223,445,693,619,1112,336,317,600,2822,385,370,978,737,1543,2447,192,313,857,1166,1459,703,318,941
1985,1,702,1367,738,1280,1859,1410,437,725,2663,705,432,346,1890,716,1533,452,440,2080,420,820,389,2196,1980,4989,331,816,920,626,451,957,963,338,1627,1128,1352,737,400,804,1542,562,1035,952,1024,2217,1718,364,1340,3244,1036,549,1297,608,1344,391,400,1965,445,1003,409,1890,1885,3206,288,645,845,355,491,1397,657,241,1553,1006,660,1064,1300,679,904,716,921,2509,1414,345,651,4288,647,1102,1441,945,2264,418,518,1240,401,764,324,1537,1944,2438,298,958,790,462,626,1485,987,280,305,708,1252,1302,391,1594
1985,2,1669,1026,844,534,1744,843,586,1499,3540,715,796,279,2682,450,1450,401,753,1557,812,1129,594,8152,1170,2806,672,1657,2232,864,1179,1796,707,547,1173,2645,1080,1301,1021,669,705,2502,1098,723,403,1333,856,603,619,3770,834,1047,1647,482,1927,433,492,1252,680,767,506,4926,2057,4132,612,1869,2212,944,730,2307,982,362,1185,996,547,507,994,1971,768,699,810,2524,769,629,1515,3557,892,520,3449,510,1596,346,518,2111,990,1130,563,7426,2118,4012,611,1239,2306,934,1401,1721,703,267,466,774,4019,1214,1150,880
1985,3,1541,3966,694,314,3491,959,333,632,5830,638,434,462,3286,463,3718,712,519,1200,621,628,1308,3970,537,2634,334,895,7522,425,1921,4011,710,878,1417,4618,1480,2420,716,1495,869,1794,2956,831,509,3689,714,342,525,3102,441,653,3261,474,6029,868,862,1728,739,615,1349,5434,575,3166,322,996,5078,457,1916,4590,802,1452,2155,1439,932,1077,885,1436,2746,671,307,4273,775,325,681,5658,436,609,2516,507,4787,940,467,1704,470,729,1053,3537,573,5533,302,1009,3031,414,1758,6164,723,1184,878,1276,4990,1656,757,824
1985,4,832,3250,631,507,2299,536,284,712,3787,335,312,237,2226,347,2311,414,365,825,688,402,611,1687,454,2688,275,702,4284,294,1435,2949,537,374,847,3131,1230,1313,541,881,663,953,2543,727,465,2819,824,314,749,4449,321,1372,2582,299,2123,333,531,845,542,384,557,1400,408,2207,279,626,8517,313,1458,2472,477,491,1360,993,415,1337,682,1093,2314,646,447,2561,595,316,795,2939,357,906,1792,325,2424,390,448,967,614,393,612,1826,426,2260,256,679,11938,315,1317,2885,452,710,372,915,2085,1501,405,551
1985,5,490,633,387,309,632,390,254,393,1919,258,219,196,689,250,746,260,394,442,289,307,340,875,354,900,284,562,1778,224,505,1213,562,238,408,1014,486,423,316,514,356,428,616,472,249,617,368,281,339,1416,257,547,584,238,785,268,348,487,291,287,327,710,319,553,272,616,1519,239,456,853,537,345,490,421,364,367,362,427,548,355,242,726,338,246,422,884,252,784,625,268,702,263,339,513,276,283,305,775,324,913,224,574,1381,241,459,1192,564,350,242,380,861,557,244,398
1985,6,293,491,306,207,316,240,200,228,718,225,194,214,407,211,501,271,353,322,254,235,225,494,254,422,225,297,542,199,307,453,386,224,266,478,265,279,250,257,233,265,403,232,204,312,243,202,227,665,221,519,407,216,489,279,600,367,225,223,230,418,240,399,251,274,618,203,364,398,441,218,293,277,241,250,252,271,436,339,204,310,230,241,229,711,225,488,665,230,435,228,322,335,221,249,228,380,240,348,300,264,500,201,329,465,258,214,231,270,440,302,321,235
1985,7,350,486,667,273,302,338,345,390,472,329,364,335,789,391,287,444,392,375,474,400,443,525,383,393,347,368,534,404,925,459,313,291,436,553,350,640,360,361,364,372,471,610,291,319,352,375,390,456,383,667,883,346,311,417,406,351,421,369,409,524,391,379,288,372,383,403,652,477,329,313,339,564,328,370,341,358,445,620,296,297,323,348,390,495,365,386,703,357,291,468,604,350,372,423,371,535,416,409,357,315,525,358,711,493,297,307,285,437,483,619,351,330
1985,8,382,492,737,412,547,274,737,787,781,418,390,561,1164,959,368,396,616,507,470,549,493,1123,999,403,468,367,614,617,1048,1425,453,416,666,431,323,749,322,554,936,391,442,1169,433,434,304,613,742,1007,323,355,2008,1437,345,341,579,391,538,630,472,890,1372,398,469,304,606,519,1342,1062,670,399,345,717,345,412,410,466,609,689,458,533,265,563,1013,1492,288,842,1412,855,404,291,426,473,627,554,489,1148,1215,454,443,455,447,703,1387,1134,1005,324,416,588,499,924,313,874
1985,9,908,374,598,380,245,520,275,390,750,359,271,1273,756,635,243,349,951,344,264,804,250,439,398,631,596,199,237,193,1101,357,398,805,338,397,1254,421,204,303,1102,1541,406,535,447,287,412,296,405,858,285,265,851,745,268,512,1252,329,253,796,375,389,367,546,312,197,284,269,386,338,305,349,1220,410,201,221,401,692,439,531,321,259,776,366,411,615,359,199,1108,459,242,338,1137,310,240,631,391,790,264,508,386,193,240,271,484,296,274,335,678,344,483,382,199,930
1985,10,216,526,230,341,453,193,378,382,723,2110,176,885,833,698,230,570,421,363,390,242,365,400,506,211,306,185,192,249,343,423,262,637,426,847,972,239,348,813,407,207,562,313,232,297,278,406,266,583,1720,263,602,651,236,1280,366,266,348,368,271,457,252,203,914,179,189,479,817,541,448,414,1324,238,1437,1013,225,497,399,410,349,313,189,469,201,524,1626,203,1006,731,218,826,288,469,358,462,188,415,249,205,295,180,197,312,874,769,502,324,491,456,495,394,1329,683
1985,11,194,1261,435,465,227,405,415,189,732,1003,449,283,531,569,606,1061,460,623,1005,316,345,876,4071,392,602,177,203,1718,223,491,357,474,467,1400,882,506,1245,387,2314,195,979,328,665,386,490,359,190,736,1068,717,739,939,713,308,265,733,745,248,273,760,2182,520,379,177,207,1433,229,248,188,357,453,514,230,315,388,197,1474,364,498,499,541,385,188,779,929,826,633,1262,680,734,401,302,556,239,282,837,1892,590,562,178,209,1352,236,210,192,443,528,589,1297,393,268,2853
1985,12,388,1758,2955,232,612,1079,202,299,1177,494,211,564,368,3394,1030,1133,455,271,392,339,211,298,1899,312,232,192,220,1184,212,255,2044,1716,343,631,707,541,1005,612,1713,434,2140,3260,241,281,1270,199,247,1098,531,1043,444,2791,913,935,578,296,485,401,326,508,1862,295,225,178,207,783,215,243,1501,339,775,504,1058,465,183,481,2174,3087,240,254,594,225,207,1193,723,684,389,3144,1029,953,299,394,763,343,284,328,2075,329,208,176,201,1393,216,295,1930,524,1234,260,962,709,773,697
1986,1,4419,6188,2012,1377,420,690,449,2280,2367,630,646,997,564,11656,1838,377,466,649,315,236,607,418,1708,308,230,189,1688,1210,1888,953,917,479,5698,451,3000,1285,1348,787,1562,3608,3861,1295,1453,607,485,436,1373,2149,727,382,707,11592,1664,410,455,797,278,246,1262,432,2003,275,242,191,2381,1808,1261,823,1101,246,3090,743,885,688,246,3660,4200,1759,1228,409,1283,453,1785,3167,506,557,681,10533,3166,354,641,495,332,234,1012,389,1569,308,216,238,1475,853,1111,579,734,244,1334,4192,435,1311,1519,1288
1986,2,1035,4734,2177,818,275,723,507,509,2805,638,1213,949,728,8336,1157,551,443,772,256,483,1355,891,5340,511,227,182,314,1061,895,884,807,939,2763,1759,2254,456,707,557,1700,1649,5895,2062,898,231,1007,550,1568,3793,624,607,622,8254,2091,757,391,797,270,483,799,693,6138,576,220,180,298,1183,1751,595,560,231,2847,1016,902,827,195,1167,5441,2836,811,232,702,407,436,4168,680,549,685,10840,2270,706,411,915,267,545,739,830,4258,486,212,191,330,1645,1516,1248,681,270,849,4893,1986,387,467,1823
1986,3,8576,2188,2550,2153,225,1012,1659,475,3841,724,274,745,431,5647,2919,1064,835,789,881,1529,2101,578,5735,355,275,1688,462,874,934,620,2960,1417,7264,2698,1773,626,2025,590,2339,4527,2665,2507,2316,221,1357,1496,528,4624,806,2050,490,6019,2389,777,1023,711,674,2240,2226,789,7638,398,354,1669,344,738,932,683,2526,1588,1915,679,1671,487,214,4755,3844,2249,2099,210,881,1436,513,2574,639,2535,427,8489,2148,984,900,719,691,2488,1827,528,8772,447,284,1408,391,891,1004,683,2397,2645,3010,7650,4452,694,4339,1632
1986,4,3300,1732,1697,1754,271,645,946,420,2526,438,281,722,339,3488,1003,833,338,315,358,740,1303,486,3494,303,207,1339,648,537,574,469,1180,891,5016,2379,982,1362,3367,325,630,4756,4045,2387,1084,299,746,953,444,1968,465,1193,423,3682,859,1342,415,341,687,774,1159,583,2150,282,203,1388,962,409,700,371,1864,1036,805,978,2461,393,315,5050,3626,1828,2060,277,787,732,363,1509,450,1009,498,2958,696,1181,383,312,580,509,958,466,3031,254,193,927,912,443,578,411,2109,593,1013,7189,1300,1461,1690,831
1986,5,712,1106,983,649,257,422,359,270,973,513,216,307,312,1990,457,881,248,247,319,558,447,297,1080,215,196,836,1448,289,360,265,584,401,1517,611,464,748,519,273,370,802,1107,651,1007,289,373,356,251,875,397,622,346,2016,504,513,261,256,308,513,470,307,815,214,197,806,895,275,360,253,629,323,379,1065,478,268,182,976,1400,900,633,311,383,445,245,673,396,562,329,1206,433,643,247,253,292,826,444,267,918,220,198,1097,1492,296,413,267,626,427,473,1206,562,855,510,374
1986,6,347,376,374,374,198,277,290,236,479,223,207,256,215,867,276,290,231,211,259,361,277,219,426,197,182,250,385,217,232,270,288,318,613,455,278,394,308,219,267,389,371,437,347,190,268,293,216,367,234,255,219,620,295,247,253,207,276,597,273,218,375,193,188,349,442,224,230,269,296,306,253,324,370,204,187,406,496,329,371,184,265,313,208,344,229,263,213,520,308,265,236,223,297,381,276,211,375,190,182,301,353,217,233,305,279,283,331,552,394,318,336,269
1986,7,371,740,407,279,452,267,292,519,590,308,449,566,273,304,377,354,333,482,318,654,427,300,585,405,697,241,460,343,437,431,309,435,276,481,238,650,405,329,382,372,694,414,262,507,252,276,527,713,333,239,266,318,389,393,333,559,370,463,384,305,559,364,799,237,426,340,459,415,296,564,240,550,347,328,417,410,582,429,259,479,264,298,536,663,309,242,268,287,397,420,358,497,337,911,402,293,522,400,667,241,435,346,419,418,271,583,496,280,545,644,394,379
1986,8,346,552,615,264,450,298,316,896,982,371,942,676,294,949,242,411,608,1092,383,452,401,349,1664,1454,471,697,467,241,676,956,370,786,452,777,350,608,982,267,470,330,575,472,246,393,325,302,673,1564,415,621,332,738,268,434,651,1656,395,477,401,484,1133,1256,400,734,511,251,582,913,441,717,396,688,1142,297,615,284,569,662,244,509,272,303,939,1112,370,551,286,734,276,389,537,1128,364,441,405,464,1821,1527,529,669,605,247,609,929,427,692,758,447,639,906,821,556
1986,9,191,699,281,386,593,201,253,541,939,479,531,595,243,404,260,422,1188,629,320,297,231,289,456,596,360,306,386,290,236,887,342,441,520,594,374,1660,899,350,429,198,736,749,223,504,188,361,698,642,465,792,226,1206,244,427,1618,860,367,313,268,190,507,552,280,329,375,246,216,1305,342,376,490,1313,717,267,458,208,828,547,299,407,222,260,703,582,597,745,231,1594,245,338,1047,1498,473,349,219,230,375,616,346,470,311,263,203,1036,311,709,463,514,553,3517,1007,557
1986,10,182,902,924,181,290,189,188,422,231,393,566,748,198,845,183,461,206,985,477,259,440,201,216,342,426,699,365,178,299,659,282,291,189,253,187,888,1250,497,320,182,1350,738,303,529,190,186,373,231,394,349,299,274,182,777,202,556,492,353,338,222,205,373,469,429,1002,189,299,329,463,1006,188,848,538,330,433,181,1589,578,199,678,194,190,478,222,393,462,289,299,182,328,222,500,390,341,452,190,209,841,490,614,1025,179,278,564,498,618,247,190,357,841,1321,224
1986,11,227,963,763,339,750,211,280,613,600,272,409,514,389,396,301,528,329,262,239,453,197,379,307,771,1426,660,1450,175,528,1678,563,675,563,339,215,417,619,724,569,229,511,947,339,400,344,264,627,641,277,859,298,432,298,388,292,229,204,490,340,415,272,873,4657,981,635,175,532,3336,318,356,265,593,1335,739,189,203,1114,686,391,350,367,295,504,508,305,569,312,319,251,758,293,231,285,517,240,209,279,457,2266,646,566,177,508,1319,325,402,534,888,365,388,1028,677
1986,12,331,2403,388,274,342,421,778,288,1257,1030,537,434,1882,531,177,435,1294,461,458,276,236,191,263,314,1324,657,2532,278,691,1210,602,216,542,200,283,2088,749,259,209,327,1651,357,327,301,238,457,275,1245,1133,1503,2216,476,180,469,1102,398,374,246,340,217,242,266,324,507,1581,435,915,994,1149,349,264,1967,625,294,759,242,2351,672,233,379,201,744,258,1497,939,1399,4012,349,190,456,1156,352,431,217,251,384,265,323,776,503,1862,545,1063,2621,1434,391,257,380,231,1314,332,234
1987,1,480,2137,293,283,464,217,608,318,825,515,938,1213,1607,1041,1556,2359,750,1090,1347,495,6217,223,455,596,374,346,3549,1408,668,953,1818,259,535,1205,214,1237,393,1371,1509,412,4734,296,421,534,184,1285,352,896,651,517,1323,915,1949,2477,1123,590,1427,450,5382,194,433,794,360,385,3836,1254,493,1314,629,589,248,1387,393,1514,633,404,3965,283,334,595,179,704,364,807,800,664,844,1282,1311,3473,1204,878,1151,671,3266,182,357,658,393,404,1964,1310,511,2978,488,630,364,385,1359,1042,340,1612
1987,2,650,4835,2301,594,342,443,450,984,576,882,467,954,2348,629,2439,860,1320,774,1001,401,1324,190,1015,875,553,693,6001,1006,939,5582,406,273,495,600,357,1582,866,818,445,534,5849,3063,733,407,400,371,1110,449,892,1700,2043,832,2097,828,1410,1582,940,451,1683,202,1295,519,390,789,5100,1002,957,3986,560,1703,373,1859,825,602,423,773,3394,2342,529,427,415,397,696,522,989,1587,1976,813,5197,786,1402,1337,961,375,2814,238,1147,748,445,1167,8601,822,776,3541,487,1573,246,440,723,1194,960,495
1987,3,1273,4823,3085,593,234,916,282,1391,485,1735,1142,474,5929,883,1595,955,1503,659,942,1136,895,316,1576,354,611,660,6830,1494,994,4670,673,433,853,1423,353,1037,523,497,314,1432,3260,3168,386,227,839,303,1752,517,2076,1116,6248,836,1315,1299,1193,559,959,1284,1141,283,1982,349,542,690,6148,2013,864,4319,569,709,325,1471,435,592,377,931,4407,2220,535,234,865,333,2247,433,2309,981,4274,941,1057,1089,1102,588,1361,826,1026,430,1930,360,677,382,6281,2224,1150,3970,514,828,305,1032,897,1542,437,309
1987,4,747,1633,1933,642,229,248,251,2303,353,1331,404,634,3051,560,1434,781,1312,364,620,357,552,214,908,296,522,324,2872,1221,471,920,442,219,521,667,477,678,393,309,413,990,1028,1514,475,229,289,243,1831,345,1786,498,3360,569,1219,960,1511,354,655,401,519,261,731,306,377,330,2514,1053,777,1133,574,505,483,747,397,337,247,1088,1853,1763,543,241,258,236,1781,346,1796,561,2444,528,1218,1058,1923,363,701,453,580,224,538,333,415,339,3530,809,553,1019,483,500,217,429,891,921,389,323
1987,5,286,622,523,251,207,217,202,1243,261,550,396,402,812,366,550,1702,1165,297,321,281,344,213,369,469,300,260,1095,485,294,475,460,194,266,597,264,388,349,240,223,304,487,475,378,215,218,206,1169,268,576,350,799,375,586,1116,1113,250,283,268,345,210,353,348,277,259,1057,422,293,476,537,262,278,445,422,241,215,381,571,478,358,210,221,201,1347,266,528,338,640,360,424,1629,722,280,308,286,344,211,337,401,282,252,1336,486,324,505,398,268,191,252,573,487,491,221
1987,6,231,502,311,301,204,252,189,508,211,357,293,254,399,265,270,432,352,218,218,200,297,209,232,374,240,244,496,493,363,271,762,222,223,247,250,244,218,205,209,233,399,296,367,197,225,188,459,201,456,252,441,283,286,968,349,233,214,198,272,208,242,390,215,257,529,463,305,345,477,209,228,290,218,214,193,232,534,292,343,204,249,187,715,200,421,243,356,260,288,454,329,211,221,196,326,237,242,357,261,235,473,434,292,288,691,212,206,261,241,314,234,206
1987,7,524,778,348,549,532,304,270,402,625,575,319,254,294,473,516,500,381,252,304,310,267,618,339,437,236,639,492,303,467,331,267,312,468,446,545,391,395,335,478,546,622,332,462,509,491,250,380,543,535,272,309,417,518,532,463,304,395,385,304,762,365,391,240,526,443,325,431,347,333,276,526,410,440,312,282,550,804,328,630,427,435,251,474,514,521,283,301,471,435,474,388,280,243,274,273,850,346,424,244,519,457,296,459,341,283,284,299,430,379,386,438,438
1987,8,815,1545,883,667,488,635,319,923,1303,433,706,273,531,566,493,658,465,387,372,663,292,1780,1460,660,250,2074,528,390,570,586,288,651,756,527,429,505,1133,366,817,827,1744,1164,656,571,556,310,828,973,410,344,536,527,441,666,404,374,360,727,314,1394,782,685,265,1130,684,456,591,553,301,554,426,464,992,340,490,834,1968,735,725,555,422,298,1170,1050,590,336,487,535,460,1128,485,358,305,858,300,1009,828,689,277,1937,668,444,726,664,313,545,510,970,495,574,1124,703
1987,9,1353,1712,432,200,253,240,229,712,753,523,328,485,969,527,805,599,481,210,332,682,208,725,418,1454,276,355,980,277,244,231,259,672,1324,799,284,291,428,498,312,1049,1280,507,250,204,265,217,762,1447,459,380,914,602,745,636,356,209,373,634,213,1410,648,1049,266,461,894,249,381,221,232,356,374,269,396,554,223,1421,586,770,204,247,230,211,558,1182,472,375,820,306,820,356,342,197,312,246,223,693,540,1368,279,302,942,243,227,203,309,417,464,1147,631,283,419,322
1987,10,248,465,214,186,854,280,221,246,1038,2745,306,473,451,923,426,904,351,450,203,238,277,1499,547,650,180,387,276,889,314,213,275,257,405,456,227,185,1076,1273,294,475,484,215,184,492,356,199,267,1008,1777,532,476,838,641,589,373,491,195,306,212,2368,425,686,177,327,295,894,262,217,225,400,186,204,416,1042,299,238,1210,209,185,901,314,240,261,1383,2474,389,548,1125,332,747,402,562,194,394,282,2855,549,727,180,360,241,1282,239,262,225,391,199,368,292,194,661,398
1987,11,229,3407,256,539,4309,308,654,258,652,775,346,1436,893,299,752,519,417,900,187,241,189,1799,1037,239,471,518,552,1028,239,310,209,482,471,376,178,203,325,430,387,244,1388,226,360,2414,313,1011,286,821,1616,457,5947,310,1415,668,320,694,188,230,287,466,2026,344,389,901,574,743,269,234,226,377,202,216,914,435,657,228,1592,249,578,1326,220,668,313,491,1144,627,3036,268,1333,565,408,808,187,238,179,507,1171,386,548,519,577,642,220,289,258,484,533,428,653,217,713,280
1987,12,234,687,226,325,547,245,320,2143,510,357,350,1424,3772,374,688,1192,1247,380,2220,652,572,861,1325,338,1430,534,507,2638,398,277,304,313,463,506,328,285,270,271,1181,227,1154,213,496,592,240,243,2102,526,445,335,487,397,363,1881,1125,437,1641,340,449,1462,1498,381,1214,371,1035,2664,479,403,484,583,315,250,461,297,794,234,1267,204,247,1483,316,229,1707,478,395,237,468,372,441,1752,1127,370,1665,486,420,1261,1733,461,1196,303,1042,2319,529,249,547,752,483,934,395,257,401,1270
1988,1,746,12094,636,209,701,264,496,1092,553,1451,4291,873,501,1729,277,1230,342,261,1022,2588,1742,3806,990,1041,745,573,1162,4153,254,315,910,373,1409,566,684,302,1588,614,924,952,6848,827,252,668,286,298,2441,538,1764,374,388,1506,292,1315,408,291,883,4035,1784,2487,1300,727,903,683,525,6062,244,330,599,639,743,397,1557,1100,762,585,11866,761,226,1343,252,424,3436,617,1903,672,553,1648,279,1058,422,301,1519,5772,2244,3686,1086,1141,911,563,469,3274,324,284,438,495,271,628,756,436,2116,681
1988,2,600,6159,1040,478,1449,1219,231,3840,809,2077,2268,1130,546,1296,1008,827,1974,508,1538,4063,606,3372,1993,740,332,717,1631,6141,871,491,887,226,1636,442,1018,940,1107,1098,525,819,11758,572,453,1469,860,487,2461,948,2160,889,472,1573,1039,1174,1450,322,2229,4254,662,4044,1787,1060,400,580,2794,4543,457,513,665,466,1554,424,1161,725,893,876,6872,782,300,1008,859,264,3005,1340,2746,900,623,1078,740,949,1988,346,1297,3569,685,4212,2339,661,393,658,2803,5946,480,406,900,711,224,1884,365,790,699,805
1988,3,1257,3201,559,343,3290,1696,227,2084,1449,3359,1907,1668,444,2447,1699,1359,724,457,3747,4037,931,1614,1020,589,940,1826,2561,9377,1594,568,460,331,2356,296,796,751,1012,1430,1023,1002,3015,644,409,2048,1999,225,2108,1154,4593,874,347,2837,1205,2047,1166,715,3764,4381,780,1741,963,573,841,1444,2740,6342,1873,340,463,472,560,1198,1269,1273,1441,944,3109,601,372,2568,2240,218,2218,1052,3697,795,391,1892,2092,2122,763,558,3855,2902,664,2216,1082,477,1045,2172,2379,6719,1788,464,435,377,365,2385,285,1044,842,958
1988,4,1760,977,318,235,1761,456,211,1176,656,933,568,702,749,2676,739,1238,497,341,1701,2135,450,1120,732,454,1564,529,1378,4215,1052,242,268,208,1290,263,683,453,914,826,616,1009,1414,373,214,2545,498,217,1277,652,1316,482,693,3559,1329,960,506,339,1629,1891,579,814,585,425,1253,751,865,5169,1346,364,279,1230,873,387,1429,837,1010,1372,1599,409,206,2114,434,211,1342,769,1506,377,865,2071,634,1096,479,345,1509,1441,654,917,806,365,1694,489,1134,5484,1460,259,285,1196,211,1236,254,330,878,492
1988,5,480,535,247,192,423,262,188,581,540,503,320,410,325,1838,375,546,448,225,544,1004,276,699,487,257,469,287,512,679,420,230,210,194,431,262,322,239,728,423,305,853,706,259,196,514,277,192,562,548,603,264,264,1535,361,489,395,218,432,936,283,528,478,269,537,289,443,1012,495,248,212,425,318,246,501,375,589,559,834,255,188,487,271,187,726,892,624,267,309,3388,385,585,381,231,472,732,279,530,402,304,483,281,518,1159,386,208,211,619,194,416,246,262,663,315
1988,6,253,304,216,206,300,211,181,269,619,294,386,306,249,964,441,548,271,191,552,559,283,268,322,281,281,241,269,432,247,239,346,212,285,202,249,238,345,255,260,265,365,220,196,322,216,183,278,690,352,218,254,716,495,329,343,199,570,603,345,279,292,324,296,227,259,464,258,206,288,258,241,219,313,251,265,265,459,211,192,325,217,181,305,414,307,213,251,726,317,346,420,207,620,447,349,256,340,314,380,229,260,559,261,232,296,236,205,268,197,216,281,230
1988,7,276,457,395,569,852,382,563,411,414,311,607,314,383,571,339,431,712,637,492,531,558,439,369,274,788,581,328,399,480,451,628,575,561,225,381,324,568,324,268,272,452,396,529,698,370,575,470,331,299,261,390,557,363,574,602,665,590,586,575,443,356,269,704,576,274,380,484,378,728,248,349,353,556,329,271,260,425,440,571,897,368,511,433,396,302,261,378,526,462,460,591,755,577,758,519,421,333,257,701,526,327,357,477,394,653,276,725,565,226,333,613,285
1988,8,308,373,529,591,957,448,688,587,374,510,735,512,404,809,454,627,725,535,528,461,565,492,874,809,2027,646,461,646,349,416,504,762,573,1077,936,419,781,329,390,245,459,579,811,1361,506,858,644,413,807,479,395,805,396,527,645,539,436,378,612,559,880,1381,1059,703,442,582,361,448,671,420,785,414,776,372,291,257,486,512,674,1430,479,903,736,417,501,573,590,1015,420,686,734,664,427,492,495,481,841,1134,1102,918,401,531,339,397,497,464,1135,534,683,418,712,372
1988,9,189,442,369,417,994,697,250,1121,493,379,549,573,1027,459,198,678,534,678,363,341,294,692,1453,798,378,722,751,448,194,352,408,634,251,1895,1068,253,1331,451,234,216,624,279,413,722,880,237,1093,394,236,326,1346,458,199,677,473,508,461,706,557,674,472,470,1112,722,1247,526,196,282,368,557,707,228,1687,476,753,192,362,520,453,563,737,331,431,531,455,283,1045,397,225,538,609,516,486,734,595,439,1440,493,916,329,856,541,221,248,540,427,516,294,1433,277,1806,273
1988,10,192,510,281,185,239,418,238,822,326,669,196,204,262,211,519,2122,275,293,516,671,672,337,319,205,762,606,639,571,187,314,307,4572,289,5527,317,202,851,385,179,258,237,447,187,278,374,282,503,292,777,209,348,208,517,522,273,266,505,311,323,297,1055,198,364,362,551,655,183,257,302,519,971,193,1203,299,482,217,565,313,194,254,316,287,1007,289,655,199,290,207,683,2645,236,289,400,330,325,803,329,203,370,913,683,549,187,290,271,528,5635,345,8417,186,1094,178
1988,11,505,354,235,364,230,295,703,293,416,213,309,413,1028,202,533,525,1150,339,477,404,349,924,332,188,1119,1072,473,684,211,426,514,494,289,1692,234,200,858,739,390,327,547,187,363,208,957,701,338,575,220,298,1013,198,214,1780,1070,532,449,279,465,1034,330,187,1372,727,400,848,190,1610,530,449,307,187,778,837,415,236,317,187,425,210,611,538,711,613,216,323,1280,206,418,608,1467,524,623,318,555,705,307,187,996,1153,451,976,184,1445,521,496,586,555,1781,196,421,315
1988,12,284,584,241,861,1175,3183,410,264,356,1614,1111,437,1204,199,405,748,1012,269,239,242,1015,571,434,207,1512,1085,295,390,201,3384,1112,406,757,2283,262,292,4635,731,226,401,497,355,629,689,950,544,233,267,761,314,1903,203,464,1197,1297,205,269,281,652,855,421,205,957,1910,416,442,198,2669,1076,561,283,320,4379,813,484,535,637,304,614,907,2646,472,306,345,1886,255,1036,197,337,869,787,223,276,297,837,782,323,191,1327,962,321,399,294,2567,987,498,478,342,1859,351,2652,348
1989,1,846,552,454,968,579,1718,251,2266,712,1778,1056,579,1668,1183,593,505,1790,689,343,1549,400,1331,333,2222,1035,1325,402,299,343,1215,2943,350,300,1790,1623,1188,1933,2317,353,1039,432,306,956,1143,2582,287,1274,776,3255,216,1312,619,563,468,2195,454,394,1659,577,570,392,2386,1539,797,634,332,568,763,1889,3742,2730,958,1859,2346,484,1161,598,276,1348,699,1629,258,2247,694,1429,352,1537,994,700,458,1971,704,550,974,476,1158,277,2088,1590,883,505,317,612,1049,2128,8648,368,336,1408,986,2688,488
1989,2,477,2792,242,1336,747,2573,612,1113,3000,3956,1080,1201,1033,622,567,476,3511,568,661,1308,712,2202,571,910,2230,1549,402,242,1322,1320,1097,317,2257,1150,2157,1040,1405,2568,844,319,1777,225,1753,1248,2989,629,3698,2002,9058,190,1177,1241,600,501,4591,775,877,1189,635,2628,493,602,2267,2179,282,264,1168,1711,1029,10293,1703,1149,2538,1678,727,483,2011,215,1476,1158,2411,485,950,3062,4206,187,1107,646,375,382,3366,443,930,1971,820,1674,363,556,1694,2193,294,261,1174,2617,1161,3949,339,2159,918,1279,1802,422
1989,3,532,1696,1791,3165,850,2052,412,2653,1582,10560,1319,3054,2973,741,474,1629,3431,754,2095,1146,314,2648,720,2526,2053,2469,348,277,709,8371,816,404,522,6290,1224,1877,871,4376,675,652,2541,2486,1615,722,1649,360,3062,1221,5595,513,2694,544,496,1115,3524,730,1647,968,357,2376,652,3901,1277,1518,352,317,696,7470,855,3476,1783,1819,1271,2255,456,503,2355,1492,3027,588,1860,582,3418,1379,8923,621,1897,651,370,1735,3848,689,1536,1473,379,4079,668,2472,1732,2925,315,289,913,5082,845,3741,403,632,2882,1510,867,809
1989,4,311,664,955,1911,420,1078,277,4119,462,2403,1327,864,2653,648,290,674,1576,309,579,1185,425,4853,317,4270,880,1296,225,1129,492,3240,551,1605,597,3653,629,1210,661,1640,358,296,757,919,1669,432,787,259,1974,479,2075,446,8067,856,318,736,1359,292,665,1780,337,3901,291,3633,792,2322,226,918,442,2715,605,1546,554,986,737,2113,358,322,815,1203,1631,389,936,302,4887,446,4073,310,3259,710,321,561,1647,488,543,1231,442,3674,279,5340,934,1933,227,494,424,3186,662,1673,756,541,4777,1232,541,524
1989,5,300,335,329,728,247,483,223,788,286,834,466,417,1730,472,256,352,518,234,347,598,284,2244,217,3992,660,621,198,267,277,1102,341,475,300,914,363,489,415,787,286,292,386,332,728,261,403,242,836,292,831,210,1152,398,272,358,598,226,298,554,304,2303,220,3510,541,649,202,263,284,1046,319,793,351,555,359,817,237,249,349,321,763,265,431,234,919,318,1428,192,1922,338,250,357,512,232,361,563,267,1852,212,1796,634,614,198,505,285,943,316,848,1244,297,1033,709,414,245
1989,6,195,282,274,357,265,308,205,377,226,430,409,285,517,221,207,236,288,211,228,273,395,533,392,631,387,350,186,203,231,447,244,338,244,451,253,257,358,317,219,195,345,247,357,277,261,194,370,223,393,185,485,213,204,264,273,194,221,275,294,447,248,691,320,370,190,211,259,443,231,347,260,266,273,317,199,256,319,250,369,235,284,198,445,228,534,184,470,222,205,238,351,196,229,300,501,539,250,453,328,351,186,202,241,416,252,347,387,228,549,295,255,244
1989,7,243,358,291,867,398,609,284,528,289,547,296,247,701,308,505,703,522,272,368,347,601,377,312,741,338,290,330,506,427,306,444,509,273,385,455,308,495,314,260,254,340,317,931,472,656,272,520,281,599,274,646,387,456,716,505,277,265,269,599,454,330,796,341,302,313,425,376,283,349,329,406,292,583,331,286,254,370,313,900,488,641,275,512,296,593,297,804,319,436,644,522,286,305,309,520,440,401,690,323,306,309,532,415,295,364,342,532,280,420,288,571,248
1989,8,326,358,1045,541,495,980,666,1478,877,742,625,442,651,966,463,1459,716,820,605,357,442,504,541,1414,537,525,520,574,581,683,830,771,339,369,970,255,436,913,403,289,394,780,530,437,886,693,1157,943,614,327,796,1158,594,1437,815,841,987,338,565,361,634,1701,769,530,692,548,675,677,727,431,1201,241,390,883,642,281,340,734,547,420,794,694,1677,706,481,338,601,861,633,1374,912,690,746,374,431,372,467,1137,551,543,502,598,492,667,685,414,719,299,308,260,455,418
1989,9,183,315,267,1059,1066,867,382,337,434,203,410,249,656,215,656,278,429,819,413,205,240,352,205,3291,808,514,356,807,445,1372,659,348,298,326,840,377,286,1069,237,227,335,322,794,369,687,422,435,468,211,540,732,206,659,430,432,389,316,217,271,438,263,2010,764,798,274,714,286,1028,887,554,736,577,354,831,320,201,353,449,991,2083,981,478,355,389,235,552,977,295,546,276,411,681,290,229,305,351,247,1790,768,541,533,636,304,1508,510,296,494,390,407,400,255,270
1989,10,1008,455,657,431,504,566,208,198,279,243,205,1622,608,372,1365,261,227,200,196,221,254,268,411,320,267,195,687,924,237,499,215,1865,2982,182,255,198,267,218,461,1132,556,874,664,1364,922,200,200,416,224,771,422,471,1644,374,279,190,231,259,326,261,333,396,246,210,712,954,265,608,274,886,281,231,379,214,236,956,638,804,296,581,583,197,206,383,215,655,362,478,3386,478,301,200,236,227,309,207,436,318,294,213,399,369,267,350,251,1877,945,4817,182,265,323,575
1989,11,1188,256,1190,1009,379,2785,291,293,258,191,334,687,221,819,1573,462,535,241,214,200,185,385,316,544,335,203,486,565,2088,833,872,626,773,295,277,1116,258,257,523,1262,234,1136,997,298,920,299,425,216,198,755,203,506,1569,361,433,281,182,220,181,521,282,433,759,244,415,502,1714,605,522,2065,579,860,352,233,320,1410,263,1482,1366,326,2039,345,495,223,194,723,218,848,1081,306,294,325,182,219,182,493,250,542,760,209,345,1240,1317,743,1073,921,886,721,339,2033,301,600
1989,12,267,680,702,1336,680,1767,517,747,191,243,717,2191,370,1825,431,508,320,1430,231,267,594,1599,236,1728,2710,525,338,691,488,613,1550,1491,641,837,1988,329,370,436,1463,327,707,393,1123,674,3186,614,542,208,228,443,415,2228,393,557,343,1282,258,242,411,889,228,2884,913,344,377,616,485,935,1748,327,1827,655,204,426,250,282,913,488,969,600,2284,579,432,205,216,697,382,1851,356,427,455,1008,236,233,505,1667,191,2255,1696,474,433,699,943,397,1310,309,1669,660,397,276,200,1024
1990,1,389,2032,327,3814,518,2802,286,368,1233,672,1260,760,1048,505,1459,1860,548,612,374,1786,1946,1753,237,1569,1452,488,684,645,1285,1182,704,994,471,411,875,1466,4065,936,384,368,1065,327,3407,714,2143,239,488,1220,1354,1497,935,483,994,2402,624,755,314,1732,2050,3406,212,1439,2319,548,928,724,988,1249,694,524,655,1313,4932,1601,201,325,2006,403,3093,603,4363,266,359,1135,1100,1220,983,524,1042,2382,595,852,288,1994,728,2474,372,1420,1351,566,940,632,1315,1501,813,456,798,489,951,1124,2194,518
1990,2,280,1143,321,2749,1243,5719,354,582,564,941,831,762,696,607,1297,2583,242,634,212,570,587,7026,285,6020,1622,592,2000,843,715,1069,493,710,551,635,1162,434,666,879,403,287,2140,335,3380,1337,7317,345,467,816,257,3392,860,547,2415,2969,245,305,186,777,532,4302,351,3300,2305,495,1836,900,773,1488,444,1086,941,507,585,371,309,334,1251,355,3727,1108,4242,447,650,687,366,3621,708,710,2019,2135,290,694,237,914,1975,6625,331,3932,1028,441,1443,813,824,984,543,1114,713,551,572,491,1082,357
1990,3,1029,1580,1072,1722,573,5152,728,298,423,622,883,2507,476,3127,2558,2709,714,320,224,543,380,5182,382,3108,1732,392,841,656,1461,1377,493,485,4048,1758,2007,1347,1080,2791,583,924,2975,1039,2134,600,5956,754,252,541,436,6144,385,2822,3941,2824,671,355,250,378,381,6544,425,4656,1518,421,796,726,1021,1736,467,1078,1972,867,887,2055,287,1063,2840,1446,1975,552,4041,774,260,562,586,6579,487,1427,2976,2659,779,323,218,367,441,5583,469,4428,1505,475,1013,724,1366,1066,447,757,572,2103,1433,1558,930,741
1990,4,283,1235,1040,1093,321,2062,257,232,292,286,1058,4174,297,1874,2594,1663,431,266,233,285,479,2879,897,1149,878,280,409,364,834,739,429,353,1237,1133,1077,658,567,1337,525,529,1463,1306,1185,344,1571,244,226,295,274,3592,288,1948,2356,1506,384,249,207,280,402,3720,911,1460,749,262,431,368,753,697,420,946,830,915,565,1327,185,320,1110,1628,1085,311,1618,269,226,315,372,3472,309,2559,2593,1746,416,259,207,292,416,3404,1080,1795,979,249,425,390,966,787,406,1320,473,1586,1445,498,758,403
1990,5,255,415,803,715,238,588,211,199,249,246,1292,874,231,718,785,612,306,299,217,230,240,1309,588,639,484,212,274,340,409,451,316,283,421,578,433,315,329,635,272,260,483,1039,611,246,566,209,198,244,239,1436,230,1661,733,610,264,289,204,229,238,1986,351,557,424,208,259,334,380,711,339,1003,405,492,339,435,184,256,441,808,695,239,603,213,200,246,256,1888,231,1125,1009,566,274,272,187,224,272,1690,381,588,459,213,267,352,407,554,332,1001,319,430,397,404,323,264
1990,6,219,265,322,284,203,415,193,206,259,208,597,410,337,457,352,405,212,210,177,194,208,523,232,406,267,212,217,359,259,432,204,242,259,333,307,362,252,273,212,245,263,333,321,208,366,191,207,217,192,796,361,516,329,394,241,199,176,202,203,571,211,407,274,225,216,360,267,348,202,357,281,277,242,277,212,243,261,306,296,202,331,193,202,252,201,697,283,333,327,374,208,225,186,201,209,700,227,426,278,206,222,262,265,411,206,409,222,251,523,321,248,208
1990,7,230,304,316,335,388,285,339,359,395,407,537,301,437,915,245,526,285,481,268,340,429,717,336,306,320,437,307,758,280,587,296,329,357,513,427,348,510,397,343,228,308,345,328,337,314,346,391,398,354,918,446,681,254,425,293,403,364,309,434,585,345,308,318,446,280,713,296,563,309,497,426,422,515,406,477,217,361,349,327,370,294,346,355,363,395,1002,492,884,254,493,324,369,240,314,416,529,349,336,319,442,281,585,307,496,328,474,308,359,514,423,487,387
1990,8,555,441,567,595,281,524,591,372,622,345,594,340,1165,828,491,538,666,829,301,601,489,362,1236,352,723,536,358,601,545,336,378,339,345,596,503,522,666,917,413,462,426,523,445,324,524,537,349,883,410,1419,1052,873,391,514,646,584,353,769,447,377,1109,332,478,624,421,744,559,270,351,849,502,337,779,729,350,480,369,521,487,260,514,398,523,851,365,1050,971,562,498,519,698,613,385,471,656,470,1727,283,442,578,418,804,468,311,341,1221,349,364,548,304,577,450
1990,9,279,269,302,442,216,287,307,268,585,230,539,195,721,454,214,271,332,654,214,306,201,1266,836,252,203,733,205,426,256,255,298,403,246,586,453,204,443,529,503,394,190,273,379,220,310,363,291,405,421,689,658,492,244,252,258,376,213,211,278,1822,583,274,267,654,233,494,524,251,303,844,542,199,322,768,662,301,275,316,333,219,359,317,260,403,350,665,297,583,210,276,218,682,202,240,289,1514,213,287,217,541,235,385,659,236,261,675,416,220,648,212,493,587
1990,10,321,181,228,1233,177,366,290,190,978,451,206,302,378,443,192,200,182,1122,508,660,235,252,394,386,183,220,252,468,491,195,427,394,773,206,433,186,672,474,327,267,232,230,1138,180,368,302,180,1034,352,478,345,357,186,196,182,1315,764,1132,201,362,373,310,181,218,270,682,229,184,436,849,263,201,528,556,286,327,180,202,565,177,309,291,214,619,297,530,829,432,197,197,181,1022,749,559,221,303,253,241,185,271,204,696,299,190,565,853,560,1225,197,185,633,225
1990,11,432,322,328,1100,188,200,203,202,555,553,490,960,457,786,271,235,359,597,435,1362,999,505,586,254,206,329,274,777,563,449,648,366,576,368,1813,200,401,321,218,536,207,368,796,185,202,194,187,553,396,646,440,577,267,237,249,504,859,376,1391,708,839,427,230,225,295,1192,426,421,493,318,2011,184,313,630,226,568,376,263,3046,183,227,187,197,956,440,577,420,765,260,243,275,508,1037,1269,1019,629,762,428,194,366,408,853,453,435,426,726,316,417,456,198,355,306
1990,12,298,567,240,2982,317,345,212,319,556,542,979,467,2748,566,423,704,220,1963,1766,1783,2134,904,1016,345,184,326,197,1097,208,376,445,553,329,626,696,253,620,1517,379,227,582,221,3188,372,336,211,269,483,756,815,2731,928,298,539,234,2956,1780,2028,3683,916,656,236,187,450,207,523,244,384,427,591,1013,279,1258,1243,823,208,656,402,3120,456,238,263,255,406,659,619,2798,643,243,569,230,2158,2297,1722,2356,1105,854,319,204,358,229,538,209,310,428,301,465,269,430,265,1033,493
1991,1,662,790,772,5891,1107,387,793,454,661,329,353,1125,714,549,211,2884,242,14740,2616,3061,1328,437,669,1045,368,487,254,1184,1341,1318,361,1552,619,889,1213,2552,908,2184,750,764,791,699,2915,630,370,966,425,547,362,791,718,780,399,3209,220,8630,1296,3474,788,537,692,1217,627,529,232,1148,1599,942,412,790,499,2107,588,2135,1226,730,530,817,2358,801,555,796,404,612,375,1292,736,734,444,3299,213,10947,1196,4501,917,545,660,958,336,375,223,1243,1344,792,335,616,1433,537,1082,1623,503,616
1991,2,391,333,452,3291,529,248,2874,906,332,1619,296,756,1319,744,510,5634,362,8844,1792,3076,654,1332,379,1110,1012,563,431,1151,1341,479,234,444,321,1051,470,1397,696,1570,341,252,272,501,3233,763,203,2996,1021,346,1182,989,1537,463,553,3902,292,11908,1851,3102,742,995,345,1966,834,445,324,1484,1167,758,237,1090,436,2362,565,1839,578,281,265,490,2943,483,201,1792,566,356,1003,852,1297,541,502,2986,411,11676,2051,3145,864,1077,341,1098,839,450,365,1403,884,1014,232,989,552,311,938,3577,703,281
1991,3,341,426,810,2056,1018,2018,1021,518,746,1105,297,1044,942,390,312,7191,1974,11743,5168,4475,928,517,4076,1106,506,1329,189,1205,567,537,807,380,845,1025,2015,1246,827,10017,491,353,491,776,2062,1170,1432,1026,566,1034,1479,952,973,397,363,7174,1797,9460,8245,5661,1113,660,3071,926,402,1090,190,1045,649,373,608,609,1196,1277,790,4371,859,388,457,694,2252,1002,1816,2433,742,1017,1693,1517,1189,407,407,6310,1052,15437,7140,5864,1071,557,2058,1287,696,1218,188,982,1111,503,562,632,378,805,1000,1346,1114,522
1991,4,241,422,780,819,369,559,826,342,872,716,228,689,651,296,417,2910,288,7444,3831,7107,643,599,1201,523,382,404,233,498,632,274,538,323,1270,583,1854,2013,402,3428,885,287,402,728,566,288,979,769,381,524,752,610,681,307,381,2716,337,7833,2867,5473,647,513,1085,629,305,495,210,567,570,254,433,392,1763,1485,425,6956,555,328,312,624,897,303,713,786,316,530,615,611,666,291,281,3502,506,4395,3159,5401,704,545,1764,624,347,414,293,446,470,262,447,407,316,878,468,2129,343,522
1991,5,201,429,283,457,246,470,380,226,345,519,203,303,421,221,316,982,317,2086,725,842,341,365,445,301,208,257,179,568,323,223,272,348,339,307,538,1318,246,1016,390,198,502,270,384,241,318,371,226,443,534,316,391,226,329,919,322,3125,752,1331,341,428,426,322,205,282,203,719,281,253,245,261,490,1654,237,1230,308,210,488,336,409,242,332,385,214,378,515,332,416,225,279,1118,275,2027,881,744,330,420,442,305,207,272,180,402,418,260,240,267,328,591,282,1138,244,691
1991,6,290,343,279,243,208,244,242,202,353,331,187,273,258,217,191,391,193,806,445,413,238,246,321,217,208,290,185,297,253,325,300,213,369,230,271,470,203,506,293,484,228,382,243,210,262,242,206,342,321,250,294,198,188,378,193,1294,373,605,231,275,463,223,216,243,173,271,300,277,274,274,252,454,203,496,221,373,228,498,244,210,278,238,198,325,294,276,322,206,245,407,192,877,392,457,247,232,317,218,202,269,186,397,274,284,251,263,212,432,219,445,206,253
1991,7,727,500,481,404,381,351,317,477,268,374,210,329,609,388,382,386,317,460,329,326,459,367,343,333,355,268,370,367,482,445,462,348,356,410,314,369,400,477,498,390,544,413,416,422,344,305,417,318,417,423,566,383,431,420,325,563,408,387,444,362,337,357,377,254,365,487,396,391,418,346,315,421,374,504,435,463,466,476,458,303,364,319,467,313,411,440,619,361,391,382,315,513,328,357,418,401,398,332,380,271,374,571,450,532,458,352,319,423,459,352,401,554
1991,8,286,1133,992,678,347,319,322,623,329,567,1174,402,400,865,490,576,470,577,854,539,689,600,546,646,1569,650,867,942,439,407,464,566,590,454,351,355,1361,458,353,304,984,812,596,332,325,430,505,346,595,418,345,1352,533,556,431,499,911,507,605,657,595,399,1483,433,880,697,470,609,415,981,364,373,1145,358,774,298,1022,1240,687,533,380,423,447,340,464,513,459,1016,479,658,397,524,700,592,857,545,461,458,1149,447,756,669,425,471,394,1413,903,692,488,350,1023,293
1991,9,202,1457,380,393,531,422,337,309,195,1082,597,425,450,396,713,232,236,220,321,1151,507,305,798,238,498,267,714,449,441,1359,238,896,494,214,212,213,673,406,470,206,1505,469,612,538,427,335,341,244,574,422,428,235,730,196,260,209,278,714,313,443,701,297,735,299,505,399,547,953,268,1012,186,224,1020,417,525,201,1978,474,383,498,500,408,358,211,707,388,312,392,778,206,259,213,320,748,454,400,520,343,696,274,740,446,442,731,246,852,871,296,240,239,966,438
1991,10,239,264,240,559,229,398,200,212,761,520,411,285,220,684,191,402,456,260,280,785,818,264,311,306,286,454,275,3881,570,419,487,701,686,180,304,590,977,343,250,233,275,231,1043,208,291,257,198,382,527,1628,411,869,231,353,544,449,204,768,1024,289,325,319,276,519,349,2422,1052,573,244,819,342,496,705,304,407,201,314,247,1201,184,236,215,190,1523,342,1307,397,870,208,358,658,525,274,888,808,213,343,301,277,452,282,4008,862,597,312,862,478,804,183,245,585,442
1991,11,565,216,354,1067,283,468,363,183,539,398,984,664,525,944,186,277,506,689,317,621,1800,300,198,253,212,523,229,2908,2711,615,291,355,566,290,490,816,425,565,219,597,233,335,337,279,477,462,181,1383,255,487,513,786,193,305,483,387,330,635,1642,230,194,299,216,345,235,2545,1872,708,462,1180,375,789,427,494,329,611,233,390,470,273,414,256,184,284,348,374,473,690,191,282,451,256,316,591,1073,411,201,301,224,575,258,1962,1176,696,349,1297,607,472,262,918,820,190
1991,12,524,222,246,269,180,195,386,423,2395,224,250,384,305,513,283,2111,1162,273,196,720,396,189,334,287,4346,294,188,3931,380,328,2127,471,326,294,300,2450,673,1006,636,596,206,342,244,195,222,325,421,2749,424,259,234,557,240,1982,1020,303,214,704,429,260,280,247,2749,454,190,2563,423,355,1370,1645,309,2191,696,1221,815,521,213,251,232,193,332,387,585,2483,302,275,337,488,336,1832,1112,447,204,743,543,205,267,229,1253,370,189,4013,651,278,1790,2187,547,694,335,1880,644,780
1992,1,786,200,536,693,1201,1292,1591,278,2032,483,1403,1562,570,678,194,709,1110,745,841,728,1481,406,198,199,818,659,214,4725,570,251,1295,422,1013,393,408,5317,1494,990,368,648,201,363,610,840,1219,2028,344,1916,695,869,577,694,311,829,1406,721,780,579,2097,346,204,211,996,789,229,7052,580,284,2021,2352,415,6537,1190,673,894,660,206,389,653,846,1239,1888,315,2750,373,871,471,826,189,914,1258,741,924,478,1732,300,195,193,3305,635,261,3755,641,269,1915,2224,322,1104,358,9919,1490,361
1992,2,450,320,299,623,714,709,584,248,2335,916,1056,773,635,466,247,587,2876,300,681,380,1823,1140,409,199,1374,388,408,11992,4023,458,1880,402,829,1400,1252,9948,1037,456,302,796,298,436,590,1043,692,421,245,2943,620,1279,996,423,258,605,2978,483,697,492,1665,1530,430,194,1939,385,277,8236,2261,570,1274,6471,1118,5592,1113,667,636,661,334,377,576,998,540,716,242,1909,1169,1280,745,498,228,517,3718,506,510,443,1870,1392,423,196,1957,413,387,8390,2362,415,1034,7435,436,725,1467,5571,810,371
1992,3,284,1405,244,329,880,622,1687,473,5717,399,2511,497,469,347,1921,588,3387,678,671,428,2017,937,234,181,3515,1001,273,5681,5116,1010,1241,341,943,1633,1088,6682,3164,1594,304,292,1206,262,293,710,739,1541,471,4336,374,961,577,397,1696,520,3036,624,805,501,1657,748,227,180,3357,752,490,8756,6947,953,940,5705,1369,9719,3499,1253,391,287,1725,288,334,877,654,1715,531,3096,334,656,465,342,2404,550,2746,625,888,438,1434,746,237,181,3544,735,323,7334,5759,765,1085,4142,349,968,1643,5652,2300,273
1992,4,663,385,223,297,345,332,898,279,2619,410,1627,542,323,305,1244,437,1943,328,406,932,1815,449,367,553,1860,486,381,2533,3651,473,763,372,657,607,521,6103,1166,765,240,1037,573,225,266,432,370,1494,246,4714,314,575,301,322,1616,409,2402,275,499,692,1188,392,388,628,3609,489,284,3586,3949,950,766,1258,455,5675,1211,767,435,651,378,237,281,346,376,775,315,3935,409,532,305,289,1590,430,1929,278,389,731,1302,373,477,476,1656,455,267,2718,3509,582,785,1312,455,601,616,7565,1424,233
1992,5,519,225,204,245,254,243,305,245,634,219,433,562,248,309,442,365,700,250,325,403,619,256,192,199,1105,335,214,1701,919,566,420,299,433,348,292,1905,456,390,193,374,225,192,242,240,251,318,235,857,240,460,257,234,482,440,712,246,285,466,663,266,211,189,992,251,205,960,1024,374,416,723,291,1723,516,373,329,616,228,202,237,243,243,311,206,917,219,383,259,287,526,327,622,244,304,432,557,276,191,201,1137,254,231,1023,1114,483,382,772,388,473,357,2002,490,203
1992,6,250,363,213,331,214,201,254,181,387,238,260,296,253,209,289,438,349,218,203,240,426,222,182,177,465,204,222,1019,481,233,244,224,268,250,245,1035,280,256,221,229,252,224,259,224,203,285,196,409,230,300,227,278,263,641,357,238,205,235,398,212,181,182,455,209,208,522,553,282,251,297,238,673,283,240,201,227,281,198,326,225,199,273,190,417,212,322,231,207,293,569,364,231,223,223,369,218,181,177,472,199,219,560,602,231,258,327,215,276,243,947,282,220
1992,7,510,804,311,419,559,272,369,234,378,264,539,464,304,442,687,403,698,407,383,290,385,369,332,360,346,389,333,320,391,430,267,434,304,264,286,576,284,341,311,477,780,322,448,546,324,390,227,374,249,654,294,327,630,327,772,479,389,320,463,363,319,367,398,382,412,341,375,401,261,514,304,553,282,365,488,545,830,346,431,645,333,354,229,403,283,544,277,516,776,361,725,460,383,308,655,373,321,387,329,416,355,306,404,399,257,464,387,313,265,690,317,343
1992,8,564,1077,432,451,587,494,299,419,297,713,565,466,636,435,1529,984,1204,376,416,693,652,528,385,547,389,752,622,446,587,644,370,592,523,1099,428,588,255,754,437,492,794,460,422,584,347,347,432,333,573,684,709,610,2507,698,823,292,478,673,419,502,296,462,386,694,878,357,616,583,387,739,398,607,299,717,523,435,1146,405,516,730,312,309,435,308,846,776,566,315,1405,954,733,348,391,647,409,454,335,483,478,861,754,451,526,483,395,787,650,475,655,558,267,369
1992,9,389,856,261,879,340,419,325,218,220,428,291,714,849,610,1832,1960,419,346,690,462,988,348,341,654,213,830,795,271,361,685,782,400,382,439,565,1060,291,631,197,375,424,360,1008,482,262,248,245,203,607,1151,555,427,1338,1606,582,383,432,411,622,586,338,458,215,896,727,343,280,701,680,369,405,1051,358,468,1079,295,645,277,1106,361,478,245,185,201,716,976,681,540,2836,1222,573,363,479,424,855,291,277,786,252,1162,499,290,274,976,766,319,353,600,571,432,294,224
1992,10,458,924,294,766,1275,195,425,454,292,812,976,254,218,618,575,406,350,405,349,539,675,927,184,356,481,374,243,192,220,576,587,249,1178,509,1299,2341,354,2050,449,403,1227,262,992,1070,438,361,429,255,1164,870,241,952,821,544,332,504,461,896,711,744,196,468,527,319,285,184,251,307,599,393,1112,2012,383,1222,199,665,1136,215,369,1608,208,257,489,338,451,674,226,811,501,817,327,443,406,839,619,1378,174,272,438,355,254,193,328,413,906,273,308,1278,477,3571,306,451
1992,11,252,599,224,396,519,303,418,309,211,1161,555,297,452,395,468,279,573,400,352,1211,259,455,204,520,404,718,856,306,204,729,676,1914,350,287,288,547,324,2488,1179,227,959,189,327,667,334,408,450,221,844,857,371,322,453,250,598,712,361,507,283,223,201,439,676,556,724,350,201,820,465,405,304,959,323,2020,722,234,816,236,855,262,280,517,389,215,1357,718,241,284,444,307,570,569,372,753,280,238,193,545,496,519,848,283,197,601,442,506,3909,308,284,784,343,1064
1992,12,281,1263,339,1054,278,186,587,1026,178,416,786,793,349,578,343,1061,1440,972,1086,1074,692,535,292,210,2370,787,243,1270,454,360,410,817,668,282,344,1845,300,1435,362,322,1288,507,956,265,188,729,1009,249,343,411,487,755,348,1351,1249,887,984,1521,999,511,304,222,2138,681,272,1216,604,322,498,240,309,1497,303,3610,1309,373,1830,415,849,253,195,615,835,226,517,587,631,571,322,1263,1250,1047,1032,1140,754,651,320,202,2445,760,249,961,615,384,419,240,1026,1390,256,1225,272,471
1993,1,343,1695,1114,833,1362,239,1028,1660,580,658,904,1381,753,353,372,918,446,313,606,742,2147,752,450,846,3756,342,400,870,644,266,301,1588,1851,703,401,2062,717,5505,513,431,1283,822,678,1607,249,896,1567,481,826,308,1752,289,346,999,621,355,538,655,4232,807,640,588,2189,389,359,1084,433,247,285,394,440,2374,805,5884,516,398,833,439,1473,1510,259,1026,849,497,763,310,1980,360,326,1310,598,372,481,670,4499,506,650,716,2590,336,693,1061,644,287,309,311,999,444,687,2571,484,382
1993,2,1526,1294,1438,1274,2194,465,593,1031,532,500,972,928,2250,997,667,1623,455,918,677,898,5972,1022,1643,612,5532,635,559,1102,531,441,435,9812,749,741,435,2647,509,6635,846,813,1459,1252,1492,1983,768,612,1206,606,339,518,1022,1075,660,1748,471,727,540,741,3132,1049,783,824,5289,732,649,1004,775,523,569,319,379,3639,437,7955,367,1351,1075,2101,840,1723,578,430,1836,532,410,504,996,730,323,1488,512,882,826,584,3415,1234,1247,619,7602,666,269,1341,461,353,431,436,4010,938,604,4772,681,1058
1993,3,637,791,1477,962,1472,700,2025,3990,346,677,1736,701,4973,1916,401,4064,946,555,481,503,1757,621,338,388,10226,2010,1281,1711,360,295,294,4985,976,581,1983,1786,1003,13977,1300,536,815,1550,1262,1634,672,1939,2954,308,508,380,2004,1661,408,3625,867,749,642,470,1879,667,569,432,15485,1534,1363,1840,413,248,292,296,1404,1832,907,8892,454,584,822,1455,1239,1695,516,1831,2860,358,569,380,4247,1075,646,4221,1110,910,416,548,1660,683,377,397,10609,1197,1319,1559,426,256,293,305,7116,893,862,1841,829,1407
1993,4,311,444,567,765,1034,304,1425,4079,308,368,1171,459,1723,541,557,3799,1008,560,1219,377,820,408,527,371,5001,809,524,1054,381,448,262,3295,687,276,550,1263,330,3661,693,293,427,478,923,873,300,3058,6918,403,371,406,2694,693,476,4011,1906,442,873,342,728,390,536,357,4830,738,412,1282,344,385,266,282,533,1437,348,5728,263,293,404,457,749,827,300,1714,6242,337,409,380,3243,946,562,4413,729,503,974,336,801,397,693,343,5462,1260,438,1106,324,636,250,276,4411,614,289,1087,414,600
1993,5,231,277,314,451,437,286,1514,1359,205,253,744,275,1059,333,290,1287,628,492,416,256,506,247,300,250,1245,364,316,444,226,415,214,1166,369,231,295,722,263,801,348,218,293,289,431,423,280,691,1161,200,239,224,983,343,419,1298,495,509,618,247,528,253,238,248,1327,381,324,443,224,385,218,200,276,940,252,1635,209,229,264,299,416,390,277,1052,1188,207,249,226,613,314,296,1169,575,368,434,245,458,246,241,234,2177,363,296,446,249,259,221,193,1097,366,233,834,254,394
1993,6,218,276,246,290,369,263,379,518,186,222,326,321,388,278,248,544,256,235,265,250,289,216,249,259,690,276,228,300,195,236,210,503,313,241,260,1045,227,477,434,195,311,243,301,325,259,372,849,190,242,195,427,255,240,501,246,221,406,221,305,206,242,246,937,242,250,293,214,241,212,200,227,604,257,843,190,212,286,231,289,415,319,338,503,193,229,193,400,304,270,513,270,240,343,226,361,211,212,249,1213,268,245,313,209,232,202,199,485,297,249,991,222,787
1993,7,234,573,334,511,599,564,472,624,249,313,306,332,447,402,427,472,265,314,398,415,505,322,311,491,321,337,709,353,572,386,395,446,450,336,354,680,428,268,1455,237,506,322,437,658,533,399,547,277,298,235,446,419,488,467,276,317,376,483,513,358,304,489,315,382,763,355,504,313,367,370,364,638,442,307,246,228,460,367,550,658,604,324,572,250,322,235,400,421,409,457,274,269,328,453,472,359,304,577,323,359,800,348,493,388,393,384,470,490,307,600,428,932
1993,8,422,738,575,871,729,745,509,928,518,280,460,730,680,426,806,338,367,381,439,440,715,520,428,913,417,339,712,424,468,471,622,943,1177,392,625,721,366,389,1549,481,625,646,1087,730,740,706,724,653,306,890,675,387,877,320,316,322,554,516,855,434,410,798,341,337,532,367,434,646,516,614,1091,552,352,458,1065,359,660,447,1300,880,833,820,1137,448,289,1008,772,480,603,313,336,340,497,405,726,455,473,890,459,324,565,339,352,484,509,505,630,642,371,613,339,1558
1993,9,659,227,206,508,269,424,230,257,507,225,404,657,336,407,926,268,1133,444,438,456,437,445,396,430,240,444,423,221,327,1422,596,340,292,181,1496,212,238,1219,1450,492,236,210,512,472,270,256,386,280,219,877,243,417,844,246,1619,415,530,545,482,677,440,686,239,570,459,244,358,1592,563,559,888,250,270,1324,547,423,263,222,240,515,387,222,261,285,212,614,239,276,935,300,1122,374,491,527,387,850,375,462,209,434,445,285,367,1021,430,537,377,316,183,314,259,1440
1993,10,297,244,290,243,1736,401,201,763,197,788,366,274,329,236,209,200,261,1062,631,551,1494,808,401,818,203,213,198,1039,2087,370,219,375,388,229,493,200,179,1105,978,237,256,258,210,1353,828,201,888,195,802,4629,298,249,225,255,354,1031,423,462,587,441,357,258,187,192,192,1099,1856,588,248,511,511,205,179,1331,944,288,238,243,255,1479,295,198,629,195,803,3562,359,448,311,244,255,1081,585,472,1072,279,356,380,212,236,192,1306,1956,914,240,261,387,317,192,207,182,936
1993,11,306,528,335,483,322,271,378,405,573,518,1255,368,375,209,1471,279,1587,929,465,751,880,424,398,1176,179,307,492,727,2198,1244,680,469,2518,265,304,996,732,1634,482,361,231,354,677,356,205,348,643,459,522,582,385,295,1957,387,1563,768,595,573,1935,361,360,1775,200,383,317,421,1014,1212,590,307,612,1077,290,880,994,387,420,308,698,307,455,390,768,350,241,831,368,282,1951,409,735,929,335,1155,850,375,447,1578,179,327,378,400,1403,415,859,472,282,2130,282,1814,615,747
1993,12,310,196,781,774,1920,232,2095,897,254,1397,1786,208,242,384,809,608,627,892,319,544,1710,362,634,856,178,1359,286,288,4326,1352,342,643,2827,599,2838,1526,817,453,1037,366,490,773,611,2144,218,3309,581,263,1111,383,233,287,609,446,490,1093,343,742,1765,413,1260,565,177,1113,504,291,3267,1192,432,372,1556,1083,1547,837,987,307,213,1066,408,1696,230,2637,501,411,1463,377,240,285,1040,458,1155,682,302,462,1466,346,1114,793,177,1009,284,292,2237,2007,334,336,1056,2018,628,945,1010,689
1994,1,343,1525,369,1004,1575,384,913,451,268,518,951,268,1292,547,611,273,400,538,415,359,1360,735,2535,472,446,797,410,1447,1870,946,1058,599,1518,1193,1495,446,622,2218,1590,444,1399,465,1666,1696,457,858,496,270,617,844,1395,324,462,298,473,478,622,271,1418,1407,1507,792,421,1125,582,1208,1575,923,1138,457,2801,641,879,1469,2762,289,914,267,1778,1731,659,737,776,245,450,792,1551,554,451,327,420,934,464,316,2008,1258,1689,469,375,1251,593,1252,2319,871,1054,746,560,2049,1119,609,689,2787
1994,2,348,418,275,1737,2372,950,1797,775,679,1165,1501,1008,1350,1012,838,465,1046,653,1824,260,1118,1564,1741,1069,519,3078,553,641,1090,901,761,659,3606,721,1011,1323,817,2509,2820,436,378,253,1172,3770,528,1374,886,854,702,2054,1183,1135,928,660,848,697,1806,253,1671,1096,1522,1249,316,2343,606,767,2148,1271,630,1485,1404,2099,658,2536,2115,717,725,249,1159,2458,625,1044,614,745,1393,3122,1125,1093,962,443,716,714,1573,264,1581,1265,1364,1153,326,1445,765,767,1626,1088,628,1088,738,2838,1009,1177,614,2341
1994,3,1985,804,417,4987,10503,660,1123,971,465,749,8781,772,646,1606,490,503,3029,578,1689,477,4979,1217,1916,906,282,1605,1049,430,3342,1121,1728,2956,4262,781,855,1408,595,2131,7187,1303,655,543,4825,3800,687,1028,939,345,925,4717,683,1735,527,246,4110,491,1622,385,6291,926,1479,986,411,1914,662,489,4558,1246,2310,1206,1059,891,667,2658,2439,1854,740,408,4182,9697,682,1700,958,352,606,5018,592,1324,597,510,3556,465,1840,551,6777,852,1409,893,490,2766,535,466,3373,1168,1444,1001,3436,4458,606,1501,524,7412
1994,4,417,348,298,1987,3855,881,484,469,443,592,3553,464,575,789,390,307,1753,485,863,1000,5517,572,1249,627,321,1094,346,341,1695,1815,1336,1025,2398,340,865,640,312,924,5622,614,330,245,2226,6671,1026,501,658,418,637,3336,480,739,361,295,1118,515,605,1081,5740,602,1057,904,260,1369,410,371,1546,1838,1249,839,709,596,375,961,3085,438,312,253,2318,3233,1195,599,569,350,488,2279,498,683,401,290,1591,468,574,553,5892,470,1415,644,260,1446,440,366,1302,1324,1739,523,1163,2416,322,722,320,2706
1994,5,250,230,209,672,782,303,316,372,234,329,1410,391,359,313,459,201,447,267,404,422,921,325,572,450,237,462,243,256,664,1366,429,442,837,251,604,346,311,424,1650,266,227,213,703,1007,321,302,397,239,282,702,424,328,390,199,467,256,689,365,931,438,502,427,241,555,240,251,447,1099,417,378,551,374,327,457,1374,266,224,201,637,883,287,335,370,228,285,856,367,335,407,203,475,259,378,760,1288,392,561,396,238,555,234,257,479,1874,434,368,485,962,240,373,335,1449
1994,6,212,235,192,369,465,222,234,214,203,221,853,232,240,228,243,188,270,231,745,266,478,386,437,249,224,303,226,211,477,391,248,281,313,231,604,298,325,266,549,216,215,191,361,488,220,235,221,208,217,331,252,228,255,189,258,228,375,320,479,294,718,251,207,309,228,213,493,371,252,255,622,290,343,290,662,209,210,191,397,368,235,234,220,215,215,335,236,236,261,191,272,236,671,277,610,508,571,243,206,324,226,217,367,360,255,233,312,403,213,264,329,453
1994,7,365,412,535,501,321,250,476,403,349,281,910,291,322,289,375,270,414,326,278,329,606,708,775,260,302,353,471,485,513,333,453,686,324,609,823,288,578,261,480,328,402,658,482,337,254,513,416,331,274,352,307,280,393,271,442,419,399,333,560,654,480,257,298,402,515,422,400,326,394,358,769,300,451,265,645,367,455,593,475,333,263,453,409,338,261,350,322,272,343,288,339,453,331,315,594,467,494,259,285,377,424,440,429,322,430,413,558,312,401,364,487,358
1994,8,422,356,972,1511,508,336,335,734,552,490,659,741,492,322,284,293,411,1241,736,440,990,981,573,248,714,427,609,1111,949,910,581,366,367,485,382,401,1122,407,542,544,322,829,1555,396,389,427,521,677,620,538,460,323,251,262,351,831,1357,396,912,801,534,283,841,545,726,968,1067,621,744,413,498,357,1279,355,504,547,307,953,1821,362,396,320,651,544,564,651,442,345,306,285,551,777,800,404,1098,954,710,267,612,533,648,778,1261,640,565,451,608,471,899,404,1256,1115
1994,9,360,363,446,259,1492,223,303,1077,264,305,507,274,255,510,275,458,259,463,1346,339,837,1160,788,188,593,423,431,977,597,407,682,417,926,562,423,330,1105,377,507,356,347,1199,353,404,191,362,802,195,541,324,566,272,381,361,260,417,916,340,726,510,716,181,279,298,452,540,661,328,302,310,438,322,1092,242,510,318,304,930,341,1087,207,356,1133,323,674,197,428,528,281,239,269,338,958,402,615,1816,840,189,386,299,372,624,1044,399,430,614,364,747,562,227,595,253
1994,10,573,261,1136,392,279,179,368,542,265,529,366,458,476,874,351,235,784,718,231,201,394,523,213,217,1717,184,714,207,367,387,238,329,220,268,599,303,630,239,395,683,529,509,316,1100,180,428,461,288,355,626,394,925,289,260,740,628,228,189,710,1261,213,340,1322,184,538,199,453,379,471,495,599,378,942,328,830,490,515,508,353,432,185,260,461,285,223,734,322,1070,350,460,537,473,278,199,324,682,251,367,1345,184,480,234,344,297,279,199,315,281,285,221,809,489
1994,11,379,1112,436,858,247,791,1035,619,535,610,349,509,326,303,498,227,605,1034,202,786,763,628,845,594,469,206,496,464,1235,583,185,201,394,369,565,662,574,256,546,412,788,383,336,231,280,658,718,351,415,238,281,561,342,225,698,1257,210,505,418,746,905,535,665,206,709,465,994,639,242,243,562,257,347,253,275,269,781,389,967,205,707,1225,604,432,243,262,293,421,454,239,792,1029,202,954,851,669,864,234,453,186,753,480,1085,858,186,479,226,282,364,764,1024,589
1994,12,307,1037,259,696,632,1013,279,968,188,471,398,1754,397,1505,212,269,858,889,1700,262,339,520,513,239,446,3027,618,881,743,1301,462,717,268,228,286,204,882,249,2147,330,808,261,1088,699,1776,447,1721,262,741,361,338,1462,208,457,735,1479,1625,445,491,608,461,311,302,3259,1057,821,795,1134,752,640,309,599,755,262,345,432,521,239,496,636,1060,272,2288,205,868,515,376,1537,209,515,641,1376,1987,228,279,522,469,684,541,2730,1185,759,704,868,495,225,680,250,312,231,673,1582
1995,1,567,1141,233,594,1258,396,225,3208,549,549,1631,928,999,1082,249,808,283,1068,873,476,514,346,624,334,295,1047,3812,1104,1012,1303,439,1323,1624,192,843,829,493,262,752,810,661,228,615,1149,495,228,1802,350,488,269,853,1210,211,637,307,688,946,630,366,404,1340,246,364,982,3655,836,1211,1576,939,1097,1246,1304,508,215,796,740,987,216,451,1384,414,228,1740,464,967,271,812,1311,210,684,333,545,660,471,448,400,1068,230,320,2055,3147,1337,1368,2429,480,975,828,1279,201,1434,560,1270
1995,2,910,667,306,772,736,296,253,4403,1235,1211,1012,2676,343,2744,232,667,477,450,6636,410,629,877,1308,456,468,954,8128,926,887,1000,824,1129,711,548,940,1270,544,426,1242,546,872,246,738,935,388,300,2803,1113,1165,244,442,4096,208,602,358,447,2412,290,978,1080,530,323,681,1055,6013,1211,994,806,558,624,528,724,493,561,1144,583,888,315,972,704,294,316,3459,1224,496,255,368,2416,218,670,410,427,8644,448,650,800,659,302,807,775,8342,747,713,787,622,653,1627,631,559,406,596,959
1995,3,766,690,273,807,1113,251,251,6494,1413,2191,3756,5644,575,3445,192,479,290,1603,5114,489,841,1017,353,246,675,1246,10966,847,1292,1105,275,2183,873,792,533,1268,521,455,788,969,714,282,847,1109,309,225,5139,1906,2560,380,413,2572,180,636,353,1987,8849,432,582,1422,354,259,514,1439,12356,872,1016,930,300,424,627,969,459,326,2596,871,712,247,869,1256,267,233,4149,2059,2488,328,571,3158,188,616,384,1383,7658,377,790,1057,369,351,501,1571,8671,847,1565,1354,420,513,1941,710,782,1467,390,959
1995,4,359,500,234,591,823,275,209,1259,2478,2444,1727,7341,596,901,206,277,242,1128,3282,388,331,764,349,340,282,1247,4940,471,873,942,318,1406,497,307,333,533,611,220,478,368,406,258,612,936,329,216,1558,1761,2200,212,696,898,187,329,236,919,3608,380,313,842,375,260,280,1083,9127,524,820,676,348,746,338,981,568,253,2176,405,472,237,561,640,280,216,1409,1874,2385,211,552,965,202,303,246,1762,3184,399,309,764,329,234,289,878,6314,483,826,794,335,405,1607,372,300,492,630,466
1995,5,241,278,206,364,411,236,565,422,571,894,730,1176,245,374,186,242,211,683,1139,236,270,456,296,197,227,532,3784,285,416,381,215,410,297,252,231,319,470,441,370,245,253,196,405,571,224,475,525,548,867,190,238,369,175,245,204,627,1069,252,271,562,298,190,227,480,2988,286,440,358,262,408,237,330,349,483,545,245,263,195,272,449,234,619,572,680,1008,193,238,341,182,261,210,490,1174,235,277,513,304,218,232,506,5438,291,390,404,223,389,415,298,282,303,501,397
1995,6,229,234,225,219,308,291,293,261,312,372,368,521,211,343,177,200,202,430,526,217,236,231,272,229,208,314,972,222,277,244,199,279,230,191,210,246,283,232,286,233,218,230,225,335,252,394,283,304,387,273,201,314,170,221,205,625,546,249,254,247,248,216,199,280,852,232,263,239,225,592,210,301,278,258,344,243,212,204,246,297,292,345,271,375,410,242,201,339,176,220,208,607,483,222,271,243,248,292,205,312,1345,229,272,246,205,986,291,232,191,269,356,270
1995,7,349,304,352,245,311,313,725,490,393,653,291,381,325,274,252,457,336,327,362,319,499,526,661,951,285,310,407,558,517,283,682,361,525,701,287,487,532,427,495,400,323,372,233,317,339,459,437,377,649,340,338,274,241,404,376,316,405,388,471,542,631,881,305,291,397,482,577,290,653,504,288,457,536,761,388,342,310,365,240,307,324,793,468,346,589,306,342,260,265,416,335,332,324,329,502,633,593,928,316,303,489,510,574,275,606,347,364,524,569,478,609,518
1995,8,439,472,1078,397,948,371,1761,542,471,1203,383,384,499,317,260,377,396,430,1346,441,1852,575,734,1257,559,593,458,676,646,443,513,402,558,749,254,751,970,1199,501,310,567,1374,341,735,476,1983,641,321,773,335,517,307,258,459,458,548,1399,358,1718,541,700,926,464,776,338,770,848,442,663,740,253,718,981,861,452,332,489,949,352,756,397,1090,619,396,808,559,507,316,254,360,411,428,924,412,1542,555,615,771,476,499,412,768,660,498,615,945,378,458,834,753,820,467
1995,9,391,344,518,526,230,192,282,502,240,634,374,417,262,351,325,319,449,251,762,384,391,362,239,696,462,259,379,617,674,419,584,349,320,376,206,424,432,337,2213,315,397,598,533,279,188,881,731,263,732,242,265,396,285,562,477,256,684,289,403,431,276,655,437,267,478,420,640,387,572,322,202,412,499,260,610,228,280,721,512,322,182,502,527,305,802,215,202,336,338,550,679,270,750,261,550,411,276,735,406,280,530,546,578,494,676,427,335,449,360,356,768,2675
1995,10,461,244,557,643,583,246,354,430,182,376,610,946,194,259,545,658,277,352,926,2493,427,257,279,477,350,197,334,386,204,188,508,180,775,252,517,369,284,209,447,390,264,424,802,466,221,688,296,187,516,463,183,268,501,563,284,479,603,1399,449,282,272,456,316,283,248,313,206,192,938,195,475,248,229,203,1139,736,427,1089,599,469,242,779,302,189,468,528,206,267,558,426,299,383,838,2359,481,263,297,463,396,257,233,351,318,190,669,196,181,718,246,306,251,290
1995,11,429,395,648,232,657,183,1011,307,446,327,424,264,346,294,1374,763,205,439,503,1042,536,386,200,853,494,462,485,412,393,251,854,192,730,492,486,805,203,574,599,519,639,751,274,448,215,729,223,533,230,357,223,289,2177,267,206,516,831,3070,540,385,254,416,582,463,791,597,334,322,624,1402,612,840,209,471,234,384,658,425,309,664,192,675,334,529,255,339,342,197,2378,695,264,236,837,1967,493,363,203,606,341,327,820,470,273,327,429,1715,220,850,447,687,216,696
1995,12,199,4893,260,887,670,655,263,197,349,311,614,616,278,514,856,422,1004,910,1381,866,232,970,538,592,901,945,361,362,992,724,1725,292,246,866,1797,251,629,1550,437,206,4160,454,763,694,436,300,353,285,263,267,410,607,394,805,1073,1084,1551,675,228,1015,387,866,845,1097,383,243,705,851,1277,2044,1261,244,659,1399,246,198,5166,263,922,587,574,285,200,416,259,361,286,707,336,454,851,1177,1141,629,276,441,507,669,1000,569,309,255,951,763,2261,2750,289,262,944,274,617,331
1996,1,1115,2187,1055,325,293,449,424,248,2297,500,436,394,268,2514,974,330,1071,586,1125,1147,886,1062,520,1111,1312,484,291,261,623,1914,623,372,689,885,639,804,1241,992,1350,1316,1791,1132,405,286,399,606,259,3305,668,428,324,4241,601,356,1114,460,1033,954,726,1478,524,1153,1494,490,308,256,902,1679,959,1515,556,520,687,929,1373,1112,2023,1213,445,255,414,613,290,2674,536,345,310,2022,1048,280,1238,637,797,1239,826,1397,566,1556,1062,1334,304,386,784,1660,671,1559,742,953,974,690,1413,1177
1996,2,375,2786,1022,2747,1334,633,1157,1776,1826,661,258,772,302,4129,463,274,844,974,886,1200,323,833,516,1658,473,951,571,816,509,810,1358,1655,1656,1180,326,1346,1018,808,1178,383,6070,562,2302,1765,645,944,1999,1072,528,391,283,2752,1053,280,893,666,863,1197,371,990,742,2608,589,963,516,937,386,1097,1300,2161,315,1548,2797,799,799,540,5986,1060,2741,1756,377,916,2133,2402,585,346,265,3893,459,314,836,712,717,951,377,1713,587,1180,679,529,522,850,440,988,3016,2948,1166,1153,1075,1501,1242,2032
1996,3,476,11846,1429,948,577,1006,365,749,3454,1761,492,858,206,3002,850,438,568,620,889,677,1080,1078,347,2780,502,1868,876,1880,370,613,2698,1968,584,887,498,665,2741,562,3846,639,12393,2091,886,475,686,381,558,2161,1868,212,199,2978,942,455,510,1046,627,775,774,763,278,1657,631,1365,988,1577,344,562,3313,2471,457,906,1880,623,594,504,8435,2184,933,552,1117,420,543,1619,1730,206,217,3676,956,399,539,780,697,604,1079,1074,260,2519,527,1694,1040,1162,325,592,1789,2848,1855,624,1061,911,1734,1980
1996,4,457,4610,1077,387,365,291,351,383,1108,1646,263,319,323,1595,475,250,1119,448,467,387,364,751,268,1307,401,735,464,528,238,559,1002,1175,450,683,525,445,2397,566,3425,370,4631,1062,427,444,333,357,397,1303,892,211,237,1746,445,239,851,425,407,463,462,800,245,1283,507,1132,547,489,237,524,961,2297,974,464,2636,560,357,475,6745,1050,487,383,273,467,476,1492,1108,207,258,2039,467,235,941,431,416,499,367,624,245,1443,443,1120,620,974,242,634,739,1791,1221,430,683,403,2038,3407
1996,5,235,1286,394,361,265,262,286,242,455,482,214,234,206,610,275,246,376,261,347,300,239,354,225,739,293,348,390,374,224,322,421,531,360,332,494,273,487,298,762,288,1467,471,383,247,237,312,249,390,651,397,211,687,296,247,473,268,301,316,242,365,229,803,306,346,363,468,228,365,424,620,287,271,549,297,300,286,1735,422,380,251,241,268,248,445,790,482,205,776,301,238,424,279,333,380,240,307,239,742,283,334,365,480,223,374,379,524,602,372,375,275,587,721
1996,6,214,1243,239,233,226,334,279,205,287,327,214,198,188,307,618,229,296,209,259,258,208,234,200,360,281,249,241,263,209,221,270,351,344,252,253,224,324,259,408,245,868,246,246,216,343,283,208,272,276,403,180,330,456,210,299,207,224,242,202,231,186,367,389,242,271,257,206,227,264,344,263,257,298,279,208,215,1753,247,233,218,288,294,220,321,279,230,182,324,584,211,312,204,219,259,199,230,188,398,292,242,232,247,209,226,267,351,372,333,261,243,341,405
1996,7,364,447,425,306,356,772,379,306,466,480,349,468,288,339,320,298,532,268,386,275,475,404,351,442,289,452,549,280,228,500,348,798,302,398,377,465,427,486,378,393,756,432,396,374,986,373,307,374,484,509,292,347,571,295,528,317,300,330,444,398,351,479,227,385,683,302,218,503,342,374,356,434,397,551,286,407,434,428,311,358,1233,496,316,372,482,480,283,373,498,314,524,268,348,395,453,389,375,483,221,416,554,302,204,468,328,331,791,293,412,448,417,401
1996,8,651,741,534,617,346,1024,515,290,518,716,354,592,251,657,660,2149,1051,488,672,476,447,956,596,578,270,385,543,329,402,952,873,1031,682,460,694,1027,726,617,547,523,656,461,463,307,1182,608,316,693,677,392,263,613,555,1329,1077,424,871,479,554,1644,524,540,284,479,494,301,430,681,561,313,781,1074,653,504,633,518,725,424,640,318,1101,495,299,620,779,490,270,625,532,1228,1309,421,985,475,570,1047,471,534,325,407,758,318,513,842,719,331,1242,885,450,781,660,473
1996,9,275,410,219,338,218,873,324,502,511,653,369,332,333,332,410,447,1449,1313,592,1290,270,364,265,328,282,272,670,816,356,491,912,549,625,677,390,654,963,603,373,507,624,301,292,199,746,379,646,408,461,257,281,319,349,557,1463,1220,515,749,246,229,275,334,266,447,795,826,524,745,757,221,407,581,1058,603,638,293,410,264,283,235,668,436,649,345,860,274,260,321,387,747,1164,1182,573,1687,248,432,207,361,291,533,574,725,322,473,752,220,464,463,846,620,1091,454
1996,10,205,473,618,272,325,1919,379,930,403,393,710,820,298,185,231,314,663,937,220,387,238,190,181,443,302,502,234,299,334,589,390,555,861,587,223,382,2396,209,298,191,910,451,267,302,747,259,5609,431,909,1595,201,185,441,585,730,933,212,378,229,192,179,479,400,248,202,293,229,1065,285,231,192,299,2546,195,220,203,320,753,276,208,1766,258,716,484,372,1453,349,185,300,393,373,1067,204,309,230,191,211,288,270,256,240,206,368,1174,325,278,344,531,850,832,1210,427
1996,11,253,722,1344,790,384,401,263,2562,325,277,1119,1303,236,223,542,945,254,248,1301,269,399,217,337,248,229,464,196,1881,178,1194,301,285,669,504,266,1366,655,298,725,302,503,1478,278,214,1151,207,391,389,408,963,327,201,238,602,257,249,1195,324,475,205,417,214,280,443,202,1585,313,667,266,209,300,1550,667,296,359,224,1110,1079,841,407,885,236,3344,600,426,1034,239,237,268,676,568,414,595,313,380,200,480,465,321,386,192,1803,184,370,248,198,717,681,337,1091,1708,475
1996,12,676,1276,973,653,181,1432,556,441,662,379,378,1000,177,1455,241,305,326,421,429,297,492,184,301,198,2889,211,194,2457,199,270,224,374,557,784,800,1676,1166,3823,427,317,1367,681,1202,351,1275,744,553,477,271,381,173,2238,450,598,437,427,431,391,479,184,258,193,2629,192,188,1383,213,261,222,1453,983,1191,753,3506,458,571,1139,827,526,285,1011,703,421,351,234,367,169,2661,446,419,379,578,925,465,501,185,257,195,2137,233,187,1582,204,241,269,1471,235,653,769,1745,994,612
1997,1,575,720,428,379,422,1699,435,391,1445,436,457,692,272,5862,366,752,1097,1346,375,1161,456,197,1102,490,1055,365,194,770,201,287,243,1240,387,569,679,972,1374,973,529,1119,908,502,350,274,1820,256,330,5072,323,1126,362,1137,321,1137,817,1549,421,519,371,195,1177,419,800,282,194,752,188,261,212,1827,421,1280,1310,1236,1831,788,726,604,435,361,824,300,490,4633,467,1455,493,1107,415,1024,1039,1412,306,808,442,199,652,519,605,265,202,538,245,242,232,1454,1437,387,536,983,1058,336
1997,2,1384,782,887,270,472,1493,423,361,5681,261,342,520,1277,1228,310,1359,463,775,1107,808,366,316,730,485,724,229,318,2788,430,2233,640,1497,613,557,1501,1925,1641,1038,458,1211,696,683,345,571,1357,420,298,2135,334,1129,1256,1630,283,897,663,684,1005,1678,432,264,770,250,462,254,297,3109,495,2637,544,866,1248,1708,2264,727,3118,1447,1052,561,269,517,2098,398,350,1836,255,1399,889,1497,266,871,495,767,910,899,459,374,1435,442,750,295,289,1385,542,1863,497,892,1037,521,387,1554,1627,337
1997,3,671,1058,3698,337,327,1103,461,342,3988,225,273,1045,2926,907,439,793,578,757,1337,1052,1242,278,1220,987,442,775,291,3489,1405,842,868,696,1037,366,1287,1057,1492,1022,400,660,929,3767,449,308,1041,502,315,7430,230,977,2128,1195,427,874,579,1076,1251,829,1104,195,1798,1035,453,666,262,2522,2167,971,1094,701,1173,998,2047,896,3143,640,878,2387,403,357,857,401,396,6488,228,1325,3992,1665,438,679,474,1076,1178,1251,1324,199,1858,713,466,679,283,3155,1963,1088,1030,895,932,769,514,1309,1819,504
1997,4,511,926,2399,383,250,501,906,329,3802,206,292,1447,584,446,301,747,322,498,511,397,718,224,1131,383,369,267,339,1864,399,425,985,1180,346,256,701,445,685,847,245,408,1256,3596,303,288,536,871,382,4207,205,752,1742,745,258,605,334,491,574,461,701,205,758,326,318,253,282,2308,385,427,773,450,763,420,670,706,4327,599,1414,5177,325,237,409,576,428,2587,205,924,572,780,276,663,300,507,597,419,644,204,806,417,368,255,315,2376,426,436,803,591,827,585,252,499,835,240
1997,5,494,615,1911,214,191,354,523,383,1798,204,227,432,312,494,198,309,264,1292,315,301,366,209,322,234,238,272,184,740,456,369,470,436,260,223,513,314,483,408,218,341,475,1882,210,190,362,726,340,1526,199,534,338,467,197,329,251,1105,366,285,404,259,310,250,237,254,183,1114,395,344,620,295,484,318,450,359,2664,467,490,1714,211,194,290,413,305,1905,198,600,337,536,198,301,271,1479,317,300,407,185,338,241,239,248,183,784,509,328,528,350,489,275,231,330,499,300
1997,6,224,285,705,234,182,223,271,203,463,193,224,529,256,264,425,239,198,655,230,220,247,233,254,236,209,265,204,468,233,228,288,268,235,210,315,223,335,286,312,319,271,555,208,181,223,271,196,551,199,247,255,332,297,250,214,485,227,230,244,194,254,220,232,282,266,464,247,229,266,334,349,221,365,250,1182,239,267,509,200,181,216,651,210,500,201,252,277,305,311,238,198,714,255,227,237,264,266,223,224,290,199,511,240,218,317,255,247,263,210,233,313,192
1997,7,387,289,614,395,332,327,364,556,404,296,257,421,304,265,388,515,352,446,291,313,394,259,502,339,401,438,492,468,353,286,811,337,542,313,575,304,370,607,298,376,292,582,363,340,350,320,500,392,289,225,283,331,400,521,388,370,362,288,438,216,469,364,424,402,503,517,330,250,930,390,468,299,416,656,980,432,277,385,378,312,323,327,553,410,291,234,341,330,415,497,335,299,290,295,418,210,446,346,382,528,494,430,338,302,828,371,334,596,306,311,411,326
1997,8,812,362,393,311,386,653,421,575,712,874,611,561,750,675,562,605,976,428,343,677,1053,980,669,912,682,955,683,521,248,465,901,631,1127,342,755,351,444,953,409,909,319,375,347,516,484,560,586,920,594,430,760,568,690,517,1179,325,325,848,907,971,825,840,565,1026,630,511,261,460,905,824,763,403,396,972,814,1199,382,692,371,498,755,489,546,846,547,516,945,458,494,624,1697,596,292,821,793,778,1050,837,587,841,548,498,249,351,1324,1011,777,1626,418,377,513,370
1997,9,549,451,524,240,413,655,392,1007,1311,632,192,278,490,734,362,336,777,294,234,962,591,349,775,327,660,677,487,719,338,221,1163,358,836,547,407,323,891,1011,279,617,333,706,224,430,745,260,684,1558,891,562,362,1009,532,410,735,301,210,338,1115,718,589,654,455,407,407,1425,484,272,874,629,614,346,779,1306,338,341,312,1096,222,441,664,319,696,998,586,536,302,610,422,455,498,268,215,663,960,368,482,581,616,264,595,955,374,303,891,674,359,315,578,357,754,302
1997,10,887,189,365,572,226,446,489,587,1022,507,283,417,446,466,573,465,208,259,284,242,526,184,319,1312,550,541,194,548,234,190,358,286,219,241,276,407,416,418,190,936,181,305,474,283,501,326,645,1530,532,490,675,543,493,250,224,419,268,628,443,200,587,831,558,417,245,266,445,180,479,390,545,588,384,276,611,693,243,303,565,297,498,365,601,1068,547,677,489,806,575,217,251,481,332,210,431,179,562,650,505,701,185,253,238,184,594,297,262,537,185,572,296,210
1997,11,658,348,1115,1312,488,737,227,571,699,578,476,387,729,1138,222,775,701,491,692,428,916,372,744,620,721,1996,427,935,1046,200,399,205,239,1663,820,567,385,222,301,758,243,309,815,460,625,236,820,380,325,240,587,853,194,664,793,248,740,529,823,387,433,649,407,2452,435,1010,888,201,280,359,504,472,331,340,428,830,616,449,1022,446,748,228,832,796,475,246,530,578,224,495,1073,243,891,572,524,407,270,1215,516,537,234,934,939,222,244,877,224,226,466,534,350,284
1997,12,3615,643,532,1661,282,494,3135,587,3696,2374,1248,209,255,572,934,233,265,1054,572,1566,528,319,386,601,325,353,688,322,382,314,557,1652,236,1219,306,1230,274,210,1616,2711,631,1221,1546,233,479,2248,313,1942,4227,584,255,527,817,210,306,970,565,1182,648,329,359,815,446,331,722,308,417,316,571,1743,405,1309,280,211,301,2524,268,819,1428,286,420,2770,398,3128,1358,524,274,461,902,270,282,1222,371,1432,1058,305,664,728,528,2027,1199,423,572,284,590,809,1422,223,2401,1191,289,1263
1998,1,1168,972,1063,1066,451,292,664,842,1645,945,609,696,622,370,842,243,561,664,317,316,649,326,275,856,1100,977,926,854,295,215,298,1346,459,4524,1286,1867,754,209,477,1611,821,1103,2645,532,289,599,1168,2178,571,448,676,371,1002,226,442,594,284,484,616,314,267,681,1105,707,1405,879,316,217,298,857,1201,2461,660,213,587,1319,940,1172,1173,596,270,717,1299,1969,5025,541,759,407,852,229,389,558,341,441,572,286,268,758,771,945,1050,830,327,203,288,1188,908,643,4147,1766,699,615
1998,2,2383,279,931,947,509,478,377,524,6004,1010,743,545,1739,1198,778,569,663,333,276,330,613,196,278,3947,1548,413,964,1563,278,554,354,2719,1000,7931,631,1759,1680,905,1407,2009,361,1272,1360,392,673,491,541,5746,889,475,1563,1220,662,498,537,318,253,302,670,204,284,4040,2465,468,704,914,264,610,465,752,611,2345,1674,1226,725,1753,299,778,855,283,535,428,384,4804,589,416,1483,1151,687,755,1060,355,292,342,716,215,350,3691,2146,498,464,912,292,519,562,507,3089,500,5591,2083,1502,2145
1998,3,1885,432,747,2567,534,286,397,384,4064,753,1253,1019,1429,1334,708,260,307,486,1471,655,724,724,358,3831,4321,552,1055,872,784,337,345,1915,425,5543,1318,2469,1226,918,1103,1861,369,780,2978,548,265,384,411,6613,698,1542,884,1470,746,242,492,452,1138,814,844,687,390,3897,4483,473,1049,1105,650,227,254,820,1027,2048,940,538,764,1806,335,1047,1739,542,330,451,399,6661,717,1936,878,1122,915,234,361,502,1588,685,858,970,317,4322,5550,610,1336,875,738,352,267,1159,2363,716,7461,2653,952,1330
1998,4,659,384,634,1641,405,241,273,271,3361,499,547,794,482,704,896,287,368,889,337,959,347,279,784,1683,6316,962,558,533,449,221,379,740,284,2549,776,1415,908,377,906,627,363,554,1804,371,242,297,288,2348,531,625,517,754,794,264,337,640,389,1466,373,383,825,2037,3462,1186,559,471,547,244,265,1086,1393,1203,816,399,398,671,438,660,1976,359,235,278,285,2221,507,697,740,594,1197,255,429,519,446,917,450,260,1075,2341,4197,1242,612,450,329,227,321,612,727,335,3183,1585,884,779
1998,5,379,241,351,492,226,205,242,241,1273,320,325,477,300,344,698,208,364,263,238,995,254,258,624,564,906,345,365,294,232,186,218,388,235,658,344,599,805,231,425,364,297,385,478,240,201,266,239,770,323,289,301,356,666,200,275,295,238,585,248,336,548,584,804,314,386,269,225,190,237,353,363,601,866,228,275,380,254,328,640,203,210,260,238,1061,293,285,319,328,444,193,451,470,240,782,255,271,294,661,752,365,384,269,219,183,253,369,386,236,862,569,538,353
1998,6,279,251,237,465,235,211,211,215,478,279,270,331,342,229,242,225,196,279,206,560,220,210,230,337,373,257,259,230,211,252,217,232,200,289,242,385,423,252,239,269,211,245,429,228,221,208,216,527,268,218,301,247,247,234,282,260,205,347,250,223,210,353,410,274,248,234,208,247,261,238,247,310,404,294,218,277,240,247,418,250,219,211,231,685,300,224,272,230,265,230,202,297,204,382,238,258,334,358,420,279,252,217,216,218,251,234,237,206,321,360,354,238
1998,7,362,461,384,674,408,479,560,263,475,427,490,534,562,438,605,471,242,662,285,353,343,421,250,761,370,551,528,347,325,360,883,350,355,377,488,381,380,443,301,294,470,564,740,432,417,490,262,382,445,537,463,377,669,522,228,621,337,493,310,415,253,634,342,677,529,372,298,473,904,369,516,451,339,422,395,297,463,639,590,420,483,533,252,430,434,549,464,414,577,563,257,572,308,550,294,399,249,731,324,512,598,353,287,476,739,332,360,348,435,362,407,325
1998,8,492,826,925,1692,353,513,630,559,699,534,341,1822,937,473,582,930,326,715,595,712,347,516,471,472,355,1321,834,717,547,1175,1129,411,808,859,469,436,426,809,586,412,904,491,1898,388,402,539,568,833,511,547,886,478,699,682,327,966,528,752,389,528,569,601,289,1385,1196,582,396,817,1203,645,485,679,609,670,307,415,887,527,2369,386,431,460,399,766,675,485,1079,423,720,631,353,741,685,729,449,414,492,523,320,1167,696,745,468,957,1343,976,371,693,846,475,385,403
1998,9,210,388,219,2366,470,318,1823,410,601,304,290,655,543,356,1217,670,210,1149,879,392,425,230,654,235,392,1283,515,1732,758,999,281,334,254,205,273,412,367,353,390,216,744,359,402,569,290,2211,467,736,233,759,530,305,1265,756,223,759,931,349,368,194,462,294,422,1026,851,1925,804,685,309,419,216,372,381,715,259,232,351,291,918,601,277,1411,462,682,230,338,282,352,1097,811,192,914,768,438,524,276,401,242,454,1007,1713,2068,485,812,358,371,535,416,279,344,450,370
1998,10,236,374,249,736,889,1024,1756,328,331,301,271,452,214,379,296,3400,455,1525,742,575,211,302,600,207,289,535,783,430,393,646,351,191,1038,284,213,648,244,316,389,286,380,187,1584,1640,1741,7624,292,215,205,228,217,296,413,4211,731,1615,778,677,209,363,368,200,392,622,312,618,349,570,376,254,247,766,215,362,178,276,463,206,1138,1660,1379,6644,327,262,263,732,328,222,248,2173,281,2857,892,913,211,388,650,214,354,627,229,435,349,435,354,368,197,1086,305,731,248,398
1998,11,1196,252,190,499,1130,793,5194,564,214,225,189,584,197,843,242,2109,1173,647,338,682,277,444,364,303,650,1368,577,763,211,431,483,535,405,385,664,544,184,493,363,1119,289,206,348,888,267,782,463,247,353,595,197,1354,282,1329,2510,550,284,595,267,275,787,306,382,844,423,421,285,812,653,373,631,373,181,775,225,1106,277,189,447,805,273,953,822,218,211,521,194,945,325,1863,2708,416,420,607,278,422,554,288,274,899,501,646,439,801,605,277,582,593,347,347,182,823
1998,12,250,645,1393,295,554,568,642,451,208,201,2166,560,206,1123,1327,608,3097,1123,861,897,190,2354,525,223,363,842,297,312,325,1116,531,2202,346,1795,311,549,312,235,1043,249,666,1043,268,451,628,482,565,198,217,922,203,905,1198,620,1579,1078,512,1160,185,3825,372,246,338,1291,285,360,213,552,517,1234,285,610,348,252,247,249,660,1092,300,578,428,657,416,194,286,649,195,1240,1287,836,2158,1174,950,733,195,2361,367,265,534,1301,259,382,206,580,373,1044,2211,328,1661,755,259,524
1999,1,952,829,611,666,6982,312,3227,464,431,375,2456,502,615,436,3581,612,2238,496,484,1122,521,1812,2288,239,549,4354,564,712,683,740,258,968,243,550,1239,303,932,876,2397,892,923,935,510,5802,308,3402,931,421,599,295,671,551,6724,599,1705,566,799,1241,428,2067,3646,250,412,1434,608,582,662,1097,267,1076,1554,302,1068,821,182,1208,677,960,542,8561,570,3302,1122,441,687,332,458,448,5001,745,1829,590,550,1429,536,2176,3043,251,468,2429,629,740,725,1003,266,1268,699,282,493,292,1321,2151
1999,2,452,725,817,762,4669,601,3307,1854,694,756,2765,746,390,448,7149,1607,3791,815,954,3288,231,3458,6787,698,1477,4326,672,1224,388,1490,311,827,1465,991,789,698,1032,600,2201,608,988,1310,1152,4989,565,2407,1005,853,533,1100,563,401,7687,2144,2989,703,1026,1998,252,2868,4127,386,2394,4527,632,1525,793,849,318,1239,658,867,707,720,179,404,881,784,1224,3521,476,4577,813,662,571,804,675,340,6611,2020,5053,810,1041,2759,262,2337,3810,605,2190,2523,809,1142,851,943,319,1073,1098,1390,1179,688,396,2495
1999,3,497,1791,2372,2407,1828,1060,4526,1724,642,1731,3004,761,938,411,5277,6721,3412,2037,2172,4092,221,5944,9263,217,506,1751,711,1396,846,1023,547,1719,954,3106,3506,452,420,1005,2276,458,1187,1442,1505,1929,1124,3670,1270,505,1471,409,953,372,3782,5160,3430,1670,1847,5107,221,9142,6625,531,488,2441,614,1637,453,635,537,790,3395,436,570,826,361,445,2512,2717,2054,1148,995,4079,2014,468,1781,675,941,394,5509,6636,3140,1998,1707,3711,238,9979,7343,275,665,3081,466,1655,357,690,509,818,2843,1258,2563,540,727,1813
1999,4,290,869,1418,1340,692,635,1170,651,359,536,5340,541,518,301,3485,4263,1154,1079,1256,2990,206,5078,4150,266,358,728,313,1688,273,1154,1176,1616,779,1836,810,256,707,1161,1247,284,1218,1044,1681,751,507,1198,722,467,473,305,457,304,1988,3875,1198,1047,1775,3182,200,3133,4983,362,352,1280,322,1328,270,1009,1308,719,823,262,757,1197,210,282,686,890,1255,540,485,1252,793,388,486,300,375,287,2420,4432,1066,845,1986,2578,196,3260,5541,341,344,1400,346,2107,274,885,620,810,1367,580,1835,267,517,1244
1999,5,220,346,642,694,414,306,530,539,273,318,1315,353,253,243,1343,895,530,439,544,1081,201,1007,1708,190,280,352,238,958,260,563,403,676,493,601,385,375,439,801,499,239,350,671,437,410,260,438,1757,245,324,228,233,254,1134,838,516,419,464,913,201,847,2076,194,278,454,229,920,216,469,335,497,368,447,313,565,183,245,350,634,683,336,257,497,1016,233,319,228,232,246,1318,799,537,485,523,1200,205,860,2251,204,281,458,222,777,248,492,714,365,536,479,609,406,395,582
1999,6,208,242,348,295,284,278,322,1221,244,320,561,223,222,238,653,515,334,274,335,596,186,503,484,217,210,276,198,293,210,364,290,345,342,330,267,267,224,261,353,192,251,326,410,256,264,333,476,267,286,208,271,318,443,396,295,250,297,524,190,561,478,244,206,298,207,298,242,423,283,263,264,209,259,289,215,193,246,353,279,268,274,331,992,238,361,214,214,224,484,469,301,249,339,605,196,474,493,222,213,282,202,292,206,303,262,242,335,255,385,262,261,347
1999,7,377,516,319,337,494,752,375,555,294,454,438,288,365,495,586,334,379,346,380,302,316,417,381,307,399,526,370,299,290,423,332,486,395,714,408,280,339,411,274,378,600,315,347,440,630,397,485,285,472,320,333,297,716,385,363,355,422,415,308,331,376,342,399,479,348,298,289,385,373,290,402,277,352,439,375,380,518,294,321,452,815,393,535,307,423,317,339,414,635,422,371,297,391,335,295,375,377,363,377,532,372,306,273,437,403,296,535,409,805,247,348,265
1999,8,372,590,323,506,1202,1195,410,566,296,487,671,281,374,1177,764,1193,537,769,842,405,501,325,707,419,1216,1100,1227,495,916,360,434,932,587,1451,926,364,465,379,437,368,534,347,429,871,1012,426,534,308,410,522,402,1641,469,1110,568,620,892,579,492,542,582,348,1244,1046,850,538,621,327,349,319,962,383,429,433,475,320,590,370,701,1095,1448,397,488,330,365,548,469,1189,677,952,579,739,748,432,487,344,591,411,1172,695,1193,421,584,438,317,341,836,475,1208,404,426,400
1999,9,355,783,230,305,223,1204,910,209,428,222,315,337,530,857,627,596,245,550,544,988,726,452,389,706,315,826,778,217,512,366,782,749,243,977,720,364,214,438,550,343,1011,216,327,285,1008,941,204,431,228,414,377,817,509,390,257,705,737,792,772,456,975,639,314,1233,924,219,467,419,1103,280,661,396,205,372,215,320,822,279,293,210,1079,780,219,243,211,274,365,940,447,362,196,498,440,831,641,281,1272,516,723,929,824,329,657,235,1103,290,357,235,582,371,210,465
1999,10,213,249,297,340,193,280,429,743,403,253,294,271,364,313,901,3523,226,335,1184,661,200,299,679,983,378,1491,244,874,214,372,683,209,426,252,1220,501,179,268,244,198,225,298,283,189,327,655,869,411,278,248,389,380,1784,2222,197,349,1003,874,194,275,208,1328,450,903,214,922,255,308,708,342,1035,646,178,249,825,204,273,259,344,190,317,520,359,628,265,422,418,411,892,2134,201,304,970,541,263,464,213,1080,374,958,224,886,256,539,1046,418,204,543,232,443,178,262
1999,11,443,234,453,567,189,968,869,575,935,295,379,186,309,296,841,278,475,558,436,511,504,230,339,928,206,2867,378,231,205,186,459,643,1115,296,393,456,344,233,612,390,262,401,1121,184,1682,521,579,417,283,579,341,242,502,311,497,1184,555,484,326,232,230,781,211,2284,376,206,182,206,614,553,462,398,384,198,655,228,321,318,847,192,1010,696,1066,631,253,269,343,237,650,290,293,1102,368,614,402,201,265,874,200,1848,278,234,208,194,744,378,1068,740,312,410,308,551
1999,12,1069,344,188,761,604,1345,238,837,602,272,1975,1451,643,281,531,715,357,1152,508,276,340,681,1300,423,834,1098,507,209,243,770,1099,872,933,843,3529,2035,858,588,577,928,301,181,240,510,773,229,936,1040,243,591,601,271,394,872,264,488,508,266,497,535,1514,403,707,1787,597,202,401,344,899,222,5176,1550,1240,545,301,1287,414,187,385,435,1876,232,976,1194,254,731,826,326,484,688,437,401,537,249,348,946,1480,375,733,1666,571,208,258,590,1041,343,471,1313,810,1447,508,1521
2000,1,844,1724,1327,1484,256,441,1485,760,1580,387,491,784,1862,1138,1572,652,527,448,641,786,307,314,1184,1588,521,1921,430,203,869,382,1548,303,450,683,5352,881,670,1177,6029,802,931,1401,1879,316,455,1295,709,1418,489,1672,2070,1132,1842,939,540,374,749,912,252,785,1384,1123,524,1388,349,200,327,2901,1351,209,3954,1259,481,588,268,776,2165,1152,1960,414,439,1451,683,1596,328,1292,1554,1867,1605,878,485,434,770,916,294,241,982,1942,436,1105,457,205,1504,337,862,832,357,437,1695,2290,2027,492
2000,2,823,691,756,439,1048,460,505,1094,2006,372,815,504,1203,336,1433,1826,1170,1118,469,1237,1842,494,998,1539,298,8552,512,683,2837,730,965,401,838,1884,4134,806,321,682,3976,1008,2168,780,602,962,591,549,962,1051,278,624,851,346,1118,1869,1033,1629,373,1096,1962,391,1029,2554,307,3004,510,622,424,926,4301,1117,4094,989,481,257,248,686,528,794,546,741,459,489,950,1649,473,760,1060,473,942,2000,1186,1421,331,1093,1483,411,1851,1216,290,5132,434,414,761,223,2011,1003,324,413,569,4045,410,1544
2000,3,3035,696,1466,760,606,625,1747,1191,3287,549,2115,698,1540,532,1855,1485,735,1021,2005,1276,433,254,3114,1271,346,3622,286,1693,1737,370,679,1417,1465,1063,6694,680,476,373,8265,1699,672,1857,647,550,644,1078,1129,3490,728,882,1156,530,1072,1912,713,852,2734,1361,440,282,2018,1466,335,7722,282,1331,639,1945,8691,483,6468,877,1010,659,724,1942,756,1867,740,735,579,1410,1412,4831,865,889,2154,797,1398,1832,617,816,2665,1690,819,257,2351,1402,341,6005,310,1620,730,327,1020,1833,725,444,1231,3138,899,589
2000,4,980,472,1079,430,262,391,1417,666,3087,350,1865,704,720,288,2302,917,688,802,1560,947,339,231,1645,694,282,932,314,1545,807,286,448,405,966,581,2101,892,736,315,4476,1022,534,905,372,277,389,1229,904,4836,306,417,920,280,1820,892,539,669,862,842,340,230,1255,516,310,1501,324,1303,228,795,6547,673,6861,545,493,238,398,1304,429,1062,422,260,455,804,1017,3925,298,433,639,377,1526,911,597,772,1111,934,350,232,1123,601,295,938,272,1236,718,202,569,1102,366,284,563,1395,382,391
2000,5,409,378,351,253,248,274,634,399,1049,212,549,524,333,245,1160,498,279,354,371,561,243,202,589,374,215,491,331,520,478,254,359,244,430,303,828,384,259,301,1321,400,393,352,255,241,300,551,410,1128,245,287,338,234,1095,492,265,319,332,460,244,214,508,330,215,530,378,745,357,354,1641,236,1227,422,306,198,381,472,333,341,265,241,274,545,429,1119,242,263,333,256,959,514,260,360,354,517,244,206,551,346,217,497,312,485,976,422,335,490,240,226,338,675,261,262
2000,6,270,321,234,205,199,228,379,246,413,205,296,285,250,215,458,408,222,228,244,264,223,188,379,264,192,541,422,263,309,277,224,376,318,222,350,287,245,219,710,248,339,231,203,236,256,340,249,431,195,213,250,204,364,558,241,232,231,427,232,196,317,266,194,965,268,299,334,256,482,197,810,337,236,272,221,273,310,235,207,203,258,378,295,454,205,208,237,235,429,598,229,230,231,264,285,206,312,270,196,465,439,275,353,248,287,437,517,259,273,328,229,214
2000,7,581,341,466,431,365,385,281,227,403,258,534,1899,471,501,900,492,444,311,335,302,690,355,413,381,332,599,630,384,412,458,424,1052,338,344,841,415,1069,284,387,569,316,352,415,412,360,363,230,407,315,267,457,573,863,375,419,280,448,341,671,374,404,409,313,502,810,333,663,430,1058,682,654,478,643,410,449,461,361,480,429,401,360,313,242,391,332,280,451,349,952,453,407,285,311,287,757,384,402,371,315,778,662,341,656,535,254,476,298,465,511,364,257,418
2000,8,1160,518,677,547,701,642,476,307,346,1441,438,538,1600,411,630,944,730,739,458,357,1003,699,589,586,538,1009,879,477,575,1992,578,1104,886,737,623,800,869,277,601,1391,535,792,618,619,636,625,322,352,875,396,1396,355,805,1204,597,636,565,416,1201,761,636,757,509,904,829,450,780,293,538,754,511,784,839,446,536,1134,501,549,702,570,764,428,338,381,772,384,1469,276,748,848,885,609,573,307,860,580,755,501,446,875,741,433,1247,749,582,610,305,567,979,716,551,660
2000,9,895,1057,744,643,264,359,439,245,289,428,450,230,1026,364,516,822,304,233,203,251,217,237,424,541,279,278,698,3943,263,1622,204,518,452,407,799,463,420,212,416,473,808,1014,1081,476,753,346,262,246,605,454,1057,332,573,606,466,214,394,297,247,309,285,687,481,279,1079,1901,683,215,597,623,230,1311,517,625,934,864,1087,839,714,375,763,387,227,233,713,396,763,219,999,632,382,332,214,341,370,252,349,1134,344,424,734,3453,267,541,298,257,242,467,1265,1042,194,215
2000,10,3343,466,295,562,713,465,193,179,814,565,818,8494,277,1765,365,5186,1083,183,227,1635,190,257,411,408,287,333,212,1332,621,375,376,656,276,362,448,460,617,184,431,3556,505,256,358,464,228,244,178,607,545,319,278,1235,319,3931,1117,183,252,1367,188,281,299,238,321,307,228,4689,457,378,413,1393,282,526,255,1591,516,2926,546,319,307,445,227,189,179,653,493,762,407,7121,356,3863,1362,183,243,1276,190,292,299,225,257,333,269,1866,421,431,449,318,279,268,245,1017,340,198
2000,11,1944,386,186,259,352,654,185,646,275,929,650,526,1418,369,313,611,436,884,518,718,188,186,290,232,182,256,231,943,224,334,514,1308,195,639,493,641,370,220,544,1200,455,191,272,310,537,185,554,232,1076,749,1265,871,446,631,646,853,680,721,216,194,274,239,185,272,279,608,810,207,410,512,1357,590,327,1347,506,1606,437,191,208,520,294,192,702,287,1326,1273,1319,724,253,863,658,581,404,976,217,178,275,302,258,214,381,725,243,338,410,328,447,448,700,585,384,231
2000,12,2505,362,692,394,348,791,182,244,228,337,1313,1190,1935,892,242,424,595,228,2288,1418,217,177,298,718,357,305,380,470,466,249,293,1001,305,335,596,4032,282,214,1086,1207,368,787,493,381,643,185,514,231,335,1413,2431,754,257,447,482,224,2074,1800,183,182,437,638,1023,277,281,521,1242,927,206,733,2939,1077,198,693,800,2427,273,891,539,351,1231,180,241,248,327,428,939,1103,287,450,486,391,2664,1619,183,182,414,493,592,274,210,563,192,937,934,2357,259,1876,396,3467,333,311
2001,1,3140,2083,630,1484,1248,485,298,696,882,1603,1138,2281,2984,757,241,409,884,322,648,975,1127,193,230,1200,557,395,758,717,600,239,676,590,222,1087,838,1079,268,178,609,5167,8731,1086,2797,285,419,554,1590,324,3545,681,2142,512,231,364,455,493,714,1393,1013,179,1310,493,316,1127,289,1199,396,1113,5664,962,1662,456,249,830,389,5472,1761,799,1736,557,3142,207,397,526,2792,494,1830,992,717,1939,509,462,727,1561,1082,175,317,731,731,461,730,571,679,608,1779,2262,1289,481,1005,16155,223,251
2001,2,8286,838,633,2134,756,431,240,950,873,8627,3129,1467,5071,1910,407,502,388,1074,706,2282,722,472,984,546,232,808,586,810,302,959,1153,1174,515,953,412,1495,360,528,388,4052,2988,1688,1181,531,323,351,847,986,6330,432,4897,737,367,578,880,834,1354,2938,321,181,832,1319,432,796,637,1008,1440,1583,1884,1271,1862,1493,496,3635,733,3424,4380,293,3028,549,1525,339,396,322,4109,375,2830,5128,521,2923,552,711,1145,3845,1465,359,359,914,526,1026,512,1143,572,495,494,5135,491,517,492,11036,467,247
2001,3,4049,1114,396,2550,811,388,382,882,1084,3262,3490,1573,8487,1707,706,911,555,1127,1779,3498,517,1189,2836,395,413,1789,1616,935,232,343,1634,2694,627,464,291,1505,973,428,778,3077,4310,1822,5626,1642,584,214,610,723,4125,413,14626,458,413,646,640,565,2249,6382,989,5043,1407,1649,408,492,326,584,2780,749,1956,2433,5441,5486,716,7223,2019,6373,693,320,2428,1068,5445,190,242,1441,3198,376,2728,9406,762,2872,1112,293,7901,10403,1206,1424,371,518,620,474,424,571,747,570,450,5241,814,1479,1312,10647,768,475
2001,4,2053,1025,281,3036,724,264,275,386,435,954,1457,514,1661,815,405,489,434,437,1421,2483,323,288,430,339,304,599,459,520,210,391,962,2672,434,509,275,832,744,259,390,1671,12284,1747,2695,519,245,199,392,485,2023,343,3524,310,299,338,360,546,817,9644,313,1535,811,743,382,314,219,1474,1009,544,607,1388,1639,3412,293,1480,932,4244,620,246,2007,390,4243,177,210,694,1748,291,1001,8840,546,860,479,451,7671,5231,583,412,285,267,277,300,289,318,302,445,442,2770,499,1880,546,4051,1196,212
2001,5,2713,370,744,1602,311,213,194,281,275,595,647,303,562,432,224,276,240,431,465,605,231,227,299,286,238,280,294,299,205,238,591,669,219,432,241,506,264,224,260,803,1877,978,1161,387,205,202,252,248,630,231,507,238,215,255,243,237,548,2096,229,1483,346,339,290,226,209,565,761,402,362,537,664,686,237,514,391,984,306,204,523,260,661,173,194,340,608,235,373,990,262,576,285,238,2006,895,291,250,199,260,208,222,229,263,299,342,269,1266,350,485,388,2028,1369,220
2001,6,553,258,215,436,218,199,207,210,225,329,364,223,293,279,220,269,250,219,412,331,373,191,285,221,210,267,242,264,201,219,388,347,202,259,247,308,210,225,219,439,718,305,648,219,188,181,326,243,271,200,273,210,384,224,299,201,264,564,200,353,256,474,196,208,188,265,340,258,335,291,300,359,246,269,381,371,255,226,261,203,340,204,241,237,260,200,275,396,226,262,220,205,927,589,265,235,190,348,207,195,192,220,203,202,262,579,223,279,266,914,257,189
2001,7,271,529,412,457,426,239,256,452,326,417,358,382,327,320,207,612,270,351,593,330,317,230,361,412,473,306,627,509,326,394,346,334,220,365,304,395,246,773,241,367,422,533,633,536,260,453,296,413,326,337,318,293,787,502,734,323,377,403,567,463,310,623,327,353,621,480,580,450,454,310,509,400,233,303,275,483,454,524,400,379,395,393,364,613,250,329,406,414,526,409,331,2026,368,333,324,543,202,405,298,256,500,460,271,724,369,575,409,417,846,350,243,462
2001,8,270,581,551,1958,531,293,396,337,856,917,381,268,797,640,307,545,1279,627,452,1002,1100,318,316,311,3161,524,662,394,385,422,904,556,341,870,377,485,229,700,264,722,721,2136,1836,437,417,444,376,631,905,465,1028,735,516,1112,383,327,310,334,1286,546,961,939,283,366,1849,400,944,435,495,950,450,350,226,596,450,529,611,1071,403,522,338,465,1139,695,292,515,1366,730,700,644,296,1970,354,692,369,632,453,1367,333,816,577,429,504,677,690,622,991,944,2257,1012,706,520
2001,9,205,330,756,1123,546,288,721,216,1129,797,662,194,679,251,370,1621,1182,426,1032,215,253,329,194,359,549,231,543,188,315,240,265,239,212,963,354,714,230,272,282,228,282,247,968,276,243,195,249,218,506,415,462,376,358,369,689,293,216,658,756,396,538,1200,278,346,1703,366,452,423,223,1485,438,311,177,391,809,695,332,1415,1158,323,350,267,651,308,885,335,530,360,283,510,208,2430,407,766,376,1629,188,667,286,609,344,326,287,365,406,304,659,696,709,234,761,592
2001,10,413,292,2016,351,302,213,469,310,937,719,654,178,539,889,283,556,488,238,225,189,186,243,540,340,276,180,377,611,196,210,360,235,253,6209,1265,250,352,358,271,185,248,230,474,299,190,622,314,320,248,247,324,370,241,1497,196,588,251,1344,686,586,329,281,197,258,396,811,411,196,253,622,845,436,1130,550,1052,722,1046,752,886,204,2383,632,500,351,418,238,273,447,2162,297,632,520,313,1409,206,1069,424,379,178,329,201,696,241,194,821,232,892,322,251,477,292,308
2001,11,730,375,1008,845,217,231,185,203,1443,1213,575,276,724,580,370,624,852,2203,414,194,368,752,351,222,237,225,311,216,636,201,374,433,569,1804,660,1950,582,571,296,366,251,228,764,315,1602,371,545,750,399,311,847,569,489,300,925,197,239,519,241,364,745,305,221,188,268,1011,324,492,179,904,297,419,631,1517,454,211,1380,429,469,178,586,224,372,431,479,237,989,926,659,651,403,1877,342,2268,934,3558,409,851,186,213,413,2914,837,253,222,261,358,207,500,787,436,290
2001,12,398,878,397,1265,1709,245,307,706,1286,362,2122,2516,365,671,698,301,946,607,208,199,2741,952,492,337,1011,222,5300,2578,442,807,2911,257,424,1814,486,642,315,903,535,208,224,369,1254,233,246,725,262,425,383,4003,650,453,197,497,10385,244,662,248,245,1060,862,291,571,326,254,463,246,596,177,461,945,561,5151,385,1055,384,4459,282,736,221,658,240,222,360,401,3611,573,1057,377,271,211,3313,270,522,390,1092,244,675,315,290,538,1647,959,185,451,349,1400,203,230,2703,251,867
2002,1,1573,1463,543,548,8461,661,542,1118,1042,416,1783,422,265,1086,962,1227,1854,995,199,221,1774,645,1000,481,821,754,2134,913,2263,1235,837,1023,524,2240,2375,8212,294,1586,811,866,495,833,3352,357,700,567,4003,615,343,574,965,391,360,350,2418,479,1384,471,389,1689,926,974,3127,357,840,572,207,885,185,374,3227,929,2452,303,4573,749,9977,366,1443,236,421,1983,941,1135,1684,711,1279,1050,638,948,209,6553,311,417,880,2187,1196,478,527,308,905,925,4243,181,2600,196,5212,524,889,2458,981,1495
2002,2,895,1324,704,513,7416,1246,1188,550,1343,827,3120,543,317,654,451,3245,2800,665,462,219,2017,1283,387,371,1279,238,4711,5039,1318,1653,1355,414,1027,7140,575,10714,902,793,533,538,606,1536,10503,461,1547,387,5022,379,476,845,764,911,513,465,3991,2957,1356,1229,690,915,1089,427,638,491,544,1389,571,2358,273,304,4139,2170,1105,486,7047,2951,7387,553,825,288,474,1016,1660,1616,606,853,1063,653,493,1026,650,6091,196,734,1169,2930,593,810,243,1049,675,1978,8746,802,3056,503,6950,380,2573,2029,1098,897
2002,3,529,1621,1054,1077,13777,366,2397,426,5068,1174,4360,920,749,590,709,2268,3815,1387,1614,332,1842,979,1293,487,1520,322,2356,3013,1412,509,924,726,903,7274,1249,4217,525,613,284,258,304,3614,8300,338,574,526,2902,613,520,545,821,848,563,591,3098,1032,680,429,655,1811,1695,985,683,405,356,1368,1264,1143,272,692,9213,775,801,1153,18333,1237,7227,1637,2168,242,735,494,508,916,1246,645,718,805,1085,1346,878,5007,522,1047,1222,5069,772,454,449,352,503,8794,1949,665,2383,197,8278,310,891,1531,2937,2071
2002,4,646,1178,832,654,3132,331,702,444,2604,1389,2005,340,552,579,649,1202,1895,783,959,286,1060,627,1664,603,756,230,1332,2556,1479,409,959,290,327,1269,916,3653,389,362,293,381,248,1052,4137,242,384,286,2310,308,363,505,354,521,906,544,1950,621,368,434,984,1554,768,1565,462,448,295,1129,621,1005,286,444,3946,529,654,380,11032,794,4022,1823,1080,185,373,451,345,496,1036,459,406,440,994,664,480,3048,249,511,723,5281,384,303,249,297,473,4757,676,402,1116,192,2060,368,448,823,8806,2944
2002,5,342,445,536,439,1001,249,298,281,640,948,579,264,253,311,454,419,737,360,357,177,587,465,768,556,362,191,731,2047,604,305,444,237,257,518,361,1893,224,596,212,199,217,446,1191,194,254,223,1366,217,271,319,263,265,374,241,697,323,256,242,306,739,387,1016,272,369,279,457,376,604,238,232,808,1017,394,249,1775,458,1908,438,506,181,247,241,324,293,453,295,292,300,315,383,244,1027,204,309,371,1155,436,278,205,217,386,1643,392,289,554,226,578,311,287,660,1804,1091
2002,6,266,398,308,256,548,206,229,209,292,691,304,201,245,215,329,334,346,237,233,179,429,248,297,443,280,195,485,551,323,217,254,200,212,269,300,913,209,419,256,204,186,274,381,211,219,202,367,192,250,225,233,247,277,198,421,256,265,260,235,544,295,274,219,186,215,331,207,266,200,264,374,629,263,221,1340,305,746,249,275,216,212,206,250,222,257,244,231,246,263,242,202,435,214,302,283,523,223,213,186,226,243,594,264,192,512,343,346,224,290,717,438,508
2002,7,390,549,442,241,547,253,322,392,321,725,414,612,263,345,436,368,510,396,335,455,961,361,383,493,309,258,598,564,517,387,398,409,622,518,372,829,532,647,213,419,1046,852,493,332,294,579,407,313,224,560,223,323,408,390,424,378,334,376,308,502,218,528,378,371,261,356,406,328,596,355,641,409,601,305,808,543,438,341,736,220,616,453,314,312,505,576,347,846,310,421,259,376,435,257,436,266,372,224,457,309,561,393,1510,435,532,693,770,669,320,1813,327,408
2002,8,294,750,420,432,547,510,425,326,617,1019,454,550,680,971,396,1569,489,718,691,399,915,359,372,938,251,353,947,754,1307,568,711,544,714,685,805,892,1213,354,290,738,800,1422,572,328,343,881,702,2673,319,697,287,522,1489,624,1140,419,432,439,538,480,307,893,591,672,479,381,349,637,1144,630,495,649,489,252,902,490,560,674,754,374,2114,547,657,980,361,842,333,980,690,1170,949,347,403,1000,358,378,618,402,395,621,1032,352,1116,2050,569,818,632,827,689,1973,318,486
2002,9,198,386,678,395,502,442,191,308,525,456,494,394,225,1049,352,578,207,726,859,434,864,295,269,553,462,318,867,307,399,704,401,378,382,292,637,442,235,206,195,1080,403,733,370,234,191,282,714,1242,242,193,244,231,628,809,379,445,217,270,555,293,181,541,392,554,435,276,240,912,446,380,484,1305,407,238,914,201,411,242,614,348,890,519,196,437,289,201,530,650,444,267,1392,271,668,1500,517,461,466,231,1074,781,262,570,984,601,649,486,224,987,322,614,370,225
2002,10,246,500,275,374,619,668,178,208,653,690,186,2064,410,300,604,437,492,282,729,182,215,196,597,716,276,1837,257,242,970,278,721,206,802,473,608,244,8066,207,215,742,202,257,757,255,235,220,208,468,177,239,206,606,1512,262,755,620,254,189,194,425,373,233,1031,312,227,570,269,436,281,438,196,305,447,678,421,197,477,584,301,373,424,345,260,401,918,235,842,219,466,214,352,213,294,1111,467,378,414,179,1350,1012,213,227,510,263,330,779,579,223,1334,5791,630,194
2002,11,820,412,451,193,379,526,330,345,216,350,247,2679,439,513,428,319,261,358,2545,190,216,186,858,473,723,2020,209,193,441,472,861,501,1063,207,874,351,522,1549,536,2066,546,298,397,352,335,188,239,240,686,211,295,347,442,243,1249,373,302,676,193,193,296,315,638,382,344,295,287,666,1168,3190,241,205,294,511,608,338,262,939,484,618,947,252,242,1064,773,232,290,199,516,242,340,250,185,751,2312,595,203,361,866,693,369,247,530,237,1426,671,1068,258,485,803,202,217
2002,12,413,1488,346,1726,1532,697,833,3833,208,513,512,1427,376,1338,303,676,352,847,1593,884,3155,289,248,225,901,612,329,308,511,786,1330,296,473,337,856,481,319,3806,471,1545,1065,451,454,630,241,213,215,1095,599,250,251,276,422,1050,396,2037,325,342,707,838,189,281,567,218,194,200,176,943,2827,3827,951,200,195,265,416,580,1169,654,250,1059,328,319,195,402,1295,254,486,204,454,591,356,253,387,298,637,890,186,304,500,1252,218,2125,478,821,335,461,437,417,254,1234,1021,200
2003,1,398,810,580,548,434,1591,879,3371,642,364,1491,1599,493,612,234,1310,2810,950,1277,941,2877,190,722,1007,1007,545,653,1062,1106,763,1121,237,994,326,1174,790,432,1490,3891,1657,3898,1534,269,393,1074,822,220,696,2425,224,228,252,1421,1493,771,6458,392,305,657,870,663,353,1292,690,407,436,306,2417,5638,3629,1297,1353,941,735,659,992,788,1664,845,682,841,392,182,4648,1005,283,927,595,1135,317,746,506,307,527,434,491,291,968,489,3086,359,533,1079,1373,326,1924,342,1106,704,3149,480,1253
2003,2,962,447,312,1130,419,1033,505,4647,939,318,371,3222,2364,730,551,3776,874,1079,1182,426,5287,955,469,844,494,829,1068,879,494,458,1386,513,485,263,1395,644,733,9300,2446,4015,1395,639,284,1583,463,1042,242,1861,1598,469,468,198,1408,1602,979,3680,2112,854,521,1304,326,235,622,1323,391,567,493,7427,2898,2411,724,1511,1193,944,1463,697,767,2385,1301,407,678,539,220,3922,1220,580,478,711,322,448,726,682,579,933,1091,417,187,635,1086,1450,1240,780,809,822,556,1425,548,1894,781,8421,378,3130
2003,3,1835,550,364,1075,1182,907,518,4569,600,336,404,3601,609,816,1140,4311,1038,597,939,802,5895,1207,417,959,957,840,637,512,353,350,972,487,618,235,2337,372,350,12281,6687,2673,2771,1464,244,615,378,337,397,1354,1099,1532,456,313,2049,1755,1373,2734,728,762,268,808,206,217,638,1557,211,1147,340,5884,1625,4778,1202,1171,643,379,1784,439,1520,1431,639,485,565,251,421,3911,1868,1242,328,799,329,575,1180,282,247,1120,3110,1127,280,1172,615,1720,2220,1033,1302,677,1362,1233,686,1138,272,5488,483,1532
2003,4,672,360,328,849,513,484,399,3965,328,240,245,1576,352,1398,335,4895,740,840,509,588,2211,410,390,438,608,626,447,336,352,277,495,454,789,306,2184,274,296,3001,3845,1177,1427,3248,202,524,278,297,500,773,774,326,288,345,610,1140,1690,1656,458,333,252,914,200,227,298,599,714,663,217,2996,2488,1657,660,629,415,269,3778,260,876,1828,1098,970,326,211,220,1907,1116,276,457,361,493,260,883,284,221,486,2422,460,185,1019,349,2193,1210,836,856,424,437,774,430,729,383,2161,382,822
2003,5,350,238,203,427,308,285,236,1304,263,204,208,453,283,534,249,973,319,829,701,255,1092,249,227,247,334,378,314,230,225,244,310,201,706,287,540,262,243,1209,992,549,480,1534,197,286,206,216,396,618,423,229,190,254,405,464,504,647,289,219,252,362,184,200,240,341,249,289,196,1176,598,915,461,374,935,230,971,220,359,940,406,320,278,205,180,523,780,227,281,248,264,319,467,297,191,303,603,258,179,453,243,699,450,358,614,260,260,397,236,333,214,977,416,396
2003,6,249,224,211,281,234,248,331,529,288,206,196,255,225,252,251,431,232,486,351,242,472,245,222,202,241,242,208,201,237,190,251,205,331,465,415,192,219,459,428,385,1692,364,335,377,186,209,206,296,272,194,208,203,320,258,488,420,212,256,248,305,309,271,211,256,188,209,201,438,403,467,306,242,403,665,412,201,256,404,228,272,255,271,196,296,319,196,243,212,209,191,316,191,224,214,309,281,193,258,257,338,244,315,365,217,222,261,205,267,218,400,528,287
2003,7,302,348,385,441,266,343,662,309,1185,338,405,385,353,368,279,590,285,613,365,274,377,373,351,354,215,343,402,389,381,268,374,329,365,324,536,235,319,433,330,320,898,622,366,378,310,442,419,595,402,286,388,259,260,303,781,455,280,304,386,426,374,499,531,217,399,298,336,575,669,489,374,407,318,523,359,265,384,704,466,288,254,523,259,351,439,313,445,451,330,296,485,459,371,469,354,319,401,442,362,339,326,562,871,332,607,338,376,1238,314,475,557,379
2003,8,436,757,388,570,505,575,528,736,624,852,411,580,717,411,277,2228,600,2230,390,287,321,573,1348,1161,289,474,396,475,709,571,1053,517,585,595,887,377,642,241,611,373,429,470,555,350,419,429,303,1254,293,403,573,280,298,330,766,720,329,995,244,679,622,246,357,576,523,421,720,755,639,494,825,1098,401,628,471,351,523,756,502,506,294,1035,321,565,958,388,343,496,370,356,490,2530,409,692,326,907,717,240,431,484,310,564,640,1037,1970,792,571,863,601,782,601,462
2003,9,663,1336,605,464,1159,637,327,430,1049,440,538,474,548,230,329,1180,184,489,266,339,432,1614,628,415,267,340,231,395,282,526,285,747,389,521,697,296,942,234,524,374,248,1064,264,232,793,617,338,809,464,303,392,265,324,326,464,502,314,584,354,240,418,175,209,607,584,286,435,663,228,550,923,1006,476,217,391,219,285,948,253,399,217,676,331,635,475,294,282,244,509,503,326,447,417,3428,249,497,823,185,227,283,275,363,835,494,602,597,407,1438,565,1934,311,216
2003,10,406,882,427,211,734,1238,333,296,229,1096,547,243,210,466,201,249,181,715,183,438,399,469,556,201,200,706,1738,727,254,409,484,2851,459,2117,202,750,480,391,548,243,200,376,268,860,338,677,186,2053,256,543,320,223,183,692,201,197,181,197,891,184,593,176,205,199,182,179,264,473,591,217,593,313,478,221,1474,485,725,254,182,373,279,529,500,488,995,439,495,251,246,415,471,683,181,4187,182,365,556,497,874,315,997,268,1631,250,362,202,210,286,4072,376,300,224
2003,11,1671,1358,350,601,324,1208,704,579,256,1131,444,413,230,271,177,395,214,421,245,1525,204,641,1009,293,398,291,1003,302,316,246,2866,279,224,1952,408,344,380,277,733,182,188,319,189,487,575,989,184,771,273,366,439,234,317,196,334,271,176,2182,682,309,193,278,514,431,179,262,421,545,1740,205,426,508,358,468,361,249,438,644,227,1112,1186,288,703,598,263,448,267,182,304,267,490,230,310,1971,181,1891,390,703,258,291,513,863,2408,899,336,320,235,332,424,644,252,342
2003,12,1723,1823,231,200,290,490,241,780,323,353,334,930,329,5439,174,672,451,1818,577,490,288,1130,590,237,823,378,296,889,1627,2711,1406,291,417,1040,902,324,268,2373,352,178,581,1031,351,685,677,299,309,4652,409,4266,234,174,659,314,723,238,462,318,256,1062,262,835,325,328,620,369,279,538,344,271,416,934,1044,255,236,211,213,694,364,1049,315,324,231,229,1401,1545,238,548,194,254,948,239,732,1910,353,338,1535,366,593,1315,524,635,2321,285,240,200,190,376,539,340,867,4178
2004,1,1837,975,600,589,1076,334,238,491,1160,474,240,520,638,631,941,752,192,1514,416,673,603,567,5893,587,4224,397,300,643,443,711,2077,276,748,5102,657,537,779,807,377,287,351,1269,211,343,1478,445,417,6025,292,1789,223,466,1140,736,622,208,867,831,382,979,207,1926,794,389,1596,236,251,487,440,441,714,612,2430,493,2004,241,237,490,1316,1772,346,335,742,875,448,4658,376,340,288,292,896,488,1477,1449,246,1446,822,482,1437,1042,259,584,2193,1755,684,674,235,543,565,1087,340,17494
2004,2,5413,978,500,424,685,844,1118,574,1442,490,488,1419,1206,4937,2250,1431,410,1970,1436,917,1794,632,4475,1185,1521,865,476,792,832,2282,4146,338,3460,5650,600,403,2600,764,583,330,317,947,280,776,636,813,1165,10640,212,2640,572,380,593,2069,3719,197,487,1345,1128,738,199,879,335,525,1590,280,1094,529,1133,602,1688,736,646,581,530,246,223,712,289,665,349,254,521,1077,358,1210,2254,382,262,586,497,1634,3309,1918,233,1649,1261,870,645,1523,373,1148,2673,2322,1574,982,427,2247,418,1293,290,9814
2004,3,14777,689,232,259,1008,481,494,514,752,1814,247,505,532,8953,2353,1862,731,3505,451,466,367,2012,8255,1079,1884,623,4052,3104,705,1118,1320,421,1367,1902,1873,521,4275,2366,359,637,276,1222,227,560,498,548,347,6763,206,1131,1275,336,417,1046,1461,181,1267,1244,648,856,188,4160,749,387,2004,223,1022,280,2056,368,2733,566,599,933,735,295,202,1518,918,525,1236,362,1450,1775,314,823,771,490,448,600,412,873,3060,2385,273,3108,543,766,2048,1215,282,548,2111,1582,345,306,495,681,407,1020,1142,3509
2004,4,9521,456,243,264,381,349,267,308,508,933,278,410,277,5290,2913,615,874,1857,1662,376,300,2846,4133,824,1204,298,1541,1947,457,449,563,397,580,632,786,251,2197,799,248,636,241,568,219,350,372,440,270,9703,191,522,285,206,669,699,1014,177,294,728,508,745,183,3888,246,225,1250,543,898,249,706,321,1930,357,710,282,439,181,213,541,463,488,1052,280,369,2901,248,452,352,528,308,304,307,367,1847,1105,249,709,360,333,750,873,252,363,1084,819,314,419,367,399,519,635,532,3661
2004,5,2045,322,208,194,245,291,218,222,305,489,236,325,220,1139,636,350,286,803,533,259,267,488,1029,314,839,251,592,560,291,292,389,212,317,387,402,209,630,473,209,304,193,322,194,275,253,246,208,1255,180,315,229,186,305,324,437,184,298,340,423,1325,189,593,213,203,469,222,418,215,408,260,680,294,372,707,273,175,309,316,240,287,337,214,248,679,207,330,235,265,328,268,294,248,659,436,227,354,261,272,370,425,205,327,469,398,308,228,245,283,264,354,349,3127
2004,6,931,426,204,190,201,223,239,196,247,248,190,222,329,609,326,251,214,343,749,213,196,310,587,246,837,265,329,332,236,247,232,213,317,331,276,199,329,401,194,245,226,226,283,225,205,222,215,964,178,215,689,184,267,365,788,185,197,258,369,404,175,307,217,208,294,203,230,322,235,265,528,207,282,293,223,174,187,268,207,337,243,262,219,366,249,266,202,249,200,199,251,232,363,348,216,381,227,224,273,271,218,222,258,257,318,289,188,259,431,256,212,1379
2004,7,398,214,524,365,334,283,235,261,440,483,331,398,434,287,236,483,262,399,420,268,216,480,411,318,405,311,286,289,1026,669,390,242,348,489,1797,312,317,399,328,480,333,557,258,279,369,531,241,333,468,283,665,250,379,638,457,324,442,305,252,443,306,250,346,459,255,677,308,376,360,353,555,431,540,398,423,294,230,737,834,321,1849,226,418,293,296,221,301,338,391,442,348,328,370,471,353,432,390,223,347,474,238,325,662,308,419,717,323,235,376,447,300,394
2004,8,737,341,853,685,471,939,314,526,640,708,418,330,317,628,303,758,283,382,424,446,389,290,1779,682,685,669,315,511,934,367,1659,552,579,771,783,434,268,695,290,586,648,681,263,353,687,534,298,502,807,770,322,599,333,715,456,354,625,538,486,897,489,664,440,744,725,671,662,611,664,395,882,579,841,508,767,494,246,410,746,436,1168,249,544,668,813,444,476,276,774,861,648,972,338,801,420,1298,543,358,835,867,376,921,1060,743,725,562,459,229,804,822,393,536
2004,9,503,535,1687,900,330,843,309,930,538,803,247,292,233,412,278,562,323,494,353,256,468,442,1037,492,874,471,186,300,337,247,225,325,602,371,592,336,203,1785,182,926,246,764,398,279,318,551,229,1181,601,403,368,212,278,417,196,309,569,710,515,364,745,373,281,649,855,834,438,584,222,220,512,286,506,222,326,638,449,673,892,366,435,186,197,362,320,299,561,229,714,1706,1009,1241,261,440,265,469,426,318,551,434,525,241,844,374,702,724,245,231,443,464,749,727
2004,10,883,360,570,1184,374,250,740,284,1226,451,213,446,202,341,669,343,474,624,251,417,188,190,267,251,1152,869,288,506,272,185,476,196,494,216,840,198,215,403,226,459,335,424,532,605,454,267,176,600,525,188,212,807,338,1804,351,167,777,1568,743,473,201,356,228,2233,426,196,984,289,387,193,259,327,331,314,409,230,264,532,1669,239,334,367,224,224,201,286,312,189,476,408,292,948,367,321,195,215,511,421,215,636,593,300,450,266,214,220,366,217,322,192,233,193
2004,11,405,425,295,329,207,608,426,347,221,1169,318,1613,349,1494,382,205,297,1049,2583,998,209,315,1098,440,450,288,200,389,285,330,261,486,193,3449,504,179,189,828,337,1415,179,261,930,873,460,239,348,215,512,192,359,192,376,612,1056,249,541,393,235,637,378,258,1700,1040,409,2210,957,521,269,289,897,273,879,785,288,377,1898,202,1426,509,608,491,328,259,529,178,1029,203,269,514,236,384,346,297,629,2802,936,1279,5306,203,543,226,623,320,473,287,560,299,748,346,185,447
2004,12,436,339,1204,4488,200,1141,1986,463,225,540,2667,943,2484,852,568,652,489,463,717,1046,376,2552,354,460,849,909,2226,292,394,377,479,316,955,798,2940,176,225,697,771,318,1224,610,305,1823,313,1082,304,385,1120,267,1096,432,252,601,285,372,1363,2140,356,319,619,188,2783,641,252,1402,315,2194,189,379,731,269,500,420,186,3158,2273,240,621,957,928,1548,178,310,226,498,1339,867,226,329,405,1201,720,1235,573,551,1056,2968,661,922,1202,184,961,439,471,257,335,685,2082,544,356,221
2005,1,478,430,3856,1019,577,2537,2247,384,348,517,339,482,1812,1759,621,284,951,413,2092,1136,896,809,1313,431,353,2934,805,640,207,445,1256,344,1843,1010,2290,183,561,1846,320,310,686,253,259,1005,1077,980,509,3894,339,591,885,641,202,748,836,187,681,1948,363,489,1144,185,2164,2005,868,6914,951,873,220,1099,493,660,322,882,194,3335,1239,1531,639,639,973,571,178,239,513,422,1145,4070,513,732,1404,520,328,1261,306,1082,507,1565,453,825,1722,1062,361,499,306,829,416,1036,1461,555,791,228
2005,2,686,945,3908,925,687,2959,2180,458,253,383,464,534,3859,1099,1047,798,579,1368,2080,1286,1332,1154,991,311,869,6681,3352,234,4772,500,1232,2091,891,537,2366,492,828,6388,637,682,1318,302,236,1021,1327,1513,315,3148,449,491,1990,269,810,726,967,315,2072,4371,588,355,519,197,2453,1061,852,8199,776,1545,680,416,489,498,2666,4129,501,3636,473,2440,617,536,1002,850,359,726,730,313,463,764,631,550,1281,1192,299,991,1888,2715,1447,1656,734,1030,882,955,946,276,1127,960,657,1143,2473,414,454,542
2005,3,422,441,3152,4625,323,3005,1477,378,447,351,717,373,2655,797,643,362,417,594,5162,2404,1014,607,1274,1080,584,6871,3908,277,657,717,1073,535,5408,880,5147,1235,612,8158,1107,994,505,799,247,1170,485,1983,435,5895,628,657,4152,393,742,1114,595,207,1459,9484,302,252,345,210,2086,1597,568,6111,1043,876,210,451,1590,1147,3743,6382,575,3470,506,3091,913,624,772,529,344,889,350,2558,1163,3085,315,945,605,1700,1049,1994,3948,1678,2448,1353,349,1516,1338,1787,1921,316,909,563,623,517,903,524,701,285
2005,4,254,900,1125,3171,297,1272,904,390,251,244,344,279,948,516,542,322,325,396,2544,2073,1178,919,505,328,299,2717,3282,211,400,461,968,377,2014,520,4101,314,680,2313,320,319,973,868,213,697,474,1116,462,3108,332,296,1838,295,489,641,357,239,1127,6341,254,382,290,185,950,1336,303,2183,623,838,200,403,512,1213,2638,1884,216,901,466,1543,1233,439,506,373,185,318,242,390,469,1716,240,422,367,780,480,1589,4162,811,2335,538,321,2620,812,1290,815,219,465,361,383,387,530,297,263,239
2005,5,228,419,487,1695,224,547,374,220,198,208,242,230,398,356,275,273,249,249,597,896,392,343,341,285,249,871,1248,205,271,233,678,379,607,365,1177,266,418,651,240,236,470,488,200,365,340,381,324,2563,460,260,488,201,242,274,362,169,415,1597,296,220,231,176,470,448,240,635,315,402,208,239,293,734,1964,539,196,445,266,514,790,301,280,277,204,218,206,297,301,512,195,277,280,420,256,610,580,404,756,377,284,2080,395,505,397,204,318,232,283,251,425,213,224,191
2005,6,238,229,287,392,199,603,246,221,255,191,219,224,347,272,331,201,406,203,508,353,245,257,279,213,359,399,620,193,241,293,297,753,317,314,624,189,211,364,232,236,290,243,184,302,235,334,226,1750,343,211,287,193,193,214,236,169,268,607,354,196,685,193,332,322,223,350,226,260,216,237,232,261,453,377,184,309,209,267,788,224,236,253,180,281,187,221,272,393,185,220,227,246,231,931,389,267,329,241,218,1050,245,260,271,185,339,215,203,250,336,200,191,218
2005,7,661,424,369,432,280,530,351,343,473,353,211,369,402,345,422,391,502,358,569,324,341,282,473,332,488,269,388,615,550,608,474,558,276,306,512,329,303,386,528,306,459,334,652,518,232,536,704,623,421,326,345,330,379,324,457,229,381,334,409,297,319,370,304,613,332,369,294,356,327,384,351,320,571,358,413,288,386,350,615,322,1115,460,540,449,382,518,412,474,375,463,380,325,350,542,279,280,424,398,517,1140,293,275,350,307,414,249,559,279,315,288,565,277
2005,8,586,1520,836,321,615,343,646,602,297,751,314,321,410,689,427,1418,487,418,693,512,489,634,493,524,575,549,676,714,409,587,770,601,424,937,626,604,247,484,338,879,679,787,449,548,372,1076,959,652,1061,478,668,386,327,398,578,261,306,360,1552,276,857,271,363,775,243,243,279,870,296,752,1043,391,730,433,401,467,259,685,515,573,1082,661,1116,574,347,1059,486,657,826,664,891,592,369,2257,405,444,1185,563,849,2144,554,292,599,430,1544,323,937,628,976,263,1301,884
2005,9,339,624,522,550,256,248,691,565,969,404,404,527,337,623,400,395,575,496,1157,194,257,733,558,469,498,424,502,2041,468,763,702,498,356,537,745,438,631,206,192,581,793,829,365,281,210,684,623,499,613,382,217,673,463,448,327,284,238,260,1230,472,515,450,242,864,682,192,196,289,580,368,195,241,1035,230,186,365,216,597,349,340,1041,724,1323,318,223,363,323,688,1684,1479,300,278,828,3965,557,332,989,874,645,2374,499,219,376,268,233,654,493,1186,549,377,291,714
2005,10,327,1251,507,524,236,217,273,246,480,249,887,420,186,658,366,830,621,570,1091,182,254,554,571,258,1156,302,438,339,192,351,342,262,188,1080,472,228,601,319,254,311,560,1508,674,367,269,939,280,244,309,330,194,518,290,219,742,516,186,189,1204,716,4350,477,466,1091,887,279,186,350,334,541,296,437,601,364,193,501,798,1747,224,749,457,1284,328,200,176,189,504,319,285,2810,276,543,1446,2198,270,400,810,433,320,700,248,903,446,260,246,1211,361,253,646,280,218,3549
2005,11,395,344,1033,462,212,236,408,297,1468,278,1245,395,262,1803,335,355,668,219,613,179,348,3261,472,181,1184,502,1243,480,238,643,232,1732,234,702,2781,208,836,797,609,189,508,1607,2532,1161,176,319,349,396,578,1051,273,504,347,614,452,696,239,308,898,676,728,177,1005,428,229,1703,1176,397,608,305,419,731,1160,733,447,303,624,1640,301,212,1286,314,226,184,226,562,189,505,371,1268,468,351,768,4882,876,495,1822,711,1312,379,438,373,235,412,276,445,598,455,1015,517,195,1571
2005,12,1822,648,4350,283,320,338,552,244,347,352,1610,840,560,391,445,414,429,913,2139,527,335,951,304,1756,848,1000,1158,360,468,240,370,2322,3031,1879,462,254,1556,379,254,1088,841,1858,443,825,781,1202,779,209,996,306,268,864,860,918,801,530,1391,333,2147,347,4885,484,736,1317,306,756,679,245,473,399,1154,313,1249,234,285,311,1723,1274,1744,431,568,283,1301,183,882,3425,246,304,276,448,463,911,348,4653,1607,334,977,1086,2095,430,300,431,238,203,528,270,467,232,2783,274,247,1093
2006,1,490,1105,4539,3601,1498,207,524,444,1664,1007,675,932,1333,3167,495,1954,1947,1228,802,636,824,808,385,683,6443,384,487,1466,2040,631,482,4300,641,966,400,359,393,680,906,370,1182,4490,387,933,414,428,5687,670,728,658,535,1442,246,620,2217,584,443,356,1012,594,11890,921,1339,1418,1963,636,351,320,1840,339,1150,1632,2891,559,421,245,1552,666,551,264,1106,365,1083,260,530,1327,2026,791,1223,543,1481,362,443,4522,859,393,2747,386,1264,1073,1058,241,213,391,1179,1007,1541,426,3166,755,267,6844
2006,2,310,782,3490,9435,1191,180,721,316,751,1186,598,614,878,1727,755,3558,1246,1741,766,845,1395,4318,681,496,8691,265,662,871,1141,939,605,7483,786,883,742,882,450,861,985,1380,915,2657,355,510,1683,881,3215,1062,399,492,1315,769,1013,556,3025,267,613,1457,682,1205,8424,856,1186,2914,874,896,1620,490,810,563,832,1497,5388,2442,943,1737,838,832,1459,662,2784,877,1334,175,365,1204,331,932,725,2720,623,863,460,8774,4116,529,2779,317,2488,1931,431,430,721,368,980,400,513,753,4653,364,446,6838
2006,3,411,678,6315,4083,4699,1088,766,1273,2072,677,1508,330,817,5504,439,5129,1364,5226,1006,3765,806,14964,1217,445,9810,325,685,1533,515,560,357,9618,1583,1182,445,307,1602,1414,756,357,5042,10004,298,1039,328,652,1316,370,663,418,1316,555,1033,902,3626,464,534,530,1131,3505,9838,1529,2254,2853,937,2830,374,220,1911,697,970,965,9476,2943,577,1335,3149,493,1304,760,3905,398,959,737,985,1912,590,599,1009,4601,683,316,936,10378,4598,563,4000,717,1336,2873,388,228,2687,1587,3960,366,952,344,4651,248,426,3193
2006,4,382,538,2748,2845,3381,349,327,452,906,373,758,255,329,6772,461,1113,660,1897,637,6548,537,5621,398,357,6473,233,376,944,358,373,224,3791,719,1107,551,217,728,1168,311,416,3091,4488,321,682,319,410,595,262,362,592,377,354,359,343,999,707,459,587,1012,2315,2788,1434,1005,1624,734,2110,468,234,1029,270,465,722,8860,999,847,698,1453,339,1127,423,2269,232,1148,269,846,1606,358,306,471,1331,370,264,2054,4604,2763,774,1190,438,650,1448,276,237,839,394,2250,705,547,233,2785,223,208,2393
2006,5,320,249,777,883,767,229,239,270,433,260,828,212,255,1157,249,480,595,638,382,1481,265,774,246,241,2768,203,342,465,254,243,202,1329,342,541,1705,216,380,382,252,238,885,738,279,327,500,268,420,210,293,283,246,243,244,277,459,242,247,243,400,1438,1492,423,510,734,383,490,339,206,459,224,341,412,3217,427,263,322,466,255,406,230,857,203,530,207,420,652,304,258,283,502,251,208,508,996,839,336,529,244,518,648,208,203,366,267,690,407,298,207,1006,203,188,833
2006,6,314,207,408,573,325,232,257,251,338,230,369,191,227,482,226,295,743,287,465,529,212,362,285,194,604,208,216,277,242,201,190,361,232,297,464,248,233,253,233,226,381,377,245,249,264,218,356,194,233,207,213,218,445,260,511,259,222,211,530,508,738,265,315,485,267,509,257,204,293,219,293,302,618,251,206,235,314,216,255,217,566,210,303,197,472,333,232,202,208,283,207,243,288,365,402,298,375,200,267,299,237,191,242,205,376,262,216,221,383,188,223,399
2006,7,316,319,316,755,475,471,535,286,358,252,377,569,286,609,562,418,713,405,4733,680,567,437,299,352,323,274,849,241,484,315,426,292,473,461,571,388,626,252,300,421,367,286,547,360,289,312,441,382,325,389,369,331,457,392,486,336,380,354,335,552,401,257,304,419,387,739,323,357,387,303,261,390,669,435,361,283,487,709,250,254,464,453,382,273,751,323,262,485,306,411,280,302,329,481,400,513,636,271,495,720,809,297,441,263,316,285,374,347,520,375,299,263
2006,8,614,382,255,695,1055,624,513,599,387,437,1989,362,852,282,494,323,1252,1421,4196,521,334,2202,469,509,307,373,760,258,663,354,613,462,874,580,1065,1500,761,258,733,814,477,712,3983,519,736,420,393,610,404,614,517,453,728,463,610,1408,344,339,250,1199,714,1020,403,1505,470,761,482,677,434,395,527,504,449,611,515,621,297,810,284,262,571,1183,617,701,587,427,501,366,455,588,460,597,313,436,725,2489,781,365,714,570,501,405,403,394,321,651,591,749,1221,353,319,696
2006,9,578,201,193,268,669,355,459,537,333,867,780,287,852,327,915,231,394,2321,545,420,9104,332,253,461,425,242,517,198,367,212,328,468,1495,433,1640,1420,675,184,496,368,478,607,1228,377,376,2261,559,416,392,282,252,696,529,1065,374,413,1168,198,601,426,581,592,467,664,245,278,1078,210,1122,233,242,346,293,417,545,375,605,561,195,244,383,631,285,333,418,299,370,336,395,549,431,577,197,203,1173,1458,453,308,453,381,204,330,484,196,297,539,386,466,955,571,2115,615
2006,10,264,282,242,940,514,1760,462,291,496,1444,430,395,825,295,234,384,293,381,315,2002,3071,599,205,207,209,214,408,249,431,277,725,375,1545,249,455,294,561,4490,292,318,207,315,531,302,184,230,322,353,2233,249,180,701,424,282,257,286,288,395,336,798,286,735,231,343,378,326,271,185,464,490,179,189,1186,209,535,194,2777,434,1014,198,189,680,318,745,222,345,212,1498,349,761,319,1080,191,370,1155,412,4271,248,217,249,272,464,282,293,739,588,230,243,999,185,702,192
2006,11,394,339,305,235,599,620,274,241,326,1155,516,370,383,184,340,219,233,1215,2324,3423,1537,752,319,854,398,454,467,351,220,227,730,399,284,726,267,317,244,1995,1499,475,360,1039,418,225,394,488,279,337,586,730,377,208,914,1323,313,446,1107,2576,384,2373,762,820,963,240,243,250,469,482,243,395,1378,337,1801,185,401,251,670,541,682,328,458,410,429,1035,398,308,494,816,1797,300,313,608,418,251,341,253,1147,773,425,338,584,1064,638,452,506,618,183,489,1139,396,922,406
2006,12,580,495,1507,1508,369,524,1377,783,577,1472,1795,824,515,180,858,250,422,532,944,774,3425,292,189,217,636,340,1105,478,283,216,498,213,290,2422,1372,390,469,397,888,204,650,2086,771,1474,290,716,1681,192,335,1761,199,260,316,276,183,656,644,442,3636,1760,1285,458,623,310,261,1826,569,521,312,1052,353,1581,973,478,688,234,542,2792,326,211,3914,266,367,4522,307,413,569,826,722,244,301,439,214,749,2859,374,1174,299,342,196,2502,2126,297,218,662,368,245,205,1016,1407,942,432
2007,1,354,1621,2098,668,652,594,3159,900,584,2514,1957,615,1109,1881,344,445,784,1505,696,3121,3751,529,225,1779,619,238,1279,279,327,522,253,224,1258,1999,2222,318,266,352,1589,241,450,874,847,947,2355,330,1227,249,290,541,703,2150,693,709,191,2437,870,607,1482,4618,1290,1434,334,276,278,10150,949,276,351,303,1611,512,622,332,1070,427,931,8025,2635,462,1089,473,240,2621,2952,793,292,1102,868,256,2330,294,774,360,1963,740,2066,266,319,238,1156,12733,831,263,1445,1465,2106,624,624,1113,1606,269
2007,2,743,667,2835,820,1088,327,8482,1699,589,2862,2244,716,772,1653,601,1490,1767,2032,608,3801,9909,563,598,552,724,705,1271,281,673,1609,240,361,3775,3154,1279,296,734,3085,1407,282,743,1870,1532,634,642,1744,2566,412,385,356,1767,607,1202,1147,243,1821,485,653,1116,7476,955,1050,260,212,418,8134,421,233,374,776,385,292,1045,1132,2600,347,730,17780,3875,654,1008,286,200,3657,1596,1687,302,742,1864,234,2185,2718,669,1131,3406,537,1894,531,607,2098,962,17249,609,875,1543,2139,840,249,588,354,1426,838
2007,3,819,604,1888,1043,538,545,5010,3078,741,1688,1992,365,943,972,1587,585,914,2189,577,8022,11325,996,217,557,573,869,1524,587,546,356,303,755,1853,2470,2340,270,519,8437,1446,197,856,1126,1090,450,462,3462,5151,300,267,902,1695,746,696,1167,261,2155,323,456,1569,5354,7618,494,585,712,887,4600,1020,218,1143,1007,592,1390,2419,374,6417,829,541,6088,4593,742,1389,379,2227,3106,1720,3083,307,881,642,279,1267,849,1114,1307,1407,767,7199,485,310,1938,703,9075,1735,316,1395,6649,837,568,1305,318,6750,302
2007,4,519,354,1907,567,356,429,2717,2129,386,1045,990,319,730,468,549,260,451,1507,408,4621,3122,590,281,440,410,490,1360,239,258,275,908,261,846,896,1495,391,418,3570,1827,266,383,534,428,513,1337,2262,2276,1100,262,646,843,369,562,1694,253,1100,260,412,956,1891,6708,356,511,303,425,4697,415,196,334,604,324,421,1034,319,3839,354,332,2683,4434,326,1047,267,469,1323,3089,1328,209,1541,646,207,702,417,402,833,693,341,5440,269,226,666,363,4320,773,224,794,2886,640,468,453,410,4660,222
2007,5,265,275,675,315,267,227,904,698,279,472,1052,358,296,324,417,323,335,561,288,1439,908,289,183,265,259,305,677,205,223,206,250,257,543,459,602,562,231,766,842,185,247,377,320,259,364,571,973,287,210,261,354,259,1360,1109,287,387,219,250,437,1010,1146,245,357,207,258,2228,271,187,229,328,244,304,444,721,884,214,248,744,791,242,427,213,277,563,1193,552,206,845,363,221,465,303,286,413,443,259,633,203,196,396,266,2336,335,196,376,1810,288,644,315,248,1447,198
2007,6,221,242,308,250,224,379,287,601,204,286,488,221,219,213,232,203,383,279,233,488,289,229,339,235,228,233,269,189,190,194,225,197,257,283,340,208,194,774,378,253,218,261,364,232,376,300,483,302,186,206,336,207,367,333,327,256,207,205,503,433,569,202,243,194,199,957,231,221,203,237,244,224,323,232,480,223,205,321,398,198,294,197,239,346,640,278,204,277,239,188,271,229,253,234,275,284,405,215,194,292,227,730,243,184,284,539,234,296,235,206,452,193
2007,7,461,271,419,243,329,438,439,357,233,365,510,382,381,324,298,589,480,493,351,323,407,231,421,228,413,443,632,216,268,404,493,364,361,509,1162,305,221,436,433,209,466,437,607,231,1474,397,445,410,313,371,475,236,698,449,332,418,583,332,609,272,413,379,222,250,494,559,617,427,330,857,472,412,322,614,459,292,319,480,405,417,361,383,449,425,414,738,358,394,309,341,347,279,449,276,399,748,373,420,295,438,236,456,376,431,385,350,331,534,272,274,482,420
2007,8,1460,532,905,838,419,248,482,712,435,656,665,387,442,342,389,1159,479,405,298,597,296,203,773,310,1210,826,560,598,398,411,714,684,298,1185,719,284,279,438,446,682,721,341,596,296,1092,408,518,1049,1184,588,473,458,1591,633,308,496,620,424,295,308,527,608,321,352,507,1045,467,668,396,936,783,412,525,998,318,303,530,1208,1327,457,472,462,1019,1100,465,484,491,474,467,574,417,369,717,618,263,574,485,519,512,565,919,505,623,464,319,566,687,1133,278,457,657,495
2007,9,659,606,1146,426,503,406,279,392,560,352,1228,319,473,218,476,596,206,221,210,201,191,387,531,266,536,414,291,612,611,346,281,1247,706,365,360,407,286,317,585,349,930,211,407,308,382,316,231,1497,383,833,771,404,1207,3420,228,203,679,318,258,706,253,568,353,457,308,746,733,279,416,293,314,386,228,425,190,458,1483,411,1125,190,568,270,504,1509,298,442,254,274,988,530,390,1540,528,849,353,485,688,301,728,450,386,209,2297,263,197,235,713,487,266,530,1524,199
2007,10,470,1078,252,3889,313,256,474,205,231,301,693,271,240,302,251,335,273,222,234,329,181,201,501,274,239,552,286,404,589,594,224,370,243,293,334,473,190,188,516,424,612,205,364,522,231,570,185,958,537,354,1993,381,631,4126,461,283,196,181,1159,592,307,746,226,689,237,450,297,523,628,317,393,202,243,230,183,2808,495,292,250,450,651,252,407,311,386,444,179,182,3078,246,300,876,198,686,406,207,1927,646,224,241,232,209,1788,516,258,1170,643,269,1736,228,263,199
2007,11,3562,442,787,1317,457,377,275,207,398,199,305,338,369,178,326,1255,362,1360,478,228,179,183,587,531,416,959,1418,315,1269,724,894,537,293,652,542,338,274,572,863,546,475,536,208,2525,1564,221,614,1087,597,605,839,1198,410,1629,404,364,347,454,647,577,223,1132,444,668,665,311,336,316,494,255,1931,185,215,1088,179,559,907,360,299,240,614,194,328,253,863,1761,265,197,406,230,252,5012,627,1642,620,551,998,448,840,317,208,214,3655,675,252,573,952,192,315,1979,583,484
2007,12,648,2748,2226,889,278,187,1275,197,193,1159,769,492,285,177,1364,2003,182,767,189,259,2369,390,559,433,1120,401,1017,472,1174,227,233,1226,1329,243,1079,4782,189,1023,725,1605,271,1250,306,3177,365,294,450,390,357,1557,497,1022,1482,713,1027,373,829,502,539,1228,217,405,224,298,211,545,1448,294,587,1253,2142,528,221,931,184,338,2637,1385,346,1147,345,175,1030,213,440,1162,1243,187,1501,475,178,1078,211,361,399,345,462,590,251,224,182,581,2476,631,1076,641,1010,694,4694,13112,436,185
2008,1,1481,1090,2212,1362,533,231,2366,557,255,1891,717,411,722,467,750,1467,711,435,1253,480,1332,348,6768,1058,1112,266,355,1086,582,227,1572,499,547,364,1656,1731,601,466,1651,491,396,459,474,5156,582,1644,1174,1976,618,667,1501,915,1117,689,2110,1100,264,271,987,739,355,894,300,494,312,1439,611,456,521,1020,5815,1164,847,2112,471,327,1874,675,391,1026,551,207,1526,657,282,1147,1530,202,4398,1377,379,1039,558,475,889,448,1901,259,440,227,187,475,6164,443,3521,565,615,1614,9123,3942,866,1110
2008,2,1733,1156,3273,3297,247,366,1242,230,375,2120,373,1067,389,676,718,5611,562,1203,2091,246,2739,2391,5826,1174,671,839,902,1179,1653,988,873,609,841,580,1931,2041,978,1358,5792,1137,811,1350,466,21864,677,345,623,1838,368,904,5606,843,1359,1337,1159,990,860,432,1211,495,957,1724,249,1033,569,1794,683,980,854,916,5674,474,604,3606,226,697,3145,352,906,662,639,324,676,704,471,1577,799,662,7196,1214,740,1570,641,638,657,751,1628,883,344,562,414,418,4331,406,7007,464,1605,691,9021,3397,1143,493
2008,3,1240,1099,5385,2927,874,374,2999,730,565,1609,528,831,1527,557,2682,6114,1965,419,683,474,2769,579,3426,610,541,325,503,967,1217,474,564,712,563,1375,1503,1287,1052,983,12706,402,783,2811,267,9411,1235,594,1423,3291,1174,404,3019,1078,2411,957,1678,645,2943,1403,1064,654,1024,2902,404,529,1380,873,502,1328,683,545,4165,410,1991,2233,501,352,3450,859,503,2684,372,463,464,589,524,2757,2635,322,2742,440,257,3644,287,426,533,1004,2592,634,317,518,278,568,1548,503,2702,1270,1239,915,4802,6974,2222,304
2008,4,710,1237,3143,836,392,255,1993,491,379,918,367,309,719,356,1071,1614,1633,406,579,271,2785,508,1132,406,502,247,523,531,619,296,401,457,368,459,576,685,688,1118,4422,332,347,1146,201,7964,1017,324,1064,2792,350,300,1497,591,2074,435,736,415,1826,490,1214,494,402,3318,198,413,460,2257,443,507,537,384,2719,378,436,881,521,330,1242,340,348,1499,342,216,412,368,245,840,1764,290,829,581,517,2214,234,275,300,391,1724,314,208,242,223,322,677,495,1669,1095,1610,519,4099,4381,1435,275
2008,5,415,465,963,985,215,198,1889,245,202,380,263,266,309,226,506,499,343,646,276,227,867,255,457,260,291,993,281,292,486,407,257,271,338,261,370,401,426,2104,1999,251,255,667,189,3615,331,227,1043,481,281,253,753,371,599,283,391,351,678,346,559,526,293,1707,186,1188,501,699,313,346,298,252,1014,450,1122,488,299,262,521,233,220,453,229,189,261,246,249,389,479,194,420,328,365,515,204,266,253,315,444,868,194,199,222,207,480,225,618,516,969,557,1371,572,400,214
2008,6,268,246,436,691,197,176,443,211,542,260,244,259,228,204,271,262,239,226,474,193,391,210,258,233,219,307,604,259,313,193,206,374,272,219,261,269,263,442,1050,209,365,271,226,1209,407,229,368,256,289,217,439,227,324,225,245,217,306,211,266,225,303,368,180,285,234,323,213,236,273,201,451,200,526,344,302,211,398,217,443,287,544,202,216,334,498,315,466,188,292,220,190,289,188,204,520,216,304,404,220,185,191,190,267,197,539,262,439,464,392,388,250,228
2008,7,266,224,375,355,325,292,505,492,590,279,592,376,325,353,423,443,418,414,432,289,580,269,299,391,352,384,459,689,486,372,299,509,510,342,271,304,320,692,584,477,258,287,567,524,247,426,312,348,535,455,330,401,345,399,434,282,627,326,256,456,788,407,316,339,1367,588,480,312,587,390,337,306,712,424,300,225,317,308,408,404,373,267,397,389,684,881,429,366,286,256,210,399,421,308,958,370,397,243,517,409,433,499,373,691,494,598,434,353,510,1437,319,407
2008,8,350,508,507,322,262,697,926,452,467,588,986,1481,272,1018,358,1487,426,299,540,585,389,1457,856,333,662,482,305,354,646,859,458,1039,799,758,248,430,243,538,548,1737,572,424,863,417,304,804,306,474,533,790,588,882,504,369,1817,936,1373,624,816,798,510,472,398,349,1921,501,1045,320,756,425,449,513,1190,467,456,363,520,327,387,2064,258,325,378,455,1047,996,330,419,1137,270,224,473,531,653,827,591,293,402,659,324,427,1033,360,792,633,717,456,620,980,1101,420,1963
2008,9,209,521,386,336,191,730,3870,713,197,311,681,420,329,807,255,995,291,274,196,1039,633,601,1354,270,216,459,219,284,1176,581,1003,848,685,743,536,287,283,280,426,498,229,238,847,310,240,281,256,193,602,659,914,356,1489,212,406,362,1181,805,500,742,684,301,369,1966,383,319,1151,546,579,403,1326,792,784,599,223,422,555,438,314,1077,277,500,205,830,1233,1904,240,223,1459,288,203,686,282,450,423,290,501,225,395,462,221,677,1193,1005,778,601,333,273,772,641,193,1184
2008,10,182,436,820,183,461,521,1674,1516,453,185,632,286,309,1447,202,3047,210,345,255,350,1543,542,920,209,186,724,214,408,842,628,250,2480,423,237,1458,676,531,398,202,355,289,184,1947,234,401,247,412,282,791,1119,220,191,471,212,198,665,1068,1143,199,353,203,244,768,758,243,202,255,568,511,240,821,987,757,322,305,285,267,189,317,905,369,182,1157,198,312,509,215,250,417,177,176,1174,181,200,472,191,183,1537,357,194,350,1169,1454,474,219,512,806,184,345,345,189,428
2008,11,191,954,1263,191,387,597,981,661,240,194,730,474,973,720,383,1459,256,1304,192,4168,426,364,2322,545,211,565,178,849,295,670,1540,1132,221,211,1479,200,441,1440,460,303,502,278,703,264,576,838,262,341,756,412,380,291,625,421,248,534,670,838,225,500,502,782,212,293,271,743,484,1023,797,230,274,821,889,1512,439,676,776,206,356,427,570,441,830,398,209,863,595,355,583,178,257,1761,1190,198,2081,1516,999,667,281,323,370,294,1782,319,281,1550,295,265,872,727,348,562
2008,12,186,1019,715,795,303,717,780,275,3877,178,952,450,266,1571,182,475,273,259,385,1151,2681,244,661,795,187,827,500,2160,938,1891,325,496,1313,446,1004,1578,719,969,196,574,910,1245,583,272,952,1174,653,189,276,254,934,352,427,619,1903,1386,831,5758,650,273,1042,716,1112,218,591,861,2346,1166,365,223,702,2428,2075,501,2113,345,214,184,234,358,261,1332,313,592,344,341,201,557,1512,187,253,448,333,576,659,468,961,674,854,335,2018,583,2151,448,257,515,1241,242,604,4294,326,248
2009,1,505,626,1842,442,469,433,1278,347,1447,189,473,969,804,794,687,1562,752,263,1010,1007,1973,336,503,491,1051,649,696,1913,1241,1325,459,406,766,1501,1610,676,275,1216,760,427,444,1062,1091,483,317,795,2622,192,515,242,1789,323,967,1297,1520,1418,453,4245,457,300,935,2664,354,789,1568,804,683,825,391,1504,605,1020,953,329,1184,1037,786,264,836,562,478,376,362,1111,581,284,260,336,1423,504,423,929,980,263,573,305,500,380,925,913,1569,2176,4584,344,1072,510,654,386,579,2593,289,896
2009,2,758,2925,2114,1267,438,391,3462,571,8544,247,790,711,2475,2035,982,1619,839,247,951,950,1786,266,1576,572,487,969,643,3824,1157,1559,438,1069,808,1770,1495,3176,1232,1216,696,882,414,516,506,1737,498,640,7078,697,295,576,1895,260,557,1974,3688,1709,1891,5319,385,775,1356,1782,323,644,753,1531,681,1292,353,683,779,1497,1085,289,1230,661,528,375,1179,1285,987,523,335,712,1520,915,641,318,6251,916,897,1674,906,832,700,553,351,388,393,491,3135,1220,5394,849,1547,813,539,908,372,2070,764,471
2009,3,488,4093,5039,769,1717,544,2530,260,5559,316,590,1106,400,1568,711,2460,533,310,1221,2624,2960,2143,3536,1549,516,445,1561,7286,800,1699,2268,1557,576,1128,1270,2507,758,1280,627,658,258,498,359,1150,281,450,3893,406,567,463,3920,260,469,494,2480,2854,3222,2562,288,739,2019,5943,305,1129,603,1316,1076,1312,274,523,984,7721,1124,1287,1896,354,288,1398,454,2649,404,475,424,742,941,444,2021,222,3768,278,1348,6663,352,1423,437,400,785,491,466,996,8081,1327,7033,1744,842,947,1568,348,1023,2105,604,824
2009,4,433,1089,1243,708,490,883,1243,311,1693,174,915,649,367,888,456,1461,253,226,355,2507,1332,955,1470,410,303,463,395,8518,446,610,803,1175,494,1130,658,2398,1051,1183,421,352,282,1391,314,966,301,405,2636,218,553,247,1387,192,554,372,1595,6775,1670,927,227,1077,1971,2521,388,663,362,1952,648,737,650,368,547,2290,970,1184,1345,351,475,315,347,1654,295,306,253,524,366,283,694,243,1411,220,523,4515,275,316,524,429,310,269,524,390,8951,984,1995,913,495,1499,1011,228,655,2930,383,423
2009,5,208,433,439,433,301,331,445,218,973,183,339,359,270,439,382,413,230,192,260,578,498,397,485,266,249,270,267,2269,270,422,427,347,771,437,398,669,445,3120,233,310,232,444,258,299,353,277,734,212,309,214,484,231,275,272,719,1147,440,631,193,873,1062,821,224,280,231,703,313,370,242,245,281,541,498,448,525,418,223,706,223,583,217,215,202,257,268,490,303,194,710,287,313,1021,222,486,417,221,235,220,309,252,1713,426,758,1170,303,535,405,199,315,1048,298,244
2009,6,196,281,296,422,534,395,261,271,406,254,234,290,251,281,217,262,198,195,209,339,326,245,385,230,265,205,206,650,277,258,338,275,361,399,234,327,229,745,200,207,209,221,231,246,272,235,335,207,199,248,283,234,256,237,378,421,262,573,329,243,362,354,215,743,212,367,249,269,243,246,209,358,333,235,292,281,191,240,233,259,199,257,251,204,279,278,324,179,346,206,214,394,222,308,227,208,210,192,208,273,641,270,421,514,214,304,237,185,214,969,233,199
2009,7,378,332,540,399,369,419,409,526,420,359,414,486,302,2879,226,456,343,452,365,340,333,216,449,408,701,231,303,396,1040,481,493,264,221,778,274,293,328,627,311,340,239,424,294,318,491,445,330,592,285,518,362,528,231,329,420,409,382,471,467,338,340,406,430,594,297,267,553,348,320,406,287,428,415,273,347,373,221,400,398,300,271,368,307,294,400,511,462,253,280,450,408,345,376,369,389,364,479,1200,313,410,464,382,386,599,242,391,370,532,510,563,354,393
2009,8,310,386,815,358,760,537,476,810,828,1794,1349,305,364,797,281,501,317,1722,317,328,402,206,838,656,414,359,527,386,599,586,624,335,284,673,462,315,1189,1380,566,306,520,686,286,847,819,222,389,559,651,384,385,324,417,478,324,524,412,364,381,536,775,751,426,476,349,289,472,813,585,484,735,264,436,389,633,463,269,739,282,268,453,401,610,320,581,1397,336,468,320,389,360,372,632,630,1514,675,605,907,422,965,456,374,439,696,325,433,799,554,726,1561,649,553
2009,9,453,264,423,264,2113,324,238,309,429,397,735,265,292,369,427,688,398,1588,335,495,240,214,242,479,406,229,430,266,351,388,883,263,474,697,285,347,408,940,460,199,1245,666,270,551,598,304,236,355,607,221,534,238,412,503,314,343,455,257,356,756,387,300,319,340,244,334,845,691,346,1065,309,562,2020,544,285,254,322,322,1202,246,292,523,879,200,471,326,373,227,478,534,287,535,309,291,1482,494,335,781,317,220,222,226,244,442,284,1082,444,284,572,350,378,329
2009,10,202,514,207,184,262,260,186,348,509,811,209,3554,404,483,191,399,184,503,199,386,392,205,536,344,909,272,602,196,352,313,710,257,192,4328,2050,207,237,484,249,192,401,476,297,351,294,187,294,546,7773,300,206,219,247,192,233,189,345,507,218,285,204,203,327,198,409,247,1053,206,417,396,523,596,673,188,214,186,280,526,455,302,277,193,600,177,521,496,349,203,1409,299,805,431,208,648,410,339,231,203,581,706,186,181,322,315,273,474,1094,258,483,208,837,771
2009,11,379,280,195,383,338,255,178,335,462,476,505,408,666,358,178,201,361,570,477,323,885,183,273,835,1181,176,233,197,516,765,679,499,228,892,729,594,186,1094,430,257,509,276,946,229,289,1241,211,815,683,727,369,434,367,501,352,390,517,525,205,4214,294,208,1420,183,386,217,2277,214,518,437,563,753,338,796,274,247,227,1628,1188,522,198,210,229,208,911,844,1053,189,692,214,465,1679,229,507,653,634,239,296,841,1001,180,191,423,483,655,239,1979,236,397,1455,2264,320
2009,12,188,743,469,654,221,2503,561,210,326,1161,736,481,239,312,399,198,178,532,1918,340,223,175,283,2159,391,264,246,215,434,562,415,1038,182,433,609,777,351,3840,216,297,1257,1389,1789,207,241,599,395,259,522,778,219,1095,200,514,230,639,444,372,344,890,638,3078,353,529,328,721,366,1325,246,321,252,952,1463,1520,389,581,958,882,349,1340,197,472,616,274,435,1023,341,1552,246,207,391,1843,256,398,257,239,654,203,1402,1220,274,470,185,514,1933,273,1269,310,291,275,1395,245
2010,1,1680,332,743,1190,228,541,1355,482,703,485,695,637,549,1691,1291,1011,990,578,494,795,1096,173,250,620,1722,214,280,688,2237,1028,1084,788,429,1103,331,323,658,4673,208,738,1390,533,3473,1369,207,447,471,237,434,776,187,6279,181,1115,610,2956,384,1222,1467,1435,563,799,1437,506,1226,616,352,1406,1118,233,584,1592,1435,646,909,1726,521,798,302,699,295,1523,393,237,1403,1947,674,904,383,308,303,3404,587,1376,318,819,599,566,1784,2394,279,265,316,305,698,1004,1722,192,240,1418,3503,523
2010,2,922,554,1410,564,279,1489,443,246,662,1147,385,1216,343,2011,2115,1746,721,600,495,1064,611,583,535,476,704,194,627,602,1405,1008,1279,890,1338,1726,1384,465,1367,19787,435,529,1816,653,4875,1589,617,272,596,226,347,433,290,7105,304,517,789,9068,416,2071,1103,1202,516,1437,422,1222,498,2100,2452,1307,1137,569,1092,668,1284,1074,719,1337,893,574,449,614,516,967,244,174,1567,2296,1413,1240,524,220,778,6121,607,905,445,698,1181,427,1919,1332,850,682,547,1713,347,2570,1031,366,327,890,3066,927
2010,3,476,1287,340,478,667,645,303,209,933,807,744,1898,236,906,474,520,580,722,318,901,1172,2150,609,641,723,173,932,259,2722,1206,637,2211,248,1097,584,350,316,5166,767,522,1002,416,13735,911,413,260,330,592,352,335,404,5591,287,357,908,3278,1194,1512,654,1088,353,2890,486,1185,2327,439,1994,1110,426,314,889,722,6068,1585,722,970,670,650,365,421,740,329,232,182,1438,2843,576,1661,290,353,297,5538,1606,1875,2324,318,356,220,4742,4579,455,413,767,559,281,1810,539,316,886,3393,2932,1644
2010,4,382,630,355,632,229,403,252,198,545,426,303,836,229,392,515,372,234,406,605,383,644,774,288,365,583,197,495,250,1824,491,442,1618,217,553,811,308,372,1069,237,263,533,1440,7903,427,216,240,398,354,257,304,269,1966,466,267,460,1614,399,503,515,728,222,3105,328,708,1507,437,682,616,331,246,798,596,3138,784,378,940,430,987,234,298,312,329,309,192,739,3486,313,1441,289,659,250,1746,561,602,581,445,338,323,1873,1110,223,237,330,653,326,677,340,308,463,1410,1696,719
2010,5,266,295,440,281,194,289,210,201,264,276,221,335,210,279,380,258,253,252,600,264,299,265,228,275,625,172,291,198,879,285,260,469,334,355,771,282,313,556,220,328,377,509,1566,270,280,204,227,205,220,262,196,1093,396,216,252,695,297,323,342,366,278,1295,262,353,435,321,402,344,276,812,337,296,570,363,230,407,246,389,258,236,237,265,192,186,379,2483,361,579,279,401,212,581,257,460,459,467,227,195,553,420,196,197,227,418,309,392,322,183,326,449,759,306
2010,6,201,225,212,217,202,240,199,199,219,251,297,255,193,248,251,202,470,273,211,253,221,215,225,199,263,178,220,186,400,218,229,280,202,238,254,198,292,343,208,201,239,305,565,218,283,198,219,192,322,190,198,323,180,194,238,325,218,248,217,265,306,517,209,234,267,230,368,326,207,379,230,220,324,241,197,307,310,290,193,213,188,259,225,203,232,464,239,319,236,189,216,239,212,368,244,215,215,214,369,288,225,188,219,219,199,242,212,181,192,308,445,214
2010,7,319,341,349,321,337,330,266,372,300,242,439,393,615,281,426,378,524,287,510,664,402,277,327,437,549,303,350,314,557,378,366,569,259,403,378,235,689,814,287,249,299,499,477,318,247,419,482,316,519,217,378,509,230,373,660,323,492,362,412,353,801,273,449,353,277,230,501,427,494,378,339,372,259,266,325,433,598,455,449,526,337,502,365,461,308,291,438,402,305,216,301,478,298,353,430,297,375,467,421,421,391,328,378,309,350,352,580,384,407,322,694,334
2010,8,454,329,487,612,530,658,350,331,272,246,703,424,555,640,411,459,457,295,396,465,556,230,943,756,1408,742,435,464,835,718,658,598,1252,547,611,301,657,589,345,367,443,710,703,492,597,1006,474,364,699,444,249,753,393,842,936,410,825,446,798,719,844,354,502,398,484,403,986,521,686,707,309,984,442,366,339,475,886,356,835,925,438,610,462,999,657,323,708,1255,605,220,384,532,1041,776,359,622,427,2009,812,935,388,751,667,519,1189,666,669,1144,583,216,453,772
2010,9,281,312,272,491,306,322,355,201,329,219,706,226,271,683,277,281,243,399,582,1426,325,201,652,765,546,619,295,440,895,427,457,819,290,544,703,350,360,1891,351,320,284,698,446,444,679,408,293,244,822,323,965,435,328,475,222,425,396,224,415,637,447,294,372,309,2348,319,267,206,233,353,189,704,283,1283,746,571,201,232,1099,643,2718,311,454,377,866,314,199,350,823,287,209,370,1166,721,2955,1086,386,245,406,1068,214,323,257,257,230,768,567,612,261,188,281,282
2010,10,187,595,292,1725,344,327,279,335,562,388,849,181,3616,226,478,276,589,280,610,1043,305,410,963,668,658,280,229,395,220,213,240,256,213,975,549,778,295,239,194,673,515,485,316,230,610,465,205,225,444,469,191,1498,424,201,320,1285,379,274,284,1435,1267,756,219,454,1720,302,791,365,500,666,185,496,193,354,1235,492,185,197,308,456,1201,321,196,295,358,432,334,189,242,176,231,606,296,459,443,352,721,495,555,278,213,274,425,184,460,414,268,289,192,179,237,294
2010,11,259,609,268,849,1101,694,359,847,617,1099,221,679,582,432,295,314,382,298,422,1328,1328,705,433,477,1335,770,190,208,218,352,241,390,253,475,318,1250,2000,228,444,430,253,408,492,183,2828,282,412,313,275,540,550,709,346,504,1327,660,589,1257,375,279,588,353,221,383,611,205,843,336,607,676,256,216,355,997,700,1636,245,386,420,569,423,297,207,234,390,359,373,232,367,198,331,363,1156,1825,669,205,612,912,643,453,174,278,397,185,415,291,193,331,432,642,411,343
2010,12,1909,857,1417,683,838,619,752,503,414,1216,503,857,1204,696,185,620,508,480,1639,1470,355,1426,318,991,432,618,176,990,547,2240,320,635,773,4898,484,3821,803,226,203,1342,208,212,399,413,824,344,231,1950,232,1005,344,915,627,673,651,513,286,1224,1024,491,254,1350,553,194,341,825,340,520,240,2159,723,362,3246,837,321,497,1476,2340,486,1419,300,356,269,703,299,634,390,211,485,188,177,364,969,3448,2095,231,231,1402,233,833,201,271,2151,959,216,1825,208,253,268,225,2365,213
2011,1,1338,276,645,1536,5818,386,1442,1315,900,2880,755,611,1211,349,209,633,2555,4012,3717,1402,1019,6233,1079,3716,829,736,201,336,782,567,443,396,830,1418,449,1711,501,222,611,1083,188,2468,6897,1026,636,1422,616,478,395,1152,212,587,664,290,1592,334,1462,540,1043,359,1496,484,609,758,913,917,282,295,503,2281,640,1322,1054,356,412,892,516,1413,736,1744,374,278,207,810,1035,563,425,978,1451,1808,613,671,2728,10466,3786,221,780,1451,240,2927,913,942,823,3029,245,1307,3699,714,923,558,907,306
2011,2,1238,259,387,1325,7364,1250,820,7498,800,4835,1333,1443,2239,1985,747,454,816,6087,15244,5784,1221,6008,669,1630,570,515,367,1077,375,1058,456,240,542,1320,600,1440,938,618,2042,3562,932,2415,12067,429,1339,365,714,709,625,1861,483,485,1649,673,645,1933,1798,358,1146,568,899,526,874,510,511,708,253,325,616,2204,6475,2694,2237,1105,712,726,569,2737,355,1034,867,751,290,914,677,1268,801,855,3027,957,616,343,1717,6474,6820,266,596,1801,222,2920,1660,273,798,2049,197,2063,5009,658,443,1121,4382,1185
2011,3,1269,1318,325,1084,8574,2104,1044,4712,441,6089,411,1313,4503,492,705,248,1145,8331,7214,7511,790,5606,3105,1224,358,596,303,341,285,1874,1310,228,1140,1126,374,977,1638,412,614,1755,1176,2865,18397,587,6478,339,846,659,412,2482,305,1264,496,792,1791,825,2828,497,619,1325,648,444,1399,1269,1962,389,231,679,519,1565,6746,3079,1394,2150,683,457,1322,3746,584,793,357,700,592,804,535,530,358,771,2752,644,396,395,5905,3310,11245,741,931,3488,1008,7582,1215,622,869,1543,197,1180,2549,262,271,312,9473,1584
2011,4,1176,429,293,423,5501,1150,554,1860,292,1344,310,621,3494,532,334,394,595,5339,4565,2973,558,6878,1435,960,265,359,533,258,290,949,298,229,350,813,629,510,1132,228,689,890,850,1791,12646,290,4304,239,702,296,250,2213,304,1373,435,285,833,1850,1775,376,764,1211,487,310,618,434,759,286,355,505,377,824,1895,1385,1616,3678,327,317,479,1533,372,518,297,332,624,584,327,562,230,296,1300,527,296,317,3342,1301,7267,537,407,1444,295,3726,800,731,611,1622,258,566,1069,232,251,232,3455,462
2011,5,626,234,284,278,1096,453,296,717,226,519,246,342,1408,278,218,208,470,1241,3068,2127,308,1195,432,475,218,286,188,228,346,412,698,205,397,384,288,339,431,203,308,501,522,973,2121,214,2748,214,487,292,202,679,197,652,362,225,371,640,551,262,391,323,350,222,418,250,319,232,376,233,231,535,529,608,1286,1014,263,252,275,700,287,288,224,249,240,521,428,595,208,249,539,248,200,279,1423,924,1398,351,253,557,375,1457,1200,252,398,927,217,366,474,201,197,208,1062,270
2011,6,286,221,190,580,477,260,295,361,213,262,205,243,371,292,226,210,243,435,1049,497,231,459,311,266,225,201,308,193,376,241,242,269,223,341,198,276,267,195,254,259,486,312,959,244,378,280,247,207,250,274,198,268,215,232,248,314,266,205,246,246,243,211,268,204,239,197,248,262,209,350,372,376,553,480,206,247,266,298,217,212,198,243,190,274,257,485,210,195,515,226,235,204,625,410,547,228,271,270,203,545,497,243,243,379,377,255,341,234,186,230,596,231
2011,7,706,431,434,799,398,301,389,433,335,372,359,298,470,365,544,390,302,342,463,3682,517,323,357,458,398,202,348,340,501,687,469,274,357,305,289,497,470,575,515,698,663,240,648,269,475,421,329,382,214,352,348,362,498,390,501,357,389,301,314,230,299,485,539,298,347,368,243,449,383,309,703,351,614,721,509,282,516,408,424,311,246,493,330,409,346,346,325,263,480,310,213,390,603,310,401,272,361,452,252,333,310,348,342,409,430,286,339,498,438,421,615,428
2011,8,856,347,487,513,738,256,557,449,350,380,512,902,635,330,433,1147,534,470,396,1911,524,313,357,558,521,189,640,548,1064,364,861,441,628,992,463,1160,693,1083,523,1007,621,254,859,475,699,618,548,725,412,565,616,543,584,589,448,793,827,312,407,579,248,797,598,446,349,264,593,544,441,475,2166,344,571,1025,733,768,338,676,848,524,234,1113,369,313,509,331,369,372,521,717,259,347,697,300,409,1729,388,491,241,454,361,554,649,366,669,669,1041,700,455,665,683,305
2011,9,310,778,197,189,347,183,394,410,490,928,360,422,450,221,316,743,368,503,408,411,221,186,235,295,199,409,288,390,1478,478,288,369,940,665,288,1041,395,230,551,760,388,826,858,497,323,522,501,247,311,551,394,336,423,488,223,899,703,453,268,447,821,346,228,499,337,256,576,645,597,924,567,1482,432,736,206,560,254,324,1050,467,360,1699,487,807,662,351,1059,263,278,649,532,265,272,196,243,451,1128,475,759,254,728,441,420,495,406,521,615,940,619,683,393,494
2011,10,995,219,191,454,715,200,3520,377,201,254,375,1046,481,196,270,2062,272,285,343,276,506,238,556,265,206,9698,242,463,269,220,741,194,314,360,322,257,289,475,376,421,484,281,201,220,584,526,894,572,289,693,423,184,339,242,562,1172,375,1151,184,193,484,218,210,588,298,339,227,598,572,266,229,324,734,452,410,497,482,538,633,1702,264,777,470,299,513,764,581,177,224,3295,178,309,185,215,183,871,1531,188,415,382,303,489,210,238,521,505,212,244,827,1330,194,3511
2011,11,807,333,195,568,207,307,842,727,579,787,281,283,446,177,179,295,223,333,1667,287,967,178,1641,325,230,2243,262,915,268,356,210,313,313,193,730,600,220,685,382,1002,1819,830,295,276,444,302,246,1320,221,265,200,201,1549,233,498,530,1260,272,180,186,795,196,461,220,178,225,409,511,507,418,632,261,292,1197,402,370,871,1169,272,462,743,787,660,1436,1455,389,644,179,268,4307,276,386,876,193,232,680,832,202,594,629,217,1410,237,1062,240,581,408,198,1130,620,805,425
2011,12,1956,214,726,2880,709,193,505,4211,386,516,368,307,1431,178,179,933,215,392,886,1095,239,186,8380,363,4006,1162,2275,890,646,756,257,369,207,337,775,229,300,1932,513,352,493,249,1434,651,710,300,537,410,953,718,481,345,516,214,572,319,989,380,229,491,310,188,290,251,439,186,195,260,322,440,1091,280,353,1310,278,637,3612,2218,217,1136,1043,514,1232,297,748,914,371,343,218,470,361,1418,826,1341,340,3946,1354,381,1585,206,620,1280,181,851,362,241,1870,188,1056,4997,298,1570
2012,1,647,1559,496,1354,1619,324,1226,2666,716,1638,799,261,919,280,179,1262,1583,846,573,763,357,208,3037,4062,8411,1890,1700,608,1242,879,1164,915,519,275,757,1639,238,473,253,290,529,313,7292,974,1918,299,673,441,1499,5244,436,422,1242,1152,466,383,1407,862,210,251,564,202,751,197,476,233,365,1117,234,854,761,485,600,1463,5538,313,3330,2333,315,2338,760,305,572,1030,502,508,278,1084,286,474,321,570,407,1529,735,4065,897,485,5567,210,567,3386,215,384,389,637,722,250,1439,3292,367,2855
2012,2,1434,718,672,4832,917,246,1587,3528,762,1263,1091,236,3430,193,274,1364,875,1108,650,415,636,414,9094,3117,10113,1443,2081,404,736,691,1713,2025,1153,1367,594,661,353,2091,227,1019,545,253,4239,563,1347,912,614,548,1147,4237,888,665,614,1191,670,735,2436,498,327,821,688,609,533,268,540,1504,827,1332,424,476,680,560,1187,6047,2641,729,9064,1964,956,3704,581,999,379,1600,980,418,2116,360,240,790,1098,3207,653,894,1303,5366,817,223,6118,479,654,8380,668,312,603,354,984,1894,3785,8369,940,4889
2012,3,1414,884,478,4086,934,195,1729,1472,1557,5596,1151,469,2107,1039,258,2230,806,431,509,701,516,854,3133,5140,10760,1228,7572,1307,1355,338,824,1731,643,955,885,697,1282,1502,206,1244,394,216,4392,1342,1070,337,445,353,832,2969,603,433,369,479,1094,398,1841,1342,228,519,689,384,237,390,382,623,519,1734,532,378,721,841,660,2952,2198,744,7278,2460,615,1914,3069,1791,359,548,1440,622,904,557,685,388,2023,5504,894,470,996,4040,984,479,5041,1233,400,5445,854,293,257,354,1135,527,1624,1877,777,4063
2012,4,544,1037,442,1886,822,216,1656,665,605,5412,636,363,659,1274,237,722,532,935,556,391,269,522,1272,2219,6525,493,2846,976,681,320,718,1738,622,732,1167,499,712,1013,303,482,273,199,2556,446,789,238,260,271,661,3130,335,248,290,469,374,332,635,386,189,371,461,201,215,222,374,667,518,2755,460,612,435,406,498,1174,995,262,3272,1289,371,734,1039,959,264,833,1444,577,1649,286,319,282,480,2709,626,337,568,4097,501,324,2321,368,244,2692,598,236,273,530,1223,423,609,848,656,10814
2012,5,373,463,225,647,641,188,530,506,347,1610,461,208,450,279,171,410,358,548,279,261,215,214,506,743,4702,303,973,368,303,238,346,798,401,2004,391,337,309,407,185,284,220,190,1035,712,477,207,249,209,408,726,241,238,235,260,255,219,312,250,174,270,311,553,202,195,201,312,265,767,210,242,889,327,322,614,526,220,1201,583,226,374,598,1000,221,909,638,325,1028,270,517,258,297,2848,390,261,358,1619,329,207,696,270,205,816,274,636,213,271,443,354,312,474,378,2662
2012,6,255,234,210,340,240,171,306,307,245,693,306,217,243,232,191,257,282,239,222,226,194,199,398,395,1985,247,398,252,306,232,308,367,324,354,253,283,263,250,219,247,198,189,415,370,241,281,338,232,301,348,235,199,198,235,211,221,226,215,214,191,256,206,192,181,187,273,237,424,206,245,278,203,213,348,310,770,593,335,229,373,369,281,195,289,386,299,279,217,210,457,294,554,236,220,222,472,415,234,436,266,201,364,210,221,260,214,261,247,218,240,221,779
2012,7,282,506,308,698,528,252,346,380,374,536,404,298,389,264,190,383,230,452,491,576,393,211,632,306,523,330,545,349,429,345,713,503,360,454,344,393,252,317,356,319,725,229,432,322,383,593,526,417,239,572,522,401,207,777,208,368,353,274,201,245,527,418,392,236,486,389,244,1378,1079,386,267,266,256,475,500,308,368,650,477,486,270,526,429,610,375,435,333,392,295,300,381,389,385,469,367,451,221,317,325,389,221,379,952,320,839,276,428,266,616,334,249,437
2012,8,413,636,422,932,398,388,476,940,566,345,371,754,587,294,215,681,341,631,1049,611,209,484,1528,408,1846,451,1270,1051,428,1411,1344,1895,621,445,369,1038,573,258,599,513,1499,288,315,448,654,675,722,733,328,396,403,704,608,1560,505,535,531,459,778,1139,338,309,662,392,339,625,479,1127,1181,536,465,349,352,758,671,601,1335,991,740,269,414,619,1349,1036,1463,918,495,651,364,521,351,697,352,699,199,689,911,707,500,985,272,316,1591,518,865,676,677,431,1148,398,487,436
2012,9,473,787,187,954,189,179,209,405,664,813,535,422,985,670,602,375,311,394,584,718,196,717,751,262,425,612,255,296,412,1020,791,933,719,806,332,328,186,224,752,208,361,756,221,276,273,757,736,250,321,397,561,1347,563,1131,239,750,554,592,216,259,325,184,538,230,232,238,865,948,614,242,194,960,559,676,559,361,861,598,512,304,390,501,352,234,765,381,307,229,434,561,335,1677,213,889,361,395,637,183,318,282,352,263,2158,405,571,945,892,347,1248,217,483,376
2012,10,303,759,177,239,260,203,188,223,210,324,401,544,1469,859,435,5090,232,255,281,3445,795,513,738,235,647,907,205,332,212,284,358,248,413,574,203,628,206,319,976,320,701,486,198,210,216,2392,332,290,332,501,336,329,504,1431,322,244,1286,339,177,344,233,763,193,297,375,373,199,575,231,217,226,319,544,278,190,850,1052,654,1851,352,290,939,194,220,246,252,413,416,1551,730,207,840,198,3257,261,645,1279,606,271,247,210,472,432,437,462,225,201,221,336,190,227,432
2012,11,252,1327,246,249,594,317,244,776,258,491,1070,314,331,258,448,447,203,363,886,957,367,427,652,258,350,379,260,280,186,224,553,256,428,697,191,623,178,390,565,623,279,247,377,244,202,2894,250,740,322,300,477,434,311,1916,255,1875,418,347,270,206,1167,918,208,690,643,643,212,420,575,321,1173,682,293,216,199,662,575,645,248,1699,1303,334,315,273,1612,349,183,459,542,598,516,517,443,1178,222,537,924,214,538,240,399,329,638,713,218,751,249,189,261,365,1066,295
2012,12,446,355,1022,1332,1072,692,230,989,1387,437,905,985,643,308,587,396,543,222,289,681,583,240,1511,219,220,544,203,188,374,818,235,239,1285,300,180,2166,327,187,4544,228,245,1542,1132,463,480,1285,209,903,788,3106,341,377,327,1004,341,939,1339,408,815,202,998,319,1561,723,313,711,187,1476,312,194,527,573,373,195,524,355,1468,631,236,930,1318,750,1575,1917,378,190,347,1033,817,383,740,995,1060,879,453,2324,351,219,894,188,253,591,1127,414,286,2023,2102,413,710,933,1874,259
2013,1,313,358,2814,596,728,1151,277,836,1246,284,1451,424,1827,7385,318,492,980,787,275,2069,1323,215,1304,1241,581,405,198,248,1462,467,2748,207,1277,348,201,890,262,670,6389,373,234,5426,1569,462,1385,1806,526,515,1177,1708,968,253,482,817,315,998,589,440,539,811,336,1929,2486,719,216,613,237,679,632,815,990,255,454,1190,737,253,852,855,3286,4788,2675,338,681,1071,1093,797,419,394,782,1588,2281,1221,1334,1997,674,1816,800,1285,372,199,277,345,786,1706,552,579,1143,1072,364,563,1059,211
2013,2,215,370,6651,618,653,1009,501,1020,2411,285,2628,988,3149,2534,275,307,322,955,968,2108,1027,531,1352,427,2024,811,479,808,804,318,1509,406,757,1732,379,2947,364,295,3930,418,1255,3829,511,1079,1494,2290,228,909,932,2398,330,3020,362,2049,657,3956,782,675,517,1775,307,2289,667,1323,418,603,1213,1809,588,522,451,1429,452,1561,319,442,609,5876,1530,8655,1180,374,841,1842,935,342,1261,282,621,959,3071,1453,438,1674,430,2287,1079,387,617,583,420,608,619,808,410,834,986,359,625,366,971,243
2013,3,601,819,3372,429,385,539,317,4965,1486,253,5684,878,2478,2936,262,323,294,472,3775,2387,572,709,782,487,1288,1496,209,1110,536,407,3298,273,1074,502,366,5879,623,238,18601,292,1125,3775,738,542,671,1882,246,1152,1137,1369,554,995,224,7332,924,2156,1619,425,2778,1773,282,11297,476,1392,1000,565,1195,1386,307,1051,991,621,1443,1710,301,624,1504,4292,2211,3998,3221,270,1354,1154,580,521,745,439,926,587,702,1749,337,3500,474,4506,1241,484,588,1270,343,1074,617,673,619,1313,1125,264,497,437,3654,737
2013,4,232,663,1290,267,304,548,681,1869,1359,238,1351,381,3442,1825,212,454,235,482,2615,784,391,395,523,1176,1304,589,244,330,450,786,1222,254,1472,298,223,3276,318,207,6066,296,587,1282,527,340,593,792,269,385,705,629,416,589,362,3777,587,2169,615,243,748,1669,441,2887,465,909,692,419,307,673,244,446,456,378,477,1120,210,247,794,3218,1778,7254,3766,241,1088,609,447,371,1560,283,506,998,489,995,434,4964,229,3166,632,280,275,391,204,388,383,347,353,3707,607,251,373,861,1372,238
2013,5,229,280,577,239,258,323,517,470,588,193,585,279,596,1459,192,437,196,417,1013,386,278,261,390,2118,486,293,292,225,247,346,474,213,1453,234,189,1713,551,194,1129,237,309,499,275,255,340,369,189,272,402,345,237,349,204,599,243,1869,304,203,382,409,209,843,353,433,256,243,247,474,204,255,319,332,259,417,194,208,359,1395,720,1964,1093,270,512,359,344,234,303,241,270,413,341,350,237,819,222,770,470,212,234,249,186,349,266,244,224,873,411,223,215,447,706,221
2013,6,186,226,322,232,239,215,259,303,263,196,259,227,302,786,182,248,206,260,384,248,212,333,286,612,238,235,194,209,229,197,264,228,523,211,173,563,263,187,425,193,228,275,222,281,219,335,310,281,261,280,197,264,303,343,199,691,245,196,241,258,256,438,262,246,221,247,255,256,189,203,226,209,249,276,339,219,413,497,307,695,409,216,245,276,261,198,224,241,236,234,439,272,204,432,186,967,280,189,245,211,179,220,254,200,194,468,238,270,192,205,376,191
2013,7,683,431,338,396,335,310,266,474,261,313,376,397,328,687,455,827,470,355,427,491,344,374,384,1605,451,459,527,369,490,277,586,364,613,366,291,562,323,252,380,680,534,397,265,375,376,280,508,477,382,455,405,266,483,546,287,1987,342,364,255,322,304,393,427,378,382,442,359,396,439,510,431,412,271,430,412,352,513,333,600,415,332,502,358,276,465,249,366,352,216,311,619,370,341,335,623,578,418,229,647,421,467,427,498,335,431,853,1060,287,290,324,462,358
2013,8,1913,760,560,521,1290,895,390,1241,714,722,443,676,539,709,603,1595,509,700,684,1076,305,651,489,1409,424,743,662,246,865,612,560,620,2495,621,1028,803,1128,562,750,616,598,279,415,420,935,576,632,1097,784,702,637,283,599,621,485,1340,300,314,447,428,220,612,608,563,570,337,478,609,894,643,631,2980,217,491,325,2450,380,591,672,972,634,911,688,402,542,673,1271,291,262,931,692,346,663,498,1091,501,441,899,866,613,546,504,791,348,396,1131,1259,655,489,489,882,1000
2013,9,368,1069,683,364,943,1453,248,828,505,257,250,771,225,690,187,2171,267,499,352,510,183,528,503,567,262,688,852,191,505,573,794,617,1777,688,355,1124,380,1066,313,540,187,191,869,978,1734,397,416,758,593,454,1853,202,438,876,1067,834,226,313,236,354,183,518,514,692,877,511,302,566,244,581,206,333,244,425,265,940,266,405,831,522,297,873,785,336,522,332,513,239,228,1351,675,244,259,347,667,367,247,601,505,950,241,1557,524,203,487,838,657,196,223,275,1037,533
2013,10,373,364,807,185,354,732,305,563,402,972,434,337,709,452,217,807,284,337,303,285,186,205,197,780,657,667,1971,214,665,1076,313,2374,517,215,213,436,913,1119,294,575,182,199,671,702,422,546,615,4376,1209,573,774,223,233,325,195,2261,227,272,202,191,264,860,1313,343,346,259,2248,1968,215,713,241,258,196,547,182,268,701,488,712,1389,232,701,209,549,265,360,1485,414,242,287,231,510,181,235,586,493,460,190,214,1102,253,276,931,207,377,1457,225,300,213,283,322,623
2013,11,344,471,826,182,308,937,199,440,1164,364,191,379,1355,618,278,2602,178,537,772,248,177,2182,409,395,827,213,502,233,287,1917,1035,545,481,343,1067,239,278,515,326,268,266,306,416,845,640,633,1994,442,435,253,1424,310,300,1684,456,596,377,201,331,279,271,527,654,215,654,1018,1990,1399,181,552,1393,1610,253,941,209,219,623,224,513,667,222,500,223,283,302,739,458,435,204,213,413,524,966,207,312,1048,558,343,450,1108,220,527,315,482,307,712,487,1255,336,480,723,405
2013,12,1550,6850,298,255,712,328,787,642,495,705,189,285,678,1649,197,900,462,451,684,478,296,1203,498,902,893,617,417,310,748,956,1329,365,714,650,381,213,253,876,189,876,897,559,683,1665,657,389,1149,526,498,3892,1696,449,357,454,512,535,365,220,390,1469,181,1638,3733,186,244,1171,1085,832,183,971,965,2165,191,258,1083,615,1331,1828,270,3883,262,648,186,196,1098,1042,443,988,1913,246,264,395,962,1409,248,275,997,1250,1798,726,750,264,239,1157,1033,558,2382,468,1502,215,475,489
2014,1,898,1742,637,6700,355,2783,371,6303,1096,427,193,746,1782,834,1061,1692,584,1208,639,489,316,633,343,3085,1090,514,740,184,728,915,2872,497,2151,617,1018,228,795,363,4444,1642,523,3910,530,699,1080,2082,394,1317,1381,4241,1796,977,742,1007,740,5534,630,640,767,361,216,658,3270,193,266,810,852,1057,645,1113,398,1489,1720,253,939,785,5409,1664,4365,4959,1681,908,545,1430,422,1075,383,516,1193,286,2964,553,817,615,299,506,390,467,4643,980,1280,256,719,1760,336,870,5821,319,931,540,577,1206
2014,2,1085,1174,403,521,910,1926,1635,13952,2190,415,850,2504,2323,715,1307,1494,707,628,653,410,1837,1019,221,7687,623,673,521,456,941,2311,3316,926,1732,324,690,2456,823,1438,643,549,566,957,4645,1341,573,1189,448,775,997,9619,2384,386,295,706,316,3665,1268,404,1546,1056,1503,560,7496,237,220,1442,929,1601,452,2081,620,1561,510,1414,1840,1114,4339,1625,6436,1839,905,2987,552,833,540,627,1524,399,507,206,1579,722,391,1258,218,910,332,460,3161,699,725,757,945,1549,293,625,8241,430,537,322,806,5714
2014,3,1220,1112,549,1662,329,2623,362,7978,2370,373,1185,2513,3579,1279,288,1694,474,467,300,278,1253,2138,2383,5514,604,306,423,1166,352,1558,2929,389,1449,656,3145,751,337,707,678,2485,307,1580,7259,939,1312,1780,611,938,671,8069,4157,227,1140,794,363,3301,413,722,629,912,1656,2398,8086,288,429,849,1164,3662,243,1822,690,2071,772,1753,1255,1093,4652,5244,5953,1669,548,3850,1387,1022,402,595,784,783,1119,551,996,1781,501,2825,445,2034,640,1732,3721,5883,941,2022,826,10757,935,463,4171,1201,793,216,922,2835
2014,4,733,747,443,660,268,2894,279,7754,1396,249,942,999,739,737,247,680,235,311,347,329,463,1151,346,2311,2410,270,289,1051,376,942,1093,299,581,315,1314,407,386,430,684,1634,434,894,5929,823,1019,587,331,655,368,5046,1338,236,1008,486,309,1649,368,304,406,334,347,2286,4250,195,321,493,826,1097,196,678,632,897,342,3483,910,567,1536,2239,2220,1065,478,1486,767,505,344,545,529,315,868,223,606,774,542,5057,248,912,292,436,1808,2568,449,556,753,7889,372,421,6672,533,681,203,978,894
2014,5,502,398,263,361,233,503,218,1628,678,226,728,519,343,315,208,450,307,217,533,299,352,520,241,832,741,216,239,284,276,447,566,237,307,354,472,272,316,280,324,1436,245,397,637,378,346,341,242,343,278,1251,441,196,347,276,222,1556,268,312,304,249,268,960,2048,178,245,294,324,532,202,352,294,367,251,1106,548,308,503,1007,670,469,272,415,346,327,221,623,347,240,342,285,327,1713,517,1810,204,388,221,309,818,635,423,297,291,1953,231,265,2978,264,295,193,386,428
2014,6,330,243,233,253,213,283,208,471,316,221,243,264,261,230,197,284,247,198,296,199,265,306,224,739,348,196,292,208,279,254,430,316,227,194,266,211,211,214,234,390,210,245,340,316,397,266,214,232,224,484,527,185,225,284,223,533,303,190,329,219,215,480,710,204,222,218,238,285,325,246,222,312,227,394,316,267,369,353,277,356,234,255,221,214,201,294,251,237,229,191,346,409,804,458,221,251,200,225,360,302,237,235,222,417,199,269,841,212,244,205,648,413
2014,7,244,454,339,251,277,328,364,354,323,303,396,277,550,472,428,1014,366,376,544,367,208,366,351,332,592,356,669,243,530,380,686,459,422,300,404,315,301,422,307,674,241,334,413,264,327,254,238,370,541,486,324,236,407,331,410,726,302,436,649,335,284,752,317,386,428,329,348,421,590,539,390,1013,229,815,524,696,499,406,538,392,354,277,461,449,277,648,420,319,239,323,263,452,2827,391,365,603,408,253,462,387,275,420,534,854,409,442,337,341,368,400,342,587
2014,8,755,1224,573,613,312,528,1388,394,282,409,852,627,668,869,531,1448,415,1025,406,479,319,249,1970,431,386,321,1176,426,852,344,687,911,1066,349,351,690,316,621,495,931,381,417,360,446,1718,647,561,438,676,1205,446,570,750,1179,1170,435,394,385,508,1455,303,402,222,491,497,385,795,345,1251,873,645,925,256,898,396,283,2544,500,1210,707,398,271,690,471,497,720,452,371,291,530,366,637,2885,831,543,1439,379,592,517,536,531,353,582,817,1503,416,338,3254,443,511,276,407
2014,9,1612,307,440,296,229,428,1035,595,190,241,598,1615,359,456,393,944,449,426,190,1543,547,459,571,1279,192,286,238,265,466,239,392,691,534,645,412,200,334,312,740,252,214,301,264,198,1303,284,395,425,857,1803,368,350,201,1033,415,335,735,314,448,702,206,410,399,373,702,343,2232,191,600,608,492,365,198,360,347,319,559,192,495,366,892,261,379,734,223,231,188,552,180,468,480,343,708,479,424,1073,649,361,627,593,197,223,297,420,272,536,220,1461,261,347,564,803
2014,10,347,395,366,252,213,194,461,254,192,193,441,734,268,196,257,1356,188,196,485,683,190,1080,450,975,183,237,197,208,215,257,343,283,240,268,298,207,728,746,199,277,217,179,232,228,434,182,183,192,312,1876,562,744,543,243,383,242,231,904,536,214,215,1264,381,1528,843,218,302,301,796,4937,655,445,181,440,273,271,550,307,6258,196,523,485,441,242,875,259,179,269,246,403,1153,203,1119,964,215,349,294,194,600,713,245,181,389,863,323,3974,194,479,994,463,360,1292
2014,11,216,324,229,641,291,334,391,238,200,438,199,909,290,1328,1070,1281,512,223,1455,2593,179,1019,1592,435,262,1206,217,404,1312,305,459,339,188,226,1846,281,866,943,403,404,207,180,322,614,203,195,297,291,783,1064,310,2194,893,204,530,244,345,765,258,1018,512,1386,752,560,241,224,250,467,367,1395,549,391,174,411,481,201,1266,622,626,204,351,835,944,264,1180,183,261,1669,549,735,367,690,763,1037,455,216,331,184,591,246,197,183,1116,580,586,1464,707,313,610,408,509,436
2014,12,1181,311,937,349,243,452,427,197,201,771,474,870,855,6442,618,2160,337,905,924,451,179,576,1342,616,416,567,224,266,3485,177,886,390,183,314,2839,217,772,974,470,1601,394,655,329,786,870,218,459,182,1046,4099,1107,489,1103,619,1107,827,481,708,466,1413,301,1059,232,400,265,195,201,314,1604,1180,968,271,204,417,235,1420,2013,805,594,281,1056,2590,358,687,295,181,316,771,232,879,267,1800,667,275,386,460,239,181,1054,245,185,275,413,2460,481,2966,249,1391,430,3082,1183,2000
2015,1,4375,1399,524,414,233,641,1422,353,252,641,818,499,1287,984,283,1311,369,640,8387,602,363,1543,718,2231,1157,1364,504,767,5506,405,1025,214,193,250,5117,227,439,1280,269,542,257,941,3095,1159,1611,551,1340,1688,620,5744,1468,509,451,931,493,674,1675,607,270,957,665,863,5031,479,358,419,209,205,2713,826,735,2240,245,14284,212,2158,2277,1000,645,834,381,1590,314,1017,5824,553,671,469,879,1815,469,2671,1127,344,255,971,2085,702,717,431,254,445,387,929,331,3774,231,1619,452,2027,863,958
2015,2,4893,895,372,679,964,722,497,1343,302,930,480,847,3417,6142,350,850,234,695,4126,595,516,532,1417,1005,1013,956,643,1117,7322,434,643,250,468,238,4414,574,447,1098,620,653,394,354,978,1358,4228,1063,1470,2211,662,7643,772,483,761,464,818,868,442,903,294,788,641,977,1543,716,1266,189,203,410,3817,732,674,9113,924,8976,986,772,6938,588,1989,950,1595,2628,427,766,4417,566,4573,794,451,837,862,2360,2935,556,440,625,1913,626,610,689,728,1565,840,1038,929,3909,775,1068,1925,1518,612,1466
2015,3,5788,1163,742,728,1070,763,580,2266,295,437,504,586,2562,9288,330,516,378,2007,3816,927,216,2896,1378,962,349,1972,716,706,5569,237,1699,1720,257,1168,11616,274,488,2818,809,602,292,412,729,992,8452,743,1511,2992,746,10520,768,562,357,492,1243,432,453,1403,247,790,815,7142,1067,352,715,366,334,1277,6662,1128,1547,2587,1536,2247,742,836,5997,2332,4671,898,2823,2031,282,677,11840,1002,1239,699,1107,749,715,3703,5758,2075,643,368,1925,686,632,601,377,1007,374,2152,471,1743,886,757,1468,1961,1013,784
2015,4,977,782,290,261,1078,309,333,1082,292,294,251,414,1019,5325,267,335,364,1579,1252,2748,215,4181,863,658,343,1428,380,380,3975,191,2395,504,349,264,3690,227,492,1139,323,824,358,265,692,2265,3623,272,2479,1542,407,2023,648,448,497,284,973,349,275,557,202,567,321,3693,567,268,400,197,221,327,4217,2191,677,1051,359,1052,315,512,3206,1786,4316,373,1949,693,218,515,2764,272,785,617,534,395,640,2190,1880,1006,579,1315,1006,253,523,655,203,1186,244,1274,302,581,393,436,547,952,696,1050
2015,5,462,335,216,660,456,226,237,503,180,215,208,256,425,1301,275,258,194,535,620,1132,221,755,573,375,245,443,343,277,2024,203,1131,277,201,233,944,199,569,476,257,317,296,213,419,696,1305,230,822,699,260,607,339,230,266,320,335,226,294,380,201,342,233,2272,323,217,249,178,375,254,1406,470,375,517,245,818,219,374,1180,646,754,260,464,343,199,255,1018,214,338,354,282,276,288,611,414,658,325,607,405,201,463,385,187,433,217,648,217,391,226,294,439,493,368,350
2015,6,275,225,191,591,606,236,202,390,184,194,188,214,271,590,284,211,191,283,328,290,236,801,351,240,262,266,197,206,442,200,354,233,214,216,383,182,255,294,233,232,193,189,372,375,444,214,359,344,207,375,226,197,293,293,230,223,228,231,396,427,244,829,224,207,201,191,731,332,564,290,284,251,204,394,242,227,664,301,427,200,480,273,208,245,443,190,243,228,220,227,222,374,310,354,269,235,277,187,254,207,203,253,266,398,206,251,212,208,291,326,244,240
2015,7,451,583,323,488,452,424,270,502,389,272,434,456,416,596,392,298,349,518,394,318,644,531,374,358,278,501,409,292,290,368,617,373,455,420,335,517,423,563,373,441,484,363,580,431,339,445,359,334,412,400,261,365,554,399,276,317,359,359,328,292,276,534,333,323,640,290,519,1126,507,550,419,339,317,362,279,404,384,374,479,278,526,494,380,427,493,227,512,405,380,275,245,375,640,304,305,444,1104,438,467,306,322,303,285,432,461,324,522,320,407,301,277,349
2015,8,478,700,508,539,554,486,728,549,368,668,372,325,443,467,434,453,323,500,351,1435,563,461,478,449,232,439,445,347,1008,1498,538,343,384,1156,650,1059,748,290,564,541,491,388,337,923,361,326,1157,449,389,417,708,559,636,387,1079,538,658,515,380,885,333,843,394,327,792,277,1009,1795,1161,592,632,841,1204,254,504,909,325,473,386,462,743,818,477,1374,526,381,562,294,347,500,813,2658,955,513,403,1159,990,600,680,562,368,460,601,1460,1071,459,849,1041,1088,428,869,339
2015,9,244,325,433,511,361,348,664,748,918,671,210,415,296,193,283,1661,215,296,378,2160,534,395,919,391,296,388,221,237,214,475,245,644,446,487,472,1077,1803,507,1209,262,1026,395,516,482,295,358,787,280,230,348,860,398,725,334,228,416,1106,729,854,288,444,260,439,284,210,354,378,833,702,651,263,764,419,444,201,784,322,417,257,313,908,744,212,1772,195,485,351,257,241,305,605,1474,759,294,930,294,425,706,411,616,310,401,429,1084,637,254,276,1007,363,417,258,499
2015,10,184,944,263,188,358,203,619,3409,561,251,225,400,240,186,567,395,250,455,771,285,192,270,658,399,186,182,1034,177,329,252,380,924,222,282,555,205,605,207,998,341,252,280,436,443,228,238,198,190,225,1367,231,7213,267,193,318,444,610,671,297,200,184,205,461,178,266,1041,298,238,858,397,1183,206,299,534,276,888,472,369,495,249,283,349,443,1052,200,335,1328,567,191,213,732,858,405,1997,472,620,390,529,788,220,440,206,533,216,290,555,1001,262,1007,1008,229,1235
2015,11,293,403,773,184,191,828,278,1810,506,197,317,233,512,181,602,216,235,291,467,337,346,330,260,712,185,231,243,186,580,511,237,360,346,272,522,231,766,266,556,989,2789,514,334,1106,565,278,606,295,373,425,593,557,4002,178,193,644,1001,408,230,295,1355,210,288,704,183,611,1762,290,379,264,506,193,1231,597,462,242,242,611,407,314,197,931,1090,309,199,192,350,442,420,194,526,726,823,480,512,1296,559,508,1100,916,182,313,501,436,405,184,1043,431,558,451,330,2067
2015,12,190,1537,1058,319,204,289,1013,493,800,863,1497,620,916,179,752,1007,274,334,380,285,236,335,1284,803,252,407,357,438,261,1720,414,4730,273,816,873,255,374,408,401,1155,1331,876,248,6048,208,203,713,533,1079,774,609,1747,1059,181,181,512,560,272,313,865,3941,281,550,838,244,4156,331,364,241,527,1224,187,1487,347,316,3976,278,280,497,2334,304,890,2123,267,2253,780,1169,513,266,241,609,620,247,538,325,1313,694,4799,482,2302,401,374,467,370,2851,241,490,956,876,299,1379,1657
2016,1,211,595,722,188,814,2191,962,351,609,5651,7141,368,445,352,605,542,304,537,272,2631,183,321,1617,944,666,659,821,363,1842,941,1392,4044,221,1410,1700,205,549,1070,1076,387,1172,458,267,1480,349,184,6891,983,1496,695,1675,8656,705,1213,651,826,341,284,854,1015,1020,567,1680,693,1023,6369,888,360,270,343,1693,441,2005,550,457,1041,531,352,490,929,1432,681,765,290,376,937,950,402,253,547,766,1429,607,1091,740,579,1647,909,1428,576,267,221,230,218,936,216,1052,3435,1196,503,434,2257
2016,2,200,421,1046,188,386,1122,1018,474,1149,1854,10739,491,351,1196,1889,448,376,314,658,1088,412,385,1427,836,309,356,2346,1654,995,787,2447,11539,968,816,719,194,729,1089,787,421,10814,263,523,1253,701,358,6141,265,787,847,1962,4733,2326,384,2005,1366,619,329,1590,935,2100,1266,649,318,281,5737,1228,881,234,476,3159,531,668,304,987,739,1057,226,260,563,1101,360,723,419,584,716,1031,342,344,245,389,5356,2206,1298,2408,3787,1208,1074,3823,1041,508,482,684,269,868,198,823,411,747,775,546,2201
2016,3,187,1215,632,219,657,3338,544,464,585,2320,6062,594,1528,493,664,1149,232,642,573,2000,1181,374,1577,1094,269,779,1942,346,643,545,892,7369,310,936,3333,679,503,1734,704,285,4917,507,395,4191,1029,179,8622,289,800,2939,1760,3579,2775,1318,473,4163,500,1602,677,1390,2540,630,572,251,811,5767,676,386,270,427,1577,719,1447,262,331,1678,416,259,227,2034,3205,302,496,878,624,647,1393,1229,583,207,677,12487,652,2105,1346,3872,1092,1359,1392,611,350,1297,312,249,644,533,410,812,531,425,1010,7065
2016,4,173,619,367,846,269,2192,421,295,405,1844,2532,273,457,340,462,797,570,246,277,1808,523,259,1318,784,286,308,1584,995,459,438,411,2202,210,541,1876,768,481,852,386,234,1852,250,301,2398,290,209,6321,237,546,971,1004,2480,981,1138,806,1590,363,783,535,1857,3742,486,547,240,360,3808,381,653,268,310,770,301,928,264,270,1159,374,1242,206,1259,1174,270,478,597,327,384,858,516,379,187,437,5961,1096,1162,816,1320,901,1119,644,399,213,998,231,742,457,234,1535,426,345,453,347,2469
2016,5,171,301,306,219,205,477,277,243,261,775,1048,198,272,248,339,327,260,202,227,647,230,196,475,376,195,222,414,743,344,355,587,790,214,342,431,251,245,455,243,204,1307,204,255,706,225,199,2162,205,292,350,440,580,484,391,323,454,236,288,375,682,728,400,308,197,249,1256,294,614,232,292,678,581,420,280,238,458,414,223,255,461,444,760,321,267,235,239,332,324,282,194,236,4304,622,417,393,531,408,509,372,292,193,341,198,325,286,276,470,321,250,339,250,528
2016,6,202,221,246,588,210,613,228,214,224,405,428,188,287,199,260,217,181,236,197,283,205,185,285,250,207,228,287,214,217,213,231,290,190,237,261,198,302,293,228,258,564,190,211,337,208,185,883,231,227,275,305,291,290,271,270,262,209,390,227,340,408,896,226,186,197,637,209,239,206,211,335,202,243,192,257,293,199,192,236,319,294,327,292,264,200,200,262,290,245,191,204,1364,240,285,346,294,328,293,344,247,192,241,210,267,328,182,252,287,271,244,200,349
2016,7,199,508,241,400,291,490,251,311,313,441,378,447,461,407,488,348,855,461,341,324,446,352,508,275,248,561,249,418,382,337,366,504,371,434,466,371,1428,422,328,454,306,422,340,326,302,263,489,453,517,259,488,261,653,363,809,555,384,422,340,252,360,469,286,376,408,421,362,398,324,323,352,397,287,354,369,565,460,503,349,332,250,554,544,282,311,365,539,423,234,329,689,660,332,440,638,371,306,320,444,379,463,724,329,481,511,373,450,330,380,392,347,414
2016,8,672,442,448,391,465,774,277,534,629,499,407,442,1208,1111,581,916,1438,700,334,993,342,1680,321,454,310,678,227,872,543,588,844,856,440,521,1571,623,1078,1342,506,901,310,639,447,874,775,523,440,564,582,456,462,691,2181,485,1369,382,330,577,240,476,393,503,212,784,1019,264,283,830,644,521,503,353,422,518,1222,564,536,419,405,233,614,739,809,785,621,580,655,586,382,519,734,507,356,1282,646,456,640,615,829,637,335,897,357,1340,770,567,2540,3214,669,489,616,659
2016,9,926,312,1379,1294,299,347,200,229,2316,261,275,600,331,597,263,267,1012,791,457,282,294,816,225,459,650,332,191,537,1326,393,302,2251,350,306,642,693,246,903,936,750,200,490,532,697,630,1708,372,819,560,711,298,437,1064,535,1367,521,850,596,214,599,1438,530,203,338,1962,185,281,464,867,374,701,274,633,393,412,314,210,319,211,222,708,1659,946,948,452,477,380,259,826,310,529,1142,201,576,3996,357,365,2076,553,1755,281,500,467,1142,390,304,1081,1079,720,982,196,442
2016,10,289,440,446,1287,420,655,247,178,1026,222,654,634,200,227,1232,198,284,927,533,265,293,234,359,223,553,488,258,227,511,271,208,2190,279,1065,2555,370,257,292,2188,275,377,226,942,265,354,403,1216,634,610,292,383,184,319,359,505,250,294,636,499,253,366,1547,188,264,398,205,197,578,305,273,332,183,442,302,240,190,301,181,210,947,446,1584,496,753,184,362,406,200,333,1267,335,1271,205,1713,336,2458,1245,303,189,700,419,862,1621,592,776,343,355,416,227,324,191,968
2016,11,436,245,1051,299,184,570,292,181,294,494,601,3348,465,188,364,223,334,406,289,343,280,366,179,776,623,353,285,542,439,445,188,983,206,1402,584,199,225,396,602,467,661,194,258,251,480,208,438,3491,851,408,373,259,392,294,693,193,232,415,230,303,488,364,435,294,785,665,1194,281,272,746,522,239,383,452,402,1803,187,177,498,242,836,435,1021,333,182,267,228,199,1573,5557,292,414,598,508,469,1214,538,1174,193,1065,266,571,286,757,271,258,356,228,360,201,177,684
2016,12,1799,418,364,1525,902,605,344,203,317,555,266,509,956,189,278,204,476,584,1801,948,1750,274,401,1413,452,674,1365,988,1132,1578,679,622,1102,740,1452,194,240,212,697,1547,386,848,272,1109,1110,213,1262,319,739,455,558,347,244,187,283,338,370,291,1004,1051,1023,613,604,220,997,1085,311,747,834,237,843,449,5555,820,240,798,185,176,219,717,310,3408,1670,993,1484,5427,253,248,280,1918,788,311,1223,1253,265,437,292,604,296,417,816,606,343,548,1637,477,271,220,1165,406,4545,609
2017,1,564,319,439,924,1765,717,1098,185,339,1807,1052,599,412,1957,1216,293,595,613,590,1039,474,865,755,416,302,610,1472,348,993,507,599,1678,872,443,1431,429,428,783,2049,2129,247,3585,542,904,326,557,800,1787,1168,295,512,2118,7119,343,1513,202,255,1244,1241,978,571,1703,804,228,1074,2367,880,338,436,1500,1551,382,1091,654,211,349,1682,223,1122,1219,292,4746,1249,1729,452,5621,1218,193,565,2602,656,326,646,1770,265,4206,324,1835,891,451,420,364,519,615,578,236,729,1167,331,665,980,314
2017,2,459,205,355,523,1416,801,399,172,1141,495,689,646,820,689,557,683,349,1524,930,1110,394,1009,1248,459,335,2355,435,300,605,417,540,1662,775,1147,2747,1270,796,825,2982,5243,475,1426,1123,1035,513,479,806,2712,1300,894,380,1698,5451,479,1119,242,228,686,576,3520,924,1163,269,804,1112,8793,437,494,252,1319,492,332,1280,2941,396,1145,613,213,1952,647,663,2741,1152,1172,557,3978,612,254,1023,2301,811,1087,1697,3955,225,4539,356,5961,670,375,909,790,303,1137,367,359,971,411,1166,1006,653,821
2017,3,912,605,494,619,3431,512,388,170,913,1079,462,373,608,713,1624,1391,1068,2174,1835,430,453,358,825,364,448,750,448,720,470,347,303,3251,323,632,6144,583,976,1421,14325,2400,1414,1551,588,561,328,230,1863,4827,914,946,925,1945,6225,422,1339,661,195,571,665,1124,1166,1300,242,2603,1127,8160,594,600,233,5026,471,580,1574,1211,366,790,507,174,1654,1752,2611,1590,1019,1622,817,1791,597,258,457,1251,334,530,1108,8241,241,15950,928,4253,562,388,463,458,817,1259,377,325,690,326,459,1295,1537,1410
2017,4,622,254,281,353,3175,303,250,168,533,2257,297,275,431,378,926,308,387,909,844,334,477,281,473,284,262,468,747,578,315,417,269,2032,398,388,5833,314,588,678,5629,1047,433,925,365,388,249,205,862,4186,1057,587,572,737,13724,212,2157,319,289,509,477,602,537,2689,232,2479,507,5924,300,337,277,2338,441,253,874,561,247,436,373,275,744,843,2234,978,836,970,319,857,377,191,304,866,550,939,613,3738,279,6546,355,5546,307,421,809,279,294,605,412,204,885,263,344,2046,980,1354
2017,5,325,195,215,235,837,227,233,176,296,572,265,221,263,299,375,245,236,452,372,239,348,316,295,312,223,291,342,243,258,368,286,553,234,331,720,295,241,314,5899,465,248,1138,232,264,214,190,413,808,547,315,255,429,1726,193,720,491,266,279,286,412,316,1313,195,653,303,1570,239,233,203,956,320,199,486,398,188,437,237,250,375,447,435,666,398,437,230,561,235,194,247,661,405,791,303,1238,203,3840,281,1667,260,244,271,222,346,305,254,202,350,225,388,516,361,421
2017,6,231,182,218,276,411,294,194,212,233,310,205,194,313,221,249,222,199,413,259,235,205,236,215,245,204,237,307,220,201,199,224,294,203,239,387,215,211,253,531,267,207,369,206,205,194,200,259,384,244,238,217,243,699,201,308,593,219,224,207,245,222,412,232,306,223,538,206,272,325,389,303,209,275,294,190,262,196,185,360,459,299,365,273,243,197,281,236,185,205,265,206,247,229,412,446,614,216,548,217,201,217,212,204,249,219,190,235,195,215,261,253,260
2017,7,301,218,409,421,610,298,297,298,2541,1743,390,331,1181,282,370,422,201,721,363,316,263,366,215,311,252,268,291,431,773,325,300,338,277,725,441,297,424,299,418,318,349,268,295,342,473,428,391,548,417,394,393,410,1010,251,477,482,1247,352,319,560,540,270,341,317,262,472,530,1177,844,408,449,285,370,378,308,366,375,514,818,393,364,327,301,524,342,506,400,389,464,466,357,331,2560,380,456,393,440,518,385,340,246,308,342,400,413,363,321,376,503,768,293,328
2017,8,554,328,416,3022,396,520,289,266,1019,748,2025,358,739,407,635,632,396,4441,1498,389,425,342,414,759,345,475,493,676,1616,773,507,670,602,869,334,518,368,475,583,370,469,299,278,425,374,430,618,683,816,420,471,1204,671,898,400,930,801,1139,370,662,759,274,552,320,391,1196,1170,949,910,967,541,616,741,441,828,935,396,806,373,438,366,364,413,906,806,857,391,217,584,599,1433,812,1108,499,1129,379,542,430,310,388,328,432,506,476,406,874,412,1120,804,673,490,465
2017,9,330,292,909,721,235,405,197,240,528,537,389,334,639,210,711,799,222,1063,370,4307,286,578,235,1316,240,380,451,575,844,644,340,690,532,669,209,231,736,487,477,220,214,396,523,473,388,222,562,651,999,495,489,961,945,606,230,1192,1310,1443,337,467,498,201,471,324,199,551,665,343,253,693,225,400,433,553,487,735,244,2372,321,329,200,249,260,936,514,339,1197,194,2212,379,400,292,1175,308,289,334,385,234,275,230,756,432,246,206,256,1819,1506,217,274,575,277,355
2017,10,204,478,233,1455,330,409,529,334,856,492,758,577,333,182,254,350,729,295,223,1529,181,262,320,684,185,557,415,718,481,1538,816,193,198,305,483,264,1155,448,216,246,257,211,218,594,537,176,212,629,1493,738,242,262,1038,203,433,410,448,603,514,1668,1024,206,671,473,197,262,211,391,221,404,7721,207,441,392,974,210,909,708,673,813,1797,180,282,894,754,1695,722,174,836,500,769,347,453,210,721,278,397,191,474,217,798,195,312,754,225,2411,1110,1339,289,692,181,295
2017,11,181,651,451,1342,321,571,292,165,1295,216,847,630,778,211,2022,293,244,636,188,937,246,2031,793,385,248,243,715,678,224,819,1646,267,182,190,1252,309,250,203,331,447,269,351,235,428,539,221,225,509,918,527,280,199,620,757,607,1192,662,254,300,702,690,1410,267,890,286,375,280,347,322,531,727,441,383,463,318,540,233,1169,319,240,263,256,201,690,607,859,336,1143,544,2048,806,187,289,185,635,224,722,412,500,341,360,1096,182,485,606,1792,483,214,183,217,538,341
2017,12,222,425,410,486,1546,486,936,274,773,558,951,713,570,847,674,1177,706,995,3737,513,279,513,309,221,190,196,2485,308,939,1522,691,381,196,624,999,501,413,205,252,796,251,438,945,725,381,776,221,247,1927,1115,1043,555,1104,1309,581,905,4271,380,1645,1694,429,288,760,1241,938,996,217,219,991,343,3805,640,6186,1710,334,318,299,970,227,293,500,729,1902,2109,254,859,534,630,275,831,3970,711,1052,178,261,1825,1261,184,509,178,443,429,339,830,679,750,602,682,407,208,3615,761
2018,1,230,461,392,4890,612,814,4134,381,542,269,10012,762,397,1852,756,403,1314,887,1666,760,1659,810,750,215,672,317,710,385,723,1442,573,799,195,1225,330,620,818,1321,213,279,901,374,849,3777,720,707,559,539,840,1954,1096,320,529,1639,625,604,2018,360,708,4595,586,791,462,1143,2304,2648,261,223,1256,652,3019,777,1342,658,383,757,1535,682,216,1910,1189,834,2447,2123,996,940,1359,966,887,496,5834,955,671,213,267,551,702,223,1411,329,240,1080,1132,471,269,1109,846,1224,1101,1040,1155,747
2018,2,352,264,689,4840,1220,289,19307,207,1228,480,9619,479,742,606,820,588,752,773,2922,1328,688,2721,745,575,903,294,1530,452,309,1087,1773,659,248,705,1079,446,410,1010,197,379,1151,1271,988,3591,2002,533,574,937,1102,772,2737,2899,519,794,1202,3288,5219,805,410,4013,272,680,316,1440,881,674,1205,469,1057,315,9711,654,2454,1077,256,555,665,485,977,1137,1177,1284,845,3505,609,1269,1181,982,834,1308,7844,1449,1532,197,602,2670,920,285,5525,304,858,1443,1990,296,1360,895,1066,1245,2051,1735,1758,476
2018,3,731,291,1379,3035,1367,368,2033,255,1991,348,4527,841,1150,400,763,1036,327,833,4601,1814,482,4837,310,1094,297,670,2153,1245,363,1144,2460,739,198,662,2339,485,657,1468,434,950,1922,472,470,7331,2728,644,303,2713,779,685,4113,6118,1143,667,1165,13697,2148,438,1339,8594,242,402,272,762,423,1023,601,1087,593,406,3269,275,3897,904,447,749,1440,1034,538,952,804,433,728,3362,4587,966,2375,409,915,559,4617,1912,1131,973,732,6246,3714,283,5174,922,654,970,1829,251,1113,620,607,593,3055,813,1937,477
2018,4,561,612,926,1081,804,298,831,235,1119,234,2038,431,750,362,561,430,265,457,2205,1240,295,3394,269,367,227,294,1009,1172,265,1635,706,453,258,449,903,284,419,538,220,281,1175,364,432,5187,1029,325,458,1237,663,493,1503,1593,517,382,334,6865,775,364,601,2282,223,288,231,410,417,543,378,296,525,225,3370,455,2075,516,227,321,627,441,310,611,443,279,684,1296,1587,634,546,312,927,379,1356,1081,509,429,348,4013,1811,319,2720,386,298,693,1052,411,634,417,575,363,1759,1300,719,294
2018,5,224,247,341,472,378,207,385,168,401,268,914,251,319,236,485,289,234,292,659,429,291,788,214,237,290,197,444,691,204,520,419,284,289,325,2378,271,322,354,182,220,361,509,239,2744,465,247,384,440,470,280,510,443,269,272,277,1042,388,264,349,1690,201,224,204,295,260,306,226,214,353,208,857,290,664,261,213,262,327,277,206,301,291,230,384,488,628,318,329,268,721,279,737,416,271,413,221,942,530,186,761,208,246,334,546,338,303,284,293,262,521,528,393,320
2018,6,302,289,267,424,240,281,344,168,258,260,426,235,221,197,266,203,200,215,316,271,275,366,345,405,194,206,277,340,191,287,247,242,226,204,453,217,620,581,223,226,628,253,207,1403,263,227,209,314,258,224,284,386,220,213,485,296,235,231,234,608,223,239,184,219,205,221,206,202,294,192,456,290,317,239,190,213,247,317,194,240,239,204,258,289,310,313,236,203,289,213,351,249,213,384,209,336,343,198,444,250,200,254,271,266,250,229,266,243,280,295,426,285
2018,7,522,635,787,283,344,333,563,303,354,209,425,309,423,393,295,450,217,319,361,389,393,336,309,721,439,228,247,406,470,401,284,619,242,394,442,404,551,1007,238,223,324,535,531,459,400,315,446,412,940,367,277,497,376,606,529,366,484,360,243,473,389,343,223,262,290,365,355,319,408,425,386,344,382,311,626,686,404,982,411,338,395,455,479,291,257,299,559,311,373,268,399,325,574,303,471,355,462,817,365,340,249,528,429,1670,423,266,359,384,434,297,365,376
2018,8,1640,714,694,465,281,695,636,250,305,348,669,523,709,318,283,437,251,405,308,789,493,464,647,1697,381,304,245,401,597,690,805,1615,957,328,329,484,643,1454,646,279,603,283,383,579,324,498,441,399,829,560,395,345,371,733,478,4234,482,359,648,567,459,519,213,241,661,539,777,668,432,482,479,918,994,403,832,1002,474,810,367,244,449,687,1054,381,692,624,889,437,1405,321,572,575,745,612,305,239,871,823,371,375,809,667,400,1828,551,988,509,469,1115,551,313,416
2018,9,588,632,785,321,349,461,260,213,203,457,1513,213,367,184,253,293,202,396,653,921,366,463,662,769,2572,189,328,361,445,479,928,706,692,496,204,582,747,559,380,318,357,1002,427,400,300,660,448,283,497,198,417,634,372,527,355,1008,325,205,204,1039,603,274,207,348,2845,498,1840,318,207,353,619,344,443,299,348,529,244,535,503,625,213,294,322,535,565,260,227,237,1610,312,277,565,378,428,253,279,380,766,407,561,877,390,310,521,376,411,1135,417,449,256,703,339
2018,10,351,443,695,220,333,244,238,325,193,374,402,179,200,986,208,401,320,180,425,242,205,220,345,5325,350,216,494,206,309,230,266,579,303,297,258,1440,2131,795,223,243,243,194,259,684,1238,466,2375,399,366,337,831,704,241,496,356,265,285,186,188,2551,308,621,305,247,342,927,273,220,182,272,495,248,1030,390,445,366,797,634,359,439,178,313,303,1643,4033,535,227,250,318,225,239,950,654,356,213,703,1507,298,323,421,600,197,255,502,205,310,654,755,432,190,318,851
2018,11,268,1837,570,360,483,270,884,309,390,184,2551,316,344,256,493,180,212,422,3352,197,578,821,1252,3594,536,368,510,3569,271,514,269,277,708,347,374,447,456,306,194,333,324,335,183,1056,319,331,294,682,1254,383,563,621,270,296,550,239,581,647,256,662,509,396,676,332,560,331,295,378,297,181,824,270,678,440,1501,2619,898,425,236,594,353,332,911,738,536,1370,374,252,432,189,217,346,522,826,626,820,627,1096,575,314,716,220,471,538,182,524,721,348,360,270,239,561
2018,12,207,2159,424,239,301,669,349,170,198,180,596,1652,861,455,827,202,750,180,2280,194,224,545,279,3936,1262,186,343,524,324,781,603,732,855,1066,291,979,656,1013,178,1955,193,221,2715,543,300,1155,424,215,290,237,516,261,273,340,321,421,209,702,303,878,2568,303,237,888,306,2779,209,571,288,342,521,187,254,1921,522,427,1271,239,684,563,579,524,656,573,1590,1349,269,663,243,203,505,425,2430,265,303,881,302,658,208,386,444,1925,803,358,1790,1087,386,1357,1992,2920,327,466
2019,1,252,2834,723,280,1214,717,258,234,512,594,1481,1085,1360,403,1168,1609,479,613,989,399,209,466,950,5293,1466,227,580,2362,248,1348,437,2092,1135,430,233,1321,346,1427,173,1050,738,1070,1648,747,334,1715,1874,376,282,616,830,2112,509,589,244,2840,198,625,200,732,1119,1215,216,1345,1469,1373,220,1701,244,605,9223,572,870,12650,356,1668,357,2683,273,897,590,377,1350,1545,16107,599,889,2763,315,185,703,275,582,1133,2340,458,432,1268,204,215,1679,3001,1355,311,1491,805,328,422,413,2087,501,256
2019,2,1276,8679,1301,311,1840,1209,489,911,648,569,1722,763,813,805,729,2862,306,364,1744,1446,865,497,753,6228,872,287,532,950,563,1520,366,958,834,1238,475,4074,1066,1199,178,1190,817,399,1029,802,580,4191,686,2092,742,364,420,2389,519,390,783,2170,214,455,636,728,670,674,343,825,1037,821,418,389,331,1059,10984,1696,351,9358,479,1321,957,4955,704,619,1071,449,1510,832,10363,988,753,742,905,324,437,385,1302,530,1055,889,1612,1724,378,201,1706,3382,824,409,1183,600,399,653,613,9323,1073,360
2019,3,436,5839,1684,454,509,308,296,598,897,616,4396,611,1452,695,875,1514,333,1643,3619,535,1519,1480,935,5153,1357,296,304,2681,228,6526,232,1860,460,1002,428,5212,868,2425,171,1916,281,263,734,536,878,5686,974,405,500,457,376,1591,223,853,364,1520,1267,296,223,536,1392,675,225,742,1023,832,246,821,292,422,10084,886,361,3904,292,934,1058,3291,304,712,766,628,2947,662,4509,1660,785,567,898,341,277,332,1126,624,3361,643,1075,1468,204,220,1500,1561,1350,705,1201,349,324,367,546,5509,552,400
2019,4,310,3226,726,224,311,519,218,1143,271,327,1158,484,877,630,377,693,253,1174,1122,364,620,391,566,2020,933,271,238,2878,224,3048,222,892,346,665,320,4516,522,930,168,1175,275,300,555,358,430,2369,549,359,408,310,319,966,228,276,327,1256,435,283,218,361,806,266,213,412,729,2780,614,420,375,238,1421,478,324,1674,256,489,581,1584,366,372,729,273,1341,502,2938,623,348,463,417,186,286,420,486,443,4397,726,453,1027,222,201,660,811,874,397,785,464,236,315,318,4240,274,214
2019,5,311,1534,318,208,252,235,243,281,211,307,374,300,333,278,260,505,203,662,523,283,379,265,353,921,502,179,270,814,195,567,237,420,259,307,193,2517,511,444,164,542,199,209,467,250,233,822,311,258,239,229,231,357,204,216,236,715,223,200,202,251,307,241,186,274,355,739,222,282,285,220,624,270,218,1095,213,301,304,588,216,327,457,202,761,271,1528,332,247,298,239,174,202,214,331,314,886,569,363,600,196,196,342,409,391,225,340,266,216,229,223,1618,215,224
2019,6,197,566,265,179,314,212,229,208,190,238,306,233,484,212,210,261,355,293,306,244,252,201,241,507,292,174,306,803,181,364,239,283,264,249,192,527,946,249,193,327,206,212,280,201,215,416,229,218,260,195,200,248,259,192,193,308,259,197,186,207,277,207,291,228,231,361,209,229,387,200,603,234,213,573,237,252,279,265,328,207,227,285,348,216,387,240,328,380,304,202,208,188,335,208,390,339,214,345,186,181,262,262,263,194,265,289,191,646,241,634,192,267
2019,7,1912,545,525,420,296,339,463,486,238,403,368,418,962,377,251,617,527,324,362,327,218,374,325,617,470,251,873,468,263,735,521,325,408,500,444,348,582,459,309,831,328,1576,625,434,308,297,490,512,325,284,432,295,272,222,427,492,589,288,190,226,389,446,334,239,407,778,410,340,476,385,579,497,349,381,338,314,524,378,760,279,236,499,332,264,297,356,275,618,313,369,325,307,434,359,640,506,285,389,573,399,275,359,351,423,312,521,321,479,1431,308,383,362
2019,8,2748,712,1060,604,1243,612,455,694,630,406,716,626,698,1246,324,882,689,448,789,487,366,975,374,301,623,294,608,359,423,2543,868,573,272,2585,1040,334,364,941,348,605,621,2091,589,316,428,713,430,613,1386,303,728,318,267,538,486,1033,557,997,968,294,1063,857,530,371,378,831,665,366,1220,1064,393,584,852,302,616,308,430,413,523,250,237,782,815,374,601,329,519,782,359,799,715,587,606,410,671,1500,850,1291,1071,620,224,625,466,692,585,378,958,406,753,392,290,1295
2019,9,828,420,562,259,1116,575,516,586,470,525,609,249,620,490,261,969,260,249,661,316,185,647,484,292,256,300,2429,202,473,555,437,416,227,460,285,187,419,574,338,444,453,963,1050,234,796,350,406,1372,896,298,1277,211,211,208,200,2226,366,578,347,276,621,1295,526,1169,239,456,594,418,922,638,202,584,666,339,719,438,249,234,241,390,276,1368,1057,222,328,191,636,351,697,264,310,777,422,360,580,1184,905,333,1116,824,196,333,391,282,651,412,489,204,670,213,236,800
2019,10,334,198,433,519,345,434,594,312,643,485,929,949,328,454,658,649,267,533,330,565,308,456,193,340,203,197,671,283,3771,288,702,1249,357,613,395,186,876,322,160,218,309,433,434,1455,712,473,183,762,1112,684,269,215,335,227,198,490,446,194,768,230,340,753,204,426,205,289,321,585,285,609,446,189,656,493,678,551,1041,202,435,350,183,813,427,197,269,206,663,291,545,2041,250,608,873,256,1118,1457,615,241,383,437,376,1745,222,252,192,1054,795,471,6020,350,505,562
2019,11,441,318,202,1638,544,354,344,471,272,584,716,846,651,454,283,752,2191,633,2356,3045,815,548,336,937,202,391,868,245,576,411,800,347,1307,2223,658,203,468,566,317,310,446,270,214,1771,710,754,184,572,600,1197,371,331,257,226,233,506,243,185,821,233,656,691,383,635,206,520,1024,282,575,627,1432,392,298,335,614,878,1002,367,198,343,2818,251,999,275,182,1016,1104,389,1152,557,466,736,208,425,363,355,461,306,1755,268,1118,378,560,699,272,531,239,551,1331,183,664,630
2019,12,1909,1551,196,644,277,356,487,2537,232,1467,290,354,534,248,372,428,1790,1116,912,1611,2286,1259,243,236,417,749,690,251,296,540,268,2871,1050,1008,1089,208,308,304,185,485,1326,252,441,567,590,892,239,394,926,752,803,260,204,714,309,494,1250,232,366,911,244,418,246,1414,1349,217,512,636,400,663,873,527,468,363,550,450,1273,2299,455,923,4370,502,623,213,230,954,866,392,339,372,262,417,768,186,371,815,374,611,1030,254,1429,597,4108,205,751,962,1035,365,389,318,233,336
2020,1,1791,669,1395,1549,885,241,292,3028,670,906,327,914,768,1210,711,697,1500,5265,1145,3323,3217,1344,665,394,190,1585,1220,322,1406,1022,594,3106,1616,917,751,332,443,358,170,252,655,1031,639,948,416,1537,208,321,724,455,509,641,214,2077,298,1081,8573,239,1436,602,328,2365,218,2282,991,290,1585,2492,294,405,1226,300,2748,612,462,354,702,1503,1527,465,2359,1315,7786,1941,237,2405,3515,372,309,1998,221,335,927,199,574,882,458,284,1991,1793,514,394,2041,592,417,757,547,222,1211,1340,367,615
2020,2,4043,959,371,2693,825,253,225,6918,1536,629,501,985,2053,890,610,683,2080,9129,869,8967,4374,656,725,330,888,641,2771,329,627,1128,408,2911,1776,943,452,1290,284,1521,166,892,571,500,930,650,299,3500,329,4751,852,336,1475,1562,324,632,1192,1689,10155,327,937,595,460,1644,392,4830,1091,285,1133,568,299,290,470,1149,935,2938,316,406,739,818,2144,468,5227,942,16434,976,211,5811,2035,1506,292,1483,1113,413,1644,420,1297,1477,995,789,2191,631,840,771,6721,1133,809,757,482,252,838,1039,911,1350
2020,3,7614,846,616,2155,837,585,433,4817,1730,969,1447,1213,1821,1527,383,1157,1645,12422,1135,8596,3914,453,268,571,1311,907,5460,217,2942,471,335,6885,897,2163,516,4530,2562,415,154,289,1551,2279,542,797,1163,4064,307,3828,1490,313,2190,331,392,883,1574,1981,5986,495,842,1174,303,3295,300,2120,2483,314,771,546,409,283,1431,2510,9298,1063,262,246,1621,851,732,1341,4942,346,8005,501,177,11258,2045,706,1055,1080,373,1281,1364,747,1016,1314,813,355,2305,2256,409,1339,2377,2817,997,427,365,670,931,2306,354,2232
2020,4,2961,489,291,2225,342,415,294,2307,524,506,1129,743,877,719,269,1031,2277,3514,781,4499,3231,319,228,230,345,812,4296,227,1222,726,352,3710,498,2227,318,3808,1414,353,158,274,546,574,437,1082,311,1521,276,3108,691,360,1106,341,288,524,813,1071,3471,436,630,592,266,1621,850,783,1441,257,421,408,223,229,699,668,6448,698,260,218,1156,511,438,449,3990,303,4981,349,177,3645,721,711,874,472,322,840,1312,296,411,604,1059,336,1396,757,480,758,1087,1375,451,297,336,228,1644,1395,498,1364
2020,5,909,279,225,1248,258,219,212,1356,350,461,482,436,344,305,215,679,482,1277,353,1193,1730,243,244,205,250,446,802,184,685,309,213,1167,678,754,257,3159,911,267,156,202,327,296,261,561,236,752,332,686,376,250,1271,252,191,318,292,488,1737,197,352,263,197,505,413,448,582,245,297,252,232,216,369,350,678,339,353,200,916,321,380,251,3087,235,1564,258,176,1087,486,383,273,301,243,647,563,249,260,302,299,260,554,399,271,293,665,925,277,236,266,258,1575,664,240,573
2020,6,452,255,209,372,321,241,492,526,227,416,317,233,254,221,201,550,278,440,238,436,690,218,695,319,208,366,351,235,434,244,221,387,318,285,209,608,280,230,182,258,385,268,206,284,196,312,235,625,361,197,385,263,173,262,261,304,531,280,246,225,201,256,203,270,291,190,265,221,229,207,314,238,400,309,195,223,278,289,271,203,1737,244,475,204,174,330,388,229,206,284,185,244,293,409,206,220,434,236,280,402,209,303,313,311,207,253,221,185,311,298,293,286
2020,7,303,444,337,640,321,357,479,384,353,290,364,416,403,499,420,554,390,334,351,425,526,442,525,691,436,433,292,305,526,597,511,680,365,254,543,452,247,623,475,334,403,383,348,262,405,287,435,275,610,278,610,420,313,495,280,362,1393,319,213,424,408,301,633,401,267,279,314,285,406,255,517,284,258,557,332,478,391,644,418,331,581,254,430,399,211,423,2268,437,234,335,202,526,463,325,344,342,353,349,508,361,566,535,567,530,561,246,345,363,497,456,393,523
2020,8,360,324,279,2656,718,636,395,1466,352,442,358,865,421,383,499,2438,590,567,424,712,783,575,828,1183,246,388,315,709,808,784,1305,1237,1026,284,440,679,424,570,366,830,293,1477,491,472,432,235,418,289,1234,419,652,644,451,493,298,532,5665,447,207,359,649,1122,692,695,281,357,1785,352,1022,310,752,298,206,596,273,767,578,506,610,387,376,401,347,663,327,892,2292,282,314,562,240,572,346,463,816,323,1695,578,315,515,452,579,1083,1025,1688,437,752,582,781,1362,1223,914
2020,9,454,288,532,2148,424,401,397,723,211,350,639,562,685,264,795,1717,975,426,224,256,341,714,537,1235,198,601,218,481,1540,274,786,1016,600,425,759,306,314,324,1103,235,641,568,234,370,262,204,502,203,293,631,834,645,254,276,197,415,2698,295,181,688,421,728,590,713,304,754,791,268,882,225,418,213,216,575,280,345,415,717,258,216,261,480,327,223,389,519,554,423,415,185,212,320,262,1275,343,421,1603,600,238,647,360,611,615,508,320,280,928,287,499,282,735,531
2020,10,645,777,775,801,638,196,301,341,276,629,582,284,1081,215,235,517,206,799,200,687,224,960,356,678,215,356,201,1053,367,327,208,207,213,254,560,198,397,1012,353,189,451,541,202,323,236,179,364,180,250,1307,420,365,717,449,718,306,386,613,203,340,1337,233,239,193,185,553,339,285,298,190,239,194,204,192,555,276,270,238,267,179,195,460,429,275,183,359,266,696,178,399,201,499,567,1360,195,810,694,524,427,533,351,372,1279,212,2204,299,734,435,363,304,711,1767
2020,11,353,912,325,2902,408,248,388,370,179,355,202,747,513,225,301,1114,205,588,365,225,240,365,665,291,3649,336,190,1792,420,2267,426,392,338,363,769,580,409,750,414,190,736,557,193,1407,744,465,507,292,366,1324,575,388,407,214,338,321,918,285,201,502,1187,555,187,187,353,213,654,412,377,3743,871,233,266,191,726,398,350,403,564,254,1697,332,204,273,173,327,516,251,177,502,206,1391,1928,867,184,972,532,1761,695,242,349,193,707,243,496,221,500,612,320,193,1200,494
2020,12,1904,1707,217,1424,625,800,354,692,192,1108,1382,1541,471,534,1056,549,689,887,192,2263,308,550,294,216,659,232,569,984,878,719,615,1310,218,188,269,2874,719,1086,3411,1105,668,453,192,1921,458,1875,333,304,2814,1036,338,490,212,2185,1175,587,838,2121,2193,476,374,1113,455,1009,2279,1539,345,435,1361,943,389,2736,724,187,430,610,1252,330,302,287,1205,1835,357,922,237,382,478,551,194,195,565,1598,686,426,340,3895,486,4228,326,520,267,323,1635,639,787,186,359,249,644,1046,386,3332
2021,1,2583,1682,358,866,516,1014,448,378,2368,1456,589,568,562,193,1249,1478,497,890,448,650,305,1238,353,1132,1013,320,205,1782,1210,480,1035,587,186,260,465,2591,794,510,3365,2085,566,1426,212,3578,316,1490,703,249,2813,799,905,931,671,5288,427,896,1327,1363,1966,275,540,766,219,485,1205,995,1093,353,926,364,939,1223,566,229,231,1184,671,3449,1902,240,1529,1795,246,10430,185,783,2094,963,270,1501,1582,420,435,2750,271,5175,894,7615,583,416,1043,808,1214,642,3896,519,5539,239,1498,629,838,1822
2021,2,5394,1118,437,1117,587,828,216,274,712,1158,846,744,539,311,437,886,484,682,1269,369,765,366,358,818,1235,578,264,2623,1266,362,890,379,598,637,888,9741,686,484,2959,9315,573,1028,2162,9712,941,2386,925,193,2512,2342,2393,1785,869,2419,357,9544,810,2586,2255,694,401,509,195,355,911,568,1108,1073,1123,383,491,565,317,638,2349,916,657,2924,815,183,1213,830,523,1909,383,595,1034,1010,1134,698,367,467,355,3914,390,1985,1753,8844,401,432,916,669,894,826,4514,383,1965,358,445,294,858,3619
2021,3,2035,4834,485,3085,360,641,225,466,713,2326,378,1408,638,639,336,579,441,1656,996,2526,326,443,1263,939,2340,252,223,1252,1964,1349,922,626,583,511,1383,11627,647,2317,3524,2564,844,1732,378,6664,494,9486,1955,178,1541,2316,1061,1400,752,1254,1073,7696,652,1681,1384,278,815,414,1162,381,1403,470,570,270,1632,356,1661,801,307,301,2688,380,464,4025,2234,174,1367,2059,637,2721,594,607,2480,1075,676,586,334,947,1125,5828,253,1826,1536,4630,821,244,1951,429,1192,1134,6486,306,2569,460,369,325,3993,3475
2021,4,1048,1583,414,2803,268,2696,202,472,419,980,617,960,339,278,264,325,245,984,1386,668,292,628,357,534,3976,210,299,729,2572,1137,364,378,384,490,414,5125,389,1570,4901,1733,383,792,266,6059,292,3562,1939,176,741,759,610,458,525,947,348,4542,977,792,598,312,337,388,239,230,860,621,351,358,864,264,856,747,228,244,1616,287,293,6558,1101,172,957,1010,387,1635,258,285,758,453,290,583,241,801,1093,3940,259,776,721,2496,300,227,935,272,638,1291,4586,700,1109,409,426,240,4450,3220
2021,5,454,786,210,1124,363,594,187,218,295,590,251,430,229,267,215,245,220,382,548,334,347,250,228,256,650,196,212,373,612,480,246,262,203,220,262,3599,245,496,2089,736,247,319,211,1113,218,1011,638,185,369,479,419,297,242,552,283,1459,518,390,340,226,245,355,206,198,381,322,251,371,375,217,454,379,207,277,571,233,236,830,339,173,716,382,270,1009,225,212,718,289,254,283,204,345,548,1602,227,405,373,963,218,195,393,272,374,567,1746,219,389,245,228,206,2120,814
2021,6,250,321,253,1079,232,863,185,260,211,286,203,243,211,213,194,214,220,233,238,311,187,233,196,238,430,186,211,229,338,265,203,209,195,189,290,1074,223,268,552,385,203,253,385,470,224,486,298,174,289,290,250,269,340,267,225,517,248,236,280,207,213,210,191,199,400,257,202,495,249,204,263,259,199,193,347,229,228,297,449,188,375,319,424,333,182,190,542,226,496,203,188,231,348,652,181,274,290,686,200,188,292,198,229,276,431,216,362,209,207,196,468,326
2021,7,366,357,267,597,324,825,330,303,257,390,302,267,224,564,384,278,334,475,365,340,539,363,284,349,321,245,372,356,736,254,303,274,425,387,624,568,382,663,543,261,283,382,532,513,408,472,280,350,410,438,430,366,470,260,235,344,399,370,538,327,306,399,267,335,318,443,358,651,399,316,922,465,256,418,463,337,302,447,515,277,481,384,308,588,256,432,647,242,514,332,298,370,387,727,197,410,373,587,314,323,326,494,336,375,333,499,337,368,583,287,478,302
2021,8,750,471,981,496,758,886,425,970,833,398,516,705,814,1538,358,555,249,633,333,425,551,839,453,454,387,381,368,508,862,484,482,440,1353,609,939,870,289,348,1315,294,465,457,878,601,275,469,426,288,1385,477,350,1354,345,522,281,837,409,360,1900,317,271,538,310,639,220,221,876,1258,661,1123,1039,465,559,364,404,333,497,337,1531,879,679,882,350,1344,953,504,564,550,414,751,353,466,2038,1527,216,347,353,648,298,434,615,904,964,335,633,553,1074,666,1345,1137,724,319
2021,9,187,423,694,376,1050,565,224,418,1086,308,335,233,399,1589,373,275,365,1344,434,346,500,1608,293,233,208,218,404,578,991,622,1240,311,333,391,285,1427,185,391,301,238,257,227,885,574,247,227,611,728,1690,337,319,204,488,710,266,392,214,520,1574,461,330,242,224,377,250,212,194,381,201,246,251,249,199,288,356,214,205,424,642,227,380,312,453,879,643,399,713,198,730,520,311,204,1061,7725,283,1098,734,333,396,427,496,367,456,206,230,566,577,442,658,665,379,305
2021,10,531,808,256,206,500,622,312,224,842,247,271,3296,442,848,1180,876,313,297,544,210,330,321,292,1391,180,288,657,272,1342,643,801,229,200,237,195,737,191,443,439,249,433,179,522,1125,492,425,478,262,976,230,180,189,500,1112,215,1329,294,342,869,358,332,183,177,183,190,295,208,218,440,414,556,217,532,370,1006,345,755,323,1074,364,249,403,224,239,409,1056,623,182,501,313,419,224,390,4598,172,1232,208,417,293,3140,499,5209,233,198,212,468,321,218,1007,201,483,187
2021,11,187,293,362,256,1828,289,648,190,228,227,478,1580,472,292,360,836,203,300,466,438,343,231,238,272,474,621,309,192,1406,264,773,395,602,294,1030,1057,177,752,3726,212,1352,369,756,833,1713,298,1131,664,763,190,351,279,233,275,288,322,207,263,751,653,347,988,256,196,196,1652,187,466,1081,689,356,181,420,347,904,912,304,414,526,1556,283,613,305,357,253,375,372,254,452,227,256,807,1107,1347,451,1087,239,1028,1120,2452,1370,1036,1089,365,519,492,523,198,252,305,548,214
2021,12,374,1118,747,529,1967,439,262,537,358,597,424,3780,510,260,366,959,334,200,228,362,447,600,1173,853,349,665,908,701,679,357,269,328,1225,457,462,1698,179,1038,437,269,1084,1133,2189,385,722,253,1428,8181,935,1071,299,1830,256,252,356,466,237,295,8349,2739,240,1658,411,203,476,608,184,257,3016,539,452,180,452,328,755,2137,1050,489,1529,394,203,232,2614,4556,383,1350,643,388,445,403,266,533,2491,7330,520,1130,258,1762,927,483,360,834,1656,245,1338,549,1044,1282,214,9226,335,205
2022,1,350,950,4151,6436,10991,1437,215,829,913,343,752,5047,579,2812,611,1283,385,1010,203,235,582,583,826,451,1071,1862,422,476,409,298,344,644,1634,1060,697,1938,909,1129,1146,486,559,1356,3225,552,899,506,1259,11289,710,564,3256,1734,1137,1561,253,266,229,2837,10450,850,283,875,312,1208,215,878,177,251,2206,1647,816,1223,1644,779,1237,1110,706,857,11698,559,606,235,522,6325,222,631,8863,514,491,1486,341,1364,1726,12717,1301,1845,663,1871,669,427,779,648,2718,382,404,1884,1900,776,644,16038,413,255
2022,2,644,2802,3150,1959,11915,716,1313,310,770,375,1344,1611,2499,2709,1239,588,646,869,318,495,997,523,1189,871,294,1070,327,416,328,474,386,410,1452,983,486,1159,1140,1161,2231,553,436,589,2710,1090,672,1073,915,10092,1036,1458,3060,2386,1240,747,412,340,350,1287,7510,696,191,671,442,823,388,1145,530,672,1497,816,1161,1819,821,542,1243,819,739,2314,10596,839,1061,1071,770,8908,232,759,3372,205,1035,1270,301,3765,1393,4568,2441,1678,929,1858,443,374,1161,1206,4277,309,289,1463,1040,437,533,13595,470,259
2022,3,1399,3474,2146,1495,3681,549,356,673,1458,307,839,1358,1403,996,819,641,2400,532,1204,600,388,547,626,658,298,478,897,1443,342,267,391,1094,1077,629,962,1662,2521,1286,7179,278,552,688,5829,621,1627,1087,898,3125,1158,1078,719,1313,791,630,1029,432,200,2200,4418,1264,268,2641,265,1311,244,1420,250,1034,983,622,746,3067,1572,1042,4367,680,1152,1699,20957,1143,824,412,569,6881,208,2078,4348,421,2702,678,404,1326,4215,3773,1055,2255,1635,7894,411,987,582,682,1793,541,665,987,814,382,262,6281,349,899
2022,4,684,1545,1111,848,1099,329,256,237,1268,246,382,434,1337,452,646,413,737,460,292,1248,262,296,417,424,240,403,666,302,262,208,233,315,536,339,738,949,809,691,3640,283,455,786,2098,366,1126,391,513,755,454,545,536,575,636,500,377,539,252,1139,980,682,199,1175,220,368,223,779,204,358,503,431,751,1025,2041,349,2674,413,983,757,8210,651,391,305,325,5528,215,1424,2858,370,3251,394,252,675,3808,2659,580,1638,927,3306,345,512,359,448,714,504,296,590,664,327,314,2824,247,1009
2022,5,266,563,470,358,473,227,250,200,420,192,271,348,613,313,290,269,689,266,212,275,219,217,281,281,197,290,331,274,211,191,199,641,323,256,313,468,383,320,897,192,280,291,752,290,401,257,404,468,282,304,359,346,350,296,276,968,174,544,537,422,177,521,189,243,195,523,417,269,350,274,325,442,582,271,912,264,416,357,2191,382,448,1060,244,1346,247,1561,602,195,1326,264,341,674,769,915,388,1379,432,669,227,270,254,333,416,202,222,561,352,257,207,1068,291,225
2022,6,218,506,256,294,256,567,191,198,234,271,227,252,267,262,220,233,745,209,219,278,195,209,217,300,185,406,214,214,215,198,185,540,277,198,327,270,236,234,365,183,233,255,316,251,254,298,246,309,232,219,354,236,577,240,190,217,187,297,291,345,177,264,198,226,215,264,545,194,223,237,217,303,290,335,461,208,278,248,904,232,276,262,236,540,182,742,305,182,334,214,195,299,319,352,307,508,251,436,262,215,213,421,368,204,446,267,259,425,229,566,213,205
2022,7,297,410,295,411,314,514,404,326,324,381,259,477,516,442,520,527,430,334,285,325,364,334,364,345,374,355,248,310,313,549,217,564,357,358,672,343,274,309,376,609,356,298,694,324,293,379,392,310,362,424,519,285,515,480,309,567,328,409,442,273,314,392,379,423,239,356,502,367,374,254,1031,449,378,405,342,279,338,395,654,278,349,814,479,354,302,527,334,288,587,225,260,938,413,375,694,417,305,434,474,379,289,1023,500,309,593,466,425,316,287,497,307,350
2022,8,576,297,463,602,366,765,388,366,334,840,354,619,1387,527,661,1002,371,423,452,464,733,360,273,593,277,645,286,262,637,1462,574,1220,708,533,443,243,456,381,416,1981,414,436,780,565,723,300,1170,753,1042,473,1423,799,795,553,523,1268,285,450,502,372,561,271,238,680,509,366,794,331,361,366,1315,860,385,438,453,330,463,1004,1068,318,440,608,604,612,411,1007,554,462,296,300,295,653,456,573,864,347,479,328,218,390,322,655,782,396,893,982,486,1180,942,710,520,530
2022,9,485,217,2558,196,820,413,304,669,411,476,444,873,352,516,421,1913,416,277,211,347,526,469,364,483,196,347,265,186,798,1209,340,449,579,342,705,217,259,230,454,789,203,338,1033,1437,1181,310,402,215,507,331,891,211,328,1445,345,357,238,1026,657,459,258,593,226,454,244,277,280,308,258,830,1063,992,350,469,403,212,231,948,608,209,192,818,829,437,814,422,280,588,614,311,267,983,896,477,665,255,929,227,357,771,204,228,473,195,936,990,272,2371,360,335,375,401
2022,10,457,397,355,454,1130,247,467,2099,419,860,672,4930,325,243,2816,272,286,367,323,184,862,225,438,187,578,326,689,706,267,454,361,362,1263,302,246,878,182,236,200,225,215,356,697,478,301,198,724,294,922,578,448,197,301,840,250,2455,195,449,335,191,212,281,173,321,196,216,384,497,499,350,260,792,391,388,263,177,192,379,323,185,199,202,575,188,692,524,184,208,213,902,322,466,2181,3782,687,778,828,298,510,229,203,303,2447,196,504,560,1437,260,207,367,185,719
2022,11,191,935,301,277,508,604,268,431,861,1531,303,658,275,200,331,372,335,505,462,314,780,368,1352,572,407,390,694,997,579,1186,470,3874,594,468,474,268,546,1293,256,461,571,231,958,285,197,261,1670,878,441,407,802,221,228,848,242,544,375,259,944,179,617,451,210,363,184,197,197,361,353,187,928,271,919,394,287,1703,194,4858,378,187,1345,390,475,231,262,1961,1778,205,349,395,1161,356,988,1373,445,514,299,366,942,237,199,274,825,221,409,331,415,320,448,829,180,337
2022,12,359,11797,1372,484,499,722,236,488,5788,312,1747,4464,187,1026,4593,657,263,453,309,385,392,199,347,244,1015,750,416,1134,608,506,815,1082,442,1017,668,629,1408,1298,183,399,702,554,644,224,205,299,736,3928,836,224,524,255,415,297,821,455,824,403,248,809,278,201,222,190,206,800,203,1808,196,1391,378,250,276,269,1844,611,517,1041,555,276,1012,448,1840,219,229,1541,1255,229,1613,244,299,902,473,395,1898,1195,343,220,1178,366,184,836,989,473,374,456,522,1272,235,7055,591,296
2023,1,1300,12432,768,272,1500,783,255,756,1595,1366,453,4323,515,566,3087,932,894,1218,280,584,452,208,475,1399,1390,389,474,994,745,281,442,555,346,718,1484,354,1846,975,406,591,443,592,446,626,325,294,383,1248,450,223,288,1051,544,2345,367,584,421,1168,715,393,250,529,380,362,271,835,596,1061,878,1333,6669,475,385,207,1597,535,430,4749,1357,180,453,595,1459,237,208,1567,4611,188,1338,657,1006,2134,385,751,2877,868,231,1776,820,2023,285,1234,1433,580,878,790,2866,1576,315,8986,602,2095
2023,2,945,13835,664,387,624,362,904,1815,2235,567,883,5309,277,361,1388,413,1027,371,305,382,331,682,968,1986,693,597,732,1632,557,332,325,1197,1665,998,975,784,3072,718,1069,305,1034,349,1991,243,557,1243,2007,1962,301,307,711,618,303,1748,287,5598,250,870,1488,288,208,581,204,1553,365,1584,372,899,431,586,6249,514,281,755,794,306,645,19300,937,619,575,2304,997,467,263,1510,2093,888,856,1153,1292,1451,807,1563,6923,963,621,2893,441,1364,828,1897,2388,986,718,992,7956,5409,446,8440,376,2580
2023,3,900,23282,474,263,689,352,250,2049,2655,2267,485,4370,271,523,2633,332,681,564,207,1114,268,818,779,1074,968,357,496,3047,307,252,247,611,642,347,688,739,2116,1684,358,364,1085,235,1356,236,330,1297,4034,2999,551,632,857,943,334,2602,630,5167,222,1317,513,551,646,3056,870,1135,429,2419,364,1661,423,511,4918,2952,227,393,5265,394,286,8490,492,1356,855,668,772,746,225,2341,5189,485,748,1600,1620,1343,861,1317,4266,998,856,2655,763,538,554,934,1203,449,634,474,9220,3762,791,15007,895,1230
2023,4,442,10014,546,211,484,292,246,801,1119,2441,314,1384,249,783,1166,332,448,410,187,288,298,388,977,738,632,301,491,2073,236,253,252,442,306,273,598,360,2830,1018,322,317,557,236,1272,719,223,396,2197,2184,248,248,1664,364,244,1319,282,2092,866,857,655,425,296,892,369,418,247,872,243,649,317,324,2097,857,214,255,7601,287,297,2512,375,274,372,359,478,333,219,908,1307,344,409,602,1161,635,631,419,5908,928,287,1322,502,533,261,447,520,448,367,534,3854,1477,431,5077,395,626
2023,5,325,2427,252,192,284,228,195,604,429,539,232,607,189,251,811,215,542,292,188,240,252,214,521,370,338,284,366,612,203,214,206,393,266,310,360,490,1764,386,209,204,286,231,517,224,253,257,606,477,213,205,362,324,353,415,213,589,269,315,430,240,195,635,200,280,201,488,194,341,272,238,568,366,1058,234,2143,227,223,1222,271,233,386,264,293,201,225,401,435,208,277,315,404,362,263,284,955,508,261,498,365,300,221,267,296,262,243,483,765,694,256,2544,222,380
2023,6,251,1703,214,211,294,369,228,278,262,348,204,437,774,210,1033,191,207,244,234,205,192,198,239,304,233,228,203,384,187,269,199,300,211,194,279,396,526,315,193,188,244,201,250,188,363,321,298,272,228,253,261,275,201,254,203,283,223,309,217,229,203,274,198,205,172,266,191,228,287,260,336,265,271,206,685,235,210,323,259,192,419,238,240,196,178,460,286,198,252,242,242,235,217,266,477,389,199,264,234,252,185,313,254,232,257,251,384,261,220,1788,221,233
2023,7,260,646,264,438,360,445,531,413,272,486,377,714,358,395,654,502,348,1731,621,288,266,284,351,858,269,363,429,338,392,564,333,496,293,420,380,465,337,504,278,421,452,517,485,396,424,456,341,669,392,443,291,1167,411,328,328,265,426,409,269,250,211,372,296,315,479,339,227,656,387,373,311,258,365,743,412,268,288,495,454,297,272,518,259,246,382,469,405,246,232,311,252,371,312,271,592,376,393,537,244,308,451,538,554,314,680,381,598,526,915,715,336,447
2023,8,445,425,337,883,500,570,1875,480,279,590,298,899,339,244,674,248,588,752,665,526,358,1001,398,695,238,508,456,486,697,822,386,1574,361,1819,321,288,725,670,460,576,443,313,448,419,665,1400,455,407,444,543,585,1068,779,271,382,346,326,822,224,945,310,653,219,212,879,374,315,780,382,364,372,504,251,748,695,407,238,381,378,334,788,449,575,357,653,847,254,484,309,1850,842,616,631,560,360,303,496,834,214,385,1062,1225,565,561,613,480,583,1152,2861,462,461,651
2023,9,265,397,225,408,295,1314,661,401,219,319,301,783,200,383,539,200,350,1030,870,2072,245,752,357,221,184,838,466,258,873,720,468,1017,975,435,912,273,310,487,556,471,310,333,448,458,589,363,348,675,1094,206,522,311,765,193,542,412,234,287,703,228,471,410,306,275,529,288,2663,384,266,399,489,396,190,268,354,594,194,206,233,432,811,229,1094,228,241,766,421,832,839,418,426,275,321,633,409,410,572,368,191,655,773,888,218,458,498,275,530,245,419,914,280,313
2023,10,242,671,178,189,1069,2486,517,748,338,501,315,5823,182,177,828,191,209,497,442,409,2926,788,202,608,199,283,189,205,668,428,311,1460,450,931,3889,254,362,198,227,2665,562,221,726,213,762,292,602,1437,192,541,679,241,801,225,431,666,1096,230,934,1110,755,283,223,245,220,290,378,317,203,286,758,239,198,759,267,346,234,535,552,320,283,980,638,249,349,331,290,653,461,338,707,296,294,245,5928,220,300,1634,313,366,924,437,354,199,420,884,250,255,312,303,573,233
2023,11,232,272,198,299,271,1675,419,317,221,970,367,688,251,177,419,308,182,337,602,578,514,1282,366,1233,180,424,278,1420,324,249,371,645,313,690,439,237,242,377,298,1544,1464,290,220,194,574,384,270,716,1857,746,664,197,237,539,1098,491,2125,384,704,806,232,195,583,318,397,179,507,468,331,429,916,197,267,230,280,465,418,429,266,363,386,227,384,346,182,689,312,323,301,267,6477,290,374,200,3462,269,335,639,463,212,2082,592,831,258,259,761,704,667,326,228,313,410
2023,12,507,1095,631,192,3418,1342,257,278,370,1303,311,1244,1246,474,571,217,485,232,416,247,706,988,251,415,302,256,586,1110,1745,954,353,500,266,1361,447,1936,577,2285,341,317,1779,188,975,365,538,537,1589,716,589,2051,244,215,1259,236,411,212,531,206,296,917,276,346,286,235,244,262,219,383,648,1040,1398,184,1067,265,700,265,326,1893,694,397,349,1745,661,194,286,3143,193,989,219,540,1944,199,1120,750,467,373,2640,291,2431,1570,2856,613,407,4502,626,348,1174,1007,1758,2213,197,449
2024,1,660,380,902,692,1201,1748,872,824,2609,1272,200,1334,273,516,654,856,923,246,271,369,585,1764,730,420,244,218,726,357,1264,538,1711,359,213,562,1378,1329,911,2086,204,601,820,795,926,181,292,1785,2486,2199,326,516,1211,280,1363,362,814,413,1548,1077,790,714,666,343,774,241,347,3447,305,283,296,739,12116,359,402,538,449,277,942,1266,392,540,1783,2559,873,606,6211,1770,397,719,204,253,3830,1250,641,803,864,209,1398,1384,5862,1040,5773,2034,1248,928,828,1068,434,1191,848,548,200,718
2024,2,1078,300,1112,768,3338,1593,449,625,4399,5440,310,2601,2542,858,2929,2846,848,713,519,457,1210,1189,1582,402,285,374,520,440,1049,435,482,569,376,418,1267,1015,855,8296,303,473,2182,3088,380,199,841,2123,2745,2086,361,1163,529,497,2873,334,2471,1621,6868,1651,1247,840,250,773,531,412,592,4068,885,1095,428,900,12024,1438,880,543,2350,877,1606,2198,367,694,1606,4353,1182,401,1931,2222,297,733,858,285,4406,806,1173,1258,1700,1702,3021,622,6016,630,17487,2878,1198,1167,468,891,578,665,645,2913,667,1740
2024,3,381,304,1358,719,5579,1262,385,2016,3105,2279,785,6357,868,442,1708,752,530,1006,1479,343,1664,1596,958,576,185,360,476,1551,608,942,693,1458,450,860,982,662,1185,5012,256,729,1337,979,756,337,1209,1942,15466,1988,2002,1212,1489,521,8171,211,532,364,6296,797,530,4415,316,224,1260,755,388,5050,424,415,1196,362,9337,2656,403,485,1736,1226,1109,3336,1340,652,2163,4095,781,394,1703,6642,750,550,228,317,3545,875,867,1318,2533,367,2548,846,3085,501,17624,2725,499,1301,770,910,590,1063,1065,1768,855,1423
2024,4,249,316,388,636,1450,1067,230,1000,2016,999,308,1080,510,249,746,449,279,377,1217,313,523,914,405,380,176,217,314,667,428,556,301,997,211,336,519,650,505,2589,308,329,507,842,465,223,693,908,13506,691,540,910,429,297,3350,200,348,378,9159,574,678,2847,495,206,318,212,206,4191,291,281,344,279,4710,1100,321,275,927,508,993,2196,462,288,844,2193,414,334,1926,2516,369,1271,247,201,1926,401,519,859,790,245,804,498,1759,768,5136,2224,370,1033,422,520,556,873,692,3640,500,1861
2024,5,208,219,270,232,624,399,947,691,641,389,221,440,296,232,387,304,209,268,362,329,884,475,949,236,191,188,221,380,286,387,243,303,199,253,303,325,315,1719,183,246,340,390,267,189,287,417,3334,352,289,459,272,199,713,242,269,235,1213,482,311,919,230,190,236,196,206,1881,217,211,271,220,686,606,228,215,435,290,665,600,239,224,348,701,271,274,1084,654,207,531,209,309,712,279,301,442,423,206,412,301,1071,329,2838,525,262,417,244,433,459,488,353,944,237,441
2024,6,190,203,248,220,348,255,496,360,321,253,188,336,213,192,253,230,214,207,268,200,256,267,745,428,199,190,194,251,240,242,253,225,183,232,228,227,228,535,208,284,282,263,244,250,260,467,1010,239,252,303,535,214,426,192,277,210,482,266,216,1934,191,194,206,187,325,699,200,190,200,215,461,315,240,201,260,220,403,272,199,199,260,314,272,191,324,342,231,263,191,184,380,222,224,316,278,317,251,224,400,215,1257,273,204,239,245,240,262,427,385,467,203,312
2024,7,293,438,261,494,568,386,433,819,331,1810,321,410,882,287,245,483,364,463,376,359,271,239,586,376,358,282,216,275,386,407,629,379,369,451,300,377,388,712,382,688,373,336,444,567,306,458,474,378,389,631,323,306,409,309,382,333,430,1609,415,432,500,335,254,452,247,330,591,535,426,582,528,416,409,329,362,363,626,325,317,326,334,332,518,240,463,667,543,394,324,303,640,437,306,457,339,524,429,269,314,305,320,359,579,620,361,529,220,406,319,412,265,538
2024,8,301,392,263,872,468,609,694,843,368,995,255,487,1043,447,283,750,686,1736,410,754,389,471,513,625,254,778,572,497,481,662,548,868,1259,579,353,604,847,882,556,800,803,330,756,663,431,1043,548,676,336,803,596,316,569,777,324,323,639,970,366,629,311,386,454,422,434,447,886,1303,409,1543,583,624,318,1161,714,328,394,413,315,317,440,407,432,470,433,470,917,544,354,886,691,404,431,980,322,458,492,205,200,421,367,291,585,1101,570,426,1561,775,453,599,230,1405
2024,9,304,249,310,1379,894,538,483,418,213,1020,215,655,1155,455,186,610,319,1380,429,574,534,617,453,200,467,335,380,236,259,406,270,519,254,530,191,314,215,585,503,429,352,344,439,192,499,657,426,1204,820,511,864,284,462,679,270,320,642,335,349,1109,291,296,631,336,253,218,397,873,323,370,1259,258,491,866,960,204,381,405,211,404,273,572,186,190,363,316,767,217,259,1097,247,275,555,705,236,756,266,201,187,303,312,1025,404,734,779,407,912,308,305,389,179,723
2024,10,206,333,260,323,2062,229,2028,269,180,364,198,4749,534,195,425,268,241,1011,227,415,395,282,282,181,186,206,207,235,302,277,555,269,278,536,215,837,410,217,292,444,760,180,230,1354,581,302,189,1031,2914,1758,723,198,371,1431,187,368,800,499,183,490,470,492,496,333,298,476,554,334,288,1203,245,193,341,781,598,307,279,270,193,500,808,460,343,281,219,355,647,642,241,358,463,227,690,2410,472,621,601,210,279,220,181,334,325,203,521,242,596,237,2826,809,267,507
2024,11,359,1122,1867,558,1440,299,1596,368,301,359,262,606,1988,275,362,735,327,756,388,263,272,261,503,382,194,2651,201,195,2018,524,383,268,1009,578,414,300,185,271,630,375,440,226,188,498,2024,286,264,718,1438,816,657,622,236,1008,227,439,1037,826,657,1040,1052,450,335,2412,251,246,336,549,386,261,523,182,271,293,481,696,354,479,383,650,2939,941,282,189,206,269,515,654,1142,609,206,801,467,387,217,246,413,482,214,491,182,255,311,667,1919,575,387,207,551,462,195,285
2024,12,437,224,362,1695,653,370,1842,246,177,246,688,2268,714,182,397,429,352,652,267,416,816,201,271,1282,163,1840,780,188,353,226,204,410,656,250,282,238,187,197,229,1723,1753,183,202,404,343,730,186,274,691,492,908,187,230,291,395,1910,369,360,249,968,358,1342,726,980,272,2396,203,258,1406,311,209,11306,275,1686,253,945,257,205,306,257,509,694,1992,227,664,1061,379,1949,784,275,508,1262,774,351,263,687,241,216,373,452,257,412,826,419,788,699,244,924,865,574,232,803
2025,1,323,1095,501,1068,824,282,5345,259,402,608,806,1822,562,177,583,589,696,617,1142,537,428,469,1010,640,807,5931,510,535,314,312,287,399,738,938,257,2708,675,210,257,996,1347,200,186,702,344,1362,542,270,459,766,789,271,412,368,2988,1306,269,617,755,1830,1155,1808,406,684,420,2885,833,790,1255,442,534,1521,207,2830,1665,1091,204,280,2514,873,408,525,1417,684,1162,602,354,440,986,1047,1099,586,574,339,608,856,366,184,2674,534,188,1422,587,1918,773,1565,250,359,775,331,619,348
2025,2,347,759,647,1320,1991,288,3969,441,226,550,749,6704,867,175,387,525,380,946,824,738,577,241,568,876,219,4594,485,690,382,208,474,1649,529,317,731,5477,1008,484,350,581,1129,196,216,725,388,909,1292,263,664,908,1296,256,914,843,2346,1080,289,941,254,1079,1067,1304,392,5964,1669,6737,929,305,639,577,525,1677,512,5568,728,1314,2174,428,2716,826,979,1238,1409,402,513,652,348,612,578,1138,549,916,649,1490,322,901,1162,185,1159,1010,200,298,247,520,593,590,397,242,6756,1285,653,695
2025,3,1263,1786,1380,3526,1719,198,2680,590,186,394,1099,5127,986,326,342,313,435,2584,1231,1500,410,1574,508,2013,804,2823,254,610,1066,237,240,2862,500,433,510,6294,307,1222,336,1932,1859,1194,1333,1761,1500,4079,2837,739,462,1186,1035,980,346,306,2265,1011,230,455,629,1710,1364,3018,415,8408,2375,5450,289,420,517,1026,1205,1289,527,2820,2865,1073,933,817,500,339,2091,494,1291,629,345,1412,1138,866,592,454,413,488,381,1225,215,2227,503,940,2347,928,187,951,821,454,732,645,229,243,3213,362,1592,1126
2025,4,313,588,763,4615,517,322,1020,407,177,231,1606,1416,578,753,394,234,765,1886,828,497,299,913,413,914,514,1764,225,452,512,194,363,1052,657,309,290,1373,333,845,301,1212,1604,404,681,761,615,7372,808,389,348,640,472,226,220,299,810,909,281,637,411,1001,925,1687,265,3277,965,3152,243,271,342,803,554,656,444,2157,2746,735,1243,329,726,338,1588,389,934,283,270,716,347,496,370,298,263,400,261,537,223,821,303,276,2382,288,218,379,279,302,997,378,207,345,980,293,741,970
2025,5,209,321,371,701,677,233,469,223,174,200,400,511,297,289,205,239,495,691,427,275,227,265,231,349,230,537,239,447,238,184,202,383,326,233,227,505,274,665,237,474,426,223,247,317,286,682,464,285,268,451,299,240,199,275,385,447,230,360,236,455,349,475,204,1000,454,1059,208,213,317,312,302,372,287,1250,518,411,542,206,360,245,597,256,546,203,211,329,346,307,280,237,209,253,213,272,189,325,243,206,555,236,171,270,209,253,426,251,192,205,456,223,306,387
2025,6,250,277,245,363,399,229,291,256,172,192,252,274,242,234,311,294,353,318,231,215,206,262,207,231,198,250,197,192,212,178,192,268,205,200,207,264,258,520,224,334,309,268,221,272,280,332,269,216,227,285,249,251,189,240,245,406,202,203,202,273,292,289,210,451,263,507,221,277,203,474,215,279,200,391,314,347,269,207,287,250,274,216,364,190,200,300,436,266,346,202,210,223,192,212,223,269,194,200,281,199,173,318,215,201,251,277,491,365,261,229,230,219
2025,7,767,313,453,427,344,349,587,321,259,458,557,307,325,300,413,633,1264,501,389,463,231,314,344,316,428,470,501,419,364,475,424,408,333,483,328,271,356,511,367,687,457,272,398,381,443,467,323,341,290,344,363,584,220,337,462,397,324,354,266,366,356,284,813,549,259,530,384,611,728,443,483,452,443,453,455,292,481,349,324,355,374,341,322,383,341,366,937,547,1063,381,303,532,299,319,260,413,330,539,323,572,424,281,676,498,440,436,421,1625,317,390,334,291
2025,8,662,688,859,432,2761,556,1169,794,500,928,513,288,579,548,437,487,1146,1312,311,306,414,416,456,476,653,503,641,510,550,651,917,402,306,392,589,527,517,913,283,1110,722,413,498,645,717,533,393,1461,587,886,517,506,628,516,395,426,363,367,326,746,892,207,537,409,228,895,318,1914,1076,942,656,1454,354,671,516,413,459,420,381,290,461,472,1188,1342,1044,529,759,720,547,309,257,615,770,712,535,326,303,510,256,652,870,348,1694,503,446,456,463,832,540,989,579,469
2025,9,594,1455,622,282,2578,208,690,654,208,293,210,595,473,213,450,659,475,1268,365,325,697,281,650,238,236,696,284,249,253,325,869,523,238,209,1165,399,771,434,335,344,323,451,289,2012,549,671,225,620,533,783,403,295,490,525,372,233,283,345,182,1285,767,242,196,409,209,511,380,686,825,487,555,464,275,606,869,325,627,338,581,330,635,595,325,639,308,418,207,386,244,355,302,439,273,213,305,266,591,520,339,505,480,190,1234,530,279,326,329,373,400,530,831,227
2025,10,867,718,404,209,339,255,470,436,264,484,185,3696,220,875,471,256,1298,509,272,179,1316,399,473,181,338,240,382,190,1572,192,418,548,178,193,5267,187,446,503,174,903,239,781,1578,381,240,585,702,1790,292,570,325,217,283,1422,314,204,572,434,176,208,926,499,374,234,197,205,269,446,383,573,7208,1427,222,2860,253,222,353,492,253,204,239,1916,270,353,191,274,359,282,397,233,604,371,209,546,562,631,466,805,198,201,1048,1078,503,903,207,373,220,217,189,504,658,300
2025,11,1663,826,587,753,400,277,514,1461,305,286,288,2882,436,6937,189,407,1241,443,1294,207,1168,304,208,1257,2290,207,918,481,859,208,806,4758,224,177,504,228,832,1461,172,903,2855,504,1110,462,348,1696,1027,2225,221,603,340,257,761,501,838,247,191,386,278,395,587,311,1362,824,189,332,207,400,621,621,2647,299,195,1470,404,388,346,296,254,1058,200,296,237,535,228,409,430,435,721,397,263,1887,933,425,483,460,272,685,567,263,2726,1323,448,386,271,1032,908,317,465,266,243,463
2025,12,3124,1093,276,615,307,334,586,258,389,575,180,9748,402,2709,183,542,696,523,2129,2576,298,216,259,840,4051,189,1587,301,429,439,286,1465,446,358,2122,590,3492,964,186,359,5477,222,592,2258,2145,940,618,650,186,493,194,1046,581,281,248,768,470,514,1290,1968,1600,1107,487,1323,179,189,295,2094,371,325,2368,2559,343,588,199,774,257,992,3543,926,838,309,412,222,202,432,688,1552,391,227,209,1799,624,1882,314,5162,910,277,803,228,533,2300,238,2332,428,498,264,307,1045,273,814,190
2026,1,1395,1062,266,462,339,484,517,684,900,1107,380,9560,1158,14885,462,674,660,282,16240,1121,659,345,727,1937,2160,214,402,217,469,1035,429,729,255,354,3045,613,1530,12105,224,353,10922,2231,349,1077,817,828,333,466,1028,927,953,517,505,813,217,304,383,901,522,8240,509,500,488,2353,183,227,763,461,720,1024,1815,1412,176,675,1048,409,476,575,833,550,664,480,551,1538,211,580,1276,293,571,214,235,12396,1007,752,244,5994,2921,251,256,388,743,1412,485,1040,306,1199,226,325,551,610,1165,211
2026,2,1299,867,284,742,593,590,686,320,920,745,352,7870,1303,6616,194,312,1336,504,19174,3162,1285,725,718,1894,1552,544,598,1208,384,980,342,510,195,874,3818,672,1314,8973,689,565,2718,588,481,1761,2049,446,479,599,2364,1198,270,1206,244,565,582,223,302,1512,1501,14849,478,689,709,6219,175,1604,4124,482,708,429,3195,4869,345,1584,978,551,625,679,640,1192,509,3000,299,335,252,1226,839,423,824,846,575,18766,448,475,856,6877,2599,990,254,514,1190,4862,1121,979,1087,1033,1283,590,1023,406,924,431
2026,3,897,3757,474,860,285,360,690,266,1014,426,256,2805,659,1645,185,281,2115,566,8680,5719,885,596,1736,3348,719,195,1132,1217,335,591,635,356,213,718,7704,1538,1198,11071,209,274,3548,1317,373,1059,2220,840,506,596,1588,883,1442,369,666,578,2703,874,1168,815,2858,5104,3096,473,959,4561,276,368,2943,2021,2384,341,3995,12647,1224,1190,381,335,1296,657,602,575,1299,2128,275,315,295,1827,542,867,531,340,227,8221,805,1634,751,11426,3399,477,457,2158,1475,3342,1634,3352,339,1358,636,357,1044,296,1452,668
2026,4,555,1631,404,408,275,301,317,333,466,398,333,1202,412,526,242,224,752,330,6181,2336,566,459,444,2123,538,295,483,577,254,663,249,286,266,334,2170,590,693,3381,184,232,1503,527,368,563,822,371,320,339,3192,657,295,313,233,277,2372,251,1075,619,1294,2540,2927,1313,686,5307,218,225,1745,1299,2026,256,1856,3709,308,475,326,253,1932,335,446,708,532,1758,281,268,178,1506,332,387,303,221,271,5357,1364,563,363,6293,2288,469,244,359,487,1363,949,2933,265,698,356,309,614,352,952,229
2026,5,349,370,207,253,247,199,228,205,288,286,294,588,257,472,177,192,387,234,3027,1173,344,226,391,608,311,212,295,279,233,336,262,229,253,210,578,614,384,748,179,200,551,316,243,349,437,279,229,252,586,1108,330,252,234,286,937,216,414,412,382,1099,454,443,322,1989,170,263,564,383,459,212,1296,1869,219,314,216,205,581,335,350,314,304,385,196,219,190,412,264,240,219,199,193,3068,636,387,232,4927,835,230,218,250,311,566,388,634,212,365,489,197,342,215,426,192
2026,6,235,265,209,215,400,192,197,223,233,217,187,304,207,325,275,202,242,418,781,407,258,345,216,319,232,196,239,217,191,204,320,223,201,289,380,249,273,316,185,411,742,344,216,249,253,233,200,228,374,265,348,199,198,203,306,201,583,255,257,543,632,227,259,611,168,200,281,256,368,192,439,486,208,226,200,188,261,282,219,214,208,306,194,189,176,360,216,201,249,194,263,1043,329,242,218,1212,380,232,236,244,232,320,227,354,207,288,388,186,261,260,273,182
2026,7,409,520,404,749,566,376,447,244,371,263,363,391,322,630,298,457,382,494,347,390,498,411,413,686,297,444,373,667,285,400,477,451,384,727,540,476,251,289,358,446,372,986,405,443,240,484,381,255,544,395,318,240,296,358,523,450,463,334,272,864,571,363,489,275,354,1149,277,625,600,349,716,453,363,286,407,389,402,494,362,309,390,580,544,211,345,489,205,267,405,267,807,475,1154,415,375,547,809,321,202,300,469,356,349,385,392,574,481,294,272,360,235,297
2026,8,740,725,559,527,1685,876,1248,276,558,220,564,912,424,455,385,436,418,560,1942,367,640,551,351,1540,443,647,371,1307,319,327,489,1250,458,796,566,693,237,679,471,446,330,400,386,568,626,1809,622,355,1521,497,421,504,462,463,834,2349,703,444,532,815,1062,1346,607,212,469,954,495,785,921,633,799,750,755,455,574,963,340,506,414,834,530,720,951,1078,399,432,511,606,1801,393,553,357,903,687,331,393,968,814,270,481,844,338,851,585,667,1195,743,1128,488,324,297,476
2026,9,540,214,434,500,1203,319,1349,235,332,244,291,292,777,234,322,527,649,1058,302,606,516,531,390,536,281,303,365,491,258,360,319,752,790,472,2047,319,265,190,471,309,270,1020,267,315,2410,1280,220,235,724,380,430,359,668,247,380,1990,1041,1021,372,351,549,769,1123,274,314,562,325,347,639,296,567,552,484,809,470,310,216,240,714,382,407,452,923,1356,492,891,422,375,805,1112,322,235,1031,300,182,411,820,337,429,446,375,326,1331,342,1256,484,494,352,263,355,530,2008
2026,10,206,388,1024,944,1384,588,606,179,405,318,310,196,408,344,1453,758,269,910,220,243,277,2332,482,225,363,200,980,671,372,191,451,941,2806,399,527,265,270,229,181,479,704,673,638,373,1982,312,234,485,819,1326,900,458,547,518,195,2614,534,1343,608,5660,841,207,250,182,201,682,182,256,301,365,577,197,479,218,583,190,211,192,264,199,307,478,338,1233,222,5247,463,396,748,307,244,551,337,257,177,193,1470,562,191,270,361,181,316,742,292,327,737,693,238,251,286,371
2026,11,185,460,511,4272,1245,1916,476,183,1148,429,731,344,604,293,424,850,256,411,731,216,184,592,324,194,219,179,208,707,2792,5062,1452,877,352,204,1443,436,1283,266,454,494,195,351,554,1218,1292,360,382,570,462,855,2109,328,528,1095,1021,2751,329,580,536,2334,3414,498,242,212,368,1020,302,625,418,274,435,398,332,422,329,182,684,695,489,293,447,198,217,1080,303,1645,429,1236,584,478,728,552,302,465,258,416,8178,617,195,450,297,230,360,345,356,1805,248,983,234,562,1004,321
2026,12,186,241,741,364,505,442,768,714,702,385,808,1573,792,487,240,358,205,292,486,184,1252,648,270,206,483,283,297,352,7116,1513,388,644,545,230,553,273,2192,192,930,507,212,301,255,2065,3020,949,189,2326,355,366,1262,1105,453,254,245,3521,226,1437,3172,1190,1308,517,213,183,181,1911,179,501,209,544,315,775,1051,652,336,670,211,1524,701,713,194,367,223,468,192,1129,369,801,471,368,1034,569,339,2890,708,1220,1410,853,190,241,410,591,476,1377,289,1927,1032,378,255,952,430,716
2027,1,5459,7079,1404,319,362,581,1299,3093,1402,586,778,1104,397,370,577,498,369,1497,804,272,788,1575,844,757,779,4804,688,417,7748,924,327,661,1558,1485,892,883,961,1191,1721,740,957,1867,273,938,2991,1582,512,2666,601,860,4797,603,264,391,1079,2194,1550,7772,1215,2094,2410,1815,447,350,169,1205,291,3045,213,1310,692,610,786,777,2461,742,1291,615,770,1278,682,244,244,844,191,981,1255,407,306,228,799,1831,306,1612,408,1927,4749,811,175,265,811,214,6771,1223,329,1770,490,312,338,1118,1637,1071
2027,2,625,994,469,301,737,747,1146,771,1323,744,582,1075,711,1192,555,1538,256,764,563,413,1299,530,2311,1220,427,1487,439,311,8696,1453,1009,1780,1207,639,1869,1498,1185,3456,750,568,750,471,429,683,2424,2929,651,7104,470,969,5926,1479,383,253,817,6581,366,3859,1446,2341,7691,1166,1034,301,184,1584,339,1345,205,811,728,1012,635,3619,782,339,1060,1945,946,528,876,216,1112,1237,605,1442,436,430,647,519,958,1477,1217,726,494,2809,4367,817,170,414,717,624,5055,943,212,1219,595,258,307,1428,1246,524
2027,3,924,859,905,365,2659,854,1067,1027,1372,334,610,2464,1345,448,301,1064,1168,378,1266,346,1232,1361,1371,928,704,2000,387,665,4628,6092,764,1225,1450,406,2708,374,2792,1297,617,630,1005,1078,2185,521,3429,2387,241,9176,289,582,6277,2158,291,225,389,2152,279,6202,1152,4032,11235,1656,527,569,299,1198,1077,947,246,344,1807,475,463,1330,850,553,382,3031,432,420,967,230,569,1597,995,1954,428,564,675,1915,420,1505,1767,3363,395,11343,3757,1106,412,1533,436,1734,3060,933,445,1059,1137,224,277,1173,1623,712
2027,4,1125,596,678,259,721,483,541,818,771,379,263,3430,633,280,269,441,338,988,556,227,571,772,703,336,571,1812,235,290,847,2365,339,816,753,316,2053,295,1446,820,460,806,463,628,1265,430,1127,795,218,4537,222,530,1626,1864,220,329,289,666,331,3459,523,2619,5477,1424,300,314,182,624,268,521,308,318,536,390,912,448,527,434,444,1987,463,294,349,232,321,1024,375,734,356,482,356,314,322,1091,3759,6482,322,5085,1963,702,718,527,329,420,1065,634,276,547,494,288,210,626,1245,493
2027,5,904,368,315,227,352,278,361,336,379,247,223,781,517,292,204,446,239,890,307,248,315,331,445,248,266,403,202,259,507,500,490,392,427,251,539,248,429,408,527,333,356,281,358,317,416,381,199,2783,214,284,763,536,194,230,221,413,259,1067,390,618,937,525,213,197,181,497,244,319,189,226,439,520,403,292,304,216,261,786,314,231,261,184,226,410,354,361,226,304,238,232,258,431,1260,1102,255,1025,771,326,291,355,238,499,559,411,199,496,259,1031,198,356,357,244
2027,6,277,865,229,318,244,212,365,495,235,326,229,361,257,223,240,223,227,246,214,195,226,233,250,206,229,245,187,205,283,383,215,458,268,191,372,216,276,260,266,248,280,228,246,246,332,240,193,657,210,219,272,287,187,216,205,264,208,475,270,595,356,271,204,216,205,251,188,219,257,193,318,226,221,267,306,192,233,377,238,219,242,242,308,257,200,275,485,208,245,196,284,272,347,516,192,487,308,229,201,244,224,243,268,231,263,719,1009,222,203,259,263,205
2027,7,359,458,896,404,346,359,508,674,310,525,459,482,222,339,703,270,335,358,359,350,381,318,325,401,407,305,260,288,564,299,474,1074,463,274,394,345,1705,362,446,374,323,425,315,303,332,355,317,448,647,472,313,304,408,353,263,414,346,539,296,1048,402,338,385,607,235,445,295,423,601,281,295,905,416,382,700,409,498,351,511,510,548,526,718,256,393,1188,529,362,258,250,257,622,421,539,380,241,451,334,346,533,260,343,394,1012,422,318,256,264,432,562,476,404
2027,8,554,288,1293,279,954,355,507,643,380,717,1122,615,656,527,1285,978,486,604,295,402,469,272,501,356,285,749,285,384,1102,535,1148,796,1142,443,737,422,683,666,320,644,229,493,1378,646,390,706,536,845,469,639,382,432,399,909,670,347,402,383,309,456,314,466,489,411,954,606,1109,473,787,257,394,1075,466,417,1753,638,528,480,542,1728,887,647,1383,377,504,750,422,539,424,352,1089,1314,1136,918,527,374,543,469,321,876,203,251,539,929,552,443,399,449,1302,858,369,608
2027,9,302,208,629,205,672,951,339,443,748,577,1475,453,532,483,556,429,225,4688,254,259,666,360,976,300,367,752,271,606,398,287,826,400,617,343,295,229,444,366,326,381,216,255,642,556,345,1005,298,408,947,294,225,445,350,450,672,618,610,317,239,333,334,841,230,364,296,806,591,521,223,193,351,390,944,325,1170,452,210,260,778,567,567,351,764,386,268,283,502,309,428,487,951,942,1107,482,2010,428,278,1905,436,1723,241,441,826,707,456,342,425,412,899,549,315,720
2027,10,181,289,722,285,1505,249,271,268,534,712,243,2805,245,349,1414,222,314,412,388,289,344,201,445,387,292,333,229,318,269,184,215,215,239,443,359,180,519,424,182,625,218,181,205,245,278,323,362,216,829,223,348,219,219,332,241,256,533,888,610,247,386,632,685,195,452,218,534,641,7471,211,267,504,386,1238,944,247,580,190,938,260,263,858,1321,441,2830,569,459,593,514,2685,1162,339,293,1195,1454,453,653,389,558,218,208,224,900,1568,303,862,1911,2711,2389,666,545,206
2027,11,306,349,644,438,1120,1423,659,238,582,702,249,461,285,187,975,461,226,601,1204,314,634,261,342,1201,250,1024,398,196,1266,836,322,267,197,334,678,196,474,277,183,1099,179,446,199,4665,285,343,253,299,236,401,196,221,344,249,527,375,546,565,957,652,503,586,711,346,547,209,1014,316,1403,179,644,2002,406,504,680,234,591,394,552,444,256,1268,815,234,5996,686,408,457,1581,1137,279,678,468,1364,411,963,212,515,1074,206,225,282,2025,596,357,884,704,974,1611,285,1536,386
2027,12,223,440,571,256,1683,378,297,388,229,490,914,1564,335,184,904,194,234,257,1006,423,1062,261,855,624,337,1274,183,1504,5516,1221,466,401,1071,981,375,411,364,229,392,1259,306,210,193,380,717,369,3003,1278,774,853,314,314,668,591,921,366,1219,1070,370,3012,1491,987,730,244,303,190,339,213,467,174,565,6276,598,1759,4948,1287,1632,661,852,396,279,1016,1875,1189,1969,288,304,2933,820,398,396,1960,297,1832,291,609,296,3058,516,420,226,818,6682,357,1192,366,316,710,861,818,1146,3014
2028,1,259,5457,932,806,3439,1253,1179,478,374,347,977,10771,1699,312,890,454,474,248,8163,937,1784,623,559,352,726,531,179,903,3338,711,759,1758,1223,608,435,216,316,1987,920,1191,407,210,202,562,648,667,1177,828,422,1466,730,4189,1118,1934,975,1165,388,749,301,1155,443,350,338,1191,1336,408,268,544,497,434,867,4454,1013,1342,12411,668,722,592,3730,286,1122,5469,7366,1957,2412,788,327,1281,534,350,536,2529,1793,957,893,764,243,2560,965,1831,670,433,10227,1091,736,599,771,336,1461,1340,407,636
2028,2,186,5182,1783,508,3629,1111,701,286,1176,1100,2952,7014,1247,1395,675,607,1448,602,8128,1216,2266,562,748,940,521,564,227,1022,5470,744,1100,970,613,760,249,745,352,1356,613,1755,864,1059,582,1418,755,348,1403,508,880,503,637,3425,653,408,347,561,1018,640,420,4229,551,1328,441,1264,1142,1215,358,711,571,398,436,11803,499,10925,6073,733,1027,303,9007,238,312,14120,13190,649,3863,489,397,1877,523,733,763,2549,5295,1226,2137,715,704,2338,726,1133,573,902,10179,3263,567,1779,562,357,880,1533,1193,795
2028,3,210,4109,2716,329,3726,550,1908,537,455,1758,1809,2261,7580,1594,1349,846,294,2335,2270,3621,6987,444,352,2573,655,694,199,634,2694,907,1795,1375,499,1188,264,854,1459,777,1117,983,306,442,235,2529,948,476,5765,447,369,608,275,1180,1294,446,286,774,7693,1944,1645,9801,791,833,1049,563,452,1083,319,642,420,909,360,5809,1034,16615,10327,552,3852,387,7539,274,610,6777,12014,532,11335,681,562,11351,757,1867,2327,2579,1207,3159,825,10316,509,2953,732,704,580,845,3114,937,318,1332,525,266,908,1204,863,925
2028,4,233,1330,2617,271,2273,410,637,385,260,1148,623,1301,1270,679,1812,236,293,1184,670,1030,1917,356,275,797,864,363,194,538,734,1019,1576,1025,365,1404,310,576,2262,458,389,658,211,314,328,876,471,373,4515,309,270,533,469,769,794,301,319,425,6153,1056,486,2330,346,410,592,339,319,402,231,291,334,500,267,2201,945,4028,7390,285,2507,265,1889,203,317,2696,5603,446,3280,332,292,2653,685,714,4091,1003,963,1443,661,4317,220,2053,476,481,1183,462,1718,778,252,843,369,483,471,576,1401,559
2028,5,197,530,708,217,465,343,274,259,211,699,359,778,427,263,572,242,254,749,369,496,571,215,227,354,324,253,175,296,546,368,487,316,231,566,634,305,788,286,304,335,194,1143,211,415,296,270,1711,230,216,295,268,378,423,257,252,269,1490,473,356,1127,233,294,295,235,265,321,202,229,318,504,242,1160,311,1163,2850,223,738,214,567,208,237,1189,1664,280,759,227,225,457,327,409,866,937,453,464,391,778,196,565,304,272,379,270,1214,332,214,355,367,373,274,327,452,307
2028,6,186,1138,284,227,275,282,218,275,200,281,242,277,286,210,292,219,190,512,313,339,314,220,199,235,200,252,173,219,294,238,271,289,244,526,820,206,321,224,209,249,316,237,219,399,279,330,609,263,217,255,190,236,279,216,192,219,615,269,257,688,196,238,269,217,239,222,212,191,359,213,194,663,300,565,833,218,347,234,270,404,197,447,952,220,652,266,253,295,217,230,293,578,248,327,226,369,197,280,233,220,289,231,388,522,292,310,273,246,247,268,255,217
2028,7,244,636,304,334,379,365,730,533,241,624,238,407,305,246,306,271,614,698,534,369,416,279,230,694,284,292,431,202,353,419,407,502,421,500,1466,400,700,352,552,461,531,510,465,340,355,464,462,721,276,349,328,301,1113,281,261,342,414,526,418,511,425,240,288,540,505,364,761,406,626,349,549,384,579,353,547,516,393,315,365,318,286,591,293,407,862,441,2233,332,308,359,775,429,403,563,226,319,467,823,253,343,317,350,389,489,365,429,462,272,458,378,245,274
2028,8,297,706,466,625,395,719,873,798,571,504,269,437,772,387,365,372,1269,642,945,528,294,256,319,532,264,461,361,279,632,396,766,951,1792,1034,945,500,710,332,838,325,638,503,414,410,783,423,977,844,431,510,933,552,850,1235,406,695,417,509,480,529,860,222,475,944,353,352,2261,718,892,774,788,579,263,555,388,1407,310,810,1777,569,513,755,320,1653,600,679,1626,797,283,792,1017,1191,386,623,321,574,374,1456,871,606,450,475,956,505,513,784,526,735,1221,326,339,320
2028,9,237,893,896,350,587,214,473,412,388,276,394,383,453,321,343,422,1159,742,663,401,643,474,325,244,212,379,924,204,314,201,1638,411,453,426,670,319,827,199,615,217,628,741,307,334,260,189,953,474,612,211,749,788,290,496,353,388,417,1293,966,680,993,289,401,771,649,227,1491,518,432,420,573,1208,1190,376,392,1082,282,3670,2182,533,501,461,468,684,288,450,769,224,248,535,448,678,254,205,643,425,688,738,452,256,442,215,3008,324,218,330,382,932,943,238,237,484
2028,10,346,375,2205,233,291,431,892,893,1194,505,479,276,389,179,188,556,733,292,931,522,917,1778,273,1255,429,695,307,237,257,262,1819,276,1418,848,239,181,387,348,293,195,502,244,200,796,1035,253,269,210,442,363,418,366,1477,270,198,1020,212,2136,296,298,504,528,192,763,254,247,380,271,518,235,209,1300,444,556,558,246,799,531,265,360,211,199,205,529,3791,563,536,212,210,286,873,910,183,445,185,296,348,224,396,550,421,205,554,465,318,203,292,198,1462,302,193,3728
2028,11,282,795,1502,191,210,959,509,354,1033,512,229,452,496,528,216,943,2359,567,463,383,620,600,632,834,229,256,451,349,256,480,383,443,306,931,620,2928,1532,445,1877,225,603,572,283,724,1313,238,506,1394,733,385,551,861,557,597,621,805,1736,579,466,197,665,500,180,465,312,3042,684,928,1208,227,372,1888,398,269,207,333,246,760,246,431,1061,188,395,675,1975,663,595,267,235,279,269,282,187,334,196,312,471,558,759,1201,687,212,596,344,418,295,322,200,8010,392,245,433
2028,12,227,329,1858,188,284,705,2420,521,694,785,277,231,457,256,212,280,1354,378,1189,492,277,447,247,1121,396,4124,625,706,204,1208,759,312,246,914,2918,260,406,801,281,201,275,226,282,1915,297,448,268,477,235,1197,1660,362,315,555,1035,513,1091,409,1704,199,236,357,816,1910,378,810,860,1086,1820,8324,609,1219,505,1736,371,411,611,353,297,473,246,1070,250,1502,3477,231,796,219,232,190,911,594,177,345,191,213,633,1803,353,1458,505,252,636,416,1528,384,745,288,765,313,195,673
2029,1,173,320,1066,595,692,420,1858,2846,595,542,937,608,395,721,305,239,689,1677,422,1144,1140,1431,273,511,217,1316,969,803,229,4387,4009,2720,230,480,1344,575,351,709,3086,494,584,218,208,635,330,1611,229,560,1154,443,2433,278,1404,304,387,1019,801,1269,742,979,553,285,309,3827,1073,340,1062,310,1256,1967,679,934,1123,1372,485,617,523,385,588,1048,1056,404,227,541,5111,940,1882,1416,409,2223,909,1197,175,312,454,209,357,1169,243,1003,316,783,516,1124,5054,227,620,237,633,206,1044,7045
2029,2,247,257,837,229,746,1403,4144,665,1530,1264,1088,826,790,769,346,1164,671,2594,312,1106,889,706,257,506,418,1009,861,1628,488,1585,3492,965,300,606,2676,1676,1533,1827,1565,308,1060,1382,306,420,433,1949,549,820,619,2106,3433,483,1249,1208,356,922,572,1419,648,643,1042,261,570,11035,540,878,563,1071,2297,3440,418,2095,383,1064,1131,1177,762,270,486,412,1075,699,539,12359,2773,488,2185,2882,816,628,949,948,994,529,610,539,251,2902,434,2491,618,216,305,602,4152,258,1739,208,472,1824,1615,16194
2029,3,264,226,638,610,289,2741,2412,526,2924,438,328,573,595,437,1393,437,2084,2080,398,1183,578,4153,311,1072,287,1415,2380,1061,403,6160,4238,1131,293,497,2162,958,5723,1286,3282,274,546,989,244,1253,733,1626,940,1878,309,3556,4741,579,1085,1535,359,456,2700,1525,803,397,407,411,512,13940,462,767,437,1974,3844,4159,2288,3641,348,1370,441,603,1304,255,518,675,1075,538,535,4082,6121,617,3326,2017,580,527,482,2348,1355,320,644,217,412,3971,504,5913,774,253,616,1456,5115,1041,1206,220,381,504,500,7260
2029,4,186,206,459,236,1021,1279,811,367,991,305,357,269,310,334,394,313,2394,3437,264,733,328,2962,221,441,1145,670,4554,511,386,2429,2258,520,268,359,1511,495,2737,549,2293,197,798,428,216,891,296,952,431,625,614,1874,2109,517,511,686,246,340,2241,755,502,442,278,304,419,6480,326,444,303,1096,1179,4083,943,4790,296,769,330,274,719,232,852,500,482,315,393,1787,1659,300,1586,1345,232,384,749,2085,838,251,638,209,339,4659,553,12562,537,681,402,538,2317,794,960,276,286,428,365,4559
2029,5,164,192,330,252,283,420,1534,281,485,232,345,216,263,207,239,240,421,1335,235,497,240,671,220,278,235,401,932,306,453,745,575,367,198,235,3550,299,726,454,651,179,1114,338,170,301,223,362,290,318,320,473,624,267,351,324,208,254,639,415,291,223,219,202,311,3587,294,340,296,399,542,1032,401,1025,228,436,227,226,425,200,279,448,558,238,215,601,913,225,383,1180,201,331,729,547,249,218,296,563,202,789,324,2316,336,412,243,281,770,473,624,414,244,368,252,1470
2029,6,212,253,278,223,211,245,469,213,362,208,203,261,273,209,253,211,260,340,511,616,299,427,208,238,198,262,323,267,240,390,474,235,191,377,627,229,373,284,289,184,387,204,172,226,202,241,202,235,235,310,420,233,227,228,208,248,289,289,231,221,191,207,223,1006,267,222,219,251,372,345,280,339,196,264,274,194,251,213,261,230,347,328,212,317,323,194,310,387,211,206,227,394,207,187,223,222,219,343,242,1131,364,192,217,225,413,265,531,178,243,248,229,494
2029,7,357,333,452,378,536,271,502,273,320,245,337,519,490,249,485,347,238,356,644,359,392,301,704,360,356,496,422,209,483,397,1590,678,272,330,564,371,628,465,382,399,416,345,249,487,537,542,324,352,551,557,564,244,329,587,429,335,532,409,275,469,302,389,361,1183,299,303,438,558,528,341,344,458,314,499,419,319,287,457,263,474,497,514,302,578,271,397,387,450,856,215,259,320,315,574,406,411,270,518,413,408,629,409,399,306,442,378,408,334,554,270,1184,461
2029,8,876,555,587,248,632,267,996,287,521,540,373,688,642,589,775,811,1071,385,462,642,431,386,598,434,224,311,349,253,400,785,1108,1271,421,364,415,520,426,644,475,441,1865,296,330,1753,737,457,366,492,1405,533,551,451,300,743,1064,1007,361,410,309,893,376,1341,370,874,668,300,1589,794,885,484,364,1013,579,1138,766,270,569,836,823,715,761,518,456,1931,427,641,1132,410,818,303,296,363,506,724,428,390,290,798,872,493,495,436,830,802,397,636,589,576,1915,460,1083,768
2029,9,1338,610,403,254,479,356,463,417,570,842,322,765,583,310,574,398,375,313,296,289,339,248,427,476,181,330,268,429,358,1052,640,398,430,710,1501,563,232,344,834,910,1096,283,331,566,1152,242,293,932,581,292,234,351,687,1227,301,408,200,2145,219,330,296,390,616,620,698,332,1070,459,590,983,495,238,187,1112,694,516,611,477,567,1370,624,303,405,2386,312,804,446,198,463,622,305,754,221,339,228,205,211,520,313,333,263,1808,218,432,211,567,535,543,863,263,560,404
2029,10,391,245,701,182,566,229,350,1290,261,1842,187,528,195,222,334,193,186,272,315,967,1139,234,539,316,300,198,469,216,177,639,494,245,184,427,870,1329,222,945,198,293,324,263,177,670,601,508,196,675,736,418,242,2210,262,228,393,369,192,653,243,912,989,346,666,212,914,338,237,482,258,351,580,192,262,393,771,259,555,1296,385,218,308,408,1154,308,705,677,228,996,262,323,487,189,314,750,177,302,176,1157,248,190,227,376,239,838,207,293,342,341,386,375,411,306
2029,11,580,326,767,197,333,323,441,838,775,1350,248,1910,489,208,1249,371,245,275,412,1708,242,219,660,316,193,241,442,311,254,579,637,382,516,242,295,995,184,341,209,386,255,369,537,786,436,1139,201,814,464,238,572,763,558,204,382,268,768,236,463,610,392,591,398,533,324,199,237,260,381,294,1188,2032,241,1644,466,363,272,388,216,471,192,707,792,428,768,504,213,1546,370,204,1271,220,303,269,284,559,470,462,185,371,351,409,197,329,341,1518,1363,1385,379,199,449,625
2029,12,234,1266,1907,1421,337,262,469,587,382,1500,829,908,189,316,322,285,266,323,216,1192,800,750,462,436,848,192,334,199,292,361,964,551,1284,198,257,551,233,386,576,330,321,1511,375,668,497,786,389,747,708,307,997,299,248,1084,483,423,219,348,649,397,596,1296,545,215,1049,413,276,696,984,446,938,1378,307,726,673,186,232,7359,1786,1217,446,399,14042,394,1707,1439,202,1193,331,200,1005,199,229,472,248,575,490,701,224,324,261,408,194,962,3953,2902,466,883,1677,246,277,3044
2030,1,778,1663,2358,446,2148,1104,640,876,985,784,3495,481,189,1097,664,265,405,1106,505,1638,558,1464,1298,422,217,336,359,273,202,394,499,584,1349,206,1267,946,3144,2130,355,606,889,1390,3324,349,808,427,201,722,1148,408,1123,686,1202,2268,355,875,288,1235,924,352,273,778,359,285,928,797,259,1103,276,541,603,8715,382,479,352,246,766,8672,1141,1148,919,653,10794,440,1059,567,244,356,288,357,1993,320,290,690,754,377,7442,1788,590,1649,598,618,345,377,878,3394,599,423,1081,412,253,860
2030,2,1215,989,26753,928,733,417,278,4085,1120,753,7381,686,469,624,1012,253,932,785,1210,1590,676,691,704,677,224,1224,309,201,214,600,603,1435,555,185,1352,604,1803,1282,765,1620,608,649,870,314,810,1301,397,652,828,1178,991,318,585,881,576,773,227,853,393,326,248,938,442,617,436,591,316,1012,331,233,837,8432,721,799,355,2067,555,4013,629,886,1498,321,7265,742,2850,1383,190,338,213,788,5484,565,1087,672,691,690,2147,1498,2126,2226,858,1451,420,331,1809,2319,465,538,5217,1949,601,1046
2030,3,1647,1522,6793,2469,645,413,262,5717,492,953,3821,483,194,273,296,196,659,1808,275,4560,313,701,1422,1592,389,402,222,343,259,748,338,420,469,666,1978,1727,1456,4822,271,397,1458,633,1880,269,3303,824,207,790,712,750,1327,272,822,1737,1000,916,300,893,572,380,241,926,2359,1601,787,292,202,771,233,213,913,3750,1070,1189,519,833,300,2788,778,733,699,1083,2956,910,2811,1214,566,308,589,671,1121,903,1835,620,497,500,2205,1362,1156,4899,1309,669,196,328,4618,6549,1384,404,14025,727,668,5034
2030,4,1942,1971,2369,1483,565,341,308,3391,815,455,1602,309,191,322,309,183,237,1069,368,2348,248,985,863,579,258,783,334,194,183,314,269,274,394,635,644,1160,5331,4826,232,283,941,502,984,221,1130,462,182,368,1074,379,831,239,394,1002,572,628,267,620,394,262,216,496,1591,412,499,326,196,413,241,304,1014,2349,861,1262,243,347,331,1850,574,519,500,331,2058,493,1937,1422,531,369,210,250,484,315,567,513,428,467,1134,539,600,5219,592,412,183,250,2909,4820,1021,270,3049,377,418,2415
2030,5,553,497,673,856,295,403,740,964,412,321,838,246,183,255,306,178,220,583,236,463,231,415,331,377,217,1036,196,203,250,228,220,335,247,400,304,713,1214,1100,215,290,335,324,393,205,459,422,177,258,485,296,327,206,271,380,343,293,222,340,242,331,196,326,522,269,288,379,480,265,199,206,497,1014,661,816,203,247,301,593,298,427,262,234,942,308,908,576,243,226,194,206,362,211,359,280,263,307,422,311,342,3034,352,255,185,204,1143,1184,341,214,1581,272,291,1219
2030,6,263,362,427,314,250,519,208,466,247,229,428,200,195,193,201,176,190,360,191,283,299,333,232,217,229,309,205,176,368,235,259,211,229,320,251,318,379,412,200,200,229,258,251,210,262,232,180,207,254,200,232,263,208,239,465,214,187,221,198,213,221,235,297,202,211,227,217,250,196,240,281,380,246,291,191,223,191,282,268,268,407,243,433,211,409,269,231,197,222,198,235,199,266,197,223,193,266,231,238,1201,227,257,182,253,409,531,267,280,530,209,234,438
2030,7,347,658,292,452,1150,312,418,290,478,413,255,344,523,220,347,556,279,401,764,362,433,339,367,288,232,720,325,312,599,266,248,327,282,496,485,463,428,355,812,251,267,269,370,401,304,279,267,234,1284,312,222,233,232,237,399,293,309,347,226,481,331,342,271,419,411,426,366,285,298,625,294,506,390,282,204,254,463,458,381,322,464,402,530,391,515,361,761,320,489,357,212,336,393,451,371,226,459,260,395,381,1299,342,374,521,349,287,406,406,463,343,319,585
2030,8,429,1259,310,407,1354,368,1359,310,797,370,677,418,779,458,386,656,299,449,664,357,729,420,444,968,441,1280,360,468,462,616,826,344,1104,830,949,370,451,425,542,822,509,567,423,956,671,289,439,292,1248,426,440,538,291,493,865,705,361,442,297,2508,385,300,222,347,844,303,949,744,303,675,447,755,394,417,364,337,534,363,725,297,287,376,411,281,1052,1101,1027,566,788,309,345,716,318,608,255,310,522,506,443,266,576,403,505,1758,7160,453,1269,450,848,356,519,393
2030,9,1161,419,197,310,614,283,802,280,613,616,586,615,602,200,1000,560,275,473,635,266,585,194,258,227,333,643,194,593,495,515,194,270,1955,419,939,196,241,526,1092,439,674,377,194,630,877,315,278,182,498,292,336,385,596,376,584,606,188,782,217,655,390,256,248,203,707,211,805,267,296,272,202,622,356,859,6285,724,247,1478,361,1924,292,350,658,269,461,646,568,585,232,1212,263,1001,370,706,580,516,880,381,393,216,249,245,227,377,1780,295,466,1117,1280,214,630,509
2030,10,405,274,216,562,374,222,598,1047,876,222,212,311,277,187,699,696,179,222,236,3819,423,335,870,209,246,840,330,181,346,653,184,338,319,206,494,279,197,1119,259,287,585,252,273,1142,239,338,170,184,1255,477,419,233,323,2125,245,336,237,684,623,337,343,282,192,510,755,281,695,185,238,392,280,654,384,265,2023,245,227,518,398,409,1471,286,255,206,315,337,457,1084,440,718,295,295,284,284,279,324,574,342,656,188,250,310,324,254,849,376,219,470,234,459,265,444
2030,11,1177,434,242,297,227,498,1442,2340,701,270,273,288,306,246,982,377,388,277,780,405,576,202,665,367,485,511,281,191,240,471,235,619,218,702,422,2089,303,734,793,447,211,318,225,412,438,3123,212,176,340,1162,771,228,352,756,320,312,264,625,189,858,298,286,244,727,232,596,320,1283,361,334,233,227,561,267,516,424,326,3123,482,1380,607,398,234,196,683,1037,1102,539,258,434,541,523,224,752,478,1608,347,1114,1084,365,390,373,213,233,502,186,551,865,258,365,427,687
2030,12,331,851,188,2913,224,419,1717,617,284,185,1520,526,503,288,442,208,2013,244,331,488,1368,178,1289,460,541,432,181,229,842,221,235,454,250,395,709,3695,409,1633,222,484,250,766,235,309,223,719,303,174,283,657,335,611,204,1274,720,362,334,764,707,1322,377,187,313,340,2054,210,974,241,338,285,697,212,486,1389,605,421,1505,438,613,2119,668,264,203,712,607,1115,587,389,373,757,385,944,415,251,619,1462,830,367,598,542,1452,278,292,224,309,5646,261,520,269,922,692,422
2031,1,313,1122,493,981,678,219,603,558,434,358,956,1540,264,675,3442,581,465,257,655,368,925,180,1525,769,228,4978,185,180,479,848,879,1172,406,492,643,2422,1918,2569,348,1255,248,314,252,1575,353,450,1158,217,345,983,550,346,301,532,1507,6101,306,4689,542,685,210,355,752,499,868,283,293,296,330,233,258,366,1277,1033,1236,6326,770,1882,392,1320,2531,562,433,1426,343,632,1301,299,637,374,846,1094,187,1304,282,1691,997,1466,950,290,542,622,557,202,324,2963,871,358,329,1651,4831,719
2031,2,752,698,379,753,691,456,527,2018,1425,238,663,547,765,1291,1384,864,346,366,297,288,2336,210,1524,415,234,1464,370,369,392,704,679,1654,814,2970,530,4427,643,2026,355,543,1937,906,1052,1372,598,645,460,174,247,2591,499,357,1124,792,1950,3438,444,2090,894,751,224,263,504,848,971,723,265,1844,1427,232,213,334,449,1208,1305,3807,1107,2046,356,1086,1133,1535,700,437,621,861,714,711,911,592,605,471,380,564,2631,6019,1732,1084,666,336,820,697,2152,440,267,2214,754,284,500,2165,1326,962
2031,3,911,1040,296,693,632,1455,611,3408,776,370,888,2593,797,763,1892,443,374,1590,580,278,592,240,2425,402,1155,4610,384,256,241,1570,292,686,375,5862,841,8317,8411,1599,228,448,401,1296,517,1742,308,613,1510,176,229,2259,435,346,1660,472,1658,6277,405,1256,536,843,295,204,1863,1452,864,1035,422,573,267,451,396,910,710,5352,820,1925,568,9377,256,797,1069,640,267,467,486,772,648,461,1619,719,1992,2057,1051,1895,1002,10063,923,1543,452,530,641,395,918,290,396,1170,648,392,425,1734,1173,1760
2031,4,434,630,210,643,385,311,328,2378,587,263,600,1028,316,391,1006,293,348,467,318,237,630,182,2213,306,727,8886,391,1315,214,885,228,414,284,1598,571,3722,3284,824,203,322,279,639,329,939,214,357,568,183,206,1626,277,302,1610,438,1076,3823,224,699,405,835,243,191,734,468,678,349,235,480,224,218,284,1213,1757,2117,457,820,499,9296,214,764,550,406,228,292,319,412,593,252,739,439,743,1011,937,1384,875,2882,576,3370,349,252,411,241,339,636,265,615,300,228,452,2569,1175,1440
2031,5,242,291,259,527,223,228,243,659,362,264,275,361,297,227,414,212,217,244,284,260,391,169,845,199,310,3438,186,231,195,535,198,295,205,561,371,1475,529,359,189,264,228,274,211,364,195,270,381,167,194,520,212,263,388,313,427,1139,202,483,291,415,221,178,337,280,342,232,212,335,228,225,235,956,388,560,293,453,313,1263,243,850,294,267,200,234,231,283,340,220,280,302,369,470,732,491,667,1348,331,974,274,193,319,206,305,210,210,299,215,203,487,862,497,489
2031,6,221,245,183,223,320,433,202,292,341,248,209,324,333,195,258,201,191,206,500,201,226,178,321,186,281,702,175,215,188,243,303,248,200,418,259,615,317,357,201,200,211,211,200,259,203,217,315,226,188,353,216,189,241,205,242,379,198,250,223,251,289,329,228,229,232,207,197,205,224,190,200,246,241,312,221,282,229,371,198,342,213,205,201,204,197,226,244,224,212,274,332,244,235,310,252,755,240,389,198,226,204,197,212,190,193,216,206,211,1000,338,249,293
2031,7,569,393,725,505,639,387,319,463,506,559,234,475,518,289,510,509,383,451,414,348,508,260,474,225,434,500,301,374,364,774,502,226,329,529,254,436,285,862,586,230,335,351,265,459,287,423,320,340,231,291,378,260,347,380,212,340,307,356,404,324,504,338,448,289,557,333,703,375,385,353,375,316,366,677,523,323,392,401,247,748,397,246,317,312,369,352,280,505,415,245,385,305,524,508,308,303,435,479,238,359,280,254,298,410,373,368,371,339,483,347,472,314
2031,8,551,373,690,271,2042,1122,724,699,640,441,286,413,707,471,362,375,378,588,379,336,484,801,576,374,395,556,278,702,653,1315,586,337,496,675,958,664,887,595,683,509,403,542,964,659,577,1743,324,789,1530,364,463,1235,423,337,326,670,282,417,471,817,893,330,439,252,629,463,1184,776,530,382,435,747,539,692,669,391,580,515,293,1051,348,411,305,349,1150,283,302,1589,541,639,499,336,733,1468,212,559,422,230,233,940,410,317,671,703,652,1003,1064,433,776,405,568,520
2031,9,315,343,334,221,419,477,2186,365,366,386,394,954,793,352,585,884,341,447,744,441,345,1316,319,189,798,285,205,1186,353,552,1137,1126,283,797,649,943,592,474,373,570,226,480,1199,950,264,232,319,269,1473,187,477,485,793,264,287,875,553,277,233,624,630,189,238,377,486,463,773,520,559,305,232,1678,262,302,970,197,285,478,186,411,904,643,598,371,591,221,459,3923,289,618,503,238,666,589,286,202,756,184,199,1156,289,388,491,478,414,779,202,1166,753,233,281,303
2031,10,192,205,242,186,453,351,948,353,243,189,289,292,321,206,763,705,711,305,524,1023,552,1400,766,175,470,197,510,540,180,216,372,431,580,260,462,540,397,838,827,254,211,263,1042,974,941,192,295,392,362,537,474,405,1164,179,178,528,190,835,1140,321,292,235,183,550,289,799,306,224,308,517,206,433,186,618,431,2453,250,612,3215,337,273,189,375,1870,345,336,662,1345,443,189,417,192,288,438,323,183,401,199,227,845,198,761,521,197,559,194,192,799,5759,188,630,182
2031,11,192,833,510,222,1557,1673,1122,337,3999,195,576,525,759,183,861,3835,364,551,1057,6667,207,1378,525,286,290,294,446,278,361,314,320,590,1726,242,714,332,638,953,3239,475,1086,308,1134,926,1772,496,315,985,879,395,1241,314,2583,523,196,635,1370,311,1533,1074,314,442,524,615,367,242,394,556,216,528,200,506,502,410,374,1852,421,271,895,939,381,359,304,296,338,236,648,845,455,204,243,253,485,1155,291,231,560,855,412,533,181,886,457,273,684,291,204,330,2761,379,268,180
2031,12,643,782,647,175,1185,412,2280,1177,1003,1036,209,1105,452,274,296,396,816,795,1076,2106,272,5409,275,176,504,201,551,1038,329,786,537,280,1236,393,389,3620,361,284,684,2559,218,811,1835,1247,442,324,687,401,592,638,1195,223,467,252,1098,893,578,977,1235,1313,219,286,513,869,195,635,3566,365,184,211,629,2410,217,1089,300,333,252,221,1073,307,396,1898,186,403,195,1175,470,1391,213,329,316,336,516,488,1442,622,10621,323,1133,414,264,874,739,797,903,407,180,360,373,290,1130,178
2032,1,487,696,1063,215,451,913,1067,476,1794,2595,260,757,606,252,499,1677,516,518,6625,1390,323,3945,269,173,281,292,464,763,1250,2671,305,268,510,428,350,2257,242,271,537,2073,822,262,5543,453,436,1595,739,762,441,337,1485,201,413,467,801,1619,712,1048,1419,1484,320,470,308,1516,257,475,2623,2912,194,202,443,2762,731,1328,1198,554,356,1115,1169,289,258,1206,277,471,327,1054,431,6911,773,319,644,6694,358,544,1037,898,4873,642,600,405,255,801,2784,2993,632,516,212,248,436,358,616,5362
2032,2,300,369,377,247,691,709,1462,1442,2989,2644,1529,1314,1482,842,481,3330,978,747,5240,2346,370,4075,1098,175,250,434,592,774,2640,2159,384,1024,582,1272,333,2157,767,802,432,6783,283,979,8303,2040,344,508,1257,792,393,275,2135,665,452,1100,444,3560,2432,1681,3141,2504,537,276,242,793,346,496,6730,3350,610,242,4722,3590,1003,1847,700,427,594,1428,1717,1388,507,2086,1878,1183,202,614,655,8588,285,575,906,1119,1045,1021,629,509,4554,894,833,2537,183,2072,1657,1181,567,717,407,225,454,333,436,8255
2032,3,237,1155,466,417,1426,1319,2158,504,8321,973,712,711,608,630,352,1953,543,653,5099,1463,307,10808,436,168,2151,248,476,4010,609,2011,312,533,404,1878,1052,1720,990,345,591,8734,945,1196,3005,2617,595,829,1469,760,264,1807,2344,2600,731,414,623,1912,4385,793,3742,18210,241,557,216,1428,331,247,5272,875,475,275,1501,2137,1553,807,380,334,1412,565,2411,525,277,1299,398,993,256,1625,1563,4368,1483,1316,667,1355,535,1091,1192,252,3450,525,831,1584,478,1114,2408,1043,546,391,2528,299,311,198,852,12392
2032,4,204,809,239,236,530,843,736,365,1942,651,352,526,458,580,331,760,334,520,2809,1024,208,8851,331,169,471,228,270,2595,417,1030,253,547,282,552,325,1137,539,274,377,4760,772,327,1247,2360,652,492,893,428,229,436,775,659,663,905,282,593,5282,433,2024,7457,249,299,212,550,279,220,996,680,214,316,778,1123,447,488,301,263,622,541,996,363,286,1208,270,408,189,687,2174,6346,334,315,265,824,563,609,1201,243,1859,469,425,687,543,490,3431,1634,364,235,2278,220,258,284,623,7142
2032,5,191,497,258,177,280,316,398,282,515,333,263,309,260,242,212,379,254,254,1202,622,205,802,230,213,259,185,215,642,256,413,213,959,232,311,226,474,285,261,292,793,229,239,529,710,248,411,530,251,229,334,345,410,346,311,222,396,4411,304,573,1290,207,230,185,297,202,197,471,354,202,205,644,595,279,292,235,289,253,263,357,242,191,629,220,265,217,329,588,660,263,295,219,375,394,270,371,236,627,233,298,509,208,322,762,899,342,207,503,224,608,601,301,2481
2032,6,331,228,214,259,223,235,244,205,287,227,205,244,209,368,190,242,198,300,435,313,281,376,245,190,202,207,222,347,215,240,185,741,240,433,214,297,268,193,202,445,294,298,298,419,215,219,303,232,187,216,256,237,219,205,226,253,1187,255,309,477,198,439,221,247,210,187,238,228,192,180,313,348,243,361,213,484,202,247,244,213,210,336,199,211,180,233,336,323,228,225,260,232,220,210,240,277,388,201,245,785,181,235,319,306,235,229,1412,191,238,282,311,470
2032,7,905,396,548,576,287,293,338,268,304,379,226,403,360,541,336,428,263,491,299,385,266,252,501,267,331,223,396,421,404,280,474,610,444,377,664,469,836,228,293,460,492,374,756,387,464,441,271,673,295,368,430,492,253,490,410,520,742,319,405,538,332,217,354,409,320,493,284,410,390,562,456,417,365,338,251,443,519,596,249,377,384,297,434,287,251,569,296,827,438,297,396,422,365,403,309,579,656,393,369,471,221,314,537,549,292,629,1313,403,299,453,306,346
2032,8,1117,502,862,641,421,311,429,423,335,351,253,304,900,418,349,389,577,441,979,499,822,349,947,339,548,188,334,542,698,652,408,891,797,1266,769,537,425,352,1164,833,646,904,394,246,1095,1208,322,1417,523,602,800,825,330,2070,1076,2410,961,394,528,515,1544,325,458,308,575,260,801,1034,1143,1643,711,687,700,748,302,701,1438,454,255,699,443,401,444,631,847,397,522,616,391,553,958,420,484,332,2012,404,668,856,625,1490,281,488,1258,611,760,522,1007,545,260,1163,420,509
2032,9,624,240,1532,898,213,195,244,445,567,313,391,222,288,238,203,347,408,494,500,381,581,687,582,160,244,186,180,693,191,384,189,1190,1072,713,296,1628,306,408,448,646,252,2717,490,218,863,2018,400,1018,926,310,598,318,180,880,519,450,375,273,421,351,227,426,273,208,697,292,574,659,809,558,326,1598,1180,1029,240,190,439,223,743,268,522,916,286,3202,491,319,377,316,988,182,537,352,389,615,433,915,611,575,1902,644,211,264,862,386,793,504,496,404,628,256,295,534
2032,10,939,248,436,9889,496,850,186,445,635,490,395,206,229,205,271,1600,233,375,299,188,782,429,479,158,181,231,202,401,192,488,258,280,197,222,192,666,678,234,303,704,426,1162,433,619,1178,686,216,483,940,190,354,560,322,629,718,250,332,265,323,2637,269,181,192,179,1990,228,559,684,229,425,260,290,317,302,242,244,199,250,551,191,3473,2034,181,895,556,662,302,370,198,179,783,1089,799,323,363,520,641,373,367,219,600,179,890,328,508,304,303,283,233,261,403,549
2032,11,533,860,254,766,194,561,177,398,426,1803,188,468,278,310,272,829,648,438,426,217,271,716,934,407,184,453,405,318,402,219,194,935,248,208,262,456,629,1245,649,548,512,959,303,229,519,1471,178,1058,685,781,313,1485,352,541,953,394,314,231,699,1046,918,334,196,917,431,302,642,539,923,427,608,503,2556,612,331,200,341,304,327,396,697,337,180,479,258,199,427,744,475,177,1052,3337,353,1744,197,336,805,230,207,1122,515,265,488,415,496,190,366,645,332,230,801,1860
2032,12,1517,348,309,738,518,374,421,304,261,2297,223,2153,326,190,430,346,403,1590,248,1017,247,224,2391,240,194,371,269,195,180,482,218,639,499,421,1392,572,533,335,11110,1259,1461,3196,1052,2277,441,1238,212,323,8912,650,1066,674,212,314,612,285,209,198,1248,839,887,382,173,1075,1409,252,654,629,721,446,274,782,1431,1126,241,183,569,1060,825,548,585,898,176,347,350,969,947,851,269,711,268,1933,277,436,254,4325,967,538,207,344,424,1197,492,711,276,319,736,232,3153,669,384,1309
2033,1,1546,1350,619,17964,362,402,969,242,6072,2259,181,808,603,180,1125,677,1108,1390,196,1188,271,320,1865,619,1176,1201,838,948,1791,523,181,477,686,5801,2054,876,384,1177,5625,434,997,2571,1444,1749,891,2031,187,673,3707,1515,472,961,639,419,754,1054,711,938,919,1083,624,653,173,369,1982,439,582,327,1004,261,2277,606,1134,1633,205,1456,333,1220,2584,267,517,496,1192,763,276,642,766,3041,614,693,266,2282,241,331,892,2961,1256,236,352,514,257,528,349,1314,2126,282,566,1191,4164,331,337,1304
2033,2,987,457,1290,6922,366,285,347,343,1235,2181,541,1407,1218,182,2912,1910,469,685,446,819,1107,583,2154,1039,545,1408,648,2147,647,267,275,584,1968,6106,610,1737,344,791,5033,677,569,2835,638,1357,977,5269,222,1322,5279,837,1301,910,531,312,1571,1162,1091,285,853,1679,839,264,242,409,723,478,429,549,3876,524,910,842,1557,1674,176,1152,351,616,1806,427,1914,397,906,1433,212,1317,2390,3093,565,1318,573,6854,770,401,530,3116,1570,214,527,514,322,834,444,896,1041,663,1066,1183,11450,1728,251,2675
2033,3,835,463,1714,2815,515,409,257,410,2795,5404,876,648,1162,174,2340,1191,277,672,1639,450,1291,2767,2206,430,502,335,364,733,751,2583,238,1343,1792,4157,2461,1545,525,1104,3660,957,499,1655,1460,4192,545,6986,1258,618,6267,630,772,1547,221,482,912,1884,2277,1091,3377,966,379,320,1060,658,11805,1900,495,1981,3363,577,2287,467,1977,1812,174,1191,778,2558,1326,247,4779,337,666,932,304,1385,987,6586,233,1023,783,3442,346,262,429,8344,726,213,1453,396,604,603,467,687,607,292,716,1607,5874,651,712,9735
2033,4,643,270,702,1165,246,274,293,424,1777,1527,343,513,1410,172,605,569,266,415,1149,587,452,669,555,617,344,352,269,610,392,575,175,579,1026,1059,1124,1275,256,438,1911,600,381,1169,806,2983,401,2463,1721,402,3053,432,407,1122,682,447,464,2208,1777,500,1382,656,298,208,210,1411,4496,460,249,1358,1984,263,1099,308,1581,2231,174,455,345,6177,584,203,1367,259,1047,586,204,501,450,3706,291,463,344,1373,216,223,333,2483,452,196,342,244,340,673,363,1437,367,313,454,491,1653,524,906,2904
2033,5,366,220,337,536,1559,215,201,239,727,548,213,356,385,213,302,304,242,258,323,272,260,323,354,267,211,238,202,292,255,658,233,300,392,497,448,622,211,291,1391,320,259,507,330,743,281,884,291,242,1005,299,673,388,285,222,285,621,966,258,448,368,235,209,224,555,1304,290,210,568,502,219,337,283,4489,1080,170,333,214,682,350,191,390,210,473,291,192,288,310,869,197,263,235,534,205,304,221,611,337,185,250,210,204,326,403,1214,288,561,653,427,949,267,262,645
2033,6,241,368,224,263,296,214,239,195,273,408,185,302,926,202,237,232,240,455,224,240,207,238,253,216,202,233,405,214,233,262,192,432,245,333,281,282,191,250,403,220,218,274,303,393,220,466,262,200,601,254,594,248,212,190,230,300,333,223,263,249,202,179,199,249,578,302,230,232,291,204,351,204,748,333,171,248,206,293,234,204,259,189,249,252,257,222,325,362,185,202,223,317,187,202,196,302,261,185,248,222,188,460,260,332,203,306,377,242,381,206,211,497
2033,7,299,547,558,264,1378,316,289,322,533,292,292,299,553,315,465,467,342,349,462,580,206,331,299,463,377,345,571,552,970,743,262,507,336,280,653,556,254,497,359,300,401,437,482,565,348,451,340,323,1097,413,377,301,414,431,330,374,366,422,444,399,308,277,218,294,551,206,402,512,794,285,641,397,548,764,307,320,434,361,256,306,301,380,349,494,282,299,483,321,205,287,281,711,377,381,331,416,311,299,246,577,360,343,250,343,317,389,553,518,286,431,316,804
2033,8,334,740,1085,791,644,1132,232,293,668,511,329,576,828,321,704,756,805,1627,810,591,654,332,353,657,345,657,820,614,1028,993,543,1071,474,642,876,1856,417,588,533,247,584,558,942,827,1275,601,498,375,800,548,405,277,995,845,822,611,993,2711,571,1004,421,343,218,573,379,243,2833,495,1105,692,1194,379,634,995,548,524,505,318,778,327,379,597,617,1794,284,591,873,844,537,560,329,746,938,367,428,492,1677,548,537,1037,442,466,386,930,353,584,723,1479,805,666,566,631
2033,9,362,560,317,629,888,515,177,266,379,323,312,680,406,272,495,536,324,301,399,517,621,278,420,705,323,664,706,259,364,1165,657,493,411,535,560,255,445,223,640,220,366,384,492,395,367,259,330,187,742,216,199,203,837,2588,263,867,582,1962,527,715,434,195,224,298,226,463,367,258,519,330,818,673,1610,355,248,1002,909,929,553,392,266,912,399,1080,247,337,228,767,267,269,231,866,920,306,305,394,319,311,366,325,431,839,217,613,412,212,661,264,802,559,264,698
2033,10,205,1524,530,527,1932,617,175,674,1174,192,498,301,374,163,403,199,417,204,897,297,543,409,885,5570,247,187,995,261,197,262,194,389,1202,236,553,286,323,202,347,214,292,530,229,459,220,193,182,316,2802,377,180,301,601,302,287,667,225,258,235,584,368,930,287,238,183,967,542,189,237,412,197,208,366,6401,275,210,503,9215,238,403,196,431,519,1265,2483,462,294,465,715,1025,196,647,612,1233,416,346,2213,986,424,204,179,346,342,915,394,1289,3475,307,1265,370,694,286
2033,11,177,257,213,1649,962,520,235,275,759,184,1163,1108,1273,288,219,361,743,223,490,999,602,2047,859,3419,223,768,530,558,319,397,743,949,358,194,3491,263,278,259,239,193,391,545,208,1241,1004,182,202,301,1050,297,177,179,814,819,307,817,841,289,218,854,608,770,334,287,899,355,302,374,287,234,502,474,2507,567,657,365,241,318,227,447,451,509,290,6553,2061,340,490,398,238,832,256,210,395,494,642,742,1703,1163,218,855,336,358,643,826,193,716,428,274,850,2035,308,763
2033,12,209,820,205,803,1301,276,179,1850,462,186,466,1897,640,215,214,1046,916,387,725,685,432,960,1046,7173,390,2840,714,644,252,200,1172,832,222,264,814,383,1526,200,303,276,2664,647,185,2964,428,1515,215,187,2411,815,197,273,4584,283,1555,391,231,1683,213,1499,352,847,612,213,451,1207,455,275,1466,844,751,559,3285,638,376,200,2232,290,1576,230,539,533,971,1588,463,532,1853,1457,218,524,359,850,249,271,298,730,1743,598,832,480,182,2972,425,639,1266,459,999,399,715,803,258,3643
2034,1,206,522,751,3106,955,280,316,980,5998,727,935,569,1293,737,190,1368,369,221,962,1534,674,380,942,5302,905,953,478,4187,726,284,757,363,230,889,1109,781,632,1418,511,222,369,449,603,2496,1145,714,840,3289,3305,580,1885,2155,653,534,2807,281,4669,612,220,430,772,1123,1113,246,920,3169,1147,198,556,7864,2509,332,5301,1274,1677,249,687,898,685,517,329,383,1048,4161,2706,358,420,10233,193,294,278,504,224,4963,736,822,7148,966,233,1400,1418,1790,823,560,2034,1466,1261,199,1897,712,10646,3760
2034,2,438,806,338,3217,1136,750,171,726,6555,740,1652,554,2548,416,838,1408,567,277,2300,1757,420,635,4564,8134,2326,562,970,3386,246,2150,1597,418,396,565,3755,489,582,2539,1192,556,1354,793,1559,2362,709,1076,3086,1168,8013,756,539,467,682,2118,2016,695,2990,521,1646,564,616,1689,593,179,431,7455,467,520,851,3134,4920,299,8731,1416,857,332,1043,1348,1489,638,1081,300,1880,3553,1144,866,361,6494,233,561,593,1314,311,16757,1071,745,7774,6792,325,501,601,3230,906,1434,1834,2446,896,232,2533,10585,4453,20490
2034,3,708,315,233,6103,1057,1069,170,474,4424,243,1494,467,1406,392,239,960,573,209,1565,4176,724,657,10831,7322,2113,472,551,2702,214,5486,1459,384,213,266,8939,1039,396,3339,668,1823,3331,509,478,1166,888,6504,1912,3372,4400,519,6250,329,443,649,1364,418,3866,893,654,584,380,899,1708,180,1635,3444,562,468,390,2131,15253,355,6760,1610,3610,357,2763,1199,2158,816,603,446,3857,14527,563,493,305,2403,407,471,235,883,493,12725,770,660,15529,10047,516,1681,1225,2704,429,847,2477,2122,1393,269,7676,8670,4072,11081
2034,4,232,246,203,3438,493,444,168,338,4224,215,996,404,1234,278,232,1077,279,224,539,1552,469,596,4200,3196,1066,360,375,946,209,1966,575,238,661,491,3978,626,328,1075,303,567,2558,401,292,655,670,1526,1360,1473,2996,386,1181,248,345,441,546,242,1419,626,269,1106,273,501,672,200,638,1168,449,343,283,1003,4154,451,1867,899,3139,243,1611,562,809,451,436,239,7609,6007,351,330,301,700,203,320,196,534,291,3484,514,367,6700,6271,211,1202,467,1847,304,523,1321,1029,856,193,5145,3956,1457,12003
2034,5,227,296,216,700,300,243,166,250,1189,193,417,248,427,403,190,312,216,238,321,635,371,390,1512,1462,476,245,240,466,187,650,294,246,211,232,466,454,236,707,242,247,920,237,331,471,284,484,394,439,1361,322,414,269,250,679,521,241,653,374,211,438,215,307,303,184,344,474,260,200,245,389,2261,246,665,426,1260,231,451,278,364,272,262,203,2379,1321,287,319,252,419,180,219,269,282,195,952,278,249,1638,2518,194,421,266,651,288,296,451,428,393,183,1262,945,632,2624
2034,6,182,189,195,350,269,206,225,340,313,193,333,198,282,204,193,321,193,185,237,281,220,233,838,661,607,284,202,258,182,388,225,198,219,249,407,213,234,306,249,213,476,245,191,244,216,302,390,302,541,264,261,224,223,283,259,238,356,224,223,264,207,234,230,195,233,299,205,190,204,230,617,209,382,305,343,194,258,233,249,357,193,201,874,426,241,222,197,316,234,190,181,209,201,301,320,221,453,775,185,261,213,317,245,215,243,318,420,244,338,500,304,1062
2034,7,302,745,456,307,305,314,364,348,740,283,591,302,2635,519,442,563,352,303,356,556,397,338,908,1365,492,367,282,516,576,360,502,415,858,456,742,355,281,374,355,460,498,300,262,358,225,517,610,502,673,403,471,348,450,434,400,357,322,400,266,287,495,371,591,406,346,359,478,284,309,366,401,379,491,784,519,640,365,353,486,383,257,556,689,281,308,455,288,364,389,291,330,305,344,311,267,411,405,750,471,371,275,729,557,564,418,709,314,418,330,485,427,501
2034,8,1525,708,749,370,797,456,339,1156,761,481,579,2030,1837,1085,356,485,487,301,311,368,274,426,783,1375,315,833,549,334,596,329,496,983,2132,1510,556,334,714,525,482,1526,517,456,298,953,316,955,1058,791,519,346,905,986,924,723,704,435,567,2881,322,602,333,288,487,482,371,451,335,609,457,1261,432,1352,603,771,440,481,335,331,477,1856,372,887,608,414,273,650,752,1249,621,599,819,492,342,463,695,546,413,810,666,749,421,1403,617,1872,655,904,497,455,380,509,337,590
2034,9,385,1806,552,344,423,345,207,366,277,304,670,460,407,653,259,390,488,281,203,321,388,695,556,637,203,430,429,285,324,232,443,694,471,613,523,479,267,240,340,418,959,193,492,350,322,304,585,353,366,210,557,268,435,2308,672,209,1090,1465,233,587,251,234,273,360,212,257,883,363,343,1126,435,260,722,1119,3785,190,207,206,1333,1103,202,271,352,327,272,514,1012,244,599,716,423,457,185,700,1494,412,336,315,366,370,238,547,251,377,528,766,794,605,415,288,342,662
2034,10,1205,942,346,375,268,270,175,205,308,368,1024,2975,1687,520,477,1416,854,970,255,1117,397,304,626,410,182,890,214,427,302,505,268,246,199,389,241,425,430,422,241,206,494,359,448,487,219,1425,507,210,2016,204,470,224,200,613,886,180,244,473,179,187,579,227,577,475,187,255,722,195,384,10364,439,3561,1627,232,254,184,498,295,1758,509,206,704,769,411,369,333,966,268,195,851,185,326,300,1730,511,376,661,339,335,301,289,349,185,510,196,302,275,246,189,185,262,537
2034,11,1203,356,363,1048,185,303,201,204,407,354,502,285,489,705,887,302,478,608,307,539,448,2265,623,322,535,366,266,266,273,2171,183,333,889,590,343,405,356,537,296,193,372,283,935,342,207,1308,2116,613,862,345,238,181,209,1240,211,333,720,608,176,431,214,299,346,414,192,375,2049,295,382,1411,783,340,672,659,386,186,223,328,304,226,281,412,681,768,692,598,388,969,334,299,256,202,848,575,333,538,666,474,2134,2086,462,245,584,329,242,275,208,541,333,181,278,215
2034,12,457,292,8941,1599,490,298,3738,3051,333,525,581,341,472,546,907,294,550,502,365,1584,478,405,375,814,198,291,249,1406,286,319,275,189,543,1184,258,2798,1986,641,224,213,877,233,730,921,372,1086,1271,940,438,2749,1726,238,188,1245,288,419,1311,877,174,278,248,197,247,951,196,891,363,193,1317,3708,950,580,295,1475,1038,461,405,1636,3022,406,1051,453,2475,620,574,338,469,408,302,220,1953,4147,2310,290,2386,675,756,241,932,1131,1422,295,197,2464,1959,204,298,390,2911,417,1747,463
2035,1,803,807,7028,760,1067,2984,1236,1324,1559,316,591,697,1214,867,1454,267,425,1330,777,2199,1020,573,291,816,676,439,1686,589,1483,377,1490,212,284,426,250,1047,850,1200,508,402,942,454,762,6225,342,1723,2566,2020,2034,1169,1789,943,479,1188,490,446,2528,1240,179,718,597,1587,392,363,212,5194,521,258,491,11956,3831,1092,398,1085,1051,484,383,401,851,520,482,733,2674,1077,2318,836,251,510,213,1251,4991,1518,1396,875,1716,964,683,420,849,865,859,224,308,665,2193,302,253,669,1911,754,546,249
2035,2,861,538,2998,496,1316,606,328,1081,990,245,1529,1442,1311,1189,796,417,353,803,336,2005,511,2428,817,490,219,639,1880,1018,882,315,1099,425,249,379,279,1230,1423,1042,252,377,980,221,668,7601,2219,1501,1700,744,3844,1177,2228,838,1278,1087,572,235,4354,1322,690,1805,4017,829,372,944,214,3255,416,383,447,8111,4155,419,308,646,1128,455,506,374,1402,260,2481,392,2839,555,1775,890,637,408,221,407,893,2134,433,875,2403,1282,2614,325,660,1627,1525,440,1593,1063,2854,232,826,1064,1907,789,560,455
2035,3,952,925,5452,907,698,464,420,1924,2395,241,873,1192,3719,746,1277,1026,959,449,481,6553,912,2143,1128,341,1325,326,799,1099,1045,669,848,448,232,302,195,6616,1167,3741,367,907,1349,243,3008,6470,569,786,3259,884,1879,612,2300,361,346,878,377,385,2821,2739,264,830,6297,1152,1182,568,173,2012,455,1370,280,3093,1379,720,462,4193,1577,934,1328,1278,3538,246,717,612,3574,656,3500,1221,1234,622,342,300,1289,6242,464,2341,13506,1612,2013,257,586,4663,760,220,893,4709,7251,267,3151,729,1765,617,1322,351
2035,4,455,415,2801,558,371,509,294,1471,1833,220,591,808,2874,444,530,285,380,359,225,1480,490,2030,408,275,540,528,388,509,530,273,854,387,265,250,188,6761,1307,1056,396,344,561,219,934,3163,326,417,920,422,562,386,906,426,224,406,234,283,796,1828,185,511,4007,392,437,301,260,1731,280,537,243,1038,512,649,588,1577,3433,512,364,843,1583,227,525,291,1809,654,1396,484,371,842,323,304,929,5596,292,732,7992,747,1314,212,656,2203,436,217,306,2125,2653,574,1068,310,902,491,505,222
2035,5,308,253,1569,282,284,389,227,418,474,208,317,366,502,376,298,261,234,277,196,554,293,384,337,220,273,504,238,285,304,277,515,219,213,212,217,3125,539,734,205,204,293,184,365,830,236,320,408,301,316,260,462,220,201,274,201,188,414,547,292,329,1395,274,224,228,199,638,222,248,215,455,392,276,256,926,790,221,256,325,579,197,280,218,761,302,541,281,254,271,1170,231,391,1084,550,363,2255,373,840,199,506,903,305,199,344,584,574,207,360,665,411,229,324,196
2035,6,278,419,403,309,226,239,249,296,256,179,261,229,294,272,238,223,204,366,193,284,207,297,244,200,238,356,213,242,246,318,241,270,186,193,180,532,292,282,247,230,251,192,246,343,206,222,310,223,234,286,285,201,234,248,189,183,243,366,189,235,445,237,347,217,172,321,260,193,216,280,340,212,268,424,282,269,200,218,310,189,247,208,478,273,445,214,301,208,600,204,257,415,252,232,803,250,341,243,269,421,232,224,233,314,390,208,250,306,244,205,272,194
2035,7,249,586,512,420,356,383,315,474,677,267,258,291,555,422,469,466,319,383,476,455,204,454,680,391,290,513,407,398,356,505,409,459,217,395,337,468,476,255,385,340,368,454,387,380,245,391,371,299,298,315,530,522,357,478,399,446,366,461,367,613,522,242,442,585,508,313,920,416,374,547,602,302,578,705,585,704,301,414,423,315,352,345,246,366,407,775,355,294,746,576,395,377,393,430,524,352,359,267,721,478,332,386,516,297,435,324,514,394,446,449,262,421
2035,8,706,327,1130,910,471,475,881,1200,297,236,1081,441,808,411,1001,1053,301,498,405,630,303,330,570,558,381,563,1012,278,956,501,623,976,667,512,601,864,573,321,335,285,515,558,457,344,325,458,614,476,1130,460,578,714,457,980,264,488,573,548,549,549,433,422,263,835,537,381,949,883,1258,916,574,1730,295,548,963,652,480,700,533,354,641,866,585,798,640,763,463,368,749,1157,742,703,331,373,465,407,930,698,297,499,476,468,537,731,375,348,609,566,598,1066,410,426
2035,9,363,1635,634,592,186,599,255,742,266,216,833,338,386,266,1084,597,752,312,398,370,446,190,379,382,226,527,717,315,362,350,270,682,412,834,692,267,471,189,828,830,490,659,513,367,562,294,2861,341,448,626,291,313,260,391,296,329,607,371,282,917,590,249,192,1076,307,210,278,397,600,1026,1204,267,393,255,926,744,287,1297,397,709,485,370,562,298,452,1486,351,488,772,922,590,401,209,659,214,416,1583,704,389,264,298,303,376,477,692,320,339,209,286,654,380,442
2035,10,448,1564,444,379,272,511,619,268,742,653,519,349,826,534,1148,276,445,242,299,893,852,503,818,182,315,452,383,198,204,755,346,199,333,372,1225,219,507,365,220,236,1383,353,466,260,268,281,302,196,2182,5931,434,276,382,569,531,189,318,620,762,5012,1093,181,180,333,359,310,621,476,500,621,439,237,657,235,1951,418,186,214,905,311,584,215,219,314,338,584,356,403,282,227,860,1877,653,193,216,215,646,504,695,472,248,208,193,559,436,173,574,299,183,197,456,6160
2035,11,264,1373,358,466,668,411,475,793,2794,487,324,825,600,883,440,251,414,329,584,466,678,192,413,420,742,312,429,198,256,271,194,461,333,1178,2207,187,211,225,182,1237,351,260,569,304,208,383,245,423,391,593,599,347,777,557,260,339,606,747,639,649,2846,176,377,344,491,418,1018,255,228,440,414,454,408,200,554,482,235,843,298,715,688,708,302,233,227,1046,836,398,413,441,1372,389,860,445,249,179,465,2285,268,324,321,204,556,574,825,220,235,253,185,195,648,622
2035,12,256,1164,211,519,776,271,458,385,466,274,988,1255,470,247,370,196,445,720,2276,689,4097,1135,282,443,371,367,3926,302,212,473,953,190,755,1555,527,192,783,292,185,364,343,1084,544,260,425,1328,417,404,303,409,427,225,307,566,278,1024,290,315,1000,781,2440,181,199,393,2440,5076,1023,195,225,348,764,6572,271,1312,1015,366,3332,629,694,1795,1229,217,567,345,183,1218,417,895,521,921,1177,1122,374,1621,199,455,1071,396,284,412,689,894,195,2314,587,264,243,196,658,1790,339,6110
2036,1,193,3938,825,1342,1252,1744,2519,2012,598,1246,318,3399,1219,380,520,1007,376,1890,2009,1219,3435,1239,296,708,1091,245,3167,869,2046,359,2247,285,446,477,465,222,9426,265,506,348,1079,415,419,397,522,1223,219,210,350,1106,3343,1156,322,1420,500,3078,3280,413,426,1699,2203,174,1263,293,1783,941,1813,546,496,1236,696,3620,388,534,11786,502,1227,892,3001,545,1782,746,322,1560,707,628,376,3415,665,1455,575,659,752,1006,836,461,1871,712,1342,249,2121,594,510,1710,383,1022,203,597,1199,640,522,6253
2036,2,228,4189,323,374,740,748,816,1072,792,791,284,6926,946,554,1470,655,590,1621,1003,659,7358,765,392,651,415,309,4810,1283,1500,226,453,210,273,1122,684,186,4668,652,792,551,1075,993,495,818,531,804,782,534,328,543,3564,1107,260,5017,1139,4846,1991,273,392,3226,3029,182,418,694,1638,919,799,1011,435,901,609,1234,1162,481,15548,357,2251,375,13700,446,5633,419,627,772,821,635,352,10674,1234,659,893,1282,888,2429,423,1021,1410,2680,991,838,6278,1049,1163,1539,1204,1083,490,2189,1377,1794,430,5212
2036,3,294,6414,833,451,449,458,489,1204,1531,655,262,2339,1995,336,438,884,1603,975,612,1040,2167,815,778,2551,558,968,8022,849,699,609,368,315,1149,517,1697,313,3767,211,702,930,486,604,651,532,289,971,1452,744,967,1204,4251,1379,700,2773,446,5544,2616,647,828,6446,2454,169,1271,299,1187,927,616,712,475,1169,948,1133,1426,889,10412,312,3330,311,6444,772,14360,316,246,532,387,2230,424,5817,1831,519,1708,741,3093,3449,241,513,4628,2051,822,339,2098,642,327,3863,854,416,357,822,487,2133,1528,10903
2036,4,188,2299,287,256,368,400,321,675,556,295,225,1293,983,446,672,286,468,653,402,498,1180,874,245,592,336,631,5002,439,535,1007,282,287,623,404,1035,291,3178,200,479,370,330,508,275,408,371,517,635,241,355,589,2010,633,263,1169,266,1647,1262,317,314,6425,929,169,566,328,652,1599,341,474,352,509,768,2640,550,324,4315,253,768,248,3036,439,10242,226,235,314,305,958,225,1341,992,521,1744,553,940,3029,213,496,3083,2437,437,311,727,389,233,1201,336,281,323,983,419,782,533,6014
2036,5,181,768,211,273,291,298,250,388,343,289,197,625,649,381,303,224,329,344,285,419,488,908,211,288,290,307,1501,323,280,277,262,355,271,310,314,177,559,303,221,242,293,266,269,280,253,290,294,198,270,579,491,451,198,394,584,634,627,220,271,1323,438,168,314,198,407,727,326,225,217,280,290,754,282,229,2227,203,561,223,883,271,1513,199,206,228,201,404,203,496,441,273,691,309,364,721,189,267,449,645,270,210,463,238,207,446,284,327,218,277,772,362,292,824
2036,6,177,398,270,301,209,206,270,290,229,219,186,284,274,427,282,204,217,232,288,244,354,328,224,218,282,207,651,228,242,217,225,221,201,222,258,175,295,187,192,198,671,220,192,265,246,214,239,199,384,462,292,236,185,289,253,357,255,190,209,320,432,186,217,193,249,360,206,194,186,217,244,294,213,200,657,226,278,192,480,265,509,193,196,196,193,265,203,260,390,211,374,221,246,282,352,320,273,388,301,200,288,222,187,275,208,213,193,208,247,261,219,365
2036,7,369,431,375,444,250,235,266,353,364,377,477,336,503,246,398,340,320,380,429,448,479,263,370,234,271,343,620,352,358,1232,297,465,286,381,395,387,312,357,431,360,834,250,353,349,548,212,507,481,557,318,342,375,217,449,369,456,336,352,313,343,337,344,418,433,308,436,407,576,338,292,390,342,379,381,793,269,339,227,449,320,488,338,292,507,287,380,211,399,394,430,714,317,465,393,286,479,499,434,1000,293,504,250,1386,492,415,276,297,305,390,328,287,342
2036,8,468,322,478,779,337,659,425,616,431,551,1018,358,654,270,726,280,647,650,2090,570,246,287,1554,793,245,770,911,429,1180,905,788,704,732,753,1094,405,522,289,545,966,492,295,512,276,601,321,596,420,520,509,1476,658,398,652,369,1128,662,366,289,298,1572,929,423,349,570,928,1120,778,969,1270,422,303,742,595,890,1713,350,450,1313,280,455,501,376,375,476,472,677,680,685,1332,745,327,1496,329,409,348,1194,361,2505,301,1069,672,1094,939,2602,1050,1050,372,603,277,403,620
2036,9,658,271,517,547,187,667,243,1028,234,255,655,518,1412,209,505,363,588,298,318,621,291,411,1243,290,278,573,524,294,228,431,482,185,739,588,552,204,1012,298,535,549,1220,1341,2161,543,1898,239,191,223,373,275,628,319,361,556,283,496,725,556,241,222,231,875,273,1343,579,306,3007,546,926,689,312,232,3216,975,1885,552,964,452,767,307,707,576,362,333,798,499,453,850,527,301,731,333,1465,187,202,592,416,337,1209,185,1103,382,364,871,638,764,412,598,700,226,217,617
2036,10,2319,262,703,228,319,4553,367,353,632,179,627,244,505,252,429,238,243,688,445,549,199,809,234,1390,403,281,230,341,360,386,352,209,331,271,286,331,237,239,273,467,724,962,681,903,686,297,264,253,251,374,738,297,200,921,452,456,550,345,1504,792,192,379,360,279,717,263,254,602,774,817,637,589,268,508,323,456,373,229,286,202,382,637,188,455,192,344,324,665,661,1052,554,443,780,708,224,1092,277,869,371,210,444,232,235,1021,251,695,469,293,265,210,463,634
2036,11,308,179,510,871,195,2761,193,527,222,225,241,970,631,183,387,660,323,236,855,315,210,594,2085,325,475,386,194,193,423,890,210,183,350,232,656,511,559,531,198,460,1241,270,233,772,1374,278,667,262,807,467,500,530,177,980,464,1333,2639,610,855,628,224,197,253,568,222,290,231,788,342,599,309,569,1734,318,870,1223,585,575,333,266,206,736,216,257,449,527,585,551,735,545,759,425,2357,3125,247,914,473,602,279,509,266,209,650,248,418,403,590,455,281,624,179,425
2036,12,391,634,470,1850,259,1641,291,212,213,390,228,2650,314,173,452,240,259,468,424,334,200,244,480,367,327,383,221,321,201,581,507,234,356,910,771,338,1096,258,188,231,3923,3337,1382,620,584,998,968,201,561,3090,892,2646,256,359,259,696,380,249,588,226,2734,196,674,439,775,201,410,618,331,530,205,1476,803,212,289,1623,294,1493,1210,265,231,2075,1280,276,860,681,340,268,1910,250,477,657,1381,1372,1008,288,251,289,375,785,307,3094,1503,544,1978,466,440,376,567,226,2407,579
2037,1,690,284,597,1425,841,3816,836,840,1165,206,246,1706,1293,176,431,693,194,1282,986,312,713,1045,576,2589,6109,263,824,775,194,776,1545,8164,336,452,484,275,369,213,304,905,2122,1003,5388,776,442,365,274,3448,318,930,946,1487,567,315,402,381,353,269,310,1050,1001,1158,372,1221,1734,712,422,1358,965,439,233,4928,7686,591,863,2941,282,2709,522,187,205,2008,489,345,384,661,921,626,575,316,330,749,1615,1643,480,286,1175,907,315,341,1832,1601,686,3241,2736,1923,1305,757,1096,231,882,890
2037,2,532,747,734,3662,441,3246,820,1115,674,744,1043,5317,2961,200,275,278,214,1058,341,1023,283,306,809,1181,1386,1759,307,329,945,687,4489,1520,629,384,1214,254,831,1096,358,2308,1666,1586,3355,664,629,314,235,1149,1026,956,583,2396,865,639,418,791,1489,493,389,326,790,1087,269,783,1714,716,669,676,945,615,3491,619,11894,515,1530,4907,621,1754,897,332,636,2077,253,233,303,813,607,722,568,1570,499,851,4892,3195,390,334,1748,1565,388,391,832,9234,592,780,2345,793,1048,719,617,192,450,860
2037,3,1213,900,957,6683,525,4604,603,874,281,497,643,5175,1922,399,241,248,1398,687,482,745,224,549,502,1927,1865,1052,269,597,1674,436,910,906,1276,240,660,484,403,270,391,1345,5718,2344,1644,1160,491,256,692,1902,2817,815,1145,2302,387,365,1903,662,2080,1656,304,1802,660,1376,227,364,3706,700,325,724,466,438,651,1781,17040,567,802,2156,1163,2016,556,1947,1501,1047,256,367,280,539,649,588,380,1114,351,2342,4019,3269,287,644,531,1005,586,278,948,4478,1446,569,1695,495,3160,565,453,207,759,1057
2037,4,481,254,383,2206,420,1288,270,376,236,240,519,2816,1968,236,202,285,311,365,302,372,330,253,345,1200,1024,793,208,252,470,854,450,505,661,290,455,219,340,275,196,404,2393,4537,551,556,324,212,229,1407,1707,511,543,738,235,254,517,528,501,572,244,1517,453,838,198,488,1672,381,261,368,355,371,414,738,5297,480,481,852,292,991,457,701,480,513,209,214,216,355,357,271,268,411,306,2395,1921,1484,214,329,370,963,460,229,1001,1846,562,552,1666,329,1282,274,1001,191,718,876
2037,5,268,210,295,590,210,502,213,259,211,225,677,1224,533,180,198,255,299,243,231,252,191,205,233,582,423,361,191,215,677,280,294,335,261,277,310,185,262,234,861,266,666,728,325,277,234,191,255,656,518,294,279,372,197,205,301,256,298,375,209,316,274,414,267,239,541,230,744,366,290,298,266,364,3649,215,269,442,236,406,265,563,363,297,192,215,231,250,227,252,237,275,235,1385,1437,498,227,216,379,336,215,194,437,902,462,276,599,321,384,226,798,179,349,309
2037,6,232,190,201,473,211,262,195,263,195,264,345,452,270,170,238,190,202,226,218,249,205,195,208,313,297,257,188,188,254,223,229,268,300,187,240,185,211,202,193,227,305,319,228,223,222,190,200,269,279,232,310,301,325,201,248,359,255,238,220,382,207,246,222,221,368,222,245,311,201,531,211,355,1408,233,211,257,213,375,459,329,210,280,187,185,335,233,233,207,470,223,231,363,1103,275,191,199,218,272,224,221,408,376,460,210,376,289,246,216,701,252,244,237
2037,7,284,223,252,431,267,391,341,279,422,852,225,676,419,327,374,285,241,306,347,322,388,248,311,245,459,422,283,241,523,438,505,273,287,252,660,292,406,466,784,242,413,318,667,312,280,287,481,408,362,399,358,613,295,571,337,355,1008,359,234,457,428,416,433,337,490,337,362,316,316,489,400,385,548,456,356,463,462,490,1174,371,255,422,265,253,409,607,510,391,1012,324,474,917,480,369,216,368,244,285,403,394,370,341,383,399,542,455,319,391,745,438,411,358
2037,8,487,279,584,294,282,517,367,478,408,796,313,781,938,520,625,311,406,306,374,308,590,545,332,344,1423,337,493,424,767,807,865,748,385,1692,922,522,383,907,647,742,435,431,557,335,239,437,896,438,343,474,1527,615,462,740,400,380,669,566,318,429,423,345,252,417,982,225,900,464,1624,413,292,327,567,551,501,1038,272,494,477,344,416,753,490,672,924,642,751,1873,922,538,751,1115,397,495,287,404,365,508,246,988,406,751,942,1703,1882,729,982,685,1039,720,301,474
2037,9,894,249,348,356,197,470,339,328,236,440,205,439,557,177,349,291,375,323,808,1784,255,1436,362,217,903,519,311,254,389,636,550,282,1987,1447,606,206,352,799,460,491,1010,200,353,724,360,356,723,260,420,430,1447,312,367,544,563,961,763,538,705,1074,280,257,386,475,378,302,458,333,1800,1164,281,396,356,444,622,604,289,711,229,201,500,804,479,379,325,438,301,230,485,543,673,520,258,566,269,239,523,447,494,487,924,331,427,766,518,355,946,216,882,433,216,721
2037,10,230,249,400,183,181,204,378,356,228,220,598,358,425,243,256,494,550,348,794,352,426,196,456,542,811,269,193,183,219,516,331,217,509,280,325,1257,307,2509,450,350,196,443,424,538,498,326,2084,186,257,489,290,654,465,3583,477,610,555,1182,581,622,401,179,176,461,214,192,441,541,590,569,220,685,469,198,466,1432,488,527,262,376,473,635,1192,236,488,387,209,775,280,643,590,1085,1485,791,182,273,580,356,314,252,764,202,375,864,238,234,232,558,293,201,184,8497
2037,11,416,300,465,393,243,908,762,1039,299,1221,246,376,376,204,283,237,289,178,228,674,357,446,298,523,275,714,206,239,692,335,424,391,792,304,882,214,653,1344,432,255,291,743,219,762,205,176,609,247,1228,866,451,631,238,891,263,864,1649,703,622,253,700,443,267,443,190,364,207,1005,239,364,464,500,678,192,433,1358,310,568,256,370,211,1362,1396,323,2106,842,238,517,443,278,2071,1246,276,532,177,748,486,279,248,474,601,220,241,510,420,228,476,628,1158,380,242,919
2037,12,190,306,2281,427,1789,767,796,785,180,425,227,1025,1244,338,184,272,602,335,208,259,292,215,264,345,740,248,377,960,726,2412,216,440,760,745,296,2271,360,466,5189,761,209,392,768,1014,199,578,895,340,838,359,213,1598,754,295,441,872,1336,397,1006,419,718,282,428,241,192,753,278,5167,499,234,238,414,1209,1810,221,1061,1442,979,753,2069,857,942,461,293,1439,260,668,733,540,476,1168,4352,786,327,232,392,342,1137,793,3778,1135,443,1648,898,401,182,547,1005,1078,2578,177,985
2038,1,729,201,700,877,6877,299,1674,1455,184,297,1847,776,1133,4371,239,497,1112,226,479,815,233,669,220,814,361,314,181,673,864,858,294,336,451,378,372,1193,1167,8201,3874,1360,3884,2994,1645,485,189,1149,747,412,1934,620,1179,677,297,361,1618,1797,6892,475,921,1041,384,366,2704,283,2115,313,358,2207,260,868,619,4561,435,701,571,3234,676,845,454,839,1267,571,861,269,1134,1072,578,296,513,492,1137,1175,2621,320,321,302,807,865,584,1377,1061,5511,1117,660,1023,882,551,1187,599,4089,1021,796
2038,2,541,353,4442,1345,5619,258,2550,830,245,702,943,1591,699,1642,533,553,696,787,445,2885,642,892,478,568,489,234,290,1213,470,755,261,273,951,782,483,645,752,6529,6787,762,1106,6630,486,295,208,414,476,522,1773,435,1458,6830,223,643,1657,1701,13466,429,1713,771,693,363,3026,339,2012,1033,334,5161,638,1417,702,2638,1321,1282,338,7929,1467,820,3609,483,496,5064,3123,514,1300,801,982,508,475,1494,1181,1818,1426,231,1280,281,881,434,1295,1043,703,2109,587,1016,367,488,664,2134,1129,3544,612,1610
2038,3,252,375,8051,912,8603,293,2793,3065,486,703,621,2867,765,1161,871,476,316,1173,3291,2521,589,1930,409,988,457,297,646,547,419,1241,202,1334,686,817,772,1025,568,3299,8689,581,4355,4291,617,2061,230,568,573,993,4281,501,1377,4275,212,503,568,1207,8911,1056,4062,440,452,1627,668,254,1898,854,530,5722,832,2582,569,2247,2392,744,331,3471,564,405,2347,1014,2013,1775,5177,1431,821,578,814,846,1060,360,931,1997,682,400,1511,409,687,667,997,3303,2226,3867,1028,659,619,258,263,2617,560,2338,292,877
2038,4,227,235,2575,838,2894,226,3658,1169,269,378,496,1751,453,497,454,215,265,260,1335,593,344,1168,251,488,368,277,465,367,516,1519,259,399,555,438,981,928,403,2061,7171,454,2589,1853,401,428,191,267,385,507,2208,410,686,1499,294,321,362,692,3633,320,4085,336,300,344,440,227,1061,320,233,2789,380,1528,286,1126,1606,1099,208,989,363,299,960,508,1063,1348,3677,269,437,350,355,462,339,283,447,956,405,249,315,315,812,383,681,1155,2866,1260,536,343,961,326,268,1169,298,966,250,689
2038,5,209,201,713,532,1164,207,683,386,208,232,270,439,268,368,211,199,212,362,1181,327,398,312,195,407,232,219,948,243,323,522,208,227,697,454,313,474,244,830,1928,739,622,684,375,291,195,226,277,247,576,275,329,369,192,214,1098,428,1318,228,623,239,222,232,288,257,431,237,412,653,325,706,226,500,618,364,199,577,254,262,370,412,434,1309,1187,248,285,384,243,383,232,237,304,438,293,261,239,339,396,260,366,420,827,966,292,233,638,193,226,478,234,633,249,335
2038,6,196,224,346,331,387,206,371,264,179,198,230,266,287,289,242,202,283,212,270,290,188,227,181,413,194,190,298,254,223,263,194,543,371,223,224,357,207,469,605,394,297,363,241,220,263,194,238,255,266,199,239,364,196,192,269,269,287,201,392,199,209,206,359,186,255,200,202,290,206,285,238,520,320,306,191,359,205,489,254,300,246,341,424,202,211,253,208,229,198,379,222,236,213,203,323,298,236,251,274,258,386,422,220,221,214,188,358,331,202,323,229,292
2038,7,402,352,271,552,451,547,537,300,362,301,385,296,1084,236,448,486,526,360,342,676,554,495,257,649,552,282,422,283,535,499,541,336,972,303,992,563,399,602,505,308,545,544,367,365,325,394,434,265,331,402,480,321,221,495,298,360,364,430,359,264,323,350,463,257,391,630,324,957,315,574,215,580,714,1400,269,749,385,661,382,289,599,511,291,390,334,339,513,699,310,407,353,576,362,300,305,607,224,484,308,336,286,349,300,366,380,431,532,424,454,392,701,296
2038,8,743,484,313,339,262,610,1330,382,759,350,461,516,696,380,434,345,1228,375,1077,4438,500,310,579,523,825,834,379,856,1603,804,976,1745,782,685,1486,452,995,520,694,327,417,658,284,324,424,493,506,474,1009,288,866,821,379,1031,300,443,444,1901,726,404,2501,278,275,388,910,818,579,657,245,552,322,515,589,1063,270,563,378,580,513,269,1092,505,317,965,237,640,2522,582,640,466,566,634,363,437,342,449,251,337,524,288,412,396,335,601,818,381,479,571,798,559,1133,436
2038,9,783,486,197,340,606,465,1275,332,1559,193,609,268,290,252,385,463,1022,472,381,869,219,417,215,220,524,351,431,287,855,252,405,235,681,249,863,289,1089,390,874,213,370,615,202,294,729,221,727,343,1329,282,375,351,364,2223,428,226,398,2424,410,245,559,183,523,359,222,195,201,471,229,937,493,348,224,519,527,470,308,1081,2442,265,852,236,227,224,276,333,1900,242,542,366,339,349,420,212,711,208,424,206,253,575,250,624,543,511,1022,281,245,566,901,321,216,427
2038,10,893,394,216,326,1332,256,258,398,495,353,390,651,719,466,274,180,219,341,673,316,545,189,280,184,291,849,186,783,434,419,514,205,200,279,314,406,1076,269,827,318,323,260,483,378,544,187,1074,485,207,336,972,267,246,1325,496,449,378,392,327,509,639,361,202,187,201,194,230,641,490,302,644,330,253,316,890,259,228,247,5283,531,311,251,367,605,225,252,553,242,209,375,247,513,374,809,334,262,556,541,692,184,315,256,248,534,688,262,269,560,686,418,335,286
2038,11,250,313,373,635,315,333,421,292,823,590,251,415,309,255,733,179,387,232,328,629,420,296,3160,182,783,421,490,407,569,2498,218,248,443,181,535,285,279,275,936,268,281,533,428,267,2002,366,501,365,1389,958,1143,710,403,2184,237,323,474,738,195,287,925,932,247,218,347,192,549,653,386,2035,486,644,1325,261,252,221,365,349,2206,493,849,227,284,193,385,1377,456,182,310,288,437,1098,265,244,224,181,500,1818,286,305,663,212,800,372,245,261,363,1274,682,407,501,189
2038,12,2804,181,263,2470,772,1269,3477,243,412,541,1156,2812,578,373,623,192,1463,331,504,624,439,1220,501,282,268,334,244,842,1134,395,280,249,876,184,1475,833,234,303,536,303,358,228,291,1498,327,334,883,205,386,254,400,557,295,717,258,493,409,854,1193,786,297,2948,194,281,897,630,381,2255,1633,521,348,589,7768,588,1479,915,952,227,2176,746,336,658,664,208,178,514,261,440,253,1012,626,784,519,599,213,713,1154,635,276,239,309,598,2487,407,216,305,723,272,280,359,1162,224
2039,1,1520,314,220,846,348,492,697,385,1046,279,673,436,2818,1055,276,403,891,1775,576,435,659,463,1965,337,269,1062,663,319,1662,630,1040,282,2620,341,1748,10902,440,370,1296,820,1385,666,211,750,1213,477,1177,445,463,768,558,655,193,418,276,2270,470,500,1105,1228,850,3055,266,700,2253,2778,629,950,2088,1633,1065,1493,11607,1381,1039,383,1171,198,4317,664,1344,998,1165,1507,287,334,2039,666,662,1745,378,692,1045,479,536,1017,810,3393,305,202,983,861,1994,274,1068,919,913,292,511,681,743,319
2039,2,905,459,686,932,371,1416,835,392,1337,553,1590,501,2912,833,227,221,463,426,301,299,2798,745,2403,320,642,436,638,350,2372,515,521,741,2957,258,6467,18786,550,1148,1211,1596,771,1509,220,482,1827,719,896,1733,556,439,965,1718,252,481,687,1139,509,732,1065,1018,997,7173,459,654,2348,1983,693,804,2351,2330,660,804,4744,1156,1274,3496,683,2128,2578,327,671,2084,473,1130,506,471,2391,2907,782,740,437,778,474,1105,1825,1261,632,1895,406,486,556,822,9614,295,1367,274,764,801,655,379,955,275
2039,3,2315,1095,367,646,512,897,1040,278,2502,285,1161,1262,5903,561,1711,320,504,1294,861,765,2649,2308,4026,851,766,289,411,1343,1703,730,240,213,2720,256,7902,14921,3147,666,3223,800,593,637,351,1638,1025,351,1490,353,801,327,680,1764,2124,757,363,559,489,664,995,3290,933,6350,489,485,1052,3610,290,1452,6528,6811,362,3766,2749,3493,3349,1475,610,692,3453,964,1800,771,899,1505,558,1533,17854,1491,1053,683,518,1608,288,1120,602,632,1525,11546,569,498,556,544,4987,388,6782,262,1414,617,266,846,1380,265
2039,4,1008,293,286,570,381,521,620,270,1399,267,689,578,2521,262,315,426,360,445,479,480,1002,1010,3863,373,1349,287,254,1461,629,373,241,195,844,220,6590,5472,722,310,2247,706,506,311,321,3652,423,227,790,290,345,334,322,894,504,384,242,400,416,346,624,6386,530,5472,213,912,619,1963,244,475,3726,4106,319,2992,1093,980,1134,943,405,410,2448,459,1037,506,313,704,208,555,4169,639,567,423,322,1427,232,549,647,475,763,15538,273,307,339,318,1177,330,1674,203,544,516,336,465,865,180
2039,5,462,211,217,356,242,299,312,319,441,195,465,296,425,251,232,185,221,261,314,232,393,350,749,252,297,290,201,354,347,278,208,251,522,189,1925,1322,309,240,564,276,295,839,195,1397,291,201,369,234,240,239,323,467,544,297,196,261,220,252,393,1059,342,1707,195,392,423,626,211,273,530,1019,325,672,514,429,417,511,369,248,571,236,361,268,243,345,192,414,633,428,265,293,224,443,201,340,421,255,310,2238,212,194,1105,222,585,229,461,238,519,274,277,290,479,182
2039,6,258,195,182,254,251,211,242,307,267,197,674,521,348,222,231,193,199,259,206,207,303,258,371,211,242,249,187,246,222,236,188,186,273,224,529,899,232,376,532,210,252,405,197,370,220,189,232,191,200,209,242,294,207,271,189,205,202,229,222,671,228,578,184,252,297,423,187,285,315,378,225,312,367,272,257,289,218,201,293,355,242,210,226,233,189,225,339,319,225,213,198,256,192,216,225,222,249,919,197,228,780,218,325,185,260,191,229,206,235,212,355,204
2039,7,333,524,345,343,295,302,408,506,309,435,539,512,1014,355,843,560,256,665,361,494,1011,245,648,497,396,352,282,1389,545,406,405,490,425,465,430,599,324,623,468,384,412,271,327,294,697,450,406,260,234,385,495,345,250,310,223,306,394,379,328,388,363,500,233,380,443,609,289,1221,509,630,479,339,550,673,332,532,1795,274,388,1027,270,377,470,367,330,364,486,415,292,486,212,361,1177,322,359,284,837,1573,277,342,675,236,516,302,415,394,412,535,681,392,350,239
2039,8,394,722,323,307,245,476,412,1247,631,887,455,678,512,405,573,1579,387,470,1122,1509,895,652,1420,843,284,405,677,371,1259,1198,374,987,480,1248,1289,1259,226,488,701,802,313,1001,447,265,661,612,414,308,264,625,411,380,453,758,346,2626,364,343,308,515,309,422,566,259,1157,301,739,514,1049,841,266,725,861,417,1099,609,1128,344,433,791,303,301,638,317,904,304,1187,814,836,623,436,686,1320,737,321,395,718,2237,400,313,446,481,1376,438,479,1377,333,445,2771,242,569,423
2039,9,238,309,4429,571,627,458,189,701,320,1619,275,402,375,185,447,1255,245,394,581,676,313,853,741,426,221,266,217,295,605,454,481,726,431,357,582,1049,184,244,1248,374,362,484,317,198,305,422,315,274,185,440,371,193,255,496,312,1121,326,434,695,568,453,234,342,321,236,372,879,1099,275,411,208,302,268,622,699,587,450,221,195,1330,233,244,309,436,1344,329,215,689,342,202,215,601,844,767,271,316,812,659,679,258,251,859,455,369,326,471,362,500,540,241,692,291
2039,10,201,263,1329,333,436,289,189,971,639,209,296,975,701,915,675,945,1091,309,320,529,236,321,784,240,366,214,197,193,536,219,371,208,264,475,451,231,844,192,790,190,248,284,195,221,293,185,570,238,625,1804,318,1448,453,250,409,678,760,373,271,273,1221,188,506,177,309,547,440,331,395,508,200,206,195,202,391,531,442,264,214,1044,182,448,279,405,1179,386,1401,494,459,759,176,1721,327,206,410,250,776,434,254,304,255,1289,788,211,200,2339,208,215,1198,454,220,892
2039,11,184,442,972,329,452,438,176,1142,620,277,324,5444,951,895,369,598,236,284,356,373,371,472,499,779,304,297,220,190,261,240,388,369,346,189,2534,1839,547,184,485,375,422,185,704,364,1416,243,890,200,1884,416,1021,407,180,492,323,2126,253,240,185,211,1182,226,1445,178,685,201,611,379,1646,603,364,216,636,188,488,346,601,263,335,865,253,293,661,187,347,342,784,287,275,254,467,313,2724,231,399,257,553,538,398,245,321,330,1569,178,482,363,224,278,1276,308,1167,747
2039,12,188,1217,458,889,626,651,244,774,352,330,254,2325,1087,1401,416,414,354,984,370,2541,195,595,600,554,179,642,183,725,226,1088,1292,712,215,2256,3491,6464,469,266,781,314,711,303,341,187,384,310,5669,327,1271,4532,370,1662,777,279,196,1985,422,278,182,728,822,215,583,205,252,1809,2741,337,2506,1316,337,5140,13252,508,375,370,397,5189,251,863,224,381,206,194,571,1005,412,272,1427,254,395,1119,3705,389,1275,288,900,266,213,241,1248,243,1573,194,340,545,311,388,464,2530,842,2773
2040,1,460,3232,1468,3460,3560,728,1313,656,1185,261,519,3439,1666,797,539,260,851,1462,1216,3845,298,442,1625,2058,244,1319,502,1008,567,948,475,1177,185,591,6138,4659,748,1477,2220,2481,873,275,496,715,1791,284,8625,242,1593,1855,1083,1218,277,257,614,2708,212,939,476,1060,939,1325,447,194,330,6168,3723,335,3898,451,208,2735,13672,1445,219,236,1195,1910,772,416,595,923,514,313,803,441,429,3044,661,460,223,589,1994,292,1824,425,465,2342,256,228,2065,2602,1308,173,245,935,232,597,6717,925,869,697
2040,2,478,1652,5588,1752,4606,287,392,1805,857,323,1119,2819,3132,1592,677,486,446,2277,540,2635,548,746,2191,678,339,565,598,2355,340,913,409,775,529,480,3673,11495,494,476,2785,2867,1262,4175,397,540,734,454,34311,357,1367,2211,1619,4353,231,813,234,2331,454,804,1513,992,693,362,406,177,306,7617,4260,574,2738,520,1119,6344,12148,722,515,341,1359,6542,443,492,728,831,1781,460,477,1413,1242,867,597,1942,809,1005,1564,402,1263,749,637,1313,307,651,798,5336,994,719,203,1440,192,1258,5896,1666,587,757
2040,3,206,1700,5364,2998,2877,1102,605,1974,370,262,555,3697,3792,1467,601,312,811,1477,323,8400,201,614,1369,1135,275,1128,378,890,451,591,345,3222,498,328,4007,2318,694,598,1329,1161,696,905,230,739,502,266,5829,214,1443,3335,925,3461,278,1540,244,4925,445,1112,569,1675,1575,475,431,550,620,3389,1458,6566,1001,948,803,6268,2549,1745,252,233,657,4033,224,407,492,512,452,1206,311,1554,2353,725,666,349,342,801,884,420,1434,2409,1083,1465,194,557,606,2663,1052,1681,872,609,1304,2788,2501,3628,757,837
2040,4,185,835,1497,1223,1860,750,255,757,294,200,280,797,1246,840,270,230,311,635,953,3301,193,343,661,1079,215,483,207,691,231,372,770,2528,214,378,1360,756,284,264,559,622,327,791,213,285,299,191,1998,228,1179,1914,436,2064,200,2432,201,2020,261,605,415,758,2559,307,247,187,233,1932,567,1947,763,342,291,2271,1581,929,212,562,691,5158,219,284,318,266,325,919,297,849,716,721,462,273,213,612,463,252,801,1455,480,1600,300,1585,406,1154,582,584,1082,346,260,3832,790,1040,470,690
2040,5,193,352,472,437,1544,383,202,352,228,183,255,433,404,446,437,216,224,333,591,925,184,331,343,429,185,372,196,325,538,261,746,580,194,253,509,417,228,221,296,456,238,288,286,251,231,181,879,220,484,545,279,467,206,662,204,677,190,282,220,389,558,253,234,182,253,834,355,483,808,303,233,894,756,329,209,202,497,1008,254,228,203,213,316,255,213,305,376,303,251,219,194,303,292,245,432,389,259,558,259,253,319,606,334,281,268,295,236,1554,424,438,291,1020
2040,6,205,253,321,276,527,274,212,341,205,196,213,263,256,274,686,201,196,236,336,393,179,210,244,238,203,226,182,249,217,200,223,309,214,196,284,284,235,188,232,246,340,259,239,204,200,198,526,277,277,354,249,266,182,277,194,313,218,215,196,472,279,190,220,216,199,362,282,280,271,216,207,413,395,251,225,189,244,579,187,292,204,207,227,316,207,285,303,248,213,199,223,289,223,222,264,258,207,240,177,205,246,306,220,219,199,292,204,450,293,269,229,317
2040,7,377,254,400,461,515,356,392,416,322,318,351,276,483,261,576,420,255,321,389,390,191,329,355,434,280,268,252,396,572,358,454,309,273,302,355,423,411,231,409,315,518,261,724,603,365,459,353,382,293,354,432,517,303,819,340,395,327,313,254,571,395,434,289,374,236,440,455,763,384,383,403,442,540,243,338,289,292,347,593,325,285,478,631,379,365,287,447,336,344,338,263,1081,355,327,454,290,376,271,274,415,229,867,359,710,371,1051,447,424,783,483,1518,283
2040,8,379,361,623,1087,1167,664,1057,381,269,437,733,308,592,404,377,371,382,1251,318,431,238,472,303,595,229,350,700,527,955,1483,538,559,453,655,441,370,390,254,522,402,634,531,662,455,258,722,749,672,421,421,701,278,354,684,435,419,299,350,305,640,440,830,484,320,230,324,588,989,568,729,442,380,1106,348,329,741,970,760,370,526,867,539,655,795,501,304,1176,597,663,468,614,784,983,542,430,388,605,488,349,833,338,853,340,1389,996,1611,2432,701,1309,783,978,1008
2040,9,1263,695,281,1232,333,1255,480,340,219,484,615,388,279,481,680,519,243,308,319,832,229,293,524,601,614,451,916,212,489,824,858,328,257,357,1266,1689,424,260,461,498,277,227,437,317,272,748,443,549,641,880,732,201,179,573,1551,585,374,233,366,286,624,410,613,1060,283,197,561,634,534,478,269,198,260,406,430,303,632,328,311,345,387,358,503,502,431,759,1042,360,519,356,235,396,955,484,407,329,477,220,704,792,223,1258,280,292,342,1016,1258,1187,1632,1157,694,936
2040,10,248,211,624,824,409,580,425,234,187,1011,658,948,239,215,1235,205,444,439,944,277,779,183,6393,346,232,181,216,1054,295,232,295,203,182,440,9515,295,349,344,218,232,551,312,303,275,1324,1164,209,902,339,694,1632,189,200,5397,640,231,319,324,223,356,487,15268,230,2662,177,187,688,523,254,1717,331,502,386,476,1336,356,229,276,376,435,998,1638,359,745,469,185,880,319,489,692,213,521,378,1090,383,330,715,321,209,481,242,887,195,227,371,342,709,522,232,362,481,624
2040,11,255,648,585,2927,1101,981,1356,242,178,797,591,534,430,360,279,189,381,630,638,188,285,239,700,339,188,375,339,434,756,594,228,220,202,763,1125,2184,854,259,1619,530,265,365,423,313,360,590,376,763,758,699,838,380,220,4633,278,296,188,206,2398,254,1719,1151,483,426,174,248,700,276,275,483,917,689,310,848,610,2716,245,323,1099,400,924,360,448,220,300,263,1961,336,319,403,332,631,527,299,615,386,1846,859,226,344,195,322,176,2798,423,316,327,279,427,899,362,1291
2040,12,238,255,1062,1031,311,390,526,249,220,508,243,2718,1970,900,557,178,680,268,471,805,201,491,628,206,178,345,573,1684,2445,1616,413,384,228,360,1394,326,251,2194,351,761,1034,2198,846,1437,607,2531,317,235,1965,881,2744,1081,171,5579,542,183,318,347,2664,596,303,1951,853,699,712,623,665,804,346,324,296,294,211,1996,1248,710,369,1125,262,395,430,360,429,486,333,303,1835,1371,963,239,498,426,1382,1621,11420,639,507,1708,322,497,934,473,182,603,2148,973,354,837,400,1257,307,967
2041,1,465,945,584,692,815,527,1009,405,721,1096,359,1179,498,1466,1419,358,380,1569,1312,311,214,538,439,1009,389,249,349,774,810,1676,2253,576,183,385,2036,3604,230,607,10662,1062,2527,1283,596,2154,339,2349,1768,231,3114,2652,875,4035,374,9086,270,447,310,234,4324,321,1328,4108,2130,450,1179,1242,3504,379,298,3013,600,713,1056,874,823,301,486,4585,988,482,3420,378,428,1233,847,1246,945,2846,575,1367,947,457,635,524,2717,421,2833,1541,274,809,699,405,201,415,803,433,843,430,816,2828,984,1580
2041,2,1083,729,805,611,886,413,543,192,417,888,436,3627,1545,1298,1261,434,266,3933,904,588,195,489,603,326,799,210,1008,967,746,1673,2052,1614,199,830,4051,5168,321,469,7057,837,2527,3464,2401,667,494,7239,610,433,7130,3328,4599,1186,705,4631,401,350,220,221,13255,431,3004,8162,4166,569,897,467,1070,287,206,3417,288,645,417,773,1939,277,691,5305,1529,1451,4436,4625,1131,1031,930,759,666,2045,389,412,1238,522,473,423,5311,665,3406,2287,265,611,547,369,177,548,1224,389,1227,575,505,1746,694,1276
2041,3,254,1821,484,1345,2118,271,453,1062,224,1425,652,3807,1421,2214,957,248,526,3972,741,290,217,387,3206,245,1454,796,571,2761,1404,1112,829,920,219,338,6498,9515,289,364,4290,372,2167,5921,6300,551,1317,3338,388,214,2329,4371,2054,395,374,2661,883,202,199,668,2727,1289,4675,9922,1560,1247,461,1250,921,285,190,1119,865,1575,1292,3249,4331,842,304,4528,757,706,7481,1328,390,813,1016,666,651,3661,262,720,1032,588,558,778,3045,555,2837,2146,285,1307,399,1836,189,475,921,390,1435,2736,596,7044,3197,14318
2041,4,217,1052,370,717,1362,234,279,351,198,701,248,1302,814,713,749,194,223,2469,432,524,245,336,1843,218,488,639,346,5197,775,882,587,393,175,252,2143,3708,265,393,4134,357,960,2095,4449,379,648,1047,285,198,1090,2061,2367,456,209,2017,261,213,220,270,875,443,2915,2108,818,1073,323,521,604,228,294,701,261,2691,677,2287,1706,316,235,1721,441,328,2223,806,345,337,470,379,406,858,225,322,541,446,544,388,1166,274,696,961,1264,528,254,1601,174,327,898,237,670,978,424,2318,1438,3507
2041,5,195,598,240,465,590,212,225,223,203,337,205,798,364,408,327,358,198,853,267,242,189,244,372,201,283,200,232,1159,352,425,357,639,164,262,752,432,270,242,732,259,407,641,947,330,428,1082,243,186,455,713,1104,258,236,914,207,189,178,211,478,245,831,581,411,630,260,329,347,196,233,375,220,582,280,818,719,213,215,5117,427,248,679,866,224,261,269,224,285,404,235,232,291,245,471,256,640,237,396,567,561,427,223,602,170,230,409,234,292,369,246,812,1202,1586
2041,6,187,263,200,279,309,209,266,213,260,372,186,331,300,267,224,670,192,286,221,231,218,188,327,208,229,191,221,433,232,295,216,718,162,238,296,335,183,209,395,212,295,331,556,210,532,876,196,184,347,317,738,236,214,329,255,361,181,195,376,214,310,302,295,268,236,292,244,185,180,238,192,268,217,324,297,323,195,1894,243,241,298,650,200,246,241,214,292,265,198,214,241,208,237,207,283,209,441,316,220,275,239,286,175,194,626,322,226,236,350,363,596,341
2041,7,517,363,278,409,412,353,354,537,400,571,384,468,739,316,1280,492,574,389,476,340,419,281,489,443,467,321,634,350,340,546,1286,1277,221,264,663,284,1165,404,517,333,447,341,351,315,482,451,233,551,1105,621,553,421,324,330,347,332,606,303,396,218,343,245,495,524,428,454,381,364,313,359,270,397,357,455,372,356,535,356,372,445,459,626,252,412,458,208,382,380,234,400,384,385,469,525,394,465,324,356,706,349,309,378,665,412,975,1285,347,294,441,342,712,431
2041,8,397,535,346,361,467,300,1583,425,927,510,533,1041,1090,375,1292,622,389,855,567,1426,379,500,545,512,426,273,1429,343,773,605,1364,1978,456,862,456,581,284,313,945,388,502,509,353,1039,574,1583,630,770,777,680,443,2215,379,593,409,532,1584,378,718,496,498,261,936,1359,333,1472,476,663,879,1047,330,738,274,392,440,426,895,443,370,364,737,1387,547,398,824,444,727,507,240,480,631,841,546,1195,973,635,330,495,654,476,341,387,955,616,1048,1768,451,637,568,548,1061,704
2041,9,183,498,293,646,350,581,638,266,488,564,324,482,715,280,506,667,389,867,675,420,279,429,508,195,239,273,657,387,2371,245,440,804,1303,865,212,384,238,183,404,201,312,1392,224,299,214,527,473,1804,502,986,1178,410,369,450,246,290,1638,425,469,754,433,187,222,1124,219,595,639,1071,901,273,269,485,224,596,566,255,534,334,250,213,1411,451,380,188,203,677,577,284,649,512,294,576,940,3546,429,236,199,390,726,978,201,292,1822,345,268,1125,324,290,895,312,262,759
2041,10,519,237,589,455,664,844,589,222,911,330,782,387,503,959,346,190,423,193,1102,629,532,809,293,202,376,198,262,370,719,469,344,367,203,206,188,1492,254,326,660,177,921,261,233,242,356,655,274,616,3508,597,826,465,256,656,207,184,1753,1284,735,190,185,181,273,420,207,366,200,433,570,315,441,208,181,257,231,891,709,708,1369,213,2904,416,201,247,226,453,435,316,791,1002,441,280,299,4224,395,204,642,344,338,1198,189,181,1271,408,390,463,1064,196,225,186,421,303
2041,11,300,220,380,216,1036,485,499,440,302,839,295,194,647,391,967,228,186,412,2182,769,194,256,332,215,426,571,466,1235,232,620,260,270,186,251,335,390,961,381,904,187,740,224,179,1516,930,234,236,299,487,4887,1291,431,280,224,460,333,1066,840,641,267,386,236,614,730,213,749,701,930,306,323,370,338,3038,254,184,3226,298,1644,816,1404,4330,209,207,212,1238,557,284,406,648,1244,203,2180,3745,1035,192,254,211,360,276,563,371,196,423,2233,229,449,769,193,495,507,926,326
2041,12,384,2746,3059,445,840,307,1680,325,1155,699,2360,1203,661,456,1243,210,190,358,614,1809,242,646,743,175,261,241,381,473,223,1401,254,335,366,225,933,490,6811,1907,251,186,651,194,177,1924,800,498,558,835,387,1943,364,374,246,212,1045,390,6854,314,1090,332,308,1212,281,2023,303,1043,323,420,2843,3507,1174,555,349,758,207,405,1744,881,1213,2129,564,346,2431,247,284,710,635,298,241,1022,300,711,428,738,1143,903,201,1622,208,971,515,920,722,682,741,463,349,479,388,1017,1170,197
2042,1,522,995,1562,278,1368,841,904,728,1120,1728,1233,448,1192,271,367,575,641,476,1389,1777,768,492,1896,195,534,410,233,434,382,614,297,245,221,403,1091,6320,18715,1135,254,197,1369,701,352,1068,1304,2326,243,698,385,6578,389,2158,362,191,419,277,9115,588,711,456,1182,491,802,3016,203,1789,1146,404,1693,2306,2159,380,570,462,2460,4895,1197,1570,864,1137,558,1461,1660,384,1160,397,5503,346,493,2400,326,433,1554,1799,430,895,361,650,301,2527,490,3273,827,499,281,698,315,1836,326,514,1092,362
2042,2,1094,573,1719,522,951,656,588,234,1246,1017,611,439,2190,242,306,547,600,324,4705,3437,956,1118,637,672,448,420,500,550,499,1859,250,282,817,256,2039,7562,7249,2632,242,324,898,747,933,1915,705,675,252,806,1078,11593,1240,983,396,725,354,772,5114,991,1770,692,350,546,371,2408,234,5476,1143,782,1731,2329,538,251,633,902,452,2329,3010,2827,1218,1962,456,564,828,1023,401,297,3226,278,433,5836,652,373,1748,2438,733,3192,1341,1693,1096,3635,226,2143,1350,847,261,765,424,3031,395,776,1948,236
2042,3,620,536,990,898,3621,335,694,259,1751,2150,1128,499,1665,410,278,377,673,301,2616,11128,966,1647,838,1394,323,1076,1278,1076,643,1170,1386,330,215,215,773,18122,4876,3114,215,981,2857,930,670,1130,825,1105,256,327,1006,3870,1767,3674,492,691,528,329,6680,1282,2111,362,2155,870,561,1891,175,3251,598,304,4719,1495,624,484,6165,1192,779,1274,2370,2442,2139,1640,1158,306,3490,242,524,765,5167,198,485,4430,912,401,1725,3381,866,1782,674,2307,465,4752,206,1098,637,866,282,587,260,1144,870,311,2151,354
2042,4,508,362,491,244,1959,297,388,216,1439,965,1327,263,851,252,239,209,230,216,724,3481,398,4315,372,312,286,776,357,360,252,412,720,248,263,213,706,5924,1891,1265,253,428,882,575,245,462,402,528,502,255,853,766,1444,2128,201,255,586,506,5672,598,877,297,594,433,318,1024,190,3242,344,299,1502,566,627,239,1741,656,317,494,1968,744,601,626,668,320,1810,214,492,365,1869,220,276,2584,268,510,1004,3942,300,982,266,4210,243,4600,208,710,418,590,230,407,212,559,278,324,1263,202
2042,5,327,244,401,219,493,286,300,193,1213,369,368,215,329,203,203,206,312,196,370,1198,387,569,429,214,244,463,317,245,204,262,331,243,202,232,377,837,965,542,282,216,333,253,203,415,260,292,200,217,564,656,383,508,198,212,236,212,2077,341,379,370,293,270,283,470,171,3311,289,235,570,358,301,258,520,288,239,316,714,405,342,437,289,264,697,210,238,234,422,191,208,1338,214,432,506,803,353,348,281,759,218,1664,189,409,312,281,219,272,193,315,209,224,453,191
2042,6,204,791,256,218,278,278,213,188,708,241,346,216,240,190,246,200,383,184,247,433,207,274,254,193,233,238,212,239,226,212,561,191,192,263,265,345,533,340,183,205,269,221,792,265,218,237,185,224,269,332,280,330,200,193,314,185,469,228,267,190,223,206,199,268,168,757,213,192,600,279,249,324,344,215,260,240,319,245,253,246,237,211,304,183,201,209,288,202,197,344,226,237,306,352,203,248,204,337,188,494,195,272,219,216,200,210,312,242,189,196,264,216
2042,7,330,413,687,233,302,503,313,329,1173,319,247,499,375,316,291,355,589,335,312,398,346,314,520,330,582,619,269,469,585,470,397,329,738,516,872,423,349,334,736,340,395,237,491,326,301,396,342,426,365,584,539,345,449,328,315,869,410,491,424,495,304,218,592,447,196,907,437,367,656,264,1086,344,426,412,371,282,327,329,477,395,856,347,379,658,318,328,1701,344,896,382,545,342,591,452,335,320,264,325,330,381,278,277,472,465,288,602,1657,527,416,393,544,724
2042,8,332,518,576,458,693,298,952,428,546,1113,394,820,713,418,412,419,685,394,1020,425,413,356,345,706,538,609,1391,869,1176,454,556,321,810,503,1493,1498,384,523,665,407,372,419,768,611,282,859,302,699,506,511,582,595,342,318,434,640,456,659,378,339,465,319,339,388,247,902,297,854,1036,349,978,533,348,327,513,887,664,276,431,696,1512,1324,1206,655,482,656,1038,827,452,780,471,1113,1250,585,413,619,368,210,653,432,330,407,544,1271,447,996,3124,898,430,434,858,675
2042,9,482,382,623,385,477,422,689,454,856,610,362,226,343,282,417,403,250,273,635,396,281,605,335,443,590,480,1117,1976,1731,603,765,211,271,266,1251,281,385,314,746,271,197,376,295,296,200,395,474,601,202,355,412,307,434,338,1736,468,454,327,1156,590,337,351,388,335,179,579,332,219,709,309,296,290,258,397,1465,675,458,405,234,1562,882,892,478,914,367,350,537,425,408,1121,297,543,847,500,597,382,382,185,282,523,205,668,2700,736,398,303,545,583,466,379,5049,1058
2042,10,330,555,1134,1683,833,348,501,178,1228,377,484,237,207,254,563,323,979,176,378,574,419,189,255,392,2316,234,231,231,236,204,204,179,483,456,1061,624,589,1347,754,429,278,178,184,245,198,479,210,509,292,967,408,355,258,219,438,774,1065,185,1130,925,399,216,358,187,162,284,655,796,585,781,192,326,236,713,212,211,519,205,192,1161,1267,409,301,732,494,250,373,529,2008,349,329,230,230,506,199,1912,203,292,430,305,509,4190,379,1149,314,1099,366,385,188,353,1001,778
2042,11,310,677,246,736,419,1373,1340,175,461,737,507,763,194,231,429,183,325,534,292,347,352,185,380,315,362,1337,226,241,292,215,403,288,653,326,389,276,367,833,219,236,198,177,181,296,243,607,198,1005,255,556,440,332,271,491,290,363,347,302,682,708,684,256,478,229,194,279,301,308,236,418,1658,376,326,2430,405,250,222,178,214,573,2248,251,587,305,314,660,1102,1442,612,437,188,879,243,786,228,1173,260,517,421,242,339,497,948,347,421,218,301,305,662,211,414,232
2042,12,1173,306,229,312,1760,1464,1501,208,552,1568,5875,2819,444,889,281,324,404,529,2844,1279,1014,590,1046,531,850,343,194,244,382,240,224,178,594,1798,519,5512,777,869,1441,245,301,1350,215,1472,179,622,227,1365,256,958,406,746,217,304,893,438,255,754,432,1167,1348,176,230,771,161,1622,2288,384,201,278,977,465,213,1143,1782,454,1170,176,1414,271,9372,196,818,208,193,1402,279,4034,752,307,884,613,422,1153,277,390,357,829,287,236,384,2148,584,1069,1983,206,292,296,1611,246,1018,873
2043,1,1716,3753,550,299,1448,556,1724,13226,1523,388,10625,669,316,320,209,538,738,1484,1268,2366,1095,552,609,385,565,437,670,389,310,208,216,1261,2189,1051,569,1685,624,556,626,564,704,680,740,358,496,935,206,719,230,310,2703,1322,1721,456,281,1291,369,455,1156,536,974,303,225,293,376,1934,1598,7213,682,715,647,982,1035,1355,1076,1176,380,5755,889,258,16707,426,3936,225,1126,1750,256,3653,964,610,631,448,202,434,336,662,1123,2957,1047,1000,1028,1676,351,491,1821,412,598,1076,936,190,2484,6944
2043,2,663,5426,261,448,6107,439,1339,17709,693,825,10226,1168,573,594,215,551,653,1390,790,1454,1930,758,278,919,686,536,798,217,528,732,388,767,903,1720,5052,9362,1587,1444,1075,282,638,296,414,380,300,1028,741,1118,182,738,1004,924,717,251,483,492,383,789,954,821,1668,2373,234,218,493,2227,1281,4771,1068,295,528,793,483,1534,725,372,1326,1845,400,680,5325,820,1603,197,514,1299,560,868,1108,2202,266,1003,1150,309,511,849,559,1746,1180,907,734,2689,294,3702,928,1038,306,469,1030,406,8788,5629
2043,3,754,1411,263,553,3837,394,1054,8441,449,667,15391,1372,329,271,210,408,1216,567,882,7868,3559,342,1303,533,1060,726,245,205,1783,415,1886,484,975,1546,2889,3838,2505,1014,603,211,332,377,1772,362,1068,1374,995,824,177,596,811,3019,1068,616,439,941,437,1126,2545,5089,2247,511,487,873,269,5995,1116,10280,1516,327,1165,1513,841,2206,1299,1479,438,1832,420,2480,4538,620,3667,570,420,1841,2030,568,730,474,244,603,4854,484,1479,1664,1234,2468,508,344,397,6075,270,2096,1869,395,793,438,874,207,9090,1346
2043,4,469,738,203,248,996,408,655,2681,313,449,5437,991,246,261,188,213,351,370,409,4607,1201,223,533,254,558,632,296,192,412,313,576,473,830,1293,738,2347,1613,499,508,194,349,418,1208,284,301,837,809,428,174,393,501,1560,702,235,226,377,578,454,1419,1586,768,381,293,393,312,2132,510,3537,3218,220,514,1051,399,888,722,875,331,910,269,674,2659,270,1443,486,353,1416,758,363,373,511,227,387,2172,258,400,1303,528,3167,330,254,420,4238,270,952,2702,242,536,280,472,209,2342,684
2043,5,281,394,191,209,448,292,470,1065,238,259,885,482,223,202,182,200,253,271,267,846,447,255,248,222,323,241,277,275,399,263,462,266,1844,423,421,624,538,307,263,184,202,222,339,200,259,349,274,295,171,247,291,469,282,199,204,254,308,242,364,531,357,252,193,210,194,611,291,646,568,199,332,346,356,367,322,282,229,461,244,340,673,216,547,229,224,695,298,293,266,254,195,250,716,236,268,447,276,1057,222,208,254,1165,203,492,432,249,334,212,275,189,704,368
2043,6,247,406,185,196,402,231,283,377,205,292,383,384,225,184,178,205,214,211,230,348,292,191,202,289,234,198,412,210,324,215,215,246,478,250,291,292,301,227,221,200,195,193,266,214,208,233,400,212,186,198,258,355,209,183,187,199,198,299,287,336,246,209,210,189,188,352,223,276,257,238,271,239,433,275,225,222,232,254,258,264,414,190,300,251,196,352,312,281,542,204,350,259,333,199,204,261,213,389,195,193,235,551,204,261,256,193,511,232,218,175,557,281
2043,7,453,824,256,325,310,365,409,291,238,237,310,372,388,214,339,296,286,398,356,294,437,284,340,379,370,364,329,1814,299,354,371,679,1191,336,474,434,567,368,350,300,279,247,262,1139,315,482,559,387,272,428,483,704,207,229,219,387,357,528,283,258,310,240,369,295,375,334,372,665,367,475,450,367,344,315,474,356,325,345,270,308,419,271,354,462,954,406,1079,286,570,369,312,729,4680,325,199,441,235,284,349,284,280,514,416,1201,340,452,468,283,326,288,2337,386
2043,8,710,954,268,275,393,470,794,425,583,468,2428,460,509,919,345,577,771,982,362,409,500,1288,307,458,256,520,407,1457,1060,470,871,1568,1548,635,488,1656,702,402,573,313,256,271,397,713,429,570,700,493,536,717,537,393,342,366,228,450,354,717,335,429,529,232,265,293,486,488,951,524,847,586,601,613,426,298,617,525,367,289,671,539,524,864,684,1342,917,890,665,1216,1260,755,711,1096,1596,311,382,505,411,298,416,556,605,485,578,1389,442,1212,548,548,830,255,1971,407
2043,9,574,294,185,704,289,417,221,416,414,419,1390,336,212,372,445,273,429,886,1037,496,538,608,570,192,390,459,215,1233,626,194,507,1007,486,459,208,278,581,221,292,247,574,360,330,200,610,349,1130,828,422,308,430,331,322,465,897,580,723,248,848,400,2093,353,261,179,372,215,1047,311,299,461,396,463,248,189,288,240,1930,255,370,331,190,206,935,1147,251,233,623,973,835,695,313,469,529,317,518,1161,792,237,317,1146,356,220,551,636,676,974,496,624,1219,374,821,636
2043,10,259,274,175,249,806,300,198,886,228,604,1640,620,207,193,314,566,749,500,1580,204,235,527,278,246,187,191,510,790,238,176,318,216,345,249,791,237,612,224,424,385,4984,211,383,918,3329,259,428,321,494,299,196,192,378,218,248,184,277,931,407,215,281,423,327,176,793,233,233,188,671,766,368,295,263,179,331,381,2003,304,1237,199,182,747,286,1419,346,363,519,1599,2076,245,184,556,1069,601,471,392,990,193,729,623,2094,199,236,225,248,476,309,244,277,677,574,1994
2043,11,416,243,178,185,262,182,184,861,224,584,349,1181,499,263,601,290,939,498,459,235,690,254,283,490,903,466,217,653,194,263,359,293,221,186,633,337,334,597,532,448,568,513,276,947,1117,184,302,545,219,1188,303,209,327,175,187,2557,1159,453,675,284,368,433,238,197,339,283,210,181,444,224,395,215,570,737,371,431,444,617,692,182,331,2089,836,354,1070,220,433,1059,342,354,197,432,3129,302,636,241,714,256,1023,363,272,634,228,646,486,414,539,307,430,1893,431,1575
2043,12,977,334,174,188,1311,563,337,1117,177,1370,518,392,368,2384,806,280,285,258,294,178,1734,527,557,280,2297,781,527,7092,355,967,1094,198,262,187,225,259,322,375,525,257,293,2325,749,347,2558,386,1808,439,196,243,461,192,286,229,1301,2980,345,445,312,186,503,527,230,173,360,291,602,598,2155,337,1173,2061,1490,2886,727,482,1442,199,298,724,284,3003,270,323,1551,197,416,1950,589,1151,248,500,3556,937,404,207,975,621,297,342,235,399,199,334,2325,326,237,649,242,1131,244,2319
2044,1,1431,737,241,1211,5342,1457,908,6865,336,441,1339,4282,376,1472,312,241,468,1670,495,269,684,894,1080,602,467,351,1897,20951,278,2223,962,1041,223,1213,573,698,239,1867,481,526,286,754,435,2557,2911,573,1403,1660,689,556,1435,351,351,365,1388,2670,989,346,375,626,1299,1758,270,253,1224,834,316,984,2750,658,515,552,840,2554,548,226,2003,918,1779,402,207,3912,386,627,853,863,845,2369,1670,4638,199,896,10776,1091,376,264,327,444,626,1548,237,1054,188,433,583,339,294,410,317,11618,252,1616
2044,2,558,498,358,1421,11256,871,2038,3006,211,309,1631,7906,800,4993,604,199,1054,1875,768,195,489,1562,270,1233,372,1379,732,9035,427,513,570,650,432,403,1026,368,841,672,667,341,276,567,371,759,1467,396,1602,1054,942,774,581,310,427,739,928,4282,598,630,949,356,1807,615,193,629,427,1249,318,1086,1990,711,436,2176,900,3617,532,470,2627,1173,834,284,1005,5584,561,1407,731,928,3553,2310,894,2181,322,1679,9467,560,767,853,940,3008,876,1224,231,400,560,776,946,454,498,691,1137,16961,267,1817
2044,3,1603,251,223,2004,8574,808,473,1078,215,762,4902,5611,701,3575,486,222,318,1904,275,753,777,3095,4022,652,680,2063,1287,4583,369,423,338,1454,226,1109,383,483,306,349,1839,480,678,1650,264,1320,798,219,7536,489,270,453,979,597,1036,211,887,2690,1295,917,1089,1474,1536,1008,179,1476,579,1135,589,517,894,386,904,2453,1666,3758,532,619,2376,2637,2650,1350,1222,3434,573,1187,612,720,1011,6834,2128,1889,178,705,8182,798,3114,1060,354,3551,995,943,588,876,938,394,3499,943,2150,371,426,8646,296,1060
2044,4,957,218,238,1671,4474,608,338,633,174,329,1444,1794,1021,538,231,188,259,650,241,299,454,1422,611,1636,843,602,566,1928,302,418,297,651,346,607,259,502,260,290,663,223,271,800,235,792,423,277,1874,363,231,279,673,470,277,195,690,628,460,436,598,424,949,999,212,263,518,1088,989,306,441,383,554,3926,822,2317,241,242,937,1302,855,463,295,775,773,483,393,464,1070,3746,1589,711,226,490,3185,419,537,380,278,1332,646,1075,307,817,251,500,3032,433,433,248,250,3430,365,520
2044,5,368,232,221,434,900,292,214,322,173,233,424,514,328,320,225,226,297,329,202,222,266,571,317,433,312,435,277,822,232,303,355,598,188,605,615,242,300,229,437,194,218,339,198,334,288,206,687,277,290,251,265,694,206,185,311,339,281,234,277,386,371,316,181,205,250,428,319,247,318,253,345,946,369,643,237,201,417,400,368,293,232,471,430,313,789,273,569,623,366,376,324,369,1932,297,359,227,253,488,457,347,199,303,235,266,1715,259,327,203,210,909,225,340
2044,6,228,212,227,281,498,218,218,346,170,236,290,284,433,228,227,174,255,238,190,194,271,292,315,245,231,273,229,398,192,239,254,463,251,254,241,194,187,229,226,185,196,248,184,260,263,182,309,223,237,193,253,195,196,221,397,248,220,195,227,318,284,218,166,202,233,283,199,195,398,238,217,449,253,319,237,215,296,288,418,207,227,929,267,223,223,222,261,280,288,236,201,435,616,238,321,208,231,337,382,353,213,235,215,215,452,228,243,203,258,406,190,248
2044,7,283,660,1327,426,366,272,418,331,312,327,333,405,485,377,368,446,466,491,358,506,539,305,548,351,511,550,294,354,301,643,708,846,279,453,781,312,282,420,348,272,530,358,315,319,375,353,444,597,380,234,405,252,401,387,278,355,364,427,332,304,366,500,437,385,336,302,660,592,555,458,256,367,278,406,509,377,317,348,641,322,308,380,392,235,442,254,281,510,400,349,407,354,693,322,348,341,294,557,356,292,401,265,389,466,453,368,374,381,710,756,315,675
2044,8,236,851,1867,611,372,521,392,552,780,789,424,564,481,755,450,361,453,434,361,567,843,1418,628,222,608,496,1575,515,499,1151,621,1014,465,1238,1121,482,377,337,608,279,634,432,456,936,757,498,574,647,339,253,1054,516,414,465,496,315,458,508,623,572,242,375,267,521,362,799,756,767,1219,964,899,321,261,697,341,711,570,780,396,406,610,1191,708,385,502,417,730,361,524,411,372,321,1203,487,275,440,578,298,1017,256,1091,368,281,649,433,388,1339,1058,660,2508,542,1847
2044,9,188,1105,532,207,256,378,410,366,1184,253,348,571,497,1024,585,208,331,348,368,281,336,1052,628,186,520,244,330,263,484,773,583,612,272,1064,1763,1187,208,232,722,217,346,323,441,638,1598,640,210,1494,232,195,593,374,185,619,973,535,279,209,263,548,404,394,270,843,195,569,541,1004,520,605,308,361,273,211,1533,580,432,1107,222,233,531,763,630,233,208,303,290,398,336,208,497,327,289,457,207,992,328,222,435,266,535,190,276,373,398,550,406,315,291,594,1072,1072
2044,10,224,2395,270,216,303,191,1430,324,1647,566,194,3346,532,742,257,254,236,609,189,178,281,273,2791,381,201,408,251,473,406,375,273,1700,316,246,493,216,212,575,597,262,219,248,216,1277,396,684,182,560,299,268,742,224,236,201,1627,757,211,193,373,1866,407,415,382,868,179,535,305,229,303,683,218,568,287,379,2049,397,570,370,972,180,425,626,768,270,212,261,492,207,232,281,173,807,197,456,181,320,345,186,311,760,296,230,1881,341,520,269,231,502,236,512,1388,586
2044,11,185,740,278,199,292,1260,390,1780,619,273,749,1586,457,229,390,332,200,586,367,274,183,248,348,381,405,306,282,187,186,645,390,248,386,243,465,1121,390,1708,616,190,189,2151,214,782,1501,289,345,390,1352,2230,327,373,304,185,614,431,476,196,181,322,359,300,377,1869,235,312,1423,522,858,618,182,610,1165,261,558,423,332,1136,1105,225,624,424,953,351,1365,371,804,180,741,176,651,3718,1370,724,464,340,3039,342,222,1165,489,189,299,196,578,496,510,658,229,1037,1099,230
2044,12,709,1103,1587,658,426,1318,959,1941,672,357,374,747,630,930,229,213,305,245,2968,1010,682,412,298,567,732,226,2180,184,250,473,746,237,277,221,1273,980,674,735,352,232,179,744,256,297,1601,423,222,276,311,1433,756,1217,641,474,325,347,808,1192,2624,617,191,1083,366,765,388,317,306,227,747,654,452,233,2325,773,2701,1946,219,408,4656,181,286,472,320,233,467,2767,473,184,206,175,777,1655,263,558,584,205,328,1816,430,474,575,505,1508,382,3515,3325,408,256,2223,349,376,281
2045,1,1847,555,331,1729,380,567,1224,2680,3560,3166,516,1850,2574,1189,242,214,471,435,6446,497,445,1623,278,4479,342,303,988,381,263,636,2261,221,745,267,592,958,259,401,1227,746,3679,477,2190,314,1830,1968,382,607,674,1863,354,512,425,887,653,264,383,929,1210,1009,940,1207,465,1652,363,2252,549,321,582,4204,403,532,1027,1176,2706,614,1187,866,2488,417,350,1814,413,666,380,694,298,185,244,642,434,760,726,357,704,1692,2482,2212,402,1560,345,746,1282,248,1898,1105,276,820,2524,384,807,226
2045,2,518,804,380,2180,307,576,1462,4516,9094,1026,2038,3382,1479,1938,389,626,774,781,5991,515,1359,645,576,676,490,288,1031,741,1274,3914,1589,412,485,797,706,840,324,371,1124,968,2870,569,1034,396,1568,2171,340,266,605,3474,473,380,289,1014,315,1209,896,3003,3733,947,1184,1006,551,1143,425,1049,1714,383,736,3917,890,900,3799,1237,10341,1415,848,824,1499,253,420,1838,833,254,994,739,247,181,504,673,308,1092,746,408,2186,1463,2783,2779,687,1995,509,523,1814,481,1298,1358,485,480,5751,1122,498,217
2045,3,930,454,308,624,817,585,1551,5538,11667,2180,705,3708,1289,1450,1134,632,258,2040,2970,2011,653,1485,1581,1598,551,1859,633,1031,310,3135,897,748,247,526,2713,1282,757,2103,1269,444,3476,303,673,877,911,529,1002,565,1032,2506,393,288,467,296,268,329,1325,961,2186,545,1287,823,642,1955,211,764,590,275,1416,2307,1770,1700,1809,3739,9391,1556,1791,600,3031,925,318,1341,686,272,1066,533,942,593,813,586,643,661,837,445,618,5232,2437,1971,597,2382,269,602,5938,385,801,910,641,723,2563,1432,556,203
2045,4,502,310,617,381,366,462,572,4536,6658,1154,417,3220,588,609,242,215,213,503,1455,558,318,735,807,696,258,382,635,339,225,1275,1298,323,211,225,2819,1610,354,836,553,282,2179,560,316,273,469,327,870,261,770,882,243,374,327,239,253,356,1639,561,1452,432,888,562,474,1172,196,602,333,198,844,640,1223,1471,650,5475,3291,1207,717,374,1146,257,317,517,417,194,495,345,339,292,372,269,243,389,664,294,456,1927,685,957,262,3209,313,263,2300,215,411,562,333,416,944,721,406,194
2045,5,268,277,234,248,276,255,285,662,1109,353,282,648,369,317,209,235,199,263,770,275,257,312,280,424,229,234,543,219,217,556,659,250,228,196,802,470,232,388,312,218,894,228,242,835,398,243,817,207,321,404,230,218,272,303,216,220,892,356,663,279,346,315,208,412,182,287,245,191,349,333,515,506,456,1039,745,555,342,306,481,210,237,322,261,191,290,246,235,267,220,247,203,274,277,358,311,767,399,459,208,870,202,236,446,193,294,309,217,233,454,358,648,187
2045,6,215,275,266,203,259,208,264,347,340,234,218,326,249,293,201,190,270,225,258,226,219,234,217,229,300,195,230,228,335,281,486,235,205,318,284,248,230,249,221,186,306,253,233,232,386,209,234,197,222,289,258,315,551,195,203,193,274,269,354,223,229,629,186,277,179,216,332,195,255,235,437,307,248,496,400,331,256,386,412,445,231,221,234,224,243,204,198,184,190,192,188,244,267,227,217,297,316,282,190,374,266,407,277,198,221,305,201,222,312,236,241,191
2045,7,387,621,408,386,447,340,463,391,331,483,376,647,494,556,1193,488,234,571,402,401,395,608,354,308,510,230,236,357,395,724,586,2772,253,541,250,371,257,462,340,380,406,330,271,399,311,397,324,237,379,801,730,226,549,278,330,365,381,578,331,341,236,391,445,421,291,292,786,295,522,356,449,374,488,273,281,384,297,504,417,371,252,462,348,290,606,403,368,274,255,313,271,660,397,360,409,347,337,2231,315,250,638,400,395,402,616,393,362,390,615,879,370,424
2045,8,402,687,382,490,507,503,564,529,503,516,837,1035,465,563,1195,663,519,456,445,330,505,637,445,398,480,276,276,467,665,1163,843,986,489,457,303,1197,311,374,508,294,450,365,656,516,659,329,867,940,448,651,1015,500,700,724,492,606,356,2151,803,477,298,533,245,748,453,523,747,423,580,383,476,513,281,516,486,462,495,382,535,478,360,274,370,534,645,625,901,396,391,261,604,510,343,323,505,514,257,2116,824,271,880,412,980,740,700,574,861,1192,574,1885,336,736
2045,9,1342,380,1602,244,426,397,331,322,227,383,499,337,559,473,3308,543,497,488,305,382,559,1567,728,225,445,213,206,499,461,696,485,736,259,542,249,518,413,251,250,329,1356,462,1164,356,791,379,242,973,254,470,432,601,720,608,225,413,228,700,591,1562,315,675,392,480,571,304,627,228,753,258,556,547,437,527,596,422,475,405,996,269,208,366,515,342,480,530,358,494,559,211,275,877,287,243,307,230,227,625,377,190,575,331,340,186,1319,203,780,351,323,939,421,595
2045,10,670,656,355,388,653,397,217,1044,334,878,1055,399,637,4116,369,1078,541,218,304,238,1045,585,625,189,614,210,240,227,583,711,295,248,229,275,264,294,565,247,180,295,489,439,220,271,1122,290,191,234,476,270,491,426,470,1893,197,433,223,2499,10902,281,606,289,514,221,1159,345,471,195,364,620,296,424,393,383,2048,203,292,331,750,208,248,360,184,356,1916,251,460,229,589,380,202,365,267,236,181,1363,2961,272,196,182,232,199,250,303,390,183,217,778,430,538,186,224
2045,11,1127,521,241,230,466,317,419,7945,1674,390,683,225,874,443,350,748,200,291,193,783,482,900,1254,1786,286,230,621,246,633,265,309,817,862,182,450,465,484,256,182,451,264,186,208,360,418,355,538,478,278,284,832,192,417,450,230,885,378,530,507,928,2600,244,182,399,512,631,2095,181,811,5267,424,747,217,697,453,234,465,181,348,265,1508,324,226,187,1134,338,596,270,662,327,321,7745,343,274,179,956,2193,454,194,390,294,181,902,255,301,255,1684,248,1363,1636,184,748
2045,12,322,909,445,190,2780,469,217,469,641,271,874,287,944,266,310,1580,585,288,176,1065,480,341,616,1296,262,189,2848,2699,542,1447,357,467,308,185,739,469,229,445,176,2513,1216,6846,359,499,231,676,1433,260,302,877,297,245,225,273,301,332,691,690,2151,3733,1360,197,183,186,388,1278,504,219,1936,935,318,260,308,263,2180,471,213,194,716,221,417,509,442,685,2979,1681,243,324,650,613,1186,1436,542,185,253,489,1874,403,379,873,370,1295,282,1468,281,178,1307,209,1094,714,1630,212
2046,1,480,1606,2131,559,1108,698,819,484,1157,3587,7092,1709,4176,315,525,1090,246,1634,185,390,1408,1194,858,981,328,674,1417,497,255,368,253,286,773,210,1162,2090,1020,1893,406,673,1420,21529,257,4242,225,887,1619,719,1361,347,396,887,1623,386,203,760,659,718,8977,2379,1531,555,208,311,779,786,1016,291,908,579,649,321,677,517,3928,1364,204,264,702,2513,2200,1428,872,589,8198,492,697,484,302,354,807,1710,778,2141,209,1176,3271,375,965,350,862,1796,1617,558,259,215,810,1180,730,1257,721,374
2046,2,1137,1532,1379,854,2608,739,6078,377,1000,648,6306,4485,7051,256,1029,1074,219,6161,209,270,1115,899,592,1188,735,395,1250,576,560,674,306,542,302,231,729,721,1271,1655,253,668,708,11820,198,1478,1048,613,5102,861,379,415,772,936,370,413,464,736,644,1232,2745,1423,1510,356,187,387,514,595,951,631,887,469,299,548,746,239,11900,860,1261,233,367,5405,3018,513,905,1561,4890,316,954,712,255,324,844,6391,1649,1200,233,489,2063,892,1160,558,657,1396,1417,802,218,412,784,361,882,995,753,538
2046,3,330,2417,5846,575,3673,353,2328,347,2048,1041,6339,1231,9132,289,644,712,379,25353,197,386,1420,558,943,1292,748,1614,2512,1786,416,335,481,1387,1619,274,558,2642,1493,5734,206,530,4712,5195,196,8212,452,729,6933,449,383,706,3510,438,1179,385,238,2181,1153,1123,2073,1335,2163,1199,248,298,618,2021,550,707,600,373,234,683,362,466,8184,395,2308,261,981,8725,1629,703,903,827,5128,638,1098,234,1153,210,1699,14851,2386,1943,331,1996,5709,742,1168,452,667,1848,2702,473,706,600,856,509,639,1565,1304,1157
2046,4,661,736,1254,342,1111,244,1660,288,1091,771,2551,710,1852,204,742,374,203,7595,184,299,1090,386,516,913,516,518,1210,682,345,309,226,889,676,187,413,1807,1285,6788,175,395,3817,2680,186,2402,318,333,2234,286,272,285,884,265,492,283,181,569,604,509,1450,745,1370,590,218,212,375,664,522,220,366,295,274,312,1137,234,2170,312,476,177,749,3147,689,612,343,717,4639,427,564,212,687,205,2258,7790,1157,794,203,1035,2653,397,499,300,312,4051,1105,378,292,676,481,315,462,811,532,763
2046,5,251,324,1096,234,407,212,363,243,330,417,920,313,449,211,301,335,187,1831,175,205,373,308,292,393,245,245,607,345,351,215,238,338,428,172,250,456,520,706,172,264,663,1052,185,598,209,254,559,211,218,235,382,267,377,207,178,305,250,342,563,401,478,230,169,198,299,413,285,269,292,251,194,214,346,260,1112,223,297,448,563,1390,357,273,289,511,1141,254,280,188,265,186,762,1101,433,368,182,332,700,560,300,540,227,741,555,692,212,211,288,335,314,410,348,251
2046,6,214,318,321,190,275,197,263,196,231,231,299,234,302,187,263,272,190,617,298,239,265,284,216,255,197,202,375,232,197,209,213,206,278,171,219,356,255,296,214,220,316,306,183,273,227,225,403,226,190,235,227,245,293,219,173,225,308,299,257,341,315,196,169,200,209,285,279,182,254,200,184,192,206,254,404,196,294,790,243,375,295,207,270,313,468,196,221,229,222,183,284,468,402,334,228,240,309,255,265,244,248,309,271,218,250,192,230,273,226,248,225,211
2046,7,565,255,815,250,371,215,463,385,385,319,277,391,532,459,897,750,323,407,266,594,470,354,326,314,198,356,614,441,575,307,272,326,440,283,321,1147,274,310,741,355,294,278,362,435,305,260,475,656,366,332,236,432,389,305,251,337,366,315,330,417,568,255,303,290,352,293,339,569,442,331,272,332,231,381,477,344,466,394,425,291,434,440,550,426,265,287,227,440,468,346,370,667,434,647,587,623,366,512,843,204,238,381,336,489,307,525,412,450,334,375,303,501
2046,8,1161,251,1267,362,580,374,392,610,577,772,273,505,409,481,2894,566,242,570,335,1285,544,669,500,645,246,690,1111,534,1164,786,383,320,380,1557,425,769,400,293,888,378,580,255,819,283,590,695,588,634,859,784,501,922,605,436,1174,402,386,509,483,366,1199,234,618,1056,276,977,508,521,1190,383,631,600,383,1341,398,389,440,365,1737,463,922,834,663,1017,319,655,338,414,289,517,290,4337,2407,348,739,622,434,959,464,305,738,399,435,372,347,951,634,422,561,372,266,562
2046,9,417,192,612,279,503,313,389,377,406,427,336,424,275,288,3670,455,216,276,750,2423,263,1682,312,447,251,192,1112,370,924,354,187,318,1179,1263,354,419,318,385,999,340,518,296,251,394,980,367,807,501,948,988,354,2304,362,475,796,600,742,445,654,376,1405,201,263,406,189,826,221,380,494,338,1289,253,650,354,921,433,850,424,1398,369,438,2025,1013,1152,264,526,1345,594,365,403,407,5236,598,279,375,403,347,586,649,218,493,3090,1900,200,219,453,680,373,578,503,190,668
2046,10,388,233,664,190,569,845,439,771,204,186,1848,194,973,413,472,391,631,351,486,446,703,2302,377,183,240,240,959,940,734,257,176,454,315,297,473,353,183,355,499,481,262,400,310,249,215,1264,450,252,439,1615,187,352,276,640,351,973,278,214,510,300,497,435,399,554,238,340,217,201,254,9952,508,277,212,499,1204,310,1274,1229,2140,263,271,685,570,405,314,1777,233,183,511,188,335,1750,308,290,252,248,603,197,202,523,1753,663,797,190,387,479,410,773,240,276,323,623
2046,11,1006,802,1785,450,1318,225,411,1977,246,336,387,562,1657,355,396,373,305,243,592,474,508,844,505,232,175,317,999,603,1258,272,399,259,199,225,301,286,177,516,310,183,1441,512,186,261,1350,455,229,306,556,606,276,482,287,274,915,600,715,180,327,180,546,254,667,378,212,428,181,208,501,429,536,325,232,218,789,257,889,1442,1806,793,1485,368,214,232,726,741,558,313,497,192,932,14973,210,297,179,200,290,684,186,180,526,424,1138,456,454,199,812,1220,541,201,289,1552
2046,12,384,986,420,317,294,384,525,1980,201,955,2599,763,439,296,303,262,806,260,662,280,815,387,605,291,355,491,624,339,2132,371,224,178,1168,215,755,434,177,510,238,3425,326,328,207,280,414,1842,386,2189,546,280,417,968,1305,945,4737,561,217,289,241,181,280,598,319,3224,246,567,176,239,496,286,435,3429,667,206,257,289,6463,412,856,447,5605,270,203,732,1289,406,343,2038,326,1272,334,20301,326,261,585,893,1203,334,644,290,505,502,268,799,246,199,328,395,481,529,360,1139
2047,1,1703,419,5871,198,307,1360,826,1477,233,329,12655,406,561,1608,318,316,682,322,332,879,1438,333,594,521,1231,265,723,843,1117,348,284,1063,395,742,559,279,400,697,211,439,274,1811,4901,2157,462,4111,336,1362,5604,514,4788,960,1171,2437,2220,427,596,247,688,457,1649,328,710,908,297,1433,213,236,625,272,693,1380,400,485,385,1213,8747,334,11174,597,1982,584,2558,352,446,990,817,3452,918,1699,359,20500,638,977,1017,963,9740,1392,216,282,355,401,1062,392,1279,1667,348,559,338,875,432,987
2047,2,690,377,4115,314,991,2362,881,1315,187,815,5168,745,463,1161,269,327,316,2509,271,3473,2787,1023,516,815,358,766,1157,1097,724,387,231,735,964,1203,611,359,290,291,198,1137,476,524,2088,1271,348,3253,266,2130,4757,840,5148,571,633,1192,3692,269,1359,768,847,253,1132,337,277,2330,493,353,888,377,420,800,2704,933,796,252,1080,572,3625,674,35481,478,1138,2906,2070,1354,300,854,634,1852,480,453,222,7991,303,1052,461,370,3317,568,586,183,1494,562,1445,452,944,727,240,350,362,625,449,1490
2047,3,399,357,1495,593,514,2399,317,2066,284,557,2157,1237,628,1636,2126,196,326,399,354,2844,4731,2307,1679,513,245,254,5652,1500,593,654,214,425,515,1251,1141,1946,1291,590,205,685,257,1224,2393,759,424,2379,223,4158,2389,1218,4804,2171,549,1088,2084,309,876,857,760,1554,1336,1019,242,1499,435,653,746,1257,253,307,1455,2333,2135,235,419,346,2666,315,9239,291,1006,1817,2300,1608,258,637,806,1267,263,737,841,13963,979,288,300,396,1430,416,375,905,898,2447,1786,408,316,310,228,299,317,1924,1871,1093
2047,4,282,243,1312,601,274,4516,289,713,175,314,834,854,371,1226,2665,201,230,268,229,2657,2171,809,578,440,429,217,7311,2072,375,266,198,317,479,550,441,686,277,251,185,338,252,1187,1330,485,338,905,203,1213,1083,919,1469,725,352,524,1292,250,378,619,343,270,654,316,271,667,268,1521,344,368,221,326,573,1386,741,210,645,269,941,255,3060,229,1011,927,1509,657,236,553,422,598,273,419,481,7890,661,252,293,251,718,332,261,574,412,757,720,263,288,307,511,354,398,851,423,607
2047,5,226,220,531,202,239,1262,227,401,184,224,416,752,248,375,453,182,219,224,315,622,598,501,344,241,237,190,890,1265,287,220,188,229,244,287,422,354,220,258,179,257,205,378,495,339,239,473,220,450,392,473,437,268,275,311,698,205,247,225,290,216,437,263,222,422,207,617,233,447,195,229,332,432,318,194,261,251,588,272,873,240,404,329,843,310,203,269,255,504,255,255,326,4607,328,235,234,206,348,251,253,268,262,429,343,222,282,244,460,214,266,383,378,354
2047,6,193,215,263,192,252,297,192,253,196,213,268,250,262,238,243,215,265,191,184,302,285,319,232,215,198,182,458,398,273,191,193,204,270,559,226,222,195,274,201,218,204,265,290,213,793,268,189,256,251,231,281,212,244,252,249,194,211,202,196,200,407,202,228,264,181,277,222,209,241,219,238,274,522,181,207,191,317,314,618,188,257,254,363,223,196,210,261,1171,330,225,199,1870,218,201,348,306,859,213,192,190,210,259,230,221,231,210,217,204,203,291,236,292
2047,7,262,278,258,403,354,338,423,861,602,451,275,410,435,530,477,994,522,351,327,453,286,325,258,313,783,225,537,1084,842,675,505,612,267,1196,449,328,302,540,283,280,326,611,548,274,1171,386,279,291,279,1053,429,221,273,237,520,407,345,559,248,226,507,312,431,492,265,421,409,430,593,357,299,660,491,246,286,309,412,329,1375,306,238,338,525,521,292,392,318,424,503,526,325,472,331,297,431,384,872,466,671,421,291,359,312,628,599,269,447,400,508,462,591,469
2047,8,434,620,558,270,1306,968,487,1353,633,560,776,905,459,810,408,992,688,542,298,1014,307,322,414,738,1650,233,708,1594,348,1832,926,625,530,978,647,357,583,880,718,432,485,974,935,220,1322,447,294,474,716,2721,660,640,313,284,583,377,580,695,450,327,681,674,307,280,283,469,828,1011,558,608,627,669,559,304,334,474,439,268,1182,360,437,742,1024,569,685,409,372,786,538,603,508,457,291,384,615,437,444,661,1033,472,272,204,724,2743,476,545,591,291,831,706,486,517
2047,9,454,880,766,193,402,533,309,244,864,1338,369,622,552,354,204,1108,481,311,266,800,426,444,596,202,1296,418,267,441,237,757,547,517,620,479,274,263,365,836,791,484,414,436,362,1684,1166,286,239,189,425,588,1293,442,927,283,696,301,293,357,328,248,228,266,204,412,208,466,1086,971,659,823,196,271,201,1245,668,618,377,185,585,232,588,431,506,757,604,417,648,950,233,304,230,579,262,359,927,229,311,206,907,202,250,372,516,2021,423,534,292,329,411,546,265,564
2047,10,184,683,631,318,395,367,179,229,846,248,527,3031,1112,254,247,1000,191,362,275,1821,191,769,248,245,353,202,262,1512,443,493,498,1076,1347,2394,307,221,199,369,1533,1713,388,234,450,668,728,589,174,535,903,1433,378,1428,241,190,196,233,206,297,1702,706,302,451,527,312,211,885,340,199,480,514,257,235,382,585,327,1579,362,206,1855,270,340,921,228,693,1145,857,359,448,348,470,178,2167,802,471,716,177,289,425,283,355,291,1405,298,340,375,316,346,302,337,429,476,438
2047,11,203,360,1246,197,490,283,177,1649,399,1181,704,1173,631,562,264,255,196,180,275,1737,295,199,238,198,456,235,1106,392,353,1204,465,344,267,378,209,2294,332,553,392,351,915,1114,382,856,1041,335,334,287,1894,523,638,244,230,233,225,187,680,241,239,681,324,390,672,233,1637,525,293,276,358,987,271,219,282,592,1376,696,450,196,1668,227,415,432,676,287,454,463,1179,247,276,351,179,1804,3079,187,1799,182,292,535,228,1322,541,624,430,373,313,200,409,436,295,268,1220,581
2047,12,196,343,2148,173,398,351,655,341,318,827,319,1282,246,230,232,410,344,1310,978,2020,233,694,1426,285,221,267,1007,529,293,480,246,993,361,757,180,951,599,2138,1522,3162,414,459,270,2890,1495,445,1040,272,1953,1971,516,348,231,182,327,2373,280,877,577,2910,847,845,1085,188,241,308,701,272,619,328,260,184,1002,250,1046,320,1476,175,476,974,304,400,955,258,676,456,769,320,185,268,262,591,1623,675,2206,407,254,343,263,341,2419,442,1598,282,1228,232,1141,479,314,234,851,1289
2048,1,1025,439,1068,973,776,264,1025,610,997,449,671,4473,2341,554,288,2560,1761,391,356,3409,1061,1626,813,413,260,438,5024,1984,227,1938,236,1258,330,813,291,688,672,2196,15355,1769,268,417,252,4630,1011,825,351,540,922,1056,670,256,369,399,1619,1386,268,1597,1381,1255,556,852,1389,1259,441,357,1135,189,773,683,251,547,1038,646,1148,276,385,275,1111,6911,211,1057,369,789,1436,234,853,224,213,275,257,554,659,501,3444,674,943,1021,1097,348,642,788,431,606,847,1224,1244,574,230,1157,6040,5850
2048,2,747,588,2730,376,429,335,371,3980,636,590,444,1256,4164,229,426,772,2209,383,386,4865,628,3891,1172,942,296,324,11016,1811,197,3240,693,639,415,1267,292,2046,401,3242,7327,1398,268,1400,1046,6363,1038,371,248,780,1087,1437,367,364,1012,231,573,1076,281,602,3527,2546,1281,385,2574,988,365,1339,1050,623,1152,745,212,868,851,919,891,668,612,355,1914,5313,698,363,302,1210,577,337,2864,210,243,588,239,529,598,531,9017,2627,1044,1203,321,552,835,1013,473,1006,727,328,1324,263,955,1297,27068,5416
2048,3,334,662,1628,317,316,711,243,3402,317,493,452,538,4481,362,224,1078,726,292,652,6125,972,5613,2135,1149,243,259,7588,1799,231,3547,221,1602,238,1895,4999,3887,1222,1997,12641,1070,7009,445,427,4450,865,266,226,611,3125,2027,2050,410,446,205,2302,1416,346,3913,2093,2167,388,587,1897,445,327,871,1079,1104,838,719,736,1281,1779,8194,1358,1235,778,1154,2185,8012,708,509,239,898,800,287,1685,248,187,733,174,1734,939,492,7149,1141,534,856,494,924,618,1258,593,1591,433,619,2215,246,413,541,11608,4975
2048,4,229,379,697,207,247,337,209,2600,255,414,290,465,1593,218,190,552,357,322,591,1800,344,1715,1107,429,225,229,2109,727,249,1833,314,1037,275,1587,893,3176,638,600,14849,450,1098,404,240,1953,606,226,218,310,1123,2979,512,214,293,178,694,1332,198,1033,835,652,289,416,1639,318,230,620,448,320,408,455,220,758,1302,3503,473,520,663,253,733,5382,271,373,210,1076,468,204,805,492,217,321,172,1153,400,294,4276,732,332,485,335,835,477,554,907,3569,362,694,1996,209,549,348,3737,4025
2048,5,199,282,323,190,212,201,192,2207,214,282,277,328,516,190,185,286,305,204,292,490,310,739,380,335,188,187,537,445,212,665,409,394,236,404,342,512,1078,394,1339,273,323,486,227,502,363,203,192,245,430,1258,306,214,210,189,322,451,201,360,473,440,249,348,2200,228,261,286,267,251,267,293,219,371,431,1720,286,254,292,207,369,982,227,758,194,441,257,190,360,221,172,225,206,436,262,262,1303,449,227,266,253,578,298,334,630,688,253,331,661,239,314,263,2927,763
2048,6,221,195,231,195,187,188,182,514,244,224,238,235,500,182,192,210,213,193,201,321,214,313,285,634,335,201,298,277,181,312,441,236,185,248,238,341,315,271,406,247,275,219,216,269,235,263,385,197,359,498,232,187,217,196,223,265,210,242,274,484,194,248,353,227,188,208,294,233,220,254,188,216,278,478,219,207,242,215,368,397,217,335,200,233,209,182,236,361,170,190,173,272,214,196,347,230,302,211,193,249,258,257,233,278,202,214,269,201,468,209,818,354
2048,7,668,414,355,237,359,422,388,678,281,411,360,328,733,375,249,310,339,268,442,381,289,289,328,322,462,244,482,516,594,504,921,261,337,430,378,428,471,360,396,640,323,763,430,394,335,283,434,468,584,382,241,542,230,251,331,353,334,348,572,453,314,381,286,256,264,260,1542,405,428,436,679,288,421,724,353,483,502,306,640,350,339,592,353,391,403,327,400,435,261,374,277,659,334,340,252,238,557,295,406,672,1370,256,354,471,461,408,605,376,524,487,774,546
2048,8,706,693,650,211,396,336,308,839,980,1281,596,360,300,397,226,1130,855,458,2792,388,267,275,441,412,909,340,373,438,1014,274,646,389,262,637,373,353,646,392,599,625,557,1652,1212,440,391,1020,399,1130,592,610,323,880,243,347,326,430,902,692,327,447,690,480,394,866,256,229,1963,286,728,844,1378,599,595,925,605,399,318,253,786,1603,260,600,488,760,411,358,444,715,307,555,965,635,546,331,248,363,614,1098,636,763,913,291,786,501,1069,446,1300,665,1256,600,1007,744
2048,9,554,577,287,239,192,343,197,362,264,382,563,362,282,659,281,1169,627,708,1016,265,688,564,660,303,451,253,666,278,328,257,478,570,190,497,708,249,383,238,514,603,187,5885,332,214,447,502,229,2180,323,299,239,222,236,244,454,694,277,1141,377,1082,704,257,391,680,195,230,1591,310,539,869,563,445,294,1864,399,307,201,334,388,1637,318,211,289,189,451,390,331,408,761,727,312,734,740,212,293,410,329,969,194,661,996,218,444,275,544,1024,273,534,1068,417,214,615
2048,10,1152,359,181,232,206,230,351,685,389,233,1281,401,191,530,173,448,224,501,1003,182,809,185,399,497,531,231,375,509,879,494,478,438,178,388,281,512,391,876,349,272,290,1115,229,502,281,187,1236,300,322,286,201,750,252,250,179,279,788,206,194,447,807,943,345,641,322,193,410,394,188,1133,3217,225,330,465,498,275,236,214,467,731,238,367,177,188,390,337,223,236,188,211,179,346,825,305,180,290,1731,4214,181,511,259,206,6430,203,259,350,212,4172,224,382,267,334
2048,11,722,642,311,170,316,239,242,472,312,564,322,182,256,268,209,725,305,346,536,257,214,181,698,1209,221,447,209,364,772,488,946,230,1163,196,370,1024,799,215,363,209,179,566,1547,428,201,192,274,662,286,250,551,362,405,379,225,187,406,197,452,1432,928,419,674,249,729,338,248,290,183,506,2267,182,271,643,307,285,453,232,779,666,468,502,1133,254,491,397,238,190,188,476,223,403,340,263,250,725,1420,843,297,535,328,252,2800,230,343,236,512,680,198,463,671,640
2048,12,3588,1281,184,186,1271,327,252,262,2943,1509,623,1895,266,808,354,1709,269,470,1281,202,198,585,228,2097,372,250,285,207,340,656,308,192,705,369,200,3555,327,549,276,186,183,372,339,2882,199,531,837,278,1013,493,693,877,410,263,786,712,234,244,1436,2139,440,241,406,2166,2475,212,237,184,182,1716,655,269,293,345,214,1380,1114,189,543,438,421,263,507,289,506,209,205,506,186,247,416,355,732,441,610,1964,993,2397,309,237,529,698,2859,210,195,767,193,302,321,988,384,218
2049,1,2044,386,238,3248,556,414,261,541,2277,2609,317,625,459,2308,413,537,893,1336,1128,441,264,839,315,1656,734,209,759,203,1301,600,308,363,842,1468,201,7313,802,286,2245,849,308,372,1404,871,179,2590,465,1372,4465,1040,1395,391,313,346,229,306,1033,227,511,1851,572,347,446,1022,784,241,2240,224,200,1032,677,263,515,314,258,514,491,194,883,731,1350,1179,484,286,410,426,411,393,924,747,282,746,408,1069,2779,448,1806,3895,475,1028,253,1069,4250,520,223,429,506,443,1061,438,712,440
2049,2,1678,983,1280,3751,627,343,598,369,1253,2196,772,372,549,907,515,696,1444,3436,794,758,192,343,373,4048,905,630,3098,788,737,313,231,718,563,405,250,26065,436,457,899,282,364,1065,690,899,179,1008,443,764,8527,1042,1399,780,220,460,237,435,1473,214,386,9785,424,1077,443,1547,1500,194,780,488,290,1781,568,545,279,2354,284,450,722,554,520,352,313,1218,274,429,237,327,206,213,365,1033,617,782,367,991,694,841,1423,4340,413,1122,369,835,4300,532,1012,345,1063,1603,2016,419,393,565
2049,3,1859,1284,1064,1052,488,462,243,288,1191,1579,1210,1169,1401,2823,317,1474,401,1928,555,808,229,749,474,9079,1477,1258,2501,511,430,323,214,1041,668,272,2141,14381,593,480,522,640,183,2612,1328,6066,466,1394,710,455,8482,604,854,1110,508,440,197,1651,3555,291,430,6746,314,1890,239,2384,3845,530,2271,292,267,1441,1153,493,957,2580,292,270,574,798,1236,447,879,569,231,1897,258,326,1087,206,235,565,254,1187,379,580,458,798,2667,4953,454,3294,288,2107,1172,342,322,1745,605,1195,1115,346,567,650
2049,4,660,826,857,497,281,255,190,812,603,1236,580,372,364,874,195,669,297,912,290,371,227,332,271,6997,1095,282,1440,217,283,252,475,811,305,237,378,4878,366,270,325,230,205,1735,754,3299,344,813,455,308,9652,301,491,601,216,300,198,336,1326,345,278,2288,273,562,207,3367,4653,281,699,537,466,526,626,208,311,787,195,343,257,282,495,300,381,355,470,384,220,256,334,190,499,293,207,486,574,438,429,571,1470,1232,552,5810,259,1277,712,254,235,915,411,665,603,435,292,323
2049,5,353,498,271,294,216,189,183,340,344,350,289,258,281,406,183,326,232,352,225,216,183,347,209,693,321,219,560,198,231,222,292,374,353,211,340,2600,222,397,231,226,216,611,321,738,182,356,300,224,1280,356,277,432,206,191,311,234,468,219,219,711,273,274,191,697,1389,179,345,218,209,365,447,193,250,450,185,267,222,201,714,682,280,637,278,311,253,190,266,198,434,224,202,323,401,307,383,289,533,363,239,808,195,444,360,243,294,303,425,443,326,215,267,256
2049,6,238,288,199,486,262,181,248,198,234,256,221,245,225,271,207,231,203,242,202,197,227,455,205,396,257,210,314,187,232,194,187,330,220,371,235,727,256,369,225,216,171,319,244,425,219,234,382,195,318,290,248,259,204,193,216,271,298,200,190,335,247,208,183,374,745,179,256,208,272,238,378,204,238,245,193,191,283,205,250,689,220,219,191,279,183,225,217,189,237,193,179,214,201,213,226,210,271,317,205,317,203,275,304,188,333,241,316,250,267,190,209,197
2049,7,546,340,638,374,517,345,411,280,607,305,384,454,686,274,332,466,393,375,495,326,320,245,221,273,457,418,340,466,400,275,846,390,305,300,362,268,510,367,354,267,352,410,242,348,309,248,264,301,432,403,324,356,418,344,298,582,402,377,350,498,552,343,266,326,344,301,931,538,259,710,538,459,582,342,412,414,674,425,440,417,334,422,359,518,308,533,363,558,348,414,257,332,383,314,267,272,285,239,345,351,297,447,594,619,367,595,397,284,469,429,659,478
2049,8,2641,713,491,265,319,449,610,430,912,411,2188,779,677,349,320,827,432,502,529,345,318,324,346,285,456,601,601,675,449,396,1018,501,392,449,300,244,516,617,960,767,543,678,240,422,353,241,534,405,572,511,479,612,559,263,348,712,356,345,539,791,421,1317,341,435,335,1105,1852,617,576,573,662,427,423,477,428,505,515,390,1077,742,401,609,484,627,288,480,581,428,643,987,572,662,354,287,298,626,441,442,591,468,408,515,625,589,933,754,856,413,1243,759,790,599
2049,9,1639,597,251,362,916,425,1205,222,341,308,651,414,421,306,638,902,441,673,364,332,253,490,445,221,220,1082,1286,268,258,381,655,285,257,991,377,249,253,376,1899,401,2219,340,362,252,296,181,363,201,285,538,701,207,512,203,315,331,330,939,300,291,463,499,337,300,446,439,813,329,1316,486,690,193,183,308,399,1632,1317,335,2126,583,697,734,1778,364,566,330,284,233,340,373,825,1493,190,188,209,467,451,475,1446,538,189,356,1507,314,918,758,1684,553,1265,642,204,563
2049,10,1406,779,511,273,213,201,1623,189,317,351,2157,4070,1270,329,403,299,186,321,399,196,289,559,578,204,183,704,761,228,271,261,451,298,189,492,258,3646,226,260,219,242,318,195,345,323,297,178,510,281,371,727,232,252,216,215,1205,237,217,337,435,303,2883,431,404,180,310,240,378,247,785,263,288,193,410,2325,585,419,343,186,881,554,852,258,411,288,423,1438,406,821,248,308,987,966,509,739,610,197,505,690,872,259,184,317,573,232,1426,219,259,203,352,191,291,375
2049,11,617,361,569,369,229,174,1899,194,680,871,507,1975,870,426,328,647,193,276,1236,276,513,1198,324,369,182,872,512,276,184,377,458,807,218,194,321,3574,255,270,257,567,205,181,385,253,591,186,538,366,366,607,438,179,178,263,853,467,365,513,760,256,1534,1448,190,202,186,259,312,245,459,354,264,261,485,903,378,210,439,181,1336,1966,849,247,1479,242,334,458,227,281,323,1569,466,373,437,5571,1291,188,650,423,349,464,196,660,400,321,1109,381,896,211,317,186,311,536
2049,12,2057,375,874,263,1824,285,385,175,298,273,462,2994,805,486,235,340,861,321,882,178,251,350,865,369,196,272,797,1113,178,270,3759,308,297,313,1259,1470,734,182,196,1831,251,185,345,315,441,182,355,215,252,262,1179,226,191,447,704,383,224,541,403,1104,984,835,345,242,199,260,782,1378,3629,468,1227,175,229,3308,238,201,1611,173,993,447,491,414,2440,434,598,275,217,216,223,594,419,231,236,466,857,198,505,342,779,211,1666,293,269,1801,340,587,298,332,235,817,323,220
2050,1,1677,243,2944,879,852,344,411,175,706,2328,323,4101,491,563,195,229,384,190,693,633,189,309,566,224,374,261,1080,1388,665,4840,688,1167,405,936,4906,5201,376,1124,231,902,216,279,573,844,217,621,1281,3124,250,774,366,311,198,447,801,961,1338,661,242,616,1561,529,515,531,413,2922,689,263,7101,926,1378,188,611,2862,918,356,439,466,3981,409,530,1383,708,1323,616,867,230,976,539,1068,368,2527,207,521,370,395,523,316,449,355,1289,847,575,4115,620,852,273,262,237,603,344,218
2050,2,2045,218,1690,281,534,359,591,247,1125,754,573,2002,810,506,432,436,326,607,497,480,412,387,1400,564,869,457,882,516,2167,4872,487,1090,223,2611,9835,5080,262,424,209,1497,658,198,1438,719,548,628,752,1955,392,1126,740,202,510,880,341,263,1309,1544,1089,1423,5696,362,246,468,255,2857,931,271,9352,1184,1289,317,278,11045,1318,1093,402,902,16810,368,457,623,1605,454,681,878,346,3462,325,892,486,731,315,339,412,486,478,282,776,255,676,2451,342,4166,826,600,847,419,1581,1014,539,243
2050,3,1641,269,2457,228,709,295,563,202,1304,580,724,1972,3057,909,234,319,223,871,327,1856,243,708,1336,2984,209,1007,592,1249,2420,3765,339,1047,209,535,4091,6607,347,1049,186,1085,807,296,602,325,653,319,1147,806,323,1201,391,230,211,314,435,523,3549,421,450,4445,3620,3068,426,203,196,1522,857,586,5184,368,723,784,599,5060,892,1031,1509,398,11027,1982,421,717,2796,562,304,877,1217,1220,474,555,244,551,274,280,289,457,279,736,544,456,886,828,604,1680,1244,668,861,526,455,505,258,403
2050,4,1066,202,820,207,713,245,315,179,899,332,374,992,924,482,260,209,201,393,448,1381,246,281,1552,1008,196,713,453,727,702,856,271,612,313,444,1311,2158,226,886,185,484,300,176,308,253,264,206,2316,408,204,1477,544,176,306,238,297,334,772,287,242,4541,2244,1154,257,204,217,682,422,261,752,271,436,625,320,933,441,283,913,308,6531,950,274,692,6590,327,273,1829,880,470,206,355,227,372,196,243,266,213,237,316,342,249,529,457,345,790,871,329,1086,223,277,372,204,197
2050,5,454,189,321,197,274,207,258,193,313,295,246,404,495,249,193,193,195,234,251,536,185,519,407,346,188,310,250,327,470,422,228,287,198,315,530,784,504,347,177,291,235,175,265,222,206,189,636,275,185,435,242,199,262,198,225,211,334,223,211,708,629,423,251,195,188,341,249,244,536,215,283,376,271,405,250,225,377,228,1458,520,211,303,633,216,263,477,705,382,190,245,215,243,182,216,217,187,402,237,374,190,275,280,284,457,397,221,304,233,278,573,211,186
2050,6,256,256,274,210,218,171,237,192,252,227,256,249,278,220,176,185,189,198,201,261,178,451,266,231,254,346,214,254,271,235,195,269,176,209,292,321,188,216,225,217,493,184,235,230,211,182,372,234,205,287,205,175,172,183,235,193,242,206,217,411,311,995,218,194,233,299,239,190,264,220,240,306,210,246,273,197,283,186,576,306,207,234,315,251,483,480,242,257,182,213,189,217,182,214,232,181,252,203,223,228,210,265,215,247,246,196,515,206,197,207,243,190
2050,7,314,440,278,370,293,302,445,275,1046,399,355,356,445,294,388,312,531,413,325,335,254,362,670,332,508,585,206,336,331,316,401,417,365,303,552,353,322,374,412,278,514,408,259,330,409,416,314,380,385,646,629,292,250,281,222,292,360,346,271,417,236,438,688,225,345,658,455,536,347,322,610,493,354,353,340,252,395,254,987,247,364,569,295,504,467,473,474,385,418,368,297,391,281,326,249,293,284,330,527,564,215,388,1588,324,413,449,496,263,230,372,663,320
2050,8,388,579,439,462,547,367,558,627,1351,400,1591,500,476,496,485,366,392,346,426,358,349,614,496,214,639,529,426,259,1574,458,1316,809,499,394,996,522,321,360,555,497,409,544,380,230,673,399,333,574,1093,1721,1099,412,476,337,213,1036,366,507,678,283,209,494,1084,299,201,484,1734,486,657,883,452,456,407,741,327,270,365,232,556,461,327,839,331,574,1421,877,697,251,861,703,505,598,240,424,255,565,408,422,432,453,327,932,766,2035,968,294,1543,559,419,562,626,346
2050,9,876,244,300,213,662,625,236,323,958,264,647,277,330,228,592,411,390,190,1019,267,272,542,398,191,648,431,311,226,360,291,633,848,199,283,1010,411,249,448,602,539,206,653,188,215,649,284,375,235,344,2061,421,216,439,635,465,332,294,287,321,453,503,279,260,311,276,397,334,330,321,295,337,203,229,292,1668,543,205,188,208,281,3413,252,235,939,527,576,595,197,581,471,583,611,208,776,617,251,643,578,507,516,260,253,209,277,224,281,973,483,225,406,1363,241
2050,10,495,530,369,289,440,307,180,334,492,371,402,692,693,185,534,3103,505,194,1004,312,841,503,255,211,224,306,604,319,223,405,267,241,264,281,213,1612,641,473,732,189,179,315,1304,176,1131,206,181,545,211,791,614,343,257,1711,1464,271,524,1923,188,667,685,208,284,270,225,706,225,283,878,549,409,296,233,527,3856,393,241,285,234,363,756,465,215,748,226,556,333,994,364,246,349,424,2736,301,187,185,271,194,255,353,328,912,223,238,479,216,1892,316,3113,306,443,172
2050,11,430,210,208,637,662,521,191,611,236,377,332,692,1087,412,321,582,1875,853,885,320,1074,323,275,180,198,375,1213,259,203,240,389,826,398,504,197,458,926,1329,1432,294,202,332,667,270,347,193,248,566,188,806,490,298,366,357,273,507,957,1336,335,1572,575,186,469,525,308,611,651,896,524,342,1471,247,600,198,4977,731,443,419,373,423,230,196,4219,356,1228,535,603,1467,795,309,611,217,495,301,226,239,268,823,375,226,753,546,196,223,217,410,731,630,1745,412,230,303
2050,12,232,511,1120,741,1066,243,258,826,615,283,347,1089,332,1043,192,813,452,774,788,955,3064,613,186,289,2635,217,1104,265,256,190,403,290,815,251,331,2041,777,646,332,1517,515,182,389,651,537,212,1269,566,405,1382,367,182,1501,501,255,706,4115,1739,507,296,279,251,991,224,751,1016,1013,433,805,2857,1292,1775,486,1097,552,602,8319,1502,1644,636,347,188,481,443,859,1115,362,618,1961,762,513,373,766,237,228,173,279,211,591,1408,302,284,281,459,332,388,1401,204,1146,369,527,174
2051,1,446,367,364,283,894,201,1866,925,522,815,344,1024,314,1497,277,1287,1487,3927,479,1030,1418,342,227,562,3811,192,345,219,302,1680,229,1060,412,476,757,1639,406,963,301,595,612,750,656,310,1104,235,1199,1420,405,1881,846,184,1761,440,215,648,8236,3125,487,546,1107,716,568,1134,2186,1520,391,975,321,1361,1000,6283,1096,712,1892,355,5833,1069,1537,3444,258,314,814,1013,430,1265,1498,512,616,953,498,234,309,854,238,2176,398,213,1439,407,869,420,1182,2339,362,1900,714,349,2813,2607,565,768
2051,2,229,805,700,284,953,621,624,600,1117,1420,2786,1851,1261,405,638,649,924,5568,420,670,2322,348,294,372,1063,347,464,184,215,1226,1865,554,518,2042,1531,2467,281,2602,328,999,1009,2983,450,547,572,801,2243,782,1047,2936,1553,244,1054,296,204,452,12038,1406,1923,423,709,234,474,400,514,818,950,2337,329,1065,1956,3064,573,945,1404,351,5494,768,1064,7090,507,561,1441,637,474,629,893,1103,546,822,681,1154,839,816,475,961,192,261,1155,500,919,1110,648,1071,608,509,1233,210,2041,507,682,589
2051,3,425,303,1352,263,826,290,819,737,1067,346,1862,1032,1237,302,1157,624,4699,9861,550,1071,1385,768,620,1524,2697,859,322,184,266,774,349,399,686,2119,1326,2739,247,2404,265,384,1362,1036,634,638,640,219,651,1290,825,1724,933,174,1357,304,224,1427,4833,1687,1234,479,329,398,342,546,476,856,451,1069,417,831,739,2611,500,1005,1058,455,6673,1891,6658,4070,1737,212,1717,1023,864,1138,528,738,415,398,712,2844,390,1220,557,932,302,624,690,797,1402,320,402,1043,453,1695,12746,239,639,369,1090,680
2051,4,208,245,1979,214,413,201,337,332,402,267,706,490,374,289,295,356,2863,5805,294,692,534,302,234,312,1938,295,321,322,376,421,264,450,324,975,759,985,256,1374,212,313,357,449,483,409,371,196,546,926,296,651,494,169,969,380,208,333,2060,1120,994,298,275,297,262,281,414,588,335,615,297,540,492,1741,476,919,484,251,2746,1254,1760,2644,426,242,1142,437,435,997,397,581,291,293,347,1182,266,626,201,817,370,235,420,438,1558,313,317,518,277,2721,4442,191,392,384,1314,422
2051,5,196,200,720,209,250,182,227,256,249,217,558,329,279,230,230,334,848,1292,269,347,381,239,186,259,506,198,224,181,201,246,252,231,283,619,662,514,375,388,193,261,266,272,256,727,250,226,285,412,215,380,264,189,436,206,193,244,1157,402,1155,222,227,190,210,253,459,324,234,383,253,301,301,784,302,324,290,364,732,707,546,1104,271,204,514,278,251,479,297,270,809,280,225,389,217,454,254,597,185,198,670,238,362,312,237,829,224,447,947,198,295,849,602,352
2051,6,184,226,292,215,213,180,302,222,223,219,264,236,207,201,415,219,320,459,203,220,226,216,217,231,285,185,193,176,180,201,203,212,211,386,344,282,314,763,188,206,203,249,271,210,208,217,221,318,203,263,227,166,246,202,184,276,343,246,288,205,208,300,210,196,286,269,212,230,376,356,337,381,199,246,247,247,681,289,294,391,220,223,345,206,314,233,400,246,304,204,193,246,195,225,240,268,204,209,385,201,240,310,202,283,225,264,369,177,301,264,241,196
2051,7,754,737,1160,261,242,377,732,387,258,481,272,323,700,361,322,448,842,356,474,370,242,294,284,398,550,558,300,464,336,281,281,283,323,438,611,382,571,2147,350,341,255,353,257,230,226,606,366,399,373,443,330,249,420,432,221,400,399,343,335,351,348,424,358,278,274,439,363,233,1363,651,345,405,419,394,365,432,736,463,536,468,313,323,341,380,415,589,3101,390,413,579,212,547,470,353,520,377,716,576,932,365,286,272,402,514,354,382,952,411,439,535,340,298
2051,8,554,948,633,265,254,495,1560,712,508,519,929,658,1203,547,267,1574,1674,384,348,557,238,507,563,651,276,538,456,1185,385,283,935,1020,1050,2402,686,587,1769,2637,1191,518,426,411,676,216,321,1206,629,1811,415,753,450,739,424,464,215,360,379,415,238,1343,322,441,526,318,329,489,859,518,1428,639,504,438,220,667,528,289,522,422,1998,451,516,508,482,789,626,999,1525,684,631,851,344,776,584,2183,480,390,520,566,1184,476,637,410,519,803,620,724,798,989,574,476,591,333
2051,9,225,340,606,182,1943,216,1612,209,215,241,273,287,633,232,298,670,1192,307,547,918,250,497,337,898,441,385,262,312,425,231,427,578,328,446,736,668,613,778,633,331,207,240,1377,189,196,425,379,692,580,536,439,732,611,501,292,314,262,211,403,337,410,408,511,198,705,283,196,219,595,1048,562,284,522,254,623,200,204,576,580,636,289,1143,536,299,718,472,990,379,1971,878,387,469,221,1237,341,421,407,610,551,277,299,209,747,744,421,326,508,699,226,895,1593,497
2051,10,262,706,402,176,373,179,370,182,180,190,682,223,209,743,354,453,438,355,311,1035,435,232,220,1508,182,671,1207,503,187,195,425,332,193,1217,355,398,367,340,246,185,205,832,1353,757,316,199,1007,682,569,342,186,982,982,232,448,470,209,205,296,304,362,198,234,192,190,212,183,196,451,487,881,234,500,264,477,224,224,189,402,582,196,243,1408,465,862,534,404,405,919,385,281,193,272,964,227,215,959,258,533,321,730,591,226,410,250,722,1015,314,263,242,209,180
2051,11,198,247,1649,199,440,284,210,419,176,395,1183,538,245,293,271,216,427,464,184,1186,330,368,350,364,267,328,491,378,2678,291,571,894,508,568,923,627,393,313,285,179,235,305,274,1133,509,490,759,390,324,1458,334,358,753,193,231,698,183,335,1974,203,303,346,273,348,267,302,186,863,317,488,2925,254,505,194,257,305,381,368,627,635,519,327,275,259,441,776,953,384,662,589,231,451,347,895,194,180,531,534,876,426,749,199,1135,357,510,453,5688,306,600,1066,696,330
2051,12,206,262,499,196,219,194,218,409,761,481,939,737,430,210,194,692,430,394,210,3530,1451,209,236,307,1233,294,1017,594,700,199,618,250,911,435,938,259,4575,964,552,402,176,644,330,268,290,384,3501,509,1232,470,298,650,1258,293,208,759,180,178,1471,185,183,177,269,182,710,912,189,2110,226,314,4409,318,1491,367,193,4748,755,545,737,498,409,423,399,270,363,2283,990,1188,563,679,311,600,330,327,185,1368,452,2143,725,424,330,1568,337,483,951,639,3464,1121,300,288,814,3553
2052,1,313,618,676,413,1253,485,688,2341,371,803,1712,1491,436,224,196,2011,297,498,4017,6336,726,241,455,252,568,324,510,664,359,7050,454,783,310,328,1698,1112,957,879,429,459,174,3191,309,796,1094,261,16456,1700,392,404,1458,482,674,317,301,1875,302,305,1671,1010,233,180,460,198,385,6178,219,3291,1449,545,4278,732,1763,3418,425,2069,1216,2269,683,274,434,945,591,850,758,915,3261,574,2539,262,1688,538,1453,715,1868,620,282,647,1084,569,652,1268,369,355,1368,582,3449,424,424,2718,548,1412
2052,2,432,1027,435,272,744,768,1137,1298,505,1153,2183,656,1097,209,434,500,242,260,887,4755,1411,767,754,726,739,1592,811,436,408,2721,442,1247,942,696,1175,779,988,713,806,419,252,1215,252,414,356,504,20708,1662,731,577,780,359,480,231,463,682,1126,259,1693,718,247,610,371,205,426,3504,229,8179,1046,946,3741,1319,1038,1325,304,1117,1011,1648,760,523,418,503,836,626,1377,977,2658,328,2937,1247,1023,687,499,903,308,1027,337,975,1158,266,2402,1995,270,349,760,1117,6440,488,564,2688,638,1075
2052,3,186,327,783,410,587,1722,462,652,574,1460,1440,402,478,243,201,369,240,1231,1389,3862,603,338,263,478,1755,697,697,1106,293,4083,383,574,363,302,876,1424,667,874,285,977,517,1100,336,1113,265,272,6357,605,460,326,341,246,575,206,192,2800,2267,484,2239,351,354,274,203,170,1477,7323,232,6875,417,317,1952,1387,1911,1655,269,627,1546,1812,720,315,1301,439,716,284,546,3110,1445,283,2249,425,349,738,464,769,616,815,925,1045,1048,247,3172,2370,320,2412,749,559,4401,287,674,1600,486,10060
2052,4,182,544,374,216,365,343,266,409,235,880,754,376,881,233,229,245,201,287,3414,1650,335,214,198,255,942,318,959,1167,246,2716,234,553,307,228,452,910,518,428,277,263,206,531,213,333,235,200,3311,335,249,320,392,315,365,181,183,2209,926,237,809,538,350,209,191,168,663,3446,233,1939,300,301,801,1038,821,832,201,389,648,918,654,220,479,243,977,227,426,1436,572,230,772,257,581,262,262,379,333,735,265,3082,752,277,1155,1252,470,774,359,477,1975,442,252,596,281,6397
2052,5,179,248,315,182,240,237,216,266,197,370,408,323,596,243,172,207,195,231,1565,521,256,230,188,220,482,240,342,437,208,811,271,260,574,282,303,1038,280,652,227,326,362,315,199,234,200,191,1168,252,207,474,239,213,240,204,179,535,308,231,394,293,179,204,188,176,343,1113,179,775,265,336,362,479,346,389,208,271,304,479,275,200,251,211,785,196,282,376,337,213,379,211,279,210,211,237,218,318,291,1113,362,205,443,606,280,334,237,296,2390,342,235,322,972,1574
2052,6,184,209,242,209,264,226,220,237,185,302,253,224,233,408,170,190,198,207,396,263,236,206,195,196,305,274,230,237,199,350,211,223,272,207,280,768,242,255,309,191,173,219,253,216,183,182,505,278,195,219,215,205,268,174,320,277,283,183,233,359,175,182,201,217,218,371,178,525,197,205,254,248,268,244,188,231,246,265,222,189,197,196,292,188,229,272,273,187,299,190,208,202,200,218,313,257,242,298,238,203,253,433,192,261,197,287,519,195,253,225,446,391
2052,7,381,502,494,425,334,371,272,235,478,299,399,434,429,613,300,464,723,296,389,356,273,341,278,231,630,344,584,330,465,328,532,286,304,436,298,497,621,340,525,303,562,301,384,336,358,243,294,484,230,473,400,500,319,305,408,402,345,455,219,461,280,482,540,449,577,312,470,819,509,342,527,872,483,497,307,321,487,221,319,315,238,297,297,340,288,677,1479,517,394,220,234,285,1345,411,1248,318,396,374,329,277,497,247,1267,378,603,332,456,409,487,402,590,591
2052,8,396,453,420,606,232,314,930,363,651,288,661,357,835,748,331,636,1398,400,494,470,666,429,403,434,836,833,475,496,643,885,2517,245,967,612,333,1520,524,906,960,1718,388,296,405,276,495,268,672,1293,307,734,1054,432,796,923,456,333,312,448,525,435,306,600,1348,262,685,465,902,714,477,771,880,2183,801,891,619,237,351,298,688,274,272,436,361,452,483,368,747,422,455,501,427,467,757,352,562,345,471,867,564,272,509,205,1083,879,572,381,1050,782,1005,382,573,696
2052,9,205,232,505,361,916,191,407,309,432,343,333,469,393,808,403,1512,930,300,402,1542,389,964,474,489,657,1271,205,227,563,640,1955,553,472,359,600,1179,199,1022,3779,1197,717,232,264,247,271,189,602,211,227,658,719,387,1648,977,224,207,308,293,304,246,765,383,463,271,947,222,515,835,236,1139,252,373,742,262,824,443,285,269,225,377,223,350,397,212,231,216,1163,604,330,321,269,692,622,269,1021,323,209,594,784,282,201,182,228,290,213,291,702,363,539,287,339,3304
2052,10,225,419,344,179,402,363,427,208,284,221,563,4042,355,2338,695,239,663,553,813,1011,521,286,1070,193,211,535,225,557,431,205,546,866,284,234,184,525,210,687,254,505,545,242,10570,176,237,173,192,267,475,402,588,325,391,795,320,397,2860,462,2366,182,187,199,203,802,834,199,1368,813,392,514,217,788,1337,276,694,390,258,213,1083,208,370,180,1331,246,190,220,635,348,227,236,210,592,281,244,884,536,230,341,207,247,181,186,297,1922,361,255,585,317,191,191,855,381
2052,11,199,179,182,369,765,330,400,302,1017,829,2484,1148,388,334,203,1099,536,351,499,275,1074,244,464,875,255,1536,246,408,1773,553,407,695,494,438,484,285,211,230,470,257,3646,294,590,1082,413,404,251,314,725,1339,615,2680,840,1170,321,336,1525,444,890,384,738,543,190,630,709,793,494,390,282,223,1196,401,519,338,824,429,245,422,539,1177,465,449,328,292,390,687,415,243,805,206,177,1187,241,281,1447,288,331,689,283,1973,1586,181,197,1370,426,495,423,378,241,177,428,1064
2052,12,947,953,234,221,870,531,294,578,1425,480,709,1827,339,443,217,552,1066,1291,238,628,371,190,372,861,310,3624,225,1335,274,1567,432,267,1155,1369,259,297,539,505,334,381,505,835,676,526,180,802,440,293,958,1687,690,1864,2385,472,552,322,1065,425,355,516,1021,735,358,340,264,536,1593,690,642,211,953,2817,788,394,873,352,190,598,673,3222,218,432,552,955,217,1155,301,264,383,196,605,3624,334,339,3346,411,242,1197,290,366,288,186,254,316,427,723,249,703,546,177,298,566
2053,1,887,540,273,301,2042,216,227,3749,495,705,1290,5052,291,1004,177,537,1419,1085,1553,662,275,198,660,477,484,3921,195,1442,887,1149,1200,330,1001,2449,456,1330,262,460,265,678,470,553,442,318,203,1421,451,1568,1647,1177,1116,1097,945,1265,1108,1497,682,284,373,506,570,768,1035,298,608,786,1591,309,419,761,18189,1585,1637,603,2316,1196,288,1074,940,1445,893,2523,4367,433,1064,665,3344,243,1205,234,301,997,1688,748,6442,754,1045,782,1408,1040,350,966,880,543,1514,420,426,916,195,204,1314,1069
2053,2,297,409,336,1017,755,212,437,3132,803,481,3349,3310,1149,603,206,719,784,4082,1684,975,301,1439,666,320,1038,2313,362,1292,777,1060,1117,631,820,1207,997,671,403,267,436,1405,1390,490,361,1386,1086,513,777,1987,949,1128,1543,3782,535,987,567,478,1076,788,293,1267,682,942,360,258,436,674,1052,984,603,910,25840,1199,2804,1556,20481,1109,463,1154,764,1145,300,572,8982,275,617,910,3025,410,432,524,569,2056,1375,1269,8147,677,1040,1203,311,712,264,1281,579,752,859,328,1369,695,429,465,900,3050
2053,3,283,1546,1677,513,1169,330,776,6154,834,505,3568,1818,344,1703,217,466,1416,7983,1811,926,224,937,683,488,405,1290,720,3011,499,848,856,585,465,1661,1250,2675,417,1815,278,614,2172,1208,878,445,229,419,497,603,1136,958,716,9707,728,614,276,499,893,3333,312,655,1680,3060,415,254,771,843,1554,2922,1014,470,8107,776,4743,1025,4630,2168,342,657,474,771,436,462,7734,313,283,1142,2497,195,747,233,1350,2398,509,1762,13260,6515,351,1212,275,443,319,460,500,611,483,1025,393,400,705,606,1215,6369
2053,4,225,346,270,273,597,257,310,3037,431,319,517,1347,328,662,192,315,807,3121,959,401,232,360,258,254,240,535,1023,3664,453,454,639,259,323,1275,803,1761,259,402,248,355,3132,359,2512,300,206,282,348,327,543,803,395,2380,355,355,250,299,636,479,225,1022,619,919,265,244,316,538,658,960,452,389,1670,600,3654,590,1525,1721,315,386,468,528,279,300,3770,207,232,562,1148,221,276,188,721,1195,329,758,2926,7385,327,855,343,296,281,722,238,656,331,277,308,268,277,264,825,4296
2053,5,208,237,209,252,308,244,203,1178,267,259,310,558,281,276,176,236,539,1183,317,270,245,414,218,202,218,416,236,1072,554,273,294,326,299,506,307,564,200,260,218,242,830,309,951,236,194,217,252,247,289,468,402,488,254,274,209,253,492,267,268,285,318,373,210,184,225,516,391,295,330,228,929,338,1865,296,822,516,186,1080,328,291,368,238,1229,189,217,293,462,180,220,179,633,441,246,411,581,725,219,395,216,227,197,551,236,285,230,256,283,226,194,199,342,1122
2053,6,207,235,191,184,266,182,216,385,221,442,239,371,201,250,185,208,272,369,271,263,270,216,216,1689,222,241,198,435,240,230,274,206,293,304,436,271,253,219,221,261,292,229,249,227,306,242,225,205,211,235,408,741,208,222,191,198,229,210,211,436,250,247,220,207,255,512,224,287,272,236,565,239,327,216,313,264,555,329,289,232,370,210,466,451,218,282,298,177,208,179,229,237,221,243,918,312,192,251,202,233,186,214,190,250,213,197,195,257,198,254,376,426
2053,7,285,392,289,253,437,202,413,316,320,661,307,411,515,364,299,345,480,537,427,595,348,255,334,618,421,491,414,343,916,1016,383,316,398,269,534,325,247,235,296,860,387,276,338,252,358,508,364,485,295,306,323,703,216,247,259,325,532,341,302,239,287,575,310,210,407,783,341,380,391,767,531,438,331,311,568,396,528,487,304,367,463,416,472,492,393,464,445,211,230,579,315,326,383,506,451,306,634,656,452,338,292,334,401,254,489,290,385,1097,426,428,487,469
2053,8,1848,540,362,760,1123,278,936,408,489,641,519,405,617,722,257,337,1047,596,406,392,460,432,420,923,796,282,573,492,959,2546,801,1231,751,766,927,687,548,229,346,2299,254,253,606,242,781,415,468,759,448,530,757,366,225,279,243,319,447,397,721,256,450,706,356,414,446,723,544,518,730,1152,1198,502,247,465,735,1533,576,982,645,659,535,688,582,577,767,496,303,388,250,1300,297,905,1009,656,333,331,711,1033,503,569,425,467,1019,276,298,568,637,1446,1179,254,788,680
2053,9,956,604,1053,481,931,219,193,267,204,685,358,353,1656,524,659,304,476,256,200,3463,348,1032,579,784,1000,329,482,446,488,523,324,739,918,493,665,1315,384,614,347,958,184,625,279,294,623,405,283,228,316,241,306,249,217,1162,189,191,243,219,325,325,296,277,274,202,204,291,249,331,1340,246,946,715,198,229,440,282,323,519,649,755,237,2756,836,319,304,240,317,299,215,765,180,1224,469,384,386,582,689,371,276,804,438,235,406,281,804,317,321,2144,363,227,323,700
2053,10,219,334,243,395,311,629,183,217,448,500,287,1144,278,359,839,194,355,630,539,2441,479,363,1461,227,198,569,328,255,242,683,191,326,981,245,3427,1079,704,373,445,432,246,425,218,389,1847,210,513,283,607,364,794,738,357,317,176,247,201,248,210,581,872,184,178,173,185,216,205,198,241,192,502,192,365,295,2045,196,1142,599,201,517,346,260,1747,277,14464,1080,226,193,186,600,178,415,1055,1014,836,1193,457,882,445,674,252,213,391,857,446,443,275,294,348,245,191,284
2053,11,191,519,521,222,2269,219,234,1330,275,667,310,906,602,833,388,205,370,221,1063,363,439,2594,5039,239,191,2467,716,238,213,354,187,241,286,197,1590,866,491,553,189,872,194,204,735,1290,1522,225,227,301,3423,581,996,222,288,673,311,391,703,250,250,206,420,252,185,300,249,634,188,394,379,460,710,2332,206,857,414,1312,417,302,241,245,182,326,331,528,411,837,279,320,337,807,177,286,981,1689,759,3973,367,898,550,733,322,334,258,762,306,452,410,938,305,351,199,659
2053,12,3783,656,509,193,924,418,188,1242,265,3180,2596,910,298,1162,234,247,805,204,2687,1238,792,1494,747,236,416,1292,217,706,202,629,180,202,222,547,829,350,253,920,179,4530,514,1402,5214,800,404,314,448,954,533,941,508,247,1035,528,718,322,1281,202,523,255,291,917,175,2340,377,1722,477,546,226,379,1097,334,677,253,382,1038,516,226,4484,1094,480,1432,299,988,1615,964,197,175,174,544,178,681,660,1207,516,326,207,741,437,257,200,566,212,448,868,328,337,301,190,811,579,898
2054,1,2694,408,808,521,1395,223,735,527,717,545,377,572,488,969,214,187,1116,976,2226,1482,1226,886,1932,400,1367,2066,233,879,215,384,1195,1280,273,341,575,296,255,489,284,7101,1741,1161,4066,366,301,199,883,3368,3664,837,990,434,331,710,289,851,1285,184,761,643,332,242,205,474,1197,8870,1688,608,1900,196,1856,669,1152,372,301,5311,1262,540,2752,2204,1475,716,1186,473,1325,1343,2733,814,514,1883,206,1618,379,679,381,328,657,2878,3193,252,5684,341,1440,339,1446,292,326,1517,431,635,1628,425
2054,2,1104,236,436,752,1457,232,1137,500,2414,643,698,743,732,897,202,186,726,1833,3429,897,391,1184,2066,1227,507,6468,305,592,381,284,444,1590,290,558,435,323,543,379,418,8296,295,418,2507,549,489,1220,261,1198,6024,3248,1639,234,469,1246,242,2633,1300,270,300,1773,664,297,191,1378,932,6059,861,834,443,218,4025,484,498,1107,263,3873,739,709,966,1035,603,917,1973,3780,4383,1153,1497,881,1709,910,252,1138,577,1181,841,915,663,2460,1197,772,3112,1016,583,710,506,741,1044,544,420,255,507,662
2054,3,684,291,326,1317,1099,747,352,3269,2198,734,337,386,1220,1645,194,170,765,660,1353,1164,1342,613,1837,883,1423,3212,598,620,529,275,248,1334,1683,558,930,693,425,409,511,3618,264,1674,1391,1864,1924,384,428,1350,5853,9468,883,198,681,361,559,1889,2576,185,466,388,917,325,672,1007,2150,11612,833,326,341,223,11130,351,1413,1262,323,2113,810,820,2859,998,2474,488,1288,2882,2474,1247,476,550,1073,610,714,1153,1270,1115,532,349,1859,3118,797,290,1571,334,385,308,1318,939,4789,535,318,275,459,2300
2054,4,360,331,286,430,494,209,358,1334,814,396,373,431,948,560,207,182,383,705,531,505,493,431,741,602,554,3136,438,306,251,239,247,698,813,264,530,397,313,270,317,1080,278,691,1005,500,899,217,348,941,3397,2583,578,232,280,292,277,1013,1018,177,228,376,425,259,235,694,3607,4276,735,318,270,270,2866,333,588,894,226,1319,366,300,2906,594,954,357,856,1478,1335,862,341,269,1032,446,204,1074,535,592,303,287,525,2035,2168,226,881,276,536,248,815,353,1266,412,248,223,444,2084
2054,5,267,194,225,250,308,197,219,570,312,262,235,242,363,313,183,207,245,286,335,288,278,437,338,275,306,750,210,253,321,253,209,378,299,237,261,596,449,211,254,474,193,337,520,265,299,206,290,396,1010,681,309,208,211,226,228,375,391,171,200,373,258,230,181,351,826,1532,552,234,437,181,662,420,344,283,196,885,246,257,637,316,474,248,408,1102,415,400,261,212,742,308,227,437,276,345,245,562,379,518,1237,202,506,211,538,273,388,302,405,293,252,196,240,406
2054,6,255,187,192,224,282,291,299,519,282,229,195,224,402,227,224,191,270,392,223,223,217,257,234,354,226,301,192,226,191,342,183,304,216,310,265,417,308,189,276,263,218,286,766,220,366,291,191,389,317,348,231,191,195,206,185,236,233,206,412,205,232,209,181,234,350,607,285,223,648,246,306,222,240,220,198,310,223,223,391,322,252,227,246,447,239,252,204,189,267,250,241,321,209,229,201,264,434,269,404,208,309,233,258,210,292,204,256,321,209,186,223,264
2054,7,387,253,313,290,304,609,326,550,765,387,203,681,349,585,333,190,497,542,600,428,302,267,417,957,260,623,367,419,282,418,353,544,289,443,564,593,356,253,437,282,475,343,307,303,246,548,516,679,429,314,336,258,350,324,352,387,472,268,612,268,266,425,382,343,430,403,629,407,573,458,427,336,400,304,465,557,308,378,522,478,387,455,458,1154,287,317,277,271,329,406,448,450,259,351,202,230,338,366,408,482,437,262,296,599,278,319,386,706,295,308,321,365
2054,8,551,394,311,665,330,675,605,494,372,707,366,802,422,639,318,346,1412,754,1707,1301,931,328,466,1926,740,854,313,1011,689,586,360,777,1184,627,610,947,231,225,496,2616,452,455,343,236,240,483,676,4386,435,727,766,360,364,280,297,578,632,539,275,279,355,408,459,309,380,595,1617,612,861,760,616,458,380,316,487,1308,846,520,374,438,530,617,515,965,259,435,219,493,480,502,765,5636,320,815,575,392,489,270,362,417,693,380,344,666,389,806,837,1539,1184,272,656,781
2054,9,526,386,1043,691,231,423,416,605,277,341,682,415,491,225,344,240,457,446,719,807,546,620,955,581,297,439,201,414,307,870,277,537,499,3799,773,361,376,281,645,618,640,579,428,1218,288,513,984,745,569,312,693,381,272,296,218,1878,265,298,442,206,315,362,648,316,222,188,268,505,456,885,388,533,261,299,253,314,1792,616,198,731,331,472,585,304,233,351,284,310,787,499,393,4176,354,190,385,219,986,183,360,259,1143,3644,1551,215,609,720,455,1032,568,208,256,820
2054,10,265,275,566,731,328,783,455,872,284,2812,860,210,423,182,5283,592,513,1007,526,626,346,300,767,1348,183,192,389,379,182,361,266,273,687,339,642,265,199,329,1120,300,368,307,186,1758,415,318,259,238,646,521,313,180,448,359,279,658,203,343,4123,792,931,189,226,179,299,190,194,308,376,381,7773,1180,265,1773,540,791,397,534,332,337,680,577,822,1408,189,650,183,468,850,2689,990,2096,261,223,246,205,276,812,209,308,1026,1105,204,388,414,239,595,226,280,217,269,434
2054,11,599,1567,2029,453,934,200,189,653,858,417,377,449,341,197,535,1159,1213,1938,632,506,279,7629,253,1715,413,336,326,518,185,306,617,244,220,494,451,226,180,2754,635,258,681,200,219,1318,1871,274,306,298,378,356,376,328,350,328,336,400,202,400,317,209,355,253,296,342,183,187,207,272,232,451,513,8532,254,355,631,279,384,402,314,582,354,474,340,524,246,1052,261,368,324,368,475,1581,442,273,181,253,408,547,310,303,258,1150,322,783,618,317,202,201,217,362,1074,509
2054,12,265,1068,800,953,640,281,405,481,311,1331,1006,688,270,361,1892,446,398,2695,342,275,3306,1761,371,794,467,258,836,371,216,216,212,4225,311,568,383,1070,6044,1905,263,2114,500,183,1004,505,290,353,325,502,741,2937,347,4285,222,202,192,1334,248,1450,762,616,331,270,338,1234,636,225,590,968,2033,609,777,4622,740,975,895,937,368,210,217,229,371,1367,239,364,890,279,3961,333,541,333,468,2046,1666,504,1295,196,350,735,3655,1255,294,409,701,284,6822,235,211,278,5130,1004,394,581
2055,1,234,1042,1299,316,5727,346,721,327,1076,837,4186,354,325,187,1354,294,311,7398,254,568,8414,1165,285,2389,1655,647,1958,263,581,244,1427,7024,365,1494,253,1101,9878,1879,231,861,711,399,500,409,488,1765,1340,3220,546,1688,228,434,286,180,247,1182,739,1063,964,416,353,541,295,1502,1216,436,2459,1771,1572,794,4718,3909,1184,365,2751,3877,553,686,1019,659,353,1253,344,929,384,323,634,718,987,3630,606,1449,6315,828,555,282,816,369,1229,929,681,1276,4929,289,1590,866,216,437,965,1799,563,611
2055,2,1165,814,1181,436,8361,273,318,404,2816,623,7639,700,1517,356,1255,641,717,9816,236,3411,4076,952,281,2663,498,486,586,918,442,268,626,10279,317,661,434,526,4583,1346,268,668,277,325,517,596,1605,2101,5042,3260,478,645,1167,855,356,862,720,1092,1791,1253,1323,1163,1481,254,199,1059,875,833,1142,3523,920,327,6495,2524,604,947,1118,1848,553,1148,2049,1353,541,980,661,2603,236,518,4787,348,742,1790,1111,830,2711,1309,530,225,1117,731,501,985,1373,883,950,409,1280,964,3584,892,616,613,565,693
2055,3,1043,1149,2037,408,8549,430,646,611,1662,1677,7265,276,1051,794,4016,327,551,5496,560,3324,1381,670,337,1720,341,1049,405,2267,3541,883,1414,2596,266,570,477,2181,3181,1383,213,775,1489,935,319,343,415,582,3851,3902,264,576,1191,959,406,315,622,849,327,621,1790,1070,498,492,411,692,895,608,737,2221,773,558,7484,3407,1883,1786,779,4350,1401,2904,2592,307,247,1299,1146,1201,228,678,2188,394,1144,3162,348,523,1865,1729,642,261,760,1111,1253,1379,845,1333,1247,394,4207,377,2272,742,1090,642,1133,465
2055,4,310,928,1445,343,2080,286,244,277,622,582,2092,224,684,234,1294,244,368,1437,236,1968,837,402,215,543,335,416,423,1036,1004,356,466,818,193,306,240,2206,1980,799,227,379,445,552,272,271,403,399,3690,2679,225,480,610,374,351,207,250,622,270,350,1852,427,311,302,258,898,622,1257,400,1351,496,721,1486,2184,786,1052,501,2815,344,1134,756,274,232,604,306,556,200,256,1050,303,467,1359,297,475,1429,584,299,259,360,440,1672,810,574,711,930,228,2888,347,1641,426,852,673,423,358
2055,5,243,347,572,265,805,236,214,210,340,287,590,198,305,198,362,281,249,937,196,421,398,300,189,392,357,271,282,433,396,207,374,386,185,347,230,591,1469,506,192,246,240,244,222,245,263,249,798,503,198,279,267,703,191,189,197,502,213,284,355,340,211,462,231,593,276,309,267,482,270,590,575,571,421,350,295,848,237,539,479,225,195,314,248,345,188,402,523,200,280,443,221,260,887,288,242,188,246,261,2056,324,290,365,366,208,614,247,463,237,547,376,329,244
2055,6,232,273,350,564,311,211,225,202,269,216,275,204,414,183,250,185,216,301,191,265,383,240,182,273,217,245,204,259,278,186,236,240,182,214,254,317,841,355,185,200,255,226,187,258,231,217,384,379,208,226,233,415,224,184,186,264,190,243,524,218,194,186,397,249,204,214,211,260,212,306,278,350,255,250,403,376,273,268,265,208,204,238,246,237,194,209,247,198,216,250,197,213,276,216,213,200,234,207,475,284,214,251,275,238,286,233,263,222,273,272,249,200
2055,7,361,315,253,367,437,335,279,231,615,306,267,334,407,702,241,570,229,363,434,324,275,220,192,480,223,457,425,335,307,269,603,235,309,391,356,444,608,452,297,356,375,442,261,415,322,264,508,440,404,484,394,469,211,303,297,329,449,520,440,239,206,299,506,257,280,401,553,645,392,547,340,369,318,257,830,358,490,350,446,383,272,419,576,262,386,256,363,457,238,393,243,381,383,459,356,433,340,366,389,374,258,327,356,430,2051,347,370,392,470,330,386,344
2055,8,572,417,240,741,318,350,728,225,617,423,411,584,635,662,325,632,287,486,454,422,440,388,298,656,771,750,809,436,977,524,2366,897,491,1000,242,680,534,288,489,444,422,292,584,1749,293,437,737,1016,766,983,999,1001,293,610,353,378,521,457,733,570,394,392,1171,581,399,458,922,500,2258,557,436,885,610,375,2101,275,1274,376,300,303,493,486,618,485,494,523,616,842,539,329,793,797,353,398,337,331,376,239,340,435,249,236,378,667,1842,397,738,1748,685,656,548,374
2055,9,340,372,274,367,283,2141,439,522,1090,406,941,1253,464,357,441,259,245,371,491,519,201,402,212,691,351,1230,412,276,733,430,689,920,261,512,392,1255,350,269,833,1017,439,293,340,1546,201,463,378,257,442,382,780,627,326,696,579,264,977,207,817,607,281,275,718,196,356,335,664,489,573,774,843,461,964,315,700,195,1146,406,338,259,382,468,793,471,427,659,1192,424,333,360,728,572,412,298,247,927,203,196,571,291,183,192,224,550,276,259,803,352,766,275,242,336
2055,10,237,232,211,1332,277,939,628,640,366,632,891,282,398,187,339,239,541,248,1006,285,185,600,225,413,187,347,392,184,355,534,312,838,207,248,232,285,297,180,351,364,422,296,414,466,192,339,409,212,198,383,256,193,358,386,244,313,473,1880,426,1140,969,1170,306,270,315,180,529,1363,214,283,242,196,221,185,339,444,573,474,316,306,270,1402,301,769,190,320,584,885,1363,293,316,325,263,520,346,405,203,181,492,802,335,192,367,294,706,208,787,205,392,183,711,178
2055,11,480,203,311,463,217,464,351,369,461,367,379,417,411,1320,403,200,588,238,5502,292,271,545,176,1218,271,251,563,2233,578,631,427,213,210,374,176,196,545,935,211,451,325,473,462,374,191,223,219,188,411,333,346,186,471,217,476,940,385,361,328,220,1240,500,222,1944,203,204,366,389,464,682,566,269,231,538,776,186,1771,197,300,253,583,653,458,1226,512,205,560,282,474,198,202,269,540,1628,178,476,301,811,933,2311,353,588,305,416,992,192,1286,191,1442,286,399,182
2055,12,243,1666,178,400,218,974,319,1271,282,730,2125,1367,246,971,261,222,256,1525,573,421,2130,1022,306,693,2148,200,321,563,3012,2577,1997,235,393,3051,518,194,325,293,318,491,327,289,869,404,176,292,994,199,186,212,383,183,183,1664,5673,891,506,219,1426,762,350,731,328,1624,249,191,346,395,242,335,530,210,796,1686,250,1077,9599,506,377,245,584,436,276,282,532,293,6613,463,357,426,190,902,792,938,270,445,233,2362,296,404,2768,219,186,229,1692,1248,517,256,495,214,210,247
2056,1,846,426,989,315,504,1126,541,1152,243,765,595,2103,490,368,688,743,821,358,1234,423,812,1522,255,685,781,1150,229,460,1625,661,1248,241,191,3152,271,624,383,376,324,981,396,953,1434,976,177,4173,447,973,352,3496,277,564,184,1080,1121,834,368,314,2156,373,451,1538,340,2289,313,241,458,261,1155,1715,244,256,277,1379,244,3705,9921,1794,1201,397,1077,437,490,413,216,265,4531,312,266,198,210,409,1615,1778,1216,456,932,532,4069,705,1229,496,3155,205,1023,4106,398,435,5109,1165,417,203
2056,2,1529,463,360,558,898,5052,445,395,243,382,444,2480,786,400,831,603,500,920,4155,874,1467,902,178,1501,871,610,718,897,1697,742,827,352,440,2128,1616,297,402,967,214,1113,231,2229,780,496,402,812,1310,649,418,1665,435,1108,197,485,837,430,375,693,3914,255,769,3981,1782,5061,972,180,339,355,611,755,248,1087,1316,795,422,1262,4487,830,471,753,1142,673,249,329,383,404,4598,284,392,304,260,775,969,4529,1311,236,1096,420,2765,1056,1790,388,951,221,890,525,368,797,4101,929,651,230
2056,3,732,275,461,860,1137,2556,369,436,234,736,390,3350,1591,724,429,245,322,357,3860,3262,1415,765,181,2228,1380,293,596,368,1131,480,874,367,1202,858,1281,787,1540,1773,293,456,1104,3247,473,1971,172,565,422,1503,488,1863,1456,422,233,458,1766,342,1443,366,3533,244,1402,5742,539,2989,233,229,289,228,291,969,223,334,844,679,808,1777,4143,377,249,719,628,433,287,1814,308,429,1520,215,1369,217,418,1782,971,3055,313,435,1930,796,3560,522,1541,899,1037,1888,2420,610,329,1314,1192,459,1840,174
2056,4,299,249,228,291,303,755,221,340,188,337,406,1106,394,261,236,219,236,244,973,1020,1704,445,231,1552,546,302,263,522,437,432,437,203,740,601,464,462,337,1056,206,437,405,1370,311,468,170,333,336,688,221,1317,387,305,196,323,711,268,296,222,3089,263,423,2692,269,1612,208,176,210,217,275,488,207,237,892,578,258,935,4737,316,233,409,449,242,231,639,228,272,520,201,1068,183,245,2294,523,908,269,274,532,444,1717,512,760,381,668,625,3061,473,423,395,497,330,398,171
2056,5,256,281,283,215,263,401,206,240,182,243,238,457,356,228,204,242,194,225,414,459,581,328,193,375,309,206,209,265,297,321,321,191,550,340,466,253,245,395,191,278,229,474,233,252,216,240,230,288,186,394,246,204,178,228,409,229,218,254,851,264,402,680,238,641,191,177,190,239,275,328,192,248,329,288,208,360,1367,247,224,211,432,207,199,262,271,215,384,189,578,179,183,569,310,485,226,202,279,281,641,285,355,307,320,404,592,304,248,264,316,218,334,169
2056,6,198,296,185,201,219,361,229,217,193,204,197,256,258,191,392,182,187,189,254,243,293,243,172,262,241,269,199,200,234,214,335,189,253,268,283,192,210,274,185,216,189,315,232,207,166,201,241,214,194,252,253,188,191,217,295,382,227,191,643,253,306,334,191,366,272,185,182,231,194,336,222,228,276,268,222,242,600,238,285,282,301,226,223,207,181,183,477,182,242,190,177,279,224,313,226,200,220,253,258,243,271,225,238,214,297,211,240,248,267,211,340,174
2056,7,472,512,233,274,346,507,299,305,371,346,255,532,713,354,499,911,243,586,342,379,260,216,286,502,260,417,333,367,547,506,388,262,470,282,480,271,434,755,325,373,437,323,247,273,201,352,258,365,289,498,330,305,324,315,507,849,303,327,465,536,405,365,414,496,239,385,384,823,377,820,376,248,271,1214,772,612,365,244,315,664,402,480,321,345,259,261,499,374,368,319,468,335,544,328,221,311,338,485,281,406,330,256,337,411,431,405,287,252,350,302,328,302
2056,8,1137,545,278,1184,405,467,581,383,559,354,617,1036,588,746,877,736,286,716,895,931,245,403,377,799,271,870,506,644,912,730,552,546,686,786,411,325,448,761,1066,424,987,501,340,286,506,390,327,459,387,866,599,534,443,429,450,369,854,441,410,769,792,856,335,341,477,604,623,666,632,899,384,260,387,532,549,851,328,279,861,486,442,442,310,533,332,231,896,641,458,535,425,904,362,493,394,422,665,587,618,954,496,1287,664,424,1016,469,279,373,2014,592,471,316
2056,9,448,514,185,1226,199,981,418,1386,457,280,854,561,381,347,379,2026,243,6561,292,463,206,362,514,402,260,798,254,461,246,625,427,939,835,433,226,338,481,411,578,216,612,435,327,308,646,213,468,423,397,379,389,331,298,417,197,207,431,186,576,447,490,756,235,247,877,434,272,297,462,2074,232,566,184,460,1851,601,303,282,412,242,344,218,585,404,225,408,374,200,629,364,339,988,203,686,209,761,821,275,714,724,259,589,318,324,465,3612,361,500,1089,864,225,462
2056,10,2634,367,217,244,263,752,1158,424,265,656,264,550,301,397,230,550,218,655,274,213,792,247,563,1874,182,1043,1481,390,185,382,759,850,413,707,180,216,189,402,403,424,257,278,191,209,226,177,403,283,576,231,184,429,2042,611,262,576,205,1100,529,274,1090,605,479,618,523,792,180,407,922,1185,306,5792,178,199,505,1094,522,243,456,392,224,519,275,284,276,821,227,196,274,295,254,1070,206,188,476,624,959,624,206,354,431,198,187,781,203,551,221,270,242,274,700,1042
2056,11,549,695,175,430,329,473,253,1126,663,264,567,489,224,183,236,268,284,408,341,370,607,450,316,641,416,265,360,264,354,294,655,440,493,336,435,258,749,654,194,445,670,192,437,247,364,217,193,221,417,469,428,179,382,1037,351,679,1183,478,585,246,2484,245,311,529,4299,207,336,323,1141,449,589,1309,203,198,768,1370,189,413,392,187,769,304,307,228,248,225,679,339,349,443,269,1024,352,195,396,674,1117,582,196,1606,1517,330,244,421,348,518,176,233,212,2756,665,400
2056,12,725,617,175,211,223,237,2467,1901,208,200,250,2147,1400,1338,443,236,450,4178,400,1274,1571,718,535,731,5428,600,1267,1671,313,380,433,408,468,963,268,208,1410,5243,306,747,229,523,632,309,340,238,235,216,345,1042,420,619,261,297,3693,621,250,234,406,1616,343,461,217,430,928,358,278,228,361,294,546,306,198,1234,530,635,187,184,199,181,311,2444,259,360,1462,1758,1924,246,265,316,820,6793,375,757,1380,309,275,284,201,1984,281,1108,889,360,1848,415,182,257,376,698,1008,235
2057,1,5100,344,280,421,667,368,3691,13093,908,254,326,1122,844,411,251,225,278,4576,221,1623,1503,1115,276,866,2098,317,562,1182,723,412,538,638,286,1632,453,1496,6814,8781,211,7520,214,543,382,17503,275,590,1022,259,1120,916,1580,496,338,247,1728,694,345,600,681,480,824,904,1311,618,3156,1300,224,430,544,626,776,299,606,2154,507,427,199,613,207,584,985,629,874,544,316,532,1576,248,343,230,1177,6455,189,672,1342,436,283,262,1071,7249,290,493,342,306,991,367,217,333,1421,607,3105,287
2057,2,2440,810,514,220,956,386,2426,10466,1198,450,665,2834,840,271,393,217,349,3088,566,1081,3421,1223,887,694,4518,627,889,993,470,1465,428,353,240,1061,1340,241,6101,4590,652,4805,320,1024,575,11251,579,274,532,185,450,471,1280,433,272,293,1626,1782,270,385,478,462,441,1621,693,339,2997,1202,347,683,315,1024,332,824,581,2400,1881,481,283,491,344,305,794,1686,269,1000,1454,969,2414,1303,203,438,637,5304,186,247,4116,1289,633,629,522,5646,1458,898,289,758,1044,283,363,279,418,1011,1857,955
2057,3,2048,2863,362,211,891,621,1729,6366,1456,266,793,2492,1436,1193,1553,886,335,1833,305,1017,1303,591,356,2704,1704,701,830,2080,337,798,394,1082,313,969,990,344,5196,3044,412,2829,375,758,445,3252,405,492,953,178,303,1463,731,306,217,285,1008,1105,398,845,270,516,1031,3150,741,1278,4326,933,296,269,283,664,1290,318,221,2632,1903,316,977,441,1033,1233,632,4074,327,331,1808,475,2180,313,894,422,1288,2252,226,1487,2411,9601,305,637,408,1790,477,1016,931,548,865,250,303,413,454,1336,1890,246
2057,4,611,714,317,193,439,321,533,2125,373,188,306,815,483,706,379,314,191,797,222,420,573,674,284,1213,1111,275,343,1002,449,324,359,477,260,435,430,244,3040,776,214,1092,212,315,364,1772,308,201,709,181,251,622,465,209,202,203,527,805,421,249,222,304,1316,2192,303,331,3053,501,274,368,306,635,1075,274,705,850,2573,274,367,232,277,350,748,2769,265,255,1320,296,1388,239,280,252,487,2096,192,302,1014,2780,280,463,249,637,380,454,524,397,789,218,502,351,339,535,1176,298
2057,5,330,494,196,184,243,221,904,670,268,187,208,375,294,1348,226,204,308,416,192,309,329,278,219,553,378,212,248,415,481,264,249,381,193,340,256,205,805,844,196,420,186,242,289,850,190,201,557,176,317,318,286,192,195,188,349,549,195,207,198,239,1885,859,233,239,761,302,230,199,205,273,374,311,756,464,693,216,254,192,206,228,285,594,223,201,612,232,473,200,211,186,285,851,182,336,362,529,214,457,235,557,414,266,228,267,396,195,389,197,302,354,518,374
2057,6,238,597,194,195,215,192,325,296,205,228,237,237,339,374,225,187,345,226,191,219,246,257,250,270,260,211,201,300,235,219,206,348,198,243,245,194,369,356,189,265,181,206,191,284,206,196,387,191,195,261,231,196,264,186,242,245,196,188,271,228,289,442,206,209,384,223,212,182,215,295,255,200,260,292,322,235,431,262,343,205,210,307,231,241,934,224,276,212,188,193,219,325,198,206,258,385,203,476,262,255,213,214,251,208,341,225,254,242,293,269,255,202
2057,7,414,517,195,438,365,405,387,394,341,360,338,239,383,291,346,242,605,269,425,274,258,252,655,361,396,281,358,410,511,221,681,458,232,296,546,342,313,415,309,881,317,345,320,256,336,321,443,359,234,559,418,303,314,378,462,366,347,346,336,376,405,944,324,307,482,397,257,270,354,485,274,314,301,235,326,414,229,226,549,266,368,433,335,340,519,365,630,234,313,455,206,338,383,365,563,256,228,451,311,389,249,271,299,532,467,419,476,1029,644,608,1184,395
2057,8,349,941,335,1042,915,307,631,1311,594,838,450,449,388,578,1019,253,334,569,520,472,834,284,466,480,359,576,1057,509,690,458,1280,409,708,850,341,718,306,700,476,3146,460,297,399,350,473,945,782,378,459,636,1567,742,431,706,954,795,310,358,807,417,368,2848,296,381,230,375,626,524,1345,532,267,322,557,219,538,705,428,702,404,277,325,688,403,395,439,406,604,382,360,258,316,339,1247,358,929,267,255,1033,744,1000,524,430,1082,563,453,732,922,1031,704,751,920,581
2057,9,348,919,493,365,279,485,594,377,1307,466,271,514,196,215,1161,341,261,404,920,200,778,221,344,644,353,463,595,468,483,432,1386,261,2866,700,235,488,715,1237,672,456,201,202,362,472,280,196,224,641,230,269,598,471,408,291,617,892,234,187,438,239,326,1062,195,196,303,233,599,492,662,1157,219,196,1332,290,224,266,342,624,495,311,283,591,338,1165,529,458,604,243,204,267,396,1849,500,526,206,244,352,219,1013,805,541,200,411,245,368,1131,612,425,1050,567,656,430
2057,10,187,350,3007,208,371,1009,211,285,540,1223,234,577,179,287,316,1977,653,355,431,185,998,180,1816,200,180,209,282,1018,449,320,315,188,461,191,264,259,1271,520,385,1348,240,265,359,262,675,182,185,1308,1471,383,274,410,179,1269,266,196,209,176,275,206,377,305,189,176,187,178,346,571,201,268,782,177,291,321,358,311,761,206,349,414,290,428,190,565,517,268,1306,274,335,272,701,708,299,286,801,442,1488,209,801,1457,261,185,208,209,399,790,455,282,251,254,228,498
2057,11,215,214,641,488,361,1113,207,201,399,835,369,620,250,220,373,815,437,283,381,236,573,180,787,185,505,491,332,1024,455,311,374,202,305,638,239,265,761,1238,493,4812,180,388,264,432,2703,561,249,294,251,208,629,4132,310,726,346,349,396,646,232,268,784,432,251,189,265,338,211,359,185,542,561,175,200,200,424,510,345,192,198,384,520,329,238,539,561,331,718,333,191,295,558,356,1155,209,7990,737,1024,989,1484,623,407,179,229,828,207,594,533,250,238,403,404,547
2057,12,1127,603,771,542,1139,494,505,189,909,1869,2873,255,877,186,233,291,789,2264,435,411,777,714,364,207,615,785,190,328,237,640,269,202,251,279,466,254,276,706,218,1166,203,282,533,1387,401,3013,181,287,390,615,829,6440,255,529,352,969,600,224,236,1552,566,692,459,349,206,639,181,443,199,279,329,2424,193,215,254,2358,247,449,312,982,310,661,210,298,995,636,952,269,192,1127,2182,226,6312,1276,648,678,339,757,1703,1741,199,288,256,4284,184,3122,313,301,339,532,213,351
2058,1,917,629,479,1590,9269,1256,5253,7081,1148,824,5518,776,2166,227,282,2696,298,579,682,545,1312,877,639,222,4207,4351,314,268,308,281,283,252,599,235,963,257,2037,4079,853,768,1345,690,1690,1008,588,488,268,1194,810,1988,365,12117,337,970,710,565,461,246,516,685,1140,953,251,368,601,911,243,255,311,297,728,604,208,679,252,1464,242,565,919,446,446,734,311,909,498,341,674,304,315,1779,986,1230,11207,692,470,545,1574,606,829,759,546,1321,228,8446,206,3782,661,608,374,229,324,515
2058,2,481,447,617,624,4615,895,1215,8665,1021,813,17058,265,2564,398,573,6657,471,1282,647,2517,413,792,746,279,632,2087,329,876,212,1562,407,702,493,371,279,1466,1262,3040,1097,1159,515,502,563,1052,566,412,334,772,606,897,537,6945,814,491,752,381,214,190,392,1162,1021,877,203,413,394,1235,542,1223,180,231,801,408,284,847,276,1134,1140,312,943,571,705,969,182,1944,753,242,523,812,180,510,629,3767,8741,936,412,724,936,393,1403,645,277,278,207,10795,860,4383,357,811,442,221,862,714
2058,3,341,425,564,597,6867,1322,624,7826,1252,11089,4504,623,6988,605,503,1382,521,752,302,3587,1055,2201,336,1592,413,10001,650,687,228,333,222,635,289,382,621,833,1387,3923,3433,1048,764,222,514,1490,547,352,216,343,777,995,1717,10361,1646,851,288,551,205,255,417,8845,470,664,505,966,499,589,702,292,180,314,471,1046,1171,385,193,620,644,265,295,271,1313,967,250,895,625,783,946,452,174,537,744,4985,10026,494,971,721,1388,430,620,2654,814,428,389,2665,610,8323,1981,290,330,267,994,2674
2058,4,267,243,434,361,1158,504,421,2669,568,7634,1948,651,2692,271,317,590,240,650,237,913,382,2219,276,315,330,4465,340,1375,245,370,265,560,260,209,508,279,940,1872,1871,465,280,200,394,715,303,276,188,271,282,1405,1642,3503,330,504,518,288,201,275,218,2354,302,374,208,339,319,397,287,565,188,317,668,479,327,229,187,330,617,204,349,235,565,324,556,825,325,328,1067,218,172,264,508,4282,4810,408,437,294,694,408,355,1197,378,492,198,932,278,3595,3002,272,255,308,877,824
2058,5,210,200,263,258,506,432,279,1071,315,687,820,237,750,184,214,328,227,293,198,407,252,444,221,203,252,2813,300,472,508,221,232,350,194,199,214,233,388,537,693,297,223,211,241,318,220,213,207,218,218,482,384,597,259,255,275,205,189,191,251,728,270,254,185,204,269,245,257,217,185,208,252,329,216,217,185,258,339,221,619,239,252,246,275,385,226,209,340,204,178,218,334,1082,1356,279,276,222,455,315,271,757,206,208,225,489,244,888,749,231,238,311,343,343
2058,6,204,203,280,200,279,261,245,403,335,282,278,334,996,178,192,265,186,290,187,251,206,398,193,284,202,657,204,248,235,198,188,270,295,182,211,196,259,366,275,223,224,225,216,235,300,196,255,202,192,239,315,303,224,211,194,364,181,360,188,439,196,239,177,216,311,213,210,191,178,194,201,212,230,316,193,227,231,436,241,193,203,209,220,315,195,196,219,183,209,190,274,326,418,212,253,206,262,200,218,275,207,224,178,270,187,364,302,363,238,214,244,258
2058,7,352,341,722,259,493,279,375,306,366,391,396,576,364,314,223,234,311,370,329,321,285,562,345,480,293,662,412,331,392,309,698,508,482,777,253,376,277,295,431,587,211,346,274,739,1839,402,493,487,416,295,418,291,477,400,351,385,329,429,339,533,370,365,268,392,716,218,386,945,1856,353,642,325,353,236,357,958,561,274,334,433,342,456,348,258,366,469,365,431,211,403,305,376,403,540,394,307,317,508,700,423,501,606,298,406,444,654,569,394,413,575,346,368
2058,8,1346,547,380,498,479,379,742,510,535,658,773,477,488,365,363,1227,921,410,1492,447,534,444,598,310,825,628,391,448,549,1018,1095,562,1111,1224,511,533,261,429,797,534,254,361,270,1441,1822,529,548,547,578,438,794,624,988,1023,554,620,291,416,229,755,351,338,334,520,976,289,1168,1071,997,441,675,370,261,414,326,1223,422,486,557,431,961,652,643,257,454,403,349,652,223,844,454,403,867,715,1090,330,936,941,488,348,581,344,418,802,739,838,1269,443,449,1422,235,861
2058,9,941,613,285,382,213,299,392,1157,205,955,628,276,445,286,416,276,633,252,852,4563,214,230,404,209,2119,322,272,222,655,614,794,568,301,838,331,303,256,308,744,484,314,301,207,359,303,263,263,234,431,375,570,252,339,443,399,1182,583,334,226,718,358,241,565,217,3135,198,911,418,360,267,594,299,185,280,281,243,493,2093,653,759,839,757,346,181,392,198,271,508,399,1054,417,797,411,390,454,458,536,628,871,257,242,715,615,824,339,479,636,295,615,838,197,704
2058,10,223,308,284,367,207,657,442,1676,179,379,1221,2145,782,435,267,496,196,622,246,1736,182,261,284,177,837,257,267,232,644,326,211,426,252,359,423,275,296,181,693,230,389,175,183,319,205,782,174,217,196,2752,202,480,318,426,207,214,473,252,175,775,525,203,175,186,822,191,288,496,300,5015,326,2870,242,377,204,374,884,210,232,676,345,259,261,225,221,584,212,790,217,1826,189,459,333,339,580,190,915,841,821,353,355,552,193,312,248,595,420,197,377,494,288,552
2058,11,426,185,545,196,1102,297,664,353,320,853,526,807,880,258,183,389,374,1430,384,960,244,492,209,286,256,277,575,184,591,350,340,264,385,484,622,243,503,627,1055,333,640,550,426,206,258,277,184,213,320,557,814,307,350,354,224,1274,361,1436,207,735,198,299,380,240,529,348,200,363,191,696,540,1214,1310,193,298,207,2451,541,188,312,287,447,720,416,635,641,590,209,340,1977,234,333,257,277,259,192,615,630,339,648,486,688,1473,195,368,692,1137,211,627,1748,292,487
2058,12,1101,957,197,326,1706,1719,223,1489,239,374,1100,420,1532,868,2567,775,1056,333,1662,355,262,930,189,216,1074,189,401,228,976,187,767,341,436,200,1826,1204,348,10529,1037,269,267,198,642,259,298,565,196,219,181,339,328,615,1171,223,186,546,345,246,184,248,280,387,237,286,570,337,233,2522,297,694,710,1463,474,232,248,309,525,2073,483,573,717,1562,876,320,432,304,321,266,519,711,480,204,2302,286,337,176,545,1649,299,3888,347,234,800,561,512,317,418,488,371,3244,2762,695
2059,1,535,405,196,431,493,469,351,3590,197,688,852,589,5108,267,1496,919,266,901,552,4697,1380,323,196,291,536,498,423,188,711,196,507,1069,2914,240,503,6079,346,3665,439,199,1199,456,2279,953,1337,312,508,637,1329,639,4343,265,953,332,228,1772,993,883,171,516,207,1461,344,258,4731,205,312,754,985,361,1225,6376,1387,830,1004,560,1112,1159,246,571,366,1027,1678,301,323,896,257,645,1229,1419,455,219,1268,1344,607,737,1967,1958,550,613,677,289,2041,431,2486,1060,764,192,1023,3935,353,811
2059,2,522,601,1508,551,623,318,771,2172,423,545,705,621,4885,993,641,881,518,653,319,2536,884,571,215,256,521,345,320,288,1041,227,683,853,1860,265,379,868,1312,6596,476,437,931,212,2580,1498,4421,346,505,1250,1196,443,5451,629,446,650,236,735,418,1307,230,892,211,823,1005,217,5222,601,306,842,792,380,1246,5360,1164,2451,2590,807,1157,614,315,782,427,586,3826,355,736,1217,508,431,439,1531,780,1368,2832,357,352,385,2320,1702,237,2165,565,290,1931,490,1200,834,515,206,2928,5683,336,825
2059,3,1788,1028,874,278,401,553,305,1983,296,516,850,1199,4775,441,582,560,320,477,487,10236,1574,950,310,205,1997,586,553,214,780,183,598,1206,2854,399,2656,1729,1402,8235,628,311,357,1145,730,1954,5227,303,264,989,743,1041,8511,767,426,315,182,1009,825,1802,219,1778,181,1062,372,619,5887,626,217,565,280,279,1679,3813,2568,467,423,977,2483,630,367,400,327,1020,9390,291,768,3442,536,3194,261,1025,719,2985,2436,364,352,605,1123,3769,221,3364,338,229,1010,309,2027,761,449,428,1277,1774,1007,686
2059,4,918,707,540,377,275,298,218,956,182,305,425,702,876,296,442,283,296,378,375,2818,448,366,225,233,950,226,318,181,602,180,366,425,1067,848,822,1053,712,3111,331,199,279,338,851,1002,1286,215,192,332,346,700,2525,340,312,243,172,625,454,1147,261,583,177,686,325,211,2271,806,190,305,228,234,969,2619,1803,462,314,303,1160,518,281,257,340,542,4683,203,341,2577,256,490,682,536,267,613,3420,236,232,345,531,2552,238,1388,248,509,582,323,891,390,246,294,615,1174,541,673
2059,5,333,307,455,596,225,212,197,460,199,255,557,284,347,215,265,222,211,269,232,476,292,223,172,179,341,223,200,169,397,227,275,333,558,212,366,365,511,849,378,190,229,219,410,311,375,195,185,223,256,340,1148,241,306,192,170,305,225,394,286,284,177,329,207,186,1053,248,1171,272,250,202,337,486,598,350,241,224,461,281,187,223,236,287,1151,190,293,564,207,283,271,302,211,1670,1098,236,416,292,320,495,202,457,212,223,479,197,357,265,231,199,984,595,398,279
2059,6,252,205,202,619,200,202,236,296,192,389,241,239,261,210,209,194,185,378,208,270,249,220,243,173,270,209,228,169,245,227,194,213,316,225,241,256,266,422,302,192,202,232,256,221,416,203,188,354,215,273,504,313,195,212,167,217,210,234,202,232,206,278,206,189,394,243,213,242,205,198,241,344,306,275,219,224,295,247,187,193,193,359,599,200,229,303,200,602,278,273,193,320,548,200,640,209,226,388,185,262,197,192,391,188,235,206,194,203,488,274,226,214
2059,7,559,286,344,416,386,333,403,564,487,590,396,416,506,270,335,326,402,328,349,378,317,226,355,375,428,370,229,287,830,461,283,226,372,407,438,391,357,848,450,458,552,427,461,270,291,425,327,838,303,581,505,362,414,391,284,354,657,349,294,288,701,475,344,429,386,370,407,718,492,362,357,376,325,389,383,554,413,407,249,340,308,299,417,361,299,293,629,287,349,319,432,316,601,339,299,394,270,447,280,236,413,405,562,1077,531,615,371,605,430,267,331,299
2059,8,849,659,375,350,381,456,554,472,1058,240,492,452,504,423,294,437,362,553,355,458,409,521,255,409,387,258,445,400,717,876,702,376,433,296,896,391,484,893,520,683,828,275,436,533,270,760,535,425,551,853,1090,698,462,828,528,1147,1062,326,235,455,680,407,251,899,545,2590,1788,1365,797,689,277,866,676,384,1948,602,436,373,288,565,331,961,305,1082,371,363,1004,572,479,580,457,457,820,341,335,736,292,373,616,519,283,547,1907,1163,1761,1543,602,2398,570,438,493,509
2059,9,612,1000,639,393,514,288,471,565,2126,442,206,323,718,459,316,473,443,337,194,580,200,2390,331,2891,249,295,485,235,210,496,255,358,365,272,1531,1074,376,652,844,289,481,206,291,1483,363,382,209,461,454,335,546,817,383,733,361,965,876,260,347,302,702,297,226,813,195,1012,914,1009,420,2030,1495,858,775,576,684,462,367,308,228,364,242,294,318,361,599,218,303,545,422,447,497,642,1349,212,765,479,539,329,1049,606,204,322,351,229,2393,1216,572,655,458,2763,200,745
2059,10,426,1325,459,364,307,224,558,307,575,673,248,445,310,607,235,1454,241,1772,207,1758,266,574,168,344,208,430,292,235,194,255,254,219,189,187,439,6299,741,1160,1039,200,418,495,430,1166,458,609,176,193,586,252,545,204,223,406,225,873,574,522,157,262,683,217,206,203,185,249,3569,885,220,1234,1111,530,532,507,879,375,388,280,846,357,840,297,389,262,775,369,296,395,754,688,543,329,766,375,333,452,369,1193,289,1084,2152,635,202,209,468,352,666,277,318,435,275,208
2059,11,517,422,737,185,597,441,558,438,498,346,474,752,630,275,261,701,297,2080,302,9143,206,984,168,897,180,181,942,376,448,266,295,187,227,479,382,569,1530,442,885,401,411,580,504,743,187,193,198,238,841,456,252,1397,284,277,183,399,605,1358,182,186,486,650,441,328,573,348,660,782,191,2225,811,1554,676,1551,1740,421,988,331,191,391,855,1158,228,1768,515,286,190,408,321,391,539,515,5402,557,394,250,672,948,3422,252,564,254,203,245,644,436,2075,513,619,481,283,279
2059,12,281,533,1755,1592,541,214,1396,2665,275,526,401,346,411,1610,237,1181,1020,6703,286,5169,533,531,270,937,568,268,711,955,369,434,329,394,207,894,980,3534,319,504,507,209,262,278,281,2163,290,226,246,221,3237,1558,338,528,211,198,164,499,2638,387,992,192,384,382,620,198,617,408,559,1157,870,3409,2334,1595,233,463,485,758,763,611,188,676,643,345,261,563,250,811,215,246,1815,1671,234,1180,1678,705,247,592,951,304,2104,215,1368,270,564,182,597,392,609,337,546,613,3500,422
2060,1,501,1559,475,762,968,1890,883,812,1500,760,514,517,1097,550,180,560,258,8024,995,6808,2706,280,254,902,713,205,280,466,229,278,289,264,240,445,440,2275,318,393,1082,913,577,289,321,13112,223,261,192,3734,2784,991,874,717,250,1168,183,240,1524,593,501,566,1432,796,477,211,323,272,703,1342,419,5267,1503,1291,227,619,735,410,694,1473,893,359,461,404,230,858,1658,1661,320,329,985,2497,731,1298,1717,900,965,2302,997,1117,1889,440,618,400,873,188,460,2060,2128,230,254,1998,1689,372
2060,2,1559,771,715,621,800,802,832,1140,402,302,453,2513,365,321,194,462,625,10231,629,4645,2659,655,317,908,1437,284,534,667,230,474,327,754,1178,685,1291,5571,389,653,924,705,1333,1078,216,15351,188,301,380,2917,3215,1123,670,378,183,948,430,747,1253,416,285,1351,1045,1618,695,490,667,764,992,2876,771,3580,829,3947,234,957,882,449,1516,3575,454,383,591,611,1097,576,758,1801,214,989,694,915,286,476,2084,952,1106,1629,1048,685,1933,232,1913,1251,328,184,2370,664,1833,438,357,874,1079,373
2060,3,847,750,778,3364,302,558,931,927,1008,824,234,3783,1427,279,1020,351,377,6235,512,9475,1754,544,216,894,1019,699,527,365,204,1746,253,734,1945,883,785,3316,419,1025,446,422,714,476,202,6106,2166,235,814,4622,5075,1170,1489,1912,321,790,289,713,1812,455,279,793,539,488,1154,314,333,787,1225,3457,480,3789,2340,3010,660,1296,4364,257,2015,659,1036,525,1226,294,320,388,556,3526,290,350,538,565,284,499,999,669,1455,5146,508,601,3609,1101,1396,926,1124,785,1565,554,2780,987,232,666,3290,685
2060,4,508,365,413,1835,332,412,419,481,437,247,227,2008,528,223,216,302,222,10810,253,2045,1566,271,207,508,493,260,402,259,836,317,189,317,823,546,383,696,504,492,294,251,396,344,190,1699,304,254,409,1256,3588,516,408,539,275,324,189,404,1163,304,231,342,392,401,325,211,1013,1899,539,803,255,1117,1095,755,288,671,3176,224,1012,470,517,320,448,239,606,352,582,2633,238,390,375,349,246,290,536,705,791,4343,539,322,2639,639,775,340,349,384,847,338,1749,462,267,577,1323,219
2060,5,294,250,273,496,212,234,263,267,331,251,202,631,286,195,195,220,200,2377,229,555,687,246,184,263,252,190,223,218,408,241,184,254,297,253,251,378,225,301,241,204,227,207,183,745,227,182,216,436,516,362,250,308,183,274,164,221,378,222,281,218,314,706,245,196,357,356,255,520,209,361,454,412,228,327,549,219,401,960,226,204,298,210,273,245,302,587,336,355,254,248,221,270,601,378,300,643,395,247,714,295,392,273,256,195,372,241,625,253,230,332,2047,352
2060,6,248,216,237,276,253,229,207,218,222,188,183,262,237,188,182,203,259,460,194,264,269,201,159,482,235,237,227,203,212,216,288,219,222,204,213,270,217,478,202,187,234,189,180,291,193,177,201,268,338,232,203,216,338,214,242,196,268,236,195,203,238,215,210,195,203,215,210,298,290,329,311,240,187,226,295,277,248,254,245,214,465,190,255,198,219,267,613,196,225,221,193,196,253,225,221,398,219,279,299,197,242,238,211,184,265,243,310,268,249,279,459,200
2060,7,411,399,408,399,269,390,372,361,305,311,252,273,408,249,202,453,243,409,328,357,392,267,415,627,343,332,287,404,377,503,351,424,236,562,369,388,847,522,234,475,344,308,319,421,328,292,482,334,539,440,665,266,371,457,309,328,415,373,285,402,236,268,670,360,365,272,306,325,923,429,585,376,363,476,620,583,419,560,391,278,1000,318,520,471,226,665,1619,952,403,604,909,444,385,365,215,626,389,415,543,352,255,360,1337,486,468,537,613,1195,381,1007,473,287
2060,8,639,1059,316,1423,733,435,399,553,325,532,369,335,570,571,321,1234,363,442,3547,396,489,317,296,2061,246,424,365,341,440,668,1385,2130,638,941,761,429,660,234,641,560,844,356,574,1348,429,510,427,451,673,1211,292,511,373,1195,307,537,685,316,276,963,479,679,410,395,665,802,468,525,1493,480,460,341,468,383,1023,1360,497,400,350,374,457,575,1020,1111,411,975,1363,931,435,671,619,595,560,1004,860,436,716,933,683,577,411,449,1276,1627,945,739,1012,1582,1690,1173,681,738
2060,9,644,214,181,259,331,226,338,911,204,365,466,357,671,401,360,882,479,225,453,190,287,272,355,320,208,559,210,217,701,395,934,451,673,491,589,316,267,432,435,405,243,830,624,707,458,353,221,203,2558,359,297,323,325,803,387,604,384,430,774,229,259,726,250,297,271,208,705,895,2407,304,440,316,342,224,503,806,757,402,208,1083,368,313,387,831,551,342,747,894,187,1321,216,535,1066,314,303,603,710,1175,476,307,282,284,492,614,455,780,469,878,407,749,383,304
2060,10,548,271,234,315,368,298,818,240,471,2711,226,2625,715,3487,199,277,463,542,1842,217,194,3176,599,197,247,178,573,600,887,230,509,945,195,213,884,495,318,1322,981,642,1258,764,1008,272,182,213,173,313,301,283,1523,229,757,306,612,514,185,4034,709,199,442,366,272,512,207,183,221,207,572,200,312,240,239,242,1269,407,328,592,680,426,833,398,503,355,182,399,263,253,193,1069,1020,362,269,201,431,854,507,705,248,219,181,221,275,354,332,609,430,863,279,278,480,820
2060,11,1433,190,610,252,249,179,490,1422,518,704,975,1960,289,289,333,496,296,201,897,179,388,3188,591,343,295,207,186,1510,375,214,1161,970,382,442,696,2962,2120,893,910,205,272,482,223,351,331,340,329,947,2727,625,393,204,236,222,444,638,181,2094,1318,1099,555,892,184,227,381,203,302,197,870,278,778,177,552,1398,427,246,496,1286,205,254,330,201,398,210,278,507,251,192,201,338,260,742,243,308,1558,591,420,574,1125,314,518,181,561,802,246,207,633,1253,718,673,969,340
2060,12,570,1292,213,188,547,218,748,488,226,400,1258,2604,231,386,638,371,195,276,962,199,189,537,663,464,235,241,691,744,614,231,2184,1544,950,630,1233,880,665,294,644,219,495,1517,1405,444,185,246,1053,373,2143,275,679,227,1436,439,241,467,1437,504,879,224,358,1200,355,239,206,321,383,946,1689,2084,384,282,1075,259,253,414,1875,876,740,766,2397,1532,500,269,327,334,497,216,345,264,262,393,216,1731,1829,1004,435,345,1161,290,338,344,1774,739,1712,843,221,1218,704,377,1719,219
2061,1,1446,399,1024,1368,1161,941,1153,1611,241,278,301,2563,1387,422,3494,470,190,1033,627,383,283,646,891,5509,432,229,389,1764,281,1056,2051,584,1567,931,625,360,1072,356,613,559,332,837,999,230,186,3729,1029,375,1379,635,285,2014,410,461,190,1601,481,8865,2752,968,5036,983,203,398,182,1362,206,363,1724,1346,427,434,424,416,489,1332,639,513,697,514,1930,3271,615,1197,185,217,822,1172,178,2082,1185,1823,1055,1031,785,923,453,263,1673,192,252,288,564,436,1126,504,767,688,295,252,3166,3022
2061,2,1521,806,842,1268,3525,700,3196,1430,313,328,668,1403,4092,430,1486,519,392,738,820,277,595,1628,2416,1750,251,767,985,2702,360,809,5522,1538,589,275,1173,367,2413,896,399,1506,309,590,878,204,1881,541,2824,593,1618,436,1541,841,2108,952,314,634,518,4325,2330,1118,1014,3079,280,1095,301,2528,471,410,1507,430,391,263,423,2963,4178,646,962,834,686,1216,3302,1204,466,456,190,329,267,800,218,1000,498,698,848,582,1264,1438,1419,768,2023,500,199,955,753,587,759,533,726,451,276,540,7249,1616
2061,3,978,273,571,1504,2567,429,1695,809,262,268,367,1300,1841,426,3526,395,313,424,411,227,604,1440,741,1865,397,479,1416,4499,293,1814,2133,762,715,299,1957,306,7484,829,1184,308,244,1222,772,393,1797,388,2588,623,2120,789,1539,607,1343,398,217,1299,793,3981,1758,615,2493,1840,795,1442,200,980,1129,585,643,368,1141,192,484,3897,3236,410,1071,2342,467,772,2725,1798,270,264,590,956,245,1339,508,1057,257,517,1382,961,1700,1427,1042,594,3777,284,1702,970,1361,594,516,505,1749,343,1212,566,10011,5591
2061,4,574,280,275,535,1747,267,593,451,240,236,254,846,2278,300,990,255,280,319,577,240,321,642,549,1402,297,234,728,5590,214,838,700,899,556,225,1395,254,2213,303,842,239,1523,1212,426,279,1301,288,1272,241,721,310,465,549,640,236,207,886,288,852,837,390,1250,573,327,471,227,393,475,337,427,335,399,184,386,4035,1369,260,695,1633,603,576,1285,766,227,229,489,326,222,503,268,630,284,479,471,588,635,725,563,302,3385,283,309,1141,940,286,359,254,628,341,616,394,4962,1978
2061,5,333,213,217,268,480,204,347,273,183,195,208,412,408,201,341,198,184,204,257,188,203,400,347,449,183,264,296,1258,296,349,366,477,265,221,576,218,508,277,273,209,252,307,256,266,658,227,883,227,323,230,305,255,296,203,180,287,261,379,479,384,511,335,234,250,201,289,321,206,266,254,282,182,224,783,500,234,335,503,260,481,446,362,203,203,412,266,199,351,214,415,203,246,267,684,410,496,335,228,513,183,386,440,391,223,255,211,680,504,352,219,1068,535
2061,6,296,219,191,217,273,222,277,225,183,237,194,241,257,187,263,209,176,191,206,196,229,284,274,279,215,511,229,567,213,226,234,402,242,240,550,192,302,200,248,253,251,251,223,344,495,251,362,226,298,192,239,214,231,221,189,217,197,249,251,246,265,226,228,246,176,229,216,187,233,198,240,187,230,341,288,309,243,550,249,418,269,229,231,198,314,206,219,244,230,230,188,212,210,308,230,254,241,225,281,190,203,555,252,273,258,201,314,253,219,202,697,311
2061,7,263,483,283,356,430,317,412,593,509,231,412,392,369,310,369,288,302,329,381,304,361,530,409,265,318,587,606,489,960,1258,435,391,374,585,495,446,281,308,320,561,357,371,285,586,538,444,332,316,918,394,349,304,287,383,251,413,343,333,698,251,299,218,343,332,516,237,698,318,527,228,320,430,446,331,488,390,435,636,629,641,243,376,491,542,316,292,287,320,531,359,282,460,465,342,313,229,441,382,451,309,215,845,739,583,377,383,570,565,440,393,489,439
2061,8,720,329,755,302,542,453,631,672,569,378,598,529,381,515,508,244,299,323,457,903,459,836,613,334,300,997,3718,417,1125,1457,993,1020,704,978,442,1963,421,1346,769,1006,397,459,571,756,563,935,293,307,625,341,803,694,457,415,416,460,428,429,758,225,437,248,728,238,467,210,1356,403,501,619,311,934,428,607,545,604,316,713,1069,448,237,432,640,920,460,521,850,478,542,335,680,1888,2034,873,325,504,288,383,368,441,264,803,1130,439,673,1194,442,920,585,778,1067,1062
2061,9,825,342,1185,595,493,361,291,616,525,700,211,383,783,299,204,279,198,239,611,3871,543,577,672,203,422,426,451,232,620,679,701,405,452,406,514,321,243,578,249,309,280,320,337,611,442,731,240,632,517,530,924,554,797,319,406,319,502,254,491,466,487,352,799,473,711,234,246,229,418,395,184,578,270,306,1039,428,202,529,406,225,232,413,431,503,235,193,575,382,249,382,218,653,1172,907,265,240,717,199,238,353,213,521,291,210,239,1076,296,1062,526,377,581,329
2061,10,792,581,223,320,395,287,292,271,236,766,484,212,198,225,317,532,521,256,212,3408,233,1527,241,182,179,194,273,187,286,801,266,974,327,1302,569,218,207,300,185,206,216,251,241,475,597,259,332,204,671,232,467,314,320,616,261,553,302,180,227,536,943,178,190,184,245,281,196,227,926,517,464,289,209,220,293,200,747,1400,282,182,258,249,538,1983,247,386,286,211,303,293,248,3474,284,314,1029,193,258,177,1077,1187,332,293,358,200,192,1128,799,364,237,900,310,1238
2061,11,428,523,202,581,338,1428,190,443,204,2237,309,347,399,250,650,180,220,290,291,18487,185,3561,389,217,542,279,210,188,331,1115,512,1697,538,802,433,693,186,1490,271,522,234,343,178,292,596,1530,1257,193,1144,454,507,320,483,324,216,272,1365,181,245,476,391,226,1541,543,179,1289,369,323,211,201,1447,269,283,185,326,1188,462,737,598,237,325,238,1653,2641,597,263,435,178,444,184,181,1353,623,402,345,262,249,422,371,358,220,428,402,236,351,835,581,3930,294,3038,1108,598
2061,12,264,208,194,211,588,1107,185,220,179,314,2598,465,347,177,1069,702,956,590,1060,3757,193,1969,206,241,244,271,196,281,748,1464,393,900,301,671,332,219,2085,424,357,491,2537,426,464,2626,399,368,1620,188,387,3756,372,275,201,335,562,283,514,181,684,2249,267,268,413,207,1483,949,2703,217,328,187,1266,206,183,187,3315,2045,1416,1716,307,505,522,208,2985,357,308,358,331,191,1010,262,177,535,332,403,1074,340,460,1277,790,336,304,258,492,380,191,451,240,1190,446,812,1294,369
2062,1,1325,442,809,502,295,2146,217,657,430,3798,733,748,691,675,588,652,510,5719,396,13253,1104,11891,861,221,542,1044,2570,388,1013,605,433,488,210,1283,216,379,3453,4602,1739,449,728,474,795,5274,3565,275,2022,234,347,1060,317,216,197,228,229,339,612,203,340,3488,270,233,457,476,978,346,2670,228,251,220,471,242,594,759,644,1339,1583,933,1851,189,388,230,6628,1430,212,1296,325,187,439,210,175,476,578,1101,375,201,444,717,2289,791,189,488,1271,478,471,609,269,694,195,465,1404,333
2062,2,306,425,1049,1132,459,3049,623,1319,2186,8647,542,398,1661,517,395,303,553,1869,561,6150,322,19581,1021,519,350,726,644,421,1246,430,430,473,201,1066,272,1155,6621,8301,923,624,765,385,248,16089,1145,251,1338,354,1158,751,661,192,202,240,256,4134,319,468,244,1758,705,531,541,1026,484,1553,3781,281,1405,426,1169,318,640,584,2155,1597,1174,2213,578,447,738,198,8210,1184,210,361,1802,207,291,454,435,676,2467,870,409,313,1234,589,501,290,218,605,393,201,863,322,433,1616,335,738,753,427
2062,3,365,308,315,263,1375,6874,414,894,286,3281,1273,397,2596,872,277,287,2948,3691,357,8995,524,4946,742,760,269,927,797,1413,1773,3972,253,2225,244,612,753,727,5159,15697,473,1011,1883,336,322,3599,1023,229,1029,601,1783,1165,1488,193,217,186,1081,1496,501,347,247,1130,422,211,752,502,717,922,1794,200,421,245,1311,187,234,936,1929,1178,796,1483,451,725,562,175,3085,2184,241,603,444,272,631,805,1017,446,1217,402,1308,346,419,519,1826,244,377,1327,358,1419,250,521,333,2524,915,958,3282,437
2062,4,230,203,341,293,540,1974,270,381,240,697,711,226,1041,258,334,207,724,1771,240,3964,269,5154,352,1409,378,280,480,585,1185,3239,922,1320,214,373,437,297,8327,4885,344,354,673,488,231,1480,884,204,661,205,612,488,371,180,198,182,260,608,290,259,205,550,220,192,400,272,308,450,660,268,1038,191,1268,196,559,579,994,502,430,666,316,217,280,174,1636,664,199,303,327,223,231,215,255,310,507,256,544,240,329,303,1187,281,280,648,291,621,403,275,306,572,747,1094,1468,513
2062,5,205,188,223,213,401,624,197,295,202,576,364,201,315,314,225,189,332,536,204,868,201,1567,345,311,208,254,260,237,436,455,216,578,191,323,251,290,3872,660,245,247,301,222,193,624,359,189,403,190,320,297,250,177,188,181,221,409,209,241,188,349,194,583,230,208,273,367,557,171,958,288,425,179,238,1566,405,330,273,399,393,230,232,222,789,321,181,218,259,346,208,190,209,242,429,251,322,223,242,253,479,210,247,247,278,236,202,216,204,362,336,379,2235,222
2062,6,223,348,266,230,259,317,200,217,187,287,233,203,246,194,231,182,239,282,204,311,529,401,286,202,466,255,225,201,253,287,194,270,189,298,223,237,749,389,198,211,223,211,194,325,278,217,321,189,237,280,202,175,183,176,186,226,192,175,194,272,230,526,239,353,221,287,293,171,259,191,394,194,252,330,239,227,285,232,212,209,195,224,287,225,184,277,213,170,191,205,203,199,255,197,276,237,212,232,274,222,173,217,205,204,199,195,272,298,196,244,428,277
2062,7,543,865,330,380,679,287,371,471,805,366,345,424,342,211,250,302,401,388,360,506,601,264,244,473,535,211,366,314,298,406,341,619,264,281,1252,397,480,814,240,444,249,346,467,328,374,394,525,274,288,278,372,220,201,320,372,566,288,308,246,281,401,235,436,433,265,546,548,435,556,370,526,327,223,661,313,250,309,404,312,261,270,489,454,448,409,344,581,280,346,922,330,372,399,337,260,535,339,408,534,388,214,442,253,271,423,507,675,1133,388,460,311,383
2062,8,390,749,275,495,592,272,393,885,786,544,722,281,814,559,328,390,703,657,10273,383,1043,367,327,636,1499,330,357,278,585,907,435,1203,2205,1223,2412,736,951,405,460,528,380,305,254,458,729,414,1195,409,270,438,375,898,264,487,401,452,707,381,366,656,1135,320,1082,635,937,718,814,1373,1169,500,603,493,288,743,722,1091,354,487,383,548,321,755,1008,1286,1047,1098,1184,839,349,1174,1220,545,334,498,451,820,446,301,1580,267,248,378,1030,599,1553,601,2227,1756,454,499,277,894
2062,9,372,917,213,227,446,197,286,237,478,607,488,184,320,367,348,272,467,618,1366,558,884,559,358,278,315,563,203,193,331,757,663,425,678,644,1092,253,769,1364,619,635,363,298,206,347,389,239,454,259,266,263,268,215,356,421,469,719,497,180,762,570,645,275,208,408,337,216,315,755,1263,190,893,458,191,414,639,241,319,1573,198,789,262,374,983,289,337,638,512,348,358,1040,386,1160,279,201,300,221,501,359,1111,248,313,456,361,439,754,506,462,818,783,246,581,401
2062,10,303,306,212,339,389,215,204,621,267,1423,320,255,308,321,582,223,285,248,1127,312,297,703,540,259,575,244,194,176,496,698,230,305,215,305,856,567,719,1002,467,426,1073,222,192,1010,2849,176,1049,216,742,738,381,363,787,224,284,189,202,298,609,227,546,938,192,623,322,195,194,352,304,182,233,201,218,1818,241,367,189,727,271,280,576,286,530,711,282,378,647,182,279,218,200,454,624,829,527,1559,411,186,366,456,268,183,3674,198,223,272,1811,384,571,200,254,667
2062,11,432,257,181,195,479,330,273,208,569,428,232,266,267,249,280,179,740,280,1084,191,268,199,432,357,214,502,176,214,754,1967,646,762,333,206,3863,771,469,234,1104,350,414,173,283,666,2565,283,814,184,582,333,471,490,223,177,370,183,442,396,204,295,639,342,220,472,183,515,523,977,234,207,433,400,174,4309,541,535,178,471,206,347,904,230,264,1390,468,1068,263,200,2237,192,285,1262,502,616,808,534,1618,355,1920,205,209,183,324,442,210,427,318,650,242,179,201,1889
2062,12,1763,354,241,260,250,414,240,1014,750,265,483,1894,202,958,650,330,653,267,971,450,259,450,513,3191,843,256,606,191,1575,288,243,219,340,274,929,414,573,225,1795,3076,913,1496,191,1664,1108,195,959,172,442,2325,347,913,210,593,478,1216,213,802,1169,297,541,406,182,496,1109,285,1292,421,1277,1067,676,186,628,1012,246,614,902,289,217,413,355,230,230,426,348,386,503,219,558,330,490,758,558,918,1650,281,552,596,1455,660,754,244,288,207,285,355,2908,450,1268,863,209,310
2063,1,965,426,240,197,227,376,394,389,1209,269,351,1793,880,477,554,206,325,189,760,1237,1989,233,816,1964,401,310,575,187,1261,320,1545,226,676,402,531,2363,1913,217,15399,470,505,475,200,683,926,800,1314,605,482,1559,2747,343,233,966,882,392,892,506,1919,330,399,427,378,433,524,223,1136,304,8108,4013,777,804,1770,722,469,387,414,244,185,1058,287,218,358,1275,413,435,823,263,299,1707,864,757,918,723,791,1196,581,1221,1098,1083,472,1052,615,194,2481,273,2190,390,4125,4355,293,324
2063,2,473,486,313,510,394,938,1230,1106,412,264,1433,905,517,553,384,250,563,629,822,1986,1610,266,1094,1134,633,1209,548,174,702,387,319,209,544,441,533,940,8681,213,9097,686,763,506,191,1055,1466,377,986,523,948,1319,2468,281,1981,834,1916,637,430,392,981,332,470,594,189,661,645,225,1295,1205,7357,1176,614,507,2036,11701,512,450,378,473,188,428,264,358,983,1494,434,330,1880,361,662,694,449,612,419,538,1060,382,671,425,1093,952,734,926,749,236,393,710,3746,511,3276,674,1924,649
2063,3,370,316,558,249,785,775,266,1128,423,319,373,2708,1137,357,453,291,265,316,611,788,3082,728,354,917,506,332,417,443,637,1277,433,1336,1028,210,442,915,2161,366,12084,942,818,573,713,791,3864,356,953,561,621,1474,3646,246,808,636,703,573,741,281,681,417,385,1757,205,420,728,1497,5555,848,5147,1087,1107,239,2009,15442,230,487,392,1282,185,494,217,566,297,1037,265,303,822,187,314,500,411,656,424,1566,866,624,959,634,2157,738,299,328,410,191,412,590,2506,519,2490,466,984,338
2063,4,271,216,191,236,224,352,219,523,302,205,239,1575,534,532,275,188,231,204,303,703,1244,364,290,491,276,258,261,307,427,552,469,364,363,477,303,602,3952,393,2118,427,460,347,331,369,1080,248,569,213,395,882,1739,284,327,430,356,312,247,250,402,297,236,2172,191,302,303,600,3440,1242,3259,824,612,234,1640,3936,210,237,332,408,177,300,218,274,291,552,209,289,670,589,257,397,217,376,252,843,2180,308,519,295,861,707,364,416,335,250,260,243,864,714,1648,376,447,261
2063,5,231,191,187,207,198,220,193,285,215,191,219,353,246,488,198,171,204,184,244,366,463,276,247,309,248,210,200,185,363,256,255,237,431,435,244,317,544,386,565,318,251,214,194,252,344,206,400,189,221,386,638,195,232,221,260,218,204,189,337,195,233,876,222,223,259,262,768,890,642,327,300,191,635,909,195,202,236,236,170,224,187,187,207,295,191,226,290,562,228,231,242,291,201,415,522,276,272,243,379,506,237,328,243,318,229,353,439,241,452,273,373,278
2063,6,196,215,192,192,185,209,182,231,248,198,214,354,225,198,214,275,189,181,197,226,250,414,195,237,202,186,187,207,447,222,193,280,714,225,201,240,332,300,300,213,334,251,248,207,310,337,228,182,214,294,297,194,209,235,204,191,195,279,531,180,247,294,219,227,198,199,284,359,308,256,220,181,299,390,186,211,205,205,482,205,181,180,194,246,195,212,303,455,205,239,200,245,189,251,250,215,224,344,244,225,208,213,210,179,215,390,259,199,261,245,296,224
2063,7,401,411,910,318,426,266,379,392,236,289,258,427,397,223,228,308,272,331,601,357,369,649,387,405,541,422,471,281,648,621,360,268,676,892,451,296,752,665,464,1072,326,308,424,308,371,503,258,237,340,388,457,350,292,331,247,329,307,666,863,199,308,611,722,351,290,766,400,445,302,481,468,337,244,409,331,213,291,359,349,224,348,388,393,609,309,240,591,1411,382,363,250,369,353,328,471,349,375,253,428,389,487,406,355,314,417,589,534,716,365,392,507,283
2063,8,833,363,1376,328,866,248,486,270,721,629,473,797,693,386,390,742,293,339,471,292,232,1097,861,917,531,512,586,469,2277,1419,951,359,1787,1289,287,364,850,360,1174,556,331,312,325,345,291,797,711,539,412,749,414,390,252,292,479,341,372,316,547,586,366,2720,1113,271,229,772,400,420,420,985,473,295,505,622,461,363,252,333,259,320,296,638,628,844,503,190,698,837,357,764,686,306,454,918,302,369,359,468,377,459,673,688,492,1057,810,658,760,1577,410,292,396,507
2063,9,664,1022,639,175,621,884,307,188,407,854,404,546,1161,336,483,675,182,589,211,208,264,806,592,482,323,440,2780,222,984,1058,1110,648,803,513,195,274,612,294,1072,219,210,268,1005,318,286,429,472,562,227,290,1378,243,289,288,199,311,394,446,605,437,483,326,248,202,356,490,190,192,188,1276,274,193,514,368,495,178,949,194,169,248,647,352,370,423,591,178,348,586,279,698,682,286,494,1510,219,308,272,355,513,316,250,453,405,744,825,579,1309,1330,376,194,700,532
2063,10,341,697,421,186,666,260,257,205,300,370,4684,330,312,518,232,612,216,583,260,244,526,332,207,284,575,215,381,791,245,223,245,209,260,761,649,216,739,220,918,198,494,790,8080,289,205,291,333,226,1334,185,409,184,527,1153,177,796,190,356,1220,277,179,272,230,178,881,361,247,313,649,594,381,212,769,440,408,192,481,183,849,456,390,199,242,269,222,286,255,784,244,828,358,521,458,489,786,3566,1723,200,504,182,200,319,443,459,599,421,548,303,201,204,209,1317
2063,11,385,313,433,189,328,253,546,366,390,487,1101,223,642,945,214,334,191,405,6257,184,479,545,299,303,578,445,234,215,407,228,320,312,203,527,505,685,839,523,348,374,245,517,641,194,309,704,384,180,1056,497,811,206,320,7825,176,780,258,328,804,695,285,219,349,432,1449,908,206,216,767,774,962,395,532,433,235,251,323,201,527,279,1334,302,597,191,201,257,300,593,305,2033,279,910,1569,371,351,1218,474,688,1512,190,181,662,892,281,471,335,462,349,415,1509,190,375
2063,12,203,211,4702,441,215,201,330,258,597,230,895,487,563,348,226,985,246,773,1573,444,668,472,195,425,837,202,256,256,208,192,300,1578,225,536,244,582,1517,1564,229,527,2724,266,513,322,398,505,207,178,969,1474,872,172,359,693,175,573,795,789,351,219,576,1001,740,631,1848,466,196,331,234,342,785,366,702,745,243,494,745,225,2059,623,997,1163,511,225,469,389,398,323,228,297,255,832,514,648,350,481,929,475,1052,229,344,2106,889,480,2178,3078,467,606,400,533,1184,524
2064,1,480,727,1690,251,361,870,962,1340,452,418,1363,1475,1076,1337,187,416,761,559,884,1950,409,269,207,1388,385,193,2384,587,715,208,744,1010,199,557,356,232,1639,309,629,275,546,400,994,1920,538,1258,254,186,3078,992,2292,299,245,650,176,1506,322,1267,419,303,2670,407,507,374,1194,1364,196,1120,454,1211,779,590,437,2120,1190,796,2316,253,405,1172,478,667,368,294,364,307,2191,6097,1001,814,223,469,960,455,315,5665,3749,4896,544,458,1746,535,934,894,1467,3734,1896,8573,4747,450,507,852
2064,2,2173,1115,2018,205,259,903,543,468,717,278,1383,2672,2327,2548,530,539,874,442,3902,911,1001,576,318,359,684,250,798,1665,414,413,1021,790,231,274,261,945,1432,565,440,289,427,1024,1088,813,269,535,206,183,7074,328,1021,264,392,1953,186,1626,296,1807,442,871,2644,405,1091,337,1911,956,267,271,364,631,696,385,502,955,1452,1456,1255,1022,590,1222,322,586,378,554,248,280,2334,2291,881,708,1217,778,586,381,550,5514,5911,9698,931,630,2244,1112,2164,1206,4799,4122,710,6090,2856,2514,771,932
2064,3,1104,1595,8995,221,331,781,456,239,1398,217,983,1726,1205,1617,183,530,394,265,3763,582,277,593,220,2322,745,302,398,302,379,868,2003,2702,443,331,417,271,3678,437,257,195,335,476,813,665,221,280,201,183,4548,777,667,242,347,1110,666,949,220,5383,10191,4561,2071,880,337,502,5864,475,315,1040,220,442,1883,1393,1199,3185,845,381,907,269,427,624,1732,401,2922,274,232,346,5230,1395,1108,1197,1045,1307,378,541,623,3430,3689,5785,903,384,1049,1395,807,461,5816,2144,500,5022,1148,839,779,845
2064,4,397,706,2178,212,203,261,415,541,402,280,441,1255,551,618,180,256,254,223,841,391,239,318,182,586,399,189,716,289,258,237,644,1029,257,854,426,243,1529,263,221,186,286,297,432,320,239,235,434,170,4493,365,418,171,202,393,593,392,193,1263,6616,905,689,357,298,215,1324,325,220,402,529,270,612,467,712,1521,906,288,541,244,479,345,682,269,1226,192,192,209,882,1486,446,436,296,478,360,276,530,3728,1488,1806,394,356,1632,1076,540,327,1732,1403,424,3657,692,586,518,496
2064,5,282,309,489,188,193,224,245,313,264,272,292,502,291,303,184,222,200,197,334,289,208,213,293,262,335,181,265,229,207,196,380,518,217,408,239,201,511,229,204,245,218,232,277,238,206,203,290,169,1041,235,272,167,188,350,209,262,183,396,937,351,380,254,209,194,488,240,185,240,224,251,284,267,259,427,657,220,312,279,289,271,342,285,550,183,186,192,363,565,249,262,237,261,231,225,221,850,583,784,288,212,836,358,360,232,1587,953,371,5520,362,330,870,259
2064,6,239,214,334,339,231,226,294,193,200,325,237,286,313,240,193,189,185,187,240,225,206,209,187,283,221,546,231,251,199,238,229,254,227,197,224,200,271,215,205,285,207,223,247,221,202,236,194,169,299,196,211,172,185,224,188,205,181,254,454,265,228,261,196,216,275,204,193,216,225,200,212,255,212,311,237,210,255,183,241,243,230,207,280,263,180,178,245,349,202,205,199,205,205,223,198,317,255,319,228,185,319,259,239,203,385,470,243,652,318,247,306,257
2064,7,715,459,538,293,328,590,476,426,255,463,307,410,481,414,238,408,223,412,493,344,264,321,345,458,310,538,1030,235,414,487,567,422,592,699,277,533,464,328,290,526,273,311,318,578,350,481,430,396,335,349,466,265,207,334,249,313,348,656,486,315,407,430,1007,421,236,206,263,323,520,284,437,569,308,517,397,278,373,739,463,331,433,316,425,413,430,328,220,238,245,274,552,331,377,332,312,341,381,376,283,199,416,329,424,404,581,525,741,580,757,342,386,427
2064,8,873,342,549,269,393,1004,428,580,695,785,663,694,856,844,573,801,288,1158,1327,413,702,419,562,724,393,528,402,278,351,1338,1538,406,651,359,397,530,296,581,401,756,343,733,288,326,599,619,487,1286,382,396,411,209,335,526,613,957,568,826,256,557,1801,674,1018,575,280,266,418,621,677,375,941,1279,247,470,592,1003,951,657,595,563,1478,1369,871,721,607,373,443,267,333,1224,540,571,406,332,346,317,400,740,377,377,314,265,398,2557,791,575,725,1285,1081,1078,528,764
2064,9,1222,353,262,238,454,541,510,979,677,837,573,381,421,329,341,865,282,257,238,206,330,266,559,349,223,261,219,225,303,239,1552,335,2297,401,1557,1426,370,794,476,536,242,342,190,265,350,224,645,1734,287,231,288,361,516,591,273,477,592,240,198,249,843,275,228,637,188,245,314,331,1360,332,552,1363,431,1142,1144,1673,366,2540,534,527,421,486,928,259,363,294,492,224,402,345,238,1245,593,214,510,197,310,430,404,220,541,225,266,393,779,209,2379,302,557,1232,197,371
2064,10,1878,276,575,541,270,275,198,196,200,678,791,380,192,213,196,479,285,388,283,257,856,178,1129,597,353,184,215,222,254,656,243,191,432,217,356,247,447,3660,274,603,236,701,227,240,390,211,183,2799,622,355,408,200,194,214,220,351,268,1573,186,219,307,182,300,389,293,177,658,507,433,400,210,491,208,342,1099,476,236,594,360,346,310,1282,207,322,357,424,1199,290,814,192,376,594,548,3717,764,887,497,321,202,1003,713,339,270,221,719,318,8950,246,448,271,463,187
2064,11,1380,240,1936,957,637,234,179,193,183,1501,957,196,368,201,698,481,388,312,310,271,212,248,316,454,249,593,207,652,346,493,301,265,701,212,640,527,1985,2030,219,295,206,379,453,699,193,268,180,3373,875,1404,451,640,550,340,323,275,1148,834,179,335,645,181,595,212,420,200,182,733,204,360,679,429,188,2261,1498,691,349,777,461,404,418,543,259,183,380,240,901,177,378,191,531,406,198,646,308,822,365,373,212,401,1657,452,238,401,568,482,2327,687,390,827,379,551
2064,12,667,184,291,578,237,314,212,206,189,1212,596,480,2195,589,224,263,304,759,900,626,1305,1996,726,1491,691,319,186,1250,347,355,230,189,436,740,464,310,482,990,1197,290,1601,1595,191,371,1811,814,187,5860,1330,700,198,548,188,254,186,211,1478,740,372,889,535,288,946,281,946,173,236,563,192,5513,2414,1441,1514,522,1518,245,561,572,1857,982,237,894,223,283,917,729,1478,714,3860,474,274,1094,1454,1018,222,655,208,208,615,4614,868,191,206,691,389,1634,1314,314,1931,770,1934,452
2065,1,609,652,288,743,1122,1345,855,196,213,1718,874,1416,436,3214,961,988,369,2953,1934,423,498,799,935,446,328,1672,474,1482,1439,1017,884,197,328,1291,558,221,350,755,1133,199,339,3023,204,224,666,696,176,28763,877,1694,514,457,307,265,175,250,5814,2294,498,1649,379,731,459,208,652,213,316,694,3447,1292,12354,704,696,424,1716,258,412,541,553,1570,1271,2506,1225,290,3087,1019,1953,10719,1102,191,713,287,735,1089,373,454,198,250,685,13904,610,370,198,363,310,1722,991,1201,2556,922,3156,321
2065,2,7797,564,532,609,992,311,447,190,192,1615,907,790,1364,3579,3951,276,307,1198,330,1315,383,1214,1271,1175,292,2061,578,2566,1611,491,606,174,538,1127,1124,1219,744,1823,1310,204,643,6139,176,206,332,259,310,14043,954,545,814,224,214,273,334,418,15347,3615,2301,1730,712,1834,571,215,543,811,209,675,494,4607,17017,1057,421,1420,2865,508,926,1652,1137,445,906,4056,519,771,10266,500,4712,6595,901,250,228,348,835,1324,734,806,252,705,531,10580,544,244,2395,564,900,896,566,531,2819,859,5791,497
2065,3,4731,324,328,402,2065,337,456,941,379,3104,889,1000,1411,5268,415,355,194,867,325,388,538,5712,454,533,895,2602,465,1914,380,274,302,282,1555,1775,1772,930,505,3267,664,188,358,2727,309,415,387,233,220,5831,809,537,505,223,516,390,448,346,4451,3734,402,2349,979,528,341,270,1286,360,186,257,350,1519,3180,1563,1340,875,12470,839,492,997,818,2719,1006,10561,573,586,3082,336,16697,4646,810,266,2494,2175,716,1410,267,1049,214,480,2447,2816,646,259,949,1448,2384,6536,466,670,2113,807,9342,293
2065,4,769,235,233,309,979,221,215,661,180,746,431,376,490,567,294,244,187,566,264,253,282,3155,423,365,310,5936,218,723,456,389,259,188,515,716,628,459,372,1156,353,230,342,1233,196,306,293,209,173,1736,447,356,317,198,445,255,199,247,2540,1318,274,796,339,335,230,211,688,228,175,282,443,659,603,1035,347,433,2332,289,405,526,556,3534,696,4216,1018,294,3216,282,3501,1577,481,201,1174,673,461,1333,268,950,183,359,490,1891,470,198,416,413,1511,2037,420,403,1545,487,4760,249
2065,5,449,196,206,229,392,203,192,581,174,475,262,264,287,431,245,211,181,268,263,208,219,543,371,329,206,728,190,340,229,251,284,175,625,308,303,258,253,361,282,183,220,502,175,260,229,190,204,570,270,247,257,200,193,183,177,207,663,435,229,379,237,264,200,178,495,190,214,211,340,334,428,1095,250,293,544,263,334,363,306,641,317,607,315,212,704,678,2513,624,296,180,402,305,326,374,238,298,321,202,277,736,324,190,269,243,460,475,246,233,492,288,833,209
2065,6,255,264,278,245,410,214,195,255,193,259,249,199,219,262,197,204,190,227,207,190,211,278,228,265,237,314,246,228,267,237,240,221,1013,289,263,202,199,276,213,178,218,254,260,180,202,190,183,619,218,228,222,206,180,198,205,183,256,244,212,251,241,238,196,192,231,288,179,205,372,227,243,380,261,246,276,417,662,259,267,312,245,513,236,219,370,345,469,281,230,207,314,214,345,256,251,230,182,196,211,432,386,222,224,233,268,265,212,207,268,228,384,272
2065,7,413,219,288,227,420,237,295,361,326,382,418,476,471,360,391,244,272,331,443,377,366,434,321,249,355,371,381,315,299,404,458,389,863,895,675,604,245,252,350,275,451,334,320,374,340,481,393,516,495,693,683,367,335,301,212,410,472,400,229,287,365,405,329,222,224,330,321,471,384,424,304,413,417,420,247,522,602,333,404,331,337,479,421,1032,535,449,464,658,263,218,714,264,414,474,372,251,634,715,643,249,613,419,264,623,409,518,355,268,353,296,392,332
2065,8,585,222,360,254,272,420,697,554,415,416,732,640,1372,373,325,399,242,450,463,562,537,425,462,361,1159,348,419,207,777,809,1095,1173,1473,433,1713,744,215,244,422,626,316,393,822,509,449,689,726,440,624,1015,745,273,292,268,254,985,344,343,332,425,1037,344,958,415,295,669,714,1423,780,1522,918,456,481,857,847,454,287,353,2182,591,250,706,802,1004,730,794,335,651,311,327,802,358,361,750,287,369,329,550,613,239,704,1236,690,1221,1223,706,338,928,1782,391,1093,1290
2065,9,544,193,591,218,241,415,1483,275,236,341,277,326,795,339,187,910,191,927,538,490,720,494,610,193,210,202,228,215,484,301,582,278,399,309,5120,432,180,253,189,693,272,605,1040,196,245,1028,722,376,478,199,924,187,277,231,225,1792,191,313,475,195,2014,457,451,936,196,1062,664,469,230,369,844,283,193,542,248,828,688,237,277,420,849,656,862,1033,453,1352,525,237,528,383,564,184,182,226,209,674,653,244,700,183,239,926,221,563,1467,1262,1102,593,500,309,492,417
2065,10,3388,260,319,305,351,317,212,181,286,376,263,687,733,196,522,9894,295,390,198,635,830,295,868,204,386,386,270,325,244,210,386,187,267,186,3417,220,205,215,407,503,201,346,1740,376,205,339,228,472,191,383,367,181,4807,197,219,1259,234,180,235,231,604,272,214,388,282,239,1641,787,200,221,557,183,262,643,290,569,1790,214,206,207,728,497,530,814,213,334,1885,224,388,180,490,667,201,196,405,567,1090,256,756,1306,267,602,201,681,1627,407,983,220,305,383,1130,195
2065,11,338,178,273,346,451,237,254,177,481,709,290,1979,249,186,568,420,211,563,194,354,386,392,691,324,349,1190,183,259,679,261,937,471,604,368,2681,5262,374,237,625,251,299,367,373,398,177,954,295,551,181,469,195,279,771,238,211,1164,185,177,177,207,788,589,260,345,485,226,1382,370,237,295,549,246,307,313,771,977,307,285,712,228,1150,259,272,929,608,2170,482,183,248,351,423,414,999,192,542,298,307,245,422,278,184,341,1798,580,1132,569,628,346,551,184,471,440
2065,12,1308,333,420,271,1494,189,859,471,192,1016,227,2037,697,182,602,1228,838,267,693,236,322,518,399,511,212,406,178,236,834,183,513,221,426,380,2888,369,1644,304,272,195,832,1549,678,933,184,2185,450,655,223,1391,235,184,331,189,402,644,251,332,201,175,1848,695,1884,933,192,201,1125,235,268,956,297,222,309,220,2686,257,1054,677,810,381,347,638,260,1017,515,1337,351,2343,210,264,865,304,218,1008,615,306,322,791,347,377,187,936,424,288,1965,2699,347,412,2749,746,918,201
2066,1,929,395,355,251,420,183,1942,527,203,371,1273,1239,2251,271,537,529,281,312,807,268,522,916,378,379,1031,276,330,1514,528,200,347,307,1224,1245,2705,357,523,541,223,250,424,383,1236,337,260,613,928,316,597,570,400,218,322,1352,333,799,208,189,331,503,1113,322,760,744,330,223,743,237,207,829,346,198,243,216,7053,448,1611,1076,1040,853,1508,902,226,537,246,2678,563,1161,184,230,609,1114,210,360,336,293,576,1349,602,283,247,411,276,272,1499,1483,340,284,1084,763,416,190
2066,2,1364,1428,522,588,363,528,1161,953,638,330,842,1073,871,300,962,596,707,297,381,291,1959,551,325,690,2222,1018,278,996,686,518,562,363,805,618,2762,336,575,1720,441,240,343,654,1353,319,182,834,609,285,506,352,1728,368,304,514,371,679,224,2886,278,992,785,777,472,848,452,868,548,543,209,1001,255,344,371,230,12925,250,1425,3867,967,913,596,1228,307,1346,238,4393,472,504,944,580,1058,1015,885,231,629,645,1576,2788,482,870,876,836,342,367,1680,1134,896,301,6138,1020,670,548
2066,3,1547,1590,777,1850,339,797,857,389,369,394,634,904,1161,196,342,760,1419,304,308,424,395,320,278,666,1033,455,1308,714,281,319,376,242,938,805,1514,505,1947,2016,206,262,1230,2410,983,910,204,586,926,231,555,933,804,182,308,448,190,2189,338,307,637,511,1264,275,2205,772,434,919,365,5699,202,1056,220,370,1367,470,7453,229,1687,1326,959,496,612,466,268,932,207,2154,798,523,618,689,993,414,776,1857,632,652,663,2265,367,611,215,1674,429,263,1532,4273,315,250,5576,545,705,206
2066,4,1151,598,261,419,245,233,645,252,385,317,290,673,605,173,253,379,454,268,269,199,318,241,222,484,754,285,808,350,281,339,431,237,399,1501,514,271,1447,579,206,221,279,1165,496,259,178,360,421,207,302,388,404,168,294,233,230,1447,178,262,223,240,798,236,1054,479,205,365,295,849,482,783,202,245,346,205,1432,567,677,666,536,259,393,300,233,522,194,682,413,315,268,237,352,320,397,390,242,256,544,5028,268,324,197,478,263,235,572,8806,595,239,1079,697,367,315
2066,5,378,284,209,307,372,307,310,218,207,263,220,381,379,178,217,241,306,215,195,193,247,203,200,291,499,225,230,231,221,840,348,216,329,495,574,233,384,308,191,187,236,378,276,210,169,259,334,197,270,243,245,168,201,295,175,694,233,222,234,196,339,228,517,286,197,222,226,442,183,394,209,192,1008,190,1113,199,371,374,271,351,240,271,201,303,193,388,273,282,207,196,250,235,214,278,227,207,364,786,212,218,201,337,204,205,379,734,239,187,460,269,268,223
2066,6,237,216,212,264,195,200,258,226,207,192,192,268,217,169,194,202,198,274,186,189,205,194,205,416,295,207,195,203,230,222,273,182,249,350,249,222,254,555,180,187,252,245,232,214,166,206,304,184,195,318,428,166,206,188,219,290,173,191,186,186,261,198,380,205,186,203,195,237,179,442,193,176,476,189,351,193,243,269,263,190,214,246,227,250,203,259,359,207,212,184,204,198,194,529,209,202,284,360,193,206,230,293,190,200,248,311,206,237,267,301,302,195
2066,7,337,397,417,344,256,414,387,368,290,525,335,405,554,292,431,296,284,439,367,372,407,255,472,1317,491,220,391,483,410,576,462,554,338,494,338,351,311,473,257,331,309,497,297,415,290,395,531,323,406,300,619,329,241,345,232,376,363,411,330,252,499,285,372,690,379,375,338,470,453,615,234,293,512,443,281,466,356,316,372,369,224,423,246,498,295,320,597,393,224,220,271,307,323,862,296,202,690,430,245,204,554,345,289,516,333,396,445,269,487,388,330,262
2066,8,549,661,326,422,493,534,485,536,454,466,391,501,638,434,290,494,613,554,414,527,954,592,608,1725,440,273,901,469,590,1063,1017,567,487,3305,247,413,261,1195,345,606,379,381,395,371,247,352,441,381,558,392,1139,477,339,234,439,385,266,380,264,1091,382,408,320,580,482,401,1008,398,573,1948,246,631,504,532,487,760,358,750,740,328,289,384,343,434,436,751,444,758,385,317,354,451,527,733,382,938,1469,646,337,387,925,366,775,642,630,846,595,498,576,943,615,483
2066,9,510,667,202,216,767,446,429,576,387,441,191,264,673,192,217,1308,515,1153,473,585,990,293,807,616,426,196,919,1368,538,538,549,233,619,309,566,231,373,254,369,409,396,249,915,386,630,269,341,2919,911,198,608,303,1188,392,164,440,183,269,360,425,453,443,333,1101,502,1469,1846,445,595,948,220,527,250,322,412,552,263,743,484,532,262,288,293,271,466,421,515,532,385,391,243,1162,1022,2144,309,646,495,739,205,298,704,1158,448,524,450,194,433,353,428,2302,189,356
2066,10,1677,457,211,229,1111,385,920,320,233,641,600,685,839,532,179,241,427,321,209,442,328,748,341,679,213,219,218,728,768,202,320,181,197,332,1270,337,497,419,308,253,1745,305,357,384,519,200,250,352,299,435,382,593,1144,282,1679,319,241,244,670,849,467,430,185,555,495,223,447,259,407,535,175,406,1686,294,239,451,289,503,958,313,264,228,355,2526,1695,285,770,682,235,834,257,1188,260,472,1196,672,227,356,328,183,203,823,239,210,245,506,244,194,1274,688,391,1168
2066,11,1579,349,191,481,412,343,1832,187,171,562,646,760,889,802,229,262,2862,367,797,384,341,965,407,218,459,419,189,225,384,226,336,196,666,305,2474,307,396,905,670,215,1058,857,191,298,182,260,1397,340,295,2454,551,339,884,223,304,1272,343,507,322,228,2142,180,181,1521,501,309,463,264,263,505,567,257,297,251,467,531,416,242,336,258,1094,224,961,551,2156,231,252,380,238,294,240,586,429,817,600,704,294,947,195,344,470,1308,183,317,264,301,371,683,277,681,858,1325
2066,12,658,255,671,3556,1102,292,640,567,261,1121,951,2723,430,858,276,254,1171,289,416,317,1624,274,1267,424,850,215,185,5547,431,2263,367,329,408,214,348,595,267,2398,542,475,4311,282,220,360,184,720,257,317,695,4822,395,973,280,322,369,1034,274,292,375,205,844,3197,177,454,201,293,513,193,239,316,882,190,674,672,306,1804,435,663,1142,664,1496,216,628,365,626,661,560,447,175,308,413,293,820,457,1223,777,405,1610,518,198,245,364,304,319,414,190,203,1882,604,3146,289,1008
2067,1,545,1865,507,1412,7758,541,10606,291,226,1140,1056,1257,1156,1921,460,195,698,277,1405,446,572,346,3236,741,1622,479,225,2762,394,1667,11799,1265,352,274,357,1122,776,2728,384,1075,8267,651,2155,837,201,604,555,1969,824,7045,556,556,680,216,1140,1087,348,229,704,202,372,958,263,1451,946,732,2330,1004,353,512,715,195,486,1036,2573,1204,555,2324,543,835,645,350,301,1054,463,3069,492,724,315,295,261,722,310,557,2042,1913,3217,644,241,238,312,414,250,430,577,532,688,342,1500,3374,264,1527
2067,2,462,1384,491,1393,9977,535,15101,439,558,663,459,801,1090,2996,219,337,855,1302,661,903,698,558,2991,288,486,1679,201,3094,631,1007,2033,1128,340,5107,931,535,1468,4516,454,429,5486,481,560,329,900,889,408,645,1784,6985,648,706,774,179,1534,499,1550,231,634,302,441,502,505,1792,321,396,3617,1101,191,720,1683,218,1434,381,1553,767,1003,1140,777,749,571,497,305,683,386,1072,317,1139,610,324,266,552,324,457,4061,1817,719,1165,190,465,588,1173,1213,1445,565,327,705,352,691,3470,298,1044
2067,3,630,2037,226,4467,5976,528,7353,235,1371,707,565,771,1035,1420,277,321,623,653,404,239,680,376,2475,373,372,913,183,1274,298,1223,1594,440,317,1206,874,507,651,3540,404,343,2992,341,346,235,2188,288,663,430,431,5851,1141,403,370,459,641,383,962,1246,1917,560,648,1310,225,1900,261,232,3346,966,188,275,959,781,3234,727,656,846,1049,1289,795,1653,4349,297,262,2291,382,1152,508,885,289,569,191,532,302,1486,4055,3006,663,999,321,231,529,703,1434,2165,1484,431,1308,735,1170,4665,390,672
2067,4,757,1288,201,1946,1519,382,710,203,290,381,666,807,477,493,228,194,325,330,353,213,557,226,1857,227,285,361,185,477,680,637,1130,385,209,1148,903,351,623,4353,238,309,918,217,249,209,1577,230,402,262,298,1717,1459,265,263,257,326,292,782,282,369,265,372,608,182,855,619,210,1005,856,203,449,1137,208,2540,258,348,530,325,618,686,871,1194,186,227,1597,298,760,312,306,193,230,181,299,272,726,1094,2997,399,899,197,345,285,356,293,857,389,208,341,367,1391,2257,315,352
2067,5,307,379,223,633,606,223,409,194,206,234,269,335,275,339,181,183,242,257,228,232,373,354,390,198,222,265,241,419,1252,308,836,244,189,479,361,432,359,583,198,233,461,253,219,202,269,198,249,214,228,849,613,229,212,185,246,247,306,308,254,189,248,435,195,360,215,211,336,252,182,399,333,240,706,211,253,337,230,1090,366,435,384,180,239,447,239,321,272,235,180,198,189,217,211,435,527,906,254,373,206,210,207,254,307,762,250,197,247,348,439,744,209,256
2067,6,283,301,225,341,351,201,253,222,186,204,204,629,231,224,179,192,212,217,200,194,215,203,252,191,193,1086,193,288,282,236,336,195,182,250,258,497,209,271,211,208,335,212,255,284,207,213,236,350,195,296,232,206,253,197,247,199,217,206,212,192,213,242,220,228,189,222,249,298,220,227,255,183,335,192,225,238,239,395,249,229,289,207,205,264,200,233,210,198,187,196,176,211,245,234,260,301,213,299,252,183,197,208,290,436,347,219,223,215,330,284,221,221
2067,7,587,317,320,321,409,284,513,259,487,303,255,785,515,390,260,610,575,340,379,331,238,270,450,524,263,625,294,661,643,560,592,900,376,243,338,611,373,328,272,276,306,397,481,452,253,270,351,719,234,338,437,309,584,296,387,313,329,354,286,215,437,363,580,453,230,392,298,487,485,363,359,406,367,267,457,409,394,437,257,513,264,338,448,757,349,256,339,683,330,236,233,477,358,368,274,253,344,482,818,256,397,466,637,717,388,482,377,216,448,335,256,554
2067,8,1882,652,465,322,285,441,1209,450,1358,358,795,620,795,695,302,892,563,309,952,1438,529,356,673,609,467,330,1250,1026,1160,1459,925,1508,630,438,264,1593,375,446,635,624,283,354,735,824,609,274,463,732,253,319,820,274,556,364,373,574,547,373,280,324,476,1070,518,795,354,427,679,1247,952,2117,275,686,384,403,753,777,609,742,245,357,359,565,773,2408,255,397,465,547,545,314,590,503,389,5638,454,1380,816,268,670,281,324,338,480,3805,359,475,504,384,556,564,641,634
2067,9,548,679,1303,225,382,377,844,500,808,668,564,1795,529,596,224,722,265,242,426,275,1185,369,488,235,313,536,261,619,768,1075,778,1609,526,1235,895,368,1114,2085,380,375,197,209,361,326,291,188,335,205,209,236,759,370,391,215,506,1430,273,187,216,202,555,308,547,1253,181,236,1207,863,474,919,1852,329,224,444,380,1167,195,746,200,192,362,440,1091,600,337,234,270,301,455,449,625,252,186,7602,645,409,803,189,504,183,206,233,253,773,309,454,269,294,329,1009,571,972
2067,10,244,243,374,295,261,211,420,1362,256,6168,280,3383,670,186,324,339,252,197,992,292,359,4598,219,199,184,259,394,210,596,371,300,925,386,1451,755,200,1466,4321,933,412,262,183,205,185,235,224,360,2310,942,444,628,193,327,762,698,348,276,197,543,301,456,305,452,275,430,937,291,508,289,213,512,1118,259,213,432,250,208,486,1799,624,654,196,4082,511,186,750,246,210,204,1005,347,260,176,1161,1065,1226,198,476,456,176,438,196,244,796,893,514,195,244,206,267,504,280
2067,11,616,462,234,820,352,212,235,296,975,692,419,532,1142,184,173,357,382,209,485,198,430,398,365,374,176,730,377,188,286,936,504,1265,218,525,577,250,535,644,232,543,1651,615,416,227,337,177,333,1355,1630,306,1191,224,318,225,574,1092,447,235,718,906,341,217,212,286,373,1038,246,203,724,284,1377,1936,410,1500,648,204,505,939,291,1221,666,293,418,604,204,530,598,236,436,6769,462,276,707,511,231,449,345,231,258,197,415,192,460,1811,394,1346,800,221,310,301,932,346
2067,12,1627,329,254,325,421,184,261,244,264,2079,789,2309,568,197,168,400,198,545,239,185,600,1777,743,514,510,1350,1962,185,203,971,333,516,340,385,274,857,264,946,403,202,348,262,387,258,370,185,273,512,1574,219,2236,243,273,348,287,518,621,438,256,1051,522,4520,186,301,267,583,904,213,1384,3172,958,3176,353,243,1203,846,213,469,264,281,505,405,620,291,843,1628,411,236,619,612,509,394,2724,1173,244,1400,690,552,478,179,212,492,1098,2997,4142,263,335,389,188,803,666,273
2068,1,15470,270,237,1470,503,278,2463,385,1823,1737,652,1091,1148,231,169,1311,183,325,636,791,377,580,828,673,360,445,650,184,368,1183,283,1042,343,441,234,437,417,12418,255,256,307,768,1121,1512,1624,291,688,1239,1381,654,2406,683,203,219,660,566,745,471,312,1629,1344,8011,362,1643,276,304,693,196,2491,1590,1219,19244,582,237,1035,341,190,475,520,1539,328,303,539,752,625,5904,452,629,325,365,729,850,1681,1011,245,549,498,1090,881,741,196,962,458,2435,3231,981,896,239,421,593,704,743
2068,2,13617,272,294,626,259,1281,1258,522,1001,982,1415,767,636,239,177,587,655,1199,1062,1241,539,1656,850,303,308,1437,788,407,383,2428,279,1224,1150,269,1166,839,1245,22135,322,304,289,674,611,657,740,176,987,1712,1172,780,1160,517,366,309,325,1302,427,220,462,1326,543,4167,196,1113,1058,421,344,633,6447,1692,851,11609,502,1032,615,672,577,994,303,1617,272,549,416,350,1449,1471,1457,271,1220,763,626,1439,1418,655,271,1719,512,754,1421,751,1897,1296,447,1317,4580,931,653,580,2036,421,480,427
2068,3,5298,199,198,1099,360,454,805,239,646,588,944,556,1314,271,348,314,2209,444,1119,270,428,958,2578,1374,242,604,463,431,272,2315,351,701,776,500,389,1467,839,2586,938,293,252,785,1526,375,4307,168,747,1775,1722,673,752,674,203,301,247,678,248,327,301,1828,577,3772,815,562,734,587,449,360,2649,2499,725,2496,715,1275,361,1013,1793,795,234,1030,257,332,340,1219,840,6000,437,277,748,727,308,384,3335,977,323,7170,473,1486,2655,441,336,476,322,2117,1958,436,1183,485,710,491,797,885
2068,4,812,219,298,404,236,237,521,217,384,401,629,449,1102,207,195,254,320,319,437,233,257,422,881,298,191,363,340,246,208,804,368,348,500,413,262,475,381,552,404,192,236,250,385,236,1265,167,367,772,1719,338,418,435,190,207,234,324,231,243,223,842,289,2068,263,576,400,376,230,296,525,1671,534,935,294,328,302,325,292,342,518,926,211,206,334,454,361,1905,302,334,314,395,234,306,6956,769,237,1459,241,925,2129,291,248,341,269,2786,785,330,684,838,408,428,360,260
2068,5,376,227,182,290,191,205,279,210,261,261,342,319,468,191,170,633,231,212,254,216,217,385,345,217,206,290,232,222,202,326,228,244,415,235,213,353,247,378,221,182,193,218,263,211,364,165,267,308,379,210,289,213,181,204,200,296,194,225,209,572,230,420,188,319,223,230,238,196,364,482,268,814,210,264,227,232,220,237,379,380,198,279,228,271,243,711,239,1217,247,249,247,379,735,309,207,537,201,369,590,199,330,234,215,469,359,303,509,252,547,232,241,208
2068,6,235,188,220,261,207,210,242,240,233,205,237,420,265,177,159,211,211,188,234,214,189,229,232,194,235,213,206,208,196,238,222,342,319,195,190,216,212,516,196,197,200,209,557,208,265,197,204,227,241,199,261,232,233,180,185,391,184,245,183,265,194,279,418,206,208,217,225,185,240,264,224,454,199,205,214,205,219,223,203,260,184,217,196,262,232,479,204,254,241,204,193,246,342,229,318,370,196,229,273,257,198,194,208,263,393,258,575,203,332,207,222,214
2068,7,276,418,478,268,311,336,312,370,470,437,420,340,372,344,195,1195,248,468,329,325,238,437,312,348,405,391,278,572,734,384,397,576,489,333,254,379,369,422,277,349,283,316,574,391,438,563,278,306,320,237,462,282,548,329,279,393,294,305,225,312,375,655,365,338,387,434,359,361,351,522,366,550,315,224,532,716,366,414,275,283,228,516,337,446,378,447,355,314,454,371,249,302,387,369,197,526,302,440,308,302,374,408,331,304,689,356,523,297,590,289,810,325
2068,8,357,847,307,399,933,452,815,572,457,376,485,670,1400,476,171,703,435,726,242,1117,293,404,399,490,638,660,375,516,564,1161,581,2258,768,575,520,387,542,496,338,356,433,362,534,575,629,416,474,979,952,728,536,360,332,496,416,396,323,316,404,455,585,774,664,355,580,388,1786,583,930,1239,671,2670,467,203,368,1019,442,325,266,450,263,303,629,1142,705,796,626,1443,708,580,550,924,1072,606,190,509,220,727,390,642,558,1249,816,1166,484,956,487,1120,865,584,431,550
2068,9,974,402,337,698,391,2059,2569,331,4719,223,182,883,1290,321,225,1038,491,654,202,1024,190,322,353,458,283,603,196,4425,265,663,648,1510,960,352,1601,283,222,615,419,219,488,587,250,399,333,411,633,370,667,281,552,254,447,262,318,252,289,191,313,329,1408,355,198,348,436,217,363,389,871,488,307,403,321,183,231,935,237,468,420,397,272,342,562,392,513,271,458,932,583,711,235,278,2226,2379,516,336,212,449,644,2422,292,864,569,492,1078,476,551,650,388,451,193,453
2068,10,310,204,174,1616,248,307,844,211,815,405,217,483,210,172,332,458,455,274,205,311,597,224,452,192,271,224,176,578,571,343,293,496,219,186,283,331,191,211,910,407,1359,361,189,304,298,294,188,806,952,570,850,175,503,466,237,372,449,224,202,690,3419,233,192,213,204,302,233,287,326,1456,3595,339,217,680,414,425,178,191,2440,565,194,374,516,561,184,226,604,1325,893,194,928,615,616,266,482,211,603,448,294,809,291,466,248,196,364,561,247,358,1255,189,198,772
2068,11,1341,362,179,420,311,215,4024,230,1053,652,424,703,441,248,217,1156,286,297,433,193,272,185,2552,539,176,213,186,493,874,723,243,624,959,512,503,666,237,396,792,225,265,236,827,279,324,504,302,705,959,760,941,177,213,244,193,441,871,1635,214,303,657,182,177,305,180,178,216,298,640,611,640,609,518,1821,1071,899,326,298,355,296,427,191,1647,552,517,405,624,407,366,361,488,504,1466,327,1550,361,524,1548,331,607,198,301,233,214,300,452,489,476,1026,185,191,257
2068,12,325,713,171,987,295,321,6398,209,672,216,309,833,294,178,197,278,215,442,983,906,306,6163,1146,262,280,183,378,5130,622,908,197,267,1426,1968,1368,2628,1287,700,234,564,219,2781,438,710,373,540,182,322,1469,659,4604,185,224,560,426,5181,761,1113,565,197,488,1046,325,488,178,213,2533,1488,739,1025,1310,1503,352,682,385,680,1952,1961,1450,377,470,447,902,301,771,274,228,1132,331,315,5421,217,1256,1796,1480,943,338,520,323,361,770,852,188,235,407,1548,381,525,3959,3143,187,886
2069,1,1218,785,279,493,661,1027,17769,304,3878,296,6207,1210,204,1493,160,574,465,2939,1539,511,332,1228,933,245,917,485,225,6687,2691,348,544,1074,486,9744,1326,8063,381,320,1865,1958,378,1268,6245,2226,692,706,206,455,654,1277,1894,318,203,557,343,732,4315,536,342,213,5952,474,340,702,193,179,1245,450,1788,2386,1774,2211,418,483,235,404,1068,690,2212,1678,784,526,526,263,623,618,653,904,249,673,1874,222,2641,3876,1061,412,1249,284,210,3351,264,330,1467,187,925,2482,1238,1354,22517,581,2137,791
2069,2,573,1056,171,421,364,1896,7321,434,5302,311,1815,537,684,808,665,305,1339,1239,961,269,904,957,2850,208,297,836,236,5254,1480,868,286,4586,411,1442,817,4399,479,942,454,989,381,757,7449,292,501,825,179,2121,495,2236,1754,571,214,491,450,1733,2610,1916,308,2511,3344,249,194,965,220,665,2832,790,877,4120,5174,1057,653,478,1276,325,541,2245,3139,1042,1071,644,426,328,991,485,511,418,242,614,1642,196,4091,8291,1486,469,562,633,192,9622,252,627,990,768,895,2143,656,2990,10711,400,7832,618
2069,3,1475,1760,274,790,906,973,2433,721,4898,226,830,450,666,381,168,291,482,762,1415,568,435,1277,1353,200,224,314,191,9470,1181,1953,430,848,350,866,1643,2920,724,266,776,477,362,803,3311,548,386,297,192,1044,682,1889,7789,194,207,274,284,3618,9495,598,436,2062,1572,700,186,1373,389,616,7053,933,691,4532,17001,1080,239,2366,577,576,648,755,2429,614,334,531,402,406,880,323,2913,327,482,1519,2160,194,4508,2933,2516,276,1498,519,188,8962,1741,1105,962,891,564,1489,512,993,8890,644,1999,492
2069,4,422,1740,192,318,273,766,594,251,2814,187,597,298,311,247,177,215,229,923,857,234,258,546,675,204,200,228,174,5279,525,2269,230,738,369,593,1183,1400,335,260,354,424,242,404,707,472,239,232,176,453,319,1177,2197,177,203,272,192,2381,1681,355,264,837,744,394,173,413,574,267,3778,896,404,1236,3478,702,569,820,268,315,396,440,1535,384,258,298,289,230,460,232,488,937,325,453,877,235,1142,2367,1539,309,1172,500,183,3750,689,570,694,933,434,669,290,2871,2110,409,651,478
2069,5,269,522,170,238,210,318,319,226,581,183,334,230,209,213,175,194,197,823,301,232,193,475,375,179,191,194,174,875,897,528,190,289,221,487,392,521,253,213,246,279,226,275,320,221,206,201,172,271,233,402,1415,175,169,250,188,496,380,252,186,362,336,267,184,242,246,206,615,421,252,418,675,393,234,350,218,233,261,378,795,277,225,203,251,206,318,201,285,334,197,271,456,303,444,526,499,516,332,227,249,1130,244,270,299,333,256,403,221,1523,445,265,415,265
2069,6,222,276,170,212,301,230,254,183,272,332,237,198,196,188,161,202,192,242,246,187,195,256,231,180,197,209,201,334,403,245,336,215,216,332,348,284,274,195,215,309,328,264,257,352,185,299,210,208,249,303,319,171,179,186,190,277,259,202,179,374,248,256,219,220,182,199,286,242,205,242,307,255,193,255,196,207,207,280,328,245,287,292,223,184,211,190,262,212,217,211,255,192,248,288,285,193,242,214,224,497,262,221,232,210,261,260,273,501,257,204,292,210
2069,7,297,356,374,773,352,440,976,336,1125,254,543,269,545,256,176,446,548,346,368,293,480,290,213,516,351,333,384,243,458,512,811,502,293,656,1054,582,594,477,364,294,220,277,371,789,328,458,263,375,364,437,320,304,324,442,257,448,344,302,249,740,341,391,443,274,625,389,655,381,640,411,316,408,404,326,324,354,251,391,430,425,375,467,474,317,289,326,590,410,224,375,291,446,339,356,230,197,457,289,417,1469,469,386,385,374,289,751,559,309,407,425,591,466
2069,8,472,470,1163,1034,246,360,564,1520,863,348,1006,289,1759,567,315,295,906,283,350,406,506,640,443,534,560,343,395,290,911,3162,1098,1936,883,1333,1692,366,473,324,443,480,374,520,407,409,590,556,365,597,762,254,344,564,259,414,873,322,303,307,386,409,513,384,610,278,619,698,532,516,464,718,299,576,243,250,454,1281,329,520,407,834,354,256,557,379,705,382,890,477,334,455,527,10402,975,517,252,393,587,683,481,871,677,562,1560,516,628,733,1061,440,331,893,735,423
2069,9,899,1205,1293,420,1309,198,205,1021,5188,393,594,313,800,528,331,361,619,442,259,207,509,409,366,295,286,505,196,233,380,3338,917,437,429,231,450,230,531,211,339,265,218,187,258,287,268,278,288,293,420,197,263,375,485,808,251,251,219,288,1373,224,352,240,664,188,1586,1147,246,2128,343,917,348,303,531,194,478,338,231,776,461,1064,326,295,547,340,520,340,1279,206,354,264,368,2295,311,535,256,245,852,619,603,854,734,322,703,1115,412,517,838,464,359,361,869,188
2069,10,248,506,1204,210,422,433,213,377,802,298,197,253,659,193,157,462,484,196,256,2248,558,1151,2175,247,247,897,165,237,226,723,910,349,278,488,785,194,196,521,1434,298,261,183,179,1119,456,230,189,607,1323,269,326,180,777,215,262,358,905,176,194,244,181,203,344,1005,913,2047,1132,335,197,457,621,182,345,286,420,357,298,206,275,437,211,207,470,290,236,244,481,186,472,461,227,999,979,689,179,192,4776,1593,1678,414,1098,364,571,258,969,626,267,385,188,223,605,291
2069,11,375,511,637,219,1139,178,265,648,385,1209,277,2005,328,179,253,270,1013,772,292,1210,572,631,1074,193,191,369,164,273,547,550,911,193,460,229,1140,501,1106,205,291,213,201,233,179,326,820,252,164,243,1521,447,240,168,187,386,181,312,1945,3554,250,348,236,258,185,492,420,631,901,480,192,218,1085,215,851,703,589,186,593,462,348,211,274,361,265,302,216,312,419,186,451,181,314,1619,417,201,179,209,1613,1076,545,381,299,437,622,299,430,275,211,238,257,759,1114,237
2069,12,251,1299,1580,314,1343,3064,821,243,2111,274,675,550,449,468,172,259,461,2903,376,440,2263,241,346,409,613,3393,163,734,603,533,771,911,470,1023,1459,556,700,1460,565,368,1151,196,182,643,497,217,598,639,356,368,864,526,186,609,1250,250,271,595,558,386,227,177,177,349,852,1710,280,494,1645,205,1253,4070,238,361,834,509,248,528,1474,460,189,259,418,279,376,1496,1291,189,648,197,369,1271,228,202,459,176,1618,473,1849,428,615,568,365,363,682,294,320,824,209,699,1274,196
2070,1,2085,423,941,254,624,1747,1730,226,765,767,1440,1368,278,247,397,272,1342,397,1187,1708,317,415,1130,298,595,660,170,316,667,717,725,347,262,743,992,1169,5959,474,255,1156,1337,385,306,1823,249,175,2218,1813,586,974,956,428,694,224,331,200,290,812,356,1233,220,227,260,220,1196,2906,355,611,628,438,1090,1568,243,377,848,250,350,547,336,1297,202,904,213,407,505,1340,1068,535,328,921,717,961,274,195,1064,796,8414,1892,854,640,4701,638,726,6666,1292,247,425,2467,186,2248,1242,1993
2070,2,589,323,779,729,989,1100,376,293,766,497,519,738,322,235,1110,467,559,1276,896,2100,276,298,480,195,939,559,244,440,351,405,1543,439,316,1038,635,636,3005,450,520,810,1310,578,276,1132,652,284,482,403,319,262,736,255,254,713,572,231,636,2002,1479,902,494,241,310,443,1561,2448,682,412,529,200,5017,3023,745,248,724,289,318,577,289,428,449,742,204,281,257,585,860,742,291,456,298,2020,223,269,1549,329,10020,1506,568,1458,11260,638,646,5011,892,307,259,1098,174,3533,1899,2511
2070,3,2397,306,571,386,3914,3356,294,224,945,434,475,497,229,253,458,642,1560,347,389,5019,1629,461,347,395,906,1917,158,789,251,386,4305,521,991,1354,554,1071,3034,1120,1459,351,2440,684,1007,3093,623,335,342,317,395,338,2536,370,313,531,439,1307,286,4162,464,722,830,234,178,408,4858,1723,247,427,329,472,14487,3171,1273,279,970,494,316,487,284,1719,203,375,795,352,200,1144,810,224,224,421,400,2347,241,1625,886,2227,3671,4041,498,500,5157,589,529,5000,6293,983,700,1227,865,4557,3761,1969
2070,4,766,252,423,237,1121,1472,249,194,445,274,562,315,606,184,217,221,733,276,997,3576,412,331,278,188,316,751,234,361,234,339,892,316,344,1425,422,533,1308,586,533,243,944,292,267,2912,249,234,287,273,312,227,718,547,221,238,216,291,225,1493,298,369,381,246,260,268,4224,1316,251,715,251,195,3413,1552,283,206,336,514,206,244,233,547,185,293,573,198,191,613,570,459,204,366,217,1320,943,314,484,362,1464,2097,365,355,2447,278,339,1630,4732,327,554,735,301,2341,1820,1045
2070,5,331,315,254,216,394,494,208,187,262,280,246,241,234,184,192,190,275,212,301,503,235,280,259,178,291,704,219,258,208,226,426,256,313,421,287,300,592,259,267,209,428,1129,198,475,204,522,300,231,212,194,379,453,209,194,208,199,238,422,221,261,193,354,224,243,945,708,199,361,265,217,1401,1550,257,204,267,230,202,222,197,310,208,200,678,186,204,465,337,260,192,296,231,499,416,211,298,270,532,456,365,236,1243,222,247,707,896,233,225,414,240,767,797,421
2070,6,243,208,213,199,242,279,199,189,215,319,205,198,213,235,179,236,514,190,209,295,211,221,231,223,357,1555,164,210,201,220,246,202,355,238,213,241,266,217,231,244,297,295,194,273,186,380,197,234,447,186,238,178,219,183,213,188,231,308,193,294,207,180,168,231,341,274,246,211,191,227,376,351,208,224,207,286,266,201,184,220,193,256,249,195,204,232,250,204,214,201,212,255,225,243,275,205,333,291,207,225,354,194,201,336,352,190,606,242,204,448,424,257
2070,7,292,247,392,280,337,359,466,324,656,325,234,229,571,639,376,385,685,312,455,365,224,385,234,302,328,779,439,692,480,563,498,423,424,311,664,569,510,467,374,314,433,526,477,293,318,733,350,619,711,325,463,503,272,253,260,340,406,333,326,325,209,496,380,298,591,413,330,440,442,258,581,460,259,310,236,469,449,480,325,387,533,446,404,326,380,436,569,285,381,384,344,321,1759,329,714,271,564,549,218,409,268,336,349,1306,394,308,318,525,408,466,558,553
2070,8,354,246,552,249,349,349,421,661,1728,267,331,311,1017,1335,311,299,536,887,4291,500,326,628,367,488,275,2421,463,627,504,832,1189,645,597,384,284,963,2075,607,518,425,456,687,508,339,706,720,600,684,1236,449,777,440,432,426,377,328,455,369,453,844,263,539,721,525,853,845,580,620,724,993,553,781,538,296,372,733,440,413,296,608,676,682,668,297,727,590,449,725,289,512,445,389,1338,414,571,1337,757,691,202,543,290,758,712,2351,548,522,679,1103,575,391,640,584
2070,9,207,261,695,338,420,397,360,440,1107,372,279,588,486,893,352,267,306,370,3774,185,274,849,1253,296,238,1397,265,757,647,250,454,351,1077,507,206,660,312,441,286,292,263,484,260,344,342,586,656,284,766,379,301,174,1293,284,235,429,639,360,489,745,258,1243,332,331,208,277,376,1416,754,465,367,237,265,297,662,579,288,184,259,905,272,2478,1264,186,779,360,392,602,325,889,254,547,956,1096,202,309,283,296,220,285,237,611,259,2618,543,305,435,668,548,404,457,234
2070,10,183,214,273,514,191,245,198,731,636,277,327,221,454,237,173,214,528,559,2454,202,2227,666,289,169,533,484,337,685,200,276,229,996,196,319,818,352,485,764,313,646,233,405,197,367,254,195,209,183,871,689,187,172,379,500,601,667,1187,240,1005,216,553,1535,730,205,185,201,328,2336,350,188,217,346,341,174,648,207,787,177,186,243,386,1334,239,242,285,222,292,1436,220,359,331,2650,284,290,214,713,735,360,177,215,195,246,1002,482,245,272,186,324,184,199,344,183
2070,11,229,285,191,705,1409,816,220,1502,371,689,205,251,196,285,312,317,531,267,2714,302,706,785,286,168,497,387,156,285,227,294,307,580,224,470,746,268,805,491,705,555,193,471,861,479,445,512,185,630,684,784,223,168,280,1021,364,275,826,281,607,190,367,293,290,462,181,1320,321,1550,282,237,743,1041,214,188,441,421,431,191,205,268,192,456,1339,169,511,274,634,271,263,299,737,554,436,404,189,222,403,220,181,259,208,544,248,811,303,321,221,1136,320,402,1657,308
2070,12,236,636,1238,298,2586,1128,176,884,394,230,185,500,1293,763,177,199,227,192,1742,198,433,236,300,818,381,694,513,867,308,1362,213,790,185,315,557,2111,3823,1672,245,314,180,274,550,868,213,231,2561,219,499,1382,217,166,937,240,434,437,1319,1350,233,730,374,508,298,181,220,651,676,432,271,406,208,345,606,192,517,516,322,1304,224,192,281,300,435,1328,598,340,967,990,228,229,646,4084,1583,346,348,384,284,295,173,262,284,666,1026,879,190,184,331,319,5387,245,481,187
2071,1,537,802,694,1272,1642,459,1109,929,1696,2299,198,276,2712,524,500,227,587,193,4465,231,2300,221,569,642,693,326,242,490,490,1001,518,4299,318,1197,519,864,1944,766,245,636,519,271,394,456,2321,600,1498,637,868,864,836,165,498,222,211,1359,620,1569,275,545,473,3012,435,226,187,382,8503,382,1313,711,399,408,1458,228,329,333,936,2104,380,239,1895,734,2745,1127,993,856,1983,1824,186,199,247,3637,2635,2983,1538,927,441,187,180,676,626,1102,1174,384,219,289,703,1244,4967,189,2681,1137
2071,2,585,661,538,390,1850,410,266,3819,868,2538,486,483,1791,229,211,268,235,2311,5211,569,640,739,312,385,583,435,392,309,277,355,383,1535,193,4155,593,522,2129,1369,842,1027,722,219,582,256,829,217,471,308,362,2835,493,170,737,265,813,2213,1009,1537,1148,416,643,5158,405,589,263,531,2999,630,757,544,2777,608,726,2657,264,723,413,574,704,487,662,2735,1893,1044,686,371,1939,1019,469,236,564,7525,3780,1022,1129,680,461,611,179,659,445,995,768,499,275,1137,584,428,3498,260,3448,932
2071,3,259,1223,292,658,1470,717,298,4770,832,829,448,1360,1697,216,269,188,254,820,5558,859,470,1282,1091,446,616,370,226,752,194,373,204,597,1027,851,1202,448,1695,3840,2838,329,1189,471,634,432,663,208,372,230,387,2186,431,161,301,203,258,1515,1192,4045,2114,874,931,11828,478,227,349,325,2071,557,483,448,489,607,348,801,218,857,714,1337,690,349,551,748,3043,723,372,238,4443,849,202,265,710,3924,3233,837,479,567,629,634,169,712,527,785,3503,1882,2238,669,267,692,7980,1126,2368,509
2071,4,202,691,431,345,437,563,203,2249,483,533,191,363,1059,196,215,181,202,340,923,429,348,576,279,278,279,262,183,301,186,310,250,400,306,451,578,334,4851,2637,577,231,338,202,290,261,356,194,391,204,247,930,234,160,238,190,209,583,514,3941,432,345,561,5406,232,221,198,270,713,305,359,257,368,591,277,364,205,581,280,430,222,348,284,382,1327,338,276,203,1183,520,271,256,349,917,771,477,368,340,395,317,175,417,292,379,1570,1913,320,326,236,503,2949,562,1307,440
2071,5,188,475,319,233,300,269,190,686,255,284,183,224,355,185,210,171,185,224,355,351,357,260,234,207,268,212,167,231,211,214,512,270,229,294,291,222,1029,1034,286,274,303,192,307,213,230,285,237,192,217,362,195,165,202,182,190,305,442,594,251,216,231,1263,204,184,178,215,351,354,284,196,417,232,360,331,454,252,211,264,212,197,293,268,673,254,250,189,438,365,203,184,216,361,379,306,294,296,223,204,192,218,238,278,591,556,245,238,248,474,1007,290,474,258
2071,6,181,224,244,218,248,208,203,304,209,229,189,201,251,240,168,168,181,208,249,267,219,208,203,200,199,207,164,212,183,287,210,448,230,216,216,200,1108,789,272,194,584,540,190,226,220,180,216,181,208,226,348,162,188,180,183,219,254,452,203,191,216,523,239,179,172,194,230,590,442,191,224,200,207,371,226,200,227,208,207,266,193,233,359,201,314,212,264,267,469,209,193,241,269,221,353,209,196,199,218,273,192,214,390,260,198,212,258,221,466,352,268,195
2071,7,387,416,568,368,689,353,419,379,394,320,305,230,463,494,261,403,250,494,393,365,349,384,365,292,268,545,341,453,465,612,367,512,254,424,311,302,815,1058,250,303,589,515,215,568,530,392,348,400,312,363,319,224,285,240,250,330,383,391,360,291,413,275,505,327,330,203,331,378,236,393,973,347,249,366,254,673,395,515,262,385,283,465,437,251,416,493,622,273,573,471,369,383,547,364,646,391,327,425,428,432,376,694,412,306,354,462,504,591,347,294,498,432
2071,8,562,1077,1551,788,412,489,409,255,336,402,517,267,1117,558,600,759,310,359,325,853,628,640,359,211,351,620,197,1537,372,1562,534,1409,417,1123,407,788,772,844,561,398,652,409,268,265,517,384,629,449,422,521,398,281,467,243,507,1211,473,487,310,471,351,224,768,592,331,474,921,3593,693,868,1094,386,580,2088,682,984,340,630,219,629,504,746,645,329,580,554,1200,366,1046,745,880,335,365,539,499,345,376,665,623,1214,692,705,1184,752,1434,1947,1093,879,748,348,814,470
2071,9,477,391,202,890,252,408,276,337,780,277,468,331,227,297,577,560,505,219,185,483,336,579,268,206,262,500,198,471,239,376,2049,479,198,479,1028,321,533,618,903,301,1239,187,435,610,521,385,684,448,441,296,257,194,672,539,495,292,239,243,1198,288,386,241,671,545,263,459,851,656,645,531,324,251,303,384,917,415,344,672,360,561,637,370,343,186,258,347,653,242,822,579,554,269,1330,3180,606,640,333,283,299,794,1017,369,595,338,911,552,1061,1103,918,216,995,266
2071,10,332,324,320,7556,226,277,599,1835,208,407,883,1164,185,796,240,9365,243,679,190,2351,237,1097,246,371,258,188,404,260,280,271,760,544,290,294,230,185,1092,388,553,306,687,191,199,235,1992,285,302,714,382,421,575,185,450,194,1903,689,187,181,1474,742,254,181,673,306,227,457,203,1332,433,189,795,348,213,1113,316,287,239,707,506,653,871,238,664,231,1275,1743,709,180,295,627,221,230,271,3443,690,484,422,250,693,451,795,317,348,277,443,1544,1158,226,405,237,757,865
2071,11,189,769,299,1713,298,377,229,1036,193,196,597,441,976,216,186,536,290,475,182,316,203,629,426,378,256,214,313,469,210,1797,462,561,307,437,527,928,1096,346,1032,2617,1694,318,234,625,1496,279,336,980,448,204,605,293,447,234,1016,483,177,3336,4406,2978,461,206,476,750,366,745,194,1009,528,549,3425,2378,431,973,352,456,195,305,324,799,1655,397,2047,583,891,326,2528,403,200,429,428,495,310,1098,318,1613,343,470,188,294,321,275,250,650,308,1263,340,798,285,1670,269,261
2071,12,223,253,185,766,11193,350,207,1499,914,284,315,770,2622,197,169,291,277,222,183,723,2047,408,181,532,279,186,237,3709,175,280,1369,925,255,761,803,223,1147,215,292,897,468,264,949,357,423,189,1148,243,492,222,732,155,204,224,1146,1354,11836,613,1172,335,3103,327,418,544,243,625,222,739,892,279,2307,3010,370,937,243,852,201,311,251,448,571,190,659,231,303,290,397,225,684,439,192,698,823,506,1277,308,910,451,187,364,886,783,1712,208,403,547,1774,306,377,547,797,618
2072,1,263,416,214,1178,4495,1129,291,750,3738,200,871,477,10955,197,169,340,226,762,738,4027,1050,306,1016,942,316,263,493,3483,855,255,1206,1229,261,3966,823,214,936,337,383,1695,365,185,669,252,437,211,5622,9191,254,195,397,148,397,234,596,944,1036,749,584,377,2692,406,386,2387,231,313,1482,825,384,819,3434,1883,308,1230,302,501,1037,900,202,1010,621,280,777,360,294,1240,414,1145,277,296,312,3772,401,867,1733,416,387,1146,1018,729,3434,364,678,4205,504,543,1374,308,782,387,376,217
2072,2,275,868,303,4815,3866,1226,434,754,1386,644,738,423,10004,385,302,748,334,445,1529,2220,3135,801,726,1010,482,312,917,3245,343,378,1386,771,479,6267,650,302,887,922,1548,1198,407,977,1067,340,479,177,5485,6457,282,190,948,467,603,249,581,1052,3295,472,436,774,7372,314,900,3038,330,873,2484,574,551,622,3072,4077,1540,6394,802,617,819,843,415,1785,372,768,2108,571,751,338,1384,557,229,227,1181,1428,534,1128,657,2749,565,293,777,368,552,555,883,1617,1156,933,736,1239,704,292,546,375
2072,3,919,315,1796,4885,2912,872,243,615,1024,269,1186,1644,2563,528,176,1038,687,455,331,1492,9779,3624,554,1212,640,243,1219,2064,310,1575,754,1314,501,5950,1331,779,622,1172,483,704,371,727,1833,204,1435,308,3208,2181,240,362,2150,469,469,210,422,566,2996,340,371,636,5905,2374,462,1966,991,1151,808,570,513,246,8557,5354,478,3146,1026,453,2011,387,624,2903,1248,452,1752,970,1947,297,1548,1047,581,205,247,2923,246,14575,489,804,1087,1287,643,307,1141,589,432,1277,1293,1297,1383,356,951,258,2240,221
2072,4,228,269,443,1172,749,566,192,387,626,206,324,506,795,330,176,387,207,224,284,1046,3448,663,398,1300,339,181,987,642,281,296,358,677,388,1809,983,500,374,1078,291,507,277,292,717,191,517,175,3524,529,202,181,663,275,240,177,300,323,705,328,332,471,4668,437,262,620,529,568,411,339,602,260,7855,1980,258,1582,314,267,931,451,830,949,565,216,784,392,756,253,804,431,229,208,216,1511,223,12320,345,424,461,1266,508,243,507,312,302,1092,1249,714,1141,250,1506,264,1008,230
2072,5,198,202,222,389,465,432,192,309,296,181,245,279,380,209,197,259,184,196,220,393,472,296,215,542,205,175,690,419,251,349,273,319,253,580,798,348,267,278,224,319,639,204,316,231,269,167,830,377,188,174,463,240,202,178,236,240,413,264,259,401,526,286,216,310,208,258,256,241,385,195,808,787,216,509,216,669,1021,303,264,418,264,213,447,440,402,212,338,871,196,213,202,443,193,1911,242,1189,283,386,245,197,348,216,232,759,883,281,391,210,1698,204,350,186
2072,6,183,206,209,311,326,215,188,216,220,177,209,220,277,230,158,233,376,185,338,243,321,252,200,248,189,266,281,239,200,206,211,398,248,330,465,203,222,220,205,265,217,187,361,191,288,177,405,238,186,178,305,227,204,257,194,200,242,202,284,213,280,215,190,226,195,207,307,197,231,332,297,337,190,321,261,224,991,214,253,259,288,251,289,727,280,190,242,733,191,185,225,252,196,376,211,263,203,227,246,185,234,222,204,317,342,267,271,191,325,200,285,180
2072,7,378,285,282,339,561,452,321,520,378,232,354,205,370,407,195,613,485,362,415,458,433,261,436,347,341,310,864,424,1132,371,393,479,753,468,438,274,626,265,372,573,505,323,471,295,460,514,451,475,342,348,335,338,351,314,270,318,383,389,277,231,409,414,359,612,385,274,784,329,449,443,410,362,553,625,493,461,553,381,401,485,361,433,554,450,312,357,390,1244,207,332,467,541,485,415,268,428,355,260,577,422,326,602,446,452,451,562,362,393,440,341,390,464
2072,8,2383,292,237,235,341,1417,329,826,1346,434,437,304,435,1012,326,594,619,399,569,388,1423,429,500,266,485,405,1310,605,1342,288,1700,943,2071,538,615,610,1282,615,837,397,348,535,628,280,273,606,1186,1507,311,488,500,486,624,631,242,504,958,1617,961,224,321,462,749,870,800,318,607,826,1156,1248,449,345,372,286,967,1145,707,267,527,1029,824,540,1038,426,284,701,347,994,295,428,1399,2140,1711,602,283,873,392,298,2534,601,301,685,666,608,2539,1118,1027,480,1031,590,396,516
2072,9,1086,431,254,190,363,301,179,304,1632,432,344,487,233,456,333,541,426,480,242,1031,985,453,414,291,231,379,1087,235,763,184,452,739,306,518,257,328,1527,424,419,243,268,818,499,257,188,608,946,1081,318,328,312,377,463,408,402,221,222,654,535,683,270,268,344,228,567,208,237,972,304,962,561,285,261,207,572,682,289,233,290,337,581,1155,720,404,242,475,232,388,374,610,528,1769,1884,469,454,285,417,460,742,452,235,299,351,590,3100,979,407,275,516,503,368,619
2072,10,314,350,343,180,495,447,168,815,647,1377,270,533,859,437,178,316,354,233,179,388,1288,266,197,2536,467,172,1831,183,231,313,689,288,253,405,276,213,270,542,898,2282,280,454,245,213,178,256,288,1680,918,254,481,204,230,299,340,269,1008,2603,446,528,1443,218,186,187,535,299,223,295,364,734,967,2317,294,819,3060,441,577,193,211,204,322,417,234,948,487,1130,340,293,243,4500,374,671,430,277,319,1930,357,279,918,255,1514,187,185,233,780,216,535,202,307,205,1368,655
2072,11,769,189,238,177,337,1612,222,245,493,261,662,251,873,718,186,509,866,673,355,211,476,750,179,285,182,254,615,195,241,578,294,375,188,403,614,178,388,479,793,461,394,1304,425,262,324,261,382,703,6577,660,419,540,1217,492,212,295,1838,327,497,1815,578,345,292,227,432,387,286,1124,189,3634,357,312,548,305,2175,351,917,240,928,194,338,213,704,210,306,551,230,257,347,356,238,1226,1148,296,197,788,525,444,474,609,1349,335,360,456,633,195,634,223,1235,183,679,371
2072,12,258,423,700,194,347,1126,386,236,403,210,308,666,3796,370,306,1101,360,1117,486,653,1305,329,206,618,423,165,715,404,211,971,840,516,185,1907,261,198,1132,381,223,300,370,1320,254,319,430,855,273,723,670,3541,306,212,4539,2108,178,329,1295,321,398,711,304,1068,2873,242,300,408,766,1428,196,355,536,255,858,261,412,250,2446,679,357,427,328,222,297,236,215,932,226,1535,297,315,209,1171,486,193,663,1571,689,379,1804,311,354,203,403,240,517,191,323,227,247,369,684,367
2073,1,1195,281,408,191,268,494,788,533,271,229,315,1121,2897,270,174,2445,697,831,1826,1095,465,227,325,952,580,326,1015,258,1051,387,405,1056,182,425,208,192,1681,1258,514,320,222,11690,1122,538,350,2212,1113,1971,893,736,811,253,2121,3120,179,285,1278,715,1193,452,396,535,659,1303,253,238,503,762,343,515,942,629,367,315,2992,261,13460,424,461,827,631,619,320,251,592,527,210,2089,245,678,642,1218,1619,205,358,3794,1190,808,729,302,621,524,1209,335,1627,721,359,199,263,3554,1498,252
2073,2,623,287,427,193,403,567,1354,779,284,885,241,827,2300,219,210,1324,261,765,906,820,853,597,727,1128,405,378,1594,237,404,1207,2083,811,202,632,495,177,758,1650,496,369,464,7443,1123,311,1111,1182,466,3064,1447,781,980,233,1240,1942,518,898,1934,886,979,352,1694,372,306,580,696,214,1071,1050,233,649,657,1975,351,1052,1951,1478,15769,389,481,2295,494,1026,418,199,640,436,612,1042,388,496,291,1662,2892,663,769,2569,4598,551,692,231,665,875,471,490,2517,435,973,596,624,6090,1745,253
2073,3,453,901,634,178,310,1108,444,1517,283,587,428,809,1303,207,171,585,257,3400,740,2745,864,252,397,423,332,713,2494,239,619,821,1069,938,213,612,210,180,1666,5678,248,347,690,3073,543,420,1150,1372,342,1905,1246,1147,524,188,3122,1485,1165,787,3159,777,1591,289,454,2360,598,2393,1292,218,345,658,1154,483,1159,11481,573,592,795,1063,9765,246,343,443,1900,290,291,192,233,381,334,520,498,414,1175,837,1997,6940,998,3458,5460,817,439,232,671,949,689,1139,1698,387,262,240,346,1522,2335,356
2073,4,271,483,302,225,298,556,249,378,260,248,208,350,691,196,173,338,211,1009,378,689,889,202,263,279,239,312,1465,219,387,423,544,656,368,389,210,178,1556,1672,211,375,351,1956,505,303,353,481,255,579,600,677,261,269,938,479,226,241,1529,780,1766,298,389,863,349,744,290,191,386,1173,264,385,509,2908,256,270,379,358,4862,214,225,400,365,228,911,265,301,274,199,394,269,283,358,400,1092,1667,452,1092,1477,391,375,211,372,418,313,362,588,276,290,197,302,806,1770,225
2073,5,229,261,208,170,224,269,203,274,211,207,190,242,364,314,149,263,198,372,249,430,380,193,186,223,190,242,375,187,316,254,458,285,239,289,225,173,357,428,192,207,223,953,257,288,239,278,210,369,299,301,212,202,501,295,203,204,465,399,610,215,257,349,248,324,224,301,221,359,214,228,273,815,257,272,273,232,717,277,194,244,246,200,266,197,203,242,186,255,202,265,272,281,407,491,231,503,488,245,275,190,471,260,266,324,306,265,340,1125,205,382,1299,190
2073,6,198,234,186,197,248,230,252,218,184,218,231,200,250,208,152,233,270,266,201,232,234,181,193,208,182,181,257,174,206,225,327,239,182,266,184,167,241,280,205,188,187,305,219,184,224,339,224,273,320,213,201,187,302,215,257,186,254,217,274,195,251,295,213,229,199,224,202,286,218,201,217,340,204,255,212,313,331,205,184,212,204,189,199,181,191,228,183,203,179,216,224,261,362,263,198,269,274,199,205,224,256,240,229,226,246,288,676,352,198,394,559,215
2073,7,304,474,274,282,301,702,629,300,334,294,435,287,465,574,224,573,461,360,344,434,399,242,388,320,329,468,240,307,442,443,369,476,355,413,289,365,237,327,326,562,319,349,322,368,305,470,265,497,1551,425,334,386,584,248,364,280,400,358,525,339,416,260,252,310,268,258,370,417,404,352,326,360,328,235,257,395,434,285,272,361,342,357,387,420,334,226,346,566,250,338,288,488,967,342,430,299,379,324,454,346,422,652,907,767,496,251,1186,513,420,1634,617,306
2073,8,330,406,429,1208,859,781,541,384,306,532,466,586,465,617,305,793,502,341,442,382,261,911,479,781,346,335,291,248,1290,511,468,778,750,904,401,331,440,318,832,546,461,270,360,1411,274,684,550,507,1221,455,384,1460,1197,254,378,1050,376,400,465,983,526,370,406,1955,373,481,583,408,511,325,345,540,360,417,435,389,376,602,1046,639,564,410,720,705,282,452,421,471,318,921,292,367,1155,1530,385,458,591,492,653,1615,498,952,653,541,771,416,938,756,1473,569,376,1229
2073,9,773,228,323,1325,268,332,1865,264,253,891,194,329,271,611,197,2234,352,236,3151,224,233,527,462,736,196,215,244,202,232,573,267,795,1153,483,189,207,367,384,476,640,235,239,505,249,217,532,1183,224,1227,384,213,812,733,240,206,433,340,632,1417,1541,290,307,530,1120,184,257,227,220,378,209,463,377,212,307,270,290,383,1629,780,514,308,233,548,600,226,304,213,200,360,777,396,514,352,1513,790,306,374,329,271,470,988,380,230,676,513,316,413,402,662,304,301,944
2073,10,312,466,741,496,286,1424,212,347,473,1554,306,2009,430,402,181,235,190,577,1044,209,617,1969,747,212,207,171,229,168,205,199,183,261,206,312,341,356,343,186,1387,1282,443,179,362,584,180,537,418,201,3324,452,486,363,218,245,177,247,475,228,208,843,5032,181,434,434,218,458,188,213,181,1026,513,343,438,1264,305,835,207,292,10457,198,182,211,743,1148,1201,661,1014,229,172,204,197,224,796,296,619,323,188,392,290,201,736,376,184,220,488,176,206,189,765,303,1007,228
2073,11,240,183,302,1086,335,4907,340,197,1005,795,267,3703,825,370,1119,437,418,352,767,448,742,279,472,272,189,548,176,315,692,185,277,386,334,446,202,185,198,208,466,808,393,176,234,589,535,2338,319,201,2874,547,272,344,2162,188,972,333,508,831,226,643,426,536,188,907,258,251,181,288,360,1685,608,206,351,501,252,873,979,321,1035,258,178,238,419,663,451,447,343,215,235,390,308,191,1004,380,368,620,1237,499,364,227,496,204,183,335,356,224,251,201,318,570,340,535
2073,12,1791,1166,290,642,329,653,214,269,257,610,1085,446,813,559,989,242,184,689,1452,586,496,241,210,340,199,457,178,1753,2519,180,231,243,1037,557,557,269,180,318,2975,1894,1938,177,187,658,225,360,5283,187,9272,407,694,2530,635,231,669,244,631,488,1075,1166,660,193,261,369,193,246,177,357,201,792,3508,182,202,282,237,315,251,1042,1190,379,228,841,2439,391,1612,496,312,598,202,1458,621,1155,388,212,1146,432,1549,437,661,183,450,225,840,371,420,237,202,354,217,219,333,263
2074,1,949,828,294,667,535,872,309,3602,932,2202,335,370,1288,581,293,425,185,951,1569,233,627,1069,5370,257,289,238,515,933,1494,192,465,303,342,262,5104,164,201,1279,1342,1070,949,211,546,351,1557,1875,6031,351,8114,781,371,3852,730,463,313,198,1037,400,412,362,1027,2850,192,385,231,238,175,1828,577,327,1041,257,214,245,283,260,1019,1984,2038,830,295,1136,739,503,432,652,264,680,192,1388,2348,2145,273,309,2450,307,880,507,1637,1995,228,212,293,243,3330,521,185,211,583,263,2359,365
2074,2,855,407,1264,433,431,3073,415,2237,1683,1541,1077,1779,1033,1498,329,1493,530,496,2019,1314,1300,711,3840,373,407,195,985,677,2312,185,233,1061,299,1013,1295,194,237,718,1739,2478,692,216,1802,471,427,1204,4604,388,4521,339,394,492,503,456,1320,197,309,787,856,773,965,2407,194,741,481,348,289,1001,1222,657,3154,4883,289,811,200,323,314,1023,2643,252,382,439,858,2420,464,1683,387,321,563,2709,2934,631,881,246,1033,246,3658,756,324,575,735,597,431,194,7015,1420,721,194,2205,521,6201,573
2074,3,813,1125,2173,1035,558,2357,197,1195,625,4502,328,1910,1553,908,227,314,231,329,6012,965,398,791,1882,397,796,207,352,1125,3025,333,204,1211,477,402,4790,418,770,488,4130,8141,6337,262,462,356,307,806,8207,529,1307,942,1149,444,332,224,492,192,294,436,437,1715,4901,1939,183,1368,313,280,425,430,418,562,1943,900,206,824,177,1182,481,3572,4803,322,947,276,547,1993,822,760,351,226,178,1068,636,425,355,1456,1072,344,2490,285,734,383,966,1231,632,818,10479,474,1268,515,544,334,7732,617
2074,4,351,370,407,413,222,1178,192,584,393,4060,304,496,1468,300,205,248,193,334,3492,349,330,911,666,219,251,554,218,1593,852,216,223,528,291,256,2686,198,225,403,2274,2214,1426,171,270,251,226,439,2924,255,649,289,1082,315,260,184,291,536,300,331,258,659,3223,899,179,502,210,194,183,304,265,310,875,492,370,362,174,294,247,1537,2009,213,236,249,361,1416,945,436,213,202,186,602,462,309,251,585,647,207,952,257,405,730,419,338,308,389,4648,304,387,311,375,491,3479,553
2074,5,278,272,261,282,317,489,185,452,248,513,213,304,1036,248,188,207,189,251,499,253,253,301,385,187,189,571,258,346,433,198,178,286,214,203,662,168,184,264,546,894,355,175,226,195,197,263,746,192,302,222,317,264,213,182,236,424,198,205,215,293,378,451,198,253,177,254,189,264,213,570,412,346,204,263,172,350,420,451,438,228,217,203,267,388,1476,261,195,189,239,305,277,235,235,256,325,188,488,212,296,256,234,235,240,316,1364,201,242,308,249,207,776,351
2074,6,243,231,209,210,186,273,179,250,207,261,199,230,447,217,190,188,180,189,327,316,198,218,296,286,195,198,187,247,299,289,225,234,210,208,391,190,182,205,274,311,259,185,192,185,217,208,347,187,233,192,239,203,210,180,194,182,189,192,188,235,436,252,189,219,176,282,171,276,199,335,323,223,186,208,171,276,382,309,364,264,231,220,229,254,338,257,212,184,182,229,213,200,195,227,232,191,252,189,240,238,217,195,202,268,406,196,232,236,282,210,377,244
2074,7,430,240,256,271,389,389,450,478,275,361,513,408,1143,225,273,348,302,372,470,882,234,404,263,933,376,379,427,262,512,414,470,303,241,270,551,328,237,338,356,969,410,412,279,321,460,493,257,343,302,553,458,226,378,306,295,325,461,267,391,435,930,295,287,544,278,614,228,594,283,538,447,382,252,377,414,564,440,458,281,318,352,333,414,469,1197,725,303,316,507,503,343,418,300,527,349,265,211,624,415,259,426,300,491,520,995,395,705,349,504,393,358,217
2074,8,702,228,289,663,602,371,584,819,894,368,444,503,462,715,341,912,614,426,1195,475,349,1036,356,587,829,424,512,362,1005,1187,2966,1302,875,590,596,423,296,558,637,751,323,1317,467,299,498,1096,366,1045,434,524,3457,219,360,377,326,398,436,388,440,859,421,281,823,522,584,2163,392,832,371,910,294,357,431,259,1074,898,339,591,251,345,632,1336,374,1305,897,767,580,277,752,1183,306,502,368,757,864,339,277,603,689,327,627,336,544,1880,1038,329,765,924,830,668,719,381
2074,9,849,206,318,433,270,194,228,684,648,613,834,185,600,193,322,378,388,574,291,270,1237,600,452,299,260,553,306,270,246,1385,1114,506,502,276,258,620,483,188,1101,675,205,864,329,255,495,658,249,1293,464,235,609,326,408,465,319,186,639,408,298,584,824,479,583,1203,664,577,564,689,199,772,284,286,698,291,1432,444,363,470,196,210,592,677,399,1508,572,646,372,323,564,818,182,861,229,715,302,294,257,623,203,1203,534,436,254,1639,1123,465,441,432,408,251,410,542
2074,10,383,401,1399,187,324,184,234,408,1910,3550,982,370,509,213,411,413,230,562,268,192,387,1509,231,223,403,1236,451,185,217,1780,243,290,434,601,272,357,695,237,285,352,195,284,621,280,754,315,303,1296,1075,326,426,180,1253,271,228,189,334,277,400,296,963,191,704,252,740,323,235,553,179,195,192,308,329,199,478,1248,641,431,202,243,189,805,743,679,502,471,183,178,1527,219,307,288,844,532,250,1249,181,289,181,212,994,398,249,334,549,419,616,471,212,194,494,449
2074,11,522,278,436,335,208,293,440,297,687,268,1855,184,759,183,423,333,198,428,406,260,341,1560,246,189,493,388,1953,1535,236,415,346,591,192,679,2337,195,763,208,198,821,236,255,582,555,673,1236,231,1760,1538,219,263,255,296,207,323,214,201,1270,605,291,424,189,438,638,228,1299,578,447,493,780,609,218,214,948,208,806,649,1056,237,411,300,582,787,246,1237,1007,373,244,356,202,192,957,848,572,226,1390,268,235,326,407,608,197,350,325,395,232,416,468,329,997,193,309
2074,12,1287,178,1172,260,214,373,706,304,726,1020,557,351,248,226,1113,238,513,583,247,643,6369,452,410,199,218,302,1022,1294,185,2633,1772,1678,256,800,404,181,1450,310,226,642,206,1117,405,376,343,1149,205,551,312,255,201,307,328,2935,761,220,247,954,362,1222,493,178,441,1137,269,2632,448,357,185,358,3179,402,443,678,507,369,3282,716,422,776,436,234,319,219,545,453,506,3192,384,212,241,314,1370,692,301,1390,585,186,1206,331,359,838,997,242,325,567,890,253,416,218,525,363
2075,1,3133,2628,2369,183,364,450,4177,277,785,620,6868,255,1382,380,389,940,233,1221,1735,317,639,351,1006,304,2529,261,1434,3728,4323,1160,537,503,192,516,706,2959,541,709,228,307,476,415,476,844,1030,1400,431,796,332,247,487,3577,233,1480,2496,486,992,2386,836,1521,251,669,236,436,543,5791,322,476,184,503,1133,1438,846,476,296,1147,3010,796,593,364,588,236,482,240,1167,2182,203,7857,391,635,454,1034,433,387,689,305,1021,269,961,720,1359,1100,2522,408,286,1264,2326,599,397,434,228,846
2075,2,1726,2792,557,460,396,232,907,297,583,968,6254,379,2271,186,782,790,462,799,663,1115,375,468,673,775,621,380,3134,1760,1495,662,368,714,266,501,712,4787,659,822,430,524,288,326,597,3907,1230,1376,443,483,281,245,753,1118,357,2155,746,2250,403,2041,286,2095,417,372,1430,687,964,7819,862,267,207,343,987,1314,846,919,711,694,6783,3525,1679,498,1101,1768,524,771,602,1408,923,7628,459,891,421,719,1700,393,1559,337,378,320,664,450,1008,622,1021,851,348,703,1008,4150,579,316,401,377
2075,3,1936,668,469,807,684,692,1453,402,423,592,2097,250,1936,2515,517,291,385,3563,608,554,319,587,358,855,755,375,2423,3224,900,427,280,440,360,498,4554,8023,1086,316,792,563,296,944,1690,1307,509,868,191,627,301,225,475,4059,1617,5163,807,311,709,1959,1914,1723,241,215,2118,636,294,6954,252,346,175,1018,1592,942,1378,671,1536,1140,8476,2560,989,906,3869,2239,309,396,753,1563,4767,2182,421,271,251,325,946,397,555,541,476,326,1814,245,660,603,1657,719,322,559,2333,1054,535,226,509,343
2075,4,553,485,385,228,203,221,574,989,283,354,991,220,549,382,306,229,197,1179,322,243,251,263,268,804,638,304,504,1967,592,359,296,1161,365,305,2575,3408,433,229,254,272,237,443,542,500,349,374,658,335,225,175,329,1626,357,1464,296,372,234,525,447,1606,217,191,1550,1146,263,2456,276,264,431,312,2435,575,378,387,642,334,2023,1237,488,297,1103,539,400,279,537,722,813,646,392,214,207,275,561,238,303,274,237,216,1379,218,363,324,1092,409,381,390,4087,502,301,229,222,232
2075,5,347,255,316,193,200,194,317,259,223,235,420,179,304,236,233,203,185,404,218,239,282,216,202,1003,282,207,323,484,294,244,232,415,186,242,493,699,273,199,226,202,179,593,266,303,234,342,203,233,193,172,207,346,261,444,232,214,216,354,255,1452,194,183,354,318,208,681,272,322,178,369,429,316,257,250,287,239,639,475,259,225,391,304,224,203,344,338,350,393,206,214,182,241,298,223,295,256,195,182,697,196,254,231,443,396,257,249,699,451,206,192,452,196
2075,6,234,252,213,240,226,212,263,201,216,204,279,232,256,230,192,213,200,251,199,188,190,526,189,1028,220,198,362,293,239,203,213,259,184,192,308,286,252,206,189,188,193,217,236,219,225,374,181,197,202,171,215,269,198,258,202,194,190,234,199,513,294,264,271,224,198,328,188,187,409,298,290,233,212,227,235,218,359,293,219,210,277,246,235,190,241,224,256,261,192,212,209,193,224,195,216,211,202,180,337,216,207,219,254,223,222,206,304,231,190,268,224,260
2075,7,307,320,380,324,419,231,443,339,331,328,505,401,439,313,357,338,304,274,314,378,313,320,827,572,396,430,587,541,290,313,371,256,308,333,658,434,491,2705,272,484,249,586,326,408,391,535,359,311,222,212,480,354,377,325,248,286,315,362,427,403,703,539,307,401,483,435,729,412,374,498,270,394,274,412,496,371,511,298,446,329,359,395,281,286,339,242,1180,261,383,373,366,336,537,426,460,540,247,529,403,351,428,357,429,327,473,409,389,656,509,369,533,428
2075,8,488,792,351,514,746,459,556,1121,1325,497,571,975,441,674,715,795,386,1378,338,458,352,367,628,1092,246,1010,637,2490,518,1165,447,1344,679,563,997,725,353,1132,441,572,422,496,477,967,814,762,615,400,223,683,1142,395,1031,320,324,487,357,362,258,869,1274,506,438,845,553,406,1657,510,439,682,482,352,573,287,924,564,465,1016,547,328,296,400,705,348,380,612,724,534,356,567,318,392,470,765,667,481,373,815,562,639,733,255,981,339,1102,1141,661,1253,543,443,284,411
2075,9,329,432,325,356,776,495,494,757,1088,1097,307,610,567,291,280,1065,281,972,924,187,394,447,193,892,203,992,315,2065,227,1160,969,536,654,535,377,371,312,285,511,653,1227,389,380,449,520,1089,198,1097,242,471,268,215,595,318,190,716,802,223,187,579,600,247,200,741,276,217,574,454,464,344,1015,197,1001,525,843,1450,520,327,474,360,393,1123,257,366,415,219,1004,328,523,422,180,345,185,312,581,468,849,263,358,768,2897,207,762,248,909,832,489,4720,307,242,189,993
2075,10,241,568,366,874,508,209,501,294,1150,621,1252,202,430,204,214,1692,738,285,418,177,177,1477,1391,236,245,251,262,2223,810,1199,274,1552,1061,201,485,306,334,310,426,4015,347,417,204,290,291,846,190,797,189,291,256,182,253,318,176,351,257,306,177,335,449,177,188,224,218,188,195,186,412,190,1523,325,478,216,12538,1005,344,700,201,216,257,197,377,180,509,553,674,253,220,2130,185,852,360,1659,483,224,775,375,198,326,665,582,202,191,536,380,324,1337,231,573,236,234
2075,11,209,401,195,351,722,738,393,303,304,405,326,235,743,233,761,879,206,591,521,185,357,745,2919,427,535,377,200,2304,3405,819,567,284,1397,242,231,321,253,1148,249,440,365,504,590,1462,216,234,266,355,263,349,594,184,234,309,174,724,798,182,184,192,817,410,274,377,238,182,201,383,1026,198,368,267,257,472,704,234,190,650,396,552,508,237,399,348,229,559,1353,186,764,332,657,205,541,1197,998,461,232,2573,373,520,289,1619,1065,348,381,197,256,1964,266,661,303,206
2075,12,623,205,796,325,302,638,210,3664,592,387,246,621,1362,526,210,381,401,446,1327,221,278,277,502,1186,184,229,384,2333,473,542,407,2357,458,1216,1076,291,178,1853,1394,390,1259,1390,1684,331,1293,227,259,1237,555,2194,760,186,185,179,183,228,857,1168,660,804,1508,543,219,203,1318,184,240,208,241,450,489,242,335,651,569,300,191,676,519,619,398,339,749,216,259,815,494,216,739,280,215,553,252,3777,266,211,220,789,334,225,911,824,719,498,1379,1457,198,5310,266,275,185,195
2076,1,674,299,1019,511,487,1161,920,785,366,354,808,569,489,677,708,1146,288,2697,1006,495,978,382,648,620,183,723,392,2650,366,1035,289,562,292,5324,566,356,207,482,3856,540,960,636,988,467,444,235,172,1670,1183,586,442,470,209,300,297,210,315,298,331,364,1036,1383,4569,292,918,246,279,410,450,1206,5883,4531,375,822,973,642,201,370,966,365,207,278,504,215,714,541,623,199,330,272,231,849,720,5125,262,186,308,1082,201,619,796,821,591,1333,733,1281,361,5833,180,564,676,1209
2076,2,683,678,1091,920,582,703,625,717,550,262,1386,393,373,2806,947,763,218,3568,2064,402,563,3034,554,852,734,543,471,2613,625,1279,1383,604,356,515,550,485,353,560,1302,822,1152,796,1966,553,654,278,243,796,332,361,954,198,599,334,347,252,274,283,214,337,1652,1073,659,370,1013,238,309,1464,428,1204,10420,5922,275,315,662,624,187,815,1265,250,655,729,369,499,294,595,1335,204,393,505,862,827,482,5587,951,273,614,663,380,1235,2691,1456,1219,1077,809,3908,509,2809,199,566,974,727
2076,3,940,393,451,448,1555,619,561,2306,345,216,615,230,360,444,425,577,194,3746,7739,327,563,1218,516,827,339,587,1252,1139,436,484,1321,1027,445,665,289,1427,276,4120,7873,365,442,1072,2319,689,1156,290,886,511,504,1153,1084,434,641,271,173,543,497,1181,193,491,1299,2213,724,780,1599,197,431,886,249,705,5533,1404,739,259,438,457,222,482,435,729,318,367,240,382,533,649,10189,284,378,885,462,2664,368,6837,332,330,1022,1775,1674,1343,1914,987,531,477,673,1303,2197,1764,333,2516,534,322
2076,4,298,414,300,257,510,624,263,1440,291,199,313,205,289,374,239,304,255,1042,3135,306,244,805,337,592,204,253,322,803,369,437,475,419,381,421,244,345,211,1251,2263,300,294,362,842,434,531,208,224,316,235,547,366,220,331,196,170,313,422,434,191,227,632,829,561,285,841,208,332,314,235,300,2310,911,544,227,294,327,189,307,321,234,202,206,212,228,443,262,2451,186,273,504,299,4235,322,5019,309,438,496,4317,362,562,1633,824,334,337,445,496,690,3540,278,3103,689,234
2076,5,232,238,222,246,318,279,209,388,203,233,235,188,237,225,278,233,184,533,525,193,205,333,253,562,188,203,218,398,239,701,284,332,277,367,217,240,180,396,495,234,255,242,317,231,398,185,189,244,197,256,299,178,193,263,168,201,214,218,218,280,320,334,281,205,318,200,188,230,622,233,1339,416,245,195,236,221,190,220,289,204,190,190,205,181,277,209,483,179,234,227,218,1312,218,850,212,223,1031,1367,230,801,613,358,262,274,278,367,369,1499,251,2061,241,313
2076,6,227,197,226,205,222,207,279,259,194,193,202,213,199,315,363,531,184,261,270,198,187,227,212,269,196,247,226,241,292,264,217,401,213,202,213,196,226,257,300,214,213,235,223,289,251,206,284,198,207,226,237,185,199,285,192,351,188,253,199,328,292,369,226,348,241,180,177,234,223,200,314,548,202,254,203,194,388,250,206,193,1121,183,231,183,259,267,323,186,369,229,227,398,191,287,190,180,255,309,205,514,283,250,338,219,218,228,246,450,212,787,504,258
2076,7,357,284,366,490,291,235,577,360,660,413,260,358,399,588,595,447,281,324,351,665,305,228,283,476,306,400,390,597,401,446,352,493,553,428,501,331,404,481,871,331,507,414,454,454,260,421,460,349,490,225,291,242,376,286,277,356,387,430,338,223,265,548,267,1426,335,385,905,283,442,428,320,531,438,567,403,332,723,298,293,302,574,424,437,317,584,334,335,326,381,762,218,447,299,448,806,290,665,370,356,481,426,297,481,575,410,405,459,947,297,2634,631,361
2076,8,516,295,354,507,249,607,1403,495,611,213,447,364,593,329,572,1368,246,365,466,1901,339,911,255,1119,744,532,448,1655,608,356,1313,555,1148,952,356,631,332,418,1981,452,606,320,455,553,343,467,914,620,440,238,570,334,343,867,277,417,752,518,420,348,392,637,257,582,344,392,1223,418,2660,426,864,428,403,749,514,337,507,353,1093,383,606,411,651,433,624,584,325,477,319,785,273,667,1056,476,487,599,500,1219,406,1380,271,591,871,756,690,957,508,2425,430,9074,492,422
2076,9,293,500,367,460,300,376,844,582,506,278,355,346,298,227,1455,448,314,469,194,1828,355,317,392,314,696,573,245,1024,350,424,735,516,226,618,485,268,319,207,634,797,403,660,595,1146,373,330,287,219,290,198,324,265,292,374,311,339,1012,1031,769,410,274,354,228,376,214,477,425,368,463,456,294,310,231,225,1372,716,324,421,527,423,1365,248,492,495,257,618,201,320,413,838,294,393,1131,622,498,632,686,250,213,1069,194,720,917,518,311,639,682,6535,370,2172,258,412
2076,10,522,208,227,191,352,202,623,293,198,530,720,183,305,205,1835,299,413,391,188,847,368,273,357,645,188,264,607,547,255,201,219,235,261,277,641,185,472,666,542,573,234,248,1869,391,251,227,198,180,183,250,481,355,206,450,298,228,233,1879,280,341,227,199,178,235,281,185,583,267,991,240,608,485,272,255,1096,429,739,227,190,2123,504,186,1180,224,428,322,191,340,220,1530,416,289,327,681,188,278,785,410,184,3237,179,260,636,203,236,311,834,1830,217,619,199,202
2076,11,213,244,213,321,190,969,446,556,186,813,1522,262,518,189,2786,778,1807,233,1015,1082,261,608,353,790,191,200,456,1158,347,193,781,184,203,963,1712,388,386,334,466,438,185,1320,299,1000,307,196,344,233,239,1645,1573,273,215,771,373,270,545,399,350,568,178,346,183,325,476,165,855,504,724,216,474,190,255,1087,1708,418,369,261,261,325,528,174,907,201,600,536,702,697,187,512,437,280,1791,530,366,477,271,247,176,1592,413,733,293,298,402,493,236,2517,283,2321,185,329
2076,12,2166,424,2463,1136,906,498,418,435,429,835,381,177,571,597,563,444,447,748,217,675,941,953,672,256,207,1802,283,761,1633,338,250,542,393,2955,897,242,352,200,385,353,203,2480,399,1333,190,782,1819,177,207,2196,491,1454,373,407,495,551,1396,3447,196,259,276,310,210,184,190,986,383,332,437,307,568,2806,973,1395,650,262,1578,6123,853,256,375,204,1709,299,244,555,692,370,241,431,463,1870,673,1759,186,415,224,239,1281,1174,2560,349,210,185,494,238,255,1629,168,3289,195,198
2077,1,782,1173,882,3912,1593,2431,308,828,1302,399,5933,642,1374,1301,1358,245,4083,1368,232,1754,449,664,414,1415,371,585,2033,517,1480,1326,347,8630,1171,1826,1319,181,841,1640,441,920,254,13678,265,3240,2734,355,917,356,242,1923,1802,617,1194,972,339,282,698,2182,343,416,333,436,931,1956,183,1613,237,579,685,182,820,1425,567,1418,791,528,510,1666,286,320,386,219,1679,825,1961,941,1914,489,852,901,309,2129,495,1694,889,214,784,520,459,4085,886,1352,447,197,309,238,356,3422,183,5834,198,604
2077,2,563,971,328,3720,720,1831,482,275,582,737,7249,770,453,956,671,479,14354,588,381,1218,435,438,442,842,1098,861,958,997,1127,834,361,2784,966,3852,834,681,851,3890,952,837,287,12669,336,6465,669,261,376,177,197,1982,858,944,389,351,614,1941,705,8865,1139,1063,403,305,284,960,296,452,235,327,568,240,3373,797,1907,1050,750,1129,514,834,284,460,1209,505,913,483,1215,1600,5253,2116,509,2978,843,3152,852,2313,325,363,284,287,877,4797,489,669,382,698,212,256,580,17045,820,3505,486,456
2077,3,370,443,296,2425,605,1302,249,338,270,1124,4761,239,582,2380,404,605,3926,346,245,529,1508,748,235,972,478,837,438,1705,740,485,231,3220,380,1601,1216,725,1383,1024,613,372,191,3180,1027,7983,481,259,337,174,237,927,614,889,300,315,406,3170,366,4227,1364,2145,284,1585,689,647,205,590,1466,217,356,174,4472,652,1307,1232,428,2040,722,776,216,477,1136,352,580,1365,538,1358,2279,594,513,1971,1333,3155,818,3338,1461,474,297,318,672,2283,375,836,452,903,608,215,440,5403,224,2901,1297,257
2077,4,272,286,239,2095,417,686,228,227,222,414,750,205,322,1198,284,241,889,931,198,351,514,525,202,447,243,390,313,511,366,473,200,1216,309,492,976,689,442,689,405,245,176,827,523,5200,283,192,262,172,188,479,495,320,220,246,209,1060,397,2389,338,611,195,348,229,445,211,296,378,228,353,197,3161,578,861,647,295,1515,353,432,255,234,444,198,614,349,388,1140,1508,386,253,1250,292,1301,467,1998,330,297,296,294,642,805,314,560,413,265,241,255,996,1058,424,1032,439,202
2077,5,235,273,206,922,253,602,279,227,195,242,400,189,227,344,222,202,377,357,187,258,268,252,190,263,196,257,739,273,275,414,279,401,233,545,614,218,282,473,231,206,210,391,263,799,226,182,237,170,180,290,268,250,192,203,194,349,215,466,234,645,178,239,195,330,188,215,242,213,1007,170,651,283,341,385,233,354,244,294,242,208,276,178,550,253,270,329,520,521,198,704,233,469,271,646,263,392,244,195,322,374,238,555,255,289,214,216,294,524,185,473,249,194
2077,6,224,697,227,335,218,241,367,262,184,210,261,217,259,256,236,224,248,207,181,397,235,437,202,223,196,216,320,216,225,200,303,271,305,258,317,199,275,437,199,245,174,257,224,364,259,243,254,169,242,230,208,214,205,188,183,239,204,295,197,714,179,231,256,222,207,206,200,186,262,170,386,243,222,279,199,287,213,278,202,247,215,202,399,203,225,290,774,244,228,332,235,254,210,427,223,234,201,189,221,259,200,305,215,188,240,224,202,279,245,268,224,185
2077,7,380,843,399,358,246,386,236,512,457,322,586,347,433,609,238,378,718,379,314,275,224,798,197,658,278,388,563,340,377,262,1537,504,346,427,416,454,354,434,551,297,383,560,316,402,311,490,565,240,258,464,214,299,212,346,205,285,367,361,267,334,325,645,274,524,250,635,337,476,477,292,316,401,597,364,306,323,614,360,261,391,294,367,446,241,1326,696,599,369,444,511,430,371,387,314,386,245,326,502,403,657,223,584,286,391,562,398,359,502,324,429,258,328
2077,8,1182,943,966,381,307,730,482,799,1001,517,443,568,977,502,347,787,1550,319,391,554,219,626,276,692,217,1150,446,272,1009,345,556,1491,778,540,745,734,540,401,552,292,372,1105,212,311,374,650,1403,450,244,680,363,239,299,585,452,427,477,471,239,264,295,892,583,431,718,1227,1584,504,1000,651,404,601,680,535,731,1123,754,808,299,740,317,567,354,275,1339,1030,420,556,377,917,459,474,374,342,244,578,742,336,903,1666,336,640,538,1043,1528,869,914,1234,336,894,412,394
2077,9,748,802,534,267,185,225,486,660,4232,205,196,287,991,394,218,664,389,365,376,2624,520,306,343,526,288,851,317,197,352,366,740,592,2618,823,345,577,592,196,551,250,465,942,251,225,298,754,1017,393,249,294,275,350,216,657,398,773,255,263,760,520,170,517,559,356,1598,831,409,216,521,469,378,781,946,473,2043,466,299,418,1000,1265,390,650,728,329,1078,209,278,304,725,694,836,784,211,327,459,286,619,322,420,603,776,359,285,729,1462,381,318,1143,243,758,1099,348
2077,10,300,586,550,209,323,205,183,1651,332,183,257,584,219,769,560,695,1023,355,223,1977,275,373,250,499,222,317,432,202,597,184,414,550,491,468,202,209,704,594,349,201,657,247,229,1489,249,190,271,166,317,841,237,243,201,2251,588,190,211,216,632,330,283,791,218,183,574,276,216,1962,227,300,291,1284,763,717,775,650,404,354,3668,601,297,1158,689,191,2046,682,1525,207,185,221,593,360,236,201,191,3774,685,191,689,353,318,535,299,288,365,509,903,236,168,263,297,457
2077,11,458,211,200,178,380,1282,178,270,335,272,550,188,611,239,3117,601,645,201,226,796,273,260,421,841,320,241,184,193,348,411,359,344,979,580,266,306,274,1812,641,264,230,363,180,1584,566,240,240,195,509,256,176,385,382,3831,187,318,459,178,1085,636,459,354,1680,213,870,378,220,631,228,379,878,495,914,707,300,656,318,332,666,349,196,837,323,1256,1013,5162,1014,248,809,709,415,671,232,178,442,2036,615,316,1223,326,344,1770,216,269,379,314,1008,550,291,363,1428,526
2077,12,293,238,264,251,614,273,186,2715,807,786,940,1098,1923,210,5293,979,687,520,224,346,355,826,538,239,340,417,234,422,309,281,574,209,848,243,2061,661,1006,1311,275,1050,2928,1692,273,679,221,267,229,341,594,589,191,1765,180,361,212,813,1065,264,683,582,769,254,711,310,7229,877,378,332,347,1443,923,844,2347,2703,647,341,456,190,408,769,1511,280,254,391,1346,1337,441,791,211,536,3237,1289,174,734,259,613,3000,599,393,195,589,651,669,285,268,345,693,572,1070,2192,454,243
2078,1,884,3024,4116,599,269,409,510,5419,786,524,507,1068,841,195,4369,322,472,1961,1206,378,1833,2015,557,377,522,240,4257,585,1286,214,336,207,397,483,498,667,776,1044,595,390,783,732,484,1998,352,209,747,459,902,696,1157,1404,214,368,185,742,1375,511,750,1405,427,556,1787,176,3204,502,522,353,736,1602,471,345,2442,1125,554,328,229,261,2947,8658,982,323,408,1508,1911,815,2034,2154,259,630,1890,2443,286,1396,251,892,1904,474,798,598,586,1523,1220,535,623,280,1096,402,1465,934,468,629
2078,2,1843,11663,2960,391,1007,855,647,5094,1574,435,967,325,963,214,1277,496,455,638,375,657,769,1507,548,229,199,391,5000,349,3164,837,464,371,833,416,1570,965,990,1088,934,579,883,497,1500,1524,366,184,1756,810,1123,1738,1903,2363,186,583,746,504,1501,601,1363,1694,580,836,1898,632,2361,389,206,1326,1645,3683,408,4625,5986,1167,804,498,675,484,2963,7678,922,411,214,849,1020,606,2240,1190,328,809,2081,7185,598,827,657,621,3698,284,1025,1034,261,549,1036,1134,448,208,894,946,1984,833,1306,1509
2078,3,1415,5527,2899,428,394,630,286,5720,2666,290,883,272,2419,198,567,420,249,896,1373,2935,532,5486,487,269,1015,224,1520,1068,2082,476,2256,253,561,236,2886,513,776,1018,512,477,1133,381,783,1239,365,212,864,574,313,511,1035,2494,203,312,261,2166,1106,560,2281,888,255,444,4605,690,993,1274,605,372,252,2966,416,3655,1748,932,450,522,686,669,1015,4664,472,458,374,1004,595,2328,1447,620,1546,318,1543,12452,621,560,257,513,7149,555,898,423,263,417,1800,445,262,684,1228,631,2105,785,2011,1421
2078,4,426,1667,1415,273,236,269,202,3719,1540,239,597,242,661,202,357,228,278,348,312,2058,309,2270,326,203,387,193,2245,326,559,276,556,307,519,249,886,350,631,516,285,252,842,255,293,524,228,177,371,272,318,319,498,878,167,257,427,445,499,260,1042,517,211,260,7446,613,551,549,484,253,226,1098,248,1098,533,518,325,357,481,419,395,3578,413,395,611,421,338,938,1666,325,376,250,514,4324,200,366,292,317,1701,299,505,263,285,430,1080,291,916,217,694,290,1485,425,1899,432
2078,5,283,552,427,189,212,231,189,1037,430,192,289,201,338,182,257,199,212,239,270,402,231,612,372,218,279,205,1116,221,339,211,305,189,258,270,365,389,509,303,211,201,314,208,241,305,185,275,250,234,282,238,269,348,197,213,257,262,271,236,441,437,247,209,941,229,448,270,216,217,225,573,277,407,324,321,258,630,216,208,281,773,504,228,250,273,256,343,412,245,233,263,336,696,196,276,216,228,776,212,297,251,220,227,484,227,436,199,470,218,1255,265,870,262
2078,6,230,372,258,210,200,197,178,299,269,220,213,233,252,176,231,189,186,203,236,246,208,327,198,186,205,183,328,285,252,211,275,185,223,189,460,223,242,217,227,186,256,193,197,212,196,175,201,198,223,198,244,244,231,208,251,210,215,224,234,215,203,232,346,194,238,236,201,203,192,259,329,280,271,262,195,288,190,215,222,328,940,226,255,214,243,267,257,201,236,227,240,285,193,198,202,230,308,204,353,279,186,206,284,208,320,215,249,204,482,224,274,228
2078,7,499,590,304,282,335,253,242,335,442,268,388,424,417,250,312,571,322,370,339,326,338,277,267,369,412,303,393,370,412,287,321,371,404,328,637,333,916,369,499,327,476,365,313,355,365,458,283,537,608,229,429,278,469,461,254,330,383,1487,291,413,239,368,413,538,246,345,472,560,647,246,500,362,460,332,430,887,462,379,404,780,630,366,366,352,343,298,404,366,409,431,411,445,421,388,456,402,413,512,540,711,535,388,376,341,417,262,379,433,480,328,366,225
2078,8,361,1612,261,237,648,537,576,550,788,290,827,523,530,271,585,1281,986,692,285,355,634,427,297,730,1237,417,676,862,820,359,709,689,350,1354,1008,254,711,277,844,420,376,932,405,473,235,734,535,520,476,392,491,551,476,463,282,647,570,682,506,375,416,466,369,936,200,1622,1023,1196,1080,395,988,400,265,636,709,712,556,684,651,779,690,349,636,1753,362,721,682,913,375,595,464,2268,346,529,990,356,938,572,603,2469,1170,367,774,631,1060,474,2232,545,571,746,956,619
2078,9,399,958,945,266,225,335,394,697,604,454,301,291,562,201,357,355,271,230,389,343,374,424,317,221,528,567,243,3206,440,185,406,394,534,982,525,205,246,343,561,473,465,1121,1025,213,276,304,527,267,910,490,420,484,263,1043,193,736,525,1069,643,360,793,317,215,350,181,446,367,716,424,428,636,182,181,254,1452,348,274,808,218,293,646,219,322,1721,438,508,360,686,487,321,266,1008,334,241,884,574,570,397,355,838,449,248,437,261,1151,240,850,1430,455,1228,426,1264
2078,10,857,634,632,220,475,193,434,330,451,213,187,229,286,175,286,893,375,348,179,219,735,248,2192,197,202,183,196,710,273,206,1360,3736,256,613,342,251,185,2593,648,308,489,499,229,203,328,755,335,332,308,222,612,1137,306,795,475,1214,472,276,198,331,558,218,180,186,215,616,190,329,191,346,299,196,230,285,1632,335,356,610,235,307,289,365,266,281,673,270,205,1249,209,1041,386,847,197,179,213,305,464,195,634,1005,406,215,231,196,3253,378,356,274,203,681,570,518
2078,11,376,1064,1270,172,315,193,187,491,719,185,401,594,214,167,247,256,723,5783,178,272,203,179,304,750,1277,308,277,823,321,294,962,2957,334,218,1165,248,272,913,363,301,467,502,241,259,432,620,262,312,407,250,372,307,911,273,178,779,3366,192,213,199,1233,204,251,299,402,211,468,204,429,302,202,1149,176,300,414,1581,207,927,300,447,533,452,657,303,1032,545,284,876,189,228,300,554,391,794,206,784,731,212,639,780,279,192,267,217,1907,683,1512,253,364,520,1190,745
2078,12,284,1702,254,183,267,182,178,205,258,173,681,256,226,183,181,313,420,714,2157,178,192,478,431,331,666,600,210,807,938,1433,1984,775,1019,205,839,2471,224,3198,349,246,279,379,252,334,1211,1528,754,228,194,236,1163,279,249,737,295,240,1439,345,203,313,1967,1259,1493,777,255,290,639,223,788,181,432,1863,258,328,260,1014,1210,724,227,249,1487,231,5055,294,439,294,325,318,189,301,244,541,201,311,1357,972,399,187,277,553,212,294,347,359,1191,646,669,1208,200,243,375,342
2079,1,440,1420,435,679,197,176,923,1958,405,475,246,1064,267,213,280,323,248,1031,496,244,2637,1228,312,708,2219,841,231,1289,538,442,3065,791,414,206,1796,1772,218,4674,280,242,245,700,595,1248,745,720,636,972,244,564,262,1835,205,372,626,234,1093,235,189,1408,459,727,1316,324,384,520,264,440,484,200,3201,597,257,1223,1624,733,1598,328,524,197,696,268,929,671,1237,399,220,265,193,239,420,332,787,465,1603,965,1066,587,685,640,682,1640,1279,593,1291,614,533,1604,287,454,1773,638
2079,2,251,1445,1110,371,386,302,445,3411,533,770,1099,890,627,278,788,1585,580,8294,785,178,721,759,399,762,2234,504,208,2344,1256,257,7485,2388,387,193,2729,1763,655,5524,268,527,515,1607,485,912,570,404,473,490,424,1251,402,720,196,448,735,283,839,208,211,289,1609,459,1071,307,372,337,392,575,268,234,582,432,342,703,983,763,907,296,257,354,1247,190,679,960,513,2441,212,402,777,605,188,341,868,1044,1579,674,2353,855,448,1005,448,1123,1467,572,1170,497,894,797,3071,256,3978,612
2079,3,372,931,1699,472,819,252,230,4302,295,216,1481,1103,1586,167,2042,422,264,4015,1127,189,562,564,251,828,872,333,260,1166,341,362,2573,2268,289,215,4841,1659,1930,8930,209,291,406,336,1260,416,2635,658,292,236,384,309,623,1033,208,443,225,574,763,185,213,257,1125,458,653,237,230,585,620,465,222,184,2585,436,862,1815,1009,968,2719,658,567,200,1412,188,471,1017,461,1447,1274,219,207,442,214,644,901,367,1629,1645,6775,747,271,762,227,1045,2256,491,757,885,521,603,798,3022,7191,591
2079,4,238,417,582,213,268,186,208,1703,232,311,374,521,313,173,309,247,227,692,431,186,354,308,208,406,489,320,179,1573,260,320,1036,628,258,193,1875,556,506,3429,215,189,207,261,507,330,550,325,278,209,206,248,332,618,236,318,240,216,374,182,239,215,656,265,468,289,186,503,267,218,239,198,1074,373,232,446,401,1138,1517,547,224,191,528,182,309,859,296,443,408,201,219,252,188,363,1263,242,979,627,1730,440,224,504,225,792,645,1146,397,437,458,577,559,1000,3204,396
2079,5,209,268,281,185,199,173,190,545,198,195,248,359,232,158,258,208,201,323,246,201,253,223,225,223,293,212,174,462,214,206,487,628,212,184,462,367,270,641,194,198,204,211,231,239,278,230,212,190,184,200,252,318,185,264,186,206,261,230,173,200,342,216,277,208,179,212,299,191,213,182,496,234,195,378,276,347,389,251,196,185,275,177,267,305,243,283,228,189,227,234,181,239,375,208,462,351,478,253,201,469,208,348,385,242,293,282,261,295,358,388,944,228
2079,6,207,241,387,207,208,189,196,272,474,179,202,213,425,160,200,225,183,265,205,170,199,408,186,216,255,225,188,248,233,196,294,264,216,283,297,369,228,341,188,243,546,262,216,233,225,231,243,182,180,185,547,212,189,195,182,186,230,188,364,207,257,204,260,194,230,205,215,213,191,192,437,201,298,254,223,239,256,339,192,197,240,200,227,227,263,239,204,183,178,201,188,246,219,193,295,269,278,202,193,217,202,229,267,249,221,218,262,258,871,248,322,222
2079,7,444,329,521,568,461,414,494,348,226,311,390,381,779,192,397,269,563,322,505,314,203,199,289,301,515,388,260,336,408,270,505,379,490,625,1041,366,519,319,427,483,438,303,292,419,293,255,396,231,288,402,742,231,524,390,250,366,668,369,233,227,409,502,434,300,681,459,463,502,387,406,827,428,522,322,371,290,761,233,716,242,576,632,277,306,358,421,346,268,585,334,514,376,335,324,342,285,513,433,475,455,478,371,362,494,467,372,476,314,807,424,366,464
2079,8,878,359,273,970,357,267,640,376,300,492,391,256,1707,356,398,1019,518,320,1026,468,356,253,402,310,343,1593,863,309,577,404,1012,568,802,938,882,422,378,330,1170,634,562,511,406,636,267,395,878,508,780,488,745,318,728,405,244,544,374,1562,374,197,688,687,681,338,822,1301,933,641,459,590,631,485,577,464,563,688,504,578,1100,221,701,630,411,1055,1044,742,340,823,511,440,806,1058,315,374,261,339,514,676,983,239,754,382,1742,451,1884,425,521,816,813,825,344,592
2079,9,534,345,222,1188,249,304,555,220,215,330,186,262,862,456,367,307,361,268,225,663,643,314,429,362,256,1221,526,328,381,366,381,565,420,389,331,751,811,196,748,519,221,621,204,214,904,470,427,559,687,238,1011,424,271,315,174,503,247,734,444,294,538,425,339,383,286,328,1852,402,215,257,784,1310,301,189,1056,526,215,430,882,245,5707,460,231,519,684,539,381,393,437,202,511,487,508,209,289,589,452,272,803,373,305,258,317,439,288,253,514,732,471,1107,286,554
2079,10,402,271,927,1302,296,212,823,180,431,187,267,237,285,954,194,344,194,214,185,525,212,333,468,273,187,556,570,265,287,183,390,193,442,395,224,352,730,409,552,448,830,247,1226,330,670,197,201,181,319,191,583,287,584,462,570,189,181,428,643,246,1067,416,323,177,387,322,285,303,213,402,317,264,232,1660,399,485,231,288,2788,434,420,215,967,402,640,819,293,229,235,191,646,336,336,176,6413,3828,260,198,711,199,592,184,198,327,384,416,304,466,247,10543,580,2427
2079,11,556,288,580,938,740,423,752,231,220,313,259,236,1288,731,280,1213,291,196,272,410,180,310,289,187,261,208,201,188,1144,542,957,182,1328,398,317,712,1600,694,649,394,404,959,274,807,245,245,278,203,633,285,717,497,195,180,415,448,241,756,193,276,562,242,601,392,186,269,239,212,192,380,1088,2313,482,235,453,210,480,202,330,393,329,335,723,666,1207,354,1724,545,383,249,661,931,273,710,632,3181,736,333,821,186,1310,370,291,967,378,318,484,209,207,1310,1273,2452
2079,12,703,208,246,937,305,307,660,573,559,331,1512,866,485,361,276,356,413,435,414,195,2347,314,219,682,1381,928,714,448,343,432,254,194,787,285,366,259,1919,407,372,531,214,218,241,358,347,374,389,206,3061,363,517,2142,1165,201,186,1789,179,1203,300,194,310,390,203,1759,268,529,209,258,186,998,536,401,289,2122,592,1215,1354,213,436,262,327,378,376,1718,918,1453,268,746,824,378,845,404,1180,528,323,2029,225,183,327,186,7456,2164,191,1082,226,606,1700,1276,363,674,1004,3009
2080,1,1877,494,2516,1997,587,579,359,497,481,1846,1546,384,784,505,243,728,419,678,228,1307,559,212,235,389,1277,376,250,348,436,2226,911,562,1051,1181,1378,325,919,806,946,2210,503,401,339,371,989,886,634,905,3528,2123,485,263,472,191,193,1110,1241,1637,311,615,285,759,210,665,276,796,840,182,204,406,1617,500,324,1064,336,1468,446,532,492,718,267,1601,279,473,718,1159,1228,229,649,991,948,499,610,1426,1166,4855,422,177,839,189,17870,1266,312,355,306,227,1039,910,411,943,385,2333
2080,2,2141,1630,2709,1595,1504,530,663,343,1126,350,1783,478,1376,918,192,589,486,733,637,847,395,678,506,506,627,472,478,323,622,602,690,520,1072,531,454,233,1556,864,806,2229,315,465,627,1014,938,275,404,732,1158,560,277,558,603,236,429,1765,1100,2829,373,1393,344,318,314,898,211,2238,530,212,750,1127,647,534,905,1249,452,992,381,593,540,945,520,398,873,491,1330,905,753,342,635,417,908,612,883,511,1004,3795,705,194,1017,493,9029,732,316,366,617,213,1526,1673,485,1091,522,868
2080,3,1150,793,647,798,608,479,484,264,4587,271,1157,1012,664,475,176,292,1099,636,649,797,386,206,601,1925,346,512,638,215,242,726,290,592,634,525,910,214,1191,341,428,2188,328,225,229,1406,1039,392,365,513,502,591,735,233,1156,221,270,6386,839,974,1974,657,1795,354,203,479,287,720,295,1390,1690,752,2667,471,509,1828,604,869,1046,211,709,831,403,299,939,1030,957,1090,956,365,456,251,687,560,932,283,2720,865,539,236,1405,1124,7151,3147,796,412,218,313,6614,861,575,2677,302,1289
2080,4,464,389,327,406,376,218,393,243,551,255,407,427,366,262,173,238,242,387,222,724,708,232,221,441,288,344,288,202,221,492,293,291,922,314,366,214,550,257,308,1374,301,240,281,541,418,206,231,236,343,425,273,207,286,171,183,3463,297,396,334,265,371,215,185,281,316,383,227,1968,1052,297,1775,328,253,704,228,460,523,203,332,341,295,266,650,422,659,707,700,318,249,384,432,244,340,241,2177,421,264,173,660,267,4055,4415,288,276,301,206,1318,770,531,2133,313,877
2080,5,342,270,271,302,248,192,219,215,280,739,268,255,248,217,223,203,242,262,237,312,235,197,190,249,221,204,243,198,196,277,220,206,509,235,269,230,295,224,210,395,226,203,252,321,274,186,207,200,253,233,227,201,219,179,184,1038,304,269,240,213,273,208,195,222,182,255,193,268,422,227,393,232,222,332,202,270,283,192,249,261,205,319,488,332,316,334,341,208,235,276,279,226,353,212,432,296,207,171,295,417,1341,1174,304,210,269,190,542,348,323,667,436,393
2080,6,215,238,205,479,259,209,192,212,228,388,254,243,256,189,183,198,193,193,232,249,265,183,195,206,288,198,293,216,186,222,194,248,434,228,335,198,234,197,194,259,191,194,183,228,238,182,234,186,230,195,428,391,215,189,176,331,203,225,202,215,216,229,180,223,177,216,210,244,251,200,267,199,187,249,217,247,294,194,273,326,286,397,255,213,231,256,257,183,260,201,203,193,236,187,282,234,190,170,420,257,392,951,289,193,205,182,300,226,247,296,424,579
2080,7,381,562,369,623,607,339,344,301,599,835,303,316,288,564,379,298,359,397,316,523,272,212,297,435,420,328,412,251,491,406,502,269,224,409,891,405,458,316,306,535,476,438,400,930,843,425,331,523,252,306,363,471,457,305,347,407,339,462,464,472,374,408,388,374,448,597,479,415,224,275,441,262,270,426,458,459,219,247,262,390,337,1163,425,309,405,375,350,362,357,449,315,309,379,368,320,411,322,418,363,448,530,514,277,324,477,533,414,326,268,281,310,739
2080,8,519,496,421,756,761,297,289,569,520,284,791,418,767,536,267,413,685,673,348,386,339,272,375,663,316,708,458,246,568,408,619,333,204,664,1287,856,613,744,1718,518,604,671,1369,660,805,461,427,500,446,966,667,240,648,247,526,530,722,345,631,393,867,661,663,542,454,966,1256,1636,346,467,563,279,349,602,804,947,326,278,344,411,1032,876,821,520,747,393,506,452,645,660,400,536,364,438,338,796,293,1435,622,371,567,347,372,815,734,829,625,251,1407,1082,335,1141
2080,9,309,331,412,636,841,287,380,470,226,238,414,216,436,443,302,333,593,419,388,385,418,464,755,849,258,1137,282,185,1470,482,262,401,234,653,443,493,1252,581,695,256,358,243,980,381,195,639,274,380,567,232,458,206,524,284,260,206,466,211,1238,310,477,212,602,650,226,493,487,605,303,269,778,196,185,353,665,769,218,402,229,225,286,576,631,328,404,185,597,222,836,557,703,534,373,273,211,227,203,619,613,343,397,189,242,647,598,1030,739,454,1284,262,385,694
2080,10,184,380,331,3309,1512,295,837,484,186,207,208,575,359,191,312,426,649,289,366,395,179,377,648,1254,264,520,620,320,911,191,182,772,184,213,1430,1694,217,469,493,659,627,307,493,1686,186,450,178,202,181,838,279,447,220,343,607,321,320,178,645,601,300,187,990,3822,293,197,525,202,211,207,773,427,201,186,3163,520,606,422,1375,301,482,271,449,200,733,237,187,188,2622,270,485,489,331,207,237,1224,185,208,191,690,242,210,185,369,346,275,240,179,304,519,384,474
2080,11,596,1953,337,457,745,937,667,189,311,684,324,1219,293,198,363,411,400,995,181,198,198,180,2037,275,232,821,227,997,221,395,191,216,260,276,2501,335,193,647,630,194,611,198,391,273,389,2089,175,301,392,627,690,299,207,237,619,941,1780,349,544,448,1391,836,2386,1592,222,189,412,641,396,1592,946,2221,217,686,348,455,210,316,660,293,572,296,647,523,321,249,298,451,611,1393,280,591,880,176,184,368,1587,1111,238,940,493,304,179,1388,193,191,298,196,2181,841,182,432
2080,12,281,743,211,673,489,711,306,204,204,864,911,858,278,305,202,1607,313,1416,176,869,821,199,8094,669,462,1017,204,1949,206,355,225,793,677,1319,2471,363,189,2418,291,193,233,572,3164,790,327,998,465,191,209,372,341,214,190,212,206,374,444,185,242,338,1153,316,5197,734,277,270,415,246,389,489,2771,439,1004,697,598,567,386,189,1125,518,271,201,2547,201,600,412,845,452,706,269,306,454,659,831,215,538,392,707,657,241,283,1129,1402,619,925,234,1049,371,577,2358,201,541
2081,1,713,373,337,2114,891,1215,320,196,280,773,1223,829,493,383,364,1053,223,865,426,646,1239,1274,4036,1083,589,3686,781,730,205,203,2096,583,1182,435,1493,391,190,722,304,594,356,3144,1849,397,251,731,646,993,353,1013,550,951,265,2286,310,739,519,465,1339,241,876,306,3260,513,230,608,215,2430,285,303,4411,603,3396,458,1996,1255,216,716,994,4581,245,1638,2348,812,4491,872,1192,625,823,1243,573,250,7348,1755,289,731,347,1550,1101,616,680,1809,1102,1886,3343,313,262,375,517,358,187,400
2081,2,703,632,600,2245,528,1085,234,274,285,1506,971,359,2860,497,551,401,626,882,672,253,542,1330,3582,6465,265,651,491,572,229,641,637,260,767,385,1015,417,302,614,369,1059,459,12525,2483,501,300,2240,210,1111,237,590,809,453,183,651,625,776,582,451,1358,660,745,362,1918,453,1213,439,846,565,417,884,6689,2821,12817,849,6378,910,556,470,1407,1326,2035,1201,4542,371,2323,421,1743,1166,465,1762,1622,1931,8848,479,416,1808,622,1256,299,972,1580,985,1103,1896,1290,786,437,427,526,686,580,909
2081,3,977,1686,1929,2488,354,794,228,1148,530,1633,590,415,608,385,229,410,266,910,261,229,570,376,7345,3048,224,3513,564,451,390,211,1263,1204,336,269,9868,473,504,969,722,272,720,7622,1071,533,186,646,254,301,309,279,452,700,177,523,618,284,536,571,1467,456,427,374,2538,447,1572,265,724,395,399,313,1991,1515,4294,2109,5166,985,271,700,675,1799,1422,651,5556,235,1745,582,3542,790,478,630,371,1027,5622,1677,195,1684,1331,886,466,417,440,1425,573,2016,828,450,787,459,461,3768,528,743
2081,4,513,1023,430,3098,303,446,210,278,520,834,311,281,439,451,185,243,242,527,356,207,264,494,1668,2345,198,2495,322,304,386,196,408,661,672,281,2659,349,192,2630,387,232,265,1856,434,298,197,351,417,247,184,408,288,231,211,342,241,243,259,223,837,223,313,330,1004,394,396,399,246,394,234,231,651,550,1460,1036,4105,659,199,2906,418,1782,801,373,1629,251,1175,442,1128,367,271,458,276,757,6624,1142,179,600,472,380,252,269,466,1310,564,648,723,258,355,217,283,942,280,532
2081,5,245,324,250,653,235,270,187,221,189,404,255,266,291,195,177,206,220,290,185,191,275,265,774,656,184,475,251,238,197,185,259,278,295,232,620,232,185,939,226,199,199,576,274,207,179,262,636,206,224,209,212,231,184,270,223,201,211,189,324,196,385,203,435,250,290,193,209,421,234,231,353,449,666,587,417,566,187,1018,254,496,328,244,566,203,598,238,368,327,219,285,219,281,906,547,290,329,250,317,218,283,276,729,408,494,305,230,265,199,241,467,194,459
2081,6,223,226,237,273,221,209,191,194,194,235,201,207,213,193,203,186,218,222,196,184,269,242,287,509,194,277,227,225,180,191,244,264,345,258,293,214,197,260,189,221,256,371,467,191,198,241,215,189,193,189,219,194,186,200,180,191,212,192,228,183,204,184,251,204,220,187,225,284,250,234,245,472,258,266,290,333,191,285,244,274,296,222,333,203,276,195,268,259,250,217,246,224,355,293,218,244,257,277,197,205,204,265,316,269,226,332,357,274,265,259,284,210
2081,7,337,386,1608,279,260,309,398,324,519,376,328,258,497,570,207,437,342,389,420,455,454,498,366,664,441,440,520,359,311,678,401,629,749,1223,377,286,228,294,370,274,402,280,724,523,350,298,412,355,268,468,235,242,519,218,284,263,314,450,391,240,258,540,244,316,523,509,749,551,525,273,398,1588,248,381,750,406,291,306,263,265,590,391,529,251,424,643,490,420,346,859,741,361,423,459,384,230,528,301,250,438,287,323,261,427,526,444,608,401,318,339,261,380
2081,8,373,296,1082,806,278,250,563,727,810,412,627,308,814,562,285,455,549,586,539,408,596,1068,959,5517,937,837,1156,315,481,857,893,1441,686,668,542,306,258,363,861,539,509,446,486,760,689,556,1025,469,311,422,1050,311,617,265,338,374,495,1161,265,275,331,1056,331,432,668,314,697,683,1276,1348,413,1310,1520,361,704,344,280,612,291,611,358,1040,759,473,762,564,471,491,316,1396,700,331,284,566,295,210,485,441,232,568,426,455,414,570,815,588,969,572,1154,791,659,772
2081,9,290,211,229,859,197,189,701,351,578,744,608,253,378,248,251,341,491,518,596,696,371,980,686,1457,306,558,241,232,290,445,614,339,290,445,194,400,342,349,751,692,303,260,333,229,389,346,753,766,442,336,1144,416,428,273,212,231,794,283,385,519,866,912,262,296,428,393,253,672,493,389,366,465,234,431,1477,867,235,522,205,209,217,532,482,789,400,816,942,349,530,640,268,239,202,591,719,217,341,245,262,353,544,276,402,543,487,765,284,378,342,367,491,480
2081,10,3598,454,1217,4262,449,186,404,714,463,221,1065,884,497,183,380,195,574,496,4124,597,254,576,293,478,1035,193,274,319,239,496,515,209,218,240,294,1366,316,488,653,265,182,189,287,183,346,319,204,189,536,3440,254,236,953,209,943,764,740,1454,19856,612,648,235,315,417,198,791,349,193,388,1032,402,329,1321,2898,414,261,229,1244,2277,248,1154,231,496,184,186,927,303,198,592,1360,204,298,324,196,352,431,560,859,265,200,963,232,195,490,378,190,196,210,231,599,1318,1018
2081,11,1163,543,696,769,380,190,295,329,191,231,404,1250,482,176,903,182,583,235,569,2359,211,580,207,427,452,193,242,232,307,242,456,353,235,184,2210,538,194,321,1651,311,176,319,359,197,336,385,224,647,1874,416,1067,327,321,175,192,390,210,268,525,848,921,303,352,471,184,452,323,233,248,414,455,814,568,395,1065,439,180,764,362,259,454,189,446,311,296,1104,276,211,238,1555,454,613,373,187,491,707,193,759,224,303,741,366,282,376,404,213,368,362,215,1060,778,546
2081,12,307,2205,265,836,516,182,190,475,188,209,376,645,724,794,681,179,401,432,521,4096,1876,385,205,289,276,2580,410,287,249,203,1419,220,190,191,1131,255,1176,2088,522,366,1405,271,629,190,240,412,827,421,575,259,1326,253,243,499,318,1669,361,434,843,361,1407,743,309,317,294,426,1274,228,214,297,1413,1463,249,2244,317,1679,200,426,925,600,475,388,356,296,806,2319,498,3451,3064,475,393,376,346,184,384,275,633,1285,487,730,285,538,404,265,4048,337,390,257,414,813,321,560
2082,1,1098,1472,349,1397,331,175,253,339,191,202,483,1013,2175,3256,350,1417,259,293,725,2255,375,266,356,1581,264,383,753,304,639,216,587,403,223,670,495,465,860,510,580,533,718,867,275,248,1245,684,652,712,3018,254,1002,1140,234,1899,205,552,564,271,1244,566,2326,247,274,232,329,306,1188,324,630,391,507,556,225,2280,359,1222,636,586,385,506,1916,312,817,1038,306,872,378,925,1181,644,243,310,199,188,322,209,376,1566,193,272,281,254,523,269,5734,819,2337,600,1150,905,922,388
2082,2,434,919,258,1941,781,553,218,215,397,236,412,799,666,558,531,464,886,594,2808,876,1074,440,942,4061,459,735,1339,687,414,262,744,244,1905,751,561,1101,519,1723,3669,642,695,343,482,374,263,495,406,1913,6317,252,484,401,276,523,214,2510,943,1019,2554,267,2047,655,195,401,883,488,593,213,623,238,493,475,553,1882,1028,760,195,1161,409,2946,522,739,915,394,388,631,1849,1288,521,610,893,1474,219,178,328,289,953,5836,192,234,483,208,372,396,4055,674,871,3543,358,3192,345,520
2082,3,455,1209,322,1860,1939,1029,232,260,402,319,319,2027,1978,2018,658,256,399,739,2230,531,712,509,233,7271,494,1563,1094,212,851,248,411,189,1012,352,1630,2454,484,1963,1462,387,3348,266,329,393,252,408,231,1105,5025,580,313,538,214,451,600,5922,391,1037,646,239,1543,1210,429,202,367,309,606,187,301,236,1594,2954,960,1691,379,566,186,1428,291,3997,634,242,2786,284,217,1420,1623,496,548,340,269,872,562,349,1480,256,583,3099,852,228,2315,196,394,2195,6292,2200,647,2024,1003,1363,449,274
2082,4,273,744,255,662,929,496,182,242,186,182,255,1970,1022,834,590,209,251,409,431,332,578,297,306,3764,239,1663,522,193,343,235,524,326,345,262,791,1241,421,1071,614,302,776,202,223,202,211,228,217,385,3459,304,1148,286,187,243,294,2035,228,286,343,411,536,643,398,235,213,295,428,208,236,279,912,1171,655,886,244,563,231,494,251,453,402,209,1034,246,205,558,537,494,616,259,237,395,204,218,556,195,284,1204,276,220,741,193,317,1967,1701,891,485,795,531,507,322,436
2082,5,309,353,359,332,295,239,177,205,180,176,198,380,351,313,231,197,202,232,288,248,265,207,199,1113,205,962,266,216,210,233,260,207,300,264,363,534,261,422,309,200,325,190,243,181,196,198,196,253,692,203,364,200,214,215,222,453,198,231,265,596,312,313,207,195,192,217,256,176,202,199,298,385,235,346,205,333,233,306,205,314,254,196,411,211,211,340,280,410,559,215,214,262,187,193,369,270,465,576,193,183,285,182,231,359,530,434,377,381,259,483,324,219
2082,6,243,389,279,241,416,253,188,204,189,227,185,256,248,240,191,201,230,196,248,203,209,192,192,322,201,310,239,272,203,232,204,220,204,326,510,281,261,285,229,185,248,190,182,175,185,232,214,236,419,186,418,189,754,188,210,267,186,196,232,245,225,215,189,211,205,183,263,179,184,191,220,246,206,242,217,341,524,243,243,258,277,241,246,600,197,314,229,242,413,193,187,209,180,172,209,184,272,275,263,201,221,179,208,233,273,319,252,303,253,236,395,189
2082,7,561,509,495,451,527,282,650,412,254,256,374,370,276,479,252,547,466,332,458,366,233,223,290,404,423,594,357,396,411,399,293,353,327,548,852,411,450,373,295,380,440,350,233,275,368,399,341,472,810,453,523,321,1002,539,279,455,302,493,217,282,318,459,326,206,247,332,605,484,280,227,2167,314,248,346,285,391,422,450,263,570,364,464,419,465,321,425,1461,238,556,300,207,366,390,388,198,193,440,666,373,464,356,312,284,384,578,241,489,655,418,412,552,483
2082,8,874,409,1019,322,437,304,382,531,306,280,320,276,312,800,431,395,397,396,374,392,242,244,271,407,1072,790,641,372,930,934,428,686,578,754,1617,471,470,229,329,792,672,415,252,260,314,620,496,388,1491,712,669,532,681,654,329,362,862,300,368,309,392,483,614,309,755,490,1904,1205,426,322,920,491,297,277,720,639,1146,444,392,625,412,722,337,559,1296,1488,1027,481,2052,350,494,502,416,477,607,369,560,961,625,341,257,386,540,1163,1453,414,817,2435,578,576,811,433
2082,9,395,256,201,232,536,253,195,577,1370,244,279,183,439,428,301,254,466,231,295,184,279,295,433,382,1193,302,256,334,1353,288,403,373,325,675,855,615,272,899,521,1437,361,1434,263,170,239,347,704,548,807,1540,365,729,649,1012,207,250,756,486,774,453,765,1663,298,347,361,262,417,273,437,287,207,875,207,208,1386,616,431,197,582,457,291,705,429,185,411,706,288,219,491,610,439,191,343,331,493,287,683,362,466,220,203,221,464,967,328,247,428,2199,495,792,244,539
2082,10,406,613,184,312,255,205,383,190,1921,1635,266,323,234,189,657,671,910,180,273,659,253,179,355,276,215,461,798,280,391,195,342,371,358,206,421,216,214,862,193,241,218,1340,344,423,235,353,364,221,2559,524,492,430,225,413,476,410,1084,384,935,258,206,507,174,183,766,176,248,389,270,220,1563,322,331,1502,2097,228,758,189,225,202,328,491,1059,208,345,776,1051,305,254,260,420,212,293,225,643,172,321,323,204,235,178,217,311,260,825,1654,190,633,417,211,440,1629
2082,11,318,486,337,509,350,189,246,204,964,323,1277,353,726,448,667,186,511,389,177,237,280,782,297,204,216,1178,768,298,370,267,421,257,420,227,1122,185,235,264,189,304,180,363,179,241,221,597,414,435,1746,2969,439,276,723,1321,1241,211,508,594,310,285,414,1523,297,221,738,180,203,403,428,277,548,390,182,1171,1187,190,618,1107,741,693,793,209,743,185,918,486,604,177,333,405,319,366,352,220,308,681,487,1090,385,287,177,210,464,220,942,246,332,423,336,1500,422,1132
2082,12,1707,213,182,256,405,249,656,225,349,1018,409,775,1638,457,257,1156,465,977,177,549,1111,193,404,266,350,256,246,1132,239,237,199,1245,440,237,798,1302,1172,1024,637,1062,421,842,344,1000,185,275,295,185,1727,6772,2278,2854,208,267,419,288,628,889,1935,260,831,509,1037,290,816,415,186,1375,291,263,1043,1138,923,367,420,6356,305,3354,262,211,1817,363,272,202,254,940,346,316,580,847,2318,349,653,201,400,203,366,251,211,310,1850,625,192,200,1471,320,189,806,405,500,819,346
2083,1,608,1229,941,497,461,1014,2001,521,799,2478,270,1128,1375,389,443,342,583,584,427,519,1278,357,336,582,234,277,510,832,268,204,8842,10720,484,976,1000,849,555,664,503,1060,9434,2539,3659,422,178,956,402,646,822,8108,778,559,241,884,484,217,1250,1709,756,362,821,1059,444,1797,271,1068,2146,389,493,228,2307,1015,2280,1089,496,2894,544,1718,349,315,1248,344,260,3838,260,1103,1672,870,395,599,1969,1390,221,3393,1015,3858,565,631,1129,300,1397,299,940,302,709,433,587,1584,750,2186,1421,1405
2083,2,651,612,1566,218,1086,232,1522,525,484,843,1488,1025,719,2764,252,542,936,2418,250,750,340,1152,266,236,644,490,401,254,245,252,3057,10775,1068,292,1912,980,355,2590,891,4333,2789,6884,1187,427,705,340,813,238,1876,9441,1375,575,458,305,454,435,736,997,1178,303,1141,1659,355,1022,644,437,1127,1216,686,343,1698,1281,691,1237,462,6790,1216,5887,212,650,3529,324,651,1315,1288,1422,1094,3251,252,303,1387,595,1015,907,1511,3654,1132,254,685,289,1024,288,506,942,2655,686,299,3562,322,4841,1292,549
2083,3,960,540,1142,373,548,369,438,633,320,784,601,2175,1122,713,2239,271,435,1589,1459,885,316,321,195,202,406,858,4511,598,219,304,4255,13362,453,494,1216,460,1684,6868,402,2016,4586,6371,1276,379,413,427,283,1030,3397,5059,1630,638,199,1093,286,628,817,1781,992,315,622,969,531,440,669,423,1026,559,1033,175,887,1022,566,589,1957,10214,1236,2967,621,366,6175,227,243,1156,680,592,1482,843,520,304,934,361,867,1174,1818,1586,370,476,362,277,1193,349,1109,238,5340,401,376,2083,345,4300,792,722
2083,4,618,274,365,263,339,242,314,233,248,371,382,594,718,365,337,216,318,691,294,380,265,223,186,194,253,272,1180,392,197,206,2610,3886,616,377,1215,299,1455,1331,244,609,1613,1953,406,335,247,231,229,235,1844,2524,544,333,190,333,300,243,1038,1472,440,240,384,450,408,320,273,225,520,269,264,193,498,427,366,371,591,1822,474,995,221,227,2275,195,222,442,352,345,895,485,307,248,579,267,681,500,549,878,277,330,257,206,667,235,304,234,2863,279,533,1208,361,941,954,337
2083,5,263,246,241,186,248,194,238,198,229,291,237,335,287,330,249,200,246,298,203,219,251,237,186,187,200,207,413,227,205,190,528,1339,834,223,1296,230,369,507,200,351,561,788,267,195,186,196,193,201,353,764,393,307,184,229,237,197,311,311,273,178,1294,294,231,222,213,198,302,218,209,224,365,274,242,294,274,419,263,414,210,205,1496,185,197,277,312,245,414,461,202,253,312,204,312,310,376,685,219,208,219,181,339,234,410,252,482,204,344,603,221,600,727,267
2083,6,249,191,252,202,215,188,217,193,189,220,198,267,753,239,206,213,191,232,225,237,200,192,198,207,184,191,249,189,293,246,312,309,324,272,311,258,243,377,202,266,279,304,206,184,208,198,183,188,240,249,329,208,179,192,199,182,266,251,299,187,261,211,202,235,268,184,281,197,205,209,267,234,201,260,255,314,539,285,252,225,367,181,218,213,230,267,289,245,196,196,252,190,204,213,226,294,240,193,206,185,244,206,218,312,385,190,224,450,200,507,258,246
2083,7,813,514,316,328,264,339,217,254,393,364,402,366,1097,274,218,338,537,346,330,348,252,194,349,418,391,285,576,266,402,688,422,519,219,236,1261,393,358,632,432,541,408,377,423,353,347,377,224,278,399,859,417,381,451,347,377,315,619,291,268,243,428,328,359,315,357,399,2112,327,266,283,493,344,276,353,371,830,877,419,387,448,300,364,497,226,468,479,578,393,225,295,513,396,300,466,434,454,402,1046,564,544,482,503,306,294,359,563,286,1027,339,392,293,480
2083,8,1572,389,795,380,568,355,461,387,574,364,1209,549,1151,367,572,476,397,483,318,366,200,353,477,326,199,586,1097,336,481,642,416,818,328,675,1190,262,442,472,1804,442,390,302,443,388,437,467,588,454,411,642,442,1150,407,1213,585,898,720,784,337,402,657,474,502,396,547,597,1643,1030,565,606,425,450,231,300,871,1313,1402,1082,954,390,263,657,823,453,378,647,406,559,421,232,481,671,296,324,438,358,595,549,627,1112,1067,1204,528,555,256,873,412,1238,454,1239,435,1160
2083,9,303,623,563,417,426,448,636,239,192,702,694,268,365,281,872,1328,279,313,493,1731,231,377,394,190,273,1036,1286,199,354,472,317,340,330,532,588,450,561,316,529,226,236,223,563,430,356,456,492,207,202,506,608,232,673,439,457,677,1137,794,425,974,707,208,510,298,215,220,370,271,250,703,359,361,186,199,829,621,2255,2211,700,269,227,1496,797,968,221,360,366,800,677,581,737,280,222,286,387,4039,488,1389,255,477,536,263,607,363,540,809,232,538,774,420,202,671
2083,10,218,269,701,261,195,242,244,174,361,386,856,236,395,185,559,1776,252,279,366,821,256,268,173,237,221,195,381,200,698,208,192,1694,220,245,380,395,505,218,993,186,192,224,245,266,181,189,984,248,242,253,185,187,243,540,310,256,484,6318,542,5685,992,197,222,234,224,286,291,330,258,209,617,189,204,222,554,428,1494,455,201,294,212,852,213,240,197,462,304,601,230,570,343,1609,180,205,182,537,425,9002,205,414,255,531,286,212,294,736,269,392,377,231,378,987
2083,11,335,470,591,219,403,259,304,178,388,427,2375,285,595,184,333,266,980,2272,356,582,309,304,276,1145,528,546,357,185,255,359,179,1041,176,293,556,269,2142,1407,484,330,414,408,283,443,1110,511,218,1679,726,1333,874,182,204,275,338,479,427,544,204,346,270,270,191,203,178,227,905,183,1015,244,501,228,901,393,386,1220,812,224,450,340,178,1054,200,429,294,266,594,483,323,222,302,249,356,921,668,218,558,2897,179,490,298,576,285,372,371,2208,366,470,2249,2634,1597,322
2083,12,2968,2133,455,387,517,192,325,227,461,222,1776,1405,993,466,201,272,1331,2401,1045,927,293,361,180,573,987,271,3075,194,649,1730,187,382,374,582,1982,320,441,450,2440,193,222,1588,234,304,319,540,312,1105,2445,443,475,888,567,430,209,834,291,414,192,1230,1054,219,241,1236,180,561,1210,216,454,1557,221,185,236,441,214,1210,1057,284,213,261,180,769,185,217,251,379,533,239,515,914,779,265,497,534,1265,233,224,2608,221,486,622,1487,1445,288,507,922,231,3926,615,629,370,2447
2084,1,533,2625,357,663,483,257,591,1224,356,3299,3061,1332,1906,2104,211,1516,889,1474,303,537,671,751,201,1301,389,327,2103,197,2566,1613,204,302,408,404,1139,424,399,387,1877,313,237,568,366,752,1740,2359,639,706,570,403,501,730,314,306,260,365,2705,491,1812,1005,470,179,180,1842,712,739,1090,255,1786,2061,392,497,228,1337,204,595,1283,431,586,358,176,1029,201,1522,285,315,1032,646,1173,876,1143,387,1183,543,714,1173,1579,4091,181,570,895,763,777,1246,1003,1697,225,669,1670,627,287,983
2084,2,615,1667,241,318,1542,196,281,722,924,467,6490,1223,6128,351,419,715,412,12326,297,1071,1073,746,300,352,395,311,1587,391,3228,1382,202,964,852,379,1975,225,831,546,629,364,1599,317,480,465,696,817,827,376,508,291,1204,1836,205,358,222,377,512,941,826,567,804,253,579,329,462,884,1221,537,1407,1088,797,1069,557,2268,1753,1002,746,735,388,2779,179,3045,191,692,681,512,1303,573,288,2707,2008,401,582,714,594,468,610,6679,618,826,349,1565,1171,870,752,1200,783,585,2427,979,302,630
2084,3,330,845,625,3844,2558,180,206,1060,809,702,4179,777,1107,341,289,993,309,4730,248,432,332,282,186,1075,240,478,943,927,815,1983,174,857,522,924,1569,220,1847,2473,1803,1598,1078,379,589,345,1175,420,646,313,653,722,892,3730,226,538,179,504,654,1328,798,594,2764,302,707,288,490,560,487,314,662,1780,1650,1259,212,720,890,807,889,1511,284,546,221,929,182,907,292,331,810,444,251,1426,3474,642,6112,1263,396,364,299,10140,850,347,358,2842,468,611,394,624,444,503,3302,1293,681,459
2084,4,289,412,226,376,805,173,195,620,412,321,3419,448,1334,315,190,367,246,948,227,274,227,235,174,872,233,290,515,822,442,2501,187,480,234,1572,803,319,1063,672,1149,294,470,293,214,312,1362,293,389,243,354,475,441,940,200,264,197,232,328,387,661,718,696,179,334,225,393,305,310,188,802,589,379,320,201,373,402,627,476,611,283,294,241,394,176,316,260,284,392,247,271,477,1907,392,1204,734,257,259,250,2957,247,256,930,923,385,432,289,569,266,334,875,476,361,605
2084,5,365,277,195,241,596,167,184,274,215,241,985,275,566,264,188,238,214,379,203,219,214,200,167,622,192,219,313,291,464,465,179,366,196,278,395,400,354,413,352,218,241,211,226,197,286,228,307,205,233,220,241,422,178,199,203,202,228,247,1303,298,298,176,208,196,207,255,342,184,305,278,297,255,187,265,232,316,304,257,190,322,338,284,196,247,187,236,272,273,198,271,348,272,684,280,231,218,211,539,207,240,327,386,244,242,248,309,206,356,451,302,305,265
2084,6,208,268,184,230,272,210,180,208,194,209,459,256,301,205,195,216,289,255,191,227,186,184,195,268,182,195,269,227,227,278,197,228,303,208,271,367,264,231,245,191,210,226,183,426,244,267,266,203,250,191,342,241,176,189,175,186,200,209,332,213,242,186,219,227,226,237,239,179,215,243,210,211,186,211,199,399,274,243,207,220,201,256,215,200,186,263,338,505,187,209,255,195,823,211,363,430,300,269,215,189,289,256,205,294,252,322,229,258,308,235,217,223
2084,7,548,418,216,277,367,359,330,343,397,334,558,530,235,417,359,500,558,320,1374,312,237,225,270,398,399,464,602,738,621,648,407,371,392,268,377,497,383,239,309,294,295,323,418,1529,295,630,208,612,305,316,879,258,318,211,203,376,331,299,279,293,315,427,637,356,625,402,325,338,618,396,339,465,223,270,717,584,358,407,321,275,439,388,337,474,273,906,2138,424,398,449,474,499,842,386,533,202,447,282,220,216,254,546,366,580,340,330,591,373,446,380,470,538
2084,8,520,323,656,999,552,439,614,1068,434,603,390,381,693,337,406,578,387,798,724,494,436,429,333,424,562,927,748,400,1294,604,614,725,1140,1116,878,390,362,298,530,504,399,459,1150,901,910,414,693,1651,349,320,931,527,264,237,264,459,299,343,264,352,507,269,1101,1078,1930,637,734,461,681,331,298,1112,246,311,1454,906,721,396,269,422,466,576,322,325,790,460,2352,613,745,359,763,2661,1338,580,542,276,297,532,315,230,898,324,404,778,451,275,369,740,3713,888,557,700
2084,9,797,281,268,1190,237,419,631,270,433,279,275,567,601,204,291,413,513,664,1609,475,342,333,264,187,1058,343,421,419,710,262,224,561,618,728,389,211,2080,356,1192,377,258,456,1216,235,829,534,423,943,229,217,1208,344,442,239,235,356,656,1966,670,332,311,176,2470,877,299,688,294,245,443,227,257,490,181,229,1380,336,301,1059,177,732,453,465,194,208,525,395,877,1194,360,479,282,859,829,192,496,193,421,532,497,212,475,286,594,656,497,267,1275,1139,774,285,259,446
2084,10,531,292,185,1121,439,496,389,393,217,275,189,275,807,187,174,505,393,381,347,1908,760,300,318,205,380,215,289,981,938,190,290,186,222,224,310,194,316,203,1003,226,258,393,534,353,285,2717,184,866,966,251,356,1260,1115,732,379,191,704,1005,196,211,938,477,774,304,891,269,339,197,382,277,205,196,308,274,1251,247,281,965,272,1663,4572,982,213,177,2316,450,500,973,517,355,988,458,875,543,402,369,702,528,486,286,663,214,342,438,382,396,209,698,291,188,285,1970
2084,11,388,230,187,1482,246,246,376,1518,1028,323,183,701,362,740,337,1138,1439,189,517,256,2184,210,955,177,245,364,331,456,461,241,239,287,405,196,376,896,417,1147,352,267,193,389,498,478,348,506,182,414,603,381,757,220,2031,497,426,184,879,1025,183,223,2160,550,281,506,212,539,254,280,313,589,979,326,629,472,1446,306,511,741,466,366,1019,586,184,177,590,1661,510,232,403,279,490,336,790,249,317,186,492,1070,323,543,2373,467,230,1078,251,608,881,447,877,1518,181,438
2084,12,423,1020,762,344,2128,309,213,463,244,212,784,3477,373,196,180,304,442,412,256,716,675,203,966,261,621,214,621,357,243,803,944,767,812,245,374,315,1102,294,214,241,268,1682,272,1144,190,271,190,532,983,577,353,246,400,463,415,204,444,372,704,1232,992,786,493,362,202,371,276,1025,894,813,517,791,1386,3555,701,299,1846,512,709,858,1417,776,1499,248,299,3181,1619,312,225,320,1465,864,1344,1039,739,206,316,797,605,245,2477,402,188,641,664,285,413,1737,959,669,202,372
2085,1,4341,1884,1910,503,373,195,582,3530,824,258,254,764,1435,460,433,286,335,751,556,485,549,873,547,1111,1147,893,760,880,344,441,5676,992,1256,377,214,910,2289,234,447,650,255,6204,468,471,211,373,592,441,3649,1467,571,230,324,255,503,430,295,812,1310,1056,1145,563,604,1542,832,3066,229,774,972,1076,364,602,655,1462,815,1920,1350,322,1289,370,6287,709,3570,1035,302,1521,7124,508,233,685,572,1454,2246,589,572,196,330,490,1465,189,1227,825,1530,1161,346,821,686,539,2281,14865,1282,299
2085,2,3098,966,1158,1013,600,285,992,1724,469,193,400,1442,1988,310,537,859,636,643,1179,282,805,504,625,356,324,610,436,1632,1334,253,5582,502,873,323,201,1619,8656,2165,711,852,410,4680,455,6054,445,1965,193,931,2738,675,2420,223,381,653,251,256,254,1619,317,1270,1241,352,1634,602,2201,861,650,1367,567,404,649,291,502,535,495,774,1485,1296,567,887,25437,1960,5098,1150,312,1317,6266,281,285,400,326,771,2109,296,302,226,769,1235,947,551,1966,705,391,1014,518,609,568,735,1772,6198,5675,799
2085,3,1870,795,1640,993,2006,568,334,6137,493,185,254,782,735,625,189,302,356,573,617,1991,637,842,281,499,1279,401,2204,843,837,360,1273,812,386,2357,195,408,4656,3014,687,307,458,3972,987,2148,243,1634,544,606,1922,1115,929,192,489,768,304,1508,1132,972,862,2598,691,666,1061,772,1029,2608,236,1376,689,531,315,242,307,713,371,443,3142,1083,331,929,12440,771,5966,1137,245,5213,4872,221,195,256,430,657,2095,295,1925,1494,1098,713,1487,225,4268,771,3915,932,251,311,1350,415,2346,1433,404,1343
2085,4,644,509,638,408,562,450,220,4832,291,229,203,351,496,531,183,241,232,262,272,505,352,347,270,280,546,310,735,957,767,297,1826,391,352,1799,263,593,2669,946,331,451,220,805,355,561,188,409,222,358,792,606,491,183,251,260,266,269,253,980,407,695,394,261,1025,769,1029,1829,193,581,309,1056,319,254,527,419,301,306,1091,418,271,468,2957,426,3963,564,273,2638,1354,206,184,197,269,488,1448,342,539,568,774,446,737,225,1221,404,3090,1306,286,997,649,626,898,872,295,523
2085,5,362,260,293,255,290,197,194,830,216,181,187,251,380,596,178,267,208,203,212,266,241,216,198,213,605,213,302,382,270,229,412,345,512,533,209,366,945,356,217,319,180,389,237,301,189,275,187,227,323,287,364,179,213,211,208,230,206,292,338,311,279,327,326,325,491,400,259,283,232,380,210,250,374,268,227,228,442,271,212,254,753,287,1673,269,205,643,501,192,197,188,226,244,455,201,253,217,257,275,339,184,533,236,3398,597,197,277,320,336,385,490,239,316
2085,6,251,239,437,247,249,178,188,318,195,179,184,207,243,248,177,218,185,187,193,209,277,193,192,211,334,210,221,228,218,199,336,200,342,246,205,790,395,290,203,243,192,289,213,224,179,245,179,196,234,252,449,179,192,186,177,191,202,230,233,254,211,292,230,261,306,381,216,211,199,312,254,217,262,272,236,200,324,415,318,202,368,221,521,210,268,306,263,190,200,194,234,199,249,189,205,189,208,266,337,179,262,207,1733,247,187,273,213,212,257,291,232,280
2085,7,559,563,441,335,259,376,384,312,260,192,306,382,381,462,351,347,461,305,296,329,369,256,338,460,4124,373,273,363,815,392,441,629,609,331,355,607,577,407,504,260,656,328,409,267,446,405,356,293,521,359,426,223,374,332,348,402,332,331,301,432,269,380,1050,623,1049,681,861,313,336,493,569,337,398,655,351,874,383,868,509,282,523,477,801,481,358,419,313,369,324,395,620,505,368,269,303,340,316,409,690,310,303,298,481,700,321,480,438,354,453,424,529,292
2085,8,1467,357,588,441,270,1024,588,738,445,427,889,405,525,591,272,383,336,688,286,487,489,232,295,656,1879,251,263,283,1163,1097,846,1697,634,422,388,1331,440,267,1481,713,475,351,348,372,500,566,806,967,636,612,589,564,429,342,368,1110,421,374,776,206,209,626,780,755,884,435,1884,1008,363,1135,630,295,530,434,611,790,352,902,462,589,330,1055,874,295,419,289,930,267,1119,719,948,878,322,413,289,287,628,489,1355,363,341,493,560,1100,482,1799,1151,485,1155,478,995,495
2085,9,1279,470,414,474,256,190,425,233,3908,648,198,303,1063,578,269,265,278,231,727,192,718,237,332,341,1207,189,198,200,500,509,354,896,775,390,435,485,1025,486,478,413,201,2653,276,618,319,1898,692,575,410,388,193,448,814,467,211,823,212,319,1014,186,181,568,319,641,547,209,442,323,342,505,368,315,232,331,1214,816,193,343,535,342,386,1315,450,190,537,836,578,328,1716,671,526,530,513,5267,197,209,1523,530,529,308,228,574,502,363,414,451,415,365,352,3565,672,449
2085,10,890,252,741,334,317,251,244,190,647,418,411,624,443,192,894,983,272,204,759,223,1317,181,2013,552,675,175,200,567,201,282,897,302,233,213,211,226,477,330,1194,975,202,222,181,799,279,482,302,259,524,449,186,211,1117,212,387,506,625,214,657,570,186,1320,256,590,551,202,267,241,405,585,184,386,445,293,194,400,253,1048,320,528,306,395,836,183,236,481,411,203,431,330,1151,697,699,355,849,246,426,562,342,175,388,195,195,373,965,1681,316,512,559,449,1037,205
2085,11,8335,190,999,453,1039,196,189,342,246,802,203,1592,261,213,258,1404,190,177,440,450,545,328,328,530,340,197,177,482,637,215,200,1653,192,247,305,355,362,1827,434,603,258,200,178,221,243,498,213,259,281,2165,193,203,334,251,475,456,636,189,493,184,276,745,410,917,283,314,235,181,347,194,650,605,503,934,585,688,334,1300,284,3462,589,300,309,177,1287,276,1344,1568,1634,898,464,339,2687,214,1922,517,221,408,664,516,497,181,865,1279,700,300,231,202,1292,356,422,343
2085,12,1259,1285,1019,370,550,227,191,488,223,210,488,1428,319,293,241,249,843,201,1372,1060,1094,384,613,3240,519,287,860,230,2253,210,593,755,616,1103,1974,963,463,1026,238,530,1155,198,174,279,365,1736,233,1452,288,1029,1268,202,878,936,188,603,321,539,1034,988,682,415,354,832,353,395,192,325,730,226,1720,206,1732,2572,290,309,3370,3726,406,1251,1794,299,774,176,708,324,1739,271,936,298,273,231,751,380,1290,1513,295,204,322,182,289,187,842,2010,314,1112,494,226,1421,212,319,243
2086,1,4359,554,418,539,393,248,244,274,261,1486,1288,2610,562,2151,212,540,3846,211,892,437,1352,426,345,1165,1561,7283,1603,244,1797,186,1016,1066,671,1524,503,543,658,835,3806,1356,418,414,198,245,200,1656,523,1138,267,1374,5346,658,312,390,283,516,1001,555,2021,342,419,1217,436,1267,1078,523,205,480,300,195,621,201,817,2411,9699,305,700,1535,215,3673,1402,373,1237,375,1147,875,1274,285,447,243,515,979,337,1227,934,1002,206,812,326,2205,349,186,351,1213,473,586,258,191,697,457,1550,202
2086,2,4599,536,855,481,301,388,594,255,1446,444,765,2394,355,386,189,1955,907,459,574,322,1065,535,2656,2750,1556,790,831,355,1398,357,572,451,262,491,1014,3723,443,2540,1119,1254,669,1088,782,365,324,1248,312,897,912,1507,1082,292,309,773,450,370,288,249,4957,764,437,1849,953,1148,833,1042,537,287,353,369,871,398,524,14030,2651,473,817,1163,325,8905,4101,326,1363,1933,1590,629,1599,544,458,1221,620,693,306,378,1049,425,196,743,1174,352,274,177,997,859,1173,436,479,520,855,936,732,211
2086,3,1342,331,548,913,317,304,199,1013,4282,301,340,3458,1525,365,353,494,517,477,364,239,1862,3807,2346,1609,1218,3184,522,210,1511,3660,629,1683,302,573,747,1474,308,887,2349,1644,270,1122,193,2256,409,929,993,534,388,2497,1537,221,1099,292,253,358,243,827,9091,366,215,1760,232,723,590,1877,194,304,451,249,517,1154,651,9436,1298,283,555,875,656,3860,2330,400,2295,373,2773,322,825,8929,318,725,395,2760,839,606,623,476,283,2121,429,1179,303,375,868,5154,540,345,800,459,1889,1625,1361,187
2086,4,687,261,439,368,231,179,183,434,798,245,822,765,1334,260,262,281,334,228,264,212,1210,357,841,568,554,5026,705,199,1332,476,419,952,216,595,441,593,230,414,743,684,217,371,390,313,193,501,266,309,299,1536,916,184,312,244,189,286,215,239,2337,258,200,541,229,405,474,478,215,290,226,193,345,339,312,3829,422,212,308,406,259,1607,1583,221,1870,291,1577,242,463,1867,383,301,290,4096,610,258,442,366,229,670,305,832,267,274,384,3476,275,253,300,197,947,676,1299,184
2086,5,364,206,234,224,197,182,177,217,349,205,269,353,375,205,286,229,248,232,211,189,410,240,306,320,288,987,573,187,500,865,232,394,191,258,305,419,224,274,302,322,196,220,181,219,179,271,205,223,265,381,482,180,228,202,181,198,192,657,452,211,252,305,192,281,236,279,186,232,259,219,245,305,222,527,311,324,239,312,194,613,556,193,519,205,1022,203,287,550,237,218,241,1167,436,209,314,227,259,518,211,988,196,180,254,588,223,211,277,188,366,308,578,173
2086,6,245,205,196,356,185,185,225,199,268,197,205,294,467,282,178,203,204,194,207,184,244,210,236,225,219,317,232,204,271,290,293,266,197,301,257,268,209,259,217,234,187,198,176,221,210,299,188,221,215,240,275,367,201,191,172,187,186,214,267,197,225,242,215,210,208,227,192,214,185,176,223,242,210,345,272,261,205,270,185,401,265,207,310,241,825,185,265,267,201,198,195,511,207,192,225,195,206,265,213,255,182,175,207,357,231,193,190,182,258,240,274,176
2086,7,877,605,417,340,269,333,465,272,482,299,336,964,498,318,309,270,288,325,484,361,211,299,237,342,251,471,551,326,358,726,489,820,329,449,361,395,555,576,583,344,329,318,239,274,289,440,248,490,308,285,496,245,319,349,306,288,263,344,483,194,432,506,469,371,417,438,388,456,210,267,481,424,333,747,447,432,597,398,406,894,218,345,381,542,342,323,506,433,590,355,374,475,427,303,346,239,252,580,380,570,1269,348,302,2298,457,436,285,220,417,453,368,312
2086,8,767,904,686,622,284,589,575,395,1245,691,487,817,628,476,410,363,493,502,403,726,211,288,361,2296,262,632,869,419,988,3373,2115,849,1767,476,540,557,693,701,425,577,459,510,308,700,293,637,342,734,301,399,623,254,321,433,286,512,729,438,955,261,325,688,664,222,400,405,711,978,2029,991,844,647,393,1045,537,581,422,981,492,1406,416,513,802,2211,997,444,673,425,379,980,1286,480,284,289,320,231,429,315,390,362,1137,809,789,1250,458,405,793,1005,467,469,531,697
2086,9,255,563,480,547,188,319,380,873,778,467,382,463,397,393,413,413,447,906,195,568,275,222,363,507,408,366,395,744,640,415,543,694,1181,245,273,296,330,432,521,323,282,482,324,2158,285,415,269,264,201,192,386,208,309,316,401,716,798,3531,304,237,505,909,592,224,220,586,6597,437,456,535,496,3274,1122,512,684,389,270,1411,764,797,254,356,312,573,414,231,423,214,929,541,1311,672,321,200,616,332,298,1190,206,716,334,777,961,970,564,463,606,428,426,225,467,715
2086,10,4621,191,486,1302,228,170,370,233,271,350,225,1320,229,181,197,221,485,1962,241,798,235,192,685,347,236,194,372,197,480,419,1336,224,501,273,257,292,401,247,221,205,252,292,3390,565,434,313,480,349,206,598,557,269,315,283,186,625,275,2738,228,976,226,212,831,178,193,222,447,476,271,216,888,313,360,193,344,1072,709,670,566,406,367,1765,349,216,550,339,226,187,470,360,858,429,4558,1479,312,188,1031,942,177,316,257,629,425,332,867,414,686,1029,231,180,820,192
2086,11,401,184,246,1001,270,514,340,387,192,1447,310,1693,431,350,256,211,291,579,2126,476,324,183,346,786,189,336,258,2400,588,560,793,359,829,213,201,408,397,596,289,297,256,328,287,433,300,446,293,381,354,507,366,232,305,366,490,781,243,312,1630,192,468,429,315,218,201,420,653,318,267,282,400,379,212,1106,895,352,373,283,207,1237,233,296,188,622,2186,605,406,479,618,206,486,200,720,890,734,445,1087,1305,523,354,2049,303,446,1086,541,487,777,441,901,268,567,428
2086,12,250,189,827,2538,1333,605,1546,1612,359,923,427,4319,398,318,219,197,251,822,990,1364,188,803,1301,257,218,347,259,579,219,428,275,459,259,696,225,2340,192,1271,205,177,487,574,497,286,291,3394,187,223,190,417,289,1051,1032,330,1214,1141,735,2189,253,295,244,645,1752,2493,672,527,462,340,185,277,289,2552,1179,547,2024,221,2706,228,255,914,366,1806,1677,2692,1122,265,6362,235,523,326,261,229,695,350,207,2535,286,2178,396,761,509,961,2278,1301,558,301,755,549,230,510,285,345
2087,1,1148,301,354,2022,1081,221,1858,817,1112,365,205,5635,697,1700,201,217,188,337,307,874,182,1089,1918,271,203,219,247,358,210,244,2426,1433,253,464,181,835,200,338,198,2480,2067,614,2402,7936,860,477,1049,14910,223,276,849,382,244,264,504,959,275,1402,289,439,257,2145,2428,803,833,352,249,326,297,348,311,1792,443,315,2413,219,1001,571,527,594,555,1501,354,710,22439,675,1372,705,416,283,295,1097,1682,596,512,289,826,2567,1036,1804,505,2306,1388,933,1014,518,519,271,313,256,524,2829
2087,2,4164,264,531,5383,1402,228,1340,486,1362,503,493,3344,317,552,365,198,215,390,2114,460,657,531,1277,236,181,301,196,288,567,312,813,695,301,708,245,485,618,311,448,570,444,282,1487,3493,440,313,1245,1936,535,686,288,5616,536,845,508,1032,577,1460,293,3515,368,566,5149,798,612,518,483,192,1293,188,433,1860,669,266,3866,789,8069,786,697,374,2570,958,411,3426,18040,359,1187,397,3572,216,1090,4375,1283,1617,328,280,647,2379,673,940,355,6456,1317,1549,2089,1025,927,653,343,309,1291,702
2087,3,1725,1636,697,3828,5296,227,1134,341,669,703,243,4937,719,500,824,207,340,2034,1073,651,473,408,908,899,713,1631,236,451,296,297,478,354,341,945,526,392,2163,1508,207,444,313,950,1279,2847,741,272,1673,1801,563,374,1612,497,237,276,246,620,247,877,994,2762,308,1431,7871,3759,284,290,436,2580,13841,184,497,3200,950,374,2922,502,5218,414,249,839,990,887,480,6799,10884,350,1247,698,2331,264,506,1410,1390,712,410,415,536,5743,868,504,511,9702,695,872,1148,582,614,1399,580,260,485,503
2087,4,504,1331,313,1037,1610,221,590,279,459,299,232,2107,792,283,226,170,273,826,628,425,198,320,1147,679,835,436,196,271,198,224,707,291,383,316,188,311,325,516,179,258,280,511,598,1142,234,224,720,955,208,316,728,302,230,201,214,358,239,696,711,3560,188,651,2180,1093,267,207,220,738,3112,221,230,2391,327,252,614,298,2450,360,246,569,357,453,469,2836,2894,221,1285,676,754,731,316,767,734,390,883,217,354,2463,390,342,298,5342,434,441,530,291,413,592,1153,282,311,468
2087,5,298,249,359,449,479,189,315,225,263,221,186,785,247,284,189,167,191,278,309,250,186,204,502,238,332,1481,189,319,186,195,267,209,339,220,189,227,260,266,184,211,220,213,487,428,202,216,286,389,184,215,403,241,196,210,195,280,253,345,276,469,178,312,522,455,198,190,228,243,549,192,218,663,260,196,315,254,585,234,215,275,243,283,359,2089,635,196,505,700,361,205,228,311,298,302,306,193,369,799,235,248,348,907,344,312,365,265,289,258,239,241,240,276
2087,6,247,204,258,303,343,186,245,190,200,195,212,308,270,194,177,165,174,232,229,222,184,228,290,194,196,316,240,247,214,198,437,358,248,193,210,202,200,244,186,220,197,228,218,339,196,191,220,275,196,186,261,233,203,182,181,199,188,298,198,708,283,319,284,356,185,186,321,205,267,193,197,259,203,289,264,244,419,220,196,335,224,251,201,503,310,184,301,472,234,183,293,238,228,216,195,213,206,311,209,230,398,326,233,221,234,220,260,215,217,247,305,222
2087,7,524,453,718,301,520,495,282,325,371,337,204,783,527,303,290,197,351,323,359,324,337,223,365,527,308,648,220,585,244,573,2158,243,349,204,706,292,343,419,268,400,303,362,378,457,325,478,308,752,392,461,326,612,414,434,359,301,1438,343,412,523,255,449,467,229,994,332,403,407,442,325,422,400,263,351,512,265,495,406,311,333,366,819,429,319,483,521,1382,288,491,275,396,270,347,365,219,235,389,296,410,487,626,629,499,783,361,667,356,491,372,472,1259,289
2087,8,1000,423,1024,620,692,427,533,418,2780,494,606,519,675,660,724,266,378,316,549,288,920,198,438,954,527,614,359,589,795,620,2591,530,517,704,705,314,485,934,394,710,310,485,336,1035,584,445,1099,882,393,706,884,449,437,274,695,324,1815,721,372,701,222,516,297,297,2034,227,689,2661,478,849,431,445,217,393,1027,494,1045,301,470,922,684,1570,518,349,1086,1110,603,232,433,554,947,757,596,409,278,317,226,319,397,519,749,533,1086,1018,1750,1951,528,1063,918,327,1248,339
2087,9,1376,390,1443,540,543,324,226,388,3937,1145,184,877,493,335,734,225,340,3821,280,249,334,219,280,296,289,396,218,316,311,386,788,377,264,433,849,364,349,351,1776,589,250,264,368,619,418,586,700,760,309,352,440,202,422,266,366,207,456,789,306,1428,267,249,189,535,743,306,368,1374,776,2200,454,2027,452,423,2179,771,485,215,536,598,290,1488,424,225,617,374,584,233,348,338,879,1104,425,357,217,1032,188,286,242,1090,362,231,428,595,743,400,205,387,588,343,492,211
2087,10,2248,217,703,2317,205,826,180,269,367,1341,562,887,190,197,937,220,739,508,348,9484,338,314,380,595,188,220,502,247,341,206,940,475,532,204,355,183,258,247,1253,512,175,617,2538,223,183,235,267,490,1155,415,537,183,2121,201,361,205,1347,208,1777,639,419,365,186,341,218,203,319,218,223,304,988,280,345,407,2355,394,811,239,217,596,518,508,1065,497,864,323,424,1046,989,240,602,450,338,634,239,1193,254,675,198,540,428,298,366,212,943,829,458,302,202,173,242,252
2087,11,2278,408,1052,478,193,272,178,331,500,452,645,901,235,185,224,181,417,483,546,2764,299,195,529,196,186,209,243,336,215,323,674,231,296,645,854,176,682,413,409,471,173,657,372,514,286,500,242,1315,239,300,1486,181,676,336,377,203,1827,428,2172,675,817,450,182,306,249,273,208,367,297,328,977,226,219,340,2058,488,927,359,487,796,225,455,1409,1643,1672,236,302,370,381,189,747,410,329,606,782,645,514,460,238,2373,522,1143,579,306,527,240,605,1155,691,882,375,325
2087,12,975,370,4765,517,335,273,217,432,1104,383,1856,264,805,214,590,272,296,579,451,673,495,277,290,186,197,248,2731,1013,272,539,9848,468,336,2844,1485,851,5486,353,299,310,182,751,489,675,197,296,225,1504,226,3107,2275,3332,460,675,187,180,1315,992,1135,444,796,530,2584,185,296,1117,180,219,402,953,1986,5339,233,281,959,286,336,326,269,289,340,447,1283,2131,850,367,218,571,207,738,1349,263,262,1575,249,406,428,249,178,1018,423,664,244,3210,624,204,203,303,1109,309,2272,470
2088,1,901,1691,2690,1833,331,284,896,701,534,4901,2009,249,844,1414,373,568,1577,802,2679,787,423,277,1434,315,436,393,799,560,189,266,6859,457,677,1974,602,262,1744,336,1168,285,199,968,653,1108,185,267,517,810,474,585,2725,3586,274,1151,265,1081,922,1220,2861,1080,988,216,889,1006,631,736,210,223,210,3165,1296,4149,360,251,1209,534,330,2017,566,655,528,262,1247,3009,577,775,221,608,203,220,603,395,214,349,1088,4519,291,666,209,1718,667,1535,601,1324,715,487,333,653,471,604,7022,2943
2088,2,1354,1701,1287,1693,408,202,817,248,525,1944,1178,245,2890,312,438,463,954,861,2613,642,251,184,378,222,226,220,629,696,412,1257,4226,565,605,2301,508,542,4944,519,1101,311,188,999,1157,1000,512,1274,316,697,553,844,2308,2702,409,379,340,848,1742,388,4179,2341,935,283,885,408,610,339,251,518,722,581,2663,3389,826,491,1585,831,730,1245,553,336,973,954,793,2584,483,273,903,270,373,265,751,1076,211,819,562,4561,301,946,183,1454,815,1590,917,921,441,302,209,1368,1365,1040,10952,4484
2088,3,1408,1436,714,810,443,236,303,219,490,1229,750,213,799,222,360,301,397,429,951,419,302,267,251,323,913,188,388,955,320,376,2887,401,1411,2898,493,1488,4799,1564,2985,272,177,475,1447,439,198,1680,1587,478,323,827,2531,3395,232,309,184,642,1002,433,981,934,404,762,2608,272,823,1145,497,2949,302,368,5748,1629,1533,1951,1001,403,481,1240,448,405,1719,586,420,2045,511,339,1267,236,574,331,423,294,192,1563,643,1510,1646,373,171,898,447,1540,270,1370,388,226,342,762,1459,842,6861,5194
2088,4,383,602,418,420,250,193,234,199,288,701,425,221,715,209,309,208,297,276,489,309,211,231,219,247,801,182,332,822,192,844,815,308,384,801,323,341,3349,2035,1112,195,182,338,393,265,176,408,1879,310,352,424,1697,3490,209,227,178,254,398,247,525,533,317,639,2372,219,411,299,188,471,358,321,1254,992,1482,316,358,358,1011,906,339,233,465,291,288,1229,277,261,327,239,215,197,276,308,184,1604,334,608,405,240,170,846,471,661,231,617,266,205,707,363,1224,730,2823,1953
2088,5,277,299,262,297,210,179,214,189,221,342,261,239,313,193,195,181,224,223,321,238,184,206,194,221,216,177,230,259,258,408,348,229,727,407,232,236,579,379,318,187,164,230,261,213,175,244,388,226,219,257,362,443,189,195,187,205,267,205,308,264,221,225,457,191,260,252,176,299,192,261,447,530,661,238,268,260,266,521,232,217,314,241,231,506,220,193,238,200,228,186,229,213,184,417,292,299,256,228,169,346,356,338,211,323,239,188,545,254,438,376,1057,484
2088,6,223,222,206,262,203,187,194,190,195,230,220,272,272,312,194,173,210,695,217,199,313,172,228,212,213,179,309,272,212,244,231,299,324,287,240,196,287,243,240,234,179,207,302,211,177,237,262,195,193,206,362,880,290,184,248,200,227,201,274,240,207,192,279,196,227,222,187,314,184,206,357,245,315,230,217,210,223,305,195,206,213,199,241,302,215,185,198,199,934,231,214,187,184,263,258,260,222,266,184,334,198,286,199,239,202,181,247,231,403,239,385,392
2088,7,339,502,567,285,375,354,426,368,373,605,379,387,733,263,499,513,363,880,379,350,487,249,391,312,395,209,487,324,283,440,602,289,422,773,740,284,273,416,406,365,354,347,361,329,521,491,273,378,588,533,553,805,324,330,249,286,626,269,349,311,337,330,232,279,247,415,289,687,503,355,448,354,298,347,360,271,614,303,625,270,326,757,281,665,488,462,464,550,259,381,287,330,338,330,541,447,242,957,261,519,249,452,312,399,669,330,543,216,478,619,604,275
2088,8,557,535,373,340,297,319,877,275,486,394,1001,485,1275,721,330,662,466,1073,380,319,267,267,546,422,404,326,329,373,487,1469,501,870,634,1641,1868,307,235,540,691,529,433,274,446,709,651,458,669,1172,646,554,499,1144,605,396,380,2529,843,553,285,501,604,383,414,361,273,390,726,3634,1952,1033,430,718,305,365,710,749,437,909,3463,865,369,981,390,663,826,694,1075,1134,541,840,542,444,430,531,554,788,482,501,411,705,347,563,1102,581,1045,380,735,269,386,1586,900,583
2088,9,419,438,601,521,274,202,465,331,198,192,373,704,975,631,352,310,204,377,317,242,178,642,309,463,226,243,559,324,186,583,465,667,261,590,585,795,187,749,969,772,246,192,343,507,291,234,427,482,225,315,212,404,532,293,441,1081,343,243,262,1292,463,191,236,438,195,244,295,1039,1289,287,305,442,181,416,576,428,226,984,439,494,2086,288,286,437,248,239,276,767,458,256,248,1481,231,236,252,725,242,223,745,470,384,323,1054,643,773,242,455,401,405,384,1068,212
2088,10,188,292,712,194,632,961,1744,174,330,185,1131,1477,998,917,204,637,220,264,797,198,308,796,564,1069,280,204,663,179,2121,362,229,804,385,293,642,763,446,347,417,882,262,225,482,408,175,202,195,456,218,696,216,212,331,199,555,676,269,183,814,360,565,176,187,207,180,318,178,319,1773,268,885,669,385,511,966,368,202,211,270,285,823,193,193,241,472,342,701,203,5823,187,341,788,209,180,2600,545,276,188,179,232,206,200,736,295,206,294,493,221,271,246,669,573
2088,11,219,203,595,255,327,559,352,206,267,906,449,6969,5106,369,190,444,826,210,375,245,730,220,334,1021,205,323,252,320,605,453,244,808,215,1280,1705,569,1446,194,457,380,264,647,1293,724,397,656,605,191,289,945,271,189,449,223,403,299,307,501,478,358,544,337,211,179,181,551,738,567,770,313,367,753,505,1164,225,1972,381,219,333,1220,396,879,324,347,514,718,920,456,354,176,178,584,541,402,758,223,2157,2049,176,623,263,202,316,2997,394,236,300,285,198,191,235,1778
2088,12,319,648,5956,1260,296,3383,450,463,185,1155,1716,5036,538,432,218,223,912,914,210,949,1515,577,1031,1139,318,221,200,830,334,722,186,299,181,1478,559,468,1156,1620,243,1996,159,405,240,349,290,218,333,1071,178,5217,295,200,261,197,271,1532,642,206,1945,1012,221,1238,658,195,173,286,1838,234,437,267,1074,1109,1641,864,448,2589,2300,223,491,633,867,3275,322,221,569,215,316,1418,648,186,1378,404,179,260,306,711,1748,3000,360,212,503,299,1230,1424,1505,287,515,634,507,710,250,284
2089,1,190,298,6565,796,838,11276,3495,531,214,352,8612,3401,951,1096,225,198,489,468,676,1248,817,1294,706,3763,185,350,203,430,569,967,321,1661,182,1235,551,346,852,1197,1501,759,487,274,632,1049,1430,317,1332,439,563,6968,2045,197,246,613,205,1307,499,852,409,2570,727,889,2045,270,172,1546,1067,2085,443,216,496,575,757,1098,276,6608,426,3093,237,425,493,4193,903,2392,587,785,260,851,388,2352,350,442,2031,845,434,1030,449,3892,571,452,1603,203,977,2834,738,472,1520,431,415,1382,560,387
2089,2,287,223,15141,1239,572,4128,1203,651,184,1133,5379,1727,2546,290,439,380,256,316,477,581,2413,619,306,10249,765,377,327,780,1680,1360,901,963,194,863,1401,459,1015,829,846,1032,294,563,396,828,324,196,459,588,246,8514,370,1010,203,861,231,2054,775,1016,740,1573,642,1521,875,188,184,814,898,523,851,372,464,787,467,813,259,3848,511,658,265,955,419,3995,1361,1180,2227,939,457,734,602,632,364,754,1442,609,1654,635,1640,14703,302,588,407,528,1691,1768,928,590,542,559,290,1957,3363,547
2089,3,485,259,6729,2570,810,1358,753,328,172,2209,3626,1542,3149,325,449,380,262,1073,282,782,839,437,248,17420,1385,195,518,465,661,726,1511,814,233,485,2057,291,911,643,555,613,1059,791,435,793,389,191,263,376,303,7377,437,290,202,230,559,1174,1162,334,747,5290,457,2483,902,169,211,460,705,549,393,350,1622,664,410,763,216,1002,406,640,238,851,276,2895,600,6443,779,2309,1028,471,634,657,234,509,695,1139,1213,398,6891,10115,242,729,309,631,1534,1429,1440,218,3304,433,368,1225,5868,558
2089,4,189,210,7068,850,325,804,348,286,183,645,878,1019,1086,212,291,250,209,439,212,415,668,466,212,10106,324,407,717,325,504,521,636,514,720,416,636,759,1048,334,456,440,436,473,269,288,351,188,252,250,191,3022,392,198,185,200,216,423,584,248,315,6220,228,1212,518,170,219,725,673,405,270,211,816,411,411,394,194,420,284,438,208,372,311,1830,369,2048,388,1302,547,352,304,339,216,343,367,489,608,300,6075,3679,253,285,247,430,974,842,1120,199,2245,251,806,769,3128,254
2089,5,179,216,1006,341,230,466,251,196,169,432,355,365,488,219,198,196,196,244,192,235,342,280,191,969,208,199,199,214,390,285,325,580,301,267,776,229,392,247,231,272,224,225,212,249,205,189,199,200,204,621,234,186,179,199,237,292,236,202,242,438,241,386,283,167,165,273,311,345,354,187,293,251,249,265,185,331,224,243,190,334,209,513,311,566,263,374,326,263,233,231,206,224,270,254,354,212,635,4133,186,215,210,205,364,718,449,186,791,268,476,659,811,218
2089,6,178,250,401,416,210,255,226,286,168,257,241,275,268,192,286,241,184,200,193,197,223,201,245,306,190,203,211,234,232,231,209,221,184,403,316,234,352,251,210,214,250,227,211,771,211,303,186,189,352,516,535,181,176,206,190,210,202,214,198,269,212,248,216,212,231,208,242,202,221,198,214,207,194,208,195,233,191,248,189,275,269,382,280,286,476,236,217,220,221,194,247,193,202,417,241,212,301,761,312,193,194,221,277,255,241,179,430,202,260,759,412,191
2089,7,485,344,316,512,264,422,512,439,302,369,322,497,703,234,475,239,290,365,317,334,1517,217,467,875,353,670,1650,287,451,433,397,380,330,353,785,420,437,358,430,325,619,293,363,606,273,385,374,316,425,779,412,253,281,235,321,476,390,448,391,271,356,494,273,481,557,220,471,895,386,329,342,381,277,546,452,246,221,231,359,246,380,407,367,496,817,271,328,819,357,456,609,335,320,377,254,1055,379,431,482,587,437,314,362,415,388,301,631,434,349,428,677,418
2089,8,267,289,249,699,267,324,501,271,262,698,636,551,1030,391,482,431,782,319,384,1342,899,307,624,890,253,629,448,318,1275,922,534,836,422,1005,1179,283,570,291,553,570,558,257,641,324,273,1215,580,536,429,953,1664,461,260,227,415,1547,822,991,475,1271,264,541,1229,747,510,397,1193,2060,546,676,303,921,275,542,782,643,369,224,309,342,298,337,416,660,715,356,516,948,365,626,303,629,323,437,453,863,561,316,805,354,650,239,987,678,996,567,451,444,666,576,416,632
2089,9,406,883,195,918,439,234,341,264,165,1392,385,288,895,233,292,343,696,756,340,446,689,277,422,372,226,260,319,289,676,1130,204,974,194,716,599,321,291,262,788,259,256,222,612,196,409,450,499,619,1711,396,1623,233,238,228,206,1606,344,456,820,479,350,203,436,838,235,213,2870,848,339,579,384,915,240,276,1783,824,735,1587,178,182,463,201,622,227,350,427,441,284,446,488,306,398,232,324,314,482,345,199,305,360,493,215,289,779,830,383,214,333,359,306,801,824
2089,10,465,1109,247,1605,1442,179,487,180,234,807,484,329,262,176,177,220,1202,915,346,229,298,239,1262,1126,202,741,213,383,301,200,2198,358,301,350,390,185,401,236,620,181,499,188,187,203,746,433,330,1041,437,276,875,200,377,441,457,1577,187,283,1909,1154,222,222,721,300,477,178,951,235,377,240,292,316,209,248,444,474,436,327,174,341,699,183,276,252,1508,1291,216,268,893,286,388,192,191,293,387,1244,512,182,286,206,188,262,324,274,772,179,189,220,257,234,342,327
2089,11,280,980,280,465,525,258,186,349,853,1111,439,220,1316,198,335,195,432,1153,593,491,192,253,465,697,417,272,198,236,261,486,1330,445,169,573,1122,203,218,328,1455,275,347,652,187,198,296,299,219,691,746,431,775,173,224,298,175,1368,405,462,263,2273,880,374,224,456,345,175,3607,328,848,298,405,673,452,316,471,411,1673,419,183,828,1626,475,272,254,419,934,514,666,463,182,1953,380,175,213,379,1073,268,480,179,228,305,177,356,292,600,206,419,281,397,764,685,316
2089,12,205,324,184,399,2557,491,679,221,332,520,333,632,2365,185,183,189,312,1060,2706,741,195,779,448,293,220,508,657,229,198,1373,448,351,167,399,1595,1731,525,363,266,189,997,226,235,592,708,224,312,640,269,462,303,193,423,351,199,812,516,302,357,405,660,490,257,205,285,207,1534,207,400,334,324,217,1052,307,249,1328,709,304,261,537,884,387,1813,297,1021,312,329,770,360,181,494,325,610,430,558,409,874,1106,448,494,1295,208,189,315,689,178,216,660,789,250,729,1449
2090,1,226,276,444,311,11255,1532,761,390,1030,337,489,372,2233,2775,187,366,637,537,5310,840,209,1553,939,431,267,2724,1438,581,842,1045,382,887,168,239,984,1421,206,321,363,312,3545,295,3322,761,268,273,555,2087,295,331,464,753,204,194,371,612,308,245,312,518,468,418,734,7942,1456,741,1189,266,245,1059,1333,9650,1338,333,250,294,2485,331,1303,8084,4575,596,879,999,1665,601,240,2568,2939,461,1068,896,1251,537,1033,507,611,971,746,266,1231,2969,279,240,6969,641,362,1148,2753,488,722,2765
2090,2,408,558,546,265,13875,330,269,1193,803,537,691,219,3599,717,348,519,1238,1020,1569,894,969,751,318,816,429,4619,371,644,356,389,489,413,359,288,1701,2507,280,833,307,665,941,248,637,891,625,196,974,658,255,300,310,341,179,192,195,517,1130,515,314,2747,255,517,943,2352,296,2646,637,199,273,503,601,2543,422,376,239,1000,2715,1384,1872,6480,7860,1203,1226,1798,3444,669,2014,7359,993,649,1173,487,671,514,1495,867,565,1037,982,500,1146,4677,290,372,14341,237,1415,721,6385,442,374,2871
2090,3,184,1066,387,312,8603,469,360,436,1326,596,304,556,4879,3461,299,244,819,515,880,2241,1758,2068,399,1975,210,1295,356,280,253,406,692,1316,281,640,693,996,2785,579,304,196,637,192,619,316,328,185,888,739,206,303,628,210,1452,688,186,2440,1763,789,722,1408,283,506,415,2807,389,310,418,187,236,316,552,3547,476,340,201,1030,1993,383,613,12544,4806,572,1602,723,4977,1021,704,15838,522,378,1064,628,301,1189,1378,797,304,4130,465,2872,884,7106,579,543,5221,192,825,981,11109,1191,1018,1797
2090,4,176,384,198,284,3008,269,290,363,765,307,341,224,8978,1469,171,183,315,330,430,841,423,1216,300,780,203,786,285,409,264,315,404,456,231,467,358,436,335,455,206,188,402,182,327,238,260,181,414,424,192,211,334,185,312,239,194,802,525,285,249,394,223,214,269,2063,229,266,314,210,236,280,428,2654,275,284,189,430,759,239,483,6172,1721,296,1004,423,1787,456,805,2951,391,215,382,327,317,519,825,429,246,1405,351,997,549,3250,279,221,1548,195,691,606,1779,544,425,972
2090,5,176,239,185,197,624,205,194,256,267,221,201,191,1347,385,167,173,234,232,318,298,287,392,276,361,207,421,255,247,246,222,244,263,244,225,267,302,323,210,191,243,253,177,245,199,209,178,251,253,210,188,259,209,215,184,164,313,265,207,208,267,188,283,213,660,200,696,243,178,237,217,240,502,220,212,182,269,378,204,282,1030,520,225,428,271,559,282,972,750,273,192,365,211,253,380,338,255,518,575,235,363,311,823,309,260,623,230,281,295,903,611,1910,560
2090,6,181,416,180,186,352,302,229,196,220,190,219,182,423,240,401,188,202,200,218,231,305,253,219,223,204,258,484,242,198,261,197,208,242,211,550,231,321,198,195,179,218,216,198,189,214,215,204,213,182,240,189,188,184,178,162,238,218,188,250,228,386,212,190,312,184,248,206,176,180,204,228,276,281,203,181,210,258,218,213,430,354,304,257,204,514,238,1167,303,366,186,227,195,191,209,230,205,251,340,195,273,240,338,278,195,419,198,459,245,296,324,351,257
2090,7,692,271,271,502,422,353,641,330,450,319,262,354,543,321,577,353,357,340,407,351,252,253,201,396,467,335,421,566,402,440,302,380,294,234,1202,318,326,323,413,377,368,216,527,376,408,465,228,432,283,224,601,300,340,296,232,373,469,667,290,234,406,576,287,318,238,606,389,730,893,300,470,348,394,460,435,388,551,1256,286,413,484,354,384,365,406,267,3116,362,570,491,633,348,587,279,397,469,210,322,225,359,361,303,465,502,1282,584,291,343,331,412,483,512
2090,8,585,252,364,358,349,673,469,681,395,375,454,309,722,411,335,667,370,357,334,3115,392,284,300,508,517,538,644,332,798,644,1556,1254,383,587,1174,483,1063,715,444,2476,286,204,559,247,625,402,708,991,743,417,977,458,344,304,298,300,611,520,364,215,368,625,225,242,206,620,871,1660,1478,468,377,360,461,647,434,868,1049,647,614,417,406,865,645,1219,576,560,5598,488,574,770,947,429,548,465,392,388,255,620,210,537,607,364,391,1570,854,1496,747,1929,576,1312,378,390
2090,9,525,458,269,213,261,402,672,393,350,345,646,282,934,240,454,361,227,191,225,1774,323,297,277,246,515,505,429,363,718,707,982,849,236,694,400,262,523,948,347,399,276,372,535,213,202,175,242,1715,259,307,315,254,470,254,182,594,439,256,704,335,368,443,393,190,256,637,3451,638,585,549,384,314,321,478,1202,806,559,319,1308,222,196,1831,467,1009,1185,269,4973,383,601,4734,1134,339,667,266,688,253,496,241,188,945,426,227,1817,659,306,727,643,1196,643,463,424,394
2090,10,191,395,204,497,516,230,472,407,720,194,292,217,226,181,585,480,181,489,448,259,377,565,205,617,376,580,234,270,226,414,10770,835,158,417,405,495,190,3625,463,280,1075,226,258,317,178,246,569,377,958,217,646,181,1491,3316,252,619,1855,993,340,495,431,200,323,188,176,598,256,327,519,306,255,187,1437,315,3251,335,324,298,535,299,329,244,513,282,201,218,378,675,293,8463,236,222,289,273,341,273,325,919,281,456,269,193,1233,2427,193,486,246,248,385,509,393,443
2090,11,175,2139,175,643,682,233,262,385,1000,248,327,1955,215,231,194,278,238,532,629,885,289,183,337,506,181,361,560,224,302,777,746,361,300,386,917,2190,235,1737,397,361,310,549,283,354,210,174,432,227,623,461,342,169,789,370,2249,330,988,270,1363,192,1567,463,187,234,179,669,257,333,441,179,2649,190,287,324,984,550,1383,207,776,455,1116,262,377,329,493,293,480,434,220,1451,214,258,467,295,778,285,567,246,368,528,182,193,485,431,187,204,1100,294,1053,1381,519,225
2090,12,488,562,1209,217,349,213,254,547,473,591,1132,1218,302,435,180,1603,256,1247,632,867,225,366,1332,360,421,393,670,410,191,770,3238,704,945,765,257,917,888,685,383,390,215,177,186,203,230,1261,345,219,334,233,231,179,472,512,291,278,1346,1638,502,519,1308,276,337,274,185,620,201,557,207,1240,295,3128,234,1134,456,798,3806,303,2319,1341,2036,198,711,418,1208,299,296,198,482,704,3165,836,502,1158,1349,1864,884,220,235,261,180,190,354,312,675,255,1799,334,331,333,206,1856
2091,1,434,1511,2134,917,5642,188,291,561,735,831,364,830,202,523,217,319,585,1370,1192,847,193,211,2037,419,340,1522,1156,587,201,671,2970,1211,757,332,283,352,556,5931,241,1389,482,980,220,278,188,729,1020,206,1190,611,439,203,965,928,360,452,1874,1630,971,1513,348,462,1339,534,343,363,203,422,243,524,570,841,228,331,917,754,1349,349,13707,1860,6151,214,292,1784,1231,272,345,228,473,688,2140,249,1012,2408,937,1500,1420,261,462,212,1079,184,736,381,1588,343,1611,237,690,285,276,1821
2091,2,831,2229,8176,1217,2352,210,246,1232,486,410,400,1000,357,1671,269,357,195,1769,550,1296,516,239,738,3283,217,2963,958,297,316,1190,1709,1981,908,1042,626,480,1685,5765,329,558,462,347,234,520,650,271,843,676,493,524,326,165,722,580,279,363,974,606,651,1491,1486,264,362,244,569,633,281,306,204,661,701,484,327,611,775,1490,4885,241,9001,666,5136,191,620,477,1259,265,511,221,462,870,3819,858,803,848,605,1146,576,242,250,548,319,221,737,470,1111,850,3095,1186,438,379,357,1063
2091,3,296,1688,4915,370,2373,1276,484,1281,1447,231,240,1670,4352,940,449,412,187,2403,1541,3722,888,277,1829,2373,195,2474,1652,220,306,1954,926,8419,322,1387,1884,1611,1786,1530,308,1089,318,310,261,496,353,235,506,368,589,914,692,163,599,330,250,365,646,831,527,407,1038,199,258,201,239,717,189,299,237,336,1574,594,213,282,578,847,4361,1138,2561,648,5304,188,591,736,1409,1589,952,203,257,987,2627,298,684,544,888,737,504,725,208,635,822,807,1389,438,483,576,4058,1375,614,463,454,5363
2091,4,278,672,2843,288,1224,248,199,374,466,209,219,719,1386,310,237,221,186,3251,599,971,533,207,541,1772,185,1211,828,194,392,1858,381,4712,222,410,536,765,527,452,293,437,204,213,274,199,292,206,361,202,270,305,253,162,330,301,214,202,358,407,357,342,630,189,221,182,185,364,186,349,243,372,434,396,250,232,363,573,947,545,782,549,4163,183,553,362,566,358,491,289,251,417,757,305,291,565,424,363,347,220,203,228,370,308,620,265,420,429,1644,471,288,271,307,1600
2091,5,445,301,962,209,353,224,183,258,264,189,195,325,401,229,172,196,178,543,557,319,205,227,285,776,175,337,302,184,190,399,314,705,211,281,258,290,410,297,187,297,187,362,216,278,204,190,220,189,215,204,206,160,254,214,487,187,241,268,287,241,292,232,200,178,179,234,204,195,185,230,279,344,202,197,247,321,434,214,1935,285,887,181,236,232,333,227,252,253,209,277,407,236,234,294,255,259,243,196,195,204,218,197,281,437,289,212,1131,260,243,410,234,513
2091,6,184,232,329,189,271,204,235,206,209,190,184,315,270,206,183,203,180,273,253,242,203,205,550,297,173,232,408,191,289,242,254,374,220,254,247,223,242,257,248,207,184,218,175,226,182,184,192,193,190,186,639,167,198,194,539,184,201,211,203,197,214,233,207,236,199,216,177,187,395,215,245,212,194,201,201,263,253,193,531,263,385,192,215,198,241,215,385,179,186,232,252,196,198,217,204,205,216,194,239,204,196,194,241,234,458,231,463,294,193,246,187,258
2091,7,672,602,395,391,349,279,379,447,259,1122,944,401,408,321,429,456,281,319,277,341,206,234,398,355,244,423,480,479,305,419,335,712,332,258,382,372,340,623,554,393,433,363,396,288,298,437,287,623,276,480,846,258,630,307,293,341,381,268,320,448,414,268,305,388,578,287,521,440,845,467,419,407,375,301,890,568,426,287,709,261,249,236,375,220,414,334,551,295,309,321,216,290,315,314,223,332,232,296,755,458,453,391,1286,474,755,262,855,372,342,359,279,314
2091,8,717,350,433,436,563,433,1531,869,280,648,474,502,1697,549,690,228,720,647,431,524,321,244,515,572,335,363,401,284,568,639,687,377,472,454,713,289,461,751,879,1702,312,1032,377,573,422,454,548,798,322,773,748,267,943,537,282,395,642,671,217,414,341,259,495,932,684,239,546,890,815,1140,702,537,216,675,1111,578,655,301,386,869,241,383,414,410,362,217,503,419,417,925,358,394,378,468,496,283,297,321,1186,293,835,432,2269,764,923,1158,543,545,2319,642,241,634
2091,9,344,716,417,280,399,211,418,362,261,358,495,360,295,353,318,241,836,954,1141,222,212,192,783,228,217,201,196,307,320,909,784,579,225,384,420,201,603,319,475,457,1994,498,988,208,288,452,706,3746,325,414,670,171,903,354,241,365,609,513,381,558,380,365,240,668,285,243,699,1210,322,1961,233,408,243,185,646,276,311,502,924,7126,220,463,224,403,850,179,384,287,297,813,252,1014,204,233,733,182,362,255,1040,241,449,296,400,606,524,378,633,298,300,1169,243,326
2091,10,410,320,241,288,449,668,190,247,198,615,458,336,730,221,234,182,200,780,393,187,240,284,540,470,193,180,396,290,176,232,506,609,196,1185,405,292,378,411,2656,3511,572,222,336,417,511,181,189,1452,283,395,345,153,464,187,535,221,201,413,347,858,2591,181,179,803,209,312,220,250,308,362,521,625,1312,250,1409,278,505,291,327,1319,287,258,220,199,218,248,195,175,843,904,277,205,211,191,492,681,2229,195,387,749,738,187,367,6178,285,199,800,326,602,205,181,432
2091,11,1143,247,312,175,692,330,415,182,196,196,346,296,226,198,290,175,187,539,385,177,279,212,6478,211,177,185,379,203,440,192,394,1373,302,850,185,420,392,199,459,559,503,226,404,332,310,303,564,540,570,690,648,233,247,204,497,410,188,1027,374,1667,2379,478,175,395,1595,179,382,1326,350,231,3574,947,285,401,631,337,232,453,210,305,459,221,411,444,1059,238,252,243,361,246,351,396,305,426,323,474,1386,217,263,665,373,350,305,594,527,252,406,183,754,582,183,315
2091,12,2155,576,1026,177,418,186,712,201,186,289,435,267,3925,364,199,192,261,299,436,178,180,225,497,830,164,1242,965,311,2040,719,687,264,5056,570,321,216,1086,266,363,3483,1018,552,225,215,329,458,5274,714,212,947,563,184,325,511,204,540,603,2375,1553,1329,294,430,174,426,269,178,523,514,844,4433,3075,234,495,364,331,479,273,267,4287,1183,350,519,258,215,335,260,321,176,323,346,787,189,948,251,279,241,259,1089,3546,225,507,332,2306,413,245,3000,224,193,8217,956,201,193
2092,1,935,657,399,172,237,202,2115,772,372,1501,389,294,1971,425,269,770,226,1306,1746,1118,264,759,1751,339,290,3365,445,853,6890,328,8845,479,564,343,226,931,415,219,288,3356,518,427,1028,332,1232,316,2508,736,193,1839,296,174,357,406,646,236,3672,674,340,1864,298,243,262,230,758,176,735,319,815,1281,1221,351,1533,304,239,1319,913,902,2359,1021,307,201,459,282,265,514,2742,175,247,355,740,552,395,489,2625,950,412,1320,627,300,1318,1061,3449,1231,231,911,983,195,4402,417,228,234
2092,2,1216,547,517,181,283,524,684,494,284,578,290,313,423,203,395,629,503,1581,666,1380,277,857,1609,398,216,2402,893,351,938,490,6302,315,508,268,739,238,744,962,393,2810,473,1109,939,913,764,245,3612,1211,500,2694,518,1494,419,411,580,347,5279,974,1045,1011,525,541,387,1034,356,547,255,706,2135,1007,1702,274,3171,333,246,351,486,815,2574,1031,247,193,244,376,241,379,1219,192,308,369,361,1769,239,479,4075,1516,615,719,1172,251,801,932,2271,3951,900,1285,523,224,3966,520,1063,497
2092,3,854,1847,872,211,422,1353,1410,1836,511,935,256,350,1242,277,580,454,464,1175,3329,566,239,353,4524,1165,192,2014,315,455,836,375,4536,675,793,385,761,218,548,1592,1206,865,581,352,726,417,966,2254,2858,514,230,1742,302,213,203,250,443,1569,1938,545,318,562,524,240,678,741,288,887,270,347,3039,621,3635,413,5958,2356,346,264,1194,2245,1864,973,728,183,291,188,237,429,1636,230,201,320,317,433,302,1490,3974,1377,368,1399,2264,229,763,459,1455,3779,306,883,1294,333,3136,590,413,274
2092,4,518,363,471,179,236,304,412,394,263,292,229,193,1027,183,234,204,236,874,1878,256,179,225,4369,267,176,765,239,235,453,344,1861,298,431,264,296,254,297,722,550,509,376,230,664,212,479,393,1024,320,194,2273,405,194,201,198,220,377,514,342,249,440,270,195,263,297,788,255,277,402,1591,608,1157,230,1647,328,210,303,363,1055,1112,382,222,179,209,183,206,410,2008,163,250,209,210,325,200,402,1194,503,233,1512,1029,325,441,264,553,2374,234,652,687,267,5581,928,243,189
2092,5,407,257,243,168,196,240,259,287,189,230,188,182,301,177,195,219,187,305,424,203,174,195,806,215,163,361,640,193,319,198,460,305,262,223,333,208,227,301,239,289,228,202,241,208,254,214,374,242,216,454,198,186,264,205,192,226,304,244,211,273,235,181,191,236,232,193,236,213,376,301,433,239,696,242,194,221,260,466,475,334,191,176,228,178,194,563,640,162,270,190,235,212,186,217,362,290,231,356,404,291,271,219,368,529,403,336,316,187,1174,309,230,262
2092,6,285,213,239,206,205,189,261,202,176,273,238,182,333,181,177,182,181,233,256,186,192,218,370,191,163,237,651,698,242,202,309,398,238,192,219,292,214,221,219,233,216,200,203,183,277,198,260,241,189,259,227,175,181,178,190,202,220,214,200,254,280,390,351,196,197,185,410,193,239,216,282,231,300,245,232,186,329,242,244,229,226,211,178,208,181,272,270,160,255,210,219,193,186,197,252,228,205,360,261,186,275,198,251,276,201,774,396,185,339,234,228,188
2092,7,570,329,406,386,512,339,704,458,280,511,293,254,1188,210,540,222,232,302,487,458,304,294,453,309,346,641,336,1099,892,698,341,522,479,377,384,516,375,427,386,623,340,362,486,243,255,397,457,253,305,310,642,362,522,244,337,324,473,305,230,359,326,583,377,548,293,651,1305,657,438,635,450,476,361,329,381,368,389,362,283,346,372,500,438,392,366,259,412,330,816,537,311,301,291,283,255,399,213,423,498,338,561,299,733,398,313,636,320,295,420,322,769,437
2092,8,661,631,466,351,355,300,897,527,714,518,1440,427,1086,313,1223,706,757,355,373,434,483,478,445,611,738,806,374,1426,1018,1305,1146,891,520,779,620,641,253,408,1053,743,286,290,986,322,335,852,314,361,379,485,662,359,561,230,292,652,786,373,198,633,263,1004,760,591,483,786,1600,1783,668,722,695,995,326,296,484,444,552,1394,602,505,698,428,913,600,329,485,479,590,845,1125,894,1947,305,496,298,319,760,2408,1011,605,863,321,844,867,352,786,528,893,2281,547,887,762
2092,9,6847,679,581,627,320,406,2573,527,407,269,358,213,1230,174,910,253,329,750,227,330,224,267,240,762,720,302,295,1188,216,913,739,413,247,601,991,704,297,360,236,619,192,280,1144,313,400,830,224,224,401,817,708,331,478,264,189,965,469,240,209,555,431,786,727,449,408,237,610,704,447,1579,358,524,265,275,817,355,251,1047,332,3789,494,182,1030,439,300,524,347,285,603,593,361,1435,277,202,414,438,328,869,589,569,850,290,341,338,360,370,220,562,1019,354,1308,736
2092,10,522,636,665,882,314,310,284,447,432,454,243,374,501,210,362,181,200,933,184,538,208,744,3033,1434,180,187,184,481,593,351,359,441,327,329,228,194,187,240,694,342,185,279,796,205,231,267,257,413,379,205,336,174,260,2069,1630,463,323,179,182,878,944,207,1936,344,215,241,378,510,294,243,334,7367,493,390,283,402,298,508,214,734,259,520,882,582,183,440,243,396,569,645,2550,512,457,737,211,651,1471,354,632,204,745,263,293,222,305,303,403,914,217,193,349,511
2092,11,748,502,418,2422,260,267,266,1192,1010,1392,489,258,612,170,745,182,320,504,352,1334,173,3598,774,1024,899,257,178,868,400,316,523,216,242,219,187,202,258,279,558,1274,235,316,444,249,185,234,546,180,423,321,194,188,2575,1294,586,1225,1129,340,278,376,257,187,1694,411,177,415,254,329,337,199,604,699,289,287,457,338,350,268,183,413,511,274,353,966,203,600,750,606,277,1049,1022,764,561,309,236,271,296,384,635,526,360,182,242,320,522,1073,468,555,515,302,1734,223
2092,12,3225,654,683,296,242,338,444,308,257,1635,461,305,1183,1177,293,186,322,831,868,282,162,372,377,550,350,208,175,791,268,330,1545,200,305,552,605,925,353,397,245,336,178,329,1458,176,399,376,253,243,318,485,390,177,671,320,241,1010,254,577,217,837,311,1753,5198,522,177,574,690,524,204,322,315,1324,437,414,235,732,190,420,181,475,415,1162,356,373,344,268,1000,644,215,387,324,316,222,197,275,280,4957,319,1154,189,724,216,808,418,273,286,689,238,2099,447,318,300
2093,1,1815,532,900,1044,1754,943,1245,518,437,1552,570,452,2332,464,288,203,465,1595,1053,1493,205,964,2882,298,629,178,197,2542,232,231,2092,1265,238,712,931,879,1595,1109,402,1960,272,455,2326,1085,807,281,11822,355,760,324,732,322,720,306,308,7008,1122,762,202,1082,12344,1548,34935,576,272,919,311,295,495,1142,435,1678,211,3050,268,897,555,3897,177,285,1254,757,533,631,230,295,3370,773,1127,568,867,1493,201,672,427,1545,1044,538,391,232,1560,204,637,208,1280,295,1415,229,2187,1815,5612,201
2093,2,2303,654,528,1405,1411,1480,511,1081,1172,1678,1166,370,1376,3349,437,453,200,422,1357,1193,427,1079,1075,730,386,518,555,4454,442,269,1601,1687,249,1913,414,416,774,1074,656,1017,255,562,1182,582,812,193,9998,258,329,211,480,166,329,308,261,21402,2398,1685,1112,936,4523,698,19831,236,344,1486,336,428,777,776,566,1075,443,1815,208,1141,725,4538,861,248,3176,447,880,639,206,618,14448,515,578,1008,2088,892,216,1207,584,517,975,465,667,2057,573,523,340,1426,381,297,876,322,977,1141,6036,316
2093,3,1679,670,377,1510,2371,962,333,1648,455,3125,797,211,2026,740,227,187,243,335,488,1260,260,1119,531,452,1240,1052,2556,6453,748,222,1535,374,198,515,310,856,640,2921,660,761,170,320,2278,1898,265,299,4927,464,252,285,913,166,303,237,477,9814,2673,1753,277,466,10897,445,7087,218,188,2714,311,291,536,522,985,806,872,4841,429,587,299,4428,543,354,4888,347,543,591,199,472,11109,683,271,386,984,1673,301,1303,303,1336,823,325,370,911,399,908,859,670,1124,442,400,801,1624,912,6491,287
2093,4,651,623,288,546,1393,543,444,1031,281,1263,476,250,1096,572,254,173,242,424,340,1068,215,457,316,400,876,245,343,2973,246,346,594,328,262,464,704,324,350,933,395,594,204,202,872,348,269,188,1584,194,204,248,395,178,239,225,219,2921,765,481,224,357,1979,346,4107,220,177,904,234,435,292,298,280,544,309,2297,197,325,306,2157,318,229,2303,241,594,425,213,418,2837,259,682,273,935,1187,341,689,235,840,536,239,320,338,287,344,265,291,380,221,282,794,1858,3359,2756,220
2093,5,343,322,224,328,397,299,220,337,218,389,260,190,364,292,244,171,200,373,271,431,207,275,248,224,324,197,232,884,224,231,312,261,225,694,387,297,703,378,213,312,248,206,326,249,199,184,711,177,186,185,210,162,214,190,187,826,317,272,193,248,508,244,569,188,224,425,236,261,268,215,242,343,216,431,184,241,217,1239,207,202,493,205,287,255,191,225,535,214,224,594,296,320,184,303,190,296,337,295,328,242,234,235,224,313,264,207,255,322,537,741,1681,181
2093,6,227,226,220,507,247,209,452,238,192,261,241,175,247,227,196,194,176,199,230,231,223,216,202,199,242,218,213,313,198,202,263,223,193,310,322,261,500,535,217,211,177,194,235,702,298,210,578,178,181,179,241,159,305,203,193,282,234,213,209,205,261,215,437,203,212,240,182,219,326,263,194,270,200,270,179,225,226,598,199,232,276,302,209,221,201,194,316,201,303,258,234,238,198,211,267,334,238,309,213,209,217,230,218,240,326,262,351,258,325,346,734,186
2093,7,1083,478,452,329,2394,335,349,325,276,604,279,407,591,396,322,371,347,343,350,343,171,229,360,666,1525,467,270,237,1156,435,556,454,587,290,946,604,270,440,749,405,326,331,345,788,420,308,317,356,379,302,552,193,388,303,390,287,483,315,203,697,351,490,351,331,312,441,344,586,582,677,292,331,631,370,488,534,631,401,354,312,323,618,469,424,228,421,399,361,455,713,744,380,425,341,445,432,687,503,316,327,504,254,286,324,595,310,749,720,544,505,551,326
2093,8,539,725,989,489,1058,824,732,509,538,481,323,499,1737,1317,386,393,306,595,559,453,305,268,324,455,1222,465,591,328,1263,1587,1046,1159,1758,562,813,442,353,642,1172,660,429,418,332,924,398,439,303,876,410,462,989,354,406,619,450,306,400,748,397,520,276,596,384,662,232,613,433,898,1702,1054,440,453,880,260,579,455,498,338,778,466,345,849,755,308,521,438,570,842,564,736,676,729,359,802,425,597,654,1084,1337,427,662,1168,566,679,830,735,2054,1408,754,612,328,314
2093,9,543,480,359,294,469,193,540,188,390,347,368,232,426,316,206,377,224,284,1237,1337,197,451,401,249,1770,201,532,416,763,242,232,615,721,501,266,781,402,786,787,476,187,338,207,625,299,2960,362,232,308,272,311,230,188,261,285,337,420,833,1083,201,469,360,679,476,358,225,507,771,2311,655,235,356,191,189,1143,764,665,205,565,468,185,833,795,240,666,423,295,374,212,812,824,1289,180,621,687,2842,361,410,254,265,345,254,339,350,383,521,339,309,525,261,243,502
2093,10,590,301,300,218,212,182,527,180,511,1073,293,730,812,200,248,171,598,242,3494,935,844,191,1433,386,513,258,340,262,320,356,281,303,2257,444,186,688,232,334,1018,269,307,297,562,430,200,557,1014,263,271,323,229,179,209,183,237,265,397,264,1476,404,450,685,203,186,170,779,1760,209,457,529,196,294,282,448,991,1172,534,228,191,250,203,1080,426,343,180,747,830,184,179,1109,399,500,171,1593,718,233,1156,1114,198,427,261,272,653,186,708,469,298,242,917,1652,187,494
2093,11,663,1600,288,212,262,256,313,238,350,845,193,419,1607,242,314,2123,220,330,2352,323,225,220,317,349,672,727,183,179,190,342,569,352,937,299,182,490,181,824,370,477,331,265,510,385,371,316,233,176,343,429,297,202,237,177,833,259,409,187,1479,633,341,769,734,194,227,477,477,596,220,374,209,827,450,1187,259,469,330,330,538,283,357,283,325,343,523,484,694,270,231,886,199,340,169,1673,524,398,483,1395,286,390,233,203,1043,343,530,234,366,479,232,1326,181,197
2093,12,767,268,2449,188,208,650,300,371,301,317,1127,3033,331,381,2651,1279,269,436,2568,685,1727,232,337,291,522,229,186,238,188,195,207,343,447,482,182,235,179,416,261,772,711,1039,694,226,470,1139,210,246,323,653,2826,763,189,199,1310,602,527,193,1455,366,276,230,260,651,295,352,471,1529,210,540,339,922,2688,836,1831,4150,2951,289,971,853,207,4080,216,871,593,1080,1384,256,218,3170,279,808,206,544,634,730,1000,702,316,251,191,466,710,295,453,275,223,196,364,338,222,470
2094,1,3475,251,916,400,310,602,232,288,305,6401,1463,1670,640,231,1287,411,364,2550,3917,946,2427,175,370,2303,4674,207,358,183,188,243,242,1885,394,353,330,690,209,260,218,866,639,3500,345,283,330,277,551,415,199,1541,2624,931,183,1183,463,255,1020,923,3333,241,525,1159,300,341,405,599,365,1277,271,745,392,1416,480,1203,938,1026,788,597,451,337,350,3298,291,733,303,467,2060,205,261,1725,540,512,472,812,317,446,1556,405,652,857,458,388,474,1026,475,650,1423,196,334,10177,329,285
2094,2,5697,531,680,208,1033,319,617,759,1353,3104,831,782,1748,256,1980,339,297,405,2385,2720,1483,179,1838,807,4619,740,610,407,182,239,198,402,520,298,203,811,214,413,851,446,440,1022,796,1065,928,254,786,525,246,353,2346,2151,241,1439,440,1079,1799,1517,5565,506,471,409,978,688,568,244,224,1496,298,312,187,1207,472,1670,506,882,1842,713,299,885,365,3264,362,439,314,352,1044,1638,311,812,676,868,423,1629,342,315,4211,326,1553,1044,646,206,314,671,385,298,2301,308,337,4443,532,334
2094,3,1484,1150,380,338,286,560,380,1611,1277,1469,499,636,1492,219,926,446,3479,369,1235,1614,2965,184,444,568,5129,727,242,226,179,282,187,315,969,211,798,841,172,3708,249,297,250,1948,568,2601,243,221,569,327,259,416,1803,2174,204,291,371,348,11325,1472,2647,371,227,276,1025,263,406,244,287,473,262,783,369,1793,410,1348,395,673,2747,1581,255,391,790,2103,470,359,227,275,2802,1286,185,575,4500,3560,300,723,361,1060,2345,317,1088,1880,255,311,542,1856,2280,1337,2696,995,251,1226,407,212
2094,4,425,321,303,353,224,236,200,388,334,635,330,357,1789,310,436,254,452,385,511,1143,1538,177,287,442,2557,297,240,180,242,694,207,390,390,306,330,626,248,457,225,228,214,700,338,468,280,200,443,195,180,262,711,1034,172,219,236,247,4384,469,615,403,199,228,771,241,294,212,242,320,193,344,337,845,476,1423,274,386,728,1075,218,277,224,921,878,290,238,242,2109,365,234,346,969,1090,207,381,224,328,652,250,775,990,205,214,391,605,685,1525,1051,339,316,451,212,229
2094,5,292,260,234,214,194,195,191,238,226,335,225,248,389,239,285,213,282,213,304,351,378,191,265,391,516,216,204,185,236,288,183,453,358,191,384,290,171,271,190,200,194,294,213,386,252,187,222,181,180,214,339,313,167,210,209,198,451,237,320,241,203,313,241,204,191,263,190,242,186,213,208,371,311,387,214,262,620,425,198,215,193,397,423,202,187,201,494,228,171,248,417,386,218,248,216,217,375,206,383,428,191,196,233,324,609,446,477,212,233,301,187,181
2094,6,258,262,216,185,288,190,184,221,194,255,282,365,253,174,247,188,208,209,233,267,279,203,200,226,273,214,180,176,179,355,241,237,251,185,270,286,167,219,190,203,193,222,199,241,352,222,194,198,171,206,455,232,164,193,186,188,282,198,231,373,212,209,210,244,177,216,181,219,178,209,222,238,199,255,226,215,303,578,185,193,201,249,305,199,185,185,333,194,319,203,425,241,177,213,278,202,242,192,245,261,186,195,248,223,279,279,339,188,183,230,203,175
2094,7,1229,356,356,321,2056,306,373,266,258,384,464,604,455,196,407,383,297,327,315,411,306,345,341,248,416,296,501,568,296,502,541,561,404,524,375,863,311,344,246,326,225,355,1020,390,430,534,319,533,281,295,668,395,428,356,243,389,334,418,281,541,326,436,492,378,603,449,390,562,314,640,390,957,539,430,365,343,613,612,458,418,311,347,281,344,401,352,451,425,571,761,861,350,288,350,1074,441,444,397,435,864,399,831,608,1041,596,318,400,293,326,409,542,352
2094,8,1017,399,294,234,1451,246,855,518,584,520,569,402,548,340,394,503,375,1478,1318,329,439,625,583,1203,321,422,917,1123,240,1305,3174,982,934,3104,472,535,328,360,507,744,244,646,700,1069,291,1125,705,331,368,314,1015,336,479,243,264,689,474,545,768,478,840,551,673,605,1319,663,875,1635,390,777,341,612,539,669,470,1209,404,411,822,762,634,355,813,321,522,462,2505,413,896,693,698,573,613,377,1485,500,385,677,892,608,642,810,1151,1100,1244,591,423,691,493,615,1159,335
2094,9,414,403,639,436,625,189,316,512,340,271,604,218,264,173,263,513,501,655,1335,585,268,324,257,267,213,493,435,343,231,700,2147,502,743,363,265,406,406,199,968,947,441,303,771,413,191,254,297,1012,167,596,410,200,165,456,359,935,361,1154,682,465,239,231,232,494,703,3129,817,560,528,495,190,262,366,532,199,1219,253,252,314,882,589,506,616,429,595,383,1902,383,1093,576,1423,279,356,663,652,233,767,231,890,249,430,421,1140,1101,469,333,379,347,417,341,611,487
2094,10,441,317,491,5782,2322,203,685,221,332,267,262,370,215,379,563,210,653,265,283,1809,507,964,181,288,188,248,270,1346,172,542,392,302,898,481,292,228,172,309,1065,234,417,298,549,239,176,350,476,313,164,287,303,254,823,435,248,231,208,5132,490,7794,585,181,184,272,612,1098,217,421,256,214,170,258,269,249,655,497,217,237,928,325,631,342,217,248,237,377,458,247,795,195,731,242,191,406,641,668,819,748,310,338,357,199,403,251,600,884,195,205,206,198,259,658
2094,11,467,1093,226,493,459,1567,2562,615,311,210,321,313,278,648,183,308,193,197,1108,400,639,692,258,259,554,636,758,917,166,1286,247,192,754,258,712,767,1779,177,241,188,179,1704,216,209,183,229,190,185,1117,581,607,315,542,487,221,233,191,425,435,493,554,177,210,384,209,273,208,191,177,245,600,1003,1483,556,313,238,242,276,676,201,254,550,328,254,1844,231,769,186,251,183,824,185,363,289,1420,1731,3087,753,199,256,407,207,642,249,460,806,188,318,218,899,451,370
2094,12,264,679,188,613,296,826,484,248,267,228,1586,2162,248,746,3176,382,1042,217,669,768,1751,297,187,289,293,4025,827,1285,222,656,214,2959,244,287,528,3024,1210,4502,3399,2110,1796,330,201,182,246,1699,198,210,458,198,1998,682,297,545,298,2149,574,309,595,576,297,537,364,472,373,377,2574,383,171,7320,761,9171,469,198,207,372,732,186,259,263,213,222,191,454,910,181,2826,188,242,564,473,377,843,5102,364,357,410,1788,301,294,561,436,2062,1595,427,251,208,180,1171,331,1694,382
2095,1,476,325,544,368,271,425,1986,384,204,883,1120,1070,1045,1884,1774,252,1505,269,8963,592,435,390,827,196,220,1475,623,534,166,381,340,722,235,231,282,799,1770,3117,4343,944,627,2565,209,186,446,1711,551,1377,4940,207,936,315,328,403,655,1321,1990,334,363,1050,1408,239,374,788,293,609,514,344,195,2436,344,5429,312,217,2585,375,1282,1107,817,193,464,476,587,552,1789,748,5238,1560,409,955,336,3404,301,1258,342,456,526,1840,380,566,725,200,1248,1406,277,529,181,314,1464,334,5724,878
2095,2,277,288,547,418,560,350,3203,440,197,1549,665,929,1419,624,322,522,357,641,13057,574,518,430,348,378,247,523,519,498,161,776,392,600,285,530,1075,599,1469,10797,7751,2288,621,666,320,1996,186,1536,572,1268,2743,678,1115,218,475,664,343,1844,3476,305,440,477,790,273,863,475,757,273,338,301,290,6210,280,3603,327,229,648,818,397,762,543,396,250,351,295,811,2693,305,21299,2610,533,679,279,757,626,4038,269,570,1495,2115,810,1075,486,193,3258,1453,336,300,409,512,678,309,1103,1727
2095,3,266,260,381,376,709,1197,1678,2065,211,435,554,1532,333,1453,468,246,367,218,3047,638,310,1259,612,269,259,459,1234,412,210,1140,1822,405,337,383,2300,1930,2858,3338,2718,1588,460,2148,412,567,484,807,352,584,1666,225,1471,231,268,239,206,6602,2418,1155,336,597,393,212,246,678,277,923,406,389,175,3740,221,1453,1407,696,1265,2020,514,1005,1427,413,1909,652,958,880,1697,328,15650,2422,550,265,343,3381,645,1512,963,1805,3004,2494,279,620,492,247,4655,1942,579,408,892,248,1322,1352,4992,929
2095,4,197,514,274,242,272,1257,470,491,188,273,327,851,265,413,292,205,242,241,709,298,249,845,255,259,446,1051,667,691,332,345,2040,398,234,312,623,3331,1058,843,875,492,278,505,207,290,193,361,221,322,496,217,703,184,304,222,193,1584,740,893,341,360,370,181,202,581,230,278,238,197,171,2636,210,750,417,360,542,742,299,354,386,241,403,270,967,349,1071,198,3963,985,385,231,232,1009,313,721,323,680,683,1128,220,467,465,212,2954,788,306,391,395,771,1141,710,1486,576
2095,5,314,284,257,234,289,292,301,301,173,221,235,339,223,281,232,183,207,183,336,241,210,353,216,325,185,810,296,686,158,297,550,301,199,303,287,558,1483,400,479,303,221,283,183,215,178,262,190,225,296,188,318,180,289,189,212,379,328,331,196,606,272,177,187,239,194,214,201,397,168,657,203,542,252,193,274,311,276,278,288,205,337,206,298,221,471,222,642,822,213,266,204,344,256,322,250,440,349,447,200,225,226,215,543,391,706,257,398,869,419,293,534,274
2095,6,211,196,226,189,243,223,230,215,174,196,199,255,205,251,239,223,200,186,237,246,192,221,195,196,196,252,283,221,181,274,308,270,226,252,249,453,354,285,259,216,203,248,208,186,207,233,188,237,276,201,241,198,191,189,183,303,289,227,210,238,203,219,198,195,185,338,186,203,188,273,193,316,215,197,210,221,298,249,300,208,214,238,199,191,255,306,357,271,190,202,194,235,220,223,216,243,322,370,185,203,303,206,379,267,208,201,228,199,268,240,309,211
2095,7,325,443,271,281,296,379,272,301,397,223,273,373,309,327,422,243,320,403,358,355,344,230,266,334,305,445,579,306,391,413,378,247,289,400,634,423,479,580,834,280,350,339,307,295,341,744,313,312,518,336,466,379,315,325,267,366,387,340,344,223,610,452,321,340,265,521,737,368,415,449,412,364,415,449,641,353,568,718,338,296,498,311,352,275,396,214,624,292,366,229,304,330,397,606,236,417,449,320,218,516,289,708,417,449,297,454,446,722,289,417,422,263
2095,8,424,369,236,1297,257,303,350,636,874,383,441,523,642,391,433,414,662,384,303,485,498,619,411,276,363,503,324,533,389,472,1000,354,1739,747,997,432,729,341,1199,2638,483,255,708,687,323,1296,334,621,497,255,1174,415,365,312,451,569,416,456,256,257,278,533,505,383,297,1061,789,1064,775,800,762,331,394,1446,1267,520,456,462,615,402,282,269,304,537,628,508,1911,327,464,382,525,308,545,4619,401,549,302,717,423,1724,270,483,389,2520,767,426,1002,458,648,671,952,915
2095,9,695,193,206,323,179,1375,194,642,539,843,467,481,310,674,522,1027,558,219,438,1227,376,328,336,286,270,635,353,406,193,413,547,265,351,783,2043,593,426,502,404,2118,260,294,994,516,373,2104,244,280,311,246,855,281,338,208,304,441,593,742,427,207,258,217,1313,1485,194,639,296,326,316,2094,202,273,469,343,274,546,385,427,990,397,397,200,313,194,284,806,591,191,281,1844,492,233,253,5127,292,197,272,511,238,406,230,256,222,341,216,263,510,1276,848,260,402,1076
2095,10,730,513,176,224,396,2291,207,2965,232,936,553,561,277,188,774,362,318,233,307,249,1402,581,296,745,602,2910,206,550,156,190,277,192,607,445,940,189,280,419,997,454,178,363,600,436,612,731,219,367,296,210,519,632,277,731,199,240,643,7166,268,507,398,175,255,434,174,274,428,199,744,6262,181,248,480,724,245,769,350,375,553,539,182,503,375,417,713,476,377,563,185,7888,894,351,185,2428,1503,190,404,187,555,333,177,280,210,222,182,1015,336,209,197,654,436,198
2095,11,4677,200,173,921,196,707,185,2028,204,484,1023,571,204,490,636,190,529,173,274,2543,512,1887,350,186,292,491,792,188,1661,240,337,261,501,746,366,1941,189,1034,368,287,185,1177,488,204,269,348,509,294,418,442,505,398,335,517,235,252,342,989,185,213,263,236,230,884,267,964,191,197,186,794,283,485,630,755,255,669,196,866,338,1042,287,197,312,260,2319,409,339,256,177,892,866,1605,207,1362,519,334,343,191,480,271,208,196,407,287,284,211,187,677,253,829,264,251
2095,12,1688,374,172,764,316,714,189,1500,185,462,842,1583,2483,1594,227,313,1473,351,1604,699,1511,595,3579,185,355,322,233,200,962,1605,783,340,2920,3128,817,483,1073,393,298,2407,319,229,426,1349,940,275,200,254,306,930,350,3329,221,244,173,1384,243,4946,482,190,209,171,536,272,425,512,185,194,186,528,907,271,3669,572,385,916,1060,436,982,440,263,617,419,546,593,418,473,201,203,586,617,1329,535,895,701,377,219,1129,284,314,1264,708,183,1150,196,635,188,536,574,236,205,220
2096,1,1292,640,470,1295,1163,412,232,15245,283,956,685,938,1076,510,213,895,1640,891,399,5334,927,576,3121,195,230,295,277,362,434,576,262,293,1927,10866,749,3937,378,379,897,832,340,345,519,293,297,326,1101,1178,294,826,1487,5225,220,217,179,900,210,3369,2379,192,203,402,1853,332,246,1053,305,196,184,2694,989,926,15665,678,1192,1189,531,583,407,1044,196,601,458,320,348,354,1869,190,179,521,1305,1240,1176,3260,373,676,926,846,280,571,551,382,389,1148,1920,383,959,359,206,566,557,218
2096,2,6216,384,336,1708,596,483,177,10847,463,817,451,838,3404,644,378,1614,861,1084,1089,9182,1269,1106,1474,1031,652,843,802,664,373,292,248,356,796,8168,856,2597,265,515,704,833,1058,812,282,472,278,335,735,356,350,1063,437,928,182,486,335,849,244,5639,868,204,219,768,409,619,205,1132,841,185,295,7924,1845,2417,14758,305,418,1340,827,392,320,359,208,238,228,604,524,456,1250,191,194,399,529,2274,1089,5418,448,866,914,789,353,1050,910,491,313,442,1054,425,267,278,221,1008,409,565
2096,3,1641,312,210,1775,992,629,169,5103,292,347,1177,1364,3633,392,222,367,556,663,486,3131,1065,1088,1407,350,342,1036,470,1240,411,514,441,1170,673,7185,1045,2151,1108,1468,3751,888,589,849,388,271,896,233,374,515,560,328,384,671,171,241,166,871,385,5573,3439,440,386,977,576,864,183,1670,367,179,182,3286,1529,1049,3620,1360,273,843,730,1328,401,506,185,216,208,232,706,334,5248,185,398,448,1089,1773,477,5279,1336,627,955,484,254,323,1208,345,884,368,3858,847,284,337,250,522,520,557
2096,4,1348,223,176,873,829,348,168,1631,181,255,381,757,727,289,213,271,326,270,280,1136,2283,521,544,292,278,434,384,295,317,273,390,288,362,3134,1095,644,604,799,1160,317,338,302,208,247,291,204,247,369,248,262,764,405,173,190,166,614,236,1961,824,180,191,253,306,395,274,1075,246,188,175,2030,859,427,3123,836,217,530,759,650,234,286,195,201,194,207,298,250,1843,261,182,274,520,996,285,3542,390,283,308,330,211,246,479,237,519,254,1467,270,229,366,319,470,232,354
2096,5,415,189,195,305,272,230,182,579,176,207,240,276,457,729,185,211,272,252,223,389,838,249,362,199,262,241,210,227,231,221,247,226,296,771,880,327,607,287,351,248,230,209,191,205,230,191,196,196,189,210,393,248,168,197,170,270,216,367,361,177,173,219,230,246,176,391,263,187,173,1623,418,271,551,425,262,454,281,520,221,263,180,187,199,193,288,219,1150,267,169,223,275,450,216,825,255,221,217,229,199,241,287,195,245,216,484,210,214,401,331,333,203,199
2096,6,263,186,191,227,218,197,167,273,183,196,331,227,406,1119,395,188,379,216,219,253,253,204,281,203,196,203,189,232,233,196,277,201,250,270,269,244,259,217,226,239,199,241,193,188,194,182,219,191,228,190,424,201,182,192,170,240,181,256,278,173,189,187,205,233,176,285,211,195,168,301,257,212,318,251,192,229,209,218,243,224,324,182,212,184,268,233,375,260,185,195,221,255,200,342,223,189,195,194,203,199,549,184,207,253,281,190,205,280,197,266,605,211
2096,7,291,275,255,350,322,370,278,825,256,276,442,255,600,423,428,293,428,375,518,365,350,339,963,371,483,372,290,431,566,323,618,374,462,250,351,528,471,319,531,302,209,385,351,760,222,242,450,280,580,343,715,523,228,438,371,390,265,363,250,196,355,374,627,513,334,528,1032,372,351,266,719,480,560,438,589,487,301,331,954,296,342,338,626,252,363,308,822,272,286,412,300,542,280,334,553,326,337,339,505,411,323,291,382,511,428,275,271,325,249,411,556,280
2096,8,5252,521,339,1644,342,555,1662,1392,906,300,672,422,478,1001,516,270,1103,366,797,415,285,312,753,509,1200,772,249,1315,622,350,1117,372,1123,600,712,426,439,345,795,556,307,352,348,701,256,1104,507,1273,327,718,1143,708,233,399,371,2239,8496,348,343,362,1010,676,352,1125,554,981,1411,274,1015,297,552,731,543,494,710,530,334,647,1043,431,670,561,594,1039,433,560,2090,1135,760,287,587,887,1134,1171,418,283,599,507,1090,714,1239,298,414,590,490,878,437,498,394,489,979,533
2096,9,617,225,920,987,225,1035,857,667,553,222,597,380,275,597,760,1228,622,372,468,275,852,365,569,299,437,290,224,877,620,569,610,264,863,260,744,967,272,344,1813,430,553,203,220,233,192,357,342,300,222,1233,487,1198,263,372,270,408,1222,429,358,428,1712,551,606,412,453,221,449,353,461,470,548,325,307,714,1598,498,463,1362,1013,252,353,255,702,411,523,206,827,426,477,604,496,820,1133,301,293,267,530,642,545,412,564,196,507,422,259,1644,216,329,471,388,957,648
2096,10,2865,357,405,276,312,279,1341,739,202,605,338,607,300,418,610,1104,241,252,233,410,1636,5374,1939,189,189,198,175,306,292,1690,657,177,218,406,222,274,854,3865,616,389,230,620,464,207,390,643,236,198,300,573,2917,236,627,250,216,398,662,181,413,12449,1712,184,840,187,224,217,228,279,221,325,679,515,250,257,240,7659,205,209,510,335,442,211,727,451,717,193,626,229,625,215,391,920,226,1794,2666,218,1067,540,659,197,338,173,2059,232,361,214,185,418,266,258,328,664
2096,11,1855,295,211,229,185,870,396,445,263,712,556,803,1274,260,2236,235,278,403,390,185,249,784,3974,305,196,297,296,714,420,484,211,199,401,446,550,195,2372,802,411,227,354,465,766,414,175,421,400,263,1124,249,485,186,222,259,297,289,901,208,1201,329,451,371,206,285,956,243,378,208,226,192,1228,222,346,223,2938,706,339,209,570,1035,235,183,248,196,1397,673,730,312,2034,498,307,229,205,640,1849,317,282,889,462,231,305,1601,1278,341,399,204,238,414,224,525,340,208
2096,12,427,187,359,242,268,1113,474,652,441,1640,1058,382,667,435,407,419,212,624,425,178,240,464,406,1047,258,291,218,1942,278,289,243,261,652,2154,407,5177,682,422,1563,345,179,636,252,294,178,516,2875,191,984,269,2451,251,232,214,157,289,382,226,1342,727,260,195,196,523,223,1524,712,851,227,181,292,263,278,1455,365,1026,192,613,1028,1092,356,189,409,304,529,1494,779,716,324,994,630,235,1378,952,550,692,920,536,443,182,200,415,1561,730,228,328,311,476,529,504,754,479
2097,1,418,192,380,345,6966,601,695,907,948,697,403,1613,600,557,446,1288,191,374,320,463,224,338,1002,734,249,333,182,726,650,384,1725,509,302,1530,610,1504,1469,710,1055,442,530,277,222,192,1018,1567,1912,186,5226,306,5393,239,319,206,941,529,1291,180,534,532,261,938,204,1272,584,1173,578,1008,545,541,3628,955,217,5604,1079,3580,325,693,5308,1211,202,617,1218,528,343,1721,2092,346,749,284,792,1647,352,1065,1961,1513,767,278,515,421,313,459,4881,342,349,1394,1086,324,325,309,3412,345
2097,2,502,2628,551,951,827,1381,1804,1675,672,548,515,2918,646,673,283,550,1094,453,418,3215,967,344,656,1050,213,228,190,776,236,416,645,1053,277,3789,1533,1524,2428,413,552,741,887,710,417,183,263,313,934,267,11472,738,2524,278,171,309,276,970,1733,181,790,1835,1246,771,494,415,765,830,1258,942,1686,1380,587,447,906,2714,1303,4807,746,1008,4650,656,647,488,980,623,283,2315,3075,215,587,630,331,493,291,1827,8425,958,591,878,484,282,830,690,11878,849,548,752,753,548,1580,322,3586,772
2097,3,333,586,611,755,1286,2455,1812,1246,457,550,1741,2534,464,427,241,530,242,261,292,2747,1026,877,392,711,408,2100,681,538,233,426,595,1130,209,4624,404,1105,2517,419,399,312,488,767,304,278,366,272,855,238,2793,320,2364,223,168,177,307,1419,888,317,386,1636,315,721,207,336,1169,785,394,426,606,226,491,491,4476,1447,547,2581,256,448,7285,414,465,206,616,3164,248,1715,1748,282,975,354,254,697,309,1222,3302,316,502,1092,272,219,425,656,4322,355,487,338,550,397,1519,392,4264,253
2097,4,259,459,259,853,669,663,491,943,298,311,1138,939,357,238,231,289,200,214,198,1321,365,488,305,463,268,338,464,311,218,239,315,456,278,982,323,904,948,410,271,209,239,326,202,378,217,224,444,175,821,222,604,291,187,167,232,633,425,192,269,828,244,266,188,233,934,408,243,274,271,480,497,249,708,545,353,785,278,284,1533,315,296,247,440,452,281,2468,734,235,338,596,270,357,237,526,1194,262,382,418,240,183,261,926,3960,560,234,349,285,434,451,305,3963,604
2097,5,215,254,198,358,329,318,289,436,207,245,330,424,229,219,193,228,201,187,347,389,433,232,238,294,189,211,204,234,190,322,495,321,292,392,301,355,386,250,221,190,200,225,198,182,190,196,276,173,410,195,344,211,168,180,206,250,254,172,216,324,242,280,190,200,294,253,207,219,244,238,269,407,436,324,262,471,193,217,576,250,194,183,302,274,210,1071,353,189,236,227,202,239,214,358,457,260,218,253,201,177,208,812,929,787,194,277,221,230,292,196,4138,250
2097,6,200,532,300,285,231,327,222,245,207,228,248,307,222,197,202,194,207,187,216,281,215,200,198,232,248,190,182,198,182,225,206,355,266,371,199,248,259,245,193,184,184,244,186,175,227,187,232,175,238,190,264,174,193,169,173,208,223,171,193,234,199,262,179,256,219,294,280,206,190,216,225,211,244,223,201,259,206,218,286,276,201,206,207,224,212,269,299,204,198,194,212,211,192,242,267,238,196,205,381,194,201,225,444,220,189,216,212,210,211,185,1950,215
2097,7,227,461,524,436,611,237,456,528,337,335,415,293,495,375,276,510,323,331,332,1079,255,272,311,368,403,202,346,276,256,773,287,408,270,264,415,516,280,633,350,226,257,390,281,342,427,469,564,277,264,526,439,270,253,330,253,277,371,257,196,502,217,992,707,193,274,510,339,397,425,321,522,454,348,349,611,620,242,571,322,354,300,433,393,278,389,326,404,343,424,386,377,318,313,304,278,289,334,529,345,257,514,385,520,446,363,233,400,306,506,280,622,382
2097,8,1361,660,801,974,628,349,748,1102,361,494,953,369,470,733,431,810,318,439,302,432,303,318,301,631,773,409,274,2006,441,334,377,593,313,492,430,2461,406,745,699,378,436,593,446,315,500,831,994,625,398,481,474,759,344,431,289,422,352,253,194,1094,190,1116,700,489,1147,1160,786,481,476,444,1090,1099,254,277,2138,471,308,361,744,580,233,357,779,364,776,506,1092,423,603,381,527,315,513,392,521,815,343,290,578,386,1888,855,711,378,636,341,260,419,3011,658,511,707
2097,9,405,601,1461,403,697,203,255,1256,2565,280,317,369,414,204,329,361,198,223,189,1030,190,281,305,272,241,249,186,1090,301,223,537,647,642,347,325,402,287,655,1915,181,227,191,255,493,232,188,228,575,653,304,196,721,172,269,193,666,214,171,532,570,269,671,693,221,860,306,504,251,493,298,868,455,191,566,1141,653,220,201,221,470,466,413,637,214,664,255,1469,290,508,724,255,230,462,593,1049,410,398,234,229,790,572,647,311,378,406,652,450,315,1178,577,359,742
2097,10,211,588,228,3434,967,3979,804,648,250,977,208,5427,242,182,220,361,206,211,216,199,176,187,266,660,196,185,388,320,175,244,563,276,382,445,184,204,284,266,734,430,178,185,430,238,218,181,185,556,582,295,293,204,438,242,198,409,180,191,1253,1634,735,440,1929,270,306,320,229,191,201,205,363,426,446,451,6780,744,198,183,700,394,286,210,273,210,533,262,473,189,897,249,181,398,488,229,410,629,209,314,979,265,294,608,201,788,358,658,226,498,282,728,808,201
2097,11,568,255,360,817,410,305,208,241,476,577,296,4506,362,253,404,291,938,483,288,211,667,316,519,667,275,413,173,196,285,489,243,424,241,462,177,221,180,213,1063,376,269,181,265,170,339,209,412,566,706,267,352,198,356,238,178,442,175,196,815,5689,1528,590,507,307,423,239,181,306,233,197,270,261,1069,931,1758,457,489,466,193,1234,220,1028,230,214,344,317,1970,173,4236,470,207,458,481,706,754,340,569,401,248,2427,591,353,494,714,473,343,199,327,1071,610,237,268
2097,12,698,1150,266,478,619,369,913,227,3514,345,763,9019,465,520,202,470,653,620,1611,192,190,917,225,1536,273,331,195,725,6750,267,201,190,295,273,347,191,214,240,4064,280,397,183,486,230,226,267,211,3619,799,501,2147,185,174,279,165,567,252,223,265,381,250,388,646,176,870,219,180,200,873,2257,447,458,1852,2074,3894,8197,218,523,366,639,212,717,323,386,1172,1276,888,175,311,373,3302,673,632,881,933,208,780,339,320,842,877,1576,214,257,898,1205,288,192,3051,598,289,184
2098,1,268,637,230,659,817,271,1197,1125,1370,267,5485,13787,237,274,201,242,1318,5454,298,289,671,301,768,528,289,851,260,532,2384,201,1065,362,381,671,336,267,358,1070,3201,735,383,238,279,4184,1486,1812,307,4664,269,299,536,592,747,452,211,243,4847,216,240,5917,302,2456,381,173,872,497,248,196,892,758,235,1155,606,609,9235,2518,198,673,734,498,184,1383,1562,186,315,7637,665,174,892,1873,507,710,1101,419,699,1433,1222,194,249,811,431,541,202,292,2242,1166,1807,185,4734,345,225,185
2098,2,1433,4513,272,1051,732,737,1276,416,703,274,1747,8939,772,651,333,1790,414,2583,573,231,412,1126,1355,1697,423,453,281,589,2145,611,493,430,1583,256,568,962,530,777,3320,272,1022,206,326,3398,598,5306,297,4577,310,204,695,290,579,359,161,806,730,205,332,3165,1245,1033,297,819,1094,1206,506,380,257,1175,201,931,347,1003,4646,2374,245,751,325,851,377,3963,1041,196,836,5628,2190,207,497,807,611,284,340,736,2150,1048,500,240,206,1369,836,326,285,1502,3909,612,541,366,3042,537,343,218
2098,3,336,5757,199,1722,550,530,1003,386,1813,721,1661,6065,1129,239,295,266,340,1285,568,304,356,459,421,1398,844,924,364,448,1803,522,352,202,1376,223,347,268,446,333,6903,209,612,187,205,3191,397,415,1276,4568,397,327,326,2862,448,195,159,748,361,2997,252,1287,649,775,562,327,1948,2237,660,463,250,381,382,747,310,1498,2978,2651,181,374,254,448,239,3767,1009,929,558,7033,836,996,550,1090,1950,646,1143,484,4949,665,503,185,196,3623,751,422,374,418,2197,742,572,618,2934,319,978,196
2098,4,247,1927,651,524,288,300,344,243,912,271,3645,2988,728,210,230,226,279,664,279,185,233,275,370,519,599,256,303,274,525,524,337,193,487,252,305,208,231,356,1321,214,240,181,185,1231,303,276,483,1079,221,192,255,311,224,190,164,232,285,452,224,530,337,424,352,299,546,636,303,272,222,288,198,1092,265,605,445,1210,174,268,325,307,297,1193,627,337,396,3185,436,351,381,375,741,286,688,331,1633,441,269,221,187,2320,1538,416,227,480,840,366,348,317,5990,428,302,177
2098,5,215,561,277,275,219,276,241,209,295,218,556,490,598,197,225,229,229,311,213,176,189,217,213,300,312,212,188,203,316,325,219,190,557,204,261,193,188,213,386,184,196,172,179,327,225,446,304,354,192,180,225,1060,204,167,172,200,217,242,185,287,238,281,211,211,298,373,187,199,259,382,200,295,260,631,294,479,172,205,200,283,193,407,422,248,246,817,276,258,255,246,288,207,246,209,785,269,215,177,183,528,551,219,358,284,908,243,265,549,1076,238,232,174
2098,6,196,386,199,357,191,277,297,194,222,200,282,302,259,212,233,184,456,339,194,249,198,187,189,365,220,213,172,201,256,218,234,195,385,184,280,188,189,225,277,230,214,166,348,232,215,402,222,252,193,194,282,437,218,167,156,196,193,200,180,215,223,208,189,190,239,222,201,186,527,219,242,259,200,250,228,292,170,188,190,241,187,298,244,223,203,298,266,212,263,231,228,195,207,191,284,213,360,209,182,289,238,283,323,194,350,207,324,304,561,218,214,221
2098,7,526,460,232,459,247,428,285,390,483,510,537,455,457,262,402,203,264,280,296,314,254,250,620,651,301,436,236,362,379,412,305,230,398,270,658,277,508,572,394,318,273,238,428,286,247,377,479,452,274,351,535,241,394,412,459,391,576,359,334,293,319,357,244,457,538,636,409,503,494,425,342,416,284,473,331,564,323,373,395,256,226,881,600,347,348,301,290,312,541,349,359,326,327,384,626,237,385,413,216,248,490,484,318,927,609,325,428,566,507,426,278,400
2098,8,809,378,370,404,217,740,427,663,648,405,1082,525,353,288,598,768,492,1138,302,328,355,271,290,1084,878,303,446,422,403,403,379,640,563,303,919,371,498,780,1201,1000,425,264,768,305,349,1401,606,3320,266,527,1448,405,718,402,411,360,560,551,450,1337,252,325,723,720,759,2520,928,710,1286,1155,327,348,455,318,855,483,494,343,1894,814,542,389,644,424,429,550,431,975,1027,583,353,850,282,374,577,409,329,505,372,307,548,502,880,1176,736,364,321,1180,838,577,323,296
2098,9,775,216,426,288,252,519,332,692,637,222,580,269,436,224,435,529,423,499,781,240,1014,384,239,915,406,298,613,494,264,221,383,571,384,377,3773,222,517,558,523,192,213,487,681,205,190,448,266,8804,213,235,361,536,478,223,178,337,274,574,198,210,193,220,452,316,427,1902,699,2952,655,518,207,233,203,623,361,1627,311,224,1570,619,519,354,218,274,761,318,534,365,1324,198,279,334,223,202,728,238,239,235,293,473,459,628,290,388,400,1623,465,833,343,1054,221,360
2098,10,194,415,189,417,403,239,549,1185,745,300,191,817,409,209,2295,257,234,190,916,186,328,563,380,222,302,261,347,191,370,690,213,246,280,880,302,174,239,341,476,293,190,185,248,234,527,1571,536,1038,196,405,191,235,552,406,176,669,378,232,3107,396,532,185,263,327,306,560,559,458,830,1034,455,283,184,199,1042,677,193,233,2869,318,312,592,687,309,1490,445,390,191,442,349,238,183,202,324,228,221,259,273,175,396,483,233,449,491,283,808,351,525,311,352,671,181
2098,11,258,1256,807,262,249,249,712,353,587,323,1784,4294,701,356,1445,273,313,318,448,385,357,935,476,289,344,223,1121,230,2461,207,346,182,182,214,303,176,285,906,195,671,186,499,654,200,417,574,187,587,433,625,215,229,237,1786,159,608,546,183,256,346,2057,253,203,1031,311,414,264,622,461,328,412,450,204,452,1769,511,349,603,497,325,633,343,289,872,233,542,228,298,628,218,237,192,221,404,467,342,210,172,172,295,371,562,310,236,1113,370,181,251,1051,588,373,360
2098,12,2610,2409,336,232,241,432,248,1315,673,226,740,3196,1420,356,430,234,204,233,239,428,449,352,552,290,212,288,398,239,766,974,738,180,2264,355,384,840,262,848,771,1112,177,228,668,566,254,325,188,1936,176,258,256,269,1122,320,152,772,292,297,276,188,553,2089,699,282,352,384,393,418,790,241,2663,3444,477,471,400,384,857,312,405,904,221,214,495,939,455,804,503,1092,285,213,357,285,2049,294,508,235,817,205,178,763,1342,668,242,270,362,387,305,534,250,409,455,170
2099,1,649,1179,298,779,298,338,845,1396,1066,614,601,2443,424,367,348,227,186,191,6555,400,1675,929,593,731,5674,268,1922,187,722,919,1426,283,628,499,725,1421,1604,2246,304,430,173,825,1726,921,816,386,579,3728,568,539,5509,2042,1242,251,814,2181,879,635,226,184,476,524,741,296,808,904,340,9487,269,415,948,759,3475,1788,246,1537,1290,448,532,314,941,801,6215,3750,434,1201,341,359,1225,198,528,439,455,378,812,1228,388,477,174,341,6447,3425,1181,211,890,542,267,522,231,364,1146,3701
2099,2,606,1858,399,267,311,317,276,8348,986,824,1530,2504,583,731,292,721,174,207,3731,1198,2117,577,321,937,1161,295,549,390,1273,840,606,376,321,882,369,2240,583,369,1605,709,174,374,2949,403,260,491,1797,4957,1076,293,780,672,325,272,725,457,946,217,308,219,288,741,531,772,637,955,394,5442,246,596,671,2858,633,945,237,2510,1300,584,1417,941,897,472,5482,10156,1077,759,1695,283,414,1358,986,587,282,707,1663,371,523,403,264,519,1631,5491,814,953,817,626,286,1048,269,2261,1688,4114
2099,3,563,3534,880,1830,468,1324,312,5105,1531,408,1787,3276,354,1661,248,257,173,215,2358,765,902,313,478,280,2662,227,556,429,593,1158,2192,863,476,979,384,6315,1640,594,730,358,168,1308,5018,544,375,271,1616,3653,544,539,3510,944,995,231,302,550,1035,287,1069,251,259,914,339,672,507,1243,340,2166,219,222,623,4865,644,864,222,1551,981,435,1387,1295,855,271,3575,12160,727,656,2147,227,811,586,365,748,1585,1223,712,491,780,199,306,479,2361,4318,312,358,333,509,328,641,364,4640,1597,752
2099,4,262,1294,244,1835,196,609,212,818,646,257,758,655,290,367,228,194,173,253,1245,428,425,276,269,237,1505,221,445,216,326,674,594,491,409,497,311,6082,1070,382,333,238,167,337,1088,262,223,228,579,708,239,322,813,322,306,193,195,506,341,191,579,205,224,536,224,409,721,464,320,516,247,241,604,1860,317,395,210,508,444,267,580,378,340,290,10182,2585,676,473,901,208,403,241,360,432,461,264,408,265,265,187,194,258,657,2059,566,268,370,318,189,446,253,3017,2937,475
2099,5,228,457,226,361,864,234,226,385,380,206,357,425,225,223,221,183,169,173,375,222,303,225,195,262,381,174,272,180,312,294,465,982,241,331,218,896,1190,252,227,204,187,220,368,203,192,202,297,304,209,201,355,233,224,184,184,245,243,181,213,176,831,267,198,213,289,267,193,302,191,190,370,971,232,337,185,314,263,215,382,286,237,203,2473,865,309,292,345,189,238,205,436,271,246,215,245,420,224,174,166,199,354,615,238,324,267,221,178,327,191,553,714,269
2099,6,227,361,231,242,318,196,213,252,227,223,287,236,335,201,210,178,174,185,236,193,248,196,190,273,246,220,222,192,217,244,233,225,193,245,307,441,449,214,251,194,167,191,389,188,195,185,255,219,187,184,384,195,222,177,175,208,206,185,214,174,288,241,276,213,213,206,198,218,203,185,258,320,200,201,198,294,241,211,220,281,264,202,537,409,310,211,259,190,201,231,211,206,209,215,213,211,198,204,177,186,268,277,245,226,264,249,178,231,240,306,350,227
2099,7,369,397,361,378,395,248,368,522,278,1184,386,402,412,357,201,418,261,697,358,328,429,251,380,468,223,255,513,267,305,360,529,275,350,399,808,796,848,327,514,274,278,282,277,223,449,388,285,395,238,374,403,257,455,398,292,287,330,276,314,422,249,586,343,807,284,532,509,527,318,288,436,314,348,930,426,404,326,357,512,436,251,407,491,441,565,313,1627,306,327,355,463,327,357,607,409,210,213,334,350,471,240,289,690,262,438,405,309,384,378,443,530,447
2099,8,730,403,412,336,305,359,927,990,693,1088,338,391,487,343,285,519,316,780,1132,424,434,276,375,934,224,509,584,434,757,722,599,567,1045,468,1136,987,543,571,1494,316,425,440,283,218,267,409,588,932,280,837,332,388,326,277,351,549,540,415,361,389,575,2003,234,478,249,717,1523,824,597,273,568,334,1164,355,487,478,619,282,342,747,459,664,524,395,1059,483,599,1797,371,761,427,722,1247,671,746,210,489,660,385,506,370,329,798,762,1028,823,472,576,575,721,540,551
2099,9,375,203,3381,293,890,215,485,900,472,384,202,379,190,242,498,441,198,249,434,520,217,252,253,632,249,727,649,1100,1595,457,424,288,281,322,553,2130,564,639,1341,315,280,214,886,205,309,1482,289,341,249,210,450,383,589,254,249,460,829,222,200,959,342,759,450,385,188,203,657,706,346,260,663,257,1698,277,1672,2821,2108,706,460,408,516,418,326,223,389,395,213,731,390,393,490,343,491,595,310,308,921,737,252,290,191,209,549,696,694,637,527,263,495,533,613,608
2099,10,1180,272,426,711,391,206,187,596,265,556,208,253,227,181,424,296,505,541,186,438,198,222,435,2246,600,396,326,266,240,785,1388,650,452,222,709,658,685,222,4034,1247,185,266,220,264,300,575,183,187,465,190,341,178,191,672,211,812,539,177,3272,313,1724,481,508,314,232,206,203,208,489,3394,2145,217,1599,340,1148,1121,907,248,220,1571,212,1202,264,181,462,574,350,700,186,8920,340,192,673,502,185,511,1649,697,162,196,440,181,466,428,258,267,708,188,195,562,226,678
2099,11,458,188,243,5031,304,388,291,219,216,1823,453,903,342,188,216,2502,167,400,313,279,339,209,517,490,187,472,604,216,249,284,665,672,575,941,226,486,341,755,1150,499,1395,237,249,279,358,576,202,181,738,469,536,178,237,186,467,311,2266,300,571,2320,947,209,198,241,238,272,546,412,1151,1872,1084,181,508,421,1240,539,700,343,183,538,556,324,742,181,1247,472,233,997,405,2055,249,747,1251,573,248,322,354,581,963,306,477,184,3192,556,410,400,372,184,229,1072,316,1170
2099,12,1787,1837,769,257,201,259,923,212,669,508,419,424,190,772,219,463,183,243,192,2980,768,829,2638,300,342,242,218,189,286,400,1900,402,281,2611,216,355,1203,664,484,1755,226,176,254,818,242,2369,180,186,722,234,242,196,180,206,867,1558,335,1388,1001,566,495,1488,260,183,173,200,588,281,308,580,848,176,2027,1407,406,836,438,1457,292,1899,307,895,290,214,863,1243,403,2500,196,401,365,559,1947,413,1999,3954,230,1999,568,1160,1299,176,673,219,209,2941,1845,222,291,257,188,573
