Year,Month,a1b.bccr_bcm2_0.1,a1b.cccma_cgcm3_1.1,a1b.cccma_cgcm3_1.2,a1b.cccma_cgcm3_1.3,a1b.cccma_cgcm3_1.4,a1b.cccma_cgcm3_1.5,a1b.cnrm_cm3.1,a1b.csiro_mk3_0.1,a1b.gfdl_cm2_0.1,a1b.gfdl_cm2_1.1,a1b.giss_model_e_r.2,a1b.giss_model_e_r.4,a1b.inmcm3_0.1,a1b.ipsl_cm4.1,a1b.miroc3_2_medres.1,a1b.miroc3_2_medres.2,a1b.miroc3_2_medres.3,a1b.miub_echo_g.1,a1b.miub_echo_g.2,a1b.miub_echo_g.3,a1b.mpi_echam5.1,a1b.mpi_echam5.2,a1b.mpi_echam5.3,a1b.mri_cgcm2_3_2a.1,a1b.mri_cgcm2_3_2a.2,a1b.mri_cgcm2_3_2a.3,a1b.mri_cgcm2_3_2a.4,a1b.mri_cgcm2_3_2a.5,a1b.ncar_ccsm3_0.1,a1b.ncar_ccsm3_0.2,a1b.ncar_ccsm3_0.3,a1b.ncar_ccsm3_0.5,a1b.ncar_ccsm3_0.6,a1b.ncar_ccsm3_0.7,a1b.ncar_pcm1.1,a1b.ncar_pcm1.2,a1b.ncar_pcm1.3,a1b.ncar_pcm1.4,a1b.ukmo_hadcm3.1,a2.bccr_bcm2_0.1,a2.cccma_cgcm3_1.1,a2.cccma_cgcm3_1.2,a2.cccma_cgcm3_1.3,a2.cccma_cgcm3_1.4,a2.cccma_cgcm3_1.5,a2.cnrm_cm3.1,a2.csiro_mk3_0.1,a2.gfdl_cm2_0.1,a2.gfdl_cm2_1.1,a2.giss_model_e_r.1,a2.inmcm3_0.1,a2.ipsl_cm4.1,a2.miroc3_2_medres.1,a2.miroc3_2_medres.2,a2.miroc3_2_medres.3,a2.miub_echo_g.1,a2.miub_echo_g.2,a2.miub_echo_g.3,a2.mpi_echam5.1,a2.mpi_echam5.2,a2.mpi_echam5.3,a2.mri_cgcm2_3_2a.1,a2.mri_cgcm2_3_2a.2,a2.mri_cgcm2_3_2a.3,a2.mri_cgcm2_3_2a.4,a2.mri_cgcm2_3_2a.5,a2.ncar_ccsm3_0.1,a2.ncar_ccsm3_0.2,a2.ncar_ccsm3_0.3,a2.ncar_ccsm3_0.4,a2.ncar_pcm1.1,a2.ncar_pcm1.2,a2.ncar_pcm1.3,a2.ncar_pcm1.4,a2.ukmo_hadcm3.1,b1.bccr_bcm2_0.1,b1.cccma_cgcm3_1.1,b1.cccma_cgcm3_1.2,b1.cccma_cgcm3_1.3,b1.cccma_cgcm3_1.4,b1.cccma_cgcm3_1.5,b1.cnrm_cm3.1,b1.csiro_mk3_0.1,b1.gfdl_cm2_0.1,b1.gfdl_cm2_1.1,b1.giss_model_e_r.1,b1.inmcm3_0.1,b1.ipsl_cm4.1,b1.miroc3_2_medres.1,b1.miroc3_2_medres.2,b1.miroc3_2_medres.3,b1.miub_echo_g.1,b1.miub_echo_g.2,b1.miub_echo_g.3,b1.mpi_echam5.1,b1.mpi_echam5.2,b1.mpi_echam5.3,b1.mri_cgcm2_3_2a.1,b1.mri_cgcm2_3_2a.2,b1.mri_cgcm2_3_2a.3,b1.mri_cgcm2_3_2a.4,b1.mri_cgcm2_3_2a.5,b1.ncar_ccsm3_0.1,b1.ncar_ccsm3_0.2,b1.ncar_ccsm3_0.3,b1.ncar_ccsm3_0.4,b1.ncar_ccsm3_0.5,b1.ncar_ccsm3_0.6,b1.ncar_ccsm3_0.7,b1.ncar_pcm1.2,b1.ncar_pcm1.3,b1.ukmo_hadcm3.1,
1950,1,127,140,217,395,428,319,973,181,316,236,753,1255,119,702,181,210,154,136,269,132,497,142,131,150,230,249,1381,132,151,165,606,388,139,127,117,365,141,255,1784,125,139,317,354,219,299,1411,129,422,198,166,137,432,139,244,165,172,318,124,454,209,130,156,144,264,2149,121,189,131,501,257,117,594,149,202,150,120,134,225,281,361,194,1339,176,300,206,422,123,1057,132,177,148,140,477,121,320,135,147,173,210,333,2663,116,134,127,403,603,416,131,123,570,122,1544
1950,2,313,139,299,936,305,387,3008,225,398,208,463,1503,203,1025,133,203,167,214,367,770,275,197,260,586,113,244,2812,119,146,228,1010,1955,266,232,475,1049,229,919,878,203,118,319,687,459,344,3981,233,250,239,407,254,1353,232,177,166,183,384,525,285,240,209,288,122,486,3743,160,140,253,877,718,319,689,154,815,253,371,134,415,1564,305,517,3019,284,272,225,281,326,757,140,184,123,131,485,1291,342,241,159,394,121,347,1851,96,156,219,767,958,2094,163,193,771,185,1089
1950,3,428,114,384,3942,771,167,2208,385,474,125,408,835,260,385,417,750,396,89,370,1318,755,153,280,655,266,384,3481,81,293,368,1079,970,182,326,530,289,576,1448,577,499,81,449,3739,563,214,1571,389,402,165,394,175,467,413,956,728,84,1163,1506,471,122,243,640,210,553,2541,107,239,512,1545,670,977,156,1042,1880,399,330,90,1355,2567,370,211,2057,458,424,221,253,170,345,641,561,825,94,373,804,541,159,220,1487,216,472,3937,132,217,290,890,541,838,292,248,250,917,864
1950,4,93,53,967,733,464,79,259,146,122,81,397,125,78,114,149,1466,449,47,530,426,216,59,104,755,236,332,1742,59,97,1133,568,220,180,84,183,78,533,813,234,114,53,956,487,333,102,280,128,125,80,136,67,112,178,814,729,48,430,440,267,58,118,642,336,260,904,61,119,621,333,417,196,70,402,529,210,89,54,994,970,574,87,363,104,109,70,132,67,112,169,832,278,50,550,658,302,65,148,381,357,225,481,71,154,1272,537,206,162,150,86,71,370,293
1950,5,56,39,340,137,174,77,79,56,57,44,93,66,46,59,83,169,319,34,123,67,65,43,60,91,67,81,214,39,50,130,77,66,60,49,70,50,83,209,77,54,38,359,114,370,68,98,58,54,46,120,45,57,78,255,506,35,81,77,63,41,57,109,64,80,201,40,48,209,73,70,65,48,72,148,62,51,38,110,99,295,64,119,55,52,45,100,46,59,86,347,209,35,158,79,64,43,63,79,67,74,182,40,50,132,78,62,68,65,49,50,82,67
1950,6,34,31,62,56,53,34,51,38,37,31,44,42,32,39,39,61,69,27,55,49,42,30,40,59,40,62,63,28,35,85,48,42,37,33,40,35,63,58,48,36,32,70,51,59,36,44,42,36,32,59,32,37,45,60,67,28,57,45,42,29,43,53,40,67,60,29,35,85,44,55,41,35,50,54,38,36,32,67,58,56,38,50,40,36,32,49,32,36,42,60,84,28,66,44,43,31,38,56,42,49,82,29,35,90,45,50,41,38,32,35,56,50
1950,7,40,35,107,54,38,70,57,42,45,99,42,62,29,30,62,40,78,35,52,51,49,43,36,44,67,118,44,35,36,65,42,82,44,89,39,39,85,38,42,38,32,86,76,41,63,55,52,46,70,66,29,29,69,43,80,33,44,45,49,43,37,42,73,121,45,42,37,69,38,43,35,40,79,38,46,37,33,90,67,40,70,47,45,48,76,62,29,29,46,45,71,44,61,36,47,43,37,41,79,86,45,44,33,68,43,42,82,36,100,43,88,41
1950,8,41,147,185,217,286,102,60,51,93,83,71,144,51,66,85,39,79,51,40,177,135,122,50,40,114,164,41,87,69,165,66,115,54,50,55,36,114,63,40,48,104,203,244,196,66,73,42,71,111,75,51,66,88,40,72,60,48,174,104,111,41,35,88,116,34,86,71,131,75,40,56,34,109,67,51,40,80,178,156,286,64,64,46,87,99,91,45,53,117,39,80,56,53,150,137,167,41,34,73,146,40,79,76,146,70,36,97,51,43,38,91,46
1950,9,111,66,199,45,132,94,24,56,61,50,29,52,93,34,82,32,94,88,32,112,60,127,37,34,68,28,40,46,29,55,36,58,103,56,41,24,36,51,69,43,64,284,40,73,114,24,68,78,37,133,40,39,59,32,96,117,26,108,80,57,29,33,70,37,35,65,29,39,39,36,31,24,89,43,49,113,62,285,44,185,110,27,70,105,52,130,137,60,54,30,56,113,28,68,60,96,31,31,53,29,35,57,41,33,37,31,31,95,56,23,85,52
1950,10,48,232,63,65,80,53,27,211,28,28,25,29,79,46,177,30,113,83,44,102,120,44,61,47,83,164,49,74,123,142,34,29,33,30,46,50,97,93,50,151,198,70,89,82,55,26,110,25,44,29,184,34,58,33,155,218,40,109,190,97,38,52,46,208,28,34,134,169,28,27,79,104,116,44,82,61,134,47,51,85,65,28,118,25,27,31,99,30,117,30,155,227,30,152,262,34,81,52,138,167,48,75,183,91,33,27,59,27,31,115,101,61
1950,11,53,63,57,80,99,95,23,142,28,69,25,57,83,165,88,34,193,167,41,42,382,81,81,42,104,322,52,250,40,104,27,55,138,89,127,281,192,211,252,45,68,50,65,87,68,24,96,32,139,26,58,160,167,63,171,39,53,33,205,66,128,37,133,171,75,234,33,130,27,41,43,243,96,293,28,49,157,58,101,84,101,23,138,30,133,26,72,111,107,35,333,37,52,38,241,65,48,30,95,231,41,285,35,224,28,30,59,131,140,143,112,321
1950,12,32,84,57,45,34,32,23,46,82,108,29,27,126,71,39,56,408,84,67,138,254,30,73,222,52,208,209,147,34,254,73,37,174,310,29,82,101,319,293,33,107,125,40,32,47,23,86,64,63,246,125,64,38,34,466,81,60,107,398,30,63,191,72,171,176,141,34,334,94,99,37,82,83,308,37,43,88,67,45,37,29,23,54,80,54,338,114,141,39,57,416,51,65,170,254,40,82,218,62,279,211,101,41,233,91,83,40,155,159,162,108,212
1951,1,52,64,288,43,168,193,32,65,215,64,41,29,598,161,195,44,867,170,33,69,274,107,114,299,70,315,92,280,44,333,273,44,55,161,32,218,49,204,156,39,97,275,66,128,141,29,71,114,69,467,178,125,118,34,1079,193,29,109,194,103,98,205,52,654,132,200,67,184,238,117,30,196,47,226,50,51,126,354,59,190,112,27,47,172,75,308,330,154,181,44,573,170,34,57,182,51,111,219,50,513,85,232,60,250,247,200,47,58,181,109,49,161
1951,2,137,142,252,124,180,237,50,75,65,51,85,183,2375,75,87,246,1352,179,95,121,199,90,109,151,112,2863,56,825,107,472,205,202,61,151,180,261,88,231,149,118,67,294,83,277,280,59,71,168,45,162,1154,69,199,176,1017,125,64,120,317,81,119,168,115,3047,53,720,86,549,229,128,198,202,122,271,27,141,82,213,152,143,300,49,81,64,60,227,982,74,105,120,1916,131,110,110,266,151,130,180,152,2634,46,580,56,384,242,68,245,68,143,264,117,127
1951,3,198,72,261,93,147,1229,48,235,53,75,25,295,517,216,242,252,1423,224,39,100,332,58,188,399,99,2430,64,391,71,474,311,180,268,130,142,725,303,164,171,242,85,228,108,144,457,38,163,56,67,261,1524,159,176,137,1396,359,79,130,337,48,174,410,99,1864,67,507,53,1132,295,117,93,1593,210,194,122,194,96,173,71,158,1076,50,122,73,59,516,1777,240,203,259,1269,369,38,108,369,49,155,273,71,1937,70,428,79,1896,229,139,155,299,186,990,250,161
1951,4,116,108,93,45,162,347,32,101,48,38,27,137,241,124,111,78,851,217,35,57,200,35,129,334,54,788,57,229,122,1138,121,63,152,69,49,778,86,245,208,91,153,93,56,124,790,50,165,45,41,216,263,135,165,139,706,146,36,50,164,40,148,167,58,736,74,324,116,1100,106,57,48,359,89,436,46,108,92,135,45,221,433,57,129,45,44,213,220,162,161,133,841,128,36,53,186,32,80,274,86,649,73,201,201,984,109,69,83,126,76,540,126,222
1951,5,163,58,54,30,51,96,33,56,31,29,23,67,66,77,173,44,136,59,29,32,78,34,153,66,34,159,35,85,107,118,48,39,49,46,50,155,45,120,100,171,43,57,31,64,147,29,54,31,28,63,87,69,111,44,107,58,28,33,82,35,191,87,36,195,33,74,114,134,44,33,46,89,44,83,39,90,55,55,29,52,164,27,74,32,29,69,86,61,114,44,129,54,26,30,73,33,237,84,34,183,33,84,59,158,45,36,39,50,45,123,44,102
1951,6,40,29,32,25,30,49,44,34,27,25,25,43,41,31,37,33,60,37,25,26,47,26,56,40,27,65,30,42,38,52,33,27,37,30,27,67,30,43,48,40,30,46,25,30,50,31,35,27,24,38,44,30,35,29,58,34,24,27,39,25,51,43,26,66,28,42,32,52,33,29,27,71,30,44,28,42,30,32,25,31,47,28,33,26,24,40,46,32,37,31,60,33,26,27,45,25,50,38,27,61,33,42,35,51,32,27,28,37,30,67,31,54
1951,7,40,44,33,36,40,40,65,47,53,25,39,47,33,65,33,61,85,42,41,75,47,41,34,53,45,82,33,65,45,44,69,71,52,65,33,80,50,45,127,42,38,32,42,47,39,74,49,44,26,44,34,64,32,69,92,36,49,51,45,45,35,44,41,67,36,56,45,43,64,37,31,73,55,62,61,42,49,31,40,56,37,47,52,56,26,50,33,52,33,72,81,50,48,65,49,48,35,60,43,87,37,57,41,42,98,31,70,59,46,83,51,122
1951,8,129,99,43,48,118,141,40,79,195,46,86,99,92,293,168,111,223,69,68,67,81,159,98,53,88,50,35,103,91,244,64,185,41,161,75,79,56,137,362,116,124,36,46,79,152,56,58,313,48,101,88,206,175,80,143,58,86,109,89,231,87,80,98,48,40,109,98,256,64,40,51,79,62,97,49,90,115,37,59,71,111,69,55,215,54,123,88,286,175,97,156,71,53,79,82,198,74,47,106,45,43,79,89,212,83,48,180,39,228,98,65,292
1951,9,32,174,54,46,29,93,69,66,131,29,33,61,53,115,81,101,59,77,106,30,243,75,42,33,272,54,36,43,32,93,94,116,36,89,59,203,83,31,87,28,308,35,56,41,101,87,79,125,26,28,35,120,37,101,133,58,82,36,152,57,65,26,191,40,34,37,26,193,71,48,75,59,100,29,23,37,192,87,43,41,136,93,45,142,23,37,29,35,82,70,76,50,109,32,176,54,60,26,260,61,35,50,40,102,70,45,145,43,95,173,90,69
1951,10,26,115,43,22,45,32,22,32,95,25,226,84,63,48,60,53,37,24,24,29,30,89,61,151,34,65,53,27,36,118,50,33,25,179,62,37,76,49,252,36,120,84,23,46,51,25,29,93,26,35,40,74,72,66,45,23,24,30,30,103,62,150,51,50,52,27,41,58,64,28,75,193,59,52,443,30,168,36,24,53,49,26,43,64,24,38,63,44,106,88,74,23,24,38,34,83,125,81,35,52,49,24,27,53,57,24,31,25,79,31,39,187
1951,11,35,52,27,45,39,280,25,130,51,39,47,60,30,68,111,50,61,30,113,226,67,33,138,28,27,120,33,47,145,158,119,55,56,67,105,40,46,23,348,37,36,27,36,28,103,24,157,63,42,32,38,44,77,44,52,37,66,121,73,31,182,28,27,139,24,50,105,229,136,96,107,35,58,23,505,42,42,28,57,33,227,24,88,91,71,26,33,58,49,47,119,31,97,252,93,28,118,79,26,132,31,43,164,194,116,101,39,50,88,30,77,432
1951,12,101,42,116,167,108,51,37,272,103,65,45,71,146,29,501,60,56,31,28,73,37,52,406,135,90,93,26,43,67,89,65,70,208,96,37,35,271,23,375,147,45,175,170,181,194,39,255,111,54,50,290,29,1045,57,88,22,73,161,43,40,248,88,76,78,38,36,117,99,55,35,47,36,583,23,939,158,39,188,155,162,52,41,222,90,35,50,262,27,611,50,37,27,62,48,39,53,385,126,102,73,27,49,73,96,81,27,46,164,73,37,321,307
1952,1,339,39,252,304,1264,45,49,64,51,360,649,153,812,139,267,88,208,125,97,91,35,90,287,76,46,38,25,127,81,2062,43,194,70,131,68,74,341,25,347,229,36,178,280,405,42,50,70,62,358,342,490,126,128,97,217,136,144,57,40,104,373,151,96,44,26,160,91,894,42,63,137,85,108,24,918,256,37,204,363,584,42,44,133,47,264,182,351,63,282,125,216,91,143,67,34,118,200,106,43,35,24,69,136,1397,40,44,189,130,185,79,138,501
1952,2,158,45,163,144,361,73,110,65,110,201,324,360,226,798,203,112,73,32,92,104,51,83,1465,84,192,122,46,65,1001,1104,66,107,65,136,163,51,132,42,590,220,41,171,170,881,68,110,93,98,138,124,364,522,141,117,100,34,97,210,51,66,784,150,195,83,38,53,274,2569,82,131,104,49,116,37,636,192,48,163,167,1022,56,115,79,98,318,280,453,681,183,72,81,37,55,184,61,56,917,133,204,93,51,153,485,1445,88,115,110,43,182,38,212,450
1952,3,133,241,96,152,1023,46,76,100,48,165,449,247,353,474,139,58,94,250,568,275,30,254,442,202,62,111,92,86,886,263,408,98,334,452,60,499,172,265,442,123,210,91,159,622,64,54,81,53,194,149,379,703,150,59,112,222,429,143,32,383,795,150,75,109,96,78,1470,382,523,122,83,388,100,203,1579,150,209,77,168,731,45,58,92,47,132,270,655,683,134,59,112,173,827,128,31,235,705,134,74,125,109,92,1800,832,344,146,86,219,720,590,133,823
1952,4,82,55,64,95,253,33,38,44,33,86,450,224,653,216,72,36,46,45,202,117,27,155,140,217,40,54,27,34,800,102,109,46,175,749,38,134,71,100,569,87,55,58,108,236,36,52,45,35,81,128,555,176,73,35,56,46,218,96,29,96,196,166,45,55,27,36,697,113,168,46,41,96,55,66,339,85,76,52,107,247,34,36,43,34,88,87,356,221,83,34,54,65,300,106,29,168,174,125,39,42,30,35,486,154,254,55,44,291,476,106,69,435
1952,5,42,38,36,40,72,48,29,31,30,41,125,75,137,64,55,28,33,31,80,48,25,47,64,48,51,54,26,28,98,56,42,35,94,69,29,106,41,38,96,41,33,36,42,67,41,26,34,30,40,76,286,58,51,28,37,31,80,47,25,48,68,49,46,51,25,33,99,59,47,36,31,84,36,49,116,47,34,37,42,71,36,29,32,29,43,76,229,62,55,28,35,32,70,46,25,48,64,65,41,51,27,30,82,59,46,32,33,85,74,75,41,78
1952,6,37,26,29,32,41,25,25,27,29,31,46,43,52,63,34,24,26,27,40,35,24,31,42,34,26,32,23,29,48,40,36,27,34,41,25,56,30,31,46,33,26,29,36,42,24,25,27,26,31,34,49,50,30,24,27,27,43,32,28,30,43,35,34,40,23,26,48,39,37,30,27,38,27,33,57,34,27,29,39,41,24,26,26,28,31,35,52,60,34,25,27,27,42,32,29,32,42,35,26,31,23,26,46,38,39,30,26,35,43,70,30,46
1952,7,62,37,26,64,94,35,36,79,45,27,38,43,51,71,41,65,87,49,52,47,37,46,50,40,42,52,56,28,58,39,54,34,50,47,63,117,31,74,43,58,35,27,101,55,44,43,76,49,28,132,55,79,42,71,52,41,54,47,49,52,55,43,40,40,67,28,56,51,50,35,58,66,31,74,45,53,37,26,78,95,45,42,88,45,26,143,64,65,46,65,74,46,42,51,50,46,49,42,42,50,67,28,55,54,51,35,33,51,47,111,28,48
1952,8,74,77,30,129,98,178,179,133,227,31,34,49,66,57,132,96,42,77,117,82,79,76,112,74,36,51,37,45,37,80,132,123,223,97,95,50,79,51,64,62,56,37,64,193,199,173,212,118,29,62,60,45,134,92,85,75,90,52,52,81,102,81,42,91,45,41,33,47,125,230,95,102,63,54,166,107,77,32,99,91,231,111,148,156,34,50,62,62,139,107,51,63,109,50,44,60,97,71,46,54,41,41,39,49,143,220,153,164,99,55,86,58
1952,9,106,111,77,67,97,73,60,98,30,26,37,51,64,29,56,79,25,76,29,116,46,50,100,62,25,30,91,47,63,24,124,136,146,128,127,59,68,67,35,145,49,101,34,75,127,46,68,49,27,40,43,45,48,130,33,102,33,166,75,53,155,219,23,33,84,31,65,32,140,163,137,76,80,79,107,52,132,66,42,95,88,78,69,64,25,57,47,51,97,145,31,59,29,57,80,53,99,127,23,29,90,33,52,26,93,197,147,135,120,67,75,30
1952,10,48,67,29,34,78,97,117,47,59,46,27,26,36,68,26,93,41,58,75,137,80,81,40,150,27,523,58,74,161,25,175,85,38,112,55,32,30,41,34,42,134,28,44,51,44,97,54,195,29,44,41,39,27,81,42,55,220,103,28,71,56,47,28,555,42,58,199,25,133,46,109,36,27,44,38,123,34,33,28,70,47,172,54,172,39,74,35,43,29,68,37,59,304,214,28,43,76,58,31,475,54,53,210,24,127,88,83,27,50,55,25,33
1952,11,64,26,88,24,50,52,132,38,170,56,54,36,58,46,29,125,38,351,271,97,94,68,55,111,42,62,149,27,71,23,147,32,101,49,81,82,255,80,23,82,30,145,23,53,51,118,38,102,36,164,95,45,29,277,37,275,78,133,86,51,68,150,33,48,156,28,53,23,278,100,72,64,204,51,100,94,47,100,33,47,34,94,30,115,35,67,54,48,26,198,39,186,86,95,91,58,51,66,33,46,168,27,37,23,344,48,33,166,55,56,183,23
1952,12,108,34,74,56,45,45,75,102,179,298,30,34,147,28,101,267,26,129,263,187,59,41,79,461,95,48,238,33,58,35,186,33,74,225,152,140,37,122,230,66,32,38,63,49,63,113,167,125,302,32,156,26,113,84,26,185,277,107,78,37,57,469,113,41,228,29,69,37,61,101,195,117,36,205,63,80,25,44,55,47,43,118,201,131,464,56,129,25,107,188,26,204,254,157,66,31,63,507,97,49,306,30,94,42,67,84,32,33,223,135,38,252
1953,1,243,48,39,42,46,30,129,174,56,238,38,113,417,53,59,200,54,97,241,107,103,31,69,560,89,39,185,95,1600,245,144,158,82,1149,302,44,137,67,77,181,38,36,65,37,40,212,86,57,227,31,137,82,59,224,40,117,250,195,50,31,90,293,83,56,229,131,1304,122,163,57,223,41,157,57,57,206,70,39,63,35,29,140,64,61,177,29,187,98,60,168,78,111,288,104,87,33,86,306,65,42,246,120,852,190,197,54,149,128,829,44,150,91
1953,2,376,32,140,69,138,229,346,189,138,246,26,136,129,164,41,234,25,401,232,123,110,79,47,211,230,67,238,109,422,59,303,96,141,1117,165,58,510,124,56,840,74,137,46,139,277,211,376,82,286,89,386,66,56,288,41,277,178,123,143,68,49,275,221,93,266,131,374,142,262,46,239,54,540,147,77,683,74,136,54,305,304,163,596,128,222,101,408,99,52,381,26,298,153,181,105,85,60,214,130,64,223,87,551,69,160,42,80,69,1334,38,499,55
1953,3,549,102,166,38,193,79,332,902,127,188,334,181,130,229,76,1901,32,378,320,303,73,210,262,75,66,66,474,90,178,42,204,146,88,999,318,69,1326,51,111,234,72,209,36,186,97,426,1307,114,236,115,163,318,55,1437,33,486,283,395,71,169,395,80,59,73,337,67,419,34,242,38,271,71,852,56,143,347,56,241,35,103,65,272,870,152,166,142,200,321,70,1868,27,300,190,218,81,139,346,82,121,64,472,87,475,35,301,43,172,126,1246,90,642,87
1953,4,164,33,72,54,60,63,690,968,65,84,161,91,90,122,32,868,53,337,293,362,154,65,178,66,41,60,272,77,314,30,75,115,53,665,499,45,308,37,48,156,31,59,43,62,60,294,614,63,92,235,133,130,35,1178,53,194,253,291,100,56,120,65,40,54,286,116,287,30,76,31,322,44,745,40,40,175,32,58,44,54,67,274,1036,54,82,187,111,110,32,419,45,270,305,317,99,68,109,67,38,73,182,75,396,30,79,31,78,44,621,51,815,56
1953,5,83,33,35,27,35,41,105,320,42,49,79,56,47,49,27,146,46,71,63,212,46,51,44,98,91,47,63,38,93,40,45,73,36,192,99,28,88,47,35,66,31,35,28,34,38,190,198,41,52,48,47,43,27,133,39,65,62,210,49,51,44,67,85,41,63,33,72,37,46,64,196,28,103,36,31,70,34,35,27,34,35,260,174,43,48,66,57,43,27,211,34,65,62,268,52,56,49,66,59,57,62,31,86,30,47,62,51,34,142,29,105,40
1953,6,41,28,33,23,30,26,47,75,28,54,34,35,34,33,26,57,23,44,39,92,28,26,32,32,92,26,40,25,45,24,31,31,28,56,56,24,48,26,35,39,28,34,24,29,27,52,87,27,57,35,35,38,25,57,26,53,37,125,27,26,33,31,49,27,38,26,44,24,31,28,56,25,51,40,26,42,32,32,23,27,26,47,64,28,44,32,34,37,26,58,26,43,36,76,27,32,32,32,43,27,40,25,46,33,31,43,29,27,55,24,52,29
1953,7,117,38,61,47,37,39,42,57,47,117,70,38,79,43,41,72,42,44,108,53,40,92,61,43,80,34,49,44,53,82,40,31,58,43,77,45,54,42,36,91,38,65,51,36,41,43,56,60,135,41,73,40,54,75,38,61,117,82,40,103,90,43,108,39,52,33,50,69,40,61,84,43,51,59,27,89,38,58,46,37,37,46,54,63,182,39,68,40,51,83,38,45,115,70,38,96,80,39,103,34,39,35,56,68,41,61,33,52,43,46,57,38
1953,8,266,140,84,60,44,68,75,65,77,67,140,217,167,54,85,92,155,49,119,183,65,78,89,38,248,59,89,92,57,176,34,46,44,67,175,94,75,64,43,299,137,73,50,51,103,87,51,33,59,63,142,51,68,93,144,61,125,166,54,80,85,39,191,53,78,142,46,170,34,91,242,98,84,47,50,288,96,101,62,40,80,78,54,41,59,83,137,70,79,93,141,68,110,169,52,72,76,39,198,65,115,100,51,209,37,99,74,57,100,120,85,37
1953,9,74,96,27,40,30,25,38,216,27,131,95,115,37,24,40,57,96,50,334,113,31,136,58,54,141,78,75,39,55,117,29,37,36,80,149,57,36,31,26,70,111,26,46,28,26,40,251,30,46,75,45,24,28,105,91,62,275,190,43,91,38,131,55,81,56,31,54,157,28,121,158,28,46,25,108,80,104,26,43,28,39,49,227,30,149,65,37,23,34,93,67,59,361,145,30,104,39,90,74,83,140,29,53,93,29,83,32,64,114,27,40,29
1953,10,35,92,196,85,33,39,35,40,34,53,28,55,90,30,68,256,29,243,293,90,56,84,46,114,27,68,48,38,43,119,23,113,72,77,38,212,24,23,25,39,213,157,81,49,27,38,42,27,114,25,202,28,70,268,28,1245,158,59,73,54,40,26,25,60,96,31,39,123,23,219,31,99,24,23,37,33,77,61,79,47,39,26,55,28,37,28,189,28,71,93,26,424,323,45,58,95,62,77,26,65,43,37,37,153,23,289,50,39,121,185,25,24
1953,11,37,76,46,72,89,23,58,238,42,65,26,56,173,33,78,97,29,1288,400,86,115,34,119,31,52,29,24,47,76,45,25,72,156,78,99,836,44,23,24,31,47,51,84,143,35,58,274,33,86,47,50,32,42,101,29,173,490,137,116,78,98,30,34,31,39,52,175,55,34,332,65,600,34,23,50,44,167,146,113,66,23,59,177,33,93,56,60,44,63,233,27,282,176,124,73,37,56,33,48,27,24,50,142,48,34,294,127,71,40,408,39,23
1953,12,40,34,31,52,131,51,109,53,25,27,52,29,91,30,28,62,66,126,442,76,190,490,36,120,125,31,290,46,225,44,30,55,484,65,65,73,40,30,29,40,35,29,79,71,75,101,64,26,29,98,100,28,39,70,80,142,970,98,212,488,37,81,178,33,403,46,92,53,30,314,88,110,51,30,82,41,38,31,53,107,63,105,142,27,28,105,84,32,31,70,83,170,665,70,216,1064,48,129,158,34,262,45,164,38,24,641,62,515,53,103,56,33
1954,1,270,65,358,69,102,93,56,132,36,111,228,31,125,102,126,128,74,220,1668,101,58,361,52,260,301,38,114,48,112,205,44,167,1245,346,153,85,33,52,142,174,55,424,46,199,54,68,139,58,65,43,219,85,132,159,100,129,1430,100,61,257,53,276,198,28,114,39,122,169,43,953,147,78,45,51,41,196,76,259,64,97,78,54,144,65,81,46,123,93,119,165,82,202,1513,99,63,256,56,282,585,32,126,44,75,190,47,1095,196,952,175,101,31,177
1954,2,86,140,89,121,213,77,352,163,62,102,123,57,440,157,110,974,48,148,1063,110,182,281,109,104,833,113,243,38,172,164,159,66,977,451,228,149,152,42,112,104,109,79,151,93,60,247,131,45,213,83,330,120,96,484,39,144,1189,178,235,459,59,96,619,62,203,30,219,215,232,1334,184,186,170,36,231,122,134,158,129,226,50,370,120,46,162,121,462,171,94,941,39,290,1028,191,187,237,94,104,361,111,207,37,277,224,180,1413,87,1189,470,156,201,103
1954,3,73,383,139,216,86,224,243,76,63,193,67,107,329,64,86,493,37,103,1518,377,298,710,188,148,1384,49,682,27,238,497,181,402,1333,359,84,181,44,42,36,94,260,131,139,79,135,315,88,40,183,59,299,102,78,854,42,98,1711,400,210,774,301,162,1155,91,620,31,167,472,98,1265,97,268,40,56,89,81,403,135,148,92,175,282,114,48,190,85,264,78,84,628,40,205,1979,432,315,534,241,151,853,43,697,27,150,339,112,576,382,1094,363,228,37,37
1954,4,39,105,76,66,62,56,235,43,38,120,48,178,98,55,38,175,38,69,888,130,243,495,103,247,551,32,318,25,174,257,318,228,521,147,302,80,35,43,58,47,181,70,60,53,85,160,43,45,91,49,95,61,35,218,40,68,553,233,312,709,78,212,417,32,305,25,112,333,265,436,198,93,32,34,94,45,199,91,82,49,102,324,46,37,77,39,117,82,37,306,34,80,701,117,159,849,66,172,655,33,236,25,132,301,272,421,261,853,214,85,35,63
1954,5,32,63,40,79,43,33,141,37,38,124,35,45,77,36,32,76,27,45,130,44,82,98,47,240,109,25,104,24,55,60,53,50,131,66,54,43,27,26,44,31,56,37,38,40,31,168,38,52,154,28,60,34,30,86,26,44,101,50,76,107,41,201,107,25,116,25,49,64,77,89,74,46,28,28,38,32,54,41,92,42,33,102,44,37,154,29,83,36,30,91,25,54,182,47,77,96,41,302,106,26,99,24,52,57,62,74,51,109,73,45,28,44
1954,6,25,35,28,30,31,32,46,27,24,53,32,33,41,37,25,44,25,32,50,31,38,52,28,55,55,25,56,23,33,34,32,39,50,47,38,30,25,24,53,26,34,29,76,31,27,45,27,24,59,25,57,52,25,47,25,31,53,34,38,49,29,59,52,23,53,23,31,35,32,43,34,32,28,23,29,26,44,30,31,29,28,43,29,24,42,25,40,77,25,46,25,38,50,32,37,48,28,69,64,23,52,23,32,35,33,47,41,48,56,31,26,36
1954,7,70,39,35,52,44,48,47,34,30,43,32,53,89,69,34,46,24,52,57,45,46,51,60,58,135,47,47,66,35,40,66,44,59,52,39,39,29,36,73,77,40,32,58,40,53,44,35,29,49,96,88,65,34,43,24,39,51,40,51,41,63,59,113,46,46,60,32,42,67,88,40,36,31,37,111,85,42,35,58,41,50,47,30,31,53,106,86,53,37,43,25,51,66,37,56,50,45,58,95,46,46,67,32,43,63,71,41,58,51,36,33,77
1954,8,55,91,46,79,128,75,42,42,41,74,87,73,84,137,33,109,40,38,114,79,80,44,128,80,165,67,77,105,61,108,135,35,62,47,53,68,38,78,542,48,91,45,68,91,62,44,37,48,56,71,78,106,32,79,41,45,92,81,85,62,111,71,156,68,61,107,61,89,120,94,53,72,33,57,80,50,85,44,85,96,91,44,46,37,65,54,78,102,31,78,49,48,113,73,70,44,208,77,253,76,86,84,55,111,110,66,37,82,45,70,29,350
1954,9,39,51,59,150,85,60,33,39,67,79,266,24,65,30,29,36,29,218,157,30,38,35,31,33,109,33,84,118,55,57,92,24,40,48,96,85,26,22,97,37,83,68,310,63,74,27,55,77,103,47,78,41,30,29,27,100,196,25,57,40,34,35,141,49,77,106,66,82,66,52,72,89,28,23,138,46,44,68,233,94,84,31,46,87,86,69,64,41,29,39,27,148,171,25,40,30,37,36,88,32,76,96,90,106,101,76,24,34,42,95,28,188
1954,10,23,28,28,280,84,26,54,24,34,234,77,635,64,37,26,24,38,53,50,29,33,46,27,24,64,38,62,189,80,55,98,64,33,31,37,77,26,115,184,23,27,37,264,81,25,160,25,34,207,77,168,23,32,30,37,111,73,44,27,145,27,27,44,56,32,223,89,40,197,25,34,73,25,111,56,23,47,33,387,54,25,105,23,37,118,47,84,24,30,23,41,67,55,46,35,65,25,24,41,39,38,302,74,53,166,24,67,26,24,63,26,229
1954,11,197,49,110,97,149,28,118,29,109,69,104,149,219,77,30,24,81,100,40,33,33,136,58,167,58,32,305,188,69,38,390,133,47,37,169,106,339,61,47,97,53,113,65,132,25,57,30,100,57,46,146,65,24,24,85,105,47,23,35,35,157,116,67,29,306,201,60,73,292,49,154,177,225,68,90,207,63,148,51,75,29,53,28,78,138,74,214,65,25,25,84,134,52,23,35,134,173,250,43,34,344,164,137,44,290,58,126,61,36,171,344,48
1954,12,244,77,99,69,97,33,59,116,52,71,97,81,116,365,33,25,28,608,75,29,31,34,253,453,29,378,62,221,288,53,181,56,52,59,55,78,46,91,63,371,78,99,63,110,33,41,126,66,76,31,155,259,33,25,26,608,91,29,23,49,141,444,28,402,86,230,342,38,208,30,74,40,154,96,64,219,86,73,66,130,29,54,133,82,63,35,120,240,22,25,25,509,89,25,30,33,92,530,39,510,69,180,333,53,166,30,49,35,43,38,48,82
1955,1,110,40,141,180,396,31,37,68,123,422,150,260,260,143,87,99,77,463,172,138,295,29,170,1163,192,195,167,144,94,96,305,322,146,88,89,35,109,52,131,118,44,164,211,314,35,36,64,92,491,67,271,150,92,92,74,408,191,188,266,28,171,1064,148,511,141,159,86,158,291,331,52,39,99,52,128,120,52,200,138,425,33,36,65,126,627,45,227,197,66,118,77,326,325,190,206,30,216,601,180,472,141,248,77,131,144,239,415,159,65,35,79,207
1955,2,248,122,343,877,215,23,245,115,137,485,965,660,215,189,611,187,101,298,366,151,858,91,499,956,81,713,103,148,156,355,487,200,165,134,103,49,274,43,288,240,125,355,654,245,23,110,122,136,267,47,196,169,290,166,68,551,369,80,605,158,559,880,129,817,125,117,124,262,358,119,83,52,325,45,73,662,133,327,826,228,23,242,97,156,204,78,217,162,753,178,101,430,167,68,939,133,1452,1278,89,1026,117,165,174,154,542,166,219,135,112,59,289,283
1955,3,1545,59,204,1305,435,35,184,291,166,284,882,1979,269,122,317,382,58,986,352,237,446,133,1586,860,121,1472,85,148,253,645,1083,562,79,129,62,82,177,190,598,2521,61,192,1562,369,26,201,334,290,290,63,275,118,576,505,45,994,316,356,545,161,1607,755,175,1362,84,169,194,610,867,100,52,77,124,127,297,1533,42,254,2629,311,32,169,249,203,233,63,211,112,301,567,54,1400,360,176,417,194,900,752,78,484,97,225,177,821,1109,105,604,104,127,68,149,473
1955,4,1128,33,136,1715,240,29,110,90,212,389,332,412,356,116,173,287,62,807,144,136,112,65,604,247,67,321,69,71,247,737,777,423,93,113,42,46,70,58,107,502,34,106,1399,177,32,122,105,125,264,37,192,91,257,396,58,1084,150,136,128,50,575,337,64,183,67,93,303,643,1047,90,50,49,63,156,246,1080,36,90,1026,168,30,94,88,219,353,44,213,101,250,324,46,682,156,189,112,55,310,247,80,373,92,67,196,651,1080,99,294,94,66,61,65,190
1955,5,145,31,72,337,59,24,55,52,58,128,82,77,68,63,53,101,31,86,59,46,55,35,87,80,39,66,35,42,91,78,80,183,69,61,37,29,42,32,54,113,31,70,406,58,24,59,45,67,173,30,73,52,57,87,28,97,54,47,54,38,82,93,37,61,36,44,102,75,95,42,29,32,42,37,62,123,30,80,154,60,25,52,51,61,156,30,94,57,58,84,32,100,54,48,52,40,69,87,35,68,37,41,166,72,95,48,140,47,47,30,41,77
1955,6,55,25,43,64,38,22,30,30,37,43,45,42,41,35,41,41,36,50,36,35,34,30,47,45,51,43,27,32,42,46,49,46,31,28,26,24,31,31,52,51,25,39,61,36,22,30,38,35,44,27,41,33,36,40,32,52,34,44,35,30,47,48,34,40,28,31,42,43,50,29,27,25,31,49,37,54,25,42,56,36,22,30,29,39,44,30,41,32,38,39,30,57,35,44,34,28,46,45,71,44,29,33,43,42,50,29,46,30,32,24,30,38
1955,7,46,31,38,49,38,23,69,30,53,45,55,68,41,55,45,119,49,70,42,50,35,48,82,66,61,33,28,86,42,79,58,60,128,38,42,29,38,52,69,53,32,38,55,47,23,82,30,56,42,63,41,54,54,93,38,74,48,37,35,50,83,67,95,31,27,80,41,77,55,35,35,29,37,40,39,49,32,37,47,43,23,69,30,53,49,67,42,53,61,94,56,60,50,49,37,46,72,79,72,34,26,95,44,86,47,41,65,104,36,29,36,78
1955,8,67,47,63,74,92,58,109,31,49,66,112,112,78,54,127,100,77,56,54,148,65,117,136,149,102,48,49,247,62,62,260,94,162,75,41,46,46,280,96,63,49,65,65,73,48,85,33,49,71,167,72,62,69,88,88,68,70,104,59,143,130,129,139,52,49,223,60,59,208,43,64,35,53,298,87,62,46,46,67,80,63,148,31,42,72,179,110,63,80,122,72,75,31,122,67,129,160,93,116,53,63,241,59,62,288,48,73,255,69,35,51,88
1955,9,42,36,34,51,50,57,110,104,54,51,68,80,90,59,43,142,62,73,29,37,26,110,56,91,213,43,59,249,60,35,61,46,48,68,36,58,34,48,47,92,40,44,52,40,59,161,133,53,70,100,83,58,59,71,54,41,32,40,34,102,38,102,170,54,58,545,95,30,42,57,33,34,56,42,120,130,34,33,66,48,69,88,132,64,56,95,64,49,48,82,46,61,30,33,26,82,81,166,218,44,54,139,56,28,70,54,46,34,105,47,41,40
1955,10,139,27,23,182,30,143,26,67,27,101,31,33,37,95,52,33,29,27,167,26,38,45,39,27,154,43,46,53,91,154,82,24,24,57,22,41,54,28,36,174,30,23,163,32,128,32,79,28,106,38,39,47,118,32,40,63,126,29,40,65,46,25,212,42,47,38,272,51,157,23,22,35,43,26,29,110,31,23,218,39,83,32,83,25,111,89,70,50,186,38,29,45,171,26,33,56,41,27,211,47,55,110,216,146,82,23,27,25,52,53,30,34
1955,11,139,34,47,31,131,145,25,81,222,47,77,128,128,112,196,56,62,34,92,29,40,46,134,37,513,37,110,40,222,143,135,74,26,38,44,108,94,42,86,53,27,48,29,118,160,24,62,199,41,104,117,143,127,86,51,37,122,24,38,50,116,39,279,42,111,44,46,232,52,74,32,88,98,66,53,67,31,50,44,112,182,24,68,100,50,63,141,116,94,103,49,41,92,26,48,48,113,37,432,30,128,45,125,207,105,92,83,23,51,87,125,78
1955,12,747,289,161,105,318,218,84,36,162,157,158,113,51,155,66,152,63,31,261,82,187,93,36,53,957,81,247,80,40,65,58,103,65,32,340,74,63,89,156,900,390,149,104,352,253,94,50,132,110,597,48,167,68,141,62,57,567,60,190,111,43,50,698,51,244,57,34,86,45,94,807,87,58,58,143,557,293,156,75,217,287,117,44,228,172,312,45,145,82,106,68,49,264,92,147,88,40,59,626,74,186,57,40,86,50,58,116,56,32,82,66,158
1956,1,575,188,199,454,159,265,148,42,207,60,303,99,49,244,53,79,71,133,202,79,59,86,109,26,1718,156,195,103,220,118,540,117,99,110,594,78,45,32,115,626,179,424,1077,343,205,166,34,205,151,370,61,299,47,76,116,142,266,136,71,90,98,27,1712,346,144,97,185,85,488,308,146,141,44,29,1495,683,149,258,989,327,289,225,34,232,66,828,54,197,49,113,101,170,359,55,241,112,127,26,1696,319,213,97,148,130,522,245,65,127,72,134,40,199
1956,2,962,128,438,923,687,224,224,56,157,62,346,44,172,288,221,199,252,93,220,102,99,282,67,105,1575,632,254,47,94,65,341,48,200,256,103,155,84,94,221,1113,145,259,1184,695,354,167,78,185,58,217,214,261,175,218,180,93,287,88,123,270,138,123,1626,307,250,53,62,107,312,66,119,69,43,68,1621,480,151,377,864,928,290,199,54,156,78,175,242,491,225,222,192,70,294,98,84,260,101,59,1303,223,171,55,176,88,293,82,77,171,190,77,55,102
1956,3,2143,126,163,1086,960,1326,129,168,188,104,835,275,335,349,139,113,337,83,315,129,692,593,183,80,1603,260,619,45,158,121,819,180,86,106,565,50,320,41,111,1571,149,178,758,749,725,186,119,170,126,777,217,281,157,97,371,64,345,92,449,318,115,59,2349,350,671,46,189,203,412,449,624,46,344,61,2423,2432,156,169,1069,549,1162,131,172,241,98,614,316,260,154,107,266,65,291,125,479,620,87,128,2322,350,692,53,225,157,443,357,149,111,143,57,235,97
1956,4,472,94,118,308,576,373,72,113,109,67,210,180,83,138,66,62,125,72,159,40,102,188,155,33,1389,151,180,55,187,108,482,100,44,74,146,79,119,30,86,733,95,111,211,430,654,73,182,85,79,329,93,151,108,56,148,69,127,42,171,288,231,37,784,186,228,70,137,87,573,165,172,74,108,30,1353,538,178,105,313,427,741,87,112,109,81,288,84,108,76,63,121,55,218,40,146,187,176,33,817,197,149,56,220,163,966,239,80,55,74,61,162,77
1956,5,115,45,81,70,167,143,37,67,47,33,77,69,47,55,50,39,46,39,78,31,46,70,226,26,206,63,71,30,111,42,111,40,33,41,60,38,50,36,43,176,46,108,71,215,187,38,68,53,36,79,47,55,44,38,46,50,69,30,46,87,86,26,272,61,71,30,133,45,181,53,62,43,51,30,297,111,50,55,79,241,147,40,115,49,37,75,52,51,54,37,44,45,75,29,46,70,82,28,247,79,63,29,142,47,99,54,39,34,42,47,55,42
1956,6,52,30,40,46,51,54,30,35,33,30,49,37,31,33,35,29,34,27,36,25,32,37,40,24,59,59,37,27,36,30,46,28,27,28,38,32,32,25,28,57,30,41,41,54,57,31,37,31,32,46,30,34,31,27,35,26,36,26,31,37,45,24,58,64,39,27,35,30,55,37,41,26,31,28,62,54,32,80,44,54,53,30,33,32,30,44,32,33,34,29,34,26,41,25,32,38,51,24,62,51,37,27,41,32,49,36,28,27,27,27,30,28
1956,7,61,44,54,47,35,53,49,31,32,50,52,51,55,28,63,29,41,48,39,73,116,53,46,48,52,50,34,48,60,36,41,75,41,45,51,43,48,47,50,70,40,59,46,33,54,47,32,36,53,44,50,29,62,30,42,60,46,69,103,64,53,48,47,64,33,36,71,37,41,91,50,47,42,40,54,66,45,56,53,34,54,53,30,42,51,49,51,30,61,30,41,46,47,75,87,54,46,43,46,62,33,34,66,34,42,73,95,41,42,44,35,42
1956,8,104,134,51,48,50,70,146,30,136,55,140,50,44,29,105,48,40,84,71,111,255,83,57,39,98,38,48,47,48,75,80,97,63,57,76,88,36,47,71,112,141,52,43,53,80,216,35,122,70,53,35,29,104,47,40,70,92,83,187,66,95,38,143,36,52,59,57,73,90,46,67,75,37,54,69,137,133,60,57,53,65,211,34,128,57,43,52,29,105,46,39,67,72,99,184,99,66,43,133,39,59,61,52,62,87,48,91,65,47,60,52,76
1956,9,99,28,76,74,68,38,181,47,110,133,106,38,55,31,36,31,41,102,40,36,88,43,131,28,66,57,83,61,98,55,28,151,23,35,119,33,74,122,30,67,29,79,52,49,37,105,52,56,151,30,52,27,56,29,49,114,51,52,264,54,97,24,44,35,88,53,172,52,45,36,60,45,78,45,46,144,47,98,66,123,35,112,44,69,113,32,63,28,38,28,47,94,33,58,232,45,119,32,41,47,98,65,153,35,29,31,199,23,38,47,102,26
1956,10,77,55,77,31,60,29,101,97,30,75,84,29,39,33,72,23,40,26,113,38,195,29,271,37,95,408,37,49,121,46,23,103,32,69,53,24,595,59,37,96,61,84,34,89,49,58,91,32,68,27,51,43,45,23,65,25,110,44,48,41,205,40,54,407,45,46,111,51,23,63,147,28,278,142,142,64,51,90,29,32,28,87,50,29,92,32,39,27,69,23,57,25,46,80,60,45,238,39,53,660,33,72,45,84,23,50,110,31,162,25,282,44
1956,11,47,88,81,49,103,33,48,54,28,290,82,125,70,22,71,22,45,70,86,406,94,49,40,90,53,74,63,88,92,112,31,79,49,150,43,42,72,50,36,51,121,88,80,236,32,101,34,26,370,90,77,23,85,22,23,48,64,317,95,28,254,75,72,58,78,92,63,103,23,110,58,49,533,56,278,33,106,83,67,203,28,86,57,26,319,67,70,31,50,22,23,53,149,371,53,36,78,50,83,64,105,68,145,106,30,51,82,54,38,50,535,32
1956,12,41,146,138,147,218,260,77,45,91,58,77,392,35,112,99,22,206,178,119,263,72,59,133,39,90,220,101,662,78,46,436,122,113,158,27,40,168,353,30,43,120,115,111,54,353,51,52,133,74,33,31,77,88,22,188,151,146,446,58,68,219,59,97,156,66,1234,121,90,485,55,31,33,114,339,100,55,100,134,96,77,250,47,62,176,61,45,65,78,112,22,119,184,106,323,115,66,186,89,95,145,77,292,117,75,425,101,150,112,138,37,163,54
1957,1,63,59,116,34,67,516,47,93,177,316,50,202,1445,48,241,80,87,291,92,335,165,136,387,82,50,568,66,514,102,180,1446,280,55,80,517,85,168,100,57,60,62,122,38,72,263,51,76,118,269,94,1179,106,150,85,104,314,107,323,164,106,353,82,50,700,87,166,65,172,2279,116,419,73,194,95,299,74,87,140,37,66,353,42,94,111,167,108,1118,100,101,96,191,307,146,240,99,119,312,99,47,578,59,886,78,182,2326,91,282,68,106,80,226,67
1957,2,43,150,222,63,221,1763,206,134,405,183,41,128,569,34,120,51,159,369,142,543,169,35,989,83,70,582,155,1012,81,69,2761,366,62,155,181,130,444,56,225,38,116,234,74,190,2876,224,160,226,231,540,340,35,180,42,135,296,187,434,211,86,1847,85,39,1281,106,936,69,89,2184,164,320,129,448,60,197,47,182,193,48,253,1343,119,87,312,368,413,436,40,247,32,159,261,114,713,205,44,1126,92,63,1084,177,1658,76,68,2485,209,358,63,122,83,356,245
1957,3,204,714,93,288,472,1246,90,54,703,432,54,143,576,49,133,139,169,1023,162,750,432,50,891,41,153,3567,590,2333,57,355,879,1484,145,94,653,231,478,77,84,161,482,113,265,539,758,71,48,499,462,552,779,59,193,134,133,757,133,1537,436,50,526,48,127,3065,382,2260,61,286,734,145,665,638,731,111,168,155,916,110,242,205,1809,178,45,412,274,662,1036,62,205,136,119,882,115,556,418,47,993,58,143,943,423,1728,66,289,564,131,761,142,68,322,387,69
1957,4,80,342,53,71,145,232,75,39,276,201,37,108,562,34,80,56,60,725,156,765,173,42,217,35,60,884,296,434,41,114,193,382,41,43,874,418,210,64,42,84,400,63,87,157,194,78,40,278,240,176,578,29,77,82,62,976,85,319,117,36,174,34,77,636,450,382,38,182,230,85,994,156,214,76,95,70,202,56,62,224,302,93,40,533,430,223,865,29,75,45,78,611,123,910,225,51,163,35,52,3030,242,465,39,194,140,85,725,60,42,296,314,43
1957,5,54,64,35,43,60,77,35,28,106,57,26,46,96,25,58,35,46,168,51,154,53,36,68,27,34,275,69,96,37,42,87,76,33,31,331,79,65,38,30,37,65,37,55,54,85,35,28,76,59,86,99,25,56,30,48,188,62,116,49,37,68,27,34,433,78,87,34,46,99,63,386,89,64,40,44,58,60,37,43,55,71,35,27,97,60,84,89,25,50,28,56,203,46,142,53,33,70,30,36,242,100,90,36,44,109,60,103,34,33,127,79,32
1957,6,34,38,31,32,40,44,27,26,44,41,27,31,46,23,29,25,30,116,31,65,34,26,42,25,26,60,47,55,45,31,43,55,25,28,50,40,44,39,25,39,39,32,31,38,42,27,28,59,36,44,47,23,30,25,30,71,30,55,33,26,44,24,26,62,44,58,35,31,42,43,50,38,43,35,31,28,39,34,32,40,44,28,25,51,39,42,47,23,32,24,29,62,30,55,34,28,45,25,26,56,40,56,36,31,40,39,51,26,26,40,41,25
1957,7,45,29,34,45,48,34,37,32,42,35,85,72,47,69,34,39,32,44,53,56,42,44,36,35,37,54,69,98,32,80,80,37,40,39,52,40,34,128,81,44,29,40,44,54,34,37,37,47,44,64,49,69,31,42,33,63,46,47,39,50,37,48,37,66,68,112,38,66,81,60,50,42,38,129,41,40,29,34,48,48,36,43,37,46,42,67,48,67,32,39,34,52,50,53,39,47,37,43,37,57,69,102,36,66,86,45,38,41,51,54,38,81
1957,8,146,49,77,113,85,34,67,64,87,75,98,220,69,100,47,65,74,65,66,75,44,82,69,77,32,78,65,153,45,53,174,42,74,76,77,97,44,93,56,108,41,59,108,101,43,83,72,96,67,39,62,118,52,74,47,63,57,39,52,65,66,49,30,65,63,112,46,55,137,114,83,145,34,107,54,143,46,71,148,103,40,79,58,93,74,39,70,126,43,83,48,70,60,90,43,78,106,54,32,66,63,122,48,51,256,150,51,56,64,90,38,72
1957,9,124,29,31,171,39,49,66,46,62,56,106,286,78,102,23,44,24,38,47,33,58,39,40,41,38,174,24,77,25,31,108,48,38,58,38,41,57,39,90,123,40,25,156,60,51,46,30,60,61,66,45,81,27,35,29,30,49,33,60,38,29,42,44,190,25,106,27,34,86,92,63,44,49,44,58,126,31,29,90,61,39,105,32,61,76,56,42,54,26,38,27,38,42,33,50,37,25,28,51,199,24,77,36,29,58,83,60,42,55,56,49,119
1957,10,136,53,32,40,108,24,98,29,48,60,402,41,137,27,60,46,61,34,24,23,296,24,25,34,42,39,41,125,23,31,35,44,76,264,44,165,24,63,43,251,52,29,41,69,23,76,27,56,31,51,128,26,55,59,43,31,26,23,138,23,29,31,28,38,58,107,23,26,41,31,88,150,27,59,43,108,42,33,61,52,34,78,27,50,38,37,58,26,58,30,52,32,28,24,310,23,25,32,41,38,70,81,23,38,40,35,44,42,246,126,25,30
1957,11,144,44,29,35,219,51,78,46,46,81,65,33,225,24,34,68,78,31,49,86,55,43,24,36,96,32,98,70,52,41,96,34,25,289,65,54,82,54,40,50,34,30,38,260,47,50,58,51,69,70,101,24,39,65,117,34,40,84,310,53,23,36,111,26,63,56,34,49,49,46,41,46,99,54,39,233,61,29,40,312,37,48,43,64,63,73,181,23,33,82,59,35,63,71,52,50,23,41,100,29,63,100,45,41,89,35,31,31,180,40,97,34
1957,12,82,29,34,152,208,25,43,129,33,145,86,165,275,38,148,57,91,29,96,27,467,71,34,38,65,25,43,67,22,48,28,27,46,94,138,448,134,35,243,93,38,31,163,183,25,43,105,35,120,283,401,27,63,50,56,28,94,26,430,49,32,32,28,36,47,76,52,44,76,33,143,533,127,45,31,85,32,31,169,137,34,41,126,28,142,334,371,28,100,61,128,26,106,30,972,75,34,35,69,41,43,66,46,52,29,32,27,44,189,704,179,199
1958,1,292,48,87,62,116,47,127,161,26,51,631,120,196,31,365,221,37,40,33,172,627,144,78,85,119,234,32,56,172,133,56,26,79,388,53,529,323,82,68,191,43,106,72,110,55,103,145,27,52,347,146,32,459,236,53,47,47,172,1273,149,87,177,109,313,31,53,174,115,66,172,72,716,597,147,32,257,37,68,66,210,37,116,193,39,43,464,168,29,377,303,39,59,37,196,754,149,82,78,150,531,28,48,89,130,60,167,33,43,492,1496,489,83
1958,2,119,25,63,51,95,27,282,86,28,176,226,132,104,33,287,244,66,40,247,116,2145,110,149,239,144,453,28,87,183,47,41,60,90,369,44,4379,357,659,71,127,28,52,48,102,26,259,143,26,171,426,106,32,245,140,101,38,316,71,2117,99,143,99,164,389,26,116,230,60,47,103,42,2213,170,337,159,157,36,106,56,144,38,151,66,26,122,371,110,31,269,145,84,32,246,103,867,129,75,216,80,151,26,104,328,53,35,93,69,136,321,3142,189,71
1958,3,227,48,111,71,168,182,589,45,66,191,323,106,145,44,206,69,82,218,158,462,1087,548,250,58,152,149,27,80,64,434,102,48,116,454,217,1289,190,236,43,164,36,119,75,212,202,656,45,68,131,1256,226,48,152,65,64,192,141,481,1018,455,401,67,82,180,26,73,50,280,80,79,391,2656,118,260,60,251,56,95,71,223,219,405,48,67,250,900,189,50,187,69,67,145,166,404,1406,414,455,58,137,230,25,82,51,440,115,84,39,110,694,1185,123,42
1958,4,140,107,40,271,166,39,410,35,52,69,84,62,125,38,154,44,105,56,71,369,718,159,186,36,55,61,25,56,49,133,31,25,46,663,105,343,89,160,36,97,72,41,126,175,35,178,38,66,70,670,76,36,108,40,81,50,83,278,403,151,131,35,69,77,24,46,42,144,33,39,87,505,67,216,39,94,71,47,126,192,46,216,37,46,124,715,134,31,137,42,115,104,84,361,421,180,107,34,70,76,24,62,44,140,33,43,25,58,361,479,73,37
1958,5,57,40,29,100,67,40,108,28,37,56,59,33,48,34,92,45,42,50,49,71,462,85,48,29,39,42,25,30,41,69,26,25,49,78,83,91,50,66,31,47,41,29,125,67,42,91,28,31,56,110,43,62,113,43,63,47,43,69,733,86,47,29,37,43,27,32,42,63,27,30,62,89,47,75,31,58,47,31,139,63,41,121,28,34,48,105,49,54,109,42,53,38,47,77,308,115,48,28,40,41,27,31,32,61,28,31,24,53,75,98,50,30
1958,6,35,24,25,41,37,25,43,26,23,30,36,28,33,47,41,33,27,25,32,39,67,62,32,25,30,29,29,25,25,35,27,23,28,47,36,52,33,38,25,36,26,25,52,35,25,45,29,24,28,44,33,23,38,40,27,25,38,39,71,53,33,25,27,29,34,25,27,36,27,27,34,53,31,35,26,39,27,26,49,44,26,44,29,24,30,47,35,24,39,46,28,27,31,39,84,45,32,25,32,29,27,25,42,39,27,25,23,28,44,62,30,25
1958,7,56,33,50,53,32,65,53,42,33,31,51,28,43,34,51,67,68,86,54,52,57,98,45,70,54,31,88,29,58,85,44,36,37,40,53,116,34,59,47,67,32,51,52,40,69,48,38,33,34,38,45,33,55,41,75,85,35,43,50,147,43,56,54,30,86,31,93,66,43,45,55,95,33,54,49,54,33,63,48,40,63,46,40,32,34,40,42,31,42,57,67,99,37,56,55,116,48,64,55,30,103,29,77,61,39,47,32,39,46,91,37,48
1958,8,62,189,72,80,62,54,46,130,61,152,206,96,93,32,111,78,99,124,55,71,154,57,85,154,67,31,162,39,298,123,58,36,57,72,53,46,70,174,46,54,203,69,65,61,53,48,101,49,117,48,85,32,113,101,109,106,43,54,183,61,92,142,52,29,149,32,200,86,58,159,44,45,61,213,60,55,276,94,110,50,67,44,95,45,163,46,84,32,103,91,139,99,65,76,211,61,96,132,66,34,212,37,222,111,63,209,42,68,52,49,65,53
1958,9,55,92,33,60,42,27,25,100,54,82,194,57,42,137,123,61,76,69,42,34,54,52,64,97,23,38,29,23,61,44,31,28,48,34,26,40,23,187,23,52,120,114,63,35,26,24,75,58,106,29,32,164,41,57,75,53,66,43,42,31,69,46,28,45,63,26,100,73,32,136,23,31,34,205,35,63,122,33,40,38,26,26,45,64,63,32,51,109,119,47,74,44,93,40,47,31,49,86,24,34,28,23,58,33,43,64,27,52,32,36,27,24
1958,10,164,33,84,68,24,70,24,27,80,298,39,128,132,101,54,25,29,37,102,30,42,182,39,36,26,44,179,26,155,68,50,73,38,95,45,34,29,118,135,157,29,42,40,28,58,25,38,74,331,34,158,160,106,25,25,28,35,37,38,165,37,54,26,40,143,33,237,76,53,45,37,39,37,88,45,240,32,90,90,27,56,23,59,44,337,34,159,165,61,23,25,31,37,41,44,217,34,33,27,34,164,31,161,85,53,62,46,36,94,31,40,67
1958,11,161,43,51,58,40,74,66,33,58,203,87,35,183,141,62,95,44,78,87,39,56,216,24,37,25,42,65,73,49,37,65,68,107,95,32,86,152,134,56,114,37,50,86,48,51,73,29,71,273,47,194,122,70,50,39,94,158,26,54,297,23,48,27,45,166,62,52,55,57,43,50,87,121,124,122,107,34,51,74,49,105,76,34,76,289,43,187,119,44,77,39,77,79,30,60,481,23,42,23,53,96,60,62,40,46,45,111,94,93,65,116,156
1958,12,143,51,35,273,41,93,70,89,47,433,252,33,84,126,154,215,40,74,96,110,78,295,58,43,30,38,281,24,78,48,316,178,85,82,75,150,65,48,65,462,43,43,235,46,93,56,56,39,146,298,82,136,156,235,44,71,34,85,86,446,66,25,26,40,195,28,75,51,324,134,88,84,55,50,631,255,42,36,218,39,87,38,94,38,227,215,94,121,222,179,39,74,126,81,73,114,72,32,29,45,129,27,73,49,618,125,227,76,59,181,55,105
1959,1,334,82,59,391,37,69,68,100,317,993,97,74,82,543,102,362,98,128,345,111,75,753,31,29,49,113,81,180,287,44,621,122,285,64,134,82,59,131,622,268,69,54,472,29,53,63,92,254,499,197,62,760,117,233,115,175,206,204,110,520,29,32,55,95,102,259,324,52,148,424,135,140,72,119,2056,172,80,45,395,28,63,88,95,320,361,185,58,557,90,416,117,175,342,217,123,337,31,31,55,127,169,327,314,65,210,407,82,220,49,63,73,760
1959,2,316,74,117,331,31,142,40,92,642,2610,146,193,54,1152,111,328,90,102,201,63,111,822,165,65,53,67,130,569,298,137,550,87,137,36,87,99,106,162,358,219,130,206,451,31,187,45,114,766,2352,225,60,1650,113,267,110,75,341,68,79,1047,99,47,69,74,127,172,267,169,1628,313,111,78,72,196,2020,287,117,129,479,28,150,41,76,436,2054,189,73,1810,152,239,103,88,155,44,71,1294,148,71,65,44,108,138,324,103,1184,453,160,182,38,134,126,345
1959,3,251,303,135,645,71,59,196,58,390,1447,335,56,252,1307,323,598,162,84,124,41,121,277,230,134,49,57,223,707,268,367,2090,240,131,69,80,246,357,169,1286,139,319,70,449,54,54,201,52,703,1432,146,175,539,255,504,119,75,133,41,100,463,321,213,26,43,233,859,366,299,645,296,87,287,429,132,1188,152,308,181,575,71,66,141,80,549,2744,113,251,617,197,377,142,74,134,64,72,371,272,224,29,60,204,836,210,245,1752,353,183,169,96,187,363,1113
1959,4,161,113,84,255,27,52,43,35,1177,872,617,44,118,154,245,329,97,48,157,32,89,97,66,133,34,29,134,449,68,111,389,101,98,54,47,107,248,66,539,232,153,75,299,26,42,44,36,522,1428,56,112,128,436,420,95,50,343,34,94,171,77,54,36,29,123,445,77,139,950,136,46,88,238,65,835,347,94,68,454,26,46,37,36,334,940,54,126,129,453,323,70,51,229,35,75,111,65,51,34,32,120,756,65,203,388,165,133,81,54,147,231,610
1959,5,192,49,39,97,83,30,33,27,166,241,81,42,48,66,195,78,40,35,68,26,37,54,36,35,24,25,45,264,44,67,83,60,48,32,48,74,60,41,132,157,47,38,95,57,33,35,27,418,275,40,44,65,87,110,37,34,57,27,39,61,39,36,23,25,50,264,45,66,88,61,52,103,64,39,97,83,52,38,93,75,31,33,27,365,162,38,46,61,131,87,41,33,59,27,45,57,37,42,23,25,44,111,43,67,76,69,58,44,42,54,59,136
1959,6,48,32,28,42,25,31,25,25,56,55,51,26,33,40,42,46,27,30,38,24,32,36,37,30,26,27,32,62,32,33,50,39,31,41,34,32,39,30,51,46,34,27,44,28,28,25,27,77,64,29,32,39,41,47,27,28,36,25,29,42,38,27,26,32,31,52,31,33,49,42,32,32,50,29,61,47,31,32,45,39,30,24,27,64,58,27,32,38,39,49,27,33,36,24,28,36,33,27,24,34,30,48,30,35,48,38,46,30,26,54,44,54
1959,7,53,49,78,74,52,70,83,61,104,46,50,49,32,70,41,57,64,71,96,48,46,65,44,51,45,50,44,82,49,68,44,54,30,52,64,45,37,92,62,44,47,64,81,63,57,66,63,83,44,43,30,82,38,71,74,70,87,38,48,52,42,59,31,43,37,95,38,70,40,54,75,44,32,80,60,47,48,62,88,57,62,63,76,100,44,46,31,90,39,64,45,67,96,38,46,66,52,55,39,47,41,73,44,76,35,58,53,32,58,47,36,61
1959,8,67,122,40,124,93,96,81,243,81,45,39,37,117,129,52,75,86,162,57,105,102,217,85,72,98,104,188,93,72,60,51,37,53,83,302,52,36,66,90,70,124,40,89,99,95,133,236,118,48,208,74,160,54,66,110,163,81,118,94,173,84,57,138,93,162,102,118,64,48,37,267,62,37,90,54,52,101,40,109,90,76,103,185,98,50,169,71,115,56,62,125,124,55,101,175,140,74,61,81,159,133,108,67,62,56,34,39,42,94,61,42,132
1959,9,44,86,40,49,56,70,76,98,120,74,116,26,31,123,23,40,30,222,27,222,48,114,33,25,34,226,31,196,117,74,174,23,27,26,49,45,29,46,25,47,69,42,52,57,68,62,86,107,38,31,34,147,23,43,25,218,24,416,93,101,32,33,35,69,44,180,62,58,224,29,44,52,27,30,25,66,106,39,29,76,78,48,48,102,67,30,51,141,23,60,26,288,32,280,43,87,35,28,31,156,80,154,131,62,77,29,23,27,30,49,33,26
1959,10,742,74,50,67,53,25,25,62,28,108,30,83,23,36,23,62,25,57,29,431,89,73,1432,28,114,40,60,92,91,31,44,23,33,28,51,32,87,23,25,1291,66,48,80,135,27,25,46,35,89,150,23,37,23,60,27,60,32,195,87,109,799,32,144,151,204,57,188,27,41,23,80,32,79,29,50,721,56,52,79,216,24,23,52,32,89,121,23,87,23,48,27,48,26,699,87,108,871,28,117,68,172,55,92,27,268,23,23,39,38,29,79,26
1959,11,67,119,104,194,152,65,29,95,45,36,79,105,34,42,29,75,374,71,118,470,455,40,63,24,80,123,260,29,59,47,26,32,50,66,57,50,50,25,60,102,110,75,413,65,62,32,88,64,119,80,29,52,25,55,359,51,142,623,545,41,53,26,55,137,68,69,64,37,25,27,40,37,33,26,168,58,171,94,443,61,39,28,83,60,48,155,27,53,24,68,239,68,203,261,403,69,85,25,81,128,93,49,44,38,34,26,34,46,37,33,33,76
1959,12,56,242,264,279,336,96,332,128,313,267,382,180,53,28,45,147,46,173,244,174,174,137,48,23,46,32,50,233,54,36,29,82,96,37,96,289,37,93,53,45,226,383,157,309,49,864,150,325,270,276,81,28,58,144,56,203,188,183,263,144,48,22,72,37,80,237,72,29,27,378,111,261,44,94,125,51,219,367,199,544,121,489,153,304,249,202,98,27,59,131,188,153,176,139,126,134,55,23,48,33,53,210,71,24,32,330,91,70,37,335,38,35
1960,1,81,169,169,491,742,281,347,91,394,93,223,64,212,63,88,127,152,249,110,129,442,66,50,63,44,83,39,91,132,208,246,72,51,31,1407,454,48,46,165,59,181,113,643,460,264,181,86,321,103,82,127,97,54,127,141,237,97,114,401,76,49,64,62,189,39,91,106,195,283,628,1016,702,42,43,199,67,195,173,650,720,235,208,71,458,88,92,203,91,46,91,92,252,91,109,338,73,48,58,43,186,37,89,75,187,125,437,122,70,28,677,51,143
1960,2,140,140,286,1095,461,65,533,268,431,69,169,341,137,130,120,167,372,226,49,227,282,95,68,339,100,181,108,101,97,50,46,173,88,45,611,1206,192,56,136,107,131,435,1050,528,73,358,192,634,91,276,174,74,93,125,219,166,46,234,513,72,50,320,44,62,141,118,128,46,48,1190,1163,1012,522,60,125,126,175,200,905,367,72,314,214,583,107,229,142,130,62,204,351,209,49,224,330,95,61,234,60,62,120,114,113,43,154,1413,105,88,39,1109,531,192
1960,3,400,149,244,303,838,63,1415,160,1722,96,119,900,77,115,59,102,670,124,213,200,200,54,274,155,34,71,93,93,328,60,224,103,43,163,185,1433,1151,68,405,322,106,181,371,768,56,683,189,1206,120,729,87,135,85,162,1868,116,212,269,169,81,163,258,67,68,137,110,383,72,216,922,326,1463,894,62,219,321,116,253,413,934,70,535,146,1203,101,489,70,184,106,114,1965,136,220,148,215,56,296,293,39,57,171,100,344,65,166,739,67,43,178,1087,1145,312
1960,4,245,190,129,95,832,84,555,93,810,58,60,175,68,51,43,148,1215,59,68,96,90,232,79,173,30,62,189,57,96,34,66,65,30,53,111,324,407,32,151,127,227,129,147,1104,69,696,159,1001,53,774,95,57,36,120,433,57,77,78,71,149,171,148,30,49,118,68,101,33,58,315,217,431,280,33,77,188,291,137,111,418,66,684,185,1387,56,881,65,51,34,98,400,58,79,79,87,164,73,246,28,61,99,83,96,33,112,269,54,30,45,337,325,153
1960,5,54,89,66,63,218,35,118,107,83,54,53,54,42,44,27,43,116,41,46,80,50,50,42,115,26,39,46,64,54,27,43,34,27,37,67,98,137,30,62,45,67,68,64,137,39,99,71,84,53,117,47,46,27,42,91,39,41,68,48,58,40,105,26,45,49,65,58,27,45,78,67,90,107,29,52,50,72,61,64,281,38,131,76,105,43,116,44,48,28,42,108,39,42,88,49,51,54,70,25,33,65,64,59,26,48,65,40,25,37,80,114,55
1960,6,37,39,37,35,71,31,46,32,43,29,31,36,37,42,24,32,51,29,33,39,36,29,28,34,24,36,40,37,35,24,29,27,24,27,39,47,48,24,38,34,35,39,36,120,29,48,33,45,28,56,29,49,24,31,49,29,40,35,34,37,28,35,24,49,37,35,37,24,29,39,41,48,45,27,31,33,37,41,35,95,30,48,33,45,28,52,30,33,24,32,49,29,35,37,37,29,28,35,24,54,36,32,32,24,31,39,28,24,27,49,46,39
1960,7,42,57,49,50,44,39,73,39,91,83,32,40,47,78,34,47,40,72,45,53,56,44,66,104,40,43,46,32,43,38,49,32,48,50,63,50,66,57,43,42,57,82,51,46,38,71,39,99,74,37,43,81,36,46,39,46,40,42,44,46,54,133,48,33,44,37,43,42,47,39,66,59,68,54,38,43,59,76,51,50,41,86,37,100,76,39,42,86,36,47,34,69,52,48,52,43,68,101,54,32,50,37,46,38,50,39,40,54,58,53,67,46
1960,8,46,129,83,76,39,122,191,46,203,66,30,45,143,67,44,71,33,75,35,72,116,71,83,194,112,50,145,41,49,53,75,225,120,90,140,65,80,94,160,39,72,47,73,39,76,181,50,182,61,75,152,62,44,64,30,125,41,72,192,66,93,133,110,41,137,35,54,63,65,93,138,63,94,153,62,44,95,51,75,42,118,198,45,175,52,59,140,68,54,60,34,82,44,63,120,66,80,127,91,43,133,35,50,89,81,92,196,151,145,76,76,119
1960,9,110,25,23,25,24,64,30,45,50,115,24,63,43,52,51,40,28,43,29,37,27,90,67,86,181,27,89,23,32,47,44,34,72,78,140,36,46,25,116,114,26,25,24,24,66,31,47,55,93,63,59,48,49,140,30,42,29,48,31,119,80,98,165,33,129,23,45,38,46,56,171,44,29,28,36,143,25,24,27,25,67,29,53,53,71,49,66,77,47,98,29,49,38,56,41,112,64,53,219,35,164,23,34,59,50,24,37,61,31,40,39,113
1960,10,113,230,63,26,41,47,63,32,28,46,23,37,52,107,39,134,33,37,38,51,23,117,33,38,47,24,44,25,28,226,154,130,30,62,54,23,340,57,118,102,199,45,32,36,90,49,34,28,46,56,58,114,46,51,24,44,40,27,24,108,27,44,109,23,65,24,29,222,70,29,57,24,185,57,73,73,216,55,29,66,63,60,40,31,44,84,50,152,45,38,31,49,46,26,24,84,27,35,72,23,75,24,26,128,142,35,115,29,92,23,131,65
1960,11,89,87,108,99,130,132,191,142,56,120,29,87,47,432,71,172,37,62,23,31,23,30,421,372,112,62,87,31,37,74,42,79,68,116,57,61,71,27,38,102,97,112,195,109,69,152,115,56,106,150,66,363,53,261,38,74,23,28,23,34,253,406,79,68,47,30,89,86,125,198,30,57,448,26,319,95,129,102,113,87,87,180,140,64,89,85,58,355,42,361,33,40,25,28,23,28,241,503,83,62,42,32,56,172,38,233,85,50,49,49,509,100
1960,12,79,203,41,124,141,49,38,38,83,133,298,155,53,226,446,218,28,107,81,38,26,46,71,57,35,273,72,528,65,191,34,249,24,32,49,153,494,28,132,85,257,42,66,159,79,82,38,104,161,46,63,347,362,115,32,83,91,34,29,54,137,75,35,313,79,305,33,143,37,200,29,158,464,31,648,129,295,35,117,135,81,36,39,110,117,40,63,301,291,55,23,127,77,35,25,44,137,53,39,271,64,518,33,226,49,229,252,31,91,137,361,143
1961,1,1234,117,286,84,71,140,148,31,285,43,635,81,38,240,202,199,1529,725,35,153,93,67,49,707,107,95,66,72,199,435,115,282,467,118,133,79,159,32,102,1180,122,272,107,60,204,125,31,262,41,42,44,170,316,186,1436,1141,37,141,126,81,55,403,129,84,68,97,215,690,63,330,144,75,179,33,667,693,134,292,94,98,183,92,33,225,55,47,42,224,674,336,824,1123,48,141,117,90,59,463,127,77,146,49,145,459,55,390,292,788,281,75,223,108
1961,2,862,232,125,77,73,168,101,31,127,40,626,229,51,445,584,336,154,2026,53,80,337,62,149,484,119,93,143,47,173,746,39,203,436,298,166,75,104,135,180,1272,123,110,140,84,78,134,30,181,41,76,40,316,438,286,205,2284,39,101,374,62,95,881,131,54,154,51,261,568,105,822,144,97,104,86,1132,3380,149,132,147,70,114,144,29,132,42,76,47,179,743,200,543,1469,36,62,275,66,118,616,132,76,81,47,311,763,104,830,278,287,94,108,119,312
1961,3,2438,311,194,84,46,81,155,28,313,34,373,63,55,259,1396,130,143,1121,171,82,105,331,163,1508,108,78,66,64,184,1082,40,541,216,117,98,48,144,458,614,1988,405,171,61,49,83,184,27,158,36,369,46,447,957,117,212,741,125,57,128,453,244,999,138,107,54,67,198,816,52,1265,148,50,126,396,1082,861,336,130,62,44,97,110,28,263,34,397,64,1065,1120,144,211,1165,143,85,213,404,135,932,107,66,70,71,109,1184,43,1258,407,216,163,50,111,436
1961,4,284,179,73,42,41,52,76,25,403,28,175,47,28,526,1094,66,69,222,43,38,61,286,103,376,85,47,75,46,113,386,46,520,89,140,163,49,73,108,173,627,109,65,45,45,52,82,25,337,28,253,30,335,1563,69,84,129,46,36,63,248,75,543,110,54,63,53,79,385,45,285,86,50,70,87,1117,200,185,81,44,49,52,81,25,294,28,340,30,305,802,63,84,160,106,41,65,309,100,646,93,47,69,39,104,574,42,192,527,117,122,53,61,243
1961,5,122,88,40,57,31,56,46,24,218,31,64,72,32,112,101,47,46,62,42,29,38,61,57,66,69,33,32,29,50,70,31,177,51,85,86,31,72,47,56,101,131,38,52,30,65,53,23,370,27,201,30,84,119,46,53,57,38,29,40,59,65,69,60,32,36,30,51,67,31,102,139,35,70,47,156,127,112,37,49,30,52,54,24,190,28,317,35,82,102,45,53,60,57,29,40,63,45,76,77,30,37,33,49,72,38,79,190,52,68,29,64,58
1961,6,49,42,29,26,34,27,32,29,54,25,43,60,24,49,48,31,38,38,53,25,29,49,34,43,33,28,26,33,86,42,25,66,43,32,43,26,36,32,36,49,42,28,27,28,27,33,28,67,28,54,25,55,48,32,40,36,51,24,33,48,32,45,31,26,28,34,62,42,25,56,46,25,33,34,58,49,51,28,28,29,30,30,29,79,27,49,25,53,48,34,37,36,38,25,32,47,51,44,31,26,27,35,42,43,25,50,57,36,33,25,38,39
1961,7,42,39,52,80,41,43,65,50,90,42,66,81,74,50,59,42,60,38,100,57,38,49,64,63,28,37,43,54,50,42,55,57,62,36,40,28,95,57,46,40,40,75,83,42,46,62,52,133,43,44,74,50,54,35,58,34,73,60,39,49,79,59,27,40,42,67,43,44,47,47,37,29,134,58,52,39,49,84,70,44,41,63,55,72,38,42,68,46,66,43,73,47,69,64,34,51,77,62,27,39,46,41,62,39,54,45,67,57,35,31,99,47
1961,8,133,51,141,67,57,223,50,87,129,280,99,151,107,137,54,60,37,49,275,64,39,58,114,89,30,48,74,203,93,37,70,96,39,43,59,71,112,49,77,176,49,164,88,61,245,43,67,76,184,36,100,108,50,86,43,72,358,39,39,72,107,144,31,48,55,246,98,37,73,103,73,69,71,48,43,190,40,122,78,73,173,47,63,156,297,36,123,141,60,77,41,46,352,39,44,60,102,128,31,49,47,261,78,38,70,125,108,41,42,79,87,88
1961,9,109,25,68,34,26,42,24,100,53,226,43,110,119,31,100,37,89,84,204,37,42,77,92,45,35,30,38,171,49,31,23,78,59,40,49,68,29,24,51,44,23,73,24,25,44,24,123,98,194,42,43,61,103,30,68,107,189,39,41,105,59,37,33,26,34,89,46,33,23,68,36,67,30,25,24,101,23,64,26,28,60,29,67,64,122,27,68,31,86,27,80,111,206,57,41,40,95,29,32,24,35,70,87,30,42,64,65,52,41,82,27,72
1961,10,116,39,30,25,37,223,25,32,220,53,37,54,27,89,35,31,157,36,1974,27,76,244,67,25,23,34,35,41,40,31,130,226,44,23,1608,30,41,39,87,233,38,25,25,35,178,27,44,245,45,29,60,74,37,31,88,38,377,31,68,170,54,24,23,38,36,37,50,27,202,181,1387,45,40,31,24,135,57,27,25,30,56,31,37,231,41,42,28,70,37,29,81,43,1539,28,51,341,60,24,23,33,24,33,49,33,55,197,359,32,24,36,33,107
1961,11,141,113,79,29,46,162,188,76,76,84,65,52,57,44,56,40,78,26,151,48,24,35,75,23,109,89,23,164,75,30,189,79,84,24,104,64,46,44,150,158,123,93,25,55,130,152,145,85,95,210,57,55,60,31,107,28,1547,52,31,78,58,23,60,83,22,145,72,28,116,30,142,59,71,55,34,194,111,46,26,72,281,198,94,61,120,114,90,55,68,58,177,26,229,46,50,36,65,23,60,72,30,161,93,30,330,30,62,44,24,79,85,177
1961,12,60,27,971,23,91,143,174,309,41,82,37,90,149,25,34,32,188,35,208,29,126,42,242,34,51,37,212,51,32,23,332,1298,30,272,138,30,119,31,50,57,28,575,23,119,177,203,408,59,56,384,131,26,32,61,159,34,438,25,77,43,378,33,122,49,262,39,32,22,399,50,176,33,100,46,126,45,27,756,23,67,172,196,415,70,60,444,151,26,30,27,192,41,239,24,100,43,251,45,141,41,272,58,31,23,199,54,875,62,253,32,79,41
1962,1,98,199,328,107,78,81,268,361,66,47,139,38,50,37,106,137,218,30,800,28,207,329,87,112,43,78,124,132,1047,30,146,401,36,93,322,32,262,30,248,83,174,425,143,82,85,203,206,44,36,697,134,52,97,84,192,30,795,25,232,317,57,111,70,104,71,89,385,29,395,185,249,27,241,34,167,74,199,448,103,98,87,198,184,58,45,589,56,49,72,151,140,35,335,27,194,214,91,103,50,87,69,128,702,28,523,141,555,29,93,35,236,204
1962,2,182,378,456,127,42,246,108,470,37,48,242,90,286,97,34,199,219,29,1005,23,215,192,53,92,66,163,50,108,277,48,297,642,27,48,135,92,152,819,131,336,510,820,60,39,383,135,601,39,55,440,231,57,38,296,278,27,1293,28,141,222,53,65,65,125,62,208,932,38,257,56,152,165,141,486,323,462,204,632,102,39,394,148,459,41,54,421,545,78,62,190,355,28,1414,23,179,228,60,81,66,191,56,169,486,35,451,69,743,26,42,118,127,158
1962,3,523,158,818,35,244,449,169,280,37,75,438,76,572,139,83,137,171,42,413,86,145,222,68,83,59,109,41,320,321,146,308,308,102,38,97,100,105,376,412,441,155,1015,45,305,304,359,371,47,62,268,519,177,104,121,171,39,677,88,209,567,51,78,90,159,40,189,377,94,334,205,108,83,129,272,1285,351,259,1370,52,372,365,198,246,46,59,257,385,140,85,121,190,36,753,113,150,255,69,78,67,105,39,170,460,124,260,213,345,116,39,125,159,553
1962,4,200,81,746,31,62,222,137,109,33,41,128,37,253,138,44,75,79,128,139,38,73,425,56,100,29,72,48,77,109,37,80,254,31,33,63,33,65,137,254,227,78,783,30,69,374,110,115,29,47,162,389,195,64,86,79,54,197,31,83,663,41,64,33,85,37,119,118,41,79,129,65,35,65,287,826,162,101,818,31,62,195,118,103,30,55,104,326,229,65,67,77,129,171,29,72,582,49,58,34,69,38,142,105,34,71,129,186,28,36,37,74,245
1962,5,66,68,164,26,35,101,52,59,28,29,52,29,91,87,33,36,49,56,58,35,93,293,50,48,50,73,28,39,51,41,47,78,29,27,41,26,37,70,65,63,51,148,25,36,75,52,70,26,28,58,90,49,29,41,52,144,61,36,153,213,47,55,40,49,29,41,53,37,64,65,43,27,37,96,97,61,57,158,26,38,91,53,55,28,28,58,93,45,30,36,52,28,60,33,172,258,38,70,38,50,28,41,56,43,78,54,63,27,26,28,37,64
1962,6,39,31,83,26,30,43,33,38,24,27,34,56,45,33,25,28,53,33,40,27,40,51,29,33,28,31,24,29,33,25,68,43,24,25,66,24,27,37,38,44,32,59,24,32,42,35,36,26,29,43,44,30,25,29,45,27,44,26,42,52,40,33,30,33,24,29,33,27,37,30,61,24,27,40,49,37,32,71,25,33,44,33,36,26,25,39,49,34,26,30,50,64,44,26,43,52,42,30,26,30,24,29,33,24,33,30,42,24,27,25,28,40
1962,7,56,45,61,33,48,48,43,42,53,38,98,25,63,41,99,43,34,37,52,44,60,84,83,28,29,42,27,63,68,47,47,37,29,71,74,78,51,35,43,55,39,57,32,44,44,63,43,52,37,46,46,38,101,48,32,38,45,44,75,56,85,30,30,45,30,54,56,49,47,49,80,72,49,37,79,57,48,52,35,53,43,49,37,49,36,45,61,34,87,45,35,45,49,50,54,73,89,30,29,40,29,45,55,46,54,44,37,29,85,89,51,56
1962,8,43,84,65,50,62,101,72,92,35,49,64,43,183,81,152,46,102,110,70,91,108,81,113,87,46,36,36,279,90,58,84,129,88,168,174,243,180,47,160,37,75,72,43,56,136,60,61,38,55,38,273,101,195,48,82,89,43,107,80,124,86,86,37,31,35,236,60,55,105,77,162,195,120,56,57,34,73,60,42,48,106,70,100,46,59,35,194,99,199,45,102,134,47,88,117,93,108,91,43,40,37,314,66,49,96,77,82,79,237,262,183,142
1962,9,23,111,44,69,54,76,84,61,68,41,80,24,34,148,269,72,44,52,135,56,31,102,80,76,59,24,28,101,188,44,65,77,80,121,172,165,32,29,64,23,116,62,69,96,55,129,45,78,34,28,51,103,233,69,46,62,133,26,35,128,103,38,51,26,30,153,179,47,47,27,118,237,63,26,60,25,80,52,87,52,61,156,37,56,66,29,34,92,326,98,39,39,126,45,28,48,72,90,30,23,26,107,133,48,90,27,58,41,83,112,26,53
1962,10,23,1205,69,68,92,89,71,125,91,90,147,37,25,28,261,24,61,30,45,117,29,35,164,55,25,32,53,38,498,30,27,24,55,69,47,36,35,28,24,23,1240,84,42,80,73,38,107,84,100,24,28,27,290,27,58,45,33,174,30,38,51,80,25,34,33,40,617,27,37,24,44,40,36,27,27,23,480,79,60,74,40,31,98,46,39,25,26,31,330,28,48,44,46,81,34,84,85,33,48,44,31,39,202,27,38,24,48,80,120,37,30,26
1962,11,49,316,45,135,67,290,159,121,74,53,143,95,27,52,199,39,68,65,72,453,49,45,35,93,23,69,33,96,251,32,114,35,86,130,205,75,44,103,31,33,206,49,119,71,550,156,127,96,57,193,29,68,160,32,49,55,67,461,46,50,122,83,22,94,65,105,150,33,301,60,94,74,46,62,26,37,452,42,148,65,532,158,76,109,54,338,27,72,171,43,63,49,70,719,41,46,57,139,23,86,51,83,565,30,192,66,36,100,92,78,47,30
1962,12,43,505,28,308,28,432,141,33,152,61,60,50,35,35,130,523,40,25,59,142,74,493,35,50,27,305,73,126,126,275,229,30,55,300,44,184,202,328,132,78,195,27,400,35,340,124,32,99,53,197,42,28,140,176,61,24,47,166,104,326,41,91,28,178,55,134,124,274,51,35,109,169,199,386,362,57,292,30,196,46,250,100,64,121,69,54,36,38,171,337,49,24,46,128,74,310,35,42,22,229,55,139,201,267,148,29,38,69,289,87,128,131
1963,1,26,351,297,92,40,2638,675,69,79,32,53,29,65,64,214,140,33,32,43,232,200,269,36,40,235,959,137,138,145,73,45,64,48,115,44,429,74,110,36,28,444,292,73,34,1158,614,102,143,42,77,70,71,186,438,32,27,35,170,78,232,41,33,210,1345,200,140,169,86,40,212,40,376,59,114,51,25,828,298,102,46,4027,668,126,81,30,74,58,47,246,221,44,29,69,225,197,148,39,39,248,735,269,220,116,79,46,186,75,44,136,491,144,45
1963,2,86,214,78,229,83,2030,1416,168,105,220,56,46,100,28,172,146,202,317,334,245,45,302,330,52,72,1454,247,202,758,114,64,178,98,126,136,153,118,231,34,69,241,72,261,124,3706,1188,117,112,140,48,148,30,202,213,175,330,252,335,119,289,563,58,140,1227,193,163,314,95,73,130,107,190,122,419,52,108,317,84,228,70,1407,1593,145,139,213,41,112,34,121,158,191,317,233,317,45,434,504,46,120,1318,160,126,705,122,123,186,143,214,142,130,83,36
1963,3,66,398,70,482,41,1618,774,230,452,148,161,27,88,47,673,318,132,260,80,329,66,477,417,62,177,510,100,110,1695,130,182,63,158,882,126,77,66,958,61,93,358,82,596,42,1057,992,265,329,91,583,60,59,968,325,135,113,68,496,58,522,276,73,204,451,113,137,1458,125,104,464,88,93,103,600,48,69,353,71,391,61,1027,1110,205,381,102,340,89,45,244,304,103,282,88,330,81,310,530,58,273,633,99,142,2987,88,110,373,96,95,612,72,117,52
1963,4,30,135,98,165,46,485,270,104,117,56,287,109,39,26,348,190,158,79,50,103,35,525,223,29,200,145,52,60,1382,102,83,63,57,406,57,50,76,443,31,38,213,90,161,106,782,244,129,241,79,199,40,27,200,149,237,71,43,106,39,443,253,30,169,121,53,62,1439,156,148,140,43,50,70,398,34,36,177,89,190,74,465,246,91,150,58,353,34,30,640,220,291,95,47,124,34,589,166,31,179,175,54,57,787,134,84,155,51,50,400,52,82,30
1963,5,74,74,51,54,62,87,96,69,68,39,197,29,28,28,62,73,151,64,32,50,28,127,70,33,181,65,37,41,143,57,44,53,42,72,36,38,37,65,30,66,61,45,58,34,112,107,52,83,36,108,29,35,60,67,72,61,30,52,27,223,91,29,96,66,39,42,184,48,64,49,37,36,43,75,29,41,62,48,54,41,94,102,55,76,37,73,30,27,68,72,59,45,32,52,27,177,70,33,101,67,37,43,103,46,68,50,62,38,69,36,42,31
1963,6,24,39,29,35,25,47,90,36,40,28,37,26,26,24,43,36,38,29,26,35,24,47,39,25,42,57,62,28,51,36,77,47,35,45,35,28,35,65,30,25,39,30,35,26,53,90,34,42,29,42,29,24,41,35,35,28,26,36,24,50,38,26,63,44,44,29,61,35,38,33,31,28,29,64,26,27,41,29,35,26,49,98,33,45,28,37,25,23,44,36,35,29,25,37,24,49,39,25,43,52,61,29,51,31,43,33,32,31,42,27,29,29
1963,7,104,62,48,85,59,59,41,123,146,76,47,38,31,44,40,34,36,40,49,49,42,80,81,39,63,48,59,41,49,35,36,49,84,49,30,52,46,46,38,88,69,46,82,47,63,49,69,148,79,39,32,54,42,33,36,36,40,37,40,88,68,37,85,65,78,46,48,34,40,39,40,58,46,33,32,104,58,44,77,57,60,41,116,101,103,42,27,51,42,34,36,37,48,44,40,84,52,37,48,76,56,35,40,33,37,39,51,72,46,51,42,49
1963,8,114,81,258,106,65,55,151,177,136,129,35,45,34,62,45,116,197,52,150,84,39,86,45,96,140,346,106,156,73,31,105,48,165,160,152,88,51,148,155,134,116,314,136,59,60,188,251,136,121,37,31,69,41,104,164,72,156,68,42,122,42,132,111,328,94,200,69,29,134,82,105,76,46,156,49,136,85,299,115,70,49,132,167,190,170,32,37,57,46,108,255,47,111,76,33,124,77,97,136,353,138,161,58,35,90,129,43,142,140,105,48,110
1963,9,67,60,211,63,94,81,299,140,225,29,31,59,67,44,187,55,32,33,118,162,92,32,91,62,60,170,166,52,33,25,30,145,96,109,30,30,57,291,175,30,57,230,53,78,75,67,78,261,63,102,80,30,283,57,45,27,100,174,36,30,83,61,98,67,140,43,27,26,28,27,40,35,62,176,90,37,55,64,56,51,50,205,171,533,33,180,71,48,214,69,33,28,92,171,82,30,88,97,56,102,129,81,34,24,28,26,57,64,170,29,55,101
1963,10,54,27,122,93,926,51,232,268,74,34,44,25,189,42,200,84,81,39,63,34,71,28,137,223,29,55,37,35,46,37,45,31,31,146,133,33,32,55,52,64,31,61,106,1645,58,362,243,58,42,83,849,89,85,92,56,38,55,41,119,27,94,173,29,44,29,29,42,43,35,24,138,33,36,49,134,60,30,251,100,367,43,134,214,75,33,92,223,68,110,86,101,33,71,40,36,29,142,58,29,36,34,44,85,44,42,25,123,34,60,32,32,59
1963,11,110,65,137,76,264,65,113,80,220,179,44,38,1355,41,37,27,46,100,89,57,27,70,77,63,107,65,64,72,130,51,38,33,33,43,102,60,36,29,63,69,78,190,82,98,78,126,92,169,188,74,68,29,119,30,70,78,95,51,32,79,104,94,95,55,53,67,136,49,49,140,64,65,40,29,31,111,79,175,74,343,81,186,191,91,179,85,705,25,61,30,47,111,58,57,43,66,41,248,75,52,59,73,112,47,42,146,57,44,115,50,36,41
1963,12,171,66,89,454,91,64,186,100,175,94,188,152,75,27,363,57,267,27,148,39,33,31,627,154,183,76,120,100,196,181,61,67,114,90,412,70,27,71,96,217,44,100,277,79,54,203,80,228,98,57,71,30,142,83,311,58,119,38,31,26,701,104,234,65,105,95,189,193,45,142,415,79,27,67,74,206,26,96,273,112,62,136,64,234,55,50,85,28,379,60,338,27,144,40,28,33,718,83,225,64,96,94,294,134,38,170,61,143,182,70,27,120
1964,1,54,210,192,233,67,181,140,285,112,115,82,662,115,61,193,110,245,53,176,144,28,27,283,173,881,119,605,327,166,78,64,97,59,176,160,35,88,69,193,56,157,199,501,54,122,167,238,124,92,53,127,51,313,146,299,64,175,113,30,26,266,175,1389,134,582,439,270,91,60,255,165,35,89,79,55,45,223,129,464,87,82,250,154,130,125,71,101,58,253,71,294,36,149,153,35,26,519,213,2366,125,378,411,160,132,67,166,200,54,108,46,95,163
1964,2,64,323,173,722,202,56,223,362,481,62,93,545,183,76,307,38,306,33,211,54,143,57,1195,133,3549,148,598,209,162,89,30,177,41,366,392,58,56,124,173,68,628,192,608,446,82,170,362,434,66,156,106,121,421,41,443,36,217,52,78,43,1352,112,3446,125,588,165,210,67,30,139,975,51,39,156,65,87,390,158,550,351,152,164,581,598,50,113,176,97,464,119,363,61,264,38,111,45,890,152,1568,160,898,182,145,128,31,137,51,47,643,51,48,142
1964,3,187,368,318,198,1104,312,347,731,462,398,243,437,132,76,1290,33,412,288,113,271,213,126,856,139,1898,229,490,222,138,134,100,124,32,1161,599,192,80,60,177,347,317,214,184,744,336,384,403,763,333,47,188,56,836,35,423,321,100,279,310,152,545,162,1124,192,443,146,108,114,114,143,467,199,78,51,131,249,322,346,230,971,272,453,822,595,247,45,184,71,1577,34,394,326,116,173,246,129,677,120,1667,257,574,156,124,86,81,115,133,31,906,166,64,113
1964,4,135,197,186,68,429,208,481,223,270,557,224,193,65,61,343,79,308,51,58,71,224,52,211,79,347,228,344,87,107,128,52,47,39,391,379,109,38,67,56,112,127,350,69,210,288,499,287,226,375,63,78,52,506,92,264,48,64,80,231,34,214,68,364,177,276,102,111,385,111,143,210,171,57,74,74,108,231,192,75,363,198,347,211,232,535,109,81,45,381,59,206,51,67,148,281,52,140,66,411,218,227,93,83,372,57,117,58,32,340,96,37,51
1964,5,67,60,76,54,116,62,106,68,60,160,130,63,40,51,69,27,106,35,41,75,92,37,72,47,67,55,100,45,46,179,67,33,38,228,88,47,41,35,42,74,55,77,49,87,58,187,76,65,184,76,43,50,83,29,74,35,38,60,74,28,92,41,79,65,109,44,48,57,34,64,81,51,28,35,34,69,60,84,50,90,61,103,68,62,141,49,42,54,70,40,81,35,40,42,73,39,84,47,76,58,81,45,48,55,63,75,34,32,184,57,46,42
1964,6,36,38,37,32,45,34,46,59,39,55,63,51,30,32,47,27,40,26,29,40,35,30,43,36,50,33,44,33,42,31,34,37,24,58,44,31,26,26,29,38,36,38,32,41,33,49,44,38,56,27,33,29,46,27,40,27,29,31,35,31,43,37,54,32,44,31,43,33,30,35,42,35,30,26,26,42,38,40,33,61,33,68,52,37,52,26,32,28,45,26,40,27,30,68,38,29,42,33,60,34,44,31,35,34,33,33,37,25,75,30,25,27
1964,7,39,92,66,42,95,45,55,62,34,60,116,46,33,46,84,49,49,51,35,54,31,63,58,69,65,77,45,67,48,104,57,71,85,44,45,51,36,52,46,39,88,64,43,79,42,51,64,35,59,46,32,48,79,57,41,59,45,42,31,51,44,63,54,82,43,72,46,119,69,29,47,38,37,52,29,39,99,63,37,101,38,55,72,35,58,44,31,51,61,48,45,53,39,51,31,59,55,64,68,90,46,61,51,119,62,28,72,67,53,47,39,48
1964,8,121,83,59,98,87,85,195,73,35,50,158,104,52,124,49,275,48,123,170,50,66,31,47,47,188,153,42,36,139,138,70,110,106,90,41,293,53,57,159,146,82,52,118,57,57,221,80,39,60,41,45,125,67,211,65,116,159,77,71,37,66,45,287,138,37,34,193,110,73,37,40,294,54,71,44,123,70,60,113,67,80,157,69,38,58,63,46,105,93,228,49,118,158,52,59,33,42,45,257,143,33,43,144,124,99,36,174,77,81,239,47,170
1964,9,61,56,46,84,50,58,167,69,43,75,113,36,66,122,53,29,31,189,76,26,81,28,30,105,160,53,28,25,84,43,195,111,250,38,23,129,82,81,40,43,47,41,80,66,55,111,52,56,61,44,33,74,69,31,28,196,82,28,54,28,32,74,113,71,25,26,38,70,216,66,23,104,72,100,81,56,47,41,101,41,45,111,56,35,66,42,100,77,45,41,27,226,142,31,62,36,33,63,108,63,25,26,54,42,266,43,76,410,39,146,99,46
1964,10,107,35,26,33,47,110,74,27,33,56,669,39,61,30,47,28,27,68,47,23,78,33,75,42,69,55,47,62,27,163,42,57,166,105,34,44,162,41,39,85,40,23,37,40,117,66,28,30,96,28,135,29,51,29,24,60,60,24,72,31,96,43,28,129,60,48,25,166,29,41,36,86,149,39,47,49,26,23,30,65,156,90,25,27,78,29,103,26,46,32,29,45,61,25,45,48,43,37,42,142,75,54,25,140,31,40,41,138,93,53,202,37
1964,11,45,28,52,81,45,50,112,58,34,58,762,36,129,99,130,54,53,40,125,27,99,96,83,39,97,144,100,60,130,75,50,27,44,102,84,49,116,149,52,65,23,48,98,57,60,91,58,35,34,25,95,92,96,119,63,31,102,29,92,51,49,54,88,67,108,43,114,103,44,43,68,40,96,128,29,97,34,47,108,63,53,118,56,48,31,28,76,83,105,79,63,48,71,28,121,86,92,54,76,51,87,68,113,64,47,34,28,40,103,49,94,46
1964,12,187,39,29,112,29,131,48,175,24,32,143,23,316,30,88,1202,48,49,39,29,208,97,51,45,78,33,60,107,241,68,39,27,54,41,26,33,66,101,56,318,41,29,94,28,168,57,198,28,44,40,240,28,89,572,27,39,54,28,227,169,55,33,121,35,60,149,194,49,37,24,32,39,63,262,35,278,47,37,65,32,86,51,204,23,49,55,254,28,80,750,34,39,83,23,279,99,63,33,118,41,60,85,195,98,34,24,27,39,56,38,80,86
1965,1,152,51,107,1254,38,145,99,165,23,212,121,64,121,89,45,162,122,42,119,28,148,176,272,40,121,56,127,272,140,50,144,90,58,361,206,93,42,227,145,85,99,133,745,43,94,145,134,24,181,101,119,73,44,386,160,35,120,32,77,116,139,66,63,67,131,220,103,48,160,37,177,48,38,166,114,82,93,129,742,44,180,94,128,25,183,113,104,72,42,450,129,52,80,32,91,161,143,69,74,49,163,304,136,57,155,30,115,59,411,99,40,110
1965,2,99,155,314,439,92,118,186,65,30,106,170,42,205,57,71,390,266,229,258,27,152,292,293,198,191,148,85,103,99,53,64,107,60,246,107,426,53,141,152,109,104,172,966,57,279,85,63,34,103,138,202,63,81,579,293,160,256,51,174,227,407,176,148,199,78,216,85,56,45,31,135,471,52,144,75,150,61,167,780,106,140,209,86,27,100,72,282,78,90,376,296,175,287,55,170,338,437,204,140,166,56,100,118,46,65,28,72,61,285,367,53,177
1965,3,110,48,373,822,168,516,106,307,39,293,82,115,187,106,198,248,164,135,618,334,407,517,209,148,105,186,53,66,217,62,130,88,87,580,201,327,303,532,249,105,33,919,732,229,576,153,199,50,255,95,153,131,159,336,140,123,695,330,350,577,246,128,100,266,56,85,196,49,137,68,106,305,237,261,117,121,71,859,805,172,389,123,288,44,267,61,148,91,145,229,112,129,822,208,689,330,259,136,102,358,54,70,190,50,122,73,138,79,541,450,419,377
1965,4,351,32,462,384,102,315,87,74,23,277,69,76,80,66,48,107,94,489,523,76,348,198,74,92,52,226,36,43,162,45,50,53,43,350,110,162,83,173,271,411,30,463,579,100,806,61,97,23,178,57,70,51,56,102,83,376,526,92,451,207,72,96,46,231,39,48,176,46,50,40,180,208,95,249,73,281,32,363,434,107,618,94,115,23,200,71,74,52,65,90,108,230,418,160,192,276,87,71,48,149,39,42,207,42,50,29,46,39,263,156,69,667
1965,5,77,27,128,104,57,826,37,68,22,63,41,29,44,47,35,79,46,84,155,52,104,70,44,41,35,44,28,80,51,31,50,37,30,543,54,64,39,87,315,72,27,83,110,70,411,38,59,22,56,46,45,43,35,72,46,79,114,45,110,64,42,38,34,46,29,126,50,32,58,32,48,57,36,84,34,109,28,89,117,84,139,37,61,22,54,34,42,47,34,70,44,128,132,47,95,69,46,38,34,44,28,119,53,29,72,39,43,35,469,56,38,140
1965,6,40,28,45,49,58,72,64,39,22,37,29,24,44,26,28,36,47,43,50,30,52,43,32,35,27,32,30,71,32,28,34,25,33,89,30,39,29,41,54,38,24,49,50,33,104,46,45,25,33,36,40,26,27,38,70,42,51,32,62,45,31,34,26,35,28,52,31,30,33,25,29,41,28,43,26,38,26,54,49,36,168,56,48,22,35,46,40,25,28,37,66,44,49,29,51,42,35,34,26,36,27,37,32,27,47,24,25,26,89,38,28,69
1965,7,37,29,35,65,32,70,84,34,86,30,26,30,45,44,50,115,68,51,37,45,114,36,45,34,50,37,49,53,31,31,55,31,60,67,74,39,34,65,37,36,34,35,55,29,74,106,31,114,28,45,49,42,55,138,62,40,42,45,128,39,60,39,42,37,47,48,33,30,55,48,61,38,34,58,45,36,33,34,59,30,75,80,31,71,27,39,49,38,50,99,65,45,36,48,123,33,57,49,46,38,50,46,33,28,53,49,30,63,77,39,36,36
1965,8,49,47,67,185,82,64,151,46,51,184,52,52,49,49,73,95,46,56,131,57,71,45,117,60,44,47,147,56,43,81,34,83,102,75,197,46,81,37,35,46,41,62,189,72,60,93,45,46,132,133,53,51,63,94,47,64,116,57,69,47,81,64,46,43,144,63,42,103,32,60,100,40,86,33,87,66,38,67,191,106,63,130,51,33,118,182,56,52,74,87,52,35,68,70,75,61,108,66,40,49,150,67,43,85,41,53,91,83,68,40,76,34
1965,9,66,26,41,29,241,28,57,24,146,55,28,23,49,206,24,71,80,28,70,68,53,70,86,36,25,46,332,36,43,32,67,93,62,64,86,39,38,36,59,45,24,32,33,178,35,89,30,157,86,41,68,186,31,41,122,26,90,73,44,57,95,41,29,64,280,40,39,35,128,52,92,47,33,37,86,58,25,37,29,159,29,84,23,162,51,35,50,153,25,54,86,25,78,103,90,61,95,50,29,52,285,30,40,30,89,50,214,57,45,35,44,85
1965,10,39,26,29,28,73,90,34,28,62,62,85,23,38,48,1015,36,33,233,74,55,75,25,140,1794,196,29,197,39,38,40,100,43,30,29,35,39,23,39,50,66,28,27,27,71,90,40,31,40,70,51,41,52,576,61,35,235,70,27,97,23,133,952,53,29,209,37,47,36,58,41,45,51,28,31,46,59,28,29,27,74,82,39,47,43,52,29,35,128,1339,35,38,291,48,28,93,23,152,512,136,27,228,54,46,31,58,64,35,37,26,33,23,63
1965,11,119,33,70,29,197,69,39,43,25,97,30,22,44,103,139,30,81,245,48,24,173,35,41,53,47,29,58,102,122,49,55,39,86,29,162,173,53,52,116,95,43,73,34,274,60,29,44,39,117,61,49,103,115,34,53,272,40,23,188,53,42,66,172,29,75,115,84,83,92,138,173,227,56,65,26,56,35,57,39,217,66,34,26,42,120,57,50,136,106,25,65,166,83,25,161,54,50,1052,87,31,56,120,102,91,102,127,28,61,28,116,36,91
1965,12,154,33,316,242,257,41,55,216,56,178,97,82,193,40,56,213,49,119,131,26,100,229,138,85,47,291,47,173,69,123,230,92,64,785,108,65,97,102,409,148,33,323,383,228,54,64,177,83,166,34,162,43,67,101,42,82,178,25,99,190,114,99,48,147,43,160,137,139,137,32,71,68,95,101,30,188,34,297,276,115,48,44,179,62,139,44,191,45,48,186,47,145,81,28,67,188,143,129,41,289,41,130,92,117,123,34,84,81,1106,198,130,385
1966,1,57,226,84,195,85,52,28,78,54,82,152,212,441,36,82,67,446,77,320,51,69,131,174,308,45,74,50,97,99,105,66,544,354,249,195,287,258,71,146,60,130,78,165,85,47,29,110,40,96,186,479,41,77,168,339,68,262,73,65,133,129,440,41,290,49,83,53,103,81,29,275,239,255,66,44,60,210,86,175,150,58,28,65,48,69,158,437,43,62,69,389,67,317,118,67,136,163,402,36,85,43,157,46,117,71,30,741,242,162,306,133,162
1966,2,63,153,396,174,331,113,74,86,70,125,617,103,420,120,53,78,793,124,231,120,100,157,180,226,50,97,267,50,121,47,58,331,159,584,108,117,240,76,124,68,421,347,296,699,95,54,121,101,125,89,336,68,56,85,388,104,403,113,121,200,277,321,40,107,167,48,111,41,47,201,117,142,205,69,154,59,118,247,351,452,133,81,136,97,167,110,555,123,46,68,316,144,652,70,68,133,276,299,39,102,167,57,103,40,49,269,246,263,428,173,272,108
1966,3,64,373,707,602,1116,93,56,265,42,87,247,318,777,43,66,138,1397,463,516,79,68,216,115,898,130,87,535,232,70,75,223,205,360,598,557,130,162,68,72,50,323,700,537,850,158,54,300,36,93,60,656,84,68,138,1032,364,590,44,77,317,119,911,155,63,367,350,56,99,216,169,328,184,153,100,126,59,403,800,434,476,69,65,296,40,91,51,618,56,57,261,1362,342,822,44,77,182,121,842,137,63,340,296,53,73,159,120,228,696,779,115,138,79
1966,4,36,376,346,223,464,132,29,162,31,46,102,119,353,96,89,183,503,260,420,56,40,160,70,503,143,139,189,106,37,75,97,74,623,388,248,64,89,48,62,38,471,242,194,438,159,32,105,35,47,52,453,131,121,180,773,327,789,58,44,115,77,763,129,145,178,77,35,63,76,53,370,73,103,44,167,40,459,261,199,959,160,34,114,35,44,42,270,102,93,80,715,225,585,51,43,200,71,698,115,99,281,154,35,73,132,51,80,402,279,81,101,56
1966,5,29,165,77,61,174,51,35,51,28,37,100,50,91,38,38,57,126,59,215,31,36,51,43,74,51,44,60,44,32,32,42,46,96,216,74,40,45,31,37,28,145,80,68,182,45,34,49,27,37,81,350,37,41,68,133,60,163,32,36,49,42,79,69,44,72,42,28,32,39,44,80,42,46,32,56,28,163,81,67,117,47,35,50,27,34,53,257,40,42,66,153,56,123,34,34,52,43,77,82,45,64,46,31,31,39,48,44,92,222,43,45,40
1966,6,36,46,42,42,63,31,30,32,26,26,136,36,137,27,38,52,56,38,59,27,27,31,34,46,28,34,39,31,27,28,30,37,42,53,39,84,35,25,27,38,49,43,38,57,28,27,31,26,26,34,75,28,39,45,52,38,52,25,28,31,34,44,29,29,35,30,28,27,29,46,41,59,33,25,58,31,44,40,38,86,28,30,32,28,26,29,72,28,43,31,60,39,53,26,28,32,36,45,28,28,38,34,27,28,29,28,35,47,52,49,35,27
1966,7,87,50,42,48,46,61,46,47,36,46,50,69,76,80,44,63,79,47,48,50,48,42,28,44,55,29,56,44,112,49,29,36,31,50,45,105,91,52,50,100,56,46,46,50,58,54,50,39,47,61,75,89,48,60,64,41,44,80,45,47,28,42,69,27,50,50,96,54,33,82,45,90,89,46,104,79,53,46,45,56,64,48,46,43,49,55,72,120,47,54,111,47,51,76,56,48,28,46,71,28,50,48,83,48,29,79,36,33,48,85,92,46
1966,8,109,189,102,66,75,45,116,131,186,65,77,81,90,215,43,57,110,99,98,140,71,91,81,215,67,126,35,41,70,107,39,73,42,47,40,168,75,117,114,74,187,106,68,62,50,124,95,158,101,104,88,181,39,60,132,93,73,177,116,70,87,158,90,121,38,51,90,72,39,288,43,186,70,87,216,108,144,115,71,61,45,132,150,151,87,84,100,201,47,75,96,105,80,94,91,96,90,155,61,130,34,54,100,74,50,161,74,44,61,134,94,122
1966,9,252,259,117,74,39,97,125,28,41,32,57,96,49,107,49,34,166,45,30,70,84,75,230,102,136,69,35,37,28,127,36,97,92,35,26,91,79,35,86,302,293,71,87,28,94,180,38,52,27,70,27,136,38,29,101,50,28,44,83,78,246,152,151,105,44,45,25,116,32,72,24,82,86,61,46,416,276,42,80,31,74,160,32,46,38,93,26,96,53,30,121,36,29,43,130,74,98,189,138,76,37,53,26,167,35,140,201,78,36,116,72,35
1966,10,51,50,25,33,47,35,46,86,52,97,186,49,29,220,32,23,36,37,24,134,410,103,81,87,35,82,43,53,23,207,62,132,24,27,42,60,44,33,25,35,64,26,31,42,25,44,120,48,85,53,27,342,46,23,38,25,25,145,283,47,54,83,29,83,52,27,23,268,40,47,32,35,117,34,50,34,57,25,34,44,29,48,93,60,59,62,30,272,31,23,33,30,27,67,650,56,285,58,32,161,60,24,23,108,68,35,146,24,31,56,106,25
1966,11,63,64,44,48,75,80,94,46,52,66,67,94,28,293,44,39,42,89,27,61,466,51,52,42,50,105,57,73,44,66,64,92,54,36,40,46,81,70,24,55,64,53,38,81,157,74,52,84,64,88,38,281,54,36,40,91,29,48,193,98,50,55,73,145,32,74,43,87,84,46,72,74,29,79,67,64,72,33,33,80,176,70,72,67,68,79,30,136,48,32,35,75,39,130,71,107,45,85,46,60,26,62,41,186,63,57,70,64,51,70,39,25
1966,12,113,158,318,265,637,167,46,190,193,52,32,44,60,321,66,60,127,192,87,105,365,166,123,169,126,35,26,132,234,158,34,114,47,38,62,103,50,84,107,154,160,155,276,563,41,79,246,136,45,47,50,247,66,60,109,452,90,93,411,144,113,149,109,35,24,131,270,112,36,53,28,42,51,87,89,147,126,275,199,1488,54,71,200,109,43,48,42,386,54,44,125,373,90,61,395,170,122,157,135,35,24,135,276,133,31,51,113,47,30,50,40,70
1967,1,49,132,76,211,168,113,309,72,156,519,48,144,67,239,87,26,52,444,55,53,652,56,41,105,302,33,82,240,197,163,209,148,80,43,162,36,113,341,45,52,130,270,166,290,117,354,61,189,544,34,84,552,110,23,64,193,66,61,713,58,44,222,293,36,77,238,167,216,291,49,173,28,78,357,61,45,122,90,311,110,97,371,70,218,438,45,89,433,133,28,43,244,53,102,438,70,43,231,476,34,69,276,292,210,134,42,161,75,39,30,82,58
1967,2,154,233,201,192,92,324,596,121,183,477,144,144,309,1598,70,61,184,417,78,62,786,92,39,300,603,31,28,608,594,245,345,71,194,40,91,139,159,201,79,182,115,210,189,111,299,490,141,176,179,109,144,849,76,91,99,261,55,75,690,76,37,189,630,32,27,390,471,228,178,175,110,79,289,329,138,103,197,187,204,86,350,355,127,204,358,100,344,982,58,60,203,254,70,59,1579,67,38,288,351,31,38,206,280,227,403,40,84,177,34,116,257,81
1967,3,341,195,205,206,211,1454,731,117,175,125,98,84,130,1912,34,39,551,158,61,54,1050,40,105,1223,412,39,53,2155,1034,159,101,142,127,55,86,229,425,773,226,509,206,183,220,161,878,1607,168,189,117,65,446,2036,37,37,473,210,44,49,983,44,98,1126,636,45,44,2144,826,155,130,178,54,334,367,471,91,511,180,222,225,166,1251,909,184,144,121,66,293,1540,46,61,342,181,37,59,515,40,123,757,424,44,68,2383,1004,160,144,282,172,163,58,290,276,239
1967,4,297,107,115,104,172,524,921,80,74,68,39,57,150,562,56,75,322,174,40,32,221,39,82,610,223,38,36,864,246,67,58,65,70,33,49,145,235,183,43,274,166,102,98,112,536,867,69,77,69,41,102,926,38,60,415,206,47,33,158,39,123,553,163,39,37,1405,264,68,76,65,58,88,242,369,40,192,76,120,87,117,473,1116,80,84,66,41,86,963,49,79,339,143,44,33,115,44,117,946,205,34,31,581,278,93,65,76,78,72,34,110,252,46
1967,5,98,55,54,124,57,84,410,38,42,44,29,35,48,102,28,27,67,61,34,28,66,28,43,124,59,28,25,239,71,47,37,158,94,54,39,44,120,70,34,80,51,53,177,59,82,159,41,41,42,27,49,88,38,27,68,68,47,27,63,28,40,107,57,26,24,165,73,45,39,54,31,39,78,86,40,94,56,52,126,51,83,202,43,42,45,28,48,113,28,27,64,80,44,28,57,30,37,137,57,28,27,386,76,44,40,76,141,109,47,41,108,32
1967,6,47,33,37,41,39,84,56,30,29,29,25,28,30,62,28,24,46,40,42,26,67,28,29,56,38,23,25,85,42,31,28,42,45,26,25,30,40,43,26,41,33,33,40,42,84,54,30,28,29,27,31,54,27,24,43,39,33,26,56,29,31,66,38,23,24,79,42,31,30,29,26,28,38,44,30,40,31,37,42,39,105,68,31,29,30,25,31,60,27,24,43,42,33,26,60,34,28,51,38,23,24,93,41,33,31,33,45,42,27,29,39,26
1967,7,36,56,49,49,46,57,38,34,32,45,39,50,63,41,40,37,61,47,44,43,84,46,48,37,55,56,40,181,35,29,64,55,58,50,37,50,98,57,39,34,58,57,48,45,52,38,34,31,55,49,52,42,38,30,67,47,35,42,105,46,47,37,50,64,46,145,33,28,53,109,46,42,107,58,37,35,51,51,51,47,52,39,35,30,47,50,59,39,40,35,69,45,50,44,87,46,46,38,52,66,44,210,33,28,63,71,117,52,48,47,84,41
1967,8,69,142,138,63,56,131,63,29,37,44,136,46,36,35,109,91,94,73,64,134,85,64,78,33,75,57,79,144,32,46,38,107,130,101,80,131,196,61,54,106,136,126,52,64,83,59,30,33,36,77,48,43,152,109,63,73,61,259,69,87,52,35,88,66,86,113,34,46,52,93,80,155,201,60,120,100,142,141,62,64,91,60,30,34,35,82,41,41,95,93,61,50,61,163,74,85,47,29,59,63,78,132,34,45,48,92,71,90,83,111,182,59
1967,9,106,150,257,37,83,189,82,47,41,23,177,144,27,37,36,156,28,47,46,72,37,33,181,34,35,174,29,99,35,46,55,35,89,49,61,89,153,57,69,121,153,219,31,146,328,67,40,39,23,58,36,74,59,125,27,32,29,51,66,24,128,36,60,178,26,161,40,30,66,105,48,46,82,48,70,150,176,215,47,149,232,64,40,39,24,71,32,40,93,122,33,34,32,90,66,39,140,36,64,120,43,199,42,38,32,206,31,134,65,100,116,57
1967,10,34,53,84,44,31,39,27,49,33,72,64,37,30,95,150,96,24,25,159,47,195,57,41,23,83,134,41,30,58,536,173,36,51,68,57,27,29,32,24,34,41,65,50,24,40,29,43,38,38,30,27,59,64,77,25,25,197,97,118,73,28,24,51,210,37,32,54,1506,203,51,74,72,26,51,41,40,51,50,36,25,46,27,30,32,59,25,25,80,96,44,24,27,163,75,161,55,38,24,50,290,27,35,46,207,275,61,28,45,83,27,28,28
1967,11,53,69,93,41,40,116,44,36,344,108,188,341,32,104,33,45,49,42,97,124,43,99,29,30,63,71,41,44,41,638,124,27,62,24,55,162,26,100,54,68,88,107,52,29,151,40,27,331,142,73,33,105,58,36,49,53,53,84,80,91,28,29,65,65,41,55,50,112,87,76,32,115,24,62,52,69,68,147,42,35,136,42,38,520,95,58,35,78,41,66,49,65,40,53,44,91,31,31,47,66,55,59,50,911,117,54,31,34,24,219,26,52
1967,12,418,54,155,33,132,114,40,88,139,30,37,88,28,217,69,125,38,274,51,45,32,82,27,26,76,256,28,37,43,1479,37,272,371,361,250,53,33,46,79,301,33,137,42,136,84,38,113,137,30,55,31,276,99,122,33,225,34,58,32,63,24,28,65,202,30,32,43,1189,51,61,259,127,31,72,97,388,60,134,39,150,114,37,137,127,29,49,28,327,72,129,35,235,48,83,31,51,25,25,87,187,25,31,29,1193,41,59,256,363,308,57,34,37
1968,1,92,120,102,132,177,107,89,186,170,114,56,58,99,250,300,189,119,99,670,72,32,329,86,27,176,75,37,51,27,2779,160,254,286,384,78,133,36,51,134,394,118,108,134,174,86,191,116,119,94,994,67,89,229,207,199,99,443,113,37,428,105,28,147,88,30,84,27,2915,125,49,69,106,41,50,85,108,96,138,117,207,67,210,159,112,92,936,101,109,240,163,175,86,638,96,33,436,123,27,180,80,41,46,37,3656,149,66,362,305,632,182,39,216
1968,2,121,77,145,81,133,108,223,41,322,127,127,61,46,84,223,150,218,211,172,215,38,643,293,171,212,158,40,334,76,4081,136,344,154,476,82,93,32,50,98,86,67,93,56,124,114,107,102,440,130,1340,82,63,332,98,156,488,244,156,42,437,186,196,266,179,28,176,78,2436,239,98,91,213,38,54,39,146,95,110,84,98,125,73,49,256,98,1136,43,64,409,90,171,698,109,226,34,474,277,147,112,110,43,176,81,2177,256,98,211,142,392,118,38,96
1968,3,108,333,237,145,267,372,202,374,201,194,54,55,170,183,509,96,457,786,119,271,28,568,161,32,280,90,36,323,231,1864,206,606,109,301,80,160,141,48,65,95,428,308,129,305,217,254,512,192,140,1635,294,166,386,75,396,483,153,212,28,573,228,35,331,78,59,393,353,2615,128,116,75,85,265,49,43,101,474,203,119,401,289,207,338,218,153,2009,185,210,400,101,422,358,234,132,28,692,124,33,414,109,53,347,342,1824,174,95,476,76,303,113,177,62
1968,4,135,340,121,88,182,236,124,408,89,110,43,40,114,90,221,78,141,465,103,325,75,743,87,39,229,48,25,158,75,958,75,527,69,88,55,60,161,78,47,136,252,118,103,180,321,83,633,75,153,1916,73,80,206,86,128,208,118,232,85,501,62,38,163,48,25,140,66,1061,79,58,66,51,70,68,33,98,211,156,79,139,583,88,435,72,118,1563,110,87,228,79,175,243,89,314,73,395,67,41,186,49,25,200,63,1495,79,41,573,75,122,51,102,68
1968,5,135,100,52,38,57,157,39,166,53,40,30,39,36,40,65,48,50,111,43,175,29,119,38,41,89,42,33,63,50,153,42,138,49,52,59,39,64,28,31,149,140,51,39,55,203,38,169,52,41,531,38,39,60,38,49,104,44,231,33,137,36,33,69,44,23,56,47,152,43,30,54,40,79,27,26,137,94,57,38,57,90,36,208,50,47,482,36,43,71,53,52,120,45,154,34,150,36,33,75,45,37,63,44,210,44,32,196,40,54,39,74,31
1968,6,35,47,33,27,34,42,29,50,38,30,31,25,28,34,37,29,36,52,31,47,27,50,35,24,45,31,22,33,31,49,31,49,29,39,31,28,53,24,25,35,48,35,28,33,48,29,52,37,30,60,30,31,36,30,36,48,31,45,27,51,29,24,37,34,35,37,32,50,30,28,30,28,60,24,35,34,64,31,27,34,43,28,49,41,28,60,28,31,37,28,36,52,31,46,24,51,34,27,44,35,22,36,34,67,31,28,51,28,37,27,103,26
1968,7,42,52,40,37,74,52,32,53,42,65,63,35,33,45,52,28,35,65,44,51,49,36,50,50,44,81,47,44,62,83,47,62,77,50,44,45,76,35,55,43,50,37,35,59,57,34,52,42,66,61,39,48,53,29,36,74,42,43,44,40,42,39,44,95,46,44,57,84,47,36,52,47,58,36,43,36,62,41,38,71,51,33,56,44,79,60,44,39,47,29,34,68,35,49,50,41,48,41,48,70,44,36,73,50,49,34,63,66,52,45,46,56
1968,8,74,75,135,47,76,66,70,54,46,118,74,125,74,66,94,41,32,53,58,108,69,43,39,136,75,68,127,54,160,117,165,65,89,99,35,43,50,117,96,73,66,107,38,95,63,60,58,43,133,55,50,89,127,38,30,43,56,73,61,40,41,104,62,45,179,44,230,123,125,52,49,39,54,92,54,72,72,135,37,94,83,63,67,42,140,68,51,102,84,52,34,80,55,103,62,41,30,149,59,74,149,64,222,104,108,58,68,85,94,48,52,87
1968,9,115,31,132,26,110,28,48,52,24,37,74,96,205,40,128,25,54,45,26,36,123,29,37,101,32,35,69,51,85,213,83,66,60,47,31,109,36,95,60,70,42,229,28,100,29,190,58,24,31,44,169,29,91,32,47,48,26,33,92,28,36,106,29,45,30,47,91,205,117,34,31,71,42,92,63,63,33,156,26,136,31,50,44,24,32,55,188,32,133,25,51,49,25,27,96,27,51,72,27,36,33,51,63,232,143,44,99,89,47,93,49,67
1968,10,118,49,32,31,29,34,184,39,677,24,190,48,98,37,127,81,23,69,42,23,42,30,44,50,32,32,66,34,120,75,49,118,49,32,30,24,47,29,68,97,34,34,43,32,32,56,61,1007,24,53,210,63,112,88,23,112,35,28,65,63,36,106,38,25,148,43,128,77,36,40,50,24,52,28,40,101,34,46,42,26,57,220,56,860,24,24,88,39,88,40,25,124,29,30,29,37,36,63,36,31,148,37,110,64,47,28,70,67,32,25,48,67
1968,11,159,166,63,36,24,72,159,99,120,44,40,44,338,86,263,45,62,558,159,47,79,511,37,102,29,45,129,23,131,126,50,125,30,85,47,37,131,104,76,124,204,57,34,24,65,156,133,175,69,78,306,69,217,77,55,938,187,47,74,253,33,44,25,49,47,23,81,262,79,23,34,31,138,147,52,206,203,51,27,24,75,200,92,114,40,64,256,88,229,148,70,635,157,48,47,264,47,94,23,32,37,23,82,314,61,22,123,27,88,35,89,82
1968,12,213,63,194,42,28,42,242,106,227,251,110,25,108,84,195,61,26,439,76,378,87,69,154,47,28,130,39,26,67,214,60,186,53,71,122,71,71,70,36,305,83,259,41,24,27,184,92,337,236,45,88,109,181,31,26,213,68,381,91,76,144,54,29,165,28,31,58,80,72,38,159,76,72,48,51,260,52,198,50,26,27,216,81,280,163,61,74,115,201,29,24,314,93,191,94,117,181,42,29,137,28,28,49,92,81,35,231,53,51,74,122,32
1969,1,320,107,105,36,24,631,78,61,253,229,81,74,212,79,116,220,27,669,36,212,53,71,69,34,87,288,54,134,52,77,118,79,51,205,129,69,269,134,29,431,124,79,34,25,670,73,65,283,195,260,137,48,87,212,24,264,35,128,44,69,78,35,79,134,49,157,39,75,104,45,91,77,219,174,33,481,116,91,30,27,673,85,59,324,413,659,256,45,93,228,30,886,37,587,42,83,71,31,52,251,42,134,42,80,115,63,80,44,120,80,230,30
1969,2,837,98,240,80,25,474,119,80,361,1084,131,32,520,80,67,105,65,531,38,616,248,219,41,162,88,176,249,39,38,125,159,412,124,59,78,53,115,74,28,805,68,214,78,25,623,87,103,259,1716,437,487,46,72,125,42,584,36,415,547,220,44,101,82,270,182,40,41,111,169,719,106,61,117,59,37,768,143,200,67,24,661,80,103,375,1520,142,272,79,65,151,77,428,34,318,198,229,49,156,114,125,202,33,34,129,166,333,166,126,115,56,109,28
1969,3,468,100,551,165,32,1198,380,385,174,2848,90,278,408,38,53,130,25,588,168,1025,228,81,193,178,111,87,281,54,180,227,192,305,190,58,48,35,294,40,29,407,147,223,188,42,959,280,303,150,2437,480,421,43,50,147,32,452,123,1022,124,93,207,311,81,111,189,79,149,256,173,192,42,32,210,41,26,378,98,475,196,31,962,262,210,219,2578,300,422,38,49,97,26,531,155,868,241,150,204,216,79,89,199,50,133,458,186,238,666,160,45,30,379,32
1969,4,353,80,143,69,26,897,123,106,64,1162,48,80,123,30,42,59,29,306,44,320,121,52,110,79,45,47,177,160,78,193,97,299,308,62,111,32,278,77,25,532,92,292,70,23,536,104,133,62,1343,113,92,29,41,58,37,319,41,444,98,52,61,101,46,53,394,110,63,138,115,82,117,40,238,159,24,508,64,180,72,23,1117,213,163,65,1205,199,124,30,44,59,30,281,48,414,104,58,66,96,43,46,322,190,55,121,104,88,690,283,58,38,263,25
1969,5,115,36,72,40,22,137,51,69,75,130,32,37,55,26,44,61,25,72,34,116,50,36,34,39,39,36,225,52,55,103,43,166,99,31,37,33,83,130,23,87,38,86,37,22,193,47,68,61,134,61,53,26,45,74,25,71,29,129,58,37,37,39,36,38,77,46,73,72,43,43,41,30,105,83,24,89,34,57,39,22,132,56,63,87,141,62,49,26,39,78,26,82,37,165,49,40,37,41,31,34,144,34,61,55,43,43,128,121,30,28,81,23
1969,6,46,28,45,54,22,55,40,50,31,54,27,29,40,27,26,44,22,43,30,111,31,33,26,28,28,26,39,26,38,51,32,47,55,27,27,24,38,28,25,45,32,39,60,22,58,33,39,36,56,40,38,26,26,35,22,42,30,106,32,30,26,29,27,27,35,28,30,82,31,33,26,24,37,28,30,46,32,41,45,23,57,37,48,32,54,35,37,27,27,30,23,42,27,65,32,31,26,28,27,26,38,26,30,71,33,36,50,84,25,25,39,26
1969,7,50,69,42,50,40,51,53,63,51,46,30,28,77,44,70,96,33,36,45,60,42,29,42,33,52,39,30,38,43,56,52,47,57,32,48,34,48,43,81,53,59,45,54,41,44,51,67,41,52,89,68,41,67,69,32,48,32,56,48,31,42,43,55,41,28,38,40,59,51,45,48,34,56,46,64,54,66,46,64,40,48,41,63,46,49,95,74,40,71,56,33,40,49,66,46,30,41,40,60,41,28,36,40,59,55,36,46,50,34,35,50,74
1969,8,93,100,75,104,44,75,147,76,30,173,157,31,39,56,108,49,52,90,52,65,38,37,232,71,70,77,30,89,201,126,110,77,48,79,63,69,85,64,212,67,114,92,142,41,70,142,92,35,127,137,46,60,111,52,57,148,39,54,31,34,236,50,64,70,37,82,119,79,108,116,72,68,63,45,100,81,116,75,165,50,74,176,79,32,180,136,39,63,104,95,52,106,62,57,34,38,193,58,76,82,31,95,90,88,108,158,60,47,99,79,66,166
1969,9,24,96,63,128,21,125,80,75,74,40,127,27,65,23,92,54,78,37,34,25,58,23,70,172,26,37,91,208,28,64,133,100,27,43,143,73,41,116,331,34,70,51,91,21,193,89,74,36,61,82,63,23,63,55,89,33,37,32,50,24,68,218,29,50,90,50,31,70,140,93,90,58,35,87,47,25,96,82,68,22,155,66,80,76,32,77,60,25,69,56,82,62,44,31,54,23,61,224,30,56,69,192,49,80,143,81,105,24,39,59,62,214
1969,10,23,29,204,27,23,1329,46,38,28,30,103,24,57,29,63,26,469,24,25,38,75,88,31,89,46,35,243,31,42,27,32,27,118,67,214,64,64,61,65,23,25,172,27,23,975,46,33,84,30,27,61,29,49,25,284,26,29,33,41,82,34,50,60,27,138,156,41,26,39,89,317,95,51,36,40,23,25,103,26,24,1087,70,40,27,27,25,61,31,55,24,272,26,36,35,70,88,42,66,43,32,116,39,41,27,43,73,28,59,77,182,53,42
1969,11,37,72,227,28,21,69,85,89,29,117,112,137,200,45,24,64,47,23,48,72,337,120,69,119,68,54,48,36,34,27,54,44,29,24,82,65,279,55,61,38,74,185,32,23,101,48,68,34,106,35,196,41,53,58,165,23,73,140,355,134,58,101,38,72,153,36,39,31,40,28,103,28,307,101,82,44,68,263,27,21,63,85,76,33,50,31,85,33,30,64,48,23,97,76,319,80,42,92,66,73,268,37,53,33,40,38,30,66,24,38,116,103
1969,12,176,151,104,138,22,191,148,35,113,40,133,53,82,148,459,111,61,32,71,70,60,47,30,253,126,113,356,65,99,76,66,24,207,35,575,135,56,100,125,117,107,169,208,21,223,210,53,97,48,120,72,188,489,89,83,36,27,36,76,46,35,217,147,111,382,99,78,83,89,40,516,116,66,63,51,94,144,95,222,21,217,148,48,107,104,134,181,173,424,110,67,30,30,74,58,75,67,266,145,96,340,82,57,44,90,34,29,213,34,194,217,87
1970,1,139,578,141,246,80,220,160,39,268,936,215,34,52,64,316,65,91,30,153,160,218,42,139,472,50,189,671,56,242,37,132,32,111,171,408,252,187,753,52,291,531,143,124,84,367,161,30,274,1076,67,55,49,197,102,167,50,155,172,216,44,138,423,60,103,892,53,291,35,233,30,794,177,160,451,47,405,329,168,115,75,294,165,30,439,1371,47,49,66,235,65,142,40,177,138,213,44,133,570,46,151,846,46,277,65,256,31,31,111,166,195,165,65
1970,2,359,517,232,295,83,1175,85,41,178,1385,99,113,43,64,730,36,566,156,105,101,245,190,45,1235,101,102,521,58,62,176,487,35,436,34,752,76,103,285,140,103,503,152,259,48,1115,80,58,207,1417,59,42,81,848,34,1058,133,80,97,220,227,46,754,91,231,548,117,59,315,165,26,1260,99,104,272,146,104,505,133,234,92,451,100,77,79,1123,48,45,43,1371,35,834,126,122,113,347,159,54,832,79,122,664,112,87,278,202,25,30,438,40,89,78,94
1970,3,333,476,138,587,50,657,89,38,225,1053,184,93,113,59,1296,40,770,147,59,56,469,55,182,332,385,106,273,157,82,346,107,24,485,474,1260,98,66,183,161,366,428,131,487,78,1049,97,36,212,976,39,162,69,1503,42,845,184,80,76,426,53,139,400,568,131,382,109,103,248,171,48,843,118,79,317,145,260,467,164,342,78,1238,91,31,133,1041,37,139,97,2041,48,700,93,59,65,310,55,182,285,415,109,315,107,96,313,163,38,23,487,256,110,86,273
1970,4,127,106,75,206,192,287,54,29,74,698,123,45,123,41,1018,28,1022,42,294,36,434,34,53,78,234,53,207,135,71,229,74,27,154,83,462,55,63,82,113,123,109,84,457,185,383,52,33,77,567,31,132,35,656,29,334,45,236,41,383,36,72,82,263,51,236,141,64,212,60,34,363,63,67,122,108,96,118,77,353,152,423,53,32,64,609,29,169,39,413,29,815,87,278,37,321,35,65,77,249,59,136,94,64,276,74,50,26,125,187,71,60,66
1970,5,49,61,44,96,39,89,72,29,40,209,52,29,55,30,125,26,133,32,125,40,256,28,38,51,56,41,69,70,33,107,42,33,82,115,95,44,34,46,42,49,62,46,75,76,80,61,26,41,161,28,70,30,185,26,313,33,96,43,272,28,33,53,59,39,71,60,34,297,47,27,81,40,35,48,40,46,68,44,86,45,93,57,26,38,143,26,54,30,135,26,133,33,64,44,375,28,42,50,56,38,84,75,35,169,44,24,35,74,94,41,39,38
1970,6,37,42,34,43,40,48,29,25,29,54,34,24,50,25,56,24,51,29,37,28,52,31,26,35,36,27,44,39,26,112,32,26,40,39,43,32,27,32,35,35,38,32,43,29,65,28,24,29,52,28,37,25,60,25,57,33,34,30,54,27,33,36,37,27,45,38,26,46,29,23,47,35,27,33,29,32,37,33,41,29,58,31,24,28,52,27,40,25,59,26,53,35,47,26,54,30,29,35,36,27,43,40,28,49,31,24,29,50,60,36,27,34
1970,7,103,41,36,31,32,66,44,38,29,73,41,34,108,56,53,32,51,52,51,33,80,48,145,67,71,55,33,42,50,41,35,39,43,46,42,58,50,40,63,85,43,35,32,30,60,50,36,29,55,41,99,57,70,36,50,32,35,32,85,49,108,56,129,49,33,40,53,40,34,45,43,52,47,39,44,103,41,34,31,30,69,46,39,28,74,39,137,50,68,35,51,53,51,41,102,53,105,58,75,55,33,40,59,39,33,48,35,46,46,52,49,66
1970,8,147,42,80,50,56,79,39,36,39,241,116,95,84,55,88,107,72,43,59,46,352,80,114,193,176,65,281,68,90,51,85,59,37,60,117,136,52,106,80,124,39,94,48,47,103,41,37,36,296,45,110,62,55,94,75,42,56,48,404,75,106,132,154,93,241,70,88,47,74,46,142,191,47,74,49,139,40,81,46,55,98,46,38,35,314,55,82,51,51,159,76,59,52,74,271,86,110,117,201,90,191,106,107,47,99,46,64,42,94,134,42,67
1970,9,101,24,44,82,82,199,48,34,101,196,118,36,226,45,26,56,167,25,66,62,125,188,64,75,91,38,155,75,90,25,26,37,66,222,127,26,68,123,56,100,23,35,38,91,157,58,39,39,179,40,714,109,31,31,56,25,48,92,225,165,61,79,92,70,95,58,69,25,29,33,119,26,63,55,36,101,23,34,64,78,193,62,30,93,179,45,444,108,29,44,93,25,75,85,131,236,59,70,103,64,151,48,91,29,58,26,35,52,135,26,71,40
1970,10,238,26,67,83,37,45,23,81,37,40,90,26,309,82,55,26,49,25,24,143,123,50,35,111,100,54,94,97,56,39,24,40,24,52,238,101,23,133,860,223,27,70,166,38,47,23,55,110,50,23,224,27,41,35,169,24,24,100,78,41,42,106,49,30,90,193,107,41,24,99,270,261,27,257,45,233,30,60,231,35,37,26,64,48,52,22,213,29,52,25,92,25,23,56,114,59,43,75,57,49,79,118,91,35,25,91,33,25,63,231,27,213
1970,11,50,32,328,290,158,47,39,131,38,62,124,185,464,109,39,29,49,31,30,36,58,65,93,66,29,110,91,280,113,41,26,96,48,139,315,97,37,110,142,94,38,146,138,156,41,48,96,41,88,22,346,140,40,26,40,35,40,51,93,61,68,161,37,94,69,108,58,62,31,45,186,51,31,58,87,52,35,324,56,90,50,34,144,42,80,22,490,46,31,24,33,31,51,110,58,46,66,146,51,125,117,250,74,57,26,48,87,41,155,53,39,1576
1970,12,128,64,278,60,71,93,236,96,105,47,46,213,114,211,184,226,105,54,61,43,44,102,363,149,70,57,156,68,117,422,32,26,33,75,198,44,296,55,107,175,60,307,41,64,115,324,123,159,62,25,163,182,198,254,113,50,44,79,45,90,480,80,53,79,177,57,110,533,27,40,335,42,274,63,66,134,45,109,86,92,92,281,79,122,51,23,118,673,168,243,87,42,69,110,47,157,1063,165,57,55,115,63,126,480,32,44,25,28,68,50,543,105
1971,1,64,176,422,154,45,497,121,346,191,53,86,166,79,173,80,253,204,163,87,655,60,101,340,107,183,168,66,51,170,149,87,28,102,94,229,228,67,68,249,69,84,591,136,48,334,151,227,164,59,249,89,162,67,259,356,124,70,566,112,60,267,117,176,166,57,48,160,115,87,81,387,325,54,78,145,73,147,736,97,54,320,146,173,118,63,285,75,68,98,334,391,139,52,833,126,65,169,103,128,154,58,50,164,196,74,113,30,94,71,286,46,347
1971,2,169,45,1043,97,99,315,176,114,83,96,52,120,103,186,134,682,242,83,46,556,278,42,312,53,225,679,304,84,256,727,286,58,33,148,226,115,784,80,736,209,163,681,135,104,575,154,139,111,84,249,115,210,118,701,142,147,56,661,120,91,266,66,193,382,206,75,223,312,573,226,219,76,594,43,111,185,57,463,127,133,632,166,265,168,88,186,106,130,106,322,131,146,95,731,220,67,152,60,213,257,279,82,256,506,602,185,97,28,209,119,409,559
1971,3,154,79,541,583,246,501,272,89,176,57,82,159,284,448,717,932,162,118,64,435,230,146,721,374,224,497,198,341,245,885,970,418,205,72,283,328,213,46,2007,170,72,921,954,238,330,345,86,175,61,345,221,1100,767,1195,127,71,81,700,237,159,718,420,179,685,278,223,215,1546,411,81,443,185,294,74,67,218,61,536,929,290,332,447,86,253,58,383,274,616,729,680,140,78,90,692,191,155,930,417,183,988,245,344,194,1477,800,91,473,260,68,141,386,1369
1971,4,227,34,334,497,124,182,255,61,181,44,81,99,174,768,188,357,106,39,42,185,116,178,477,158,74,209,99,174,97,276,383,139,118,161,223,86,78,49,1000,192,32,239,230,169,161,194,58,198,50,208,351,430,220,240,120,38,32,223,109,150,342,167,69,228,78,175,96,360,483,49,314,132,74,51,40,159,34,219,284,172,162,325,59,143,53,179,195,269,391,515,116,39,34,193,91,175,185,291,71,209,91,134,94,261,362,56,211,52,125,175,91,1280
1971,5,52,29,77,71,43,67,55,37,59,29,32,51,55,93,63,63,63,29,34,67,47,57,88,57,42,98,50,46,52,92,91,68,40,94,95,192,60,51,148,56,29,67,62,45,71,51,35,62,31,52,56,70,65,66,49,28,35,77,44,72,95,58,39,64,49,45,50,73,170,72,95,109,50,61,30,49,28,81,66,48,66,59,40,57,32,52,51,73,71,68,61,29,37,77,50,53,100,63,40,73,49,46,50,84,135,86,59,34,109,155,58,233
1971,6,41,25,56,40,30,55,36,28,35,24,30,32,35,46,41,39,35,25,31,43,31,33,58,34,31,42,33,31,34,59,51,36,26,34,45,48,34,26,54,45,26,59,37,31,42,35,27,37,25,43,37,49,39,38,46,24,27,42,30,31,54,35,29,55,33,32,33,57,69,45,45,67,37,27,25,38,26,49,37,32,42,37,28,36,25,36,34,44,40,39,33,25,26,45,32,32,46,37,31,42,33,33,34,53,58,30,36,28,33,48,35,59
1971,7,49,64,53,111,46,56,43,88,37,77,54,54,46,44,53,39,39,38,42,132,161,50,78,44,44,37,117,43,39,51,75,63,40,32,52,47,53,38,61,52,65,47,112,45,59,36,69,35,79,69,42,40,48,54,40,38,46,108,139,48,71,40,46,36,118,44,37,46,90,64,49,49,48,42,50,48,61,48,110,50,53,45,75,36,86,81,43,48,42,51,40,41,43,90,111,48,69,41,42,38,98,41,37,42,75,57,58,39,33,56,57,63
1971,8,162,85,38,87,118,100,70,92,54,81,44,92,56,65,174,59,32,130,91,89,117,72,58,74,100,245,204,44,78,58,306,87,72,65,69,41,249,269,195,130,81,45,50,90,99,100,75,45,98,66,48,64,128,48,31,165,83,75,130,99,62,71,106,186,184,49,55,54,300,71,95,49,422,196,95,160,60,42,63,103,106,59,73,47,92,48,52,88,178,48,29,195,72,54,124,77,47,87,94,191,185,63,81,68,208,95,114,66,68,48,226,283
1971,9,69,30,44,78,50,48,63,33,32,41,61,33,85,51,39,28,72,142,166,33,50,27,93,46,43,102,44,52,185,33,388,219,35,45,76,33,156,58,90,77,33,47,61,86,48,65,41,38,30,223,75,46,60,24,40,153,192,31,28,28,66,33,31,91,65,59,122,37,258,46,71,46,136,149,31,69,38,44,93,58,60,56,32,50,29,193,74,51,37,26,42,138,155,46,32,29,76,37,52,83,77,38,117,43,273,42,283,25,57,30,123,128
1971,10,27,24,391,33,266,87,41,285,27,101,35,34,27,59,24,80,37,51,33,42,35,32,406,36,33,30,136,34,73,27,90,138,23,41,25,32,37,26,52,30,23,108,52,358,62,59,345,24,44,110,30,39,24,164,39,36,44,38,72,38,229,41,28,27,127,34,108,37,131,26,29,36,40,30,256,25,23,369,32,249,48,47,680,23,49,108,28,62,24,177,33,76,44,45,47,29,370,39,28,27,131,70,89,29,101,26,120,23,88,33,36,67
1971,11,67,72,94,81,74,37,58,143,55,27,426,136,62,95,53,160,40,137,47,59,63,53,88,49,33,49,28,41,291,42,111,446,251,72,46,24,36,42,77,61,46,386,92,84,43,54,107,41,34,91,75,51,45,58,73,85,34,40,32,34,378,49,36,57,30,30,249,44,106,25,34,23,47,46,225,64,55,70,64,164,69,43,127,55,48,52,82,85,53,114,48,123,45,75,45,44,85,46,43,45,29,25,329,46,99,28,428,164,45,23,45,71
1971,12,741,46,117,400,128,270,33,58,23,113,136,82,225,34,26,42,66,47,157,26,143,56,103,36,115,179,1502,176,319,160,136,105,254,42,102,39,126,78,80,395,71,135,574,133,377,55,57,32,133,56,217,68,26,99,36,94,152,53,131,31,69,40,227,172,731,142,319,174,162,53,94,34,185,96,277,472,69,144,511,112,448,57,52,23,91,76,201,30,23,42,49,44,114,29,134,54,121,37,180,194,462,134,257,193,133,40,98,615,31,32,191,101
1972,1,414,37,503,139,60,238,58,55,29,38,250,134,78,117,35,59,83,148,127,54,113,152,155,39,296,100,315,59,329,65,111,93,344,30,33,26,222,54,155,1256,33,750,239,86,339,73,48,26,49,77,79,130,30,44,141,157,165,38,123,88,207,32,129,85,323,81,332,78,114,261,32,26,107,62,469,460,41,624,279,76,440,97,49,32,48,75,91,66,35,48,171,146,206,56,82,100,225,40,334,80,848,95,417,49,129,289,98,84,27,29,122,163
1972,2,1093,30,425,574,123,324,281,490,36,78,228,135,85,121,33,107,270,51,163,159,171,108,496,30,55,59,254,57,405,91,158,120,403,39,36,77,61,271,547,664,30,487,589,202,689,227,311,68,69,51,98,146,35,98,328,50,153,184,160,228,342,34,99,68,754,41,328,75,186,146,65,68,87,492,3446,1730,29,388,294,213,358,111,328,99,90,73,84,229,44,98,261,58,93,134,241,188,372,26,109,72,307,41,328,81,173,99,136,369,33,47,76,477
1972,3,712,29,337,604,193,2152,107,246,63,49,444,273,73,577,61,275,185,101,120,321,224,202,451,80,79,362,113,289,167,96,254,89,756,34,37,253,81,117,325,763,31,258,332,117,1164,82,196,32,50,64,71,461,61,303,200,72,97,209,185,167,531,116,51,182,167,222,158,76,179,110,30,252,75,136,1468,456,29,242,570,136,2823,130,268,26,40,53,90,456,46,210,182,78,88,388,202,232,293,117,54,317,110,223,164,100,203,157,122,872,37,249,77,307
1972,4,255,24,118,270,65,1406,47,102,32,30,316,79,76,370,69,139,167,59,75,128,67,142,166,34,65,115,59,63,65,55,87,58,919,40,27,67,42,55,208,251,24,114,175,71,1680,53,109,28,31,33,125,612,104,135,105,77,68,103,69,132,192,30,72,185,62,70,68,70,91,89,28,83,43,59,2063,243,25,104,199,61,771,51,84,28,31,33,65,552,124,219,139,78,69,90,65,132,184,32,66,116,59,62,62,55,121,92,65,665,58,75,40,278
1972,5,69,25,71,65,37,278,33,57,24,27,59,53,41,69,52,51,54,104,38,45,39,77,87,44,54,86,78,38,50,39,42,39,113,26,25,34,36,37,92,68,24,76,58,39,215,33,51,26,28,28,41,76,40,50,51,99,40,42,38,65,124,39,40,66,58,38,49,40,41,46,26,33,30,37,195,75,25,76,62,40,177,32,52,26,27,28,44,71,28,49,49,113,39,42,39,68,103,35,56,90,57,37,47,38,43,42,39,108,26,35,33,77
1972,6,41,24,42,40,32,60,28,34,22,36,42,42,28,47,37,30,34,32,28,34,30,33,41,23,27,35,30,28,32,28,32,32,61,26,26,32,25,27,40,44,24,57,38,31,75,28,33,22,33,42,29,46,28,31,35,39,28,31,28,41,43,24,27,33,35,28,33,30,31,29,25,27,27,28,150,41,25,45,43,31,54,27,34,23,33,53,30,46,32,30,31,40,28,33,29,34,40,24,28,40,32,29,33,28,34,29,28,54,27,30,25,39
1972,7,57,54,108,40,49,106,66,44,33,59,60,121,34,66,47,43,31,34,40,58,36,35,41,57,30,34,68,32,35,43,31,43,64,34,61,60,33,75,63,45,40,71,41,51,79,89,60,28,59,88,36,67,41,49,30,50,31,64,38,35,39,54,32,35,70,30,40,40,30,39,61,50,35,66,104,55,48,90,38,47,94,65,61,30,58,86,33,66,43,46,32,36,38,67,41,36,43,53,28,35,60,30,41,43,33,39,52,68,35,56,29,61
1972,8,38,35,58,201,97,169,335,176,129,108,75,192,134,49,117,37,64,87,86,225,76,41,47,74,49,42,84,56,58,56,116,78,134,110,81,79,42,90,51,67,74,48,202,96,191,300,132,199,141,279,95,44,100,35,51,103,56,155,75,39,45,81,50,41,99,50,47,42,118,54,70,82,47,109,106,45,47,46,189,114,177,209,131,177,134,371,94,38,107,38,47,104,55,140,72,38,48,60,53,44,78,56,52,48,108,63,77,235,111,82,59,49
1972,9,60,40,28,279,175,59,107,148,112,233,37,49,24,56,60,67,49,54,30,93,50,40,27,28,95,102,53,47,47,49,30,26,47,55,59,72,120,47,34,66,33,24,256,174,64,179,155,62,201,74,25,59,38,55,38,60,30,65,56,38,30,25,40,102,72,58,55,55,88,185,66,43,95,49,129,70,28,24,230,151,64,242,106,104,197,96,44,58,37,52,36,35,30,62,44,30,27,34,114,105,60,63,54,44,31,90,27,42,36,55,93,29
1972,10,60,32,49,55,38,51,47,27,66,35,33,113,24,35,38,111,141,168,23,33,272,28,28,27,124,85,28,108,62,29,25,28,57,24,37,119,65,221,23,68,35,66,33,47,55,78,29,72,39,35,24,45,28,59,170,168,23,58,210,39,33,28,226,91,36,57,76,26,25,61,36,136,68,74,92,43,45,90,54,40,58,48,35,59,36,38,25,48,41,126,153,254,23,76,248,48,36,29,53,80,25,71,43,28,25,119,28,44,23,68,67,23
1972,11,25,130,46,176,44,49,145,33,176,50,220,101,38,75,179,81,105,265,75,75,100,188,46,135,52,40,62,73,29,46,108,102,49,24,37,78,70,93,32,31,77,24,186,37,61,130,47,162,72,107,40,81,167,259,97,298,36,49,123,204,53,154,70,46,74,61,29,32,108,114,34,85,152,284,186,37,149,25,170,55,80,117,49,161,42,83,39,57,171,82,94,197,62,65,108,220,34,109,156,48,64,61,61,44,102,130,93,38,22,171,120,30
1972,12,72,39,81,139,50,74,117,68,136,34,108,55,24,67,94,166,620,94,31,52,44,171,82,499,136,133,82,96,407,30,612,41,47,28,45,52,112,51,26,61,95,80,120,56,44,130,53,133,37,105,28,75,91,81,692,92,53,49,46,203,76,377,139,167,63,126,498,36,352,239,44,32,48,55,66,79,36,70,129,38,49,164,63,182,47,126,28,93,54,161,656,104,27,65,52,145,71,521,144,145,60,107,423,31,433,263,70,54,31,55,49,30
1973,1,32,258,36,71,33,41,88,71,122,55,48,51,229,100,60,141,431,80,26,53,149,473,32,247,239,58,47,37,115,200,69,209,127,68,52,90,272,91,136,34,208,32,71,48,66,99,122,141,39,108,685,197,61,292,431,120,26,52,89,290,42,688,197,54,42,36,94,212,155,142,62,90,217,100,185,32,270,40,82,44,50,111,76,125,48,122,412,102,110,203,337,92,25,40,69,314,54,311,201,49,68,35,117,217,114,145,209,92,60,56,259,253
1973,2,26,115,258,65,66,143,594,67,159,46,182,36,733,243,140,566,190,221,74,642,433,300,72,583,223,69,165,167,65,47,96,126,350,78,63,155,158,114,169,26,164,368,63,71,77,1483,50,220,68,116,146,277,65,523,193,195,94,279,482,318,61,472,192,62,175,92,86,35,118,204,128,150,148,89,277,28,130,180,70,93,98,998,55,165,51,155,271,403,75,968,300,269,105,624,498,267,45,723,262,48,132,127,91,35,129,201,124,395,61,191,139,61
1973,3,74,147,232,237,72,105,1498,293,358,277,218,302,718,758,56,1102,274,1268,306,917,384,284,29,801,209,37,186,243,59,200,220,148,302,98,157,160,120,221,120,97,149,195,176,74,128,1433,282,525,295,149,630,811,81,1001,504,1208,572,1746,432,234,29,493,226,42,146,211,70,177,185,132,102,198,111,150,254,74,214,220,196,49,179,1621,236,418,325,167,571,844,49,951,537,1472,487,1967,320,217,49,969,193,48,200,209,67,129,230,138,88,292,84,191,94,87
1973,4,41,81,103,191,56,46,758,153,514,92,512,74,214,369,55,596,178,570,129,929,246,97,26,271,82,101,115,88,40,50,93,49,80,44,52,67,60,65,47,41,83,98,376,54,43,618,111,401,103,237,186,232,60,592,158,635,92,662,168,79,27,330,85,74,119,96,44,50,101,191,62,66,52,65,108,51,67,128,356,50,44,707,184,366,91,249,266,277,61,467,153,388,93,633,212,127,27,245,88,116,94,75,43,59,106,199,50,81,49,92,52,70
1973,5,36,44,44,218,28,33,98,63,79,50,319,39,77,118,38,94,60,93,97,131,61,150,24,72,47,52,151,55,108,37,54,35,42,33,35,42,38,36,84,30,47,45,95,30,36,82,123,69,63,71,76,107,31,88,60,87,99,103,58,123,24,74,45,59,110,48,43,33,59,91,31,39,36,36,48,27,46,45,178,32,33,81,49,72,53,89,85,88,33,96,61,81,64,114,57,69,24,75,46,33,108,68,75,43,62,99,33,41,30,50,35,44
1973,6,24,29,29,41,47,26,53,34,53,73,48,44,41,42,27,48,41,46,110,49,64,55,27,54,33,28,43,55,42,29,34,28,30,32,30,29,28,32,33,25,29,29,36,32,25,47,33,55,73,32,40,43,27,44,44,45,88,46,49,54,27,60,35,26,69,37,85,34,34,39,37,31,27,30,39,25,31,29,39,50,26,48,34,72,66,36,42,45,28,47,44,44,122,46,50,121,26,53,35,26,66,59,61,29,40,39,28,29,32,29,27,80
1973,7,59,33,39,37,30,45,46,48,37,82,46,50,55,35,30,50,64,69,78,55,49,48,47,50,56,40,39,67,68,45,47,42,58,35,38,43,43,38,32,54,34,38,38,39,52,48,51,40,73,45,56,43,29,48,60,64,120,48,50,45,44,56,58,38,38,82,61,48,40,117,37,37,42,36,35,52,36,41,36,32,52,48,59,37,81,59,56,40,29,49,48,62,83,49,52,42,47,61,61,35,38,52,55,50,48,93,51,58,31,40,44,30
1973,8,77,42,31,34,51,83,52,93,63,127,50,57,88,71,123,120,161,148,99,52,110,101,41,78,62,110,53,178,118,39,97,74,46,49,51,91,72,57,41,77,46,31,38,66,76,56,125,74,113,118,85,59,129,160,189,203,99,82,101,113,46,56,62,240,38,172,103,33,71,140,49,104,54,63,99,71,40,32,37,70,77,60,122,56,122,106,112,65,126,192,291,115,102,77,134,85,54,58,64,132,52,207,107,39,64,151,94,52,45,73,57,49
1973,9,34,72,49,36,143,165,27,199,24,56,51,37,106,28,132,154,29,79,47,50,132,45,31,27,67,157,27,55,54,51,39,97,34,108,31,100,27,24,41,55,76,50,36,176,184,24,233,24,54,100,145,30,129,113,26,94,46,82,90,87,26,26,69,113,33,60,80,51,93,48,28,62,36,33,42,32,56,52,45,52,228,24,215,27,62,134,87,42,149,142,28,78,49,47,65,69,26,26,75,128,26,163,78,42,62,83,55,35,95,107,30,43
1973,10,26,71,34,43,30,72,36,49,151,27,45,34,159,80,33,38,37,26,26,25,28,25,22,52,25,54,437,30,28,28,72,63,60,41,25,52,62,23,52,34,84,45,50,34,50,25,61,104,26,70,56,99,34,60,39,28,27,27,25,26,22,52,24,44,1517,34,25,30,34,89,24,147,50,23,25,27,55,67,61,174,43,28,44,100,27,35,59,87,38,47,33,27,25,38,28,24,23,58,25,42,739,34,26,28,39,71,93,53,60,95,60,62
1973,11,25,46,157,288,38,73,26,118,30,41,26,39,37,103,181,52,61,38,57,73,66,24,44,109,50,379,1344,40,40,36,96,109,26,24,26,86,75,61,46,23,61,173,355,35,41,38,133,62,39,28,103,40,75,32,54,34,74,41,68,24,40,160,75,338,295,58,73,35,102,61,29,63,78,140,74,22,65,172,287,31,58,31,135,28,29,29,109,77,170,55,74,30,70,45,70,24,45,105,51,168,242,33,57,32,82,135,124,26,26,95,67,27
1973,12,42,217,95,137,131,122,53,319,409,39,36,30,43,204,38,274,42,47,27,42,139,84,43,120,76,129,400,45,62,24,33,141,117,28,24,100,57,102,36,34,135,74,102,135,133,35,1611,213,38,100,38,221,133,190,36,44,26,85,97,107,43,102,78,80,547,45,44,23,35,111,23,127,74,50,343,43,136,86,127,146,80,40,314,399,29,85,40,177,39,277,43,47,25,90,177,82,55,81,87,198,307,58,49,23,37,53,127,70,32,89,58,34
1974,1,97,76,46,137,185,384,25,1011,155,76,105,102,65,134,79,286,179,331,263,49,463,48,129,135,79,211,496,127,235,85,29,454,35,139,63,75,135,34,51,86,75,42,151,151,597,24,479,151,155,48,144,95,82,415,236,186,209,83,362,56,100,136,107,134,401,138,487,77,28,47,46,72,95,42,330,83,65,45,184,176,250,23,1062,110,88,41,124,210,106,205,237,474,233,82,274,75,73,233,76,121,404,152,232,90,27,42,287,85,204,56,161,47
1974,2,161,90,234,133,152,558,92,451,121,535,511,119,139,295,533,348,173,286,83,108,880,129,84,185,113,286,1212,150,655,56,40,479,44,130,50,487,81,197,26,144,69,205,119,140,361,47,638,178,318,121,82,391,472,878,79,436,108,51,618,70,86,170,73,582,413,230,316,67,48,38,47,663,100,283,543,179,92,134,129,176,741,113,666,171,513,73,78,283,551,699,89,264,86,73,392,79,143,133,70,337,563,225,735,43,47,34,847,47,105,331,52,25
1974,3,233,107,89,482,219,406,60,522,402,315,540,34,41,150,448,936,50,227,102,352,1458,259,42,141,127,880,958,188,492,30,117,749,32,210,30,931,81,359,59,174,112,85,772,202,263,115,234,329,594,52,47,102,683,1084,44,242,111,251,916,355,47,104,153,1054,1437,150,602,30,87,59,35,968,118,320,2319,251,115,209,603,217,352,78,380,319,743,88,51,109,615,940,48,254,160,286,1467,239,38,169,134,752,1420,121,571,45,115,53,906,30,150,1584,87,102
1974,4,54,65,48,552,118,163,55,89,150,1116,191,28,52,62,275,779,44,103,55,114,304,183,30,57,218,442,436,72,256,34,35,261,40,100,37,268,50,406,37,94,73,56,651,136,280,55,72,300,735,70,54,60,402,949,43,98,56,116,538,175,29,59,232,227,426,85,291,45,33,42,36,598,44,312,843,51,84,53,369,183,143,61,82,144,793,55,43,56,408,1007,63,100,52,95,281,152,31,64,227,512,463,83,250,35,35,33,182,40,173,270,41,28
1974,5,34,38,34,251,68,81,34,56,87,124,60,31,32,45,94,481,33,69,38,43,67,54,26,84,72,120,117,43,97,28,28,67,28,50,30,115,35,82,24,34,39,32,178,55,76,27,50,85,103,30,31,40,97,229,32,67,36,47,72,52,26,64,93,84,93,43,74,26,27,26,36,101,34,124,128,34,37,38,216,60,86,34,54,59,103,33,34,41,121,163,31,71,35,44,73,71,26,62,85,112,106,42,97,28,27,26,69,28,47,97,33,25
1974,6,29,29,28,62,34,40,24,78,55,50,36,29,25,31,88,60,25,35,26,31,44,31,27,35,37,56,48,30,43,27,25,40,23,31,23,46,33,40,25,31,28,27,57,34,43,24,78,61,48,26,25,33,51,65,25,39,27,29,49,37,26,41,34,53,48,30,62,25,24,27,24,49,33,42,63,28,29,27,63,36,40,24,70,97,49,28,25,33,47,63,25,38,26,31,43,32,26,40,33,50,49,33,49,26,25,25,39,23,31,48,28,25
1974,7,81,126,107,57,41,44,48,50,61,86,45,48,41,33,48,56,43,33,41,45,30,43,43,74,52,45,88,32,44,34,47,34,56,45,71,43,53,54,33,106,68,89,52,52,47,52,63,58,82,33,41,29,52,45,45,37,31,45,31,41,49,80,52,46,66,30,46,30,53,39,93,47,52,50,64,82,146,124,42,59,49,53,77,78,105,33,42,31,45,50,45,38,36,49,30,44,44,78,52,49,75,29,46,37,47,39,35,48,47,43,58,39
1974,8,267,126,140,67,152,57,51,108,52,47,88,60,72,43,95,37,53,41,175,107,36,43,45,56,70,57,79,49,157,193,93,42,151,52,88,89,150,101,31,223,226,135,68,118,41,58,82,59,45,76,74,53,81,52,49,36,104,67,35,50,40,59,107,54,64,62,136,150,149,104,145,88,132,100,89,229,120,121,79,88,47,55,78,42,52,64,61,37,61,38,55,36,171,74,37,45,47,60,79,60,68,54,193,145,89,116,42,189,51,82,104,29
1974,9,76,206,51,53,25,39,73,68,24,94,56,51,49,41,40,26,77,64,69,59,29,52,86,67,61,26,26,29,79,41,47,24,157,32,34,84,39,25,23,60,246,52,41,25,35,127,47,24,120,45,33,48,55,26,68,65,83,76,31,50,91,50,57,25,24,28,119,119,51,49,32,99,33,25,49,64,315,60,46,46,35,77,36,25,181,71,38,48,48,26,55,80,58,47,30,53,57,34,60,25,24,29,91,57,65,73,24,127,28,62,44,25
1974,10,60,64,25,28,52,23,50,64,31,64,44,134,41,34,26,34,51,39,50,29,44,1552,70,40,47,37,31,31,64,82,25,31,54,150,36,1367,36,224,22,54,93,24,30,101,23,59,78,31,106,46,44,29,26,29,50,29,51,31,43,534,72,85,59,37,31,36,31,46,23,31,30,1295,28,1421,106,68,88,24,30,86,24,54,65,29,125,33,62,30,26,38,51,37,33,33,41,1519,88,91,70,38,31,31,38,59,23,34,29,82,201,1342,30,22
1974,11,108,276,75,34,152,24,34,25,43,182,172,26,144,33,23,27,115,66,53,24,117,136,49,28,250,344,32,27,118,56,83,35,54,245,29,93,124,935,23,98,214,52,37,78,23,30,25,42,86,35,98,43,25,27,145,68,46,24,107,664,76,35,215,281,33,23,92,50,89,275,39,164,152,48,66,58,183,57,59,70,24,35,24,42,111,52,99,48,24,26,131,88,70,23,94,68,35,31,149,92,34,26,106,60,47,267,35,62,179,135,112,22
1974,12,59,87,113,74,174,165,269,110,120,99,93,62,83,66,35,26,81,26,39,208,52,69,94,152,70,276,93,24,50,73,51,22,177,52,62,226,72,192,25,64,69,117,57,138,129,264,85,123,145,103,67,58,31,25,41,27,43,126,48,98,90,150,80,255,95,25,54,59,35,128,51,300,30,161,55,86,75,96,43,104,217,366,82,148,90,135,75,55,42,29,47,29,36,164,72,113,91,167,173,364,64,25,51,63,102,106,22,198,43,191,47,23
1975,1,64,366,45,77,50,90,124,169,208,74,86,303,54,38,124,47,110,107,26,174,156,204,68,237,148,520,108,72,35,37,92,33,84,150,160,85,544,3044,42,113,315,60,92,75,105,97,242,300,88,106,87,36,110,76,237,129,27,231,104,193,89,195,182,277,133,55,31,40,93,189,143,122,431,1093,149,105,327,55,60,114,79,120,141,291,140,121,49,47,125,73,234,58,27,206,154,143,101,262,86,512,145,81,32,49,60,220,39,70,286,93,765,49
1975,2,103,242,135,65,447,43,118,154,108,97,302,275,88,183,88,36,327,66,121,55,156,303,166,164,918,553,86,206,128,63,37,57,86,759,613,65,232,2241,132,56,338,113,48,398,52,138,102,89,86,130,86,293,161,25,186,80,113,65,200,235,86,227,291,924,71,235,130,90,41,508,218,82,273,3980,155,48,267,133,89,243,47,88,268,93,93,84,96,282,74,28,130,167,93,58,184,195,45,120,809,872,96,135,137,55,54,287,53,99,443,70,161,110
1975,3,63,403,88,75,455,146,447,452,833,51,176,626,125,381,309,50,539,48,31,58,418,239,141,163,1083,1779,105,107,140,110,62,26,61,758,97,55,143,2393,181,93,508,77,48,447,235,492,508,983,50,151,124,469,272,38,643,36,33,54,399,393,282,262,1392,1862,136,147,143,98,59,427,263,67,110,1823,212,77,378,75,78,631,153,639,378,1098,54,160,140,629,249,35,289,36,45,51,360,251,257,192,2238,1200,118,319,119,125,64,590,30,78,427,57,91,101
1975,4,70,235,39,31,233,93,343,569,1092,60,264,474,70,244,94,33,258,39,54,40,898,79,83,80,2227,1165,59,153,61,74,46,145,58,145,53,54,62,476,37,72,186,40,34,303,73,236,295,385,65,69,68,209,128,30,192,39,45,41,462,92,71,96,2157,683,56,65,50,49,64,80,57,60,60,410,95,80,183,42,31,229,138,370,294,622,75,66,49,207,132,35,288,42,51,42,748,90,88,115,1273,1767,60,106,52,51,66,97,117,63,188,67,55,65
1975,5,33,94,35,26,70,48,99,84,119,36,86,60,36,58,48,24,58,31,51,40,111,49,43,49,158,176,40,46,34,35,29,27,58,67,39,43,47,71,33,32,61,36,26,66,46,108,69,252,38,53,35,57,52,24,56,29,55,38,190,54,45,47,339,158,37,87,33,41,28,50,39,47,45,83,58,32,90,37,27,65,49,118,78,124,39,55,35,60,50,25,58,36,50,31,150,43,40,48,174,158,37,50,32,47,28,54,51,78,63,37,50,29
1975,6,26,43,28,40,37,29,42,41,49,36,40,38,28,39,33,26,38,25,24,26,50,42,28,33,52,65,28,49,26,26,25,25,68,46,30,27,31,69,29,26,56,31,56,41,29,41,39,52,30,28,28,40,33,31,38,26,25,25,48,43,29,41,53,74,31,37,26,29,24,60,30,28,31,60,35,25,40,28,42,36,29,41,39,50,29,29,28,42,32,27,35,26,27,32,49,42,28,36,51,79,29,54,26,25,25,48,24,31,41,27,29,29
1975,7,29,49,57,56,56,34,46,38,50,60,34,54,45,49,116,37,40,30,78,46,48,63,46,59,60,60,57,58,59,34,40,34,52,61,31,63,31,64,37,28,47,49,54,56,32,41,36,52,54,37,44,55,100,32,46,37,66,36,46,65,46,82,56,60,50,41,64,32,38,43,30,52,28,81,45,28,51,53,51,56,34,46,35,53,66,36,47,51,66,32,48,34,59,48,50,58,49,76,53,60,48,59,72,33,42,59,39,55,59,51,29,34
1975,8,69,63,46,154,185,57,56,57,96,90,116,183,69,99,137,68,134,66,170,54,95,65,100,229,69,36,96,157,93,43,44,29,89,173,39,58,64,339,89,53,60,57,153,193,72,49,76,106,101,81,59,125,128,64,96,60,144,44,87,65,90,258,66,37,117,188,107,48,45,85,58,66,55,239,221,52,69,63,117,176,53,51,58,110,84,104,68,127,193,47,111,70,177,45,88,67,74,285,62,40,97,172,77,53,38,46,31,66,144,72,61,67
1975,9,33,32,39,42,82,35,111,56,72,45,53,91,27,61,41,26,29,26,93,99,27,38,241,33,48,33,72,51,34,97,27,76,121,43,31,97,160,205,30,46,52,38,96,66,32,110,61,47,48,62,29,82,45,27,35,31,66,75,30,40,206,36,44,64,85,56,39,74,38,41,49,115,167,156,122,32,44,32,118,124,32,138,68,36,47,53,26,74,59,28,35,43,34,92,27,38,294,30,45,64,69,54,31,57,27,39,70,131,68,114,113,28
1975,10,75,53,27,139,49,46,50,49,45,41,24,88,23,340,46,36,49,22,81,123,65,34,219,117,26,56,30,64,23,83,31,351,274,25,54,26,42,93,23,61,45,31,65,48,38,35,84,93,44,67,22,395,40,38,37,23,65,109,55,30,200,125,27,23,28,49,23,184,24,241,24,25,67,78,26,82,39,30,94,28,46,39,68,52,50,53,23,231,37,41,40,23,80,147,55,34,151,101,25,27,56,48,24,165,32,304,201,179,26,31,99,23
1975,11,281,47,28,44,111,36,57,122,71,244,49,128,33,64,82,31,64,39,260,40,38,190,135,115,30,81,41,119,23,237,35,127,98,76,25,48,232,38,151,394,58,26,28,110,31,59,61,27,236,120,27,54,96,30,57,39,183,64,31,170,113,132,33,76,43,67,23,102,46,74,24,32,95,38,62,549,53,26,40,59,35,50,117,38,300,145,30,102,102,24,67,43,225,62,31,105,144,168,31,82,50,103,23,72,36,43,399,167,47,47,169,151
1975,12,281,43,70,31,71,104,27,53,175,491,97,54,35,79,217,23,269,81,67,192,181,454,68,39,31,41,40,31,56,164,70,141,38,65,23,159,55,38,281,131,38,74,42,77,130,33,110,141,435,364,28,86,201,23,567,78,171,247,169,665,86,44,30,47,38,93,54,231,98,365,22,182,109,38,50,206,40,59,31,129,102,25,49,149,537,150,28,97,245,27,342,82,102,189,177,816,76,45,32,41,38,31,56,240,74,368,80,47,128,170,89,431
1976,1,700,33,58,42,110,38,157,134,256,973,120,241,51,82,291,23,363,33,2459,352,51,251,229,1336,148,71,137,1154,100,108,143,84,390,96,34,77,212,172,127,228,31,70,49,145,35,191,195,281,957,180,33,143,202,23,147,43,1067,208,50,273,194,617,135,103,185,1875,55,85,162,536,34,48,235,133,69,330,35,85,37,100,35,175,138,172,655,404,50,137,126,22,132,33,1233,326,44,384,215,1723,157,73,214,946,112,74,224,248,89,383,49,78,171,115
1976,2,671,152,68,33,77,98,58,356,328,1615,77,320,108,193,564,47,180,54,969,182,64,425,580,874,42,72,127,1096,46,165,332,157,542,95,103,65,532,110,229,1446,139,61,30,189,102,45,248,215,1813,1010,159,95,519,28,129,73,1978,242,62,351,307,1680,46,39,94,416,134,196,275,192,94,71,274,148,330,1205,113,41,32,196,124,48,278,293,2072,498,129,147,709,50,247,78,1700,180,66,280,505,678,37,72,84,1065,46,136,195,173,181,605,82,43,333,239
1976,3,1043,70,28,73,870,109,43,439,178,1308,128,877,59,75,579,21,190,184,316,97,60,362,428,944,108,107,271,367,111,128,474,92,164,78,69,288,336,130,645,2113,83,28,85,559,69,42,496,253,762,1163,44,66,741,30,148,120,550,114,50,408,360,630,151,185,257,710,123,93,358,1093,74,293,380,150,148,2858,98,44,94,538,93,38,277,171,980,1388,44,75,642,22,162,128,394,96,42,318,338,280,118,157,391,703,175,97,391,669,103,202,82,269,370,325
1976,4,1788,40,53,33,342,40,39,178,74,378,58,238,103,79,106,21,112,80,290,71,44,200,266,538,45,63,223,462,41,62,192,57,146,37,37,316,570,98,182,943,34,36,37,462,61,39,135,72,489,137,74,62,107,21,126,56,300,67,40,242,263,372,38,41,221,221,40,56,235,287,30,221,1311,111,95,770,33,56,31,388,57,36,175,81,377,217,62,72,100,21,134,88,227,66,40,438,216,572,65,40,173,373,38,53,237,398,87,114,37,406,709,237
1976,5,153,34,24,28,85,54,29,58,46,114,39,66,37,37,58,24,55,36,86,42,31,101,362,82,29,31,54,87,58,38,74,37,54,29,27,150,268,46,57,106,32,39,30,85,51,29,57,41,134,85,39,40,52,24,50,54,149,42,32,115,385,115,33,32,59,72,65,36,80,62,26,179,113,48,47,114,33,25,29,103,49,28,54,42,127,97,42,40,54,24,47,43,150,42,34,213,333,148,32,32,63,84,63,34,69,63,69,54,29,99,297,58
1976,6,51,24,23,25,81,29,25,37,29,112,27,41,41,28,35,20,34,29,47,30,28,61,55,46,29,27,35,43,27,42,44,51,35,26,23,43,56,30,37,49,24,23,25,102,28,25,37,29,90,46,40,28,40,20,33,28,53,31,29,69,54,49,27,27,35,42,27,37,40,41,23,40,49,33,30,49,24,23,26,74,30,25,35,29,83,46,59,28,37,20,37,27,59,32,25,56,50,49,32,27,41,43,26,37,40,41,34,37,27,40,53,37
1976,7,55,41,29,44,171,59,115,46,44,68,52,51,58,55,40,27,57,42,40,37,29,48,42,39,42,41,54,55,85,71,44,33,38,49,36,54,50,60,37,51,41,31,41,140,60,101,47,50,62,49,55,63,41,27,59,38,44,36,29,47,41,42,43,49,60,53,100,98,43,35,36,52,46,76,27,51,41,28,42,132,57,92,49,55,71,63,63,57,40,26,55,50,53,49,29,46,41,44,42,48,60,57,76,75,47,37,40,36,54,47,55,37
1976,8,61,47,62,89,207,273,83,59,81,126,44,107,48,111,95,154,94,57,46,67,56,60,47,58,89,74,79,196,62,218,49,44,70,69,54,85,51,50,38,60,58,55,60,343,411,86,62,62,127,78,36,65,85,126,74,50,70,87,68,79,49,45,88,113,77,204,75,201,61,56,64,88,50,52,38,57,56,53,80,223,275,105,43,53,120,65,39,68,95,170,104,48,43,67,62,79,60,61,117,84,80,130,73,173,44,53,46,50,63,94,51,39
1976,9,26,50,28,56,187,86,59,25,33,40,41,29,45,44,24,465,94,39,39,45,41,83,40,49,110,28,66,193,33,139,53,75,28,28,42,33,36,34,30,38,44,37,53,132,101,58,24,30,59,27,54,48,29,184,178,38,58,41,44,73,59,68,53,27,62,115,25,92,57,40,40,25,34,30,54,31,64,29,118,192,98,43,27,42,40,27,40,33,24,72,109,38,52,56,41,103,57,56,74,45,63,141,24,122,54,45,66,35,25,40,40,33
1976,10,54,37,60,54,188,48,80,33,33,42,33,37,39,796,40,117,846,35,82,55,26,25,155,28,27,61,46,42,29,31,39,107,24,23,25,47,29,30,149,40,36,123,53,91,33,89,28,33,92,221,47,486,54,110,733,59,57,35,24,25,115,30,28,38,93,96,27,28,32,28,27,32,36,33,53,48,32,136,33,134,39,78,36,30,77,270,77,307,45,245,1431,41,92,55,25,26,144,25,45,79,55,63,27,31,32,30,252,27,23,33,27,45
1976,11,46,27,97,26,152,29,208,268,98,528,33,56,100,65,72,418,299,45,106,59,61,23,458,50,135,25,387,102,31,26,352,204,181,24,22,23,60,359,94,66,28,27,53,234,53,193,346,100,387,87,104,213,44,431,758,32,156,85,51,24,265,72,110,58,305,69,30,24,354,61,22,39,35,194,76,45,39,28,51,218,32,149,237,84,512,153,62,1197,68,438,238,31,107,62,43,23,194,66,73,27,344,122,29,25,324,65,39,280,25,40,58,252
1976,12,35,276,250,29,113,29,387,44,63,136,100,78,32,64,130,96,126,23,191,39,102,25,105,121,29,53,227,182,116,41,224,57,318,25,32,26,190,672,76,39,159,210,35,127,32,311,65,55,192,93,35,78,114,72,86,24,191,42,129,23,97,76,28,63,133,168,106,39,173,26,29,26,134,838,444,34,169,209,32,129,29,453,65,57,168,53,46,60,117,80,75,24,220,44,123,25,118,73,61,50,194,101,108,34,151,45,67,226,22,26,169,44
1977,1,34,222,64,26,475,59,274,70,37,357,109,804,198,219,254,351,610,122,247,28,136,25,363,143,67,72,154,64,64,72,180,117,317,125,29,52,169,622,131,42,302,76,25,457,71,317,72,35,303,96,159,379,272,239,856,57,235,29,59,29,173,83,83,78,243,65,50,64,159,233,26,40,245,515,335,34,272,67,24,354,69,259,90,41,210,90,209,246,119,385,1584,59,121,29,71,29,331,136,92,45,165,66,55,62,252,300,101,267,220,86,166,87
1977,2,29,879,52,23,209,225,300,42,191,627,113,833,109,235,222,265,1421,147,87,134,37,28,450,143,75,68,245,89,39,83,401,145,469,223,131,231,64,353,628,38,568,54,24,224,216,331,44,161,946,102,135,243,253,270,1612,203,151,114,56,36,658,239,46,57,198,72,39,92,382,256,135,214,56,458,758,26,347,55,24,312,213,243,41,162,933,150,141,198,302,300,549,157,112,83,33,29,426,182,69,170,143,102,40,92,324,193,207,601,166,152,61,848
1977,3,31,1165,139,31,780,48,1556,36,99,1057,260,1035,119,594,558,1249,409,106,319,156,253,29,389,104,83,371,142,594,43,61,281,367,344,39,57,88,269,323,1829,29,1167,152,34,558,50,1713,39,137,794,182,125,1166,342,630,279,166,244,176,302,27,662,116,80,632,196,347,47,56,235,522,60,52,407,272,1321,29,1561,109,34,536,49,2487,37,104,649,117,118,354,567,1300,411,255,140,133,259,32,512,96,81,640,275,416,40,45,223,457,241,413,41,142,323,1354
1977,4,25,581,59,36,194,54,1054,37,64,730,80,455,117,299,269,442,170,98,117,86,82,22,234,57,33,244,130,213,28,33,128,206,111,34,39,36,224,111,869,26,750,51,39,308,53,1077,36,47,914,54,185,396,393,693,171,62,152,85,68,22,228,58,32,222,177,365,27,29,149,250,34,39,153,117,2627,25,798,50,31,233,49,558,35,54,1092,53,112,354,288,550,136,55,172,126,74,22,229,57,34,219,172,258,27,31,102,389,185,90,35,44,111,1145
1977,5,23,144,32,23,76,30,97,29,33,166,47,77,73,87,59,108,88,32,59,90,46,22,68,52,28,63,66,73,24,34,67,60,52,28,25,29,53,63,436,24,99,35,23,70,31,92,29,35,136,36,69,81,61,146,90,33,59,90,50,23,66,42,26,63,60,73,24,29,67,59,25,28,49,57,249,23,100,33,24,70,35,95,29,32,145,36,86,133,60,103,93,34,56,63,42,22,76,41,27,85,60,67,24,29,58,73,53,52,29,30,51,536
1977,6,30,53,27,24,37,25,54,25,26,55,29,49,48,43,42,53,50,27,38,30,30,22,44,28,26,34,45,39,23,28,36,44,35,26,26,30,36,43,63,27,51,26,23,41,25,51,26,26,55,27,37,52,43,59,62,27,36,31,29,22,42,29,25,36,60,39,23,26,38,40,25,27,39,41,73,32,57,27,24,39,26,50,25,26,55,27,51,47,43,57,45,27,38,30,30,22,41,28,27,37,42,40,24,32,49,40,48,34,26,31,34,70
1977,7,40,40,49,46,38,67,55,44,40,49,44,68,53,42,60,70,113,34,34,45,26,23,44,26,40,62,59,74,41,38,35,93,33,47,30,30,32,51,57,57,38,48,55,41,57,55,41,39,47,45,55,38,55,63,114,37,49,34,26,23,43,26,40,57,61,54,43,43,34,74,30,31,31,53,161,63,39,48,49,45,61,59,41,40,48,52,49,38,69,47,113,36,46,38,27,23,42,26,41,57,55,89,42,44,31,75,81,33,42,30,31,57
1977,8,107,43,69,90,193,125,46,41,80,50,34,38,137,54,55,97,303,92,77,55,37,46,42,46,45,89,111,53,66,52,66,69,149,33,81,33,87,81,36,95,38,71,72,245,141,39,46,70,62,139,93,69,57,88,340,54,73,33,43,48,42,55,50,76,108,98,77,52,53,112,72,32,81,63,144,71,36,69,84,149,160,39,46,98,58,116,83,54,47,117,284,66,72,44,35,48,40,51,44,106,107,45,78,46,58,93,45,120,36,31,137,39
1977,9,61,27,119,54,116,28,25,34,49,84,31,127,144,137,87,79,114,90,53,141,52,47,32,32,45,44,26,47,114,51,56,26,60,61,64,94,37,49,26,32,27,122,70,110,27,27,33,41,60,95,129,171,110,84,104,122,67,55,71,54,31,26,30,45,25,40,122,49,86,34,40,66,31,62,270,36,26,81,42,134,29,25,38,37,61,68,220,252,77,110,194,44,57,141,76,52,34,35,35,46,29,41,103,49,56,40,28,77,66,73,32,26
1977,10,181,23,135,66,64,67,29,37,31,26,55,28,38,137,30,26,99,46,32,30,58,38,35,25,1546,29,40,27,42,42,199,24,25,44,59,40,65,59,26,70,23,136,70,92,80,38,34,26,26,34,41,62,33,29,55,60,36,125,32,21,30,27,713,27,34,25,36,37,76,152,100,42,45,271,69,73,23,171,117,122,199,34,30,34,28,34,44,49,35,25,77,132,36,32,48,22,26,26,186,27,29,24,38,53,175,164,25,26,72,30,59,28
1977,11,33,24,50,71,144,241,83,23,41,25,80,37,99,58,250,118,41,25,76,68,45,30,41,48,124,49,55,27,86,58,88,26,23,84,66,75,57,182,44,147,25,72,46,129,213,68,22,38,24,94,62,46,217,144,72,25,67,46,50,26,31,114,204,56,128,33,129,92,181,46,28,56,98,38,139,149,25,68,74,110,59,72,22,38,24,134,47,60,143,197,49,26,67,44,52,28,41,74,819,44,123,26,92,98,82,73,23,24,76,61,43,73
1977,12,69,24,127,44,75,162,39,25,32,23,44,62,74,53,66,153,205,408,51,181,292,33,23,120,210,118,259,23,65,120,35,74,395,152,39,26,352,41,821,60,24,116,73,40,260,40,24,36,23,66,101,71,69,142,288,468,49,252,327,35,24,46,215,140,285,23,61,90,55,191,36,26,324,54,160,66,26,156,50,45,186,39,24,30,24,32,112,34,164,120,288,410,54,176,461,33,22,81,248,108,193,24,57,107,33,166,67,678,190,24,383,492
1978,1,157,162,238,72,119,215,49,140,32,23,31,88,39,191,356,149,264,357,67,287,239,39,846,49,748,208,383,59,154,126,109,72,365,121,80,32,279,137,117,184,143,252,62,100,162,42,123,24,23,207,42,205,311,173,220,165,70,662,107,27,419,44,785,263,204,36,131,126,91,71,64,32,570,116,388,142,141,171,53,112,131,39,136,28,24,184,48,173,345,219,232,247,67,454,107,29,450,47,845,189,224,63,104,78,102,67,109,250,107,30,130,227
1978,2,134,43,197,54,61,316,238,32,38,32,98,700,50,59,419,321,210,296,142,1078,132,21,101,91,1134,248,756,29,90,205,251,497,228,76,55,40,156,223,118,118,167,266,49,79,396,243,76,35,32,176,73,49,295,457,166,403,154,587,205,20,160,90,1420,301,961,67,51,241,176,936,76,44,114,181,440,159,133,130,50,87,309,191,61,33,38,165,50,48,414,342,138,314,113,552,123,22,156,89,2241,265,906,34,153,238,433,730,848,250,107,42,237,251
1978,3,148,180,301,58,106,238,126,88,30,29,37,257,109,45,327,1072,657,1687,140,1110,734,30,436,151,3110,490,1195,44,103,317,497,345,178,198,52,75,326,186,463,173,64,589,61,87,301,131,69,26,29,286,77,43,406,934,436,1126,183,1011,299,25,396,113,4213,458,1462,49,150,349,521,462,36,56,266,236,320,130,56,357,49,75,313,145,50,33,32,773,118,40,332,1003,1015,1652,163,912,416,27,471,178,3323,512,942,65,78,188,506,1112,396,151,438,71,136,454
1978,4,64,39,354,30,45,104,68,31,46,34,138,136,53,44,141,239,517,961,86,162,320,22,247,62,1276,629,663,26,88,314,502,206,72,488,79,43,186,102,233,73,40,271,30,45,100,69,31,45,27,959,50,53,121,229,522,995,61,222,390,20,288,66,1053,398,652,30,78,216,386,582,63,43,398,94,134,71,43,386,34,46,118,56,30,31,25,414,73,38,102,345,211,1105,49,174,292,21,397,45,825,401,1028,28,87,277,215,289,144,69,234,40,330,389
1978,5,72,30,83,26,31,50,36,25,25,22,36,52,46,32,54,75,74,213,35,61,72,21,88,42,344,219,212,25,38,99,95,55,46,80,32,26,144,43,73,103,28,70,25,30,54,36,26,24,24,437,40,29,54,75,69,181,34,67,74,20,76,35,174,271,180,26,39,90,114,96,30,25,109,40,60,75,30,69,26,30,53,34,25,33,26,338,39,34,52,85,62,152,33,61,88,20,84,36,248,447,186,26,38,125,99,88,53,46,123,24,175,83
1978,6,33,26,49,24,28,38,33,25,22,22,26,33,27,25,36,71,44,54,27,39,43,20,37,27,56,74,65,26,27,43,44,36,31,40,30,24,51,38,46,31,25,45,24,28,38,28,25,21,22,54,32,25,39,70,41,51,27,39,40,20,42,26,53,91,59,24,27,44,45,50,28,23,53,36,41,34,25,45,24,28,37,30,24,22,22,53,27,24,37,61,41,51,26,38,42,20,39,29,57,70,62,25,27,48,42,48,34,31,42,24,66,47
1978,7,51,54,58,49,41,35,30,39,45,36,43,48,52,74,40,77,56,51,31,58,41,44,59,36,66,79,66,48,49,45,54,44,48,34,61,82,40,54,36,51,57,61,50,42,37,30,44,49,34,54,46,67,40,77,51,42,36,54,39,36,60,31,63,78,64,51,58,44,87,87,76,79,39,51,48,51,48,55,53,41,35,31,42,56,33,49,50,59,40,98,45,51,51,58,41,40,50,33,53,69,72,47,51,48,86,80,34,45,31,69,40,37
1978,8,143,69,93,95,124,33,29,119,77,33,58,90,185,39,133,92,55,59,70,146,77,46,62,34,52,93,71,38,47,39,80,166,83,32,37,114,36,56,84,136,64,79,81,152,36,33,128,59,31,73,162,62,179,85,59,61,61,160,79,55,69,36,56,91,86,38,43,47,40,39,32,124,34,63,58,188,63,142,73,150,34,30,127,87,31,63,179,56,183,87,67,51,104,181,98,43,74,33,72,81,72,36,46,43,41,39,376,72,35,147,32,93
1978,9,99,32,31,63,63,30,60,74,28,26,32,34,35,28,130,63,40,38,32,35,42,33,63,39,25,207,98,25,46,29,33,198,108,24,34,76,54,43,90,85,33,26,41,28,58,62,78,43,26,228,70,25,75,65,36,35,38,72,39,43,57,37,24,321,104,26,36,26,36,25,77,47,49,50,52,74,37,26,72,50,42,55,92,35,27,331,113,23,96,80,48,36,29,78,76,41,58,52,26,268,76,28,44,31,36,25,117,99,24,79,52,95
1978,10,35,34,37,34,25,65,44,145,55,21,25,66,81,36,36,66,45,35,33,40,41,48,47,25,133,272,50,26,193,48,134,56,109,44,94,25,31,30,48,52,51,39,67,26,36,72,168,66,21,85,56,41,43,43,60,30,59,71,35,48,48,24,111,315,43,27,256,51,99,27,79,23,29,27,29,81,31,42,43,26,51,52,133,52,21,36,52,41,38,60,81,41,59,57,31,26,46,25,148,397,50,35,158,39,86,28,68,98,32,26,32,28
1978,11,68,237,88,49,32,39,648,38,123,38,23,253,93,84,57,69,75,73,44,219,38,54,67,40,119,173,142,36,46,31,107,122,69,45,99,92,28,32,55,102,206,69,54,33,50,447,33,128,29,48,98,58,95,109,44,60,23,97,33,117,89,42,146,264,110,31,48,30,65,66,144,86,34,42,23,121,256,94,52,32,32,421,41,111,35,54,90,76,104,82,37,63,24,158,48,136,76,46,124,117,136,36,52,33,70,64,65,69,64,88,29,53
1978,12,118,150,59,27,30,59,805,141,40,52,32,145,52,478,81,44,87,46,27,287,47,160,135,228,275,98,62,31,82,25,42,70,39,35,113,42,25,29,154,58,139,82,29,28,69,422,189,56,88,71,37,329,55,38,90,58,28,388,45,137,121,247,295,106,67,32,103,27,70,99,46,42,25,23,25,51,143,46,28,28,54,460,136,59,72,81,29,332,57,37,88,44,28,233,32,119,92,396,301,129,98,31,92,27,58,134,113,39,52,42,26,170
1979,1,67,119,45,47,249,129,722,247,54,97,60,255,108,399,43,32,36,123,221,248,161,207,77,117,125,100,123,101,200,426,167,130,133,121,56,35,45,32,1415,58,175,69,50,306,149,2736,241,42,80,78,59,451,42,49,45,124,213,261,137,204,77,100,154,114,154,95,203,152,105,63,51,35,47,35,55,61,239,81,39,285,157,2676,243,57,63,98,78,261,52,36,45,83,227,185,126,187,114,103,146,133,125,107,175,379,161,50,127,144,191,46,47,1294
1979,2,188,536,84,79,277,100,2641,190,224,57,97,140,164,2028,188,100,205,194,181,296,85,99,96,96,79,132,134,44,234,85,204,184,72,209,136,67,115,159,2513,210,393,47,66,149,79,1063,215,267,94,233,237,1770,114,209,180,93,217,374,98,101,100,109,93,185,149,44,159,411,265,50,105,67,119,81,166,165,200,39,50,152,60,970,218,138,131,197,159,2358,127,218,101,208,238,314,78,159,89,75,82,130,167,46,283,73,185,49,172,64,136,64,96,2431
1979,3,67,389,31,72,218,48,627,318,102,52,133,125,223,520,44,365,198,383,101,1109,86,152,77,119,381,89,158,137,138,47,115,305,564,159,212,39,55,116,4422,62,401,31,76,228,56,316,290,136,46,566,363,546,99,406,245,341,100,805,154,206,77,100,335,86,93,134,211,45,100,171,262,34,59,130,59,83,412,30,71,230,60,350,299,186,45,308,349,480,85,234,247,366,87,903,202,154,68,114,247,89,128,161,181,50,103,96,309,492,280,57,62,3202
1979,4,62,196,28,33,140,34,146,203,74,30,32,71,189,131,32,187,115,652,46,440,68,127,59,52,282,46,62,36,69,40,56,90,150,200,86,163,42,73,1366,63,337,30,32,149,35,104,157,67,31,184,200,150,33,187,96,304,45,318,80,127,66,48,322,50,56,51,84,41,50,63,96,144,61,85,49,57,367,31,35,95,34,120,192,65,31,419,108,157,34,202,147,308,47,411,71,132,61,48,344,51,60,39,84,44,52,134,112,210,104,73,70,2772
1979,5,47,70,26,27,46,45,59,59,37,25,29,41,77,103,28,72,93,104,32,93,51,54,33,61,64,34,39,65,44,30,37,49,76,55,51,31,39,33,266,46,72,25,28,47,37,55,64,39,25,68,62,80,29,73,80,182,40,115,44,59,34,34,70,38,37,43,42,29,35,35,61,35,44,33,27,38,75,25,28,48,28,56,66,38,26,78,67,74,29,77,85,186,35,101,47,47,36,50,62,36,39,47,46,30,35,37,49,58,64,74,54,189
1979,6,28,57,25,25,45,30,37,43,29,23,26,29,32,46,27,35,41,47,27,48,27,32,27,33,38,26,28,25,31,25,32,31,48,32,33,25,27,28,79,27,63,25,26,47,45,35,37,29,23,50,33,46,26,38,46,44,26,46,31,32,27,59,41,28,26,26,32,25,34,28,35,25,27,25,34,30,54,25,26,35,42,36,41,29,24,47,31,45,28,37,54,46,26,47,31,31,26,37,37,27,27,25,36,25,32,30,32,64,34,25,26,69
1979,7,58,54,33,45,63,42,63,49,51,41,66,74,31,45,33,42,44,58,34,74,35,37,29,43,52,134,44,25,50,48,51,48,40,63,92,34,84,43,71,55,53,34,40,69,38,45,51,42,49,56,30,43,33,43,46,59,39,69,35,39,30,57,46,103,38,26,47,43,51,51,104,39,76,42,64,66,60,35,37,85,37,51,45,59,46,57,29,43,33,43,43,60,40,64,33,48,29,55,47,66,48,25,54,40,49,46,48,48,65,34,59,67
1979,8,86,43,47,45,127,35,100,51,71,77,63,124,217,36,66,44,150,65,56,92,124,209,39,135,42,71,75,60,98,59,102,69,92,159,88,70,98,57,107,105,56,44,45,89,44,127,43,90,73,72,103,35,56,47,101,50,50,42,91,153,39,141,51,53,83,51,93,65,104,78,67,100,100,62,206,78,39,36,47,92,40,147,49,55,63,60,131,38,68,42,120,59,73,72,127,195,36,68,40,136,54,48,99,73,119,67,83,72,90,76,88,142
1979,9,51,29,70,57,105,64,36,29,34,45,43,114,63,26,28,23,56,25,96,60,92,37,70,144,271,38,46,24,74,75,34,35,30,159,54,24,61,39,195,94,41,83,59,105,59,29,28,38,50,37,105,35,39,23,58,29,89,47,51,87,123,102,182,34,55,27,142,94,29,230,95,25,81,52,81,130,36,122,56,82,75,43,24,37,56,36,109,36,28,23,47,26,103,54,46,38,105,97,208,34,45,24,193,66,33,467,33,28,168,38,67,144
1979,10,131,157,109,57,29,173,170,29,42,54,73,37,47,39,68,30,35,51,25,27,50,82,84,85,35,35,23,29,352,64,82,57,41,72,104,63,25,52,65,70,114,223,53,34,287,130,27,63,115,34,52,25,76,29,31,88,29,31,35,96,52,116,44,49,24,31,124,74,80,87,32,52,25,38,340,72,120,198,46,28,224,110,33,35,99,49,34,30,93,32,30,90,30,28,43,70,84,162,45,48,32,32,206,69,155,44,52,40,58,54,25,41
1979,11,45,28,96,48,50,114,52,143,137,123,139,88,100,24,29,39,27,181,25,154,28,102,128,65,41,47,55,24,86,73,81,23,389,134,39,81,62,92,60,44,25,43,34,39,141,112,141,86,48,87,120,23,27,44,28,134,23,139,44,105,162,86,54,26,70,26,166,72,80,106,40,80,57,129,110,43,27,43,39,63,83,113,158,80,53,60,99,23,35,38,33,68,24,152,28,116,129,93,66,26,67,26,53,75,60,146,33,321,196,74,57,39
1979,12,47,33,32,36,879,332,51,283,70,54,78,73,131,51,115,32,88,53,30,122,776,49,614,1288,170,23,193,29,66,64,35,226,82,120,38,1208,526,93,88,47,27,30,41,772,365,90,531,97,64,126,102,53,170,37,48,40,31,134,361,44,390,539,185,24,158,37,54,117,31,143,29,559,511,95,281,44,30,30,49,782,499,65,298,127,53,169,95,47,125,48,88,74,33,112,371,32,840,539,104,26,131,29,80,70,31,154,125,72,243,525,696,83
1980,1,89,412,50,102,63,480,435,112,599,42,99,75,68,43,140,54,393,133,32,106,194,75,296,336,44,103,149,35,155,39,75,1235,131,182,127,265,1375,78,110,147,395,38,95,80,251,408,76,305,33,262,74,52,163,61,284,128,25,93,234,97,402,815,48,67,156,41,212,34,108,101,111,233,1060,84,408,164,395,39,52,67,190,684,98,536,44,195,119,51,181,35,270,123,27,88,419,64,172,654,126,106,169,42,93,31,122,67,2055,113,87,245,927,110
1980,2,273,180,53,85,87,125,233,103,708,143,320,51,82,134,77,64,95,464,38,117,862,268,145,964,104,73,179,96,193,46,157,1502,184,90,442,253,1371,95,108,140,232,45,49,82,147,259,88,1080,160,148,72,86,57,108,142,460,40,94,1247,646,145,1187,103,95,185,153,142,41,186,137,353,594,1203,113,1101,168,271,46,96,87,164,240,114,963,175,98,74,134,62,93,133,596,33,88,813,877,110,1296,95,57,187,87,259,56,192,149,1168,151,125,492,1206,78
1980,3,83,191,260,53,72,235,460,79,1004,51,230,122,444,355,40,124,73,216,31,187,871,979,133,934,222,53,298,182,295,206,428,502,225,94,799,417,634,116,90,128,147,180,63,79,127,496,67,1150,44,125,441,378,44,149,113,199,27,208,943,751,120,969,217,50,210,111,394,290,281,761,974,608,759,103,1485,71,186,225,53,66,257,565,102,1516,42,127,370,351,42,151,93,141,35,181,961,1031,129,1071,259,48,184,236,297,165,159,610,291,270,64,561,714,97
1980,4,44,173,41,41,106,164,273,67,905,42,73,187,106,63,129,35,44,105,23,172,288,428,91,318,63,31,97,148,257,95,120,137,118,45,287,115,100,52,71,46,148,39,52,113,123,342,70,826,34,125,102,68,144,40,57,191,22,103,245,407,105,299,61,30,102,258,219,122,141,207,236,137,122,61,356,42,139,37,39,63,91,204,87,594,36,72,163,65,123,46,48,131,24,159,349,222,76,407,59,33,124,115,191,126,228,164,119,83,43,189,153,69
1980,5,38,117,30,35,41,55,82,35,137,29,57,74,47,46,49,34,31,87,22,55,63,83,51,71,60,25,44,38,102,46,77,72,43,32,62,68,71,30,36,38,105,29,29,53,52,88,36,119,31,47,47,45,43,36,34,67,22,48,64,87,52,67,58,25,43,44,67,49,75,63,61,71,82,34,109,37,104,29,27,74,55,72,36,90,30,44,49,45,45,31,33,64,22,48,68,72,53,80,50,25,46,63,89,61,98,69,73,42,33,78,76,34
1980,6,28,42,47,26,30,37,51,29,66,34,34,29,34,28,32,26,25,38,22,33,37,45,36,43,29,23,31,29,45,34,38,42,31,25,43,39,40,28,27,27,39,47,29,31,34,48,30,54,33,31,34,28,29,27,27,37,22,33,37,49,37,45,30,23,31,31,70,32,42,41,40,42,40,30,52,27,39,75,27,29,33,46,32,59,32,29,34,29,30,25,26,34,22,31,38,54,36,47,30,23,32,31,42,37,36,40,41,30,26,43,46,26
1980,7,46,56,64,33,55,41,32,44,45,53,42,48,68,31,46,29,51,50,57,37,52,39,46,55,32,56,39,48,65,34,49,52,48,47,34,57,55,64,30,43,66,67,33,55,40,34,42,48,52,48,54,30,50,29,44,51,61,40,52,43,47,49,34,48,39,48,78,36,53,63,34,53,59,53,43,52,66,52,33,55,45,34,39,40,49,45,54,34,45,29,48,55,61,40,53,39,40,47,35,57,40,50,61,29,51,64,63,47,42,60,66,31
1980,8,77,123,230,105,63,56,44,94,47,151,89,71,50,61,83,56,46,137,57,59,62,67,35,73,81,94,44,56,123,53,74,63,62,102,32,144,79,54,37,78,122,188,73,56,55,43,89,57,130,66,46,54,103,49,50,112,44,70,64,104,32,73,91,120,45,76,171,58,71,57,33,106,59,58,33,77,111,233,75,58,45,51,76,69,119,56,60,53,149,54,43,165,38,75,69,71,35,81,88,118,46,74,159,64,72,51,42,60,139,126,71,39
1980,9,89,69,130,47,32,36,45,139,128,95,264,73,30,27,54,72,72,121,55,33,217,49,83,83,45,144,28,71,127,67,66,54,32,237,38,81,77,33,24,39,59,63,31,53,32,49,147,43,75,51,36,23,43,99,46,134,59,58,268,59,69,78,45,166,27,82,171,55,94,35,38,37,67,65,24,69,106,119,40,34,33,33,190,83,67,47,45,26,50,118,97,83,50,47,236,47,65,73,69,131,26,66,152,65,89,25,67,23,218,39,50,23
1980,10,54,68,89,39,32,34,233,41,24,72,97,122,41,23,31,143,83,91,67,73,35,39,36,284,138,82,47,301,44,26,24,37,24,129,24,51,29,202,24,100,72,190,44,43,29,63,45,106,40,37,24,23,46,144,159,82,51,58,49,42,57,198,167,99,53,218,77,24,27,23,23,38,28,128,24,59,77,68,57,41,34,290,44,31,52,29,24,23,50,151,85,60,56,62,39,40,56,177,174,86,47,88,89,24,24,23,52,25,111,43,30,25
1980,11,102,41,41,66,65,44,86,392,26,25,43,60,109,95,119,114,59,74,54,106,51,76,107,60,96,54,277,104,115,68,51,60,34,76,31,26,95,95,26,108,38,51,74,50,66,245,457,31,31,28,97,43,74,167,81,115,64,68,37,81,117,169,95,109,356,100,82,53,73,139,31,43,103,101,40,89,36,50,84,56,53,97,378,31,29,34,91,78,112,165,75,179,52,68,53,93,65,61,103,89,199,256,77,68,63,141,55,32,70,27,104,25
1980,12,42,46,66,69,457,153,74,55,38,27,522,751,431,101,368,474,39,63,30,43,45,189,38,201,50,98,84,305,39,37,104,57,32,47,117,23,119,83,29,36,46,82,41,492,156,79,60,43,27,41,317,146,397,404,39,38,31,49,79,186,36,163,72,50,55,442,50,36,84,65,141,23,128,74,31,52,49,90,37,244,150,67,55,42,28,36,267,102,545,527,42,38,34,49,48,190,79,259,80,53,153,323,40,39,88,58,57,30,52,24,121,29
1981,1,85,28,286,37,261,145,159,456,24,138,485,766,157,45,323,310,46,167,527,250,30,127,359,108,53,525,48,1038,81,68,43,69,234,92,185,41,43,305,24,108,29,284,29,402,137,163,525,24,138,54,151,41,377,327,48,206,494,310,32,97,370,104,38,434,46,1400,51,40,51,93,143,68,39,233,56,120,28,217,44,684,90,103,756,25,165,49,197,41,198,337,43,162,378,155,32,92,513,125,38,366,52,1192,52,69,46,90,70,322,85,45,43,25
1981,2,58,44,196,78,506,113,216,2219,39,146,529,976,228,201,319,386,34,237,631,360,29,94,197,380,46,365,100,2977,35,236,109,44,117,57,100,109,78,217,24,57,44,206,133,391,143,178,1672,58,176,40,294,274,250,530,47,355,1132,355,31,115,376,223,52,428,96,1207,50,261,108,72,131,50,55,151,26,53,41,224,101,449,178,217,2332,39,113,38,212,198,297,505,45,565,1068,440,28,90,236,341,71,410,97,1384,67,243,104,68,38,58,49,120,68,29
1981,3,337,46,76,111,729,245,194,1614,159,76,285,460,433,296,256,264,207,700,700,417,84,146,482,660,58,371,69,1001,49,59,373,32,594,142,185,113,101,229,46,244,49,80,62,532,205,299,1925,76,76,121,459,212,421,279,181,852,621,486,89,212,375,759,56,516,93,1742,54,66,179,247,109,114,116,291,45,399,76,81,76,523,199,169,1361,80,74,97,334,239,194,403,146,588,782,498,62,252,512,716,59,412,104,1972,42,69,360,280,37,670,124,79,80,31
1981,4,90,41,49,44,227,67,420,505,30,48,206,1153,125,65,116,103,45,556,712,227,39,285,202,220,93,455,41,174,43,51,246,27,316,80,65,34,158,292,35,93,46,51,58,187,87,212,445,46,46,33,138,71,89,88,46,364,257,181,48,172,241,257,72,653,46,234,41,50,497,227,84,34,146,290,93,89,44,52,54,142,140,200,295,56,49,38,128,60,111,88,37,574,274,263,52,200,168,272,78,344,44,365,56,46,298,116,27,619,57,33,143,44
1981,5,46,26,34,47,81,39,74,156,31,31,107,125,53,41,60,55,29,91,283,92,44,67,54,89,31,104,30,92,28,153,188,24,218,38,37,26,58,132,34,42,26,38,28,66,41,86,117,27,31,27,54,41,54,54,29,93,299,73,36,88,72,136,29,79,30,81,33,125,158,56,36,26,56,103,31,45,26,34,37,65,42,72,104,36,30,26,52,39,55,65,28,84,323,71,35,67,63,120,31,117,32,86,32,132,148,62,24,93,36,26,50,33
1981,6,47,23,27,28,42,29,40,46,25,26,47,52,36,33,37,53,26,49,56,44,26,34,42,136,25,44,25,48,29,31,50,24,48,29,28,24,41,42,24,40,24,27,39,42,29,41,50,27,25,26,36,33,36,50,25,47,64,40,30,37,39,150,26,63,26,48,24,32,45,33,28,24,33,39,26,39,24,27,27,41,30,40,45,26,25,24,35,29,38,41,25,61,65,39,30,34,38,156,25,48,26,56,25,31,45,35,23,47,27,24,37,33
1981,7,72,34,39,39,33,52,50,77,35,31,102,48,44,44,48,45,34,41,48,75,50,45,30,49,31,52,36,56,34,80,35,40,45,38,63,84,70,39,88,53,33,41,46,34,54,49,86,43,30,34,55,49,77,47,38,41,55,56,42,50,34,59,38,51,31,55,33,57,37,74,50,96,72,37,43,52,33,41,48,33,57,50,74,51,30,34,55,47,86,51,38,56,49,62,59,47,33,63,32,48,32,60,29,95,33,80,41,43,37,92,76,90
1981,8,254,32,125,126,55,89,66,82,60,62,207,99,293,135,158,92,65,40,66,53,58,32,73,80,67,76,44,64,40,129,71,119,119,45,109,88,89,40,102,219,31,107,81,53,109,86,130,41,58,31,264,187,170,85,60,55,86,75,98,31,60,58,99,101,42,59,48,209,78,170,111,73,94,34,66,308,32,126,76,63,102,88,119,44,56,32,273,144,125,63,63,67,73,53,73,32,71,59,69,85,44,79,44,108,75,281,82,135,52,81,100,82
1981,9,96,23,107,59,32,55,118,85,27,36,90,285,53,48,99,62,44,26,28,44,29,60,38,107,47,39,41,128,54,30,32,35,120,23,74,87,150,35,71,103,24,105,195,26,62,108,76,29,32,43,43,53,73,71,144,24,30,67,26,41,32,94,48,43,42,84,55,30,48,49,27,97,186,34,27,37,22,216,200,35,39,101,94,25,36,44,44,80,69,71,101,28,28,48,27,31,35,81,56,44,33,70,60,44,32,37,46,61,24,78,239,69
1981,10,70,25,84,379,34,99,63,48,104,24,252,55,71,45,27,37,185,33,64,108,25,41,103,132,97,23,23,41,41,24,321,47,110,50,24,59,43,96,210,70,25,88,199,46,106,145,44,59,25,23,45,29,25,83,83,35,43,58,27,42,92,41,103,24,26,36,43,24,1092,266,30,68,46,69,60,73,25,41,158,29,82,186,40,86,25,31,57,32,28,58,60,30,66,115,23,78,125,122,51,23,30,53,34,24,1134,243,46,304,45,72,61,175
1981,11,31,119,85,83,42,28,390,74,172,35,55,57,33,82,62,197,101,63,105,45,48,30,170,222,51,25,33,48,60,23,229,138,289,267,161,58,77,117,68,31,166,76,103,57,28,339,107,199,32,36,49,78,100,138,98,70,125,115,47,36,221,359,43,24,24,34,81,24,187,63,250,65,52,255,47,27,154,54,107,65,30,306,72,215,35,34,34,59,119,129,83,71,103,60,43,31,144,513,80,25,23,41,58,23,92,69,106,80,120,35,53,64
1981,12,29,95,68,71,86,667,450,70,597,362,50,361,306,29,133,82,238,40,83,509,27,280,42,151,42,25,23,24,660,55,124,47,286,62,273,47,29,346,35,32,71,86,53,63,544,497,56,465,356,358,115,42,108,56,257,34,91,448,26,250,39,122,34,28,24,29,655,65,96,77,236,47,28,163,278,29,58,80,54,123,371,314,104,265,339,386,218,56,107,70,369,39,98,887,37,326,61,145,53,28,22,26,1282,59,110,84,52,388,228,52,30,35
1982,1,51,39,63,104,218,200,551,1218,543,119,42,156,88,99,126,113,104,46,125,343,57,266,167,179,125,42,71,36,688,119,115,38,751,187,96,96,99,524,31,33,38,53,117,172,285,558,898,950,133,241,251,98,141,98,74,53,181,872,94,243,172,127,120,50,161,42,476,98,81,72,107,96,169,242,91,44,37,54,91,155,224,681,449,915,199,225,111,105,187,129,85,44,158,442,96,199,127,168,89,59,66,27,482,111,76,71,45,781,122,118,167,31
1982,2,30,259,34,513,122,280,466,1353,388,173,43,113,102,54,280,184,97,99,198,1420,62,124,82,152,153,69,188,26,571,38,391,230,601,691,95,125,171,646,45,47,143,45,706,192,213,519,2726,343,162,606,77,51,334,99,90,98,206,2140,32,148,94,168,84,42,68,36,687,39,480,186,80,104,83,826,116,27,176,30,756,97,312,359,2234,435,155,354,73,45,349,172,136,104,271,2278,33,263,109,120,159,46,160,64,548,35,228,159,210,780,1247,88,65,64
1982,3,190,255,30,2084,749,111,859,1460,385,329,76,126,122,42,250,228,263,63,267,1849,155,93,146,1107,119,25,245,39,2539,184,591,146,437,627,60,104,127,650,67,122,300,32,1135,741,130,800,1269,273,352,488,154,67,167,200,297,50,242,1373,181,92,92,878,160,28,181,33,2376,193,317,61,57,163,182,745,113,139,233,28,1624,732,133,1076,1768,478,362,577,200,45,234,210,293,43,177,1410,168,117,149,573,256,28,204,28,867,145,529,71,133,378,946,140,166,47
1982,4,124,117,32,350,176,95,648,687,174,91,42,94,94,133,96,153,161,30,82,1608,39,53,131,254,51,26,56,32,2082,45,239,96,145,365,47,79,60,240,28,71,132,33,616,206,75,621,538,136,103,172,88,133,89,140,96,32,89,808,52,49,148,732,47,25,99,25,2053,41,329,57,55,81,62,222,59,98,119,33,304,222,85,309,601,172,96,131,71,153,86,161,99,37,75,714,43,58,189,411,56,27,73,34,2891,39,310,69,66,136,180,56,76,32
1982,5,35,63,27,95,62,65,79,104,55,47,29,72,43,32,48,74,46,27,55,228,48,37,79,141,59,31,38,35,284,35,118,73,63,85,35,36,35,177,25,43,81,27,106,68,85,83,107,53,48,67,43,38,45,58,42,27,64,286,42,36,73,97,105,31,38,30,469,32,84,36,34,34,34,152,39,32,51,24,97,65,72,69,117,55,47,61,48,39,48,54,44,27,51,202,41,40,54,139,63,34,34,26,394,33,81,35,70,76,71,41,35,25
1982,6,26,37,23,61,39,40,45,51,36,33,28,53,30,29,39,37,32,31,33,59,24,27,35,47,57,25,29,23,71,25,45,32,45,81,30,27,26,59,41,25,35,24,56,39,38,45,48,37,34,37,31,26,35,36,29,31,36,57,25,27,33,44,39,24,28,31,60,29,43,28,35,27,29,57,28,25,33,23,62,39,35,43,50,37,32,38,28,26,36,37,30,31,33,60,25,28,44,45,65,28,30,32,78,25,46,26,32,45,60,27,26,35
1982,7,28,40,59,40,66,90,39,64,51,45,53,88,59,117,40,26,55,33,74,47,49,77,84,45,78,44,84,42,43,49,47,62,37,108,92,29,48,58,37,27,38,64,43,59,94,38,64,50,43,54,59,129,42,26,51,41,52,39,50,64,83,45,69,41,68,36,46,52,48,35,97,29,54,51,45,28,37,58,39,65,88,39,67,53,43,58,54,127,40,26,52,32,67,44,50,60,70,47,53,47,78,38,42,46,48,37,63,35,102,29,48,43
1982,8,40,79,129,42,83,50,98,282,73,74,79,49,107,72,43,159,121,64,145,38,29,166,45,41,60,58,81,64,33,93,66,63,54,95,189,50,103,126,66,40,78,103,35,76,48,110,261,64,85,139,96,62,44,160,119,72,240,63,33,149,45,40,60,64,94,110,36,80,53,57,148,45,118,103,55,56,87,95,37,83,45,94,210,54,67,96,125,66,38,161,155,84,123,41,32,159,42,39,106,62,93,66,41,88,75,53,72,67,74,48,101,85
1982,9,43,75,70,24,61,28,161,42,78,34,23,85,35,66,60,259,100,50,191,28,52,337,26,43,115,39,46,24,30,173,27,81,68,101,46,182,72,51,92,40,77,91,23,59,36,159,55,61,33,49,60,206,59,264,92,43,94,29,65,81,43,37,121,30,28,25,26,149,33,24,58,191,65,102,35,36,84,141,24,57,40,202,71,56,29,120,35,259,101,260,64,36,83,25,44,223,42,55,116,27,34,23,29,157,36,24,112,51,117,122,65,107
1982,10,30,42,142,26,24,51,68,49,37,23,38,168,51,345,126,46,243,54,177,51,36,126,45,25,232,30,23,52,38,116,25,53,44,67,26,39,66,41,289,39,56,104,26,24,42,76,28,28,23,240,59,166,161,43,122,37,217,52,41,340,28,25,107,23,29,39,47,73,25,161,25,40,68,39,33,27,51,68,25,26,64,54,29,30,29,130,42,128,121,53,146,51,209,45,33,126,35,27,278,30,24,57,43,141,25,225,39,55,73,48,75,353
1982,11,108,61,72,35,38,79,52,38,46,68,64,125,24,174,82,69,37,48,109,50,77,179,93,53,63,72,29,36,40,241,48,45,58,211,71,46,218,92,106,120,45,139,39,32,70,76,32,38,60,41,25,242,61,68,197,56,120,44,70,94,89,53,125,72,33,56,35,421,43,57,81,42,358,46,34,123,84,155,29,36,36,71,35,39,67,76,24,255,70,84,134,47,108,42,62,100,82,49,70,66,30,35,33,205,44,38,127,37,159,40,91,85
1982,12,36,115,128,166,72,25,73,158,40,105,59,229,103,77,76,68,35,30,775,31,70,121,207,129,58,45,34,269,389,540,43,228,48,68,102,27,67,139,45,40,367,58,153,59,26,66,148,41,227,126,94,85,55,62,37,33,1199,40,87,120,177,114,101,50,34,234,174,260,50,65,125,35,50,196,23,31,203,50,144,77,39,86,176,47,223,108,104,110,56,69,36,27,881,36,49,210,149,150,108,50,37,230,344,604,43,81,318,55,93,37,177,55
1983,1,242,267,323,38,93,35,292,167,56,258,69,367,135,137,347,55,45,177,1054,87,33,83,126,56,289,36,160,60,88,872,214,385,195,162,343,127,54,213,130,167,195,890,45,95,45,248,136,62,116,547,95,113,161,57,46,227,475,132,33,71,184,57,240,31,173,74,330,1231,263,36,222,128,63,201,78,195,186,824,48,86,33,214,162,59,140,828,135,140,241,60,43,160,834,105,41,81,282,64,231,32,173,70,83,899,228,36,216,125,113,147,55,72
1983,2,274,244,672,56,79,34,121,159,29,118,55,543,129,240,246,176,37,131,964,103,51,273,112,76,216,166,153,220,78,1402,131,715,271,177,194,65,124,205,106,340,271,307,79,67,76,142,263,32,187,474,113,234,562,131,42,128,949,65,62,268,89,77,203,162,158,218,74,1719,116,174,466,106,159,144,209,229,270,259,93,87,108,136,309,29,134,435,52,170,332,160,47,181,676,47,79,279,94,81,248,184,191,520,82,1094,137,215,377,333,155,96,120,107
1983,3,106,254,159,104,525,168,110,316,26,521,143,668,51,250,636,48,140,204,291,37,74,378,118,43,1107,43,313,818,229,2048,470,1049,105,195,1291,454,152,80,188,114,201,132,92,358,141,111,358,26,928,344,84,223,579,51,184,199,476,36,50,236,91,44,715,38,356,863,198,797,391,210,590,427,121,90,264,121,178,140,77,508,117,98,224,26,467,416,126,170,785,50,149,203,410,46,57,490,112,48,832,38,427,563,310,1440,821,179,1350,98,159,329,148,149
1983,4,65,120,68,63,125,105,48,131,27,388,64,485,37,102,432,36,43,57,85,30,36,165,54,33,304,41,234,652,265,402,403,872,172,65,313,214,71,46,149,70,130,64,77,166,57,47,120,27,390,350,38,213,513,36,50,65,145,31,39,249,57,33,537,36,150,901,211,1238,534,58,716,289,73,48,70,74,145,65,53,169,57,48,156,29,463,179,38,112,379,36,48,65,116,28,36,148,54,36,389,41,183,635,246,1025,234,61,892,100,63,280,64,164
1983,5,43,74,69,28,81,31,68,57,25,189,31,98,30,161,188,32,31,39,53,28,58,70,34,30,83,26,66,104,75,68,68,140,63,42,338,141,139,35,67,41,64,57,30,87,39,67,52,24,96,92,30,155,176,31,33,46,56,30,50,79,35,29,101,26,57,185,105,86,64,36,191,116,144,35,38,43,69,76,30,93,35,54,61,24,145,91,30,112,256,31,32,39,54,29,72,52,36,30,78,26,69,115,73,81,65,45,115,62,45,145,119,72
1983,6,39,34,35,25,36,25,29,34,25,46,27,50,26,65,61,28,26,68,37,28,25,50,29,25,45,26,42,89,37,49,42,82,62,33,58,45,36,29,34,43,36,33,25,35,25,30,34,24,48,42,26,93,58,27,27,51,36,30,25,52,29,26,45,24,36,52,39,49,41,32,67,41,36,29,27,34,46,33,24,35,25,28,34,25,44,41,26,92,50,26,27,51,38,27,24,99,28,25,45,25,37,49,40,48,39,30,70,59,32,43,35,32
1983,7,38,54,50,36,42,36,28,60,29,47,35,118,45,109,58,49,49,101,39,54,32,36,80,41,94,57,39,45,49,39,41,57,40,30,57,43,64,34,54,48,55,38,30,42,35,29,62,31,50,48,37,87,47,94,42,97,41,40,31,37,72,46,93,68,43,47,54,44,39,48,58,40,65,33,35,52,55,46,35,48,36,29,57,27,48,54,43,93,54,62,45,113,45,77,28,33,59,45,85,63,42,42,49,41,37,53,60,38,31,44,58,61
1983,8,78,69,233,42,84,95,57,119,32,108,52,105,56,190,96,87,80,135,112,49,39,105,54,69,104,43,85,32,156,157,41,40,51,60,99,199,79,63,112,75,71,197,48,75,106,51,97,31,102,171,63,182,146,49,78,244,112,79,45,105,60,61,77,55,124,35,126,117,39,61,119,181,91,97,131,64,63,172,45,72,111,60,72,31,92,138,45,178,95,64,93,133,113,62,49,74,63,84,130,53,112,33,216,126,36,50,43,42,53,176,77,95
1983,9,47,33,32,28,30,27,23,37,73,265,69,31,59,38,36,27,111,121,47,54,61,105,31,45,32,33,158,46,228,149,31,24,58,71,35,143,66,44,175,40,36,31,27,39,26,31,28,104,359,72,47,35,32,26,170,91,39,69,53,87,25,36,38,34,173,54,302,129,31,68,40,90,43,145,91,39,40,75,24,49,26,23,41,61,218,110,53,40,37,28,135,103,49,60,64,94,28,38,36,26,67,54,205,132,26,38,24,40,54,50,42,126
1983,10,56,23,1285,56,36,27,32,69,52,73,33,31,25,28,46,63,27,27,24,23,52,52,25,25,37,35,46,25,31,29,50,33,86,136,95,67,37,203,65,48,23,814,42,33,24,56,65,44,110,80,29,32,46,41,26,28,24,26,57,105,24,23,31,37,63,26,32,31,68,42,46,58,33,76,24,60,23,861,55,30,27,55,55,47,74,74,27,26,48,53,26,31,24,26,35,97,24,23,47,30,160,27,30,30,82,68,38,39,112,73,33,45
1983,11,426,47,50,64,42,36,27,58,29,79,51,70,24,42,77,42,55,80,34,35,81,131,51,65,37,22,48,95,34,84,33,59,48,127,94,29,50,55,56,282,73,82,80,43,40,23,33,37,35,89,24,64,91,62,95,44,35,34,88,61,39,60,40,22,48,134,41,67,31,37,142,27,45,54,277,258,97,73,78,34,36,22,53,26,41,36,23,58,45,55,51,84,39,36,122,99,43,61,32,23,42,98,44,63,36,51,60,83,115,57,40,61
1983,12,137,64,47,26,95,87,146,30,23,338,64,277,29,136,145,98,186,262,30,363,70,57,45,30,178,25,606,87,30,41,84,28,26,55,177,101,56,209,26,129,38,48,25,146,74,148,46,25,191,74,37,110,133,170,150,244,30,329,62,77,50,29,142,26,323,47,27,64,118,212,201,88,42,150,52,187,32,47,28,153,93,106,31,25,132,111,27,149,156,118,198,197,37,335,55,47,52,38,161,25,696,79,26,56,149,212,29,31,51,94,46,28
1984,1,992,38,2247,37,175,71,71,186,124,132,33,86,47,250,132,60,45,240,54,81,68,1380,35,40,97,195,302,58,53,87,136,28,78,52,647,50,33,291,190,618,40,1293,62,157,142,107,162,65,152,212,44,439,131,54,48,276,58,107,80,1991,45,43,128,109,342,49,90,56,131,120,921,53,31,360,39,1005,44,1691,65,179,136,167,177,125,238,144,43,322,96,40,45,329,51,146,83,1190,42,47,121,172,149,37,57,91,81,144,34,125,58,44,45,249
1984,2,790,167,783,62,219,174,155,80,64,196,107,163,74,267,188,106,39,345,89,123,167,1323,78,27,74,157,255,91,177,167,163,139,218,76,789,73,136,179,87,1025,238,3230,46,126,103,97,68,144,232,200,54,209,227,128,40,455,108,144,347,518,38,25,50,296,349,52,128,186,111,107,723,60,122,150,39,843,231,2457,43,126,105,134,65,37,188,226,60,248,245,108,39,532,116,68,310,1175,70,27,49,216,395,104,210,116,216,103,157,181,38,60,119,89
1984,3,325,353,2202,75,61,55,83,494,100,244,342,331,65,359,307,142,55,740,72,63,524,495,53,351,168,232,177,36,209,128,130,105,244,72,3064,37,37,121,80,500,211,2598,61,67,72,73,605,96,194,122,70,291,298,128,64,1297,70,61,377,373,72,223,320,286,266,58,233,149,138,720,1668,36,33,101,32,465,237,2255,57,69,62,92,342,108,280,136,52,299,322,122,55,907,60,109,295,563,78,230,236,203,302,34,190,154,211,630,156,189,108,40,33,81
1984,4,148,109,1335,26,169,39,142,343,192,183,167,167,35,306,122,90,43,673,34,45,467,125,40,54,129,213,97,42,117,91,69,77,136,74,515,31,29,78,39,166,165,671,27,122,39,238,218,184,166,98,44,235,104,72,43,387,38,43,344,111,32,65,85,178,107,48,82,99,86,273,897,29,28,65,28,139,114,738,26,259,40,127,507,67,133,84,34,235,96,81,57,591,37,45,261,95,37,42,100,230,94,56,97,61,60,239,107,153,76,30,28,41
1984,5,57,50,479,28,63,33,60,103,41,48,77,62,28,138,47,39,38,103,28,32,109,58,28,46,53,64,51,42,43,38,37,92,65,38,108,29,25,41,31,60,51,233,28,72,30,57,107,39,47,39,26,130,47,41,46,78,27,32,140,57,27,43,46,65,56,42,56,40,39,108,116,31,25,39,25,59,49,304,28,58,30,71,96,96,54,39,27,171,45,37,28,83,28,33,170,57,28,55,44,59,55,38,47,54,40,90,43,71,31,28,25,30
1984,6,51,31,60,26,35,24,39,48,38,47,33,36,25,44,31,27,25,42,25,26,49,37,37,33,30,37,36,24,29,32,27,32,38,28,59,24,25,29,28,45,31,57,26,36,25,48,43,36,47,33,25,44,31,28,25,41,26,26,52,37,44,32,31,38,40,24,29,34,28,43,58,24,26,30,31,43,30,63,24,33,25,39,46,35,38,31,24,50,31,28,25,42,27,26,49,36,39,29,30,35,36,25,30,33,29,47,34,37,31,25,27,28
1984,7,39,50,48,29,41,38,28,36,86,40,37,48,69,49,32,42,28,41,64,45,47,32,45,34,53,37,48,34,51,29,63,53,72,45,72,33,40,30,49,43,51,47,31,40,33,27,34,83,45,49,75,54,34,42,29,35,67,41,48,34,45,34,53,40,37,36,36,29,78,44,73,39,36,29,97,38,62,48,30,41,34,32,37,86,45,46,61,56,32,41,29,36,63,47,51,33,45,34,49,37,45,37,45,31,68,36,51,64,43,33,37,50
1984,8,42,68,69,48,63,44,86,132,94,40,82,76,50,77,40,64,54,63,54,99,192,45,30,65,203,59,50,105,75,98,173,74,46,82,61,51,44,76,39,39,63,53,45,54,48,87,180,95,40,121,52,63,37,71,56,49,49,106,137,58,28,60,107,47,76,89,79,90,151,66,53,58,46,81,205,39,80,54,47,65,44,76,156,95,41,139,58,74,39,75,60,57,67,98,181,60,29,69,149,55,56,71,54,87,178,63,72,43,67,69,43,44
1984,9,42,95,84,29,83,46,29,52,56,29,45,44,24,35,28,57,26,74,84,57,33,51,78,56,92,31,31,38,69,50,150,34,88,35,24,133,30,73,47,32,85,71,25,74,42,56,69,44,31,26,26,45,27,47,27,64,90,61,86,46,63,90,227,29,34,31,78,29,121,169,30,107,31,58,60,33,83,76,31,66,52,28,58,43,32,27,24,50,26,59,26,71,62,64,38,44,65,65,123,24,44,63,46,31,112,127,49,66,48,90,28,56
1984,10,41,139,24,43,110,36,47,53,54,38,67,34,117,50,88,30,115,33,44,57,65,88,24,232,91,149,113,71,29,61,41,49,245,48,109,246,33,25,51,46,210,28,31,89,36,36,50,40,48,37,104,54,87,30,121,31,31,82,40,77,24,230,48,131,60,53,26,64,35,45,110,220,30,26,52,44,201,23,44,123,32,45,44,60,36,31,140,73,51,33,83,30,45,55,63,77,24,325,52,172,51,77,28,32,40,46,26,365,36,198,33,42
1984,11,35,217,346,22,181,111,92,26,115,55,28,32,114,106,61,73,25,43,31,45,53,222,28,487,68,63,67,56,282,240,36,110,122,33,73,81,23,27,26,64,135,482,28,122,103,175,24,293,35,275,146,209,64,73,26,74,55,69,81,170,28,396,65,60,130,62,286,257,38,70,60,55,24,37,57,36,116,288,22,302,77,95,24,348,36,226,73,227,133,61,36,38,47,62,89,197,25,157,59,47,160,65,288,150,44,78,100,65,33,92,22,32
1984,12,223,85,64,77,144,32,107,105,425,68,23,104,465,190,246,27,59,83,99,169,63,73,84,372,36,38,118,45,392,290,25,120,101,380,80,133,33,46,169,360,49,67,76,163,33,62,52,268,54,135,380,109,263,24,65,53,64,125,91,72,71,362,48,30,152,95,356,233,25,58,66,133,29,39,129,212,68,94,77,82,38,99,69,286,72,210,837,108,200,26,59,80,86,125,39,52,70,487,50,46,121,92,284,355,25,59,140,159,262,104,34,172
1985,1,77,127,97,187,346,183,54,119,456,81,53,50,428,129,269,82,56,441,54,90,42,416,557,866,39,107,120,76,84,152,166,50,311,183,198,111,54,96,290,66,98,127,147,400,193,48,244,531,80,112,275,95,246,71,57,331,69,146,51,453,579,609,34,81,114,41,94,224,122,37,229,157,86,120,258,92,83,100,112,443,184,46,137,796,76,217,239,139,436,79,56,226,47,88,38,382,576,438,35,124,100,66,103,230,169,36,44,149,191,201,51,243
1985,2,355,137,133,99,359,108,89,324,623,135,126,42,480,71,257,58,117,318,114,170,62,2187,298,453,87,310,369,154,280,318,116,73,203,626,175,196,138,80,142,567,136,115,57,267,126,99,124,594,144,217,391,74,327,70,82,336,79,89,53,1103,455,666,83,330,403,169,130,314,164,64,201,190,73,64,183,385,89,105,149,473,109,111,289,552,132,146,555,80,252,53,77,460,130,162,58,2066,480,720,82,225,452,168,291,221,99,44,64,153,680,219,169,226
1985,3,273,666,126,45,555,172,56,137,1075,84,67,66,599,51,492,138,75,295,81,53,196,939,135,373,34,129,1299,66,446,641,125,179,311,921,284,509,106,288,226,228,541,135,103,575,124,48,105,499,47,100,603,58,928,190,126,414,89,56,188,1358,150,453,33,168,840,67,414,790,141,245,408,320,152,171,189,268,482,111,52,557,133,42,146,870,61,91,424,54,586,209,65,426,58,54,155,709,143,968,32,158,374,63,376,1054,128,204,165,267,1194,329,116,175
1985,4,102,287,68,85,309,76,39,140,575,36,51,30,308,36,352,86,48,144,108,41,64,201,61,284,31,102,558,43,248,388,73,53,175,534,161,190,91,155,141,87,203,70,71,322,116,39,144,594,36,173,435,36,212,59,66,135,90,41,64,197,63,265,32,88,1455,45,308,308,64,93,134,149,63,276,82,126,218,67,85,236,90,42,151,365,38,106,256,38,273,62,62,165,89,39,72,193,66,219,30,75,1916,44,247,362,57,114,56,191,344,213,68,112
1985,5,52,72,42,40,62,43,35,65,125,32,29,25,69,30,76,35,54,60,35,35,34,86,48,66,30,72,214,30,68,87,76,34,76,95,47,54,39,72,58,48,65,43,41,62,43,34,62,127,29,80,70,31,67,35,54,65,36,33,35,83,44,64,29,83,123,31,67,74,86,52,51,52,52,53,43,48,56,36,34,61,40,35,78,95,29,85,69,30,71,38,51,60,32,31,34,73,43,61,27,82,137,32,66,91,77,54,34,60,81,59,33,64
1985,6,33,46,30,26,40,29,25,33,51,27,25,26,47,25,43,27,37,37,29,28,26,51,35,41,25,35,53,25,40,46,49,27,40,52,33,38,28,35,34,34,41,28,25,41,29,26,33,52,26,46,49,25,44,29,69,41,27,26,26,54,34,40,26,31,54,26,42,43,49,30,34,36,28,33,32,34,50,32,26,40,28,30,33,73,27,57,48,30,44,31,44,39,27,28,26,48,33,38,28,35,54,26,42,45,32,29,27,39,43,39,36,34
1985,7,46,46,77,31,37,42,45,45,55,37,46,38,90,45,34,49,56,50,52,48,52,58,44,44,42,40,63,51,92,70,39,33,64,69,58,78,36,48,44,42,49,72,30,38,42,46,42,53,42,70,74,39,33,51,61,45,50,40,51,64,44,49,35,43,49,46,89,62,42,34,47,61,34,52,43,46,40,74,32,38,39,45,45,55,43,49,93,40,34,51,80,44,42,52,42,60,45,47,49,35,79,42,75,80,36,34,34,56,77,78,36,42
1985,8,38,42,109,50,44,34,108,90,98,60,66,77,152,114,46,50,81,54,50,58,55,243,147,58,49,49,61,69,92,162,50,55,100,50,55,93,41,86,144,41,41,136,42,41,36,81,73,115,43,40,196,158,48,35,75,53,57,71,66,166,297,49,54,39,71,62,130,132,68,51,65,96,59,59,52,47,44,119,45,45,33,71,86,128,43,83,143,114,42,34,60,84,70,71,69,261,203,59,47,54,49,99,175,138,69,41,56,75,49,121,45,122
1985,9,103,42,70,38,32,48,31,33,106,39,26,85,76,90,30,49,102,40,32,132,38,81,68,79,83,23,29,24,125,39,48,102,41,53,222,49,26,31,136,137,49,76,43,32,58,30,36,119,35,28,92,118,33,79,107,36,32,131,37,48,28,56,42,26,33,34,47,36,57,37,219,38,25,27,51,75,51,78,36,28,82,42,45,96,44,23,114,48,30,50,111,35,32,108,54,139,32,60,53,24,30,25,42,34,38,36,79,31,58,42,30,156
1985,10,26,49,28,34,51,26,44,36,102,349,22,61,95,63,25,53,35,43,35,37,47,46,78,27,38,24,23,32,54,46,30,75,52,95,126,30,71,116,71,25,51,49,30,33,26,47,30,63,241,33,81,58,25,142,35,30,35,69,46,53,33,27,117,23,24,58,141,77,48,40,125,29,161,146,33,62,37,52,31,33,23,58,23,72,266,24,117,116,24,97,28,61,35,113,23,50,43,27,32,23,25,36,141,95,49,32,57,55,46,39,146,99
1985,11,23,112,72,74,37,59,48,23,95,113,70,38,72,63,83,143,70,82,143,57,44,158,830,49,69,22,27,257,27,71,39,48,78,243,67,64,124,52,330,24,89,53,83,49,61,43,23,101,125,141,78,117,76,41,42,89,118,34,41,149,425,55,59,22,28,214,28,28,23,37,51,65,28,48,59,24,133,59,74,70,67,52,23,110,117,156,88,123,78,94,59,42,98,36,36,161,354,70,78,22,29,129,29,25,23,58,84,94,251,55,31,495
1985,12,59,196,356,32,77,191,24,39,201,65,28,56,48,672,105,178,71,35,42,63,29,54,340,33,37,24,29,171,26,29,386,331,42,117,117,124,130,118,348,55,209,428,34,38,215,24,33,169,65,96,53,461,101,138,82,40,51,68,34,88,290,32,29,22,28,106,26,29,332,52,127,105,152,83,23,81,296,480,32,33,94,24,27,179,92,67,50,525,152,131,50,48,91,65,36,57,320,39,27,22,28,247,26,25,471,60,208,33,105,149,92,144
1986,1,591,632,330,329,67,121,59,436,506,83,109,106,58,2450,206,45,56,103,43,34,127,65,209,43,32,25,543,229,416,199,176,67,1278,71,548,275,213,137,245,380,427,188,433,91,68,58,369,437,97,38,81,2602,181,49,56,139,40,32,207,65,309,41,35,24,717,301,269,172,207,33,501,123,168,128,31,471,540,199,307,67,219,60,407,514,71,41,78,2458,199,48,75,85,39,36,155,54,285,46,31,30,368,142,175,126,108,37,209,692,78,256,266,253
1986,2,106,490,312,197,35,100,79,89,476,89,243,146,96,1356,207,80,61,114,32,57,188,139,810,54,29,24,49,201,135,152,152,178,748,401,421,83,144,77,236,209,649,312,178,29,147,93,290,616,80,78,73,1639,292,114,43,125,34,59,129,100,871,62,28,23,47,210,248,92,106,29,439,213,121,117,26,151,655,340,183,30,95,74,64,756,97,65,105,1843,387,106,51,148,34,70,120,136,758,56,27,26,55,329,309,237,117,36,130,1408,503,75,76,359
1986,3,1436,281,326,729,29,201,253,81,734,76,44,59,55,1146,415,148,179,134,164,299,423,90,1045,44,39,259,74,128,130,99,558,256,1737,546,250,129,419,78,525,753,322,327,771,28,237,191,70,916,106,444,65,1007,374,93,223,131,143,479,409,113,1236,57,51,253,52,99,163,119,483,252,246,162,263,69,31,835,435,309,734,27,146,198,69,403,84,579,51,1542,309,128,210,133,121,553,330,88,1539,64,42,223,66,126,145,105,462,572,565,1872,853,131,949,294
1986,4,402,256,240,422,37,161,138,65,475,49,35,53,42,468,121,134,45,51,58,126,189,76,420,44,28,250,86,55,74,67,192,126,858,533,128,303,498,42,89,659,647,281,245,39,159,157,66,246,47,208,59,452,103,224,57,52,102,127,182,100,253,41,26,246,152,53,106,53,376,261,120,257,463,46,40,716,547,239,549,39,216,94,59,285,45,133,66,427,97,195,47,50,85,85,168,68,367,38,25,114,159,53,73,64,497,121,126,1305,164,352,162,75
1986,5,67,179,106,122,35,59,48,39,95,74,31,30,52,114,54,103,39,33,45,81,51,38,90,27,26,108,227,37,42,37,85,55,95,82,54,142,61,35,51,71,93,79,167,40,57,45,35,71,49,74,46,97,54,61,38,34,40,80,55,39,83,28,26,106,121,36,46,35,101,50,54,167,59,35,27,69,87,94,115,39,58,66,34,79,49,64,45,83,59,73,36,36,39,136,49,39,81,30,28,149,244,39,47,37,85,67,61,91,73,166,56,48
1986,6,42,46,46,53,25,33,32,28,44,27,26,27,26,46,35,35,29,27,31,50,34,28,47,23,23,32,46,27,29,30,42,40,51,44,36,43,45,26,37,42,44,51,48,24,35,34,27,44,28,33,26,48,35,31,30,27,33,85,35,28,46,23,23,33,44,27,31,29,40,47,34,40,45,26,23,42,45,42,49,24,33,34,26,42,28,33,26,46,38,32,27,28,30,59,35,27,47,24,23,36,39,28,30,31,40,35,39,52,44,40,50,34
1986,7,45,88,53,36,48,32,35,71,62,37,49,64,33,35,47,42,36,60,34,68,51,32,75,50,89,31,52,41,56,47,39,64,34,54,30,93,55,34,42,45,87,51,36,60,32,33,103,73,40,27,28,41,43,45,36,78,32,46,40,32,68,40,104,33,49,42,69,46,39,67,31,70,51,31,56,53,70,49,37,57,31,36,78,78,35,27,31,37,43,46,36,70,45,60,45,31,65,45,85,32,51,41,56,44,34,58,64,36,58,75,53,41
1986,8,43,69,73,31,52,38,39,163,199,61,128,97,41,108,30,50,62,159,52,66,63,53,233,197,61,137,67,33,103,144,47,94,63,91,51,75,140,33,59,49,82,59,35,49,40,36,132,337,71,100,46,106,33,48,68,226,44,52,66,71,147,161,62,105,66,31,89,133,53,113,44,87,156,35,111,41,68,67,32,58,35,38,171,224,58,86,41,87,32,44,59,157,49,64,56,68,191,202,79,138,75,32,90,118,56,96,105,73,80,94,140,50
1986,9,24,79,33,46,74,23,31,79,143,67,68,75,29,56,32,61,187,51,45,37,29,41,56,46,50,28,38,33,37,90,36,40,87,75,50,154,135,37,56,24,94,62,30,53,23,54,81,112,66,129,29,118,30,68,161,113,55,29,37,25,54,46,37,37,45,28,33,156,34,37,62,186,102,27,94,25,93,76,43,46,25,32,52,101,86,77,27,214,31,46,161,163,68,47,29,33,46,46,41,33,29,28,27,133,30,95,42,53,76,203,114,55
1986,10,24,96,119,23,47,24,25,47,29,37,60,113,26,96,23,53,26,97,55,31,37,26,26,34,55,96,62,23,36,84,32,49,25,36,24,107,185,45,48,24,162,88,37,62,23,26,60,31,44,72,41,29,23,96,27,65,51,35,40,29,24,37,68,46,119,23,33,40,43,111,24,73,78,33,57,23,203,51,24,77,24,24,69,31,40,85,41,31,23,37,29,61,39,35,47,24,24,75,62,87,133,23,29,46,52,52,31,25,52,112,204,32
1986,11,30,155,75,47,74,35,36,97,112,38,58,76,58,49,34,67,49,28,27,44,26,39,38,84,274,95,162,22,74,231,46,70,120,44,31,45,116,89,94,30,101,96,50,38,57,38,76,119,34,283,45,53,34,50,41,27,26,51,28,42,35,101,804,145,95,22,84,574,27,44,45,70,199,83,26,26,172,81,57,37,56,41,70,102,36,133,45,43,31,90,41,27,34,61,36,28,36,59,452,94,83,22,77,283,28,45,61,147,51,43,170,111
1986,12,44,426,42,34,65,54,109,31,116,194,93,56,264,44,22,82,161,71,76,33,29,25,36,38,188,94,612,49,129,187,99,25,73,24,40,175,97,30,28,43,394,40,43,44,34,91,32,116,205,160,377,42,22,83,131,55,54,27,42,26,28,35,45,68,279,86,141,104,140,37,41,170,96,30,101,32,388,53,30,61,26,117,32,155,185,216,641,37,23,77,117,48,72,28,34,35,36,43,99,72,262,104,185,240,148,47,27,57,29,138,48,31
1987,1,59,293,35,44,53,28,74,41,83,69,146,198,381,89,427,559,101,205,212,66,1132,25,65,73,58,45,534,381,81,182,152,33,73,170,29,117,58,305,267,49,670,38,81,70,23,139,38,80,88,99,198,85,453,557,160,110,236,57,991,24,73,126,51,46,561,344,69,292,65,79,31,119,53,355,101,50,659,31,63,67,22,78,39,84,104,97,142,112,343,884,172,196,182,84,732,23,49,99,60,50,315,356,75,612,51,82,47,51,202,106,48,293
1987,2,129,1034,618,118,46,78,60,184,50,158,77,142,613,71,413,253,209,119,179,55,443,23,157,131,77,114,1260,261,163,1125,44,35,58,97,65,207,159,128,75,105,1057,648,140,56,72,44,208,46,153,299,583,121,483,226,252,270,147,61,478,24,210,57,55,116,956,268,191,813,74,334,66,229,148,99,60,140,643,526,79,63,83,47,148,49,172,304,518,102,1334,168,274,211,135,56,775,28,175,96,69,232,1947,195,143,643,58,312,35,50,105,121,194,84
1987,3,269,1110,754,106,29,162,32,339,42,366,243,84,1281,115,552,280,206,85,162,149,217,67,270,45,103,128,1206,417,232,1080,79,43,157,192,50,111,99,83,50,311,585,797,70,28,154,35,424,46,439,148,1580,87,438,292,137,95,168,179,277,55,383,42,78,153,1288,621,169,1017,58,109,47,138,79,91,67,204,875,445,116,28,166,36,489,39,470,137,909,114,290,222,153,103,276,98,233,92,318,44,108,64,1057,674,236,874,57,127,33,200,118,215,73,51
1987,4,134,202,364,159,28,33,32,455,36,265,72,108,522,41,416,134,137,49,118,39,86,34,122,38,68,48,225,415,79,136,62,25,107,107,89,91,59,48,89,217,172,332,128,27,38,32,479,36,364,55,454,38,333,174,196,53,80,43,89,45,120,45,46,53,336,268,131,143,84,55,122,72,57,47,33,176,284,460,155,28,32,30,346,34,367,52,423,40,363,212,240,50,109,49,87,30,83,52,59,56,471,207,91,156,78,55,25,65,150,82,55,51
1987,5,51,76,65,44,27,29,25,234,27,64,58,48,109,33,77,184,115,39,45,34,50,26,44,54,39,39,67,86,42,60,57,23,39,79,43,44,44,33,32,50,64,67,82,27,29,26,188,28,71,42,79,33,101,135,107,33,38,32,53,25,46,40,36,38,79,78,42,63,68,35,46,57,44,32,28,64,67,75,73,26,29,26,236,28,72,41,100,33,67,172,70,35,43,34,53,27,43,41,37,36,78,86,42,65,52,36,23,35,77,50,62,33
1987,6,32,47,44,34,24,27,24,71,25,37,38,31,48,27,41,53,35,26,30,25,41,24,29,42,29,28,44,55,41,40,83,23,29,30,29,29,27,26,27,33,61,41,40,24,26,24,62,24,40,31,48,28,43,82,36,27,28,24,39,24,31,43,26,31,51,65,40,39,41,27,28,30,26,26,26,32,68,43,32,24,27,23,113,24,41,30,47,28,41,55,35,26,29,24,39,25,30,40,30,29,51,63,37,41,52,27,24,31,30,30,28,27
1987,7,61,89,47,73,71,37,34,59,74,61,41,30,41,52,68,64,46,41,38,37,32,57,36,49,29,77,57,38,69,43,38,37,46,52,61,43,46,37,56,89,67,48,61,55,40,31,54,70,62,30,38,43,71,66,56,37,57,46,34,112,41,45,28,55,52,37,56,48,39,30,64,50,51,39,34,74,75,48,68,57,53,30,69,64,50,31,41,52,66,61,41,31,30,33,34,111,35,51,29,62,54,36,61,45,43,32,33,47,44,43,52,53
1987,8,132,220,108,72,63,87,46,91,152,48,64,31,51,68,64,97,68,46,51,86,35,285,123,82,32,339,77,58,44,76,32,88,103,85,50,76,159,39,88,129,362,161,66,71,83,39,89,140,49,54,51,92,60,112,61,38,45,101,37,226,78,99,35,181,105,65,51,73,33,96,52,72,116,37,67,112,346,95,93,71,56,44,110,132,92,57,61,63,57,133,79,46,38,100,34,194,102,92,34,245,91,67,60,66,35,79,76,105,82,99,159,90
1987,9,229,204,56,24,31,39,29,65,96,71,34,77,135,69,139,93,61,27,40,59,32,134,51,178,39,43,137,33,25,27,38,56,218,110,37,39,48,61,38,219,166,80,31,26,36,27,73,171,72,74,111,68,150,62,45,25,45,55,32,259,79,109,35,40,111,29,31,27,32,46,48,40,43,67,30,250,64,126,25,31,31,26,62,152,64,72,92,35,146,58,47,23,36,28,32,107,58,176,35,33,146,30,25,24,43,50,46,189,99,40,40,35
1987,10,37,60,27,23,132,29,28,27,162,643,34,72,49,137,45,194,41,68,24,31,36,246,80,64,23,42,49,105,25,32,41,39,65,56,28,23,144,118,30,45,54,28,23,60,31,29,28,174,336,54,53,143,56,117,45,68,24,36,28,285,50,70,22,33,58,104,25,29,31,50,23,24,48,105,32,30,126,26,23,133,28,33,26,228,743,35,48,179,36,146,53,76,25,52,36,438,73,72,23,42,34,137,24,34,27,51,27,52,37,24,102,43
1987,11,31,863,39,78,859,42,131,39,109,109,42,117,253,51,123,87,50,134,25,27,23,199,67,27,78,79,93,134,29,39,32,79,68,49,22,26,39,55,46,33,288,35,51,472,39,163,50,139,472,76,862,53,217,91,32,130,25,30,33,78,169,30,65,138,96,106,35,41,31,56,25,29,118,58,76,30,212,41,82,290,27,97,55,78,182,91,457,40,175,99,42,145,25,27,22,99,135,40,95,78,113,104,29,43,41,66,88,65,77,29,62,34
1987,12,34,124,33,42,100,31,36,389,55,53,55,213,471,58,71,140,162,52,372,85,78,181,170,41,259,74,99,485,68,41,48,53,96,74,45,38,38,31,172,35,303,30,71,117,35,37,378,59,69,32,68,62,47,258,165,67,340,56,62,242,168,45,258,51,166,440,79,51,54,103,39,32,57,35,138,33,385,27,38,243,41,37,353,64,60,29,55,60,55,281,148,52,310,56,58,212,169,52,248,44,150,470,75,32,67,108,78,136,57,33,52,198
1988,1,117,3339,79,26,110,51,75,232,67,258,1580,98,66,284,34,252,42,38,161,466,327,818,128,142,124,97,132,802,36,39,94,55,201,109,76,37,320,94,170,147,2141,125,31,129,47,44,537,59,331,59,49,242,36,207,47,43,141,662,340,528,168,109,127,114,73,1485,37,56,80,87,97,55,257,152,131,71,3282,124,28,259,47,61,663,74,335,105,83,261,35,171,52,47,249,1119,482,888,120,156,159,88,60,844,55,43,57,81,31,115,132,60,364,95
1988,2,78,1011,160,80,268,230,32,886,87,478,664,160,65,316,149,147,358,103,365,736,97,518,286,90,57,98,334,1151,149,87,150,30,285,59,152,175,184,126,89,108,2762,79,68,288,161,67,584,122,456,191,60,276,151,194,282,55,503,641,113,717,244,116,67,69,572,889,87,92,113,76,300,72,248,89,146,129,1374,103,44,218,156,32,793,217,641,145,95,234,124,158,350,62,315,520,111,838,303,87,61,92,553,1378,80,68,151,118,30,352,49,147,117,154
1988,3,203,553,73,44,580,331,31,363,255,666,594,264,55,524,347,238,127,58,1054,581,207,222,95,69,204,354,491,2044,286,107,85,45,615,45,194,149,196,281,114,158,589,71,48,446,381,30,347,216,957,90,41,583,252,303,176,94,1062,656,164,226,100,64,147,279,592,1569,342,51,86,91,98,260,288,266,296,128,503,67,47,519,432,29,346,150,716,94,51,380,450,331,134,76,1122,351,107,262,90,59,214,442,503,1734,298,78,76,74,60,663,42,231,195,94
1988,4,399,148,37,29,284,116,27,162,119,139,94,85,62,438,136,151,63,49,371,188,76,112,103,48,361,79,235,765,212,35,36,26,282,34,127,85,176,94,80,214,201,40,27,514,104,28,166,84,209,56,59,721,211,116,75,55,374,172,103,91,93,55,320,136,132,883,253,58,40,204,137,78,281,105,268,249,211,40,27,373,80,26,138,108,289,42,78,366,90,94,67,44,295,141,119,93,104,49,402,74,185,818,398,36,40,229,26,211,32,57,178,65
1988,5,62,77,31,25,62,41,24,69,81,64,52,46,33,262,52,55,52,30,74,65,39,58,62,33,97,40,60,78,70,30,27,25,65,34,40,38,99,45,37,131,93,30,25,69,43,25,58,68,69,31,31,196,49,58,48,29,70,64,39,55,63,31,117,41,58,81,94,28,27,67,42,37,67,46,111,75,93,32,24,64,41,24,65,138,71,33,40,533,55,57,52,31,69,57,38,62,51,38,84,40,58,87,66,27,28,100,24,61,30,50,91,38
1988,6,33,45,26,24,44,30,23,37,89,42,44,36,27,72,43,39,34,25,67,45,36,34,33,31,40,32,37,46,35,25,33,25,41,25,29,27,44,32,30,33,49,26,24,47,30,23,36,128,45,26,28,66,41,38,45,25,71,46,41,35,39,32,42,30,37,46,38,25,29,32,30,28,42,32,39,33,46,26,24,44,29,23,37,64,43,26,28,67,39,37,35,26,70,44,40,36,37,33,47,30,36,46,39,28,31,32,25,39,24,28,40,28
1988,7,33,56,44,64,122,53,79,44,63,36,89,33,46,66,41,57,99,79,60,59,67,56,42,31,83,99,40,59,49,41,58,86,74,28,42,43,69,34,31,32,60,50,70,76,54,75,50,49,37,29,49,61,43,55,74,86,65,75,58,52,41,29,78,81,37,53,49,39,73,31,43,44,73,39,36,30,54,50,65,116,52,67,49,50,36,29,50,61,49,55,85,102,72,69,61,52,42,29,77,73,40,43,49,42,62,34,90,74,29,38,76,31
1988,8,36,46,74,59,133,61,83,76,53,75,65,51,49,86,63,93,95,93,63,65,72,59,146,169,177,99,55,82,45,42,57,98,70,120,150,61,113,44,61,29,65,79,93,178,78,101,85,57,74,68,60,116,62,77,81,73,48,49,86,61,120,253,105,88,52,102,41,43,53,57,136,66,108,51,33,32,71,72,81,197,63,126,96,62,63,68,93,119,52,101,91,75,57,58,64,61,110,234,131,123,51,95,41,42,52,72,127,100,86,67,112,58
1988,9,23,54,43,45,113,144,30,128,44,32,63,57,157,38,23,90,74,94,52,37,40,67,172,110,42,125,100,64,23,35,47,71,28,285,179,30,246,70,26,25,49,30,41,70,161,28,112,32,30,25,201,34,24,89,68,63,55,72,75,68,58,44,141,126,126,72,25,34,67,118,64,29,283,67,101,24,42,78,39,70,142,29,52,42,64,25,134,33,27,71,100,54,62,90,91,54,209,44,99,47,103,80,25,28,71,81,78,40,264,32,279,26
1988,10,24,71,37,23,29,68,27,103,51,93,23,26,47,24,48,223,50,35,58,105,116,34,38,27,101,79,62,72,23,46,39,700,34,1558,43,24,97,50,23,31,30,66,23,36,56,31,66,42,94,25,66,24,48,85,42,31,59,47,49,37,128,25,39,48,63,83,23,38,37,57,175,25,126,32,54,26,74,37,23,34,41,31,136,38,86,24,53,24,56,205,38,33,42,49,38,85,43,25,40,153,69,70,23,42,32,66,1330,42,2063,23,121,23
1988,11,62,51,25,44,30,55,136,35,50,28,57,44,184,23,64,70,181,46,74,64,59,135,58,24,213,231,57,96,25,79,77,92,57,249,28,29,67,113,58,39,81,24,46,24,128,112,39,72,27,41,194,23,31,144,199,67,63,43,77,146,51,23,237,143,49,117,24,191,88,63,46,27,74,122,59,36,47,24,46,26,76,94,75,84,27,55,237,23,51,81,232,62,91,48,89,120,45,23,204,246,58,140,23,178,85,66,94,98,335,28,48,48
1988,12,36,68,39,104,114,578,41,29,48,330,154,79,145,23,45,124,182,28,28,34,134,125,61,24,187,235,32,50,25,540,174,73,109,470,43,48,1417,144,26,43,56,57,79,76,150,61,26,41,144,39,226,24,51,171,205,26,30,32,100,154,72,24,129,407,45,59,25,486,177,71,43,56,1012,185,90,49,73,50,78,91,511,48,33,45,421,28,125,24,34,148,140,26,30,45,119,112,42,23,174,192,33,50,24,426,137,61,70,48,322,65,507,37
1989,1,125,87,72,129,46,308,32,553,122,405,146,59,280,207,75,63,324,79,36,272,50,174,43,491,176,298,55,39,44,191,661,59,53,244,263,223,267,380,57,156,68,48,97,93,499,40,228,124,760,29,213,96,67,54,381,50,34,268,62,82,44,468,293,169,83,43,91,147,461,621,483,178,224,527,69,191,102,46,169,58,296,33,392,111,375,35,240,201,78,55,384,81,45,182,55,198,36,399,306,179,69,40,84,153,437,1499,53,63,192,182,445,72
1989,2,69,697,30,186,101,372,106,142,791,1256,192,159,225,118,75,60,759,62,85,282,118,450,87,155,395,345,40,31,241,223,307,51,456,152,392,145,182,913,116,40,324,30,264,188,495,117,765,496,2544,23,177,235,59,71,915,92,153,235,104,622,67,111,481,513,32,34,212,271,298,1919,227,167,372,502,111,66,418,27,207,171,354,69,171,753,970,23,269,88,47,44,787,45,173,317,129,387,54,112,300,493,33,34,201,504,296,792,47,465,132,187,338,61
1989,3,84,368,353,514,97,260,65,479,385,2485,180,693,585,107,65,304,599,111,480,190,43,586,101,579,349,578,47,34,144,1452,145,69,150,1335,190,397,143,1259,111,114,753,559,297,50,222,52,601,326,1112,118,582,79,72,164,594,134,382,180,45,482,88,1042,166,312,42,42,184,1407,153,533,299,369,201,474,74,79,576,279,439,46,241,121,740,367,2277,131,393,98,42,295,714,124,361,236,51,1038,93,574,281,692,35,37,242,963,227,669,59,169,632,280,149,143
1989,4,40,99,114,151,35,78,40,917,82,321,110,145,435,122,36,71,145,35,119,159,56,765,36,883,111,218,26,186,135,432,67,286,151,739,62,228,90,277,50,38,135,113,184,34,75,34,435,79,286,75,1042,169,35,116,112,37,111,243,50,684,35,729,114,558,27,163,101,334,86,277,71,243,104,538,53,45,147,167,128,32,81,42,1186,73,593,48,577,177,42,68,126,59,100,192,62,663,32,1054,111,376,28,75,74,442,96,281,81,102,976,259,85,67
1989,5,40,52,51,55,29,49,29,120,45,72,43,58,217,62,34,45,63,31,56,64,37,225,27,580,81,92,24,33,41,84,50,55,50,132,48,108,45,94,37,37,56,47,53,28,49,34,198,45,78,28,129,57,34,43,76,30,45,59,40,277,28,569,60,89,25,31,42,79,47,144,48,103,50,104,32,33,58,48,55,30,51,29,113,47,122,26,176,45,34,41,58,30,50,72,35,149,26,273,67,83,25,83,38,121,46,170,117,56,151,153,61,32
1989,6,25,36,35,39,29,34,24,51,32,43,41,46,66,29,25,29,37,25,32,34,37,51,38,67,38,47,23,25,31,46,31,33,35,59,31,38,33,45,26,25,40,33,36,29,35,24,52,31,43,24,67,28,24,28,38,24,31,33,32,58,31,60,35,46,23,26,32,45,31,49,32,38,37,47,25,33,41,30,38,25,35,25,52,32,46,24,67,29,25,29,39,24,31,36,53,54,40,53,37,45,23,25,29,46,32,49,32,33,79,40,34,29
1989,7,32,40,32,103,42,74,34,64,33,63,37,32,81,32,66,91,65,31,41,45,61,47,35,99,36,35,39,59,48,41,55,55,34,58,48,38,60,42,31,31,39,33,147,46,78,33,68,34,70,34,88,41,60,70,67,36,31,36,59,58,42,112,36,37,37,50,47,40,46,45,49,36,65,42,37,32,41,32,151,46,80,33,68,34,69,36,103,36,54,82,65,32,37,43,53,60,37,104,35,37,35,57,54,39,53,44,54,33,63,37,56,30
1989,8,43,36,123,91,46,157,86,278,105,65,93,58,89,130,72,173,105,93,74,56,54,75,81,171,61,67,59,62,85,117,113,77,37,38,105,33,49,176,53,38,43,109,56,33,139,87,265,132,59,41,121,122,76,227,121,101,75,45,60,49,69,241,103,69,91,70,94,115,139,52,97,32,52,128,102,35,36,122,57,35,120,99,405,87,58,45,81,122,99,170,167,82,80,39,51,51,77,147,77,81,61,89,68,108,149,50,83,38,37,32,50,49
1989,9,23,41,37,190,144,102,41,64,60,25,55,34,78,25,99,32,66,104,38,25,36,44,24,276,97,71,43,132,62,177,100,36,34,45,99,50,35,155,33,28,43,48,132,48,77,50,63,53,25,75,104,24,70,32,60,60,40,28,43,53,28,329,91,122,33,95,36,106,107,59,83,73,32,125,32,24,54,69,158,205,113,54,69,56,28,76,138,28,76,30,49,82,33,27,33,40,28,332,98,75,63,88,46,108,71,39,50,44,49,53,30,40
1989,10,122,42,82,47,55,73,25,26,37,30,23,153,86,51,243,31,33,27,27,26,32,26,58,51,34,24,94,123,29,55,29,196,474,23,32,28,35,29,52,134,54,94,81,194,90,23,27,48,28,167,50,70,225,45,47,24,28,30,38,27,35,45,31,26,90,129,30,64,36,151,40,30,54,26,27,122,57,101,46,57,56,25,28,48,29,134,44,67,840,65,51,25,33,28,42,24,59,43,36,26,49,78,30,43,29,296,91,1069,23,36,46,79
1989,11,154,29,274,165,46,326,36,56,34,26,59,67,26,242,352,64,90,33,26,25,22,66,34,95,79,31,65,60,249,153,101,83,100,45,49,212,40,33,77,164,27,214,163,41,191,35,63,28,26,149,25,184,320,56,66,35,24,29,22,74,31,73,135,34,56,58,225,116,75,405,90,196,41,30,44,169,29,256,199,42,261,43,72,28,25,181,26,250,205,44,42,43,23,29,22,64,30,96,134,31,42,137,200,141,120,174,136,96,51,422,37,73
1989,12,34,89,64,235,92,211,79,100,24,29,55,382,52,231,62,72,43,226,30,30,90,264,31,373,405,81,44,97,50,101,274,270,73,125,364,51,43,55,273,35,99,49,198,101,357,97,76,25,27,60,57,342,67,71,44,210,31,28,66,167,30,585,145,55,51,97,49,156,233,63,392,80,27,52,30,35,134,57,170,72,343,94,69,25,27,88,50,226,51,68,57,208,30,28,77,316,23,357,248,75,63,97,105,70,210,56,275,63,75,44,27,204
1990,1,49,372,44,454,63,442,45,46,205,95,173,79,215,66,269,324,87,97,48,423,478,255,31,367,183,105,110,77,174,164,81,147,66,51,119,241,1155,188,58,46,229,46,367,78,317,32,68,200,236,327,192,69,162,406,99,146,44,385,451,504,27,262,386,111,129,90,151,201,81,95,99,195,1344,300,27,41,366,53,337,86,663,37,52,191,173,226,190,75,172,412,99,116,42,514,160,316,51,413,241,116,139,86,198,242,81,76,138,51,109,156,541,83
1990,2,34,239,44,266,210,863,59,87,113,172,143,105,105,87,235,366,33,134,26,109,107,1033,38,1829,205,105,397,126,93,201,58,113,85,83,210,75,156,96,62,34,389,43,389,226,1301,62,86,159,34,699,135,80,500,464,34,50,23,155,89,642,53,699,300,86,364,132,94,284,55,244,167,80,179,48,47,39,294,43,485,171,636,79,114,143,50,767,102,102,288,300,36,131,28,166,450,799,48,1151,178,69,295,116,92,162,61,259,126,69,70,72,252,55
1990,3,145,448,232,206,71,870,143,47,75,99,123,296,59,560,456,426,135,54,34,99,62,787,61,678,234,50,168,112,190,292,45,72,820,330,411,303,280,631,111,128,890,181,280,70,991,134,35,108,63,1096,54,573,855,403,121,64,41,67,69,873,60,1227,170,61,155,139,136,268,44,332,374,137,215,379,34,138,744,295,214,74,658,152,36,115,89,1202,62,197,527,444,149,52,34,74,88,698,61,1030,188,69,203,125,162,250,46,183,90,307,225,310,311,166
1990,4,35,284,183,109,38,299,35,31,48,34,104,265,39,221,552,167,60,37,29,47,95,184,147,157,121,40,64,52,69,108,53,50,140,172,122,98,104,212,99,51,304,290,140,41,193,35,31,49,42,371,39,198,392,146,62,35,26,45,63,249,153,330,82,36,58,48,73,80,52,201,102,189,110,306,23,39,222,327,137,37,218,37,32,52,41,363,38,421,396,148,68,37,28,45,69,237,178,320,89,37,55,64,74,102,51,322,65,183,287,75,195,76
1990,5,32,63,189,78,30,66,29,26,35,34,71,64,30,85,101,55,40,45,28,34,35,69,65,84,48,30,37,45,47,55,35,44,56,93,53,47,51,86,40,33,70,196,60,32,68,29,26,35,35,74,30,144,83,58,35,36,24,35,33,75,40,86,48,29,35,49,45,77,35,150,50,65,53,63,23,29,67,200,70,32,74,29,26,36,40,73,30,105,105,53,36,37,23,33,40,75,51,86,47,30,36,49,48,67,36,166,44,54,56,60,59,39
1990,6,26,41,46,40,25,45,25,24,31,26,39,37,43,46,47,45,25,25,23,26,27,60,27,49,32,26,27,42,30,51,25,29,35,51,38,46,35,38,28,27,38,54,43,26,43,25,24,28,24,79,45,46,44,46,28,25,22,26,26,54,26,53,33,27,27,43,31,35,24,42,37,35,33,37,24,28,38,44,39,25,42,25,24,32,25,56,36,42,46,43,27,27,23,28,27,70,27,51,33,26,28,30,31,39,25,48,29,32,71,38,37,28
1990,7,25,37,39,41,44,34,38,44,46,55,51,37,58,115,32,61,37,62,33,50,56,81,47,38,38,50,43,82,36,66,35,47,47,68,49,39,60,47,43,26,37,44,39,41,33,39,49,49,45,76,56,66,32,50,38,42,42,35,49,81,39,40,36,55,34,97,39,68,37,64,48,50,58,48,47,25,41,41,41,46,33,41,50,48,51,105,61,121,32,58,38,37,30,47,55,69,47,43,37,52,39,54,37,58,39,48,42,44,68,47,64,46
1990,8,63,45,69,82,35,77,76,58,89,69,81,32,156,144,59,51,94,81,46,85,60,37,205,47,70,80,56,94,67,36,51,45,39,131,63,60,95,94,55,53,40,63,55,34,64,61,47,105,69,150,130,199,47,59,117,55,44,98,54,40,220,38,71,83,53,96,85,32,44,115,63,42,126,90,40,57,41,82,58,30,59,52,67,100,62,165,121,91,57,66,121,76,47,64,63,55,213,39,61,87,55,127,58,35,43,184,47,41,110,36,89,61
1990,9,44,27,28,34,26,34,37,35,63,34,82,23,117,60,24,29,51,82,27,42,25,165,112,32,25,95,25,39,31,28,37,73,36,89,55,24,54,59,71,54,23,28,41,26,41,44,35,55,82,153,101,59,31,28,26,43,31,26,32,198,82,34,37,89,27,48,71,28,36,165,62,24,39,70,110,34,25,30,31,27,40,37,34,48,64,125,36,71,25,30,25,78,25,36,32,185,26,35,26,70,28,39,80,27,32,112,64,28,92,25,59,69
1990,10,40,23,29,301,22,36,29,24,146,86,26,56,34,55,24,25,23,135,41,70,37,32,38,47,23,29,38,45,66,24,43,38,116,26,56,25,78,59,45,32,24,29,254,23,33,32,24,146,41,104,32,46,23,24,23,170,63,130,30,44,39,33,23,27,37,71,30,23,46,127,42,26,67,57,41,35,23,26,131,22,29,31,33,114,40,109,94,50,24,24,23,126,60,53,34,34,29,29,23,33,34,68,37,23,58,144,43,193,25,25,77,33
1990,11,84,43,61,433,22,27,25,27,72,89,92,220,50,139,34,39,56,97,65,178,182,82,69,35,25,45,39,190,65,39,76,43,83,61,314,24,64,45,25,89,32,65,196,22,27,24,25,73,67,63,51,78,25,40,35,71,104,66,242,107,116,53,27,34,42,313,57,38,68,55,332,23,42,77,30,96,48,47,985,22,26,24,26,89,70,61,46,135,32,47,34,74,122,174,181,112,98,52,23,49,64,216,53,39,54,97,39,63,74,24,55,35
1990,12,36,135,38,626,44,43,27,42,78,89,114,94,319,63,48,135,30,301,226,284,279,122,140,46,22,43,24,149,26,36,66,69,52,89,149,34,145,218,46,30,113,33,821,42,45,26,37,71,119,121,277,126,34,117,34,534,291,311,580,146,89,39,24,56,27,57,26,32,55,71,178,39,281,178,133,30,172,69,698,54,36,30,38,55,108,90,300,70,35,116,40,279,352,272,406,162,100,41,25,46,32,66,25,27,63,38,59,41,69,34,227,52
1991,1,89,166,170,1325,129,41,117,67,79,54,46,221,64,66,28,894,31,2156,384,544,265,68,76,139,46,90,30,179,238,146,49,279,68,117,218,399,191,294,80,93,164,149,672,84,42,161,71,67,59,83,62,80,42,937,28,1312,183,576,94,84,76,153,94,102,29,166,365,113,58,96,110,343,88,276,196,99,74,177,567,96,60,129,61,83,56,142,63,73,46,827,28,1959,154,740,149,76,75,126,45,67,29,174,235,89,45,75,219,68,145,221,95,76
1991,2,51,45,89,676,62,26,513,172,41,286,36,205,146,69,78,1835,51,1316,277,451,131,257,41,163,157,95,70,146,360,65,29,55,43,169,95,225,168,220,45,38,40,102,433,79,24,537,193,39,193,154,209,46,78,1325,41,1890,267,496,100,183,43,358,139,62,48,253,254,94,30,173,84,360,119,299,109,33,39,102,488,61,24,328,94,40,155,114,184,52,81,1124,61,1518,296,408,160,176,39,200,150,74,59,298,209,129,29,172,70,41,152,588,174,30
1991,3,45,70,167,250,175,442,201,88,104,244,32,433,84,38,46,2077,416,2645,883,861,165,79,742,266,79,175,24,239,183,62,215,46,99,231,482,210,200,1656,51,47,81,168,285,196,299,170,103,160,310,173,71,38,55,2326,392,2183,1729,1231,188,119,538,178,66,152,23,164,235,35,147,93,255,200,192,576,180,63,85,159,274,154,395,429,162,153,311,282,86,40,73,1944,197,3184,1417,1190,185,117,359,227,102,199,25,137,398,51,140,87,43,106,231,190,285,67
1991,4,30,57,249,72,43,82,118,65,131,113,27,283,54,35,57,495,42,1035,588,1064,93,110,146,88,47,54,33,68,134,29,94,42,139,105,346,262,94,277,98,36,54,210,72,38,177,126,63,63,117,74,54,33,47,449,42,1363,307,745,87,94,151,106,40,53,31,70,97,28,69,56,339,196,99,889,104,35,46,146,78,40,137,101,56,70,109,81,56,32,37,822,112,469,343,718,112,111,224,105,48,56,41,59,86,29,75,51,40,118,70,383,64,65
1991,5,27,88,54,47,29,66,48,33,41,62,25,65,40,27,55,89,42,112,67,99,45,52,58,40,28,33,23,86,48,25,41,43,35,43,77,161,39,117,42,25,115,51,49,29,47,48,33,43,64,41,39,26,52,82,38,125,59,94,44,70,56,44,27,37,27,101,43,28,34,34,91,186,37,118,42,26,93,69,47,29,52,48,32,39,73,44,43,28,39,108,36,79,62,85,44,63,56,41,28,36,24,56,53,31,32,34,45,54,39,94,38,57
1991,6,38,52,36,34,26,34,31,26,34,38,23,41,28,24,24,43,25,47,48,46,31,30,41,29,24,31,22,34,33,30,31,26,52,29,41,48,28,49,25,55,33,41,33,26,35,32,27,35,36,29,30,24,24,43,25,49,42,46,31,31,50,29,26,28,22,38,36,31,34,31,37,47,28,50,30,51,36,48,33,26,34,31,26,34,35,30,33,24,43,46,25,44,48,48,33,30,39,29,25,30,22,64,35,29,33,29,26,46,28,44,28,27
1991,7,57,64,59,44,47,36,41,64,33,40,26,43,75,43,45,45,39,47,46,46,59,41,42,39,37,31,44,43,63,52,48,38,48,50,45,44,54,55,55,43,65,50,46,50,37,40,63,35,42,49,65,42,49,52,42,68,51,46,57,44,40,42,43,28,40,54,47,57,40,43,44,43,48,60,50,52,61,54,53,37,37,41,67,36,41,49,71,39,42,49,43,57,40,50,58,44,45,37,51,31,42,60,61,64,49,37,37,44,56,38,52,58
1991,8,31,169,123,98,40,41,41,78,36,57,273,60,44,144,69,88,59,80,124,88,99,80,56,55,223,68,117,99,85,58,59,83,79,51,41,45,230,71,35,38,158,91,92,35,39,49,75,39,69,60,36,200,70,64,41,66,130,64,99,69,65,47,195,50,118,81,105,75,62,107,53,48,157,47,100,31,161,161,93,62,44,51,58,38,57,56,48,123,46,84,47,54,138,67,142,79,50,56,197,47,96,79,84,65,51,150,102,90,62,45,172,39
1991,9,24,266,55,98,77,57,45,34,23,69,78,51,40,36,103,26,29,27,32,81,93,29,68,31,96,34,101,55,63,214,23,136,59,32,25,26,86,57,76,24,208,54,107,72,56,32,32,24,60,56,40,29,85,24,31,28,32,68,37,42,64,35,147,33,74,55,121,148,27,91,23,26,135,61,37,24,227,68,84,67,61,54,38,23,61,58,36,37,100,25,30,24,34,69,67,31,65,40,100,33,113,57,79,106,24,89,130,40,31,29,155,93
1991,10,32,34,28,96,29,56,25,25,84,42,63,23,36,103,24,36,52,38,39,93,141,38,44,40,48,56,33,785,63,46,47,87,86,23,37,57,105,42,37,29,40,32,199,27,34,41,24,78,40,257,49,134,29,36,63,47,31,97,229,40,46,35,43,66,41,692,125,65,28,86,40,59,84,32,47,25,44,35,263,23,31,25,23,229,29,181,43,124,24,35,80,44,38,97,143,33,31,34,41,62,36,925,116,65,33,88,72,91,23,38,59,82
1991,11,120,28,42,182,36,66,53,23,66,47,195,51,87,168,24,40,70,69,50,125,582,42,24,48,31,79,30,488,269,102,29,58,93,44,82,97,58,75,35,117,31,41,45,40,64,65,23,150,33,71,76,145,25,40,67,52,52,105,355,33,23,38,33,46,32,807,203,121,49,122,44,95,68,60,51,125,30,47,55,35,56,35,23,35,39,44,74,136,25,37,68,36,50,90,253,59,25,35,31,76,26,348,150,101,41,130,68,82,40,97,123,26
1991,12,90,28,37,40,23,25,46,51,388,24,38,32,34,52,39,420,242,41,26,109,61,24,47,29,518,37,23,508,42,34,272,51,44,52,45,415,91,158,78,109,26,44,34,23,31,40,56,638,41,34,30,53,27,318,160,44,26,93,70,30,39,32,427,62,23,290,44,37,201,223,60,344,78,181,132,94,26,39,33,23,39,50,69,555,29,43,50,51,47,333,216,55,27,124,98,25,37,31,202,48,23,589,78,35,221,334,61,95,56,328,84,87
1992,1,119,25,98,132,199,252,281,29,517,64,389,249,122,77,24,122,161,74,113,113,278,66,24,25,137,125,29,566,107,33,256,46,202,63,48,1244,297,146,40,106,25,71,98,166,216,369,32,431,101,137,124,88,47,163,266,71,112,105,475,49,25,26,125,149,32,929,83,38,381,320,47,1750,224,96,160,108,25,61,110,149,215,353,26,593,55,138,107,92,24,133,228,78,135,67,339,48,24,25,423,108,34,375,113,35,473,235,37,211,58,2385,271,48
1992,2,78,38,45,139,106,115,78,33,534,138,369,107,95,50,31,90,759,41,91,57,377,292,65,26,235,55,63,3162,730,77,336,38,160,301,239,2049,160,71,40,139,39,58,139,161,122,58,37,655,83,200,167,53,34,99,825,77,83,72,428,378,77,24,268,67,40,1703,383,95,268,889,206,1289,180,69,121,111,41,73,116,150,86,94,29,449,188,199,120,59,29,80,1309,71,73,68,495,336,69,24,301,70,62,1834,452,62,160,1077,53,151,310,1104,165,60
1992,3,45,169,31,64,132,105,379,70,1596,58,1256,54,75,50,347,114,923,135,65,64,464,163,33,22,567,258,33,948,1081,211,184,63,175,362,250,1355,532,375,45,46,149,31,54,92,137,329,58,1168,45,167,92,42,321,93,773,128,73,75,461,116,31,22,462,193,69,1816,1061,190,134,981,325,2040,588,232,55,45,263,34,58,127,126,421,70,771,36,120,68,39,481,113,639,129,81,59,315,126,36,22,551,185,39,1363,929,170,141,753,47,150,384,990,424,36
1992,4,117,46,31,42,42,50,200,36,540,55,709,59,44,35,158,59,375,45,47,118,390,74,47,82,262,86,67,430,467,102,94,60,118,146,121,989,144,107,30,186,87,31,38,47,58,267,32,1142,48,63,45,38,231,58,590,37,58,142,211,75,51,95,613,89,45,501,769,225,67,124,106,756,127,183,61,74,48,30,38,40,52,127,46,987,57,58,44,34,256,66,323,36,40,122,283,66,60,81,219,94,43,461,674,117,84,139,61,92,143,1160,160,30
1992,5,57,27,26,34,33,33,47,30,96,29,90,81,37,34,85,49,93,37,35,56,86,37,24,25,145,47,28,100,82,106,47,38,65,53,49,144,55,50,24,52,28,25,30,31,35,48,30,122,31,53,37,29,72,56,96,34,34,52,88,38,25,24,103,39,26,88,123,64,45,60,47,111,56,60,37,132,28,27,32,32,32,45,25,136,29,51,35,33,80,43,77,33,42,57,96,43,24,25,173,38,31,120,115,80,46,64,47,68,54,143,54,26
1992,6,30,34,24,31,26,26,33,23,50,27,46,33,31,25,35,44,47,26,24,32,49,27,23,22,45,28,26,51,50,32,31,27,34,37,33,57,35,34,24,31,34,26,28,26,27,33,26,51,25,34,29,31,34,52,47,29,25,29,49,28,23,23,45,27,25,49,56,39,31,38,32,55,36,31,25,29,38,23,31,26,26,33,24,55,26,35,30,25,40,64,45,27,27,29,50,28,22,22,48,27,24,49,57,33,32,37,26,35,37,66,36,24
1992,7,61,112,45,50,95,34,43,27,46,29,84,52,34,45,113,38,121,50,46,34,46,49,37,42,42,52,40,39,46,50,32,52,39,39,32,67,36,42,31,68,89,45,51,94,39,46,26,47,29,77,37,38,93,35,115,59,50,43,54,55,40,42,46,51,47,40,49,51,28,70,36,69,39,44,53,67,117,47,48,87,46,43,26,54,31,65,34,57,109,34,105,47,39,42,60,52,37,46,43,48,43,40,51,42,32,60,46,37,37,76,39,38
1992,8,72,148,60,43,79,50,36,53,38,84,59,57,90,42,242,153,174,47,46,80,69,61,67,70,50,128,77,48,65,82,56,96,81,154,54,55,31,77,52,69,120,60,47,77,39,44,62,39,68,91,104,61,567,111,118,39,57,64,46,74,57,61,45,114,117,39,76,72,60,93,49,66,39,87,71,62,163,58,53,96,32,35,63,37,106,83,96,33,301,105,100,50,51,64,41,59,55,68,54,90,86,48,60,78,71,87,94,71,82,63,35,39
1992,9,53,144,34,133,43,58,39,25,24,62,27,51,93,73,249,329,39,44,91,74,145,43,47,91,26,88,116,31,27,114,102,58,65,41,65,110,33,74,23,52,54,44,154,44,33,33,22,24,79,139,68,54,169,222,80,44,45,65,111,51,51,56,29,86,76,37,26,108,78,41,45,107,37,45,141,47,98,39,169,37,75,36,22,24,109,131,65,61,318,185,48,49,61,74,121,37,35,107,32,144,58,38,28,151,120,38,51,92,49,53,33,24
1992,10,45,123,52,101,200,25,41,52,29,81,94,27,35,50,70,42,49,33,49,73,105,75,26,39,48,45,33,24,28,63,67,31,158,56,208,208,40,204,39,44,184,46,120,161,72,35,59,26,113,106,38,76,85,60,45,43,58,175,98,53,29,62,55,35,35,23,28,39,72,52,228,207,42,81,25,72,128,29,44,242,25,38,66,34,51,81,33,73,65,133,49,43,50,175,82,100,24,34,43,43,35,23,37,48,99,30,41,172,51,418,35,39
1992,11,33,65,35,59,48,38,49,43,29,195,90,46,69,53,62,33,71,56,38,261,40,39,34,83,54,112,116,46,26,127,104,407,46,36,48,53,39,318,147,28,125,26,41,91,46,51,67,26,124,154,61,48,57,32,73,92,50,105,41,24,30,72,101,65,99,57,26,121,78,65,48,90,50,292,142,33,107,37,112,33,41,42,64,28,151,129,41,46,61,39,79,70,50,147,42,25,30,74,63,77,119,43,23,111,75,66,689,40,37,68,54,147
1992,12,32,192,86,190,36,23,78,209,22,42,106,72,55,97,47,183,132,127,153,170,73,70,40,27,547,134,35,276,49,57,52,163,107,47,41,321,55,165,49,38,163,141,161,36,24,88,185,36,44,46,67,127,48,231,117,134,142,213,124,69,38,26,487,136,44,222,75,58,56,28,43,291,48,400,181,46,236,121,144,33,24,76,180,33,76,79,87,99,47,188,121,151,142,167,89,89,43,26,540,123,36,147,76,78,54,31,143,141,39,230,39,59
1993,1,64,233,271,184,305,51,138,347,81,112,132,285,130,51,50,123,59,39,69,120,341,105,79,150,955,52,57,123,115,39,42,191,132,92,47,269,104,369,56,75,234,178,115,373,52,126,266,61,148,39,277,39,44,147,74,40,61,109,565,109,148,79,710,49,56,199,72,34,37,47,59,258,126,543,53,87,127,95,267,353,48,140,139,64,139,37,385,53,43,180,76,40,61,117,925,71,149,123,712,53,111,196,101,39,44,37,172,54,95,259,79,44
1993,2,260,190,273,251,469,70,76,198,94,68,175,149,349,133,76,227,54,130,112,174,1003,160,355,113,1488,94,96,215,78,61,62,2331,88,98,61,331,79,644,145,123,201,213,312,438,155,79,238,111,45,65,158,143,72,272,65,91,88,149,441,184,142,172,1364,126,97,178,112,94,79,45,50,486,55,1066,43,211,139,405,189,353,102,58,315,94,51,56,135,98,39,218,77,116,140,102,287,197,256,114,2478,113,38,287,65,58,58,64,901,151,93,637,82,163
1993,3,100,78,541,217,327,148,360,676,51,64,309,102,1122,422,47,791,121,70,57,97,175,69,74,64,2350,418,140,433,46,45,41,917,167,97,320,258,176,2600,220,87,95,569,253,367,123,348,649,46,55,58,405,309,46,597,128,95,82,85,213,73,136,65,3811,267,145,415,52,35,47,52,253,265,162,1837,57,98,104,502,234,394,101,305,525,59,60,51,850,173,77,795,165,104,53,104,114,71,86,57,2100,227,134,410,60,37,41,48,1632,140,144,263,130,277
1993,4,44,45,164,91,165,44,250,760,53,42,151,49,313,80,84,589,158,70,219,52,71,43,130,52,843,161,73,158,67,51,35,513,95,39,76,166,51,727,127,43,52,104,111,137,42,476,1159,61,39,90,624,115,62,569,193,52,167,47,76,43,130,54,658,141,55,224,47,53,34,35,67,144,64,1043,31,43,49,117,102,122,51,284,1297,54,45,77,883,207,107,686,98,72,180,51,67,43,246,47,978,220,61,196,40,78,32,35,653,74,41,160,74,103
1993,5,32,34,54,71,57,38,202,120,28,30,134,36,215,46,37,114,76,62,57,35,50,30,62,36,129,51,41,56,30,43,29,114,46,30,37,80,38,114,50,29,36,49,59,59,40,88,100,26,30,32,236,47,49,136,61,80,90,33,53,31,47,34,111,56,41,57,30,40,27,25,37,77,37,115,26,32,33,52,60,56,35,133,122,29,29,32,105,45,35,102,61,41,68,34,46,30,47,31,169,51,35,62,33,34,28,24,111,41,31,95,36,57
1993,6,26,28,36,36,43,30,40,59,24,27,42,34,57,35,33,47,28,27,33,30,34,25,32,26,57,36,27,38,24,27,26,51,35,30,29,88,28,50,95,25,29,36,38,42,31,41,80,25,28,25,55,32,31,49,28,28,67,27,34,25,32,29,51,32,29,40,25,27,27,23,28,62,31,52,24,26,31,34,33,44,31,38,59,25,27,24,51,37,33,50,28,28,49,28,40,25,30,29,58,34,27,39,25,27,25,23,52,32,30,86,28,92
1993,7,29,72,44,59,66,63,60,50,30,33,38,37,53,45,44,56,32,35,49,49,74,41,36,62,39,40,89,43,78,52,43,58,51,38,43,71,73,38,130,30,56,37,59,75,55,43,48,31,32,31,49,51,61,65,31,44,36,57,67,42,34,54,39,44,107,47,76,39,42,46,41,77,56,39,29,29,58,42,65,83,81,40,44,32,32,30,48,50,55,56,31,32,42,68,69,46,36,72,40,40,93,41,59,54,40,51,64,54,34,74,60,110
1993,8,50,90,56,118,93,78,79,71,81,31,77,125,93,45,125,43,52,44,65,65,88,66,44,89,48,46,95,63,52,42,79,88,129,40,90,74,51,50,248,71,82,96,147,75,87,114,58,75,33,217,88,39,149,35,43,45,73,72,103,54,45,82,48,43,61,45,57,69,54,109,134,58,51,54,115,53,90,63,154,105,92,108,79,73,34,226,97,48,94,37,43,46,66,64,88,56,45,106,49,43,64,48,42,54,61,86,86,94,43,71,46,208
1993,9,58,26,27,61,34,43,28,24,69,30,29,76,44,47,128,29,189,50,52,65,61,67,52,57,28,62,55,26,47,255,81,32,29,23,346,24,25,228,229,51,25,28,59,71,30,29,32,35,31,141,32,52,86,26,225,47,58,79,62,122,65,96,28,96,67,30,46,301,68,127,203,31,26,212,65,55,26,25,26,69,43,30,24,40,30,90,32,36,92,31,163,50,71,74,49,113,50,78,26,74,67,29,50,155,58,95,35,31,23,34,25,185
1993,10,39,27,39,41,237,38,25,120,25,77,29,29,36,34,25,24,37,107,87,64,216,120,53,116,27,27,24,149,179,45,25,44,39,26,56,24,23,125,107,28,31,32,29,177,76,24,134,24,67,1372,33,35,25,33,52,108,45,51,77,48,48,37,24,25,24,144,172,74,26,65,65,25,23,135,106,38,27,30,35,187,33,24,95,25,69,1034,40,52,30,29,36,110,81,53,139,39,49,49,28,29,23,169,171,164,25,33,39,33,25,25,23,108
1993,11,39,89,39,116,43,31,53,61,108,73,83,37,59,27,156,47,255,131,57,158,139,54,49,149,23,42,55,95,502,181,113,91,347,34,51,163,45,188,63,45,45,40,143,44,30,46,97,93,66,139,68,34,347,64,249,110,75,93,332,38,47,202,26,51,43,82,227,179,107,73,90,134,44,103,109,48,73,48,141,39,52,53,120,58,37,209,57,33,420,65,122,130,42,214,149,50,52,192,23,41,51,64,277,80,144,84,59,332,30,251,61,84
1993,12,46,26,92,125,305,28,437,104,40,210,287,25,25,38,221,99,91,123,44,54,187,47,104,89,22,228,41,45,856,183,63,99,532,89,578,174,111,55,102,51,73,80,128,457,27,776,68,43,149,103,26,32,93,79,76,155,52,108,223,55,235,56,22,196,56,36,632,168,85,63,260,156,142,107,133,44,29,97,99,263,29,799,64,80,184,114,30,31,154,84,178,90,46,55,182,41,186,77,23,169,35,44,424,297,60,66,170,334,103,118,92,82
1994,1,56,288,35,198,235,39,193,44,41,76,99,34,270,94,88,39,54,63,62,50,164,94,486,45,70,95,95,216,161,160,212,95,157,208,256,60,71,326,278,68,243,56,354,212,60,159,53,40,94,190,254,48,58,48,61,64,93,37,171,201,281,68,62,142,120,200,189,159,212,75,456,99,114,201,514,44,134,28,338,273,73,145,73,33,66,187,275,95,61,45,56,123,83,38,227,204,354,46,53,159,125,217,301,153,207,125,75,239,187,84,91,378
1994,2,50,65,28,451,490,131,548,113,138,237,199,145,290,160,166,81,142,106,384,35,176,272,421,154,81,530,90,116,103,153,125,97,495,117,181,294,112,314,291,65,58,29,295,1042,58,340,141,198,110,769,279,211,170,102,104,120,319,32,218,173,335,187,48,497,82,150,271,218,119,219,234,484,89,394,337,113,144,29,231,606,95,256,85,161,286,1089,258,193,170,77,114,115,258,34,249,213,301,160,54,232,106,133,172,186,107,157,120,476,167,261,81,377
1994,3,371,165,58,1421,2088,60,280,146,96,135,1193,67,183,305,90,64,445,69,327,70,694,213,463,102,37,281,189,84,336,168,367,685,617,141,109,282,63,299,1220,232,158,84,1191,688,98,247,125,62,176,1699,224,329,96,34,705,58,348,47,1178,147,290,107,57,329,158,87,487,192,586,250,125,160,88,328,404,418,170,62,929,2242,81,478,148,75,99,1844,168,207,100,64,492,62,420,72,1051,142,278,104,67,578,116,86,346,163,251,179,785,672,129,309,61,998
1994,4,86,71,48,333,671,104,74,73,85,87,357,70,99,156,66,51,264,60,145,181,835,84,214,69,46,165,54,48,156,286,322,173,261,52,78,110,33,101,882,143,54,30,429,1204,161,74,90,66,122,521,84,116,63,50,143,56,96,167,593,85,203,86,44,199,63,49,142,267,271,203,72,75,37,90,484,72,53,35,464,419,217,95,97,60,84,372,99,156,58,48,215,54,94,96,886,75,235,65,42,178,85,50,126,190,427,100,192,241,49,88,33,501
1994,5,37,34,25,81,89,47,48,45,37,44,165,42,50,43,71,26,57,31,60,52,78,54,67,47,30,58,33,35,60,157,65,59,62,34,58,48,38,51,232,41,33,27,85,108,39,46,46,36,41,89,66,47,63,26,56,30,78,46,76,72,66,47,30,60,34,34,59,138,57,54,71,47,41,51,113,39,32,25,83,75,39,46,44,34,40,104,54,47,62,26,55,31,56,100,88,61,65,43,32,60,34,35,59,216,65,53,59,68,34,51,43,325
1994,6,29,30,24,45,49,29,32,27,27,29,67,25,34,31,30,24,35,27,86,32,50,51,57,29,24,37,28,27,40,41,37,40,40,28,77,36,36,34,64,28,28,24,46,51,27,32,28,27,29,47,35,30,32,24,34,27,44,36,50,42,61,29,24,37,28,26,44,41,37,34,62,33,34,34,55,28,28,24,47,48,28,31,28,28,28,49,33,31,33,24,37,27,80,34,48,44,50,28,25,38,28,27,41,45,38,31,42,42,28,32,32,64
1994,7,45,48,85,49,43,27,68,50,34,32,113,32,40,36,47,33,50,47,31,36,64,64,60,30,36,45,53,57,51,42,50,79,41,73,84,34,62,35,67,41,47,83,54,42,30,74,46,33,32,43,40,36,51,34,50,64,51,40,55,58,56,32,34,53,66,49,48,41,51,41,72,33,52,31,76,44,46,73,58,42,29,64,43,31,32,43,38,34,45,34,40,67,38,33,64,55,62,29,37,45,53,64,47,42,58,42,63,38,54,40,56,48
1994,8,50,41,104,301,68,57,55,67,76,77,79,92,61,36,34,31,41,139,85,50,166,171,63,33,96,55,97,165,129,158,76,47,44,45,38,60,168,50,86,53,36,99,293,58,61,63,58,78,122,67,64,43,31,35,40,84,104,36,140,113,61,34,114,86,92,130,180,102,93,40,45,47,158,43,51,68,32,104,439,49,80,51,70,72,78,72,67,39,35,34,61,98,97,50,144,181,77,33,99,72,109,103,208,101,77,35,60,56,103,57,160,147
1994,9,43,38,47,38,172,29,62,193,25,35,75,26,36,76,37,63,29,51,158,37,90,199,92,24,68,44,71,107,115,40,66,63,175,83,63,37,134,45,58,43,37,175,60,45,25,83,132,23,56,34,80,38,44,48,30,49,163,39,119,89,99,23,30,33,57,76,89,38,44,32,53,43,109,32,67,40,36,125,51,112,28,68,203,37,70,24,53,67,38,30,33,37,133,41,79,279,106,25,43,32,50,92,166,34,64,53,57,131,74,30,66,35
1994,10,63,46,166,41,31,22,48,59,40,67,60,80,70,96,45,33,103,102,26,28,69,68,25,26,298,23,74,27,58,42,29,57,31,32,80,40,81,31,39,62,72,62,40,130,23,57,48,48,44,42,47,96,32,31,101,92,27,26,109,227,28,44,164,23,55,25,75,41,62,56,73,56,138,48,153,52,72,61,45,40,23,38,51,42,25,52,36,115,40,70,86,53,38,27,37,97,32,47,170,23,56,26,52,41,31,26,38,41,39,37,119,49
1994,11,48,244,49,117,32,116,130,48,85,83,53,134,36,37,71,28,87,196,24,88,82,115,89,92,74,31,93,68,137,80,23,25,57,36,59,112,100,35,77,51,185,46,66,31,57,96,77,63,54,28,29,67,44,27,99,207,24,53,47,124,90,83,110,30,107,64,119,84,30,43,66,56,45,32,46,33,187,32,127,25,120,149,58,71,40,28,34,52,58,31,133,163,25,102,111,118,94,45,66,25,92,68,133,97,23,63,30,41,39,130,138,81
1994,12,41,209,34,85,66,110,36,179,25,64,61,325,84,402,27,36,127,143,383,27,33,52,98,37,53,509,119,131,119,196,75,118,43,25,32,28,138,31,317,44,142,32,122,74,217,42,203,30,100,58,71,391,27,61,109,246,356,56,47,64,85,51,39,482,197,107,113,170,116,87,35,93,109,31,49,51,97,30,60,73,129,33,282,28,110,85,72,354,26,73,100,239,372,28,30,59,86,116,68,401,247,99,113,135,78,34,102,36,34,34,85,305
1995,1,92,196,28,61,256,47,29,263,79,95,175,160,198,257,33,123,37,178,123,55,66,40,116,48,36,141,706,179,162,171,61,256,293,24,94,157,59,28,132,110,117,27,64,230,41,29,246,52,91,32,171,277,26,99,38,87,168,83,45,44,231,34,45,185,725,106,188,233,98,176,167,269,64,27,146,117,165,25,47,287,52,29,244,74,189,35,160,379,28,120,45,96,119,63,59,45,204,34,40,407,583,212,240,306,62,157,118,226,25,308,93,177
1995,2,130,138,33,119,119,37,34,598,230,225,84,861,51,1099,32,102,78,69,1806,60,112,113,246,92,80,209,2123,149,165,141,127,209,115,108,161,293,87,60,237,79,184,28,107,150,45,40,313,193,227,33,65,1613,28,86,58,58,439,36,154,155,90,63,111,173,1145,207,180,104,92,99,75,176,68,84,179,70,206,30,158,95,38,41,449,246,63,35,52,735,29,95,73,60,2269,58,105,111,114,54,152,138,1967,112,133,100,89,80,338,109,118,104,96,156
1995,3,155,156,36,128,214,31,29,996,309,486,640,1736,102,1526,24,72,37,211,1131,70,121,100,52,38,102,245,2588,100,212,134,33,500,191,183,108,283,72,63,98,195,170,38,144,244,32,28,843,503,544,67,64,914,22,91,47,239,2244,61,75,171,51,39,93,260,3225,108,148,107,37,57,129,212,71,44,479,170,153,31,152,253,33,30,624,569,495,50,94,1454,23,96,56,175,1452,47,121,111,51,59,85,329,1918,113,277,187,60,78,434,165,176,339,55,123
1995,4,74,80,32,107,175,38,26,148,400,738,139,1688,113,258,25,42,31,224,438,45,38,95,55,46,39,227,840,50,115,141,40,221,103,44,57,133,120,26,51,66,85,34,95,152,45,26,170,334,338,27,119,285,23,40,32,106,519,47,38,77,51,36,41,155,1589,52,94,95,40,100,55,193,123,28,409,83,92,35,112,124,40,26,163,358,678,26,99,298,25,41,34,286,458,49,39,75,47,32,43,114,1315,49,104,88,40,65,254,66,47,112,123,52
1995,5,35,42,26,41,60,29,47,57,91,136,54,170,36,67,23,33,27,81,118,29,35,59,38,26,30,61,454,34,45,46,27,54,39,38,33,53,75,45,48,35,39,24,52,84,28,43,62,73,212,24,39,65,22,31,26,109,100,28,33,56,37,25,29,64,333,34,42,44,31,55,33,54,49,68,78,35,41,24,38,62,31,49,58,82,122,24,36,63,22,33,27,63,100,30,34,62,37,29,30,64,683,36,45,45,28,52,54,37,43,51,75,57
1995,6,29,32,28,27,35,32,30,36,41,49,34,58,28,45,22,26,25,45,45,24,27,28,30,25,26,37,61,27,34,30,26,38,30,25,26,35,34,24,32,30,33,26,28,34,30,33,36,41,50,34,26,46,21,26,25,52,48,24,29,29,29,25,25,36,61,28,32,29,27,74,26,39,30,27,41,31,29,24,30,34,31,27,36,45,52,32,26,44,22,26,25,64,46,25,27,30,27,28,26,37,64,27,34,29,26,84,37,29,25,36,38,31
1995,7,42,39,41,28,37,41,90,58,56,71,35,54,41,35,30,54,40,42,41,36,45,60,62,95,34,40,45,67,62,35,110,41,69,85,30,61,65,54,50,53,37,43,26,36,43,65,52,49,72,40,40,34,26,51,42,32,56,50,73,63,61,134,35,39,44,56,73,35,104,59,31,55,78,99,48,43,39,42,28,35,38,75,54,45,69,34,42,34,30,51,39,38,40,35,55,68,57,114,37,39,50,56,74,33,87,45,39,63,66,63,77,54
1995,8,55,55,175,69,94,57,205,79,42,111,52,46,65,41,34,42,55,53,178,73,242,72,74,189,55,81,51,112,91,66,75,62,60,92,31,104,157,115,56,37,66,172,66,83,81,263,87,41,79,35,65,37,37,40,57,67,180,45,215,65,78,155,58,96,41,123,119,71,88,111,31,110,152,76,63,38,65,167,64,72,61,148,77,51,82,56,69,43,33,41,59,70,104,56,199,55,72,132,54,63,51,95,90,88,84,120,64,46,107,101,144,62
1995,9,47,38,56,88,26,23,38,64,40,80,50,55,35,46,45,41,65,31,89,52,35,41,26,141,48,37,43,63,74,63,63,31,45,34,26,60,64,35,417,39,50,72,111,30,23,107,102,49,100,26,35,69,41,65,73,26,93,30,38,47,32,103,66,38,53,50,68,52,51,38,26,32,89,28,54,30,34,77,87,41,23,66,60,58,80,26,23,41,53,64,97,36,96,29,44,44,27,117,53,36,55,74,59,89,57,44,34,40,31,40,82,334
1995,10,48,30,65,62,61,35,84,67,23,43,46,74,27,33,60,77,46,48,119,322,46,34,43,52,41,25,31,64,26,24,50,23,60,26,73,57,34,24,57,45,38,54,86,53,29,98,40,24,47,35,25,36,53,58,43,54,62,100,48,38,39,82,35,38,31,41,27,25,114,24,74,33,29,24,124,66,57,166,65,54,31,155,37,25,53,46,29,33,64,48,42,52,112,288,55,34,46,72,57,37,29,43,55,24,81,24,23,59,26,42,35,41
1995,11,50,44,69,31,113,25,148,35,85,32,34,34,45,35,170,114,25,59,88,133,72,52,25,125,53,73,49,78,53,33,133,25,93,64,69,122,25,54,118,50,56,94,38,67,30,140,31,94,31,34,35,38,312,40,28,66,90,465,70,53,29,62,84,64,114,97,46,52,94,188,93,117,28,50,27,53,59,39,38,111,26,115,38,93,30,32,52,28,307,103,32,39,127,211,74,46,25,65,44,41,89,80,41,50,62,239,30,100,57,100,29,119
1995,12,23,1209,27,81,119,94,37,25,37,40,95,49,38,106,134,52,140,137,173,124,26,140,101,76,95,132,72,43,114,102,275,39,30,246,337,34,71,262,49,24,527,36,74,135,64,43,36,36,33,36,55,133,59,107,132,142,278,95,27,141,84,129,94,148,48,32,90,110,190,238,207,31,70,191,29,24,804,30,95,119,80,40,24,61,33,49,39,127,47,53,120,160,167,89,31,79,102,124,108,112,47,35,117,102,389,336,44,30,238,33,71,48
1996,1,203,155,138,37,39,88,73,30,542,88,86,44,37,441,163,44,206,69,199,168,161,171,92,173,207,61,40,36,81,308,101,49,90,147,53,87,246,114,221,265,262,162,39,37,56,98,30,747,102,61,44,742,88,45,226,70,145,149,121,253,98,208,227,56,45,35,114,284,175,190,73,62,141,157,248,249,261,178,46,36,71,97,33,601,90,60,40,393,169,36,223,88,126,209,148,193,100,248,181,156,41,52,90,265,94,159,118,137,166,76,294,206
1996,2,66,277,129,736,357,121,190,471,574,85,33,100,31,701,75,34,180,147,126,181,44,148,75,327,74,184,97,86,55,115,224,281,268,263,45,263,194,134,239,50,989,68,515,495,130,153,460,386,68,74,33,554,206,33,168,84,110,171,55,183,121,672,95,185,80,106,41,155,263,272,46,255,627,140,112,86,986,128,680,509,65,122,438,590,73,73,32,547,74,40,180,92,107,129,56,319,101,229,99,82,74,107,52,163,760,392,219,166,201,259,256,439
1996,3,60,1698,293,210,202,153,49,119,1190,331,93,155,32,519,127,68,119,82,92,77,209,238,55,725,65,377,156,321,49,72,629,395,92,197,92,111,545,91,994,89,2626,328,193,153,95,56,114,737,325,28,28,624,141,72,122,179,72,85,133,177,41,397,98,241,151,262,40,78,621,335,71,130,445,112,73,63,1376,367,210,183,172,53,105,515,300,27,36,653,164,63,111,138,88,71,176,185,39,643,73,311,192,207,40,81,248,517,341,92,283,155,391,473
1996,4,60,823,133,58,69,43,51,64,225,231,41,40,51,184,69,31,310,56,50,48,58,88,37,201,51,144,76,63,28,110,114,276,66,135,113,60,558,95,620,53,600,200,71,93,46,47,70,425,121,29,32,183,64,29,167,50,45,50,87,89,36,151,62,284,108,69,29,87,121,461,211,53,573,94,43,68,1209,147,72,71,38,66,75,502,180,28,36,231,62,29,193,53,48,51,54,87,34,198,59,291,115,114,29,104,94,237,317,53,138,57,382,727
1996,5,31,122,49,44,41,36,37,36,62,61,28,30,24,62,36,31,61,31,41,40,34,42,29,90,36,51,58,44,27,42,54,71,46,51,83,36,79,40,84,38,101,59,45,41,31,46,36,65,99,30,25,59,41,31,79,33,36,39,33,45,29,115,37,52,56,49,27,54,54,72,44,34,83,41,40,35,103,55,44,40,31,36,37,77,90,32,25,62,38,32,72,33,38,39,34,42,29,92,35,53,46,52,27,48,51,58,76,45,53,35,79,101
1996,6,26,124,31,29,30,41,32,27,41,36,25,25,23,38,68,26,42,26,30,31,26,30,25,45,36,36,31,32,26,29,35,39,38,36,32,28,42,31,47,29,126,33,30,28,41,33,30,45,33,25,22,38,37,25,37,26,28,29,26,30,24,43,35,36,37,29,27,30,38,41,33,29,42,35,25,27,135,33,30,29,44,30,30,49,34,26,23,38,67,24,35,26,27,30,25,30,24,44,32,35,31,30,26,29,36,50,42,30,35,30,40,47
1996,7,40,50,47,37,39,114,49,39,62,49,44,52,33,50,38,34,58,32,50,32,56,47,43,50,29,49,62,33,28,68,41,83,30,51,39,47,54,51,55,47,55,51,52,44,122,39,42,50,51,52,33,45,63,37,65,36,40,46,53,47,45,58,27,46,81,36,26,69,40,45,38,46,43,63,36,45,50,48,37,39,177,52,41,53,50,48,31,46,59,35,58,36,37,45,56,43,45,54,28,51,63,35,26,86,45,40,86,34,52,52,52,54
1996,8,88,96,48,84,40,175,65,37,62,86,53,73,30,83,70,290,173,57,116,56,52,135,75,84,33,54,62,38,55,108,83,152,89,51,77,179,75,92,67,88,80,54,56,35,193,90,40,90,72,51,31,78,58,219,134,43,116,52,65,151,63,71,36,55,63,35,55,68,52,41,95,192,81,60,75,80,86,56,89,38,228,58,38,79,67,62,33,77,52,252,145,60,125,54,66,118,59,72,39,51,90,34,63,87,67,39,174,97,53,147,78,59
1996,9,31,61,25,39,24,123,40,38,37,69,72,36,38,56,51,49,181,186,65,104,31,29,31,34,36,32,92,106,35,56,124,42,68,106,46,146,167,73,37,69,76,24,33,24,92,37,47,33,53,26,32,45,42,44,269,162,74,79,28,26,28,34,34,70,86,107,58,109,87,25,48,116,187,86,93,31,52,26,33,24,79,48,60,34,77,27,29,45,47,66,163,147,97,94,29,38,25,35,35,67,80,88,33,64,77,26,39,57,120,62,160,50
1996,10,26,59,59,31,46,245,47,161,48,45,80,185,33,23,29,38,81,104,28,43,34,23,23,58,33,81,29,35,46,66,50,73,108,49,25,53,374,25,35,25,81,37,30,36,75,39,1121,59,117,134,25,23,62,98,92,106,27,35,28,24,22,56,39,35,25,33,29,126,34,30,23,46,386,23,28,26,43,73,35,33,208,39,323,54,51,117,36,23,35,67,69,147,25,37,33,23,24,37,29,39,29,26,53,137,37,47,44,53,75,171,117,51
1996,11,39,61,168,109,57,63,44,571,51,37,267,158,38,26,84,128,31,33,123,31,62,26,51,30,34,68,26,355,22,122,48,36,105,64,36,184,77,44,80,43,54,158,52,34,181,30,60,52,59,105,49,24,40,95,31,32,125,33,73,25,71,27,39,59,25,330,42,75,42,29,45,205,74,45,42,29,125,86,113,58,118,35,733,79,69,119,40,27,43,108,38,68,62,34,64,25,84,57,39,58,24,334,23,37,35,28,88,106,49,105,290,50
1996,12,80,174,164,106,23,150,62,75,94,59,51,135,23,421,32,32,34,73,61,40,68,23,52,24,728,27,24,418,27,30,33,38,85,125,102,303,163,519,60,50,170,117,170,41,147,93,64,90,38,53,23,428,62,64,47,72,54,45,62,23,35,24,362,24,23,193,31,30,32,271,112,214,94,615,60,66,139,185,93,34,102,87,68,64,30,50,21,499,59,39,40,105,97,54,70,23,41,24,416,26,23,245,28,28,38,302,27,100,124,345,120,68
1997,1,107,96,53,65,71,266,63,71,331,48,63,108,48,658,54,142,171,249,53,162,67,25,187,69,70,45,25,145,25,38,35,277,43,66,72,166,197,173,58,166,125,62,62,49,253,29,47,676,39,168,81,204,49,219,145,292,62,80,47,26,199,53,105,36,25,163,23,33,27,416,52,230,179,190,395,150,74,73,93,64,118,32,77,729,55,214,98,221,53,160,175,233,37,156,61,25,91,73,74,32,26,111,34,31,30,312,322,44,55,188,171,44
1997,2,230,79,109,39,86,188,65,58,1169,30,58,72,223,260,43,195,61,108,224,130,63,37,127,70,83,30,56,761,64,553,86,262,108,86,358,322,216,259,55,192,75,79,58,112,156,66,39,646,37,203,192,439,39,178,99,90,207,281,90,35,129,29,74,28,46,855,72,657,68,268,268,278,296,159,924,240,129,77,40,93,309,60,52,487,29,227,112,353,38,178,63,127,155,122,88,59,260,62,98,35,43,390,87,538,57,263,182,91,48,274,222,38
1997,3,106,179,528,51,49,82,55,50,896,26,48,152,569,226,77,142,95,105,250,169,276,46,205,258,55,129,45,606,246,211,144,129,239,40,228,150,174,230,54,85,176,540,82,40,86,62,42,1791,27,161,417,273,68,182,103,161,228,116,217,25,395,236,68,93,41,487,421,241,201,217,285,129,243,161,706,89,154,307,65,55,87,52,56,1353,27,192,726,355,73,131,71,158,212,216,257,25,408,158,67,110,44,737,383,223,197,265,200,165,82,164,223,66
1997,4,99,115,403,65,40,45,86,53,558,24,49,192,112,74,41,219,42,59,78,52,134,27,283,64,41,33,44,289,60,66,188,151,58,31,179,56,84,95,29,63,150,546,50,37,45,91,56,678,25,83,268,96,36,131,45,60,85,72,129,26,110,50,42,30,42,454,63,69,116,103,126,56,79,120,1055,93,169,876,60,36,42,59,65,377,25,111,91,94,36,201,44,63,112,57,149,25,175,99,43,30,42,474,55,63,153,132,104,101,31,62,109,27
1997,5,63,59,234,28,25,34,78,64,210,24,31,52,47,76,26,46,36,110,44,40,59,26,51,34,29,29,24,87,61,57,60,48,37,27,78,42,54,53,25,46,48,217,28,25,35,109,54,151,24,51,50,72,25,54,33,90,50,40,79,26,46,34,30,29,23,98,59,54,68,48,67,41,53,48,583,73,47,233,28,26,33,37,42,217,24,55,47,88,25,45,37,110,45,41,85,23,52,35,30,28,23,112,90,46,59,52,51,37,28,44,55,32
1997,6,29,31,86,28,23,26,31,27,58,23,29,59,34,36,48,31,25,62,30,27,32,23,35,30,25,29,28,48,38,30,35,31,29,24,49,29,38,35,31,49,32,52,26,23,26,30,25,58,23,29,34,44,38,34,29,49,29,28,32,22,32,27,25,29,28,51,40,30,32,49,50,28,39,32,133,29,32,51,25,23,26,91,27,60,23,30,35,41,40,32,25,63,32,28,33,24,35,29,26,26,24,63,33,29,35,37,31,31,24,30,36,24
1997,7,48,33,70,45,45,43,41,69,47,27,31,58,40,35,55,69,48,46,42,39,50,27,59,42,47,46,52,55,48,34,107,37,68,32,78,41,39,58,34,47,35,73,42,40,42,37,60,47,29,27,37,44,64,79,50,43,36,39,55,27,59,41,50,47,58,59,47,30,115,47,62,37,45,57,127,50,32,47,40,40,46,39,62,49,28,28,40,43,53,64,46,35,41,39,52,26,54,39,49,56,58,56,43,35,110,44,39,80,31,40,47,37
1997,8,116,43,48,40,46,81,56,71,107,140,91,69,109,93,80,71,141,60,53,69,92,108,121,116,89,143,78,69,30,66,90,67,203,34,107,45,74,100,53,118,39,46,47,65,57,74,53,158,108,63,99,76,128,78,161,43,45,114,90,109,125,102,83,131,74,58,35,59,108,86,106,58,45,125,113,153,48,72,51,55,89,60,61,133,71,82,110,71,70,94,223,81,42,95,75,74,179,126,87,99,61,59,32,50,160,105,69,252,44,53,79,59
1997,9,62,50,64,31,56,102,55,95,258,122,24,29,59,91,40,50,68,33,29,155,79,26,102,41,82,70,56,79,44,23,154,36,136,58,53,48,170,106,34,68,41,76,31,72,134,36,79,287,170,49,34,108,42,48,88,41,25,57,153,65,81,91,63,52,53,125,60,31,107,143,73,44,132,157,38,39,38,74,30,71,119,60,93,208,133,41,35,80,54,72,58,35,24,111,119,30,48,63,57,33,97,98,45,32,118,121,34,45,56,50,130,41
1997,10,117,24,29,95,36,70,55,86,112,72,34,35,46,51,54,67,26,30,32,26,57,23,42,151,63,65,23,74,36,23,46,33,29,25,36,44,47,43,24,115,23,35,87,44,84,38,92,216,72,48,67,68,46,37,30,44,31,96,46,25,76,92,55,46,34,32,51,23,68,41,52,71,38,31,68,81,32,33,98,47,83,41,124,107,75,59,49,81,58,29,31,49,33,27,48,21,70,55,56,99,23,31,35,23,82,43,30,97,22,70,34,25
1997,11,87,36,135,176,81,112,28,119,97,82,76,42,99,113,26,117,119,60,85,62,131,40,91,103,99,251,68,105,101,24,54,23,37,223,80,84,67,25,37,103,34,56,129,85,75,29,143,41,48,26,78,76,24,93,143,39,93,84,81,53,79,71,53,297,82,100,87,30,33,79,67,73,66,36,58,108,58,62,141,84,69,30,105,107,69,29,52,65,27,75,205,37,121,85,101,45,51,167,51,118,42,90,96,26,32,162,24,34,80,86,53,29
1997,12,704,40,56,163,39,50,553,74,667,491,208,24,35,75,65,32,44,151,84,424,79,46,75,90,43,43,79,34,47,38,117,182,35,117,28,128,41,24,242,415,54,128,179,33,66,317,51,366,616,49,34,69,58,27,45,139,82,269,131,47,52,135,63,40,79,39,53,38,130,358,32,130,39,25,43,379,33,97,139,41,77,398,62,777,411,55,46,55,69,34,45,179,45,301,127,49,96,122,80,201,124,50,65,37,131,143,177,31,279,115,41,183
1998,1,131,136,119,196,89,43,93,163,168,211,83,96,63,49,127,34,83,66,39,47,105,36,36,136,211,100,115,115,36,23,47,214,67,737,202,286,139,25,65,249,133,109,297,104,40,107,199,257,165,58,70,51,146,30,71,69,38,82,94,35,35,105,212,94,185,100,40,26,41,115,176,509,122,25,83,198,141,117,201,107,37,118,217,170,582,57,92,65,136,30,62,62,42,66,82,33,36,115,123,114,147,118,41,23,43,222,109,132,674,288,106,67
1998,2,242,32,113,167,86,80,52,75,1299,204,120,80,227,149,123,72,108,36,42,53,105,23,38,909,250,41,141,271,43,84,60,540,196,1135,56,318,327,162,285,273,42,180,192,59,117,77,81,1455,172,49,223,153,90,75,88,36,33,53,99,24,43,955,523,44,112,141,35,89,82,168,64,484,326,257,86,207,36,130,163,43,86,63,63,1031,100,44,178,133,79,108,162,38,38,57,93,24,51,852,411,45,57,133,44,70,97,111,515,89,954,459,335,427
1998,3,201,78,68,456,96,38,54,54,654,117,304,174,239,149,123,29,42,59,240,92,110,171,42,739,907,82,194,156,121,52,49,205,80,456,185,599,315,216,237,218,56,76,514,100,36,53,61,1151,132,247,137,180,125,27,65,58,237,123,146,170,40,819,1178,69,186,200,85,41,36,167,143,458,180,95,132,222,57,118,315,98,50,62,55,1194,123,262,168,130,164,29,49,63,307,98,164,210,37,783,1014,89,241,164,128,55,38,280,305,132,766,663,172,287
1998,4,67,65,66,246,53,31,37,37,511,71,106,187,63,66,179,34,61,121,48,138,52,37,103,296,964,116,69,83,52,26,49,82,48,106,94,297,165,57,125,68,59,67,297,54,31,41,39,293,88,45,73,66,155,36,57,73,47,231,51,72,117,337,454,216,74,68,85,27,35,188,159,190,151,62,50,72,82,79,301,49,31,38,38,269,76,54,99,61,223,32,71,57,61,169,59,41,123,373,654,174,81,71,39,26,40,116,72,63,120,315,158,117
1998,5,44,33,43,63,33,28,32,30,114,48,46,97,39,38,101,27,43,29,32,120,35,33,54,73,81,37,51,40,29,24,27,44,36,47,38,68,120,33,48,45,43,48,61,36,26,38,31,96,49,31,38,37,87,26,37,31,34,92,33,49,64,68,77,38,57,36,28,24,28,54,39,68,111,31,35,43,37,42,66,27,27,34,30,76,44,31,40,36,58,25,52,42,33,103,34,37,32,73,83,42,52,36,27,23,29,58,53,37,50,75,77,46
1998,6,34,29,27,45,30,24,25,25,51,37,37,49,36,27,32,27,25,28,27,71,27,25,27,46,56,29,32,30,25,27,28,30,27,33,29,39,48,31,32,34,31,28,52,30,27,25,25,50,36,27,32,28,31,27,32,31,26,46,27,26,25,50,47,31,30,30,26,28,27,33,30,38,39,33,27,33,28,28,43,31,25,26,26,70,33,26,31,26,35,28,26,32,26,51,28,30,34,45,49,32,30,28,27,26,29,33,31,27,33,43,43,32
1998,7,41,57,49,96,46,65,79,29,48,55,52,75,71,55,97,50,28,68,36,39,33,60,27,86,39,70,64,45,37,38,115,51,51,46,57,43,48,45,41,38,58,71,98,47,52,67,29,45,55,66,65,48,75,71,28,73,40,53,35,59,28,88,41,74,71,47,36,50,131,50,55,44,37,47,53,38,61,86,74,48,69,61,28,45,60,86,65,49,66,67,31,65,40,58,32,55,28,132,41,67,87,47,32,52,98,40,49,41,49,41,45,42
1998,8,58,90,105,324,42,54,70,78,88,77,33,368,136,67,87,154,44,101,79,100,42,66,72,67,35,166,134,90,78,104,140,50,141,138,62,53,65,81,53,57,94,67,301,41,60,65,76,112,75,78,98,74,99,79,42,119,65,93,48,65,82,72,32,160,165,75,55,89,176,109,55,67,77,77,47,52,89,74,461,40,59,56,59,93,82,73,128,53,96,87,42,81,88,108,56,56,67,74,32,154,106,84,74,104,177,155,46,141,174,55,53,42
1998,9,28,34,29,321,71,33,297,57,92,40,32,65,46,38,137,102,26,92,101,31,64,28,72,27,62,145,64,232,74,116,28,43,43,26,27,48,48,48,51,29,67,40,47,106,30,242,64,108,33,136,76,33,151,120,26,75,106,33,48,23,69,27,54,105,150,298,115,95,32,56,24,54,62,83,28,35,33,34,118,108,30,187,59,89,31,61,34,42,126,121,24,97,108,30,65,25,55,28,68,112,342,339,74,74,34,62,49,86,27,53,66,41
1998,10,31,43,31,92,123,132,277,47,36,42,42,60,25,42,36,1116,66,216,93,53,28,27,62,25,41,46,166,65,55,94,40,25,133,37,25,59,34,38,52,38,41,24,199,248,222,1444,44,27,31,28,25,32,39,1083,127,215,106,63,28,31,57,24,40,54,45,71,42,88,41,35,31,76,27,45,22,33,52,25,132,248,152,1515,50,33,32,127,37,26,31,347,61,358,88,75,30,32,88,26,35,56,32,50,47,54,42,49,26,173,34,71,36,52
1998,11,227,24,25,54,169,50,983,128,24,23,25,72,24,85,31,291,207,81,55,75,38,77,62,39,53,170,94,71,28,73,91,102,57,54,126,58,23,73,75,233,28,26,39,108,29,99,101,27,34,63,25,149,38,202,364,49,43,53,39,56,86,38,46,113,70,50,35,104,112,54,127,46,23,132,28,230,26,25,40,88,28,110,196,24,24,53,23,118,40,377,417,38,57,70,42,66,57,37,36,126,76,66,44,108,91,44,115,64,36,47,23,125
1998,12,40,91,268,34,48,62,119,80,25,25,401,87,24,131,238,79,618,136,130,126,28,388,55,26,50,101,47,42,33,112,69,344,38,281,48,86,63,33,154,38,95,235,32,42,70,65,99,24,28,217,24,92,203,87,392,164,80,173,24,750,63,29,45,134,41,49,26,57,73,163,43,87,55,33,29,39,92,213,34,59,55,85,66,24,27,152,23,107,213,141,682,175,153,98,25,515,61,29,60,134,36,52,26,52,60,132,282,36,303,92,43,80
1999,1,202,109,92,66,1534,37,586,75,82,51,429,103,89,47,703,90,601,63,79,193,64,406,440,31,60,392,111,141,91,89,33,140,33,70,239,38,122,150,512,188,113,144,52,1492,38,580,155,79,99,44,108,51,902,87,459,55,121,220,53,348,600,28,46,148,124,96,91,153,38,150,298,37,179,140,24,243,93,144,57,2148,65,426,178,78,104,53,54,44,925,116,409,51,85,269,66,350,574,34,58,374,123,153,94,131,34,155,122,43,63,37,197,421
1999,2,79,102,119,115,998,94,412,318,106,127,562,184,57,52,1211,217,914,114,170,736,32,805,876,111,329,299,136,202,43,221,59,159,275,140,146,106,170,77,529,122,172,227,148,858,90,281,173,147,67,192,81,48,1241,417,744,80,184,374,38,646,703,65,817,428,111,273,107,162,54,225,132,141,122,103,23,80,110,150,183,396,68,701,115,107,74,124,108,36,1153,338,1250,107,188,621,42,510,580,98,535,262,179,169,122,175,65,192,200,231,209,99,52,761
1999,3,83,418,466,409,213,118,796,469,98,342,564,175,110,48,749,1310,690,402,451,842,26,1512,1296,27,95,147,154,325,130,160,70,353,152,599,693,62,81,240,701,74,202,291,249,225,137,604,335,72,282,65,116,43,628,858,760,271,330,1090,26,2407,992,71,60,195,134,405,59,94,73,135,681,54,84,175,53,71,669,566,313,126,120,525,557,63,403,125,116,52,728,1065,572,422,313,674,29,2315,1058,34,157,186,100,484,40,101,52,134,577,235,474,82,164,407
1999,4,43,169,309,215,66,62,137,128,56,87,617,111,77,33,358,495,245,132,227,454,24,946,301,35,72,61,54,368,34,130,183,256,110,312,142,32,103,179,248,44,308,211,344,72,54,144,160,70,81,40,71,34,171,578,223,188,412,443,23,405,489,45,62,65,53,310,34,148,194,88,143,32,109,277,36,43,109,190,200,66,58,126,173,50,74,42,63,33,146,679,211,108,439,423,24,419,670,44,67,68,51,336,31,105,109,129,209,100,309,33,94,206
1999,5,31,52,115,104,52,31,57,68,37,54,98,49,35,28,87,96,65,50,87,106,26,92,89,24,44,41,37,104,33,57,53,77,69,96,55,46,56,106,68,36,53,119,63,53,30,63,217,32,53,29,29,28,79,88,64,48,79,105,26,70,115,24,46,43,35,118,26,61,44,56,53,54,37,68,23,36,52,104,95,49,30,59,126,33,53,30,29,27,96,102,62,49,82,147,28,74,100,25,48,42,32,86,31,58,92,44,63,61,100,40,57,67
1999,6,28,34,46,41,38,31,41,115,29,37,47,30,29,25,47,62,44,34,41,68,23,54,44,25,28,32,27,41,27,44,38,41,40,41,37,28,28,35,52,26,35,45,62,34,27,43,47,31,34,25,32,26,39,57,44,31,40,53,24,52,49,25,27,33,28,43,29,43,39,31,36,25,32,34,25,26,34,45,38,34,30,42,83,28,38,27,27,26,41,54,44,31,43,53,25,47,46,25,30,32,28,41,26,45,35,30,39,34,43,28,32,48
1999,7,56,63,39,38,56,138,38,63,31,62,53,34,43,45,63,39,45,41,51,38,38,51,46,38,49,64,48,37,33,43,35,63,57,125,48,29,34,45,31,50,78,35,36,57,97,47,55,30,57,40,36,34,65,43,40,46,57,47,33,42,47,38,50,61,44,39,34,45,37,35,45,30,39,44,41,50,69,35,37,54,113,45,58,35,56,41,39,50,84,47,47,32,42,45,33,46,45,38,48,64,48,39,33,39,45,36,66,54,130,29,37,30
1999,8,51,102,40,81,140,199,55,68,34,49,95,39,46,155,94,174,69,97,144,51,62,39,116,40,210,157,192,79,84,41,40,125,67,184,120,45,79,56,58,47,71,39,79,128,149,44,61,33,39,75,45,253,67,152,65,95,128,77,67,40,109,44,198,143,145,79,66,33,39,34,127,44,52,64,63,44,78,40,126,134,152,42,56,37,40,76,48,153,111,117,68,92,83,50,70,38,90,40,233,105,174,60,72,55,34,38,103,57,168,57,54,55
1999,9,45,105,25,42,27,105,107,25,42,23,39,28,61,115,108,46,24,61,53,99,87,64,48,77,33,106,118,25,65,43,95,111,31,106,78,52,25,63,67,43,116,26,44,29,110,126,24,55,24,46,46,139,66,48,27,52,90,71,96,61,192,72,32,145,115,25,55,53,157,36,65,56,25,52,24,39,105,31,44,26,110,104,24,30,23,24,50,152,57,48,23,55,50,81,90,32,190,49,43,132,94,36,92,33,119,38,56,26,43,59,24,56
1999,10,27,27,29,44,25,36,48,71,39,30,39,44,43,55,90,395,25,41,121,44,25,38,118,89,41,220,29,111,30,37,90,26,58,28,150,66,23,35,29,27,26,30,56,25,53,93,88,36,34,31,39,62,183,280,23,44,117,50,23,32,26,128,54,136,28,109,36,31,88,38,147,78,22,32,107,27,31,27,38,25,38,70,41,67,36,47,39,75,91,267,24,34,94,38,26,68,27,105,46,118,31,113,32,61,115,38,25,64,28,63,23,33
1999,11,78,34,52,80,24,146,142,80,110,31,51,22,39,32,110,33,81,160,55,89,65,34,52,84,26,523,56,27,23,23,74,138,108,44,44,62,46,34,78,62,37,49,126,23,149,84,97,67,31,54,43,33,59,37,87,288,55,79,48,34,33,92,26,371,51,25,22,24,92,89,45,54,52,27,134,42,46,41,111,24,220,115,119,100,26,28,43,34,82,35,49,248,42,76,55,29,43,94,25,300,42,27,29,24,104,54,218,84,53,57,48,68
1999,12,152,44,23,73,70,184,31,60,86,30,295,271,156,45,39,103,50,172,45,27,50,93,265,78,72,117,96,25,40,109,201,164,110,173,610,478,150,78,80,144,41,22,30,63,175,30,79,119,26,136,135,39,44,119,38,73,43,30,58,79,310,70,62,260,122,25,80,65,183,29,839,277,212,64,42,176,54,24,55,56,173,31,79,138,30,104,170,53,55,92,70,67,52,26,50,124,314,61,66,213,86,26,58,90,221,53,92,145,172,257,120,128
2000,1,98,339,202,227,26,56,245,110,253,53,78,97,349,207,294,78,67,67,76,113,40,34,193,303,50,417,62,25,129,37,262,50,49,106,583,76,76,213,890,97,166,233,262,33,67,201,99,245,71,222,424,232,302,167,67,66,75,124,34,95,209,164,41,238,44,24,36,512,234,27,537,202,42,89,36,97,415,203,270,38,63,248,97,283,43,218,313,334,320,121,61,69,77,116,43,30,133,335,44,182,77,25,224,43,123,138,61,53,291,689,275,44
2000,2,154,95,109,63,174,69,74,148,381,42,100,88,275,48,242,369,203,142,39,207,372,100,197,230,35,2213,77,127,469,106,183,65,122,314,502,155,51,115,418,182,395,105,90,147,126,86,121,198,39,112,167,54,218,393,189,293,34,186,399,70,198,484,36,733,81,108,61,220,881,192,474,195,70,32,35,104,82,107,81,111,80,65,128,308,55,155,197,79,181,468,234,232,31,177,275,79,399,196,32,1380,70,70,129,28,450,168,61,56,146,1363,64,260
2000,3,619,147,284,133,111,107,344,132,445,73,379,103,260,80,379,217,120,215,308,222,86,32,665,181,40,689,40,292,366,42,97,280,222,233,1001,126,80,68,1325,288,173,368,100,108,92,150,127,607,91,147,203,90,237,248,112,136,343,224,84,34,443,185,34,1814,39,277,77,418,1841,60,1326,143,175,111,217,417,195,434,136,145,91,230,172,633,119,106,450,145,257,246,95,135,435,323,173,32,532,212,35,1310,45,346,149,57,200,276,124,67,295,814,188,66
2000,4,130,63,278,45,34,53,210,89,407,49,256,120,120,38,438,97,92,156,121,145,58,29,314,62,32,147,53,222,123,30,61,71,158,91,251,146,168,42,521,203,80,201,51,35,54,212,96,673,37,58,139,38,416,87,85,121,67,119,61,29,217,62,34,273,48,213,29,104,1669,66,1171,71,72,29,82,230,65,227,55,34,49,145,99,578,37,65,95,63,335,92,74,116,68,121,69,28,168,64,35,147,39,222,109,26,75,225,68,33,83,257,64,42
2000,5,52,56,55,32,31,35,88,50,163,25,53,104,47,31,169,61,38,49,39,66,39,25,82,45,26,87,57,70,58,32,46,37,56,44,67,46,46,40,82,53,61,51,33,29,40,104,51,95,31,41,45,31,202,68,36,45,37,48,40,25,70,43,26,81,52,92,60,49,128,32,95,60,44,25,46,53,46,52,34,30,36,81,46,109,29,34,49,36,185,64,37,52,38,61,40,25,71,43,26,80,53,51,173,29,48,69,36,30,44,94,37,30
2000,6,35,30,33,26,25,28,44,30,49,25,35,34,34,25,48,41,27,31,29,34,28,24,44,29,23,70,41,37,37,26,28,49,34,30,44,32,32,27,48,34,37,33,25,30,30,41,30,44,23,27,34,25,45,75,27,31,27,58,33,23,38,30,23,109,32,35,33,38,50,25,86,35,28,30,27,34,32,33,26,25,30,47,33,46,25,27,33,32,45,74,27,31,27,33,33,25,38,30,23,68,47,35,36,25,37,47,62,27,31,39,30,27
2000,7,64,36,63,55,39,48,33,29,53,29,50,343,58,61,99,64,58,47,39,36,72,42,49,41,36,62,89,41,48,59,50,191,41,40,98,44,221,29,48,69,34,46,50,45,44,38,29,53,34,30,55,75,106,50,54,34,52,43,65,43,58,42,33,56,99,37,77,56,91,75,88,57,83,54,51,56,35,62,49,45,43,37,31,46,36,32,55,40,109,57,52,39,46,38,77,48,54,42,37,68,77,37,94,61,27,56,38,46,61,48,31,52
2000,8,197,68,67,67,77,101,70,40,37,146,48,48,248,45,81,124,84,92,63,48,111,120,57,102,70,125,109,66,60,158,64,153,98,76,100,98,140,36,64,208,66,97,81,59,77,66,40,39,119,56,228,42,83,134,68,75,70,46,150,148,82,115,62,110,121,55,111,44,61,155,69,107,118,54,66,176,73,59,103,69,103,59,41,41,121,54,217,31,80,117,72,74,69,45,110,117,92,82,51,102,100,63,176,99,98,80,39,77,89,105,65,99
2000,9,102,235,131,92,32,37,67,27,26,71,42,32,158,38,72,180,26,33,24,30,26,30,77,72,39,26,97,1856,34,233,26,53,57,38,97,77,72,26,50,72,188,147,109,55,111,54,25,25,85,53,150,31,71,121,37,29,44,33,29,32,43,94,54,27,98,762,74,28,79,93,26,152,76,74,254,119,266,111,73,46,99,55,24,26,101,46,103,28,93,130,28,48,24,35,27,28,65,174,47,48,78,1776,28,60,34,34,29,57,125,127,23,26
2000,10,628,66,43,51,73,71,26,23,80,63,69,1459,31,271,42,571,164,23,25,259,23,26,63,54,27,36,27,150,65,39,38,75,29,33,54,57,101,23,59,764,72,35,46,52,27,26,23,65,57,35,40,189,42,525,168,23,28,248,23,26,39,25,27,34,26,461,54,46,44,147,33,66,37,255,55,547,75,49,33,53,29,24,23,68,55,81,41,1861,36,487,207,23,26,241,23,30,39,27,24,37,29,245,49,60,54,45,35,32,29,191,45,26
2000,11,274,64,23,40,45,93,24,167,33,127,109,99,206,64,39,68,75,174,41,84,23,23,49,27,22,28,29,137,26,28,81,264,25,76,74,165,72,33,76,208,74,24,40,38,133,23,123,29,132,104,196,152,51,68,110,161,74,86,24,23,50,27,22,25,33,104,167,26,33,79,230,84,46,229,51,353,50,24,29,61,79,24,184,36,153,135,218,116,30,81,105,138,53,107,24,23,51,32,25,24,42,97,32,54,58,39,83,62,89,100,56,35
2000,12,487,46,90,82,50,132,23,49,28,40,119,130,210,195,31,54,71,33,363,203,23,23,38,87,42,34,37,68,73,26,32,131,43,44,62,712,38,27,132,196,46,86,101,57,72,22,113,31,38,139,261,169,31,56,55,32,314,247,23,23,61,90,121,32,27,91,137,140,25,88,391,116,24,132,106,351,49,111,99,51,174,22,45,31,34,50,111,172,35,58,58,48,382,275,23,23,59,74,59,33,25,87,26,126,160,436,43,217,49,397,49,41
2001,1,342,195,62,133,227,54,42,145,168,325,162,403,447,170,29,54,144,43,77,161,194,25,33,212,65,45,112,102,82,26,100,136,28,162,132,207,35,22,65,766,697,150,307,38,39,84,330,47,873,75,405,85,27,45,67,66,73,244,178,23,226,83,37,174,41,285,56,203,1030,252,282,51,36,160,49,985,221,88,222,81,857,30,90,82,520,60,195,212,104,235,76,67,80,268,197,22,46,111,94,55,116,97,89,87,287,474,265,61,195,2457,27,34
2001,2,1579,96,67,267,109,72,29,142,112,1438,445,229,666,232,60,73,57,121,121,466,92,93,215,60,33,119,79,144,41,215,162,238,74,150,47,293,59,86,49,807,222,238,177,76,56,57,236,141,1013,38,1008,113,54,99,116,86,147,527,48,23,157,234,69,111,107,177,215,328,430,305,355,252,108,937,93,590,635,36,341,73,618,67,57,49,681,38,293,1190,45,503,79,130,182,645,298,58,52,110,72,168,73,199,89,76,88,1131,93,65,57,2149,68,37
2001,3,700,219,64,321,103,71,56,130,183,483,326,216,1757,262,106,108,83,138,347,595,79,244,638,47,74,336,220,113,28,37,330,587,66,54,36,194,188,74,107,624,426,344,831,349,111,27,139,107,522,39,2407,76,77,97,100,70,282,1181,162,1166,299,291,54,46,35,81,599,160,381,590,1048,903,113,1862,404,1471,74,48,299,185,1308,27,40,272,516,44,451,1834,73,383,160,47,1500,1893,307,321,54,100,101,80,83,90,126,128,68,863,174,252,229,1574,129,74
2001,4,199,174,34,232,102,36,45,71,60,110,87,61,237,116,38,60,82,70,214,499,36,38,94,46,44,69,58,60,26,55,122,389,73,67,36,76,124,48,44,238,2114,264,205,67,38,26,57,69,291,40,381,45,39,43,47,73,81,1272,43,374,143,92,40,34,28,132,127,87,81,292,177,382,44,172,130,483,64,35,212,68,1061,23,33,134,152,36,138,1640,67,101,84,85,1086,753,150,80,46,38,32,37,44,45,45,54,52,284,118,209,70,312,171,28
2001,5,211,50,52,100,37,28,25,40,35,55,46,42,60,51,27,33,33,67,51,77,29,35,48,44,35,39,36,38,26,29,91,76,27,44,28,52,42,32,31,83,210,113,64,55,28,26,40,31,60,26,63,34,28,32,31,30,54,167,31,192,47,44,45,28,26,74,115,50,47,86,60,71,31,60,54,73,33,25,54,39,79,22,28,60,60,25,51,118,30,98,39,32,163,76,49,38,26,33,26,28,33,36,44,47,37,77,56,53,48,77,134,28
2001,6,59,32,25,38,27,25,24,27,28,36,33,30,41,33,25,28,31,28,45,43,32,25,44,28,23,32,29,31,24,26,51,42,26,28,28,34,28,24,26,41,65,37,77,28,24,23,31,30,37,24,39,26,43,26,35,25,32,51,25,52,33,49,24,26,23,36,40,31,39,40,38,43,28,39,53,43,28,26,32,27,44,24,33,30,34,23,35,49,25,35,29,27,57,62,34,28,24,44,25,25,25,29,25,26,29,42,30,34,28,60,30,24
2001,7,34,57,46,50,50,29,31,52,34,48,40,46,43,43,25,58,33,41,57,44,43,26,50,51,58,36,104,59,41,47,45,40,26,47,29,49,31,94,29,47,59,72,62,60,30,57,35,49,42,38,37,35,71,59,81,45,54,50,69,53,39,72,36,35,79,53,61,58,42,50,56,49,30,39,29,68,64,63,50,45,47,47,42,82,29,41,46,63,73,51,43,415,44,43,35,56,25,38,33,29,49,75,29,71,41,66,54,42,127,44,31,65
2001,8,32,80,71,541,68,32,62,40,161,182,38,27,112,88,40,79,189,75,55,97,175,38,35,37,652,67,82,46,43,64,77,72,49,97,49,61,32,107,39,85,94,253,302,45,47,61,49,65,162,96,124,106,72,152,64,44,40,42,181,55,130,110,34,52,261,55,144,73,57,108,62,41,31,72,61,71,61,178,51,63,38,55,195,89,31,116,136,69,81,91,37,238,44,73,46,80,62,292,48,99,95,59,74,87,92,67,172,71,322,122,129,91
2001,9,25,53,98,108,54,37,115,30,81,129,63,24,77,37,48,204,204,47,77,27,41,37,24,37,75,27,71,24,42,25,29,30,26,86,41,110,30,38,42,25,42,28,125,32,30,23,36,26,85,55,66,43,42,33,154,38,28,113,97,51,66,236,34,40,241,45,60,59,23,194,40,30,23,63,130,91,44,188,170,29,44,38,78,26,73,48,58,48,37,60,24,271,86,84,61,210,23,117,37,86,41,35,26,42,42,32,103,107,81,26,81,60
2001,10,69,36,215,52,36,23,95,36,82,93,42,23,92,106,38,66,47,28,25,23,24,31,55,36,38,23,53,56,24,28,40,36,33,1489,216,31,34,39,30,23,32,29,60,34,24,62,47,34,32,30,41,37,40,96,28,54,31,185,110,80,41,41,27,42,48,127,62,26,36,75,85,47,139,71,174,77,206,103,77,24,276,76,55,61,42,31,32,46,347,49,80,60,36,150,27,110,71,46,23,44,27,141,34,23,64,29,132,27,33,46,39,44
2001,11,140,31,113,158,27,29,25,31,274,165,59,40,86,87,53,81,108,316,63,26,50,93,53,32,31,26,43,30,113,25,66,46,73,199,103,389,59,60,41,54,34,31,127,53,303,49,86,78,59,41,148,61,53,39,95,24,41,73,30,59,97,51,27,24,40,147,39,79,22,95,30,57,90,232,85,25,185,47,70,22,72,25,49,51,65,35,137,100,126,107,51,273,46,502,132,539,45,158,23,29,61,273,94,33,29,34,42,25,81,116,62,35
2001,12,62,66,41,252,285,31,55,103,172,43,426,451,65,90,105,45,134,80,24,25,444,166,65,42,143,35,599,508,74,102,403,33,50,109,56,119,37,131,86,29,25,51,121,41,37,150,38,39,73,1255,63,55,24,81,2093,35,77,33,35,204,127,47,77,41,32,65,36,65,22,59,108,44,789,54,260,39,344,44,111,27,108,32,27,53,67,585,74,191,56,43,27,459,35,61,59,135,29,116,34,33,113,259,180,23,65,40,349,26,33,390,38,140
2002,1,252,232,63,124,2407,61,68,191,234,47,321,52,38,202,155,197,290,176,26,27,321,93,151,57,166,139,268,157,576,143,132,156,79,223,302,2308,32,200,144,122,38,107,402,39,101,83,1187,93,42,75,110,43,62,47,316,58,328,73,51,265,178,151,392,58,106,85,26,95,24,45,751,106,332,44,683,137,980,58,315,34,58,526,195,234,235,155,170,234,88,204,26,909,33,56,160,233,226,83,75,40,166,124,1151,23,763,23,652,71,176,275,132,200
2002,2,221,311,71,96,1979,193,244,87,250,138,605,75,38,96,89,566,396,115,67,29,336,216,46,37,378,36,930,1205,365,345,249,67,140,1150,70,2331,139,116,83,83,64,300,1662,84,280,62,1164,44,74,171,161,149,90,77,468,685,555,239,72,128,182,64,108,63,62,299,89,433,36,36,788,285,133,67,1765,984,541,119,189,39,81,386,230,278,95,147,110,169,75,167,101,991,24,135,210,199,106,192,31,159,111,370,1998,171,623,73,1676,66,637,250,145,113
2002,3,140,285,140,214,2730,46,668,58,886,196,1052,115,107,91,93,275,644,189,273,50,313,185,230,68,340,45,390,621,417,123,147,133,194,1139,186,834,63,99,38,33,32,899,1238,42,110,108,517,71,72,98,141,163,97,82,319,287,154,61,84,291,281,150,94,77,39,308,261,186,40,124,1878,85,77,194,4106,210,871,365,443,42,119,123,64,168,211,128,85,158,184,227,133,984,73,192,291,925,166,122,73,39,115,1889,272,156,467,24,1737,54,251,170,584,324
2002,4,141,155,71,122,607,39,169,66,318,272,378,42,71,70,81,112,246,87,162,31,181,73,313,57,114,30,153,322,252,68,138,42,41,126,147,628,54,46,47,64,24,184,488,30,62,45,308,31,65,73,51,101,160,108,136,130,64,62,98,248,114,327,51,49,36,321,97,145,44,87,715,54,73,61,1768,106,233,382,167,26,49,67,44,81,150,80,50,66,241,166,82,371,32,66,117,638,71,50,39,38,107,899,89,68,107,24,277,63,82,78,1317,430
2002,5,55,61,66,47,148,29,49,36,87,101,66,35,34,36,49,47,111,42,49,23,73,54,117,57,49,25,85,322,72,49,56,33,32,59,47,176,30,94,27,28,26,63,72,24,36,31,128,25,38,38,36,36,49,32,58,52,44,32,34,92,48,154,35,37,37,78,48,56,35,30,77,150,48,34,127,61,58,74,74,23,31,38,43,44,46,43,37,40,50,58,35,70,28,41,55,100,68,43,26,30,86,107,56,38,67,27,71,48,44,49,168,110
2002,6,38,55,31,31,56,25,33,27,41,69,41,25,26,27,29,37,46,30,30,22,43,32,38,42,37,24,53,52,39,29,32,27,26,36,36,50,25,44,29,25,23,39,47,28,28,25,42,23,28,31,29,30,30,25,43,36,30,27,26,46,37,39,27,24,26,42,28,32,22,32,50,46,32,27,147,35,57,36,38,27,26,28,30,30,30,33,27,34,33,34,26,46,25,33,36,48,29,29,23,24,33,50,35,26,45,35,45,28,37,63,50,74
2002,7,45,56,48,29,69,33,39,56,38,80,59,58,32,41,57,47,69,40,49,54,108,39,49,54,38,29,74,72,60,45,50,49,65,76,44,105,75,89,26,45,194,85,55,34,39,77,61,36,25,75,27,38,47,49,54,47,42,43,34,49,28,73,39,42,32,45,42,38,64,45,59,48,73,33,102,66,47,43,71,30,60,57,41,45,64,90,46,165,32,57,30,51,50,35,53,33,53,27,50,34,65,48,179,61,53,71,68,63,43,273,41,50
2002,8,38,139,42,58,48,66,50,40,98,100,53,55,105,119,54,246,53,93,99,45,102,46,46,142,32,41,103,97,204,79,108,53,93,67,105,119,179,40,34,96,136,200,87,42,48,120,121,878,66,117,39,67,290,81,160,50,46,46,80,39,29,126,75,91,68,40,42,80,105,94,63,69,79,30,114,49,71,97,80,45,401,73,106,135,58,134,44,172,62,131,118,44,53,133,44,41,95,47,48,79,139,48,138,498,81,126,102,96,119,281,40,72
2002,9,25,35,52,52,70,60,24,37,76,40,75,32,27,93,45,62,25,98,132,47,123,28,39,68,70,43,119,45,63,79,36,53,76,36,105,65,29,26,26,131,54,118,60,31,25,30,124,286,32,24,37,26,95,92,33,48,27,30,61,30,23,78,40,73,46,45,33,116,27,58,59,193,70,30,129,24,66,29,93,36,102,72,25,40,40,25,68,89,60,28,168,33,52,210,64,51,61,25,153,120,28,82,174,110,74,58,27,165,64,47,35,29
2002,10,34,57,26,50,78,90,23,23,85,52,24,331,52,37,70,55,59,27,66,22,26,24,85,78,34,169,30,26,234,36,72,26,86,49,71,38,1735,26,31,72,25,38,121,28,36,30,29,69,23,36,24,58,169,32,126,56,32,23,24,51,58,34,145,45,26,86,32,40,30,54,25,39,58,92,43,24,52,54,45,43,75,40,29,35,92,34,139,29,41,26,36,24,40,153,96,35,64,22,134,180,26,25,57,38,46,132,78,28,169,856,86,28
2002,11,151,29,57,23,61,84,54,53,26,40,33,573,82,82,49,42,40,58,544,26,25,23,198,64,132,263,25,23,83,54,146,49,132,29,121,42,65,231,101,199,143,42,68,47,54,27,34,38,89,29,40,32,57,38,131,44,41,115,27,23,34,32,91,67,43,35,39,76,247,609,33,25,42,59,92,58,31,121,63,85,143,35,32,191,111,39,34,26,61,31,45,28,23,140,343,78,29,45,132,103,51,33,88,35,262,51,224,35,38,89,25,27
2002,12,40,162,60,331,206,130,112,505,25,74,117,249,63,235,58,130,44,119,234,177,492,29,40,27,84,72,39,38,59,91,248,54,61,46,83,101,43,925,67,288,296,87,95,100,31,32,28,222,66,44,35,34,54,178,57,266,44,32,145,166,24,34,76,25,24,26,22,143,318,368,119,25,25,34,51,58,208,59,29,202,43,42,26,75,142,42,61,27,58,86,41,30,43,42,142,109,24,28,65,189,29,361,99,129,43,60,74,55,29,161,177,26
2003,1,66,76,104,80,50,225,102,553,80,37,374,223,100,65,29,209,591,135,197,144,748,22,91,154,179,73,110,148,158,98,202,35,133,43,218,119,56,350,758,210,413,295,43,54,188,120,29,104,508,33,29,30,201,230,106,1570,58,44,97,119,117,52,151,197,73,52,43,601,806,330,167,181,167,152,79,106,151,207,135,67,129,84,24,482,104,44,112,75,220,39,94,65,30,96,90,56,49,196,56,439,42,90,127,238,49,371,51,219,99,561,62,228
2003,2,168,51,51,273,47,192,58,1065,151,32,74,403,441,67,76,909,148,162,203,59,1110,171,57,131,62,115,141,148,69,47,320,82,66,38,231,88,115,1765,715,459,306,112,45,327,77,122,37,342,383,80,69,23,337,312,176,629,403,149,79,210,36,32,86,276,52,95,97,1339,271,237,90,174,179,160,236,131,131,325,298,59,132,83,26,617,166,92,65,90,43,60,104,106,114,121,194,48,24,123,187,223,157,131,113,154,83,295,111,289,78,1461,56,785
2003,3,423,47,48,290,146,183,72,920,98,42,64,481,163,105,223,1168,226,96,159,106,1238,161,52,171,175,94,69,73,55,32,152,70,65,31,393,52,48,2676,1831,354,914,342,32,100,58,36,71,253,233,283,77,44,436,335,274,467,124,117,37,128,27,31,81,439,26,218,47,905,197,821,207,165,135,56,218,57,374,129,142,70,97,33,56,443,230,205,44,113,49,77,189,43,39,224,783,184,33,173,80,300,471,270,194,89,220,260,120,197,32,807,73,490
2003,4,140,37,55,129,43,66,48,544,45,30,40,150,65,155,54,999,157,89,87,101,429,57,48,60,95,71,52,38,43,32,70,42,73,60,334,35,38,394,590,152,381,696,27,85,36,39,56,95,103,53,53,54,102,163,251,212,79,37,34,107,25,28,35,119,119,128,29,258,470,178,78,47,75,37,652,34,189,159,136,122,53,28,26,268,114,43,79,38,80,32,175,40,28,77,404,46,23,236,43,385,254,198,142,53,59,98,98,85,51,209,53,193
2003,5,58,27,26,56,32,39,28,114,33,24,30,54,42,45,39,98,49,111,80,35,118,31,28,34,46,39,38,29,29,27,43,25,59,65,69,30,30,69,85,55,72,265,25,40,28,28,78,84,58,34,25,29,57,55,70,73,43,28,32,47,24,24,29,51,34,46,27,94,72,64,55,37,88,30,98,28,56,66,44,42,39,28,23,64,131,36,44,30,35,43,62,44,25,40,86,31,23,68,31,79,61,55,71,31,34,50,36,44,26,100,67,64
2003,6,36,26,25,34,29,29,36,47,31,25,25,35,29,29,30,52,32,50,36,32,44,28,26,26,31,30,25,25,27,23,31,25,34,59,53,24,27,43,50,39,175,46,26,38,24,24,25,34,37,26,25,23,39,34,40,45,29,29,31,39,54,28,25,34,25,29,25,49,46,40,34,28,46,76,43,25,35,53,29,31,28,26,23,39,39,25,28,25,26,24,35,24,25,28,44,26,24,36,30,42,34,44,65,25,28,33,28,31,25,44,63,39
2003,7,39,39,40,46,32,45,52,37,207,39,43,49,41,40,34,62,40,75,35,34,49,36,41,47,27,41,45,52,49,34,52,39,44,37,50,31,38,57,44,36,117,81,52,38,39,49,79,66,54,44,45,30,32,39,70,67,38,38,59,76,39,74,51,29,41,34,42,67,82,63,42,51,36,44,45,30,50,67,53,37,33,64,30,39,57,43,55,61,45,37,49,65,48,58,48,39,48,49,45,41,43,75,62,40,95,44,45,177,33,64,77,43
2003,8,62,87,46,74,49,72,66,138,104,84,45,112,100,65,33,341,66,212,43,42,44,81,127,151,33,65,47,57,109,87,130,62,76,100,116,54,89,28,67,50,45,59,64,47,64,47,43,223,37,57,62,31,36,38,109,92,43,186,31,108,82,38,41,67,77,54,129,100,81,55,77,134,52,93,53,48,64,95,60,56,42,143,39,79,103,58,56,89,46,51,73,244,53,99,42,118,71,27,55,52,40,90,67,154,288,106,81,86,70,106,67,52
2003,9,79,138,75,37,268,87,35,67,143,48,37,90,60,26,44,144,23,41,29,39,56,220,106,57,36,45,30,62,42,83,28,67,64,71,101,39,114,29,67,49,29,198,31,26,90,102,43,134,67,37,31,35,37,36,30,67,36,76,55,33,27,22,23,66,50,29,58,103,27,57,85,70,59,24,50,31,35,113,25,47,24,117,45,42,48,31,30,33,55,68,38,43,50,483,30,89,101,23,27,35,33,70,162,61,72,72,28,265,99,323,36,27
2003,10,51,161,40,27,71,300,39,50,31,132,64,41,26,44,25,30,24,67,23,74,43,55,58,25,26,103,148,76,42,58,60,294,52,616,25,87,65,56,71,29,24,53,35,90,38,79,24,338,28,59,30,27,23,117,24,25,23,26,84,23,60,22,24,23,23,23,30,46,66,28,64,38,50,26,128,47,99,28,23,48,43,58,53,62,147,55,85,34,29,62,51,55,23,535,23,43,86,69,92,43,123,32,364,27,48,24,24,39,749,58,27,27
2003,11,328,127,53,67,39,130,88,99,37,146,61,53,24,51,22,64,38,51,28,140,24,90,167,37,54,40,117,48,57,32,447,33,25,699,64,33,47,50,123,23,23,50,25,81,65,129,26,126,40,65,49,31,43,26,43,37,22,354,101,38,23,46,65,54,22,36,50,65,170,28,54,70,57,98,45,38,54,103,33,165,283,35,104,97,32,69,43,25,38,34,69,25,33,128,23,356,60,81,31,32,62,130,251,213,39,44,24,35,87,88,30,37
2003,12,386,249,27,23,31,71,26,98,47,41,38,213,41,999,22,122,69,185,84,51,31,219,105,31,94,50,38,139,254,427,288,36,67,193,153,35,35,417,49,22,90,128,66,124,114,38,44,795,64,528,28,21,57,60,99,30,56,47,33,182,32,145,39,45,103,53,39,76,43,32,59,104,191,31,27,30,26,65,70,202,58,44,32,30,224,333,38,129,24,31,190,31,122,170,41,51,314,44,62,214,58,79,404,43,30,27,25,45,97,39,73,709
2004,1,349,128,45,51,100,51,31,87,182,59,25,96,84,68,104,148,27,133,57,101,113,82,1633,87,560,51,43,83,60,131,348,36,67,1419,134,71,129,118,60,36,63,202,30,48,184,57,46,865,32,461,26,49,162,180,78,29,93,116,46,138,25,430,108,48,237,31,33,76,82,58,136,63,395,59,367,35,30,47,200,402,81,41,132,189,60,852,70,57,31,38,158,59,317,141,30,263,140,64,228,179,32,84,290,329,166,127,30,74,86,232,39,3171
2004,2,1077,164,64,58,87,131,193,87,228,59,74,205,212,739,395,398,79,161,240,181,341,100,1188,241,317,130,76,141,114,603,787,40,690,1290,118,60,481,143,114,53,46,166,48,125,119,153,181,2519,26,774,70,44,72,541,655,24,68,287,174,127,24,182,51,77,332,42,189,88,261,87,363,64,155,86,70,34,27,108,38,146,75,32,76,146,44,308,621,59,36,111,89,300,666,203,31,299,224,145,98,292,63,176,409,334,465,145,60,481,72,183,39,1696
2004,3,2810,102,28,31,79,80,53,73,113,330,31,113,90,1977,422,575,145,364,54,69,57,320,2064,157,430,92,823,723,119,188,185,45,242,269,434,64,1106,464,59,130,46,259,28,86,75,97,42,1525,26,198,192,54,51,271,265,22,248,249,98,197,22,1098,171,48,418,29,236,36,420,56,746,61,114,165,106,38,25,204,163,78,292,45,331,313,42,171,213,70,58,122,61,123,610,305,43,660,85,132,351,277,37,67,322,251,61,38,65,116,69,209,231,519
2004,4,1497,53,30,29,32,49,32,46,78,130,33,66,38,1157,407,120,125,117,236,61,42,322,598,134,225,36,183,304,54,64,74,41,78,76,184,33,516,104,34,120,32,92,29,59,47,63,34,1669,24,64,32,25,88,129,88,22,44,90,86,122,22,928,36,29,164,62,206,32,117,40,346,36,88,40,55,22,26,51,70,89,309,33,69,340,32,77,75,112,39,46,42,48,239,122,35,86,49,49,88,161,34,47,127,84,52,48,56,66,83,109,100,442
2004,5,101,37,24,23,26,41,28,29,37,72,26,58,29,147,69,50,38,45,68,34,35,54,129,43,105,33,73,70,39,43,49,25,42,56,60,27,72,59,28,44,25,44,25,38,32,33,28,123,23,43,30,23,35,52,55,23,38,45,56,110,22,76,29,26,69,25,78,27,53,30,88,36,48,141,35,22,45,36,32,42,61,27,38,74,26,57,40,44,40,32,41,33,66,56,32,50,35,37,47,53,25,43,57,51,41,28,35,38,39,51,51,458
2004,6,52,34,23,23,24,27,29,25,29,31,23,29,31,68,40,36,26,31,63,26,25,37,51,31,56,31,39,42,28,31,31,24,34,55,40,24,42,44,24,31,26,29,29,27,26,28,24,77,22,29,42,21,29,48,108,23,25,34,34,46,21,43,27,26,37,24,32,61,32,31,58,25,34,32,27,22,23,30,27,34,35,28,29,42,31,38,29,32,24,25,30,35,42,40,27,80,27,27,43,35,27,27,35,35,36,45,23,28,50,33,27,60
2004,7,55,25,58,42,37,37,27,31,57,58,36,47,51,39,29,55,30,43,58,34,27,55,49,35,53,46,32,37,191,103,53,29,42,64,423,43,40,39,39,71,40,68,30,41,44,72,29,42,70,36,67,26,46,63,61,43,45,38,29,51,39,33,39,69,33,72,42,46,39,35,64,63,68,44,51,34,28,86,84,36,259,29,54,37,36,27,35,44,52,48,43,38,47,53,45,39,51,28,45,65,30,37,80,36,44,82,44,28,49,57,39,44
2004,8,96,42,78,75,63,87,39,89,101,101,46,39,36,111,37,112,33,38,55,52,49,34,186,107,93,95,42,67,214,62,192,66,83,120,115,56,35,97,37,83,75,103,32,40,106,66,39,74,144,100,35,77,40,86,65,55,79,69,76,79,55,179,63,112,97,68,107,60,56,57,100,73,89,71,101,92,33,54,67,58,153,33,40,108,132,75,69,36,112,132,90,137,44,93,64,296,58,50,96,141,40,112,122,128,76,100,50,32,88,103,43,70
2004,9,64,77,237,96,34,124,37,148,64,82,25,34,29,63,51,73,30,60,45,33,52,42,111,66,106,59,23,26,37,41,26,48,105,51,82,44,26,237,23,123,31,102,66,32,30,75,31,165,86,32,41,23,39,44,25,46,76,112,40,39,53,46,36,76,157,105,38,84,23,23,71,38,58,23,32,116,72,180,86,71,57,23,23,26,40,32,72,25,102,260,102,149,31,35,46,63,46,36,83,42,65,26,123,64,54,107,27,24,56,58,76,133
2004,10,125,41,51,115,42,30,110,43,96,51,23,73,27,44,113,57,63,66,35,39,23,24,30,35,121,136,42,57,37,24,49,30,79,27,97,24,29,58,34,102,46,48,97,61,51,25,22,70,74,23,25,71,36,272,64,21,128,195,68,48,23,52,34,296,41,25,86,41,49,24,28,38,38,33,60,27,33,74,286,29,45,38,26,24,24,41,38,23,75,37,39,90,56,30,39,35,40,56,24,98,74,36,63,33,24,32,45,28,38,23,28,25
2004,11,60,71,33,32,26,89,64,54,25,186,70,275,47,148,66,26,53,105,716,206,25,42,176,49,68,54,30,59,50,49,36,73,24,507,70,22,27,84,68,175,23,42,212,109,69,27,58,27,75,23,54,21,37,100,99,30,105,56,25,122,41,35,361,153,55,392,125,77,41,34,112,37,111,115,37,58,353,27,191,65,123,78,51,34,52,23,261,25,40,50,27,57,69,51,126,428,103,171,731,26,73,28,103,35,71,40,48,40,137,59,23,66
2004,12,55,52,134,854,25,194,319,50,26,60,483,249,479,158,68,64,65,69,141,141,55,309,55,70,105,123,360,46,49,58,55,31,144,82,566,22,29,154,114,52,257,65,47,145,43,216,47,45,169,31,151,49,40,90,43,53,205,460,46,39,46,25,365,96,33,189,42,275,24,52,80,34,50,64,24,655,286,30,72,186,161,252,22,37,26,42,202,150,31,34,49,160,98,263,97,85,196,487,120,102,163,23,168,79,66,35,54,107,166,85,63,26
2005,1,62,47,375,97,81,742,506,54,39,71,48,104,304,318,102,30,154,47,439,187,123,89,215,66,42,889,139,82,27,67,222,52,394,184,358,24,87,402,48,43,105,29,40,92,248,164,78,518,44,108,193,86,25,151,149,24,95,413,60,48,137,24,436,466,121,935,96,197,27,116,66,107,41,249,25,516,181,228,99,109,200,111,23,36,61,50,154,358,97,107,222,78,43,215,52,196,91,306,57,105,233,125,51,67,42,143,40,123,188,82,79,28
2005,2,109,150,353,105,94,960,575,70,31,53,73,117,763,189,107,120,89,236,485,264,202,196,150,48,140,2029,646,30,1192,54,198,437,217,85,420,76,165,1473,97,102,248,44,35,77,374,366,33,438,55,68,379,32,106,159,158,68,419,1104,94,49,81,26,346,192,181,1153,103,411,125,50,88,92,979,1090,80,422,80,275,95,89,244,186,70,135,115,31,77,141,103,67,238,205,40,189,351,509,389,250,134,192,106,152,150,40,167,156,98,153,340,65,54,80
2005,3,55,84,371,863,48,720,324,57,55,44,137,81,326,151,109,41,63,64,949,560,155,87,257,205,75,1376,672,41,128,120,243,107,1173,144,1005,236,106,1634,177,195,103,132,43,87,128,560,58,700,109,151,723,52,114,294,93,29,347,1978,38,30,38,25,474,306,130,743,141,202,28,66,276,245,601,1819,100,594,84,641,154,116,146,106,41,114,50,582,206,747,43,203,112,416,196,471,1016,270,585,170,57,285,148,353,362,57,155,89,61,47,99,80,110,36
2005,4,31,146,94,347,40,243,146,68,28,30,51,46,90,77,68,33,55,51,393,337,147,137,71,51,37,299,376,27,64,82,175,53,314,62,889,53,175,297,52,48,119,170,31,49,117,287,77,337,59,47,248,32,54,126,50,29,220,1402,31,47,33,24,149,260,51,149,84,155,27,72,69,196,518,486,29,88,66,205,107,97,98,69,24,44,30,87,66,339,30,65,50,136,89,249,1068,97,457,64,46,256,65,333,121,30,69,49,38,69,63,42,31,34
2005,5,29,58,53,214,29,70,58,29,24,26,35,36,52,49,34,35,34,31,77,95,48,48,45,38,32,69,91,26,40,31,123,46,75,55,138,35,80,79,33,32,60,70,27,31,63,60,46,274,68,32,69,24,30,41,48,23,58,171,34,26,28,22,67,59,34,56,36,62,26,28,38,100,430,98,26,52,35,66,118,40,41,42,26,30,25,48,44,72,26,35,39,59,42,70,82,49,97,49,38,342,39,64,51,29,42,32,32,31,64,27,29,24
2005,6,27,30,35,48,24,77,36,27,24,24,26,27,39,35,36,24,66,25,58,42,30,33,38,27,41,41,42,24,31,33,37,83,41,40,57,24,32,49,29,29,37,31,24,31,33,41,25,145,44,24,40,23,24,29,31,22,39,58,35,23,73,22,43,40,28,40,27,37,27,26,28,34,58,57,23,36,27,37,107,30,30,34,23,32,23,31,31,47,24,27,28,34,31,85,49,36,48,31,27,122,29,36,33,24,30,28,25,32,40,25,24,26
2005,7,77,59,51,49,33,73,45,32,49,43,27,38,44,41,43,56,54,43,71,42,41,37,53,42,59,31,44,61,58,83,48,69,33,39,59,44,32,54,56,38,51,37,78,50,30,68,96,63,45,39,46,34,45,45,66,28,50,43,52,35,42,54,40,73,37,43,32,43,37,43,43,38,71,40,46,34,50,42,78,39,120,61,52,58,48,63,46,54,40,53,48,39,43,50,37,33,58,50,73,151,32,32,39,32,57,31,78,32,37,32,66,33
2005,8,71,334,103,34,46,40,92,53,33,120,52,38,53,95,61,186,70,69,77,65,96,86,64,62,76,68,76,87,42,103,96,45,50,175,75,53,32,77,55,158,62,107,52,48,65,149,129,82,124,60,88,48,52,54,83,39,34,42,253,35,125,32,42,86,29,30,31,117,36,91,84,46,88,67,42,60,31,117,69,93,152,93,165,79,46,177,53,78,131,86,95,85,40,227,42,48,171,67,128,268,74,35,126,53,139,38,126,66,102,33,186,142
2005,9,40,54,57,125,30,33,78,51,78,66,100,62,41,92,62,52,83,91,148,23,27,92,66,41,87,45,62,325,56,104,65,48,36,85,110,38,94,25,23,76,118,74,41,30,25,148,78,68,57,38,27,84,55,52,36,27,28,29,108,45,67,63,26,129,79,24,24,40,84,46,23,28,164,25,25,47,24,75,29,42,237,85,155,25,30,34,35,80,261,262,29,37,119,373,93,32,115,120,72,290,65,28,34,40,25,46,62,147,83,46,37,84
2005,10,45,115,47,65,24,24,39,26,52,28,203,56,25,68,55,85,67,71,105,23,31,51,76,31,189,35,51,53,23,52,44,30,23,94,60,27,79,32,30,30,58,433,79,40,31,123,41,29,42,38,26,65,43,27,102,65,23,23,179,100,630,62,41,125,110,34,24,38,49,85,34,46,73,41,23,45,95,235,26,80,44,163,42,23,22,23,40,34,35,343,30,44,194,206,38,41,132,45,37,109,34,91,61,35,24,113,46,33,86,42,28,394
2005,11,65,50,189,65,27,29,69,29,173,36,189,59,50,194,51,51,93,28,76,23,70,467,62,22,151,109,218,75,32,81,29,232,27,97,345,28,148,88,100,23,67,476,324,125,22,45,40,51,80,243,40,92,47,68,75,123,32,37,70,131,119,22,143,59,28,274,97,49,127,47,53,92,134,134,60,45,96,226,49,26,150,42,27,23,29,69,23,54,52,153,62,39,119,259,117,72,200,102,144,58,68,42,29,61,28,59,80,66,241,91,25,166
2005,12,206,70,814,48,33,44,68,33,39,43,222,75,94,35,59,62,57,134,275,111,48,130,52,241,141,164,132,44,85,32,50,357,387,292,50,30,157,64,32,146,97,506,70,155,126,225,105,25,176,48,40,200,79,94,144,80,290,33,390,46,873,78,128,184,35,93,153,31,81,43,163,43,179,36,47,35,280,204,158,57,67,35,160,24,132,675,26,40,45,59,73,121,48,319,321,46,96,102,255,58,34,54,29,26,51,40,67,27,552,40,42,134
2006,1,63,222,882,817,291,29,48,61,419,170,127,143,368,879,42,359,452,176,78,113,132,111,52,97,1638,46,66,255,236,96,57,458,100,91,51,60,51,183,157,40,211,1039,53,167,76,86,1271,111,101,140,90,388,28,94,353,122,60,36,176,95,1623,155,272,278,447,90,47,42,279,44,129,251,626,151,69,30,272,87,74,28,196,71,121,34,64,211,289,140,204,83,257,44,52,479,155,41,372,42,120,193,154,34,26,83,196,165,388,47,704,115,47,1251
2006,2,39,157,737,2117,240,22,95,46,82,178,108,87,199,317,116,708,297,424,87,144,224,846,86,61,2421,39,85,191,233,188,92,930,134,151,142,170,69,152,118,200,169,378,52,98,360,184,587,153,54,80,238,209,170,54,748,41,80,255,99,236,1329,149,259,552,184,179,314,66,174,60,105,307,1026,458,203,328,152,102,317,116,513,173,206,22,49,225,41,139,91,754,123,130,76,1229,1049,56,466,37,227,415,64,71,86,58,117,63,80,124,1158,65,83,1029
2006,3,52,141,1799,692,1201,152,91,243,233,102,331,39,181,1184,52,1189,239,965,155,670,217,3497,288,57,1712,47,125,359,91,86,49,1483,205,184,70,43,335,295,126,42,1151,2390,39,253,70,145,121,47,112,70,334,101,161,133,687,62,82,82,230,656,1624,325,390,581,210,553,64,27,354,91,137,184,2133,654,104,246,563,55,290,125,700,82,90,153,161,251,90,99,133,1009,130,54,205,1701,1073,96,662,121,124,652,73,31,590,270,795,47,177,56,789,34,71,456
2006,4,50,96,455,458,507,30,37,47,110,50,109,32,54,1193,59,163,73,203,77,896,133,623,62,40,800,31,52,156,49,55,27,490,72,148,97,30,95,344,43,49,400,816,38,161,48,92,86,34,58,119,62,53,47,39,133,71,66,128,233,277,278,379,124,235,136,305,71,31,101,37,58,78,2116,181,155,112,150,43,207,55,388,33,65,50,212,192,49,40,63,166,54,32,395,711,521,105,121,78,71,233,34,32,167,68,269,150,138,30,428,31,27,342
2006,5,41,35,71,73,75,29,29,38,53,34,177,26,39,194,31,63,68,58,45,102,42,74,37,28,119,26,43,58,34,32,26,88,40,62,192,27,50,68,35,29,89,89,34,52,78,42,52,27,40,38,38,36,31,36,63,29,33,36,58,111,87,62,67,59,54,55,62,25,56,28,41,51,439,60,45,45,55,31,52,34,78,27,42,31,69,76,38,34,38,74,34,26,75,77,96,37,55,32,67,68,28,26,58,40,68,60,44,27,115,27,25,86
2006,6,32,27,44,74,47,28,29,28,35,27,49,24,30,60,24,40,61,36,46,51,30,47,32,24,45,27,27,36,28,26,23,46,29,36,58,26,31,36,29,26,44,51,26,34,31,30,44,24,27,28,28,28,54,27,54,26,27,27,67,44,52,37,36,49,34,53,31,25,34,26,31,34,63,36,28,32,40,27,35,28,50,26,28,24,95,40,27,25,26,39,27,27,40,43,47,28,40,25,31,39,26,23,32,27,45,35,29,28,49,24,27,46
2006,7,39,33,42,89,54,52,64,45,45,31,45,62,36,68,61,52,70,52,396,83,83,42,43,42,42,27,122,31,60,35,44,35,65,62,64,44,71,33,35,46,46,37,76,46,37,40,59,55,36,43,44,42,48,40,53,37,46,42,43,65,53,31,39,44,56,79,37,49,43,38,35,43,84,51,48,33,63,93,32,30,67,62,54,33,100,38,30,59,31,49,31,39,41,46,56,51,74,30,64,71,108,35,46,33,42,36,49,39,67,48,35,34
2006,8,91,52,31,88,156,86,57,58,36,64,426,46,117,36,54,41,116,143,306,72,42,341,89,67,41,45,81,31,78,50,97,71,77,78,132,224,118,34,130,97,60,91,661,76,108,58,41,99,53,73,71,59,80,69,85,163,46,49,36,76,93,142,44,198,76,112,62,82,56,38,91,65,69,83,69,93,39,83,35,32,109,194,61,109,67,53,65,60,58,65,57,61,43,49,118,700,97,40,84,82,55,44,60,51,54,97,52,70,180,52,37,83
2006,9,57,25,24,26,55,56,58,52,54,75,207,30,123,47,123,27,33,141,57,51,1269,39,26,71,66,28,79,27,47,26,50,63,184,67,226,136,53,23,72,48,70,65,107,60,46,292,65,41,52,35,30,85,55,182,29,41,204,24,127,37,62,72,53,76,27,38,189,23,137,27,34,47,42,50,74,59,67,80,23,29,53,72,28,52,42,30,52,50,40,84,52,53,24,25,170,254,58,33,37,61,24,48,72,25,42,103,42,66,140,81,268,72
2006,10,32,31,32,97,43,282,51,36,62,163,54,27,113,50,36,40,31,42,42,121,300,58,28,27,24,27,47,36,61,32,81,33,291,30,59,35,89,872,39,36,28,31,52,52,24,28,26,45,250,39,23,145,36,44,30,33,38,40,47,55,39,110,31,50,38,36,42,23,44,53,23,23,186,28,50,27,295,50,71,31,24,72,39,156,24,29,33,208,46,69,55,122,24,33,114,46,808,27,25,26,36,63,33,31,82,59,27,30,65,25,87,24
2006,11,54,46,44,30,69,99,28,35,46,132,72,51,73,23,43,26,27,190,403,426,101,90,51,158,55,66,72,68,25,29,120,65,39,135,39,45,30,179,283,76,74,192,60,34,52,63,35,47,83,155,50,28,91,215,37,60,286,248,60,241,130,106,92,30,26,31,77,109,31,57,199,50,219,24,59,38,67,104,55,60,69,43,53,180,50,40,69,88,323,47,49,92,59,27,43,28,178,113,42,43,99,218,74,54,94,80,23,86,209,57,181,64
2006,12,101,51,196,174,43,83,249,93,69,179,221,63,68,23,125,32,40,48,147,111,674,28,27,31,70,47,149,71,34,25,70,27,42,245,281,37,80,58,164,27,89,354,58,288,48,93,268,24,40,291,30,44,35,38,23,59,130,50,660,190,104,83,111,46,32,263,114,89,37,217,40,358,131,82,71,30,80,516,39,28,783,41,43,871,39,30,58,161,106,33,34,68,29,59,482,49,198,37,56,23,370,361,31,25,76,40,30,28,134,173,167,58
2007,1,62,221,272,83,86,85,647,133,100,303,444,88,277,590,44,65,103,236,99,382,485,108,36,312,74,44,240,33,40,105,33,31,257,323,387,39,37,51,387,42,77,121,51,112,606,53,181,35,36,65,99,628,134,84,27,284,174,61,283,534,258,172,47,38,39,2091,120,35,54,49,259,64,96,43,137,73,152,2163,856,90,258,56,26,570,635,94,41,211,141,35,424,40,143,42,286,101,402,33,37,34,161,3449,112,38,272,313,387,117,67,168,265,27
2007,2,121,87,505,148,135,52,1536,325,80,302,424,124,166,454,77,237,356,304,76,433,1623,103,79,96,128,105,145,43,75,260,31,47,1250,475,282,33,118,568,320,40,119,373,254,119,224,453,491,46,51,51,475,170,170,190,47,302,106,72,168,1010,185,156,34,26,71,1679,54,33,62,125,50,43,146,202,477,57,96,2574,857,94,265,30,23,845,307,346,50,170,466,34,484,885,119,200,520,82,245,96,100,407,179,3167,73,157,303,490,141,35,59,44,311,124
2007,3,141,96,230,216,44,64,1072,762,124,171,254,65,157,336,282,92,118,475,61,1320,1986,146,27,90,70,176,218,104,97,52,58,104,433,341,415,33,80,1552,287,27,145,177,121,77,109,1021,1274,39,32,153,330,174,89,149,44,215,56,47,196,896,1343,61,120,120,189,923,222,31,189,160,107,217,330,64,1293,187,73,781,846,169,359,52,455,598,374,595,34,193,104,46,239,255,229,217,186,109,1468,64,46,371,119,1667,309,45,309,1489,209,81,235,41,1605,38
2007,4,95,38,458,67,42,54,237,292,55,111,88,56,99,108,77,33,53,314,47,437,548,115,32,62,53,130,153,31,30,36,93,37,139,106,197,58,57,506,417,36,53,62,45,49,413,507,382,199,34,79,256,87,89,237,43,80,41,48,96,200,1073,42,106,35,76,765,81,26,47,87,52,71,127,44,573,70,42,172,650,45,209,30,52,158,666,294,26,242,76,26,96,81,83,119,98,51,1335,36,28,105,53,541,79,30,116,386,101,88,58,49,564,28
2007,5,37,33,123,40,35,30,60,78,37,55,65,67,44,55,74,44,43,68,35,78,76,42,23,35,33,50,49,27,27,27,44,38,101,50,62,105,30,88,96,24,34,49,36,34,74,80,101,37,26,35,56,45,123,120,35,42,33,27,48,71,128,31,67,25,37,108,37,25,31,49,34,52,56,108,111,31,31,66,77,31,70,27,37,64,114,83,26,107,52,26,55,50,44,52,55,35,90,26,25,52,39,123,39,26,50,217,42,93,40,34,148,25
2007,6,30,28,48,31,27,44,38,80,25,34,44,29,31,32,31,25,34,39,27,47,41,29,42,28,28,30,31,24,23,24,26,24,41,34,43,25,25,111,42,27,27,32,39,28,47,45,49,30,23,27,40,30,34,39,31,31,28,24,47,40,53,25,31,24,26,51,29,25,25,30,32,29,39,31,50,28,25,39,51,26,42,24,30,42,47,39,26,38,31,24,34,34,31,30,35,29,53,25,25,34,30,51,30,23,40,51,32,31,29,25,52,24
2007,7,99,29,47,30,40,50,50,41,29,40,51,54,50,40,35,55,63,52,48,45,53,25,48,28,50,56,82,28,31,48,52,50,50,63,143,35,30,57,57,25,70,52,67,28,345,48,61,46,42,53,58,30,100,58,36,50,57,47,89,32,52,44,28,27,58,66,86,57,41,145,54,49,39,75,59,38,43,57,50,52,53,45,58,51,40,86,38,46,37,40,42,33,61,32,45,82,40,49,35,47,29,52,38,52,44,48,50,58,31,31,57,59
2007,8,390,61,110,123,52,29,74,89,59,65,104,55,57,38,53,179,47,53,35,78,36,25,95,38,177,109,81,91,53,39,87,92,49,88,86,33,35,73,71,101,88,35,72,46,197,73,72,145,188,113,49,66,221,80,33,46,64,52,36,34,67,104,37,43,66,177,62,98,50,127,87,53,60,147,36,40,63,171,136,52,70,61,130,237,52,48,67,66,49,60,47,58,70,73,34,78,69,70,53,63,142,80,100,47,35,70,81,116,39,63,103,48
2007,9,72,122,224,37,68,49,34,44,90,37,345,48,55,27,58,92,26,31,29,24,24,50,44,30,69,51,35,62,97,40,31,264,108,34,46,65,27,33,67,48,128,26,29,38,59,39,26,213,63,208,91,50,161,758,29,30,89,37,41,73,29,66,46,58,41,47,119,51,70,30,25,43,29,50,23,42,194,63,134,25,73,30,82,268,34,40,36,29,163,70,57,255,57,91,62,71,87,26,93,65,41,27,320,35,27,28,51,42,47,66,211,23
2007,10,147,179,34,366,37,42,58,25,34,42,159,24,30,40,30,33,33,39,25,42,23,25,69,44,35,79,47,52,104,55,24,62,38,35,39,47,22,25,47,44,70,25,31,62,31,63,23,70,109,33,364,44,55,479,53,30,24,23,147,65,33,80,29,56,26,46,42,91,179,37,53,24,26,32,23,304,43,46,27,72,74,31,71,41,52,96,22,23,368,29,39,148,24,86,38,25,192,54,24,24,28,26,188,55,42,152,53,32,123,33,36,23
2007,11,589,61,134,132,68,56,34,24,71,26,63,27,62,23,43,240,53,230,66,31,23,23,91,88,64,235,278,30,136,101,136,91,32,87,52,52,34,86,129,76,86,85,29,329,274,30,69,105,105,94,112,261,32,166,48,67,57,72,101,70,28,192,61,88,72,36,77,52,82,26,284,23,24,186,23,47,131,56,38,36,82,26,67,31,74,237,50,29,53,40,34,1047,87,202,61,55,123,62,132,35,24,32,365,86,36,118,103,23,43,228,78,70
2007,12,151,651,396,60,51,24,157,25,26,195,115,37,35,22,175,184,22,113,24,39,342,55,67,58,168,57,193,95,144,27,31,169,282,33,176,500,24,205,150,341,36,218,36,677,53,51,47,37,71,249,124,292,122,83,122,57,128,57,69,176,30,57,28,46,26,98,206,51,95,162,434,50,33,113,23,41,383,341,41,209,43,22,160,28,91,246,129,27,191,60,22,247,27,48,58,65,57,58,34,25,23,84,293,85,137,131,106,120,914,2369,65,23
2008,1,197,101,512,130,100,35,554,93,42,447,198,34,109,100,86,294,93,65,273,61,220,38,1012,170,196,40,68,189,101,29,273,66,76,57,364,188,81,107,322,73,50,58,70,1213,64,293,169,464,117,77,595,219,91,107,428,182,38,37,165,78,44,164,43,61,56,312,83,70,86,174,1077,120,115,556,51,44,198,70,58,222,73,24,222,79,38,257,234,26,647,239,60,193,78,69,134,62,347,29,55,27,25,59,1069,55,680,109,47,208,1378,291,136,205
2008,2,267,205,782,395,36,56,284,33,46,600,88,121,54,102,140,1201,83,191,310,29,571,621,1605,191,127,153,177,163,323,152,130,102,127,114,406,257,143,409,1176,252,89,378,67,4670,86,50,81,285,53,152,1951,242,184,222,219,141,162,76,180,53,132,373,30,160,93,332,99,179,157,137,1002,67,73,864,27,116,503,52,148,152,82,38,149,114,71,360,114,136,984,199,143,225,119,70,95,136,208,146,42,85,51,74,548,62,1397,87,229,95,1336,497,230,63
2008,3,136,197,1141,270,199,59,682,145,51,520,114,150,261,105,603,1364,391,67,101,72,485,95,662,120,130,45,121,145,186,66,94,153,87,262,343,133,210,238,2992,64,104,951,32,1655,152,85,174,481,272,63,939,238,276,131,310,105,604,271,148,60,190,678,55,74,372,227,77,251,149,83,516,41,403,302,86,45,401,220,70,767,45,75,69,69,76,816,436,46,260,75,33,500,39,53,62,198,285,88,35,60,34,96,175,91,412,342,149,159,965,1705,454,39
2008,4,81,211,420,90,78,32,326,80,31,176,76,34,146,57,168,212,224,56,77,32,361,113,108,81,82,34,102,108,83,39,49,78,54,98,92,68,120,222,610,49,43,366,25,1283,96,43,95,449,87,43,442,144,162,54,86,59,395,90,196,52,59,766,25,56,86,508,55,97,101,49,350,47,79,93,83,43,97,75,46,321,42,27,55,50,31,167,261,46,77,97,90,316,33,33,33,53,269,41,26,26,29,47,83,86,136,409,324,48,473,675,227,36
2008,5,55,64,68,71,33,28,180,34,24,60,40,28,47,32,56,61,52,52,38,28,74,45,53,38,40,93,41,42,74,45,33,40,38,39,59,45,79,342,331,35,32,115,23,404,38,29,102,58,44,34,110,57,51,37,47,63,96,59,70,76,41,400,23,171,80,93,35,51,47,33,76,57,101,54,34,32,58,36,29,64,27,25,35,35,28,61,63,27,50,45,40,61,27,35,31,38,52,102,25,24,28,28,58,30,55,113,145,100,68,81,54,28
2008,6,33,34,51,37,26,23,55,27,49,38,31,27,30,26,37,38,33,27,34,24,47,31,35,30,29,30,58,34,37,24,26,59,32,29,38,32,33,64,84,27,46,45,28,85,56,27,42,36,30,27,58,33,42,28,31,28,43,29,33,26,45,52,23,32,34,43,26,33,33,25,46,24,45,38,31,25,40,30,59,41,66,24,27,30,35,44,48,24,35,28,25,40,24,24,60,28,37,34,28,23,26,24,34,25,57,40,44,70,42,55,34,26
2008,7,32,28,43,34,35,40,69,53,44,34,79,41,32,48,49,52,47,63,43,34,80,31,37,50,44,46,71,84,65,44,32,64,63,42,35,34,38,120,85,59,28,38,78,60,31,49,31,44,50,68,43,44,40,47,48,34,67,38,32,49,95,50,37,38,195,65,71,36,49,50,43,42,86,45,43,25,37,40,47,44,45,30,57,49,94,108,49,39,34,34,27,51,46,36,118,47,54,28,72,51,55,61,49,78,52,67,47,49,55,153,41,54
2008,8,40,79,58,41,32,121,128,56,46,66,134,255,33,187,43,186,47,38,62,77,49,162,113,43,76,53,41,37,67,109,64,135,134,117,36,61,33,88,79,379,82,46,136,66,49,136,35,56,41,156,80,96,73,67,416,125,179,103,108,117,86,61,47,39,283,55,159,39,81,76,54,72,149,61,60,48,82,37,45,309,35,38,47,54,166,168,35,74,225,29,30,56,66,103,103,80,35,54,71,42,44,129,43,96,114,101,54,102,114,197,39,305
2008,9,25,81,45,35,24,76,1249,117,23,33,81,37,37,94,29,73,33,35,24,166,82,52,145,34,24,59,26,34,298,71,98,105,103,78,90,39,42,29,52,41,26,34,119,41,38,29,31,23,69,104,137,37,288,28,35,65,147,55,54,106,104,41,46,191,44,32,156,70,81,53,195,108,72,68,30,66,71,44,51,103,40,80,26,88,170,401,30,30,237,37,25,122,39,44,30,33,72,30,50,60,25,96,114,131,132,77,39,41,123,54,25,138
2008,10,24,47,67,23,64,61,205,175,39,24,141,38,47,216,26,500,28,44,26,63,221,65,95,23,23,70,28,45,103,93,27,305,73,28,556,127,83,61,26,48,30,23,216,36,37,39,49,29,160,177,27,24,59,28,27,137,128,140,25,54,27,32,101,70,28,24,30,82,67,30,64,171,137,47,38,39,43,25,43,93,39,23,170,25,38,70,29,29,48,23,23,129,22,31,39,24,23,195,29,26,39,191,264,48,30,114,69,24,33,36,23,43
2008,11,26,135,172,24,42,55,104,104,31,28,133,68,89,121,40,231,43,215,26,731,61,70,206,80,26,69,22,105,44,76,310,118,33,30,265,28,61,192,69,43,109,31,102,38,77,135,38,55,129,60,47,37,119,84,35,57,80,54,39,60,84,98,26,36,33,101,89,125,140,31,36,137,139,427,64,105,107,27,48,38,66,63,81,115,26,88,70,41,98,23,38,355,186,25,307,260,138,122,34,43,42,43,199,42,43,263,32,36,82,77,52,79
2008,12,25,227,120,87,46,87,101,37,823,22,120,44,32,307,23,77,41,34,40,132,416,33,56,135,23,76,66,320,136,355,49,56,228,67,196,417,73,204,24,67,87,166,123,35,130,171,67,25,38,32,182,42,72,86,371,296,86,991,84,38,125,166,147,24,99,105,315,220,65,25,104,252,524,84,350,40,28,24,32,32,32,191,40,104,56,37,24,86,283,26,38,94,54,78,83,68,149,95,146,57,357,88,317,59,34,80,126,38,56,675,52,31
2009,1,127,138,421,61,73,54,200,68,179,24,82,143,139,133,94,295,150,33,184,162,160,54,60,74,178,75,89,259,198,220,84,48,105,245,303,134,32,227,130,38,40,169,214,55,43,116,613,26,77,30,384,58,170,241,308,293,56,433,76,42,117,658,41,181,253,101,140,154,55,332,64,103,149,53,286,169,105,30,102,51,64,60,44,190,98,35,34,56,196,105,64,167,172,38,75,47,97,62,126,130,294,491,399,51,188,82,69,51,73,367,37,125
2009,2,119,1183,276,271,84,38,538,127,1926,39,114,119,420,307,139,266,131,35,205,149,186,37,304,56,83,133,94,584,201,278,83,171,145,361,310,1119,166,240,92,149,63,77,94,445,102,111,1693,112,37,112,562,53,82,510,940,349,358,647,51,130,246,683,41,122,112,235,115,276,50,108,106,185,191,46,244,77,95,35,186,148,131,99,52,120,302,164,203,56,1806,144,148,316,137,136,134,103,55,58,49,49,891,297,694,151,234,159,72,145,34,292,115,68
2009,3,86,1279,571,129,244,52,377,40,1338,41,76,183,51,190,83,497,94,34,232,404,374,349,705,183,104,45,248,1132,132,215,514,252,121,307,239,631,113,234,83,109,31,74,52,246,45,66,773,61,106,74,1167,43,78,124,505,579,641,371,44,124,398,1586,32,224,86,177,232,198,43,89,215,1159,169,235,581,40,43,238,56,504,54,68,52,143,221,49,485,29,839,32,313,1181,53,264,61,59,189,68,62,146,2054,223,1031,308,148,254,251,52,169,288,87,115
2009,4,51,167,96,157,76,217,112,53,255,22,75,138,45,133,61,352,39,27,61,371,143,188,178,53,46,52,50,1089,64,69,165,161,65,237,82,737,189,199,70,60,34,184,43,349,44,71,380,29,88,39,379,26,94,59,231,1086,223,103,30,153,363,449,53,127,44,149,81,82,86,54,71,243,134,187,269,47,75,58,44,173,37,43,29,110,70,34,224,29,214,30,96,1082,37,57,62,83,57,36,57,46,1633,96,185,134,74,241,80,32,73,508,55,42
2009,5,28,61,48,56,36,46,50,29,110,22,34,55,35,71,51,65,35,24,38,74,56,58,59,33,32,34,33,114,36,51,66,46,115,81,56,128,64,385,31,40,26,48,33,53,47,37,71,28,43,31,77,33,38,42,66,89,54,56,24,126,170,78,26,42,29,56,42,49,29,35,35,64,60,62,70,49,29,47,29,66,27,29,25,39,40,30,52,25,76,42,47,136,29,71,61,31,34,28,38,30,181,48,66,123,38,63,37,26,34,164,41,29
2009,6,25,40,35,45,38,61,34,30,46,27,27,37,30,36,26,39,25,24,28,42,37,33,49,30,31,25,26,47,31,31,38,35,53,64,32,49,29,74,25,27,27,28,33,36,28,28,40,25,26,27,44,28,27,31,42,46,36,65,31,32,43,45,24,73,26,37,30,31,27,34,27,42,40,32,46,30,24,28,27,33,26,26,30,28,34,28,41,23,47,26,30,56,27,36,27,28,29,24,26,31,56,34,42,42,28,37,28,24,26,80,28,25
2009,7,51,41,52,43,39,58,54,63,51,46,49,50,34,584,28,75,49,55,46,44,40,27,52,50,93,27,36,46,220,50,58,32,27,101,34,38,42,83,44,45,27,54,32,40,64,50,39,76,32,52,47,93,28,44,52,55,40,51,44,47,39,49,53,60,34,30,64,37,34,48,34,52,44,36,37,37,24,48,55,37,32,45,38,46,50,54,49,35,38,52,58,50,43,52,48,36,69,123,38,65,65,46,45,98,31,47,41,78,59,58,43,43
2009,8,45,51,138,47,73,54,47,111,115,427,149,45,56,153,42,87,40,167,41,43,45,25,119,77,49,54,55,45,66,48,65,49,37,84,55,37,152,219,69,40,49,101,30,142,99,32,51,86,98,36,42,45,56,65,41,67,50,42,46,69,86,198,59,49,49,35,59,106,85,54,100,40,42,64,50,43,30,98,31,32,57,47,111,31,67,130,40,68,42,48,48,67,80,77,136,49,104,132,47,114,57,44,65,82,60,61,83,79,149,221,98,59
2009,9,46,28,60,37,419,39,26,48,65,49,63,34,38,66,54,75,50,153,45,56,24,24,29,62,54,30,46,32,34,38,86,30,61,81,39,46,26,101,66,23,117,84,37,83,89,57,31,38,88,28,59,29,58,42,44,36,57,32,50,95,41,32,59,33,30,40,214,89,49,145,34,74,141,73,30,30,39,30,247,30,30,84,134,24,57,29,50,25,60,68,32,72,43,36,109,59,48,134,41,25,29,31,32,44,47,105,51,34,99,42,67,40
2009,10,29,78,26,24,32,35,23,39,61,95,25,920,44,66,24,62,24,72,27,38,40,25,59,39,158,39,60,27,51,50,121,30,24,1435,475,25,27,55,27,24,35,57,60,42,27,24,32,107,1747,35,28,30,45,23,34,24,41,63,26,56,24,24,45,23,54,30,211,25,49,65,58,77,87,24,28,23,32,47,78,39,32,30,85,23,40,30,73,25,129,45,116,50,26,83,50,29,30,26,81,83,23,23,59,26,34,62,151,41,61,25,119,73
2009,11,35,33,24,62,42,53,22,45,58,72,69,66,101,57,22,26,48,94,66,50,69,22,37,104,184,22,24,27,79,68,146,61,31,141,143,52,23,139,58,37,57,29,209,28,27,233,28,99,106,70,50,45,58,97,44,53,67,86,30,730,36,31,144,22,55,30,241,26,107,39,60,122,42,149,33,35,24,172,220,48,26,38,32,27,92,87,214,27,60,34,74,277,35,86,110,91,41,51,123,253,23,25,74,42,86,37,402,30,43,263,305,30
2009,12,25,73,49,147,29,354,88,25,38,161,150,84,41,55,34,25,22,92,254,41,24,22,35,296,50,31,28,30,90,96,45,199,23,67,142,67,58,850,25,33,181,155,211,27,28,62,48,39,76,194,26,374,27,75,45,82,83,52,36,116,122,498,61,46,53,79,56,181,40,41,32,132,311,223,42,76,107,112,44,202,27,120,115,37,55,106,57,229,28,32,49,206,29,46,34,28,88,24,201,136,32,68,25,77,575,40,420,45,39,37,306,28
2010,1,268,32,95,201,29,57,215,60,144,79,106,115,93,510,185,214,135,72,79,101,161,22,33,89,358,27,34,96,467,153,179,140,63,223,76,33,153,518,27,128,167,74,1030,283,27,74,78,33,68,157,23,1178,24,185,100,395,41,185,271,190,78,143,203,35,221,90,50,213,233,28,68,256,152,80,177,325,50,105,52,93,58,225,63,27,220,250,89,96,37,35,48,447,106,167,48,137,102,102,448,436,35,40,36,42,65,145,456,24,34,233,728,79
2010,2,157,81,223,113,35,402,68,36,122,211,54,298,43,529,457,353,101,85,74,197,103,93,80,75,218,24,105,86,454,171,276,184,249,387,429,63,376,2825,56,90,264,68,1089,325,80,39,78,30,54,83,46,2688,50,65,138,1219,68,478,186,180,70,360,56,162,63,302,637,280,118,78,177,108,240,150,88,350,145,70,82,108,96,188,33,22,116,173,347,112,80,28,133,556,94,183,60,83,299,60,228,225,158,126,78,342,48,432,193,77,56,167,624,147
2010,3,115,222,39,99,86,108,40,26,176,157,138,319,32,266,99,146,125,90,50,168,266,504,96,75,163,22,194,29,612,211,123,527,35,261,202,45,55,690,150,84,97,42,3406,150,44,36,50,59,51,57,45,1411,44,57,211,451,252,456,113,143,44,681,66,201,432,73,556,235,60,38,135,77,1187,278,93,198,104,59,72,54,106,61,31,21,184,213,194,210,41,48,41,221,299,387,434,37,70,30,1046,796,97,74,143,80,44,394,89,50,181,903,588,379
2010,4,60,82,40,101,27,53,34,24,112,56,43,114,31,81,68,57,33,53,72,56,86,169,38,41,131,24,125,31,329,67,68,522,30,97,183,41,47,169,30,37,54,142,1130,53,25,33,51,41,35,45,34,296,60,41,93,141,80,93,74,98,28,561,42,72,404,57,100,99,41,30,186,86,384,83,61,136,48,193,36,36,49,50,37,26,82,339,55,88,39,117,35,71,87,97,92,70,50,43,295,138,31,34,37,90,48,89,55,61,63,243,218,119
2010,5,35,36,56,42,24,39,28,24,41,36,31,47,27,48,42,37,35,31,71,37,42,48,29,32,90,21,53,25,127,38,37,89,40,53,148,36,33,87,28,38,44,39,102,37,41,27,27,26,28,33,24,77,55,29,41,65,42,46,41,45,34,226,33,41,71,42,60,44,40,64,44,36,66,44,30,47,30,41,41,28,32,37,24,23,41,225,56,42,35,49,27,43,36,60,67,49,33,25,68,55,27,27,33,62,47,52,45,27,68,60,89,45
2010,6,26,28,25,28,23,29,25,23,29,28,35,34,24,34,31,27,54,31,27,30,29,32,26,25,35,22,30,24,48,28,29,44,25,34,42,24,33,48,27,25,29,35,51,27,33,25,29,24,28,25,23,40,23,25,30,38,28,34,28,31,33,65,25,28,38,26,46,35,26,28,30,28,46,31,25,31,33,33,26,26,26,30,25,22,28,42,30,30,35,24,26,29,27,45,31,26,27,26,44,39,27,24,26,28,25,34,29,24,25,44,46,29
2010,7,43,41,41,42,33,41,30,49,36,29,55,50,106,33,48,52,57,33,62,55,46,32,39,57,70,34,43,36,79,41,45,80,29,43,50,29,97,88,35,29,35,60,64,38,30,54,53,38,48,24,42,64,27,46,80,38,54,39,48,37,102,37,51,41,33,26,52,52,54,33,37,38,36,34,40,52,79,53,57,80,37,52,50,48,36,36,52,62,36,26,33,44,31,47,50,33,47,76,56,50,58,37,42,39,35,53,75,52,49,42,83,45
2010,8,63,54,63,70,68,76,49,31,33,30,93,61,103,88,53,60,46,35,50,54,96,27,129,122,179,120,61,63,93,77,88,56,118,58,90,39,109,59,38,48,55,81,74,62,96,120,63,47,117,57,31,108,46,96,124,62,101,48,79,75,113,44,69,54,70,53,170,67,50,61,52,178,68,59,50,62,77,37,118,106,66,80,56,130,103,34,81,199,109,29,47,64,106,108,47,70,56,527,138,172,50,92,92,71,144,96,57,199,61,32,45,90
2010,9,30,30,34,74,34,34,45,25,40,28,128,27,39,121,39,33,29,42,104,196,28,25,70,92,61,104,38,55,81,51,52,141,43,47,92,49,49,212,41,49,35,104,48,60,103,51,35,25,96,73,94,58,32,54,26,52,52,27,68,86,48,45,47,33,533,39,41,24,28,30,26,101,33,260,155,75,24,25,106,129,199,36,30,30,132,47,24,25,108,34,28,37,204,88,325,292,31,37,40,142,32,38,34,36,27,104,65,64,28,23,29,34
2010,10,23,56,49,293,35,56,34,47,56,58,95,24,838,27,37,36,56,29,85,99,41,46,136,84,82,39,25,46,24,26,27,53,27,135,78,196,43,28,23,90,49,53,43,28,96,70,24,24,91,41,24,275,45,26,32,169,46,47,46,298,139,105,26,67,543,36,164,48,64,51,24,45,24,42,124,64,23,25,36,113,181,39,24,49,34,54,34,24,30,23,27,56,33,73,61,46,65,65,57,31,28,33,71,25,53,48,27,41,23,23,32,30
2010,11,29,101,30,132,168,134,69,88,103,157,27,75,144,59,38,62,45,38,78,353,207,80,73,78,168,129,27,31,29,91,34,48,43,66,39,385,320,27,61,79,31,51,81,23,621,44,67,67,48,65,56,115,44,65,150,110,91,143,57,42,77,54,35,61,108,25,85,49,79,69,49,25,45,156,93,197,33,57,69,77,50,38,28,32,38,40,44,30,56,27,43,51,120,301,120,29,91,135,92,73,22,28,76,23,56,70,24,37,46,65,88,39
2010,12,338,130,221,70,131,70,112,64,54,150,76,91,246,50,22,103,53,55,267,172,48,161,36,175,51,65,22,137,94,322,29,60,105,1335,57,596,135,26,26,259,23,25,71,29,198,42,27,375,39,135,42,132,112,72,87,88,32,173,177,51,30,161,65,25,49,124,52,69,28,429,125,56,411,94,41,67,299,536,88,172,32,58,31,132,40,93,55,32,59,25,22,27,115,702,271,37,30,281,29,89,25,33,304,183,25,392,32,37,34,26,258,24
2011,1,206,38,83,311,1299,57,241,288,132,508,77,91,204,38,26,110,452,1247,1059,298,174,979,144,276,120,80,29,49,116,95,73,51,91,341,64,391,92,28,73,150,23,400,1696,41,125,253,114,103,75,191,25,82,107,35,220,50,325,66,151,57,288,63,79,141,119,154,37,40,71,502,106,293,113,45,55,177,67,328,101,295,34,34,25,115,159,85,58,163,199,464,92,86,370,1856,529,33,99,341,34,1025,159,161,108,501,31,283,752,70,130,87,131,44
2011,2,239,33,55,278,2131,275,175,2017,141,621,317,356,555,242,138,79,125,1663,3500,1162,245,1064,116,295,76,75,65,182,62,193,48,29,62,279,93,221,146,108,358,863,195,286,3409,46,217,47,134,115,88,406,67,71,287,104,92,295,398,45,227,99,154,73,102,85,74,112,33,38,88,328,1877,407,290,226,101,127,97,791,56,189,127,170,46,159,100,169,144,136,790,192,118,32,156,973,1084,37,63,440,28,711,311,40,139,406,24,610,1331,60,47,211,623,164
2011,3,351,210,47,227,2186,451,189,925,83,981,61,410,1393,37,101,37,182,1860,1376,1865,204,1143,767,174,44,84,58,46,41,420,206,27,184,191,51,126,399,64,87,413,187,314,3504,53,1820,41,159,179,56,366,36,234,103,103,351,131,633,65,150,300,129,77,257,216,272,66,29,77,65,176,2246,534,133,514,99,80,263,896,68,119,37,118,90,115,78,93,47,201,612,189,64,54,787,428,1923,137,174,751,178,1790,251,79,176,237,24,322,596,28,32,43,1488,339
2011,4,251,42,34,65,701,191,100,250,39,131,42,178,960,77,49,60,75,1047,671,651,94,1531,204,90,32,52,72,36,55,131,41,28,44,119,140,70,189,29,96,126,198,99,1627,27,883,32,134,53,36,258,40,151,63,34,105,263,213,47,89,462,71,38,89,69,98,40,47,59,51,69,355,187,188,618,41,43,78,255,51,61,38,52,104,65,42,80,30,59,183,85,40,37,286,133,861,88,47,187,38,635,161,64,72,295,34,86,123,28,33,32,316,101
2011,5,87,30,32,41,97,66,43,67,31,58,33,59,212,30,29,28,56,83,237,311,44,98,57,53,27,36,25,30,39,52,132,27,56,48,43,48,62,25,41,73,98,98,115,23,327,29,93,48,27,80,24,57,44,28,45,65,55,32,56,70,45,28,60,35,42,31,61,26,28,73,80,61,100,186,33,32,41,75,33,37,28,34,34,45,53,60,27,38,67,39,26,31,78,70,100,41,33,61,58,123,220,36,48,156,25,60,59,24,24,28,82,41
2011,6,39,27,24,75,49,35,36,43,26,37,27,38,55,32,27,26,30,45,54,66,30,47,38,32,27,25,28,25,50,33,32,41,27,36,26,37,37,25,31,36,46,34,52,27,56,31,35,27,27,39,23,33,28,27,33,37,36,26,33,38,30,25,33,27,32,25,37,38,25,41,48,42,44,68,26,28,33,41,27,28,24,29,24,31,28,35,25,26,54,30,29,23,43,39,51,27,34,39,25,49,55,28,29,45,31,36,36,32,23,26,46,30
2011,7,114,54,46,116,49,37,48,41,41,46,39,42,59,44,59,40,36,49,52,423,60,45,46,61,47,25,37,38,64,96,55,33,46,34,33,65,64,69,63,89,69,28,81,32,65,47,42,47,25,52,47,39,66,45,59,46,47,34,44,29,35,75,74,30,39,48,28,48,52,36,156,37,57,77,63,32,95,49,52,42,30,53,35,51,41,35,38,37,67,35,26,53,67,38,46,31,41,56,30,40,39,37,38,56,41,35,42,48,59,46,68,67
2011,8,126,35,53,83,77,34,81,71,36,45,64,104,102,41,48,249,72,69,43,191,76,41,44,74,60,26,71,81,173,56,101,51,100,143,84,185,96,176,67,113,67,35,94,66,73,69,86,124,77,73,105,83,78,70,51,125,88,47,54,118,28,93,77,51,47,37,85,76,54,55,287,39,63,165,100,137,43,77,147,93,30,182,55,37,51,33,38,48,60,82,34,51,79,42,58,373,37,73,29,55,45,46,72,40,77,75,137,77,53,96,81,43
2011,9,40,104,23,24,35,23,45,50,58,106,45,49,41,26,36,119,33,68,61,60,24,24,26,36,26,59,32,32,148,70,33,74,113,100,42,96,65,29,63,90,70,87,99,59,41,59,58,25,29,121,44,45,68,47,29,169,132,65,34,99,88,33,24,75,45,33,113,95,86,77,94,163,55,120,26,61,43,37,187,38,36,362,62,81,67,41,144,30,30,82,49,28,32,25,31,57,113,50,78,32,136,50,58,94,69,63,86,120,44,79,39,43
2011,10,136,26,24,105,86,25,404,63,24,25,67,84,55,26,30,188,36,38,46,37,39,29,67,31,25,1830,31,51,32,28,91,24,30,52,34,29,35,49,58,55,66,35,24,31,61,56,133,59,29,136,48,23,35,28,46,257,35,82,23,25,50,34,26,66,34,43,35,68,69,28,30,45,108,37,63,53,79,52,59,196,45,117,69,30,66,144,93,23,26,226,22,40,23,24,23,124,316,23,42,42,28,50,31,33,69,60,26,29,106,181,24,335
2011,11,117,25,23,148,24,44,111,131,97,77,36,29,69,22,22,33,31,43,288,43,113,23,391,46,48,271,37,134,37,49,25,35,41,24,92,73,29,152,67,136,488,89,41,60,52,33,41,294,28,47,27,26,187,27,70,75,213,28,23,26,85,25,54,30,23,26,64,61,78,44,119,34,38,242,62,46,227,150,28,57,140,131,109,220,232,51,114,23,37,793,37,100,151,28,28,103,100,27,103,91,24,101,29,195,34,72,95,26,258,100,144,61
2011,12,244,24,76,817,46,28,51,725,37,56,50,40,222,23,22,168,26,57,163,220,29,23,1507,102,1053,170,390,83,99,168,40,72,25,56,135,26,40,250,78,47,77,28,313,104,52,41,96,60,136,81,67,37,155,25,58,43,187,53,30,104,46,26,39,27,56,24,28,28,39,37,193,33,53,181,42,105,537,375,26,151,132,65,180,43,131,104,54,35,27,60,50,223,142,222,43,737,275,50,206,26,127,217,22,180,47,29,264,23,145,793,45,228
2012,1,71,293,57,508,337,43,168,430,112,274,152,32,207,26,22,212,244,163,76,143,40,28,784,886,2186,256,267,107,164,128,169,150,51,38,101,409,32,80,35,39,100,44,1940,144,499,31,97,51,251,1070,55,39,208,159,62,55,239,179,23,40,60,32,165,24,84,35,64,183,28,112,121,69,113,269,1219,36,725,276,44,339,116,45,71,200,75,52,40,142,30,65,55,75,54,243,121,686,151,54,805,26,101,732,27,61,51,77,88,34,246,430,53,366
2012,2,268,123,106,1930,152,30,197,541,64,179,227,26,830,26,41,200,125,196,110,70,168,63,2042,1339,2955,180,479,58,112,105,335,372,174,319,126,179,49,568,30,185,107,31,861,91,357,145,89,78,217,1422,157,90,127,249,128,113,568,93,42,157,95,138,85,42,100,228,145,233,88,72,148,82,192,1248,437,123,2029,251,168,331,77,240,58,286,145,40,399,43,29,119,207,715,94,123,271,1104,163,27,784,73,121,1629,87,51,100,53,197,411,820,1557,154,581
2012,3,203,153,74,1256,138,28,161,189,201,797,287,72,489,199,49,415,98,64,72,96,100,135,527,1618,2316,139,1805,246,261,54,133,269,98,173,233,180,218,517,27,222,75,26,791,307,257,41,99,43,136,830,69,59,61,83,111,64,389,215,35,71,97,70,34,53,62,73,102,416,76,37,140,121,109,553,338,142,1491,377,101,153,431,474,42,90,344,51,289,102,103,52,425,1671,123,84,241,728,194,69,891,231,70,929,98,47,38,46,232,114,206,228,164,469
2012,4,66,175,82,476,104,29,188,98,47,765,152,66,91,323,31,95,81,126,59,57,46,92,124,431,1011,61,453,164,104,50,73,313,104,234,353,85,131,179,38,62,43,24,378,115,150,29,39,32,94,859,38,34,42,95,40,44,85,56,25,77,58,29,29,29,51,90,61,586,68,95,57,41,71,139,139,38,415,168,67,65,96,186,33,130,317,59,334,32,52,34,94,517,80,45,113,533,75,44,258,52,36,279,79,33,35,58,256,61,64,69,116,1607
2012,5,40,85,31,83,51,23,48,60,44,186,94,26,61,44,22,58,46,70,42,37,31,32,51,90,288,41,101,52,39,32,44,136,63,336,62,53,47,59,23,39,31,24,76,69,77,26,38,26,53,95,29,28,32,39,31,29,48,33,22,44,40,81,27,24,26,37,31,131,27,29,91,42,38,56,65,31,80,57,31,43,56,80,29,244,72,31,179,34,48,31,47,439,71,36,50,137,43,24,73,37,28,67,32,37,26,28,64,48,41,50,64,188
2012,6,30,31,26,50,30,22,35,39,29,56,44,28,35,30,23,34,33,28,27,29,25,24,44,45,56,30,49,32,40,27,36,45,37,69,37,34,32,38,26,29,25,24,44,37,35,33,30,31,39,45,29,23,25,29,25,27,32,27,23,25,33,25,24,23,24,30,30,45,25,27,30,25,27,41,42,72,60,39,28,41,36,35,25,45,41,27,43,26,24,46,35,57,28,28,31,52,54,26,44,33,25,38,25,26,32,25,36,31,28,33,30,54
2012,7,32,63,40,87,68,34,41,46,38,65,47,38,50,32,22,45,27,66,57,59,52,26,91,37,72,45,64,39,51,33,43,52,46,65,47,51,30,41,50,40,126,27,58,34,50,71,68,51,27,84,74,52,24,91,27,42,46,38,23,31,60,49,43,26,56,62,30,184,167,40,30,29,33,54,68,35,46,76,57,50,33,72,69,56,42,39,44,48,30,34,45,47,45,63,47,64,28,37,42,49,29,47,95,32,88,36,62,31,60,46,30,47
2012,8,46,110,48,101,51,43,56,260,75,35,49,86,90,33,26,90,51,81,109,77,27,59,306,58,289,50,171,116,50,229,134,273,83,36,63,193,43,33,67,55,231,32,42,46,84,100,83,69,53,45,47,99,87,178,63,67,63,60,91,191,34,39,71,42,37,108,92,159,186,77,56,53,47,114,89,68,277,169,74,34,42,83,234,153,157,99,55,80,43,65,48,107,40,100,26,112,130,81,64,104,32,45,233,65,89,126,88,60,159,57,79,49
2012,9,60,138,23,125,25,22,27,81,85,122,65,50,145,144,116,46,36,50,68,139,23,91,129,27,49,86,30,35,57,53,96,123,55,122,43,50,23,25,71,25,39,86,24,43,33,100,82,31,40,53,115,176,36,116,27,143,74,76,22,34,29,23,58,24,29,24,142,150,88,34,24,93,82,86,84,49,143,75,98,29,62,47,42,28,89,36,43,28,46,52,41,269,29,86,57,49,71,23,45,26,41,41,195,50,58,188,153,44,205,25,86,41
2012,10,38,83,22,35,30,24,24,29,24,35,34,87,196,141,55,742,31,33,33,564,143,57,78,32,71,121,26,39,29,34,46,30,37,74,25,91,27,32,117,39,81,60,24,26,28,430,42,33,27,59,57,32,41,164,46,37,170,40,21,38,49,102,23,40,47,57,29,71,30,28,29,59,69,34,25,112,164,59,552,42,35,86,25,28,28,27,52,45,204,97,29,76,25,339,44,82,134,91,31,36,28,65,55,62,61,31,26,31,38,23,29,60
2012,11,42,296,34,30,94,43,40,150,32,63,97,72,52,44,45,48,29,44,69,103,39,52,142,33,32,50,46,39,24,27,82,30,73,139,24,64,22,43,69,109,29,35,57,35,28,558,36,96,43,48,68,64,40,279,39,287,56,47,28,33,143,182,25,77,66,117,31,83,84,45,210,106,43,28,24,55,86,74,37,299,270,50,49,41,296,29,23,58,75,69,120,69,59,125,34,77,57,31,82,29,43,60,103,132,30,164,32,26,43,51,151,37
2012,12,103,75,167,176,244,141,31,179,211,83,154,160,112,39,47,49,101,25,33,76,106,27,237,26,25,47,28,23,46,137,28,33,133,52,24,333,43,23,712,32,29,399,136,47,98,173,26,192,123,586,56,40,37,123,42,138,222,62,156,26,227,53,169,90,69,100,24,211,48,23,75,42,65,24,78,57,269,42,34,93,352,92,275,453,51,22,59,106,132,83,128,112,119,63,63,562,39,26,104,23,26,100,149,85,46,569,379,63,85,200,171,28
2013,1,64,67,506,95,105,163,37,139,220,40,207,53,347,1975,32,62,156,144,28,326,206,28,275,166,94,48,27,31,232,73,476,27,163,48,28,124,36,99,915,50,32,719,424,67,208,325,98,99,148,354,152,39,56,101,58,145,105,56,96,151,58,308,245,90,28,72,34,142,86,142,160,30,67,242,96,31,185,78,454,1062,798,39,92,192,169,138,59,39,111,252,393,195,214,248,89,329,121,227,41,24,35,48,109,299,110,106,143,149,53,78,139,27
2013,2,37,72,1577,72,141,210,78,230,461,35,406,130,526,852,30,36,53,178,104,278,148,81,277,59,335,102,90,161,136,47,350,47,81,357,95,441,60,43,534,55,315,847,166,270,213,447,32,164,154,496,47,623,56,452,122,963,117,87,93,404,55,640,93,203,67,72,151,352,64,58,63,234,48,286,39,79,130,755,180,1955,381,46,134,468,150,39,202,30,92,184,761,311,57,139,72,417,216,61,77,127,60,107,71,169,72,173,154,37,90,53,99,35
2013,3,100,168,732,47,86,128,37,1297,274,33,813,146,403,835,34,33,37,74,799,372,87,78,110,68,200,240,27,185,87,59,710,40,157,108,63,963,120,37,4194,48,128,892,170,92,116,327,38,275,242,217,103,209,27,1280,194,254,291,60,518,437,56,3112,46,227,143,76,255,189,40,219,185,79,290,525,38,76,308,495,262,806,952,35,256,279,88,37,123,68,103,101,136,336,43,507,66,1215,240,75,73,253,69,199,75,148,142,301,170,31,83,57,585,95
2013,4,35,167,206,33,52,113,84,356,152,30,109,54,523,458,26,67,31,76,300,89,59,47,68,111,248,71,35,50,74,79,176,36,236,48,30,759,46,26,764,46,82,255,97,48,64,96,40,78,80,79,60,92,47,438,91,315,83,32,166,547,92,504,58,119,198,48,43,78,29,61,109,46,61,305,26,29,155,192,162,1376,1081,32,173,92,67,37,192,38,49,122,91,158,61,717,31,560,84,38,31,57,26,62,45,57,55,894,78,32,69,109,144,29
2013,5,31,46,71,30,39,51,66,65,61,25,52,36,71,191,23,48,26,58,140,50,40,31,47,211,59,36,42,31,33,43,59,25,100,34,28,316,68,25,110,31,39,67,42,35,40,53,24,44,49,55,33,52,27,65,35,179,42,25,64,71,30,91,44,48,40,30,31,46,25,35,43,42,36,60,24,26,48,63,57,148,324,33,81,54,45,28,48,29,33,47,56,49,29,116,28,73,63,29,30,35,24,47,32,36,33,200,74,26,29,45,108,27
2013,6,25,30,44,25,31,30,30,43,35,24,34,31,43,84,22,28,24,27,44,33,28,25,34,37,32,29,24,26,26,24,38,25,85,28,23,57,31,23,50,24,28,40,30,31,28,37,27,32,33,36,26,33,29,43,27,48,31,24,34,41,31,48,29,32,29,25,27,31,24,26,29,25,31,39,34,26,51,39,35,63,58,26,33,39,31,23,28,26,28,30,51,43,26,47,24,103,36,24,27,27,23,27,29,27,26,61,31,25,24,26,42,23
2013,7,95,50,39,51,39,40,30,58,32,37,42,52,42,98,61,125,50,37,42,61,50,34,48,336,56,55,72,43,49,37,87,46,52,46,35,69,36,32,45,89,93,40,34,47,50,31,93,55,43,59,50,33,52,61,39,141,42,48,36,41,34,53,53,50,46,50,40,49,57,75,58,46,35,52,43,44,62,37,64,52,46,52,44,31,54,32,47,38,26,39,78,48,51,39,87,68,51,29,61,47,53,53,61,49,48,112,203,40,33,43,62,44
2013,8,326,122,78,68,155,133,50,144,78,108,55,97,75,95,74,226,49,77,69,142,36,66,76,169,56,83,127,30,102,136,60,65,281,67,121,88,129,72,73,95,67,34,78,54,172,71,108,173,120,95,76,40,69,98,65,127,37,35,57,42,29,93,109,99,75,43,70,71,104,89,96,365,27,73,42,1145,50,78,108,161,85,86,106,49,61,101,203,33,35,118,62,53,100,57,129,47,62,104,133,83,69,70,80,44,62,208,206,95,59,55,138,137
2013,9,50,228,91,44,88,454,30,108,39,27,28,138,27,91,23,467,27,61,40,56,23,53,51,62,34,80,157,24,62,142,93,93,105,88,47,208,57,132,32,46,24,23,230,81,262,55,57,96,72,37,161,27,63,97,108,79,25,45,26,40,23,58,140,72,91,55,35,102,29,68,24,44,28,51,31,131,39,48,92,88,31,169,138,31,70,29,47,36,24,198,86,34,27,37,79,41,24,57,64,150,25,360,47,23,66,63,65,24,24,35,161,59
2013,10,43,44,124,23,46,103,51,60,55,119,61,36,87,63,27,78,27,42,29,34,23,25,23,100,67,89,283,29,120,137,53,184,90,27,28,54,127,119,42,70,23,26,81,110,72,60,84,587,209,68,131,29,28,29,24,225,29,29,24,24,29,110,147,46,42,30,246,366,26,95,30,34,26,69,22,40,57,62,101,174,33,84,33,52,25,34,291,57,29,50,31,59,23,29,47,41,52,24,27,117,34,39,107,28,53,185,31,37,28,31,45,100
2013,11,43,68,155,23,53,155,24,50,80,52,25,55,174,126,43,235,22,60,128,35,22,210,74,57,123,26,73,32,51,333,277,56,84,49,195,33,34,75,32,31,50,44,57,115,102,62,293,59,55,44,206,35,43,263,61,55,60,26,46,37,33,81,124,28,93,144,392,225,23,76,157,188,33,198,32,34,100,24,57,155,31,104,26,26,43,65,94,57,24,27,50,79,133,33,33,139,93,59,74,165,41,60,44,44,66,103,80,222,56,60,90,58
2013,12,316,690,43,31,101,68,135,196,95,112,26,31,92,349,27,99,43,66,126,49,46,349,115,112,162,53,66,36,82,124,231,47,87,82,32,27,35,109,23,117,90,110,91,243,88,75,134,74,62,714,283,115,38,64,55,62,49,31,49,239,23,366,600,23,32,119,163,186,23,206,92,369,27,40,128,101,163,240,30,653,27,92,23,23,210,127,69,224,294,33,32,52,124,284,27,30,124,219,280,88,145,38,31,208,172,76,350,77,214,26,60,66
2014,1,135,248,105,1894,47,1063,44,1421,210,46,26,127,352,157,252,178,68,225,104,80,49,92,52,578,211,51,102,23,126,113,477,61,386,61,148,29,91,49,838,238,79,869,103,101,168,365,55,228,191,524,278,141,74,198,103,643,89,107,140,61,28,59,625,26,35,101,125,282,83,162,43,177,316,40,129,158,799,286,898,876,430,161,97,189,84,140,57,67,193,45,440,65,144,87,34,64,55,55,879,175,218,38,112,300,55,114,944,41,119,78,60,316
2014,2,227,148,62,170,182,724,361,4318,428,57,147,474,343,139,238,187,93,95,68,49,324,216,32,1471,171,98,69,78,155,328,519,115,307,51,93,402,134,279,97,66,66,376,1277,206,146,316,60,155,139,1006,355,77,28,132,41,326,235,72,257,218,257,98,1873,31,27,182,150,484,52,401,71,164,85,342,359,281,507,204,1165,245,198,656,99,137,120,97,486,75,85,27,375,84,52,196,24,132,43,76,416,114,101,133,146,289,40,82,1666,45,80,48,97,1462
2014,3,225,114,74,588,49,555,79,1846,471,53,189,653,607,280,42,193,68,63,39,37,179,351,528,1240,117,35,57,231,53,204,467,36,238,94,816,109,40,124,130,561,46,373,1922,147,260,428,102,162,75,1296,708,33,196,140,47,330,71,174,94,165,394,540,1649,54,68,79,216,883,25,407,140,131,136,405,263,324,642,1051,1037,382,195,1036,260,180,68,72,314,203,192,85,224,349,72,601,74,317,146,454,585,1133,204,354,165,2500,188,50,735,272,119,27,180,562
2014,4,125,63,68,184,39,716,44,1860,226,31,252,183,92,167,35,62,30,37,54,44,58,182,64,482,405,32,38,176,57,92,105,35,77,42,170,52,54,75,99,210,63,149,2036,126,232,102,40,78,41,922,179,35,122,69,43,107,66,48,68,54,76,613,434,26,44,64,144,215,24,125,96,70,52,762,147,156,126,314,167,293,114,278,167,73,58,89,115,65,140,27,111,111,93,887,28,173,43,101,295,246,80,87,154,1317,63,60,1067,110,137,26,214,119
2014,5,73,40,36,58,30,70,32,208,111,34,177,80,50,51,28,46,40,29,75,33,44,62,38,139,89,29,31,41,39,47,61,29,46,51,56,33,39,40,44,158,31,57,96,46,50,49,30,44,34,99,58,26,40,38,28,253,42,53,44,35,45,133,104,23,31,34,48,68,24,52,39,40,37,190,59,49,53,111,61,62,45,57,55,43,31,57,64,37,46,35,48,174,71,286,25,51,30,47,74,60,56,40,42,157,33,37,245,39,40,26,54,53
2014,6,40,29,27,37,26,43,27,54,45,25,44,39,34,33,25,31,27,25,28,25,31,41,30,75,44,24,29,27,30,32,46,41,31,25,36,26,25,28,30,43,25,34,49,37,42,35,25,29,26,53,44,24,29,31,26,54,42,26,40,27,31,48,48,24,27,26,32,41,29,35,27,30,29,51,38,37,39,47,37,46,35,37,32,27,26,31,36,30,30,23,44,45,41,52,25,33,26,33,42,39,31,31,29,48,26,29,53,28,34,25,95,46
2014,7,30,56,45,33,30,44,50,41,40,31,58,33,70,70,51,136,43,42,48,52,26,42,35,40,76,41,99,29,60,47,124,62,48,31,50,37,37,53,36,74,28,36,50,31,42,35,32,48,67,60,34,27,46,39,53,107,36,52,59,40,32,95,35,44,49,41,44,58,80,89,52,180,28,106,58,75,66,46,57,41,40,31,69,46,33,73,55,38,31,35,34,56,218,55,46,89,60,32,55,51,33,44,100,104,43,47,47,51,40,45,48,60
2014,8,135,202,105,84,37,62,187,48,32,47,143,98,88,110,64,209,60,173,47,65,42,35,224,47,41,45,129,48,54,35,90,149,197,36,41,101,42,86,65,123,62,53,41,50,277,85,95,53,97,129,60,64,90,151,154,61,56,46,66,395,42,52,28,67,65,69,113,38,200,137,95,135,32,116,44,40,245,72,206,79,38,38,91,66,69,67,54,52,42,95,46,76,246,143,86,165,50,79,69,77,70,44,101,87,262,47,51,448,71,72,30,47
2014,9,219,38,54,36,24,59,124,51,24,30,82,332,37,52,31,101,62,50,23,196,68,76,55,140,24,39,29,33,84,30,61,92,115,67,64,24,40,45,97,29,23,31,33,24,165,35,40,61,86,220,46,42,24,106,45,44,111,39,79,135,24,57,42,42,113,42,341,23,54,67,56,40,25,45,41,40,75,23,66,42,60,32,37,94,28,23,23,100,23,71,69,36,44,61,48,102,118,53,90,87,24,29,44,56,34,55,30,146,39,31,84,83
2014,10,44,63,62,38,27,24,65,24,24,27,62,76,28,25,34,192,24,24,61,79,24,166,38,122,23,36,24,26,24,35,42,35,30,39,39,26,76,102,24,30,29,23,34,39,49,23,25,25,39,210,76,138,71,32,51,33,29,131,66,31,32,139,43,317,124,27,41,31,143,896,79,49,23,53,35,28,47,34,774,25,44,82,72,30,146,35,23,33,34,58,159,27,109,162,27,31,40,24,75,106,41,23,42,136,30,1197,24,56,97,61,42,199
2014,11,26,48,41,70,42,51,76,26,27,66,26,120,38,140,168,207,68,30,317,420,22,167,271,67,36,248,29,69,164,40,92,33,24,33,325,34,101,119,58,51,25,23,53,86,25,26,35,37,60,152,36,487,130,25,74,34,58,121,33,189,59,274,107,97,35,31,38,63,59,123,78,60,22,50,70,23,207,149,86,28,69,104,169,41,133,23,39,212,69,90,48,81,64,165,109,26,47,23,94,35,28,24,284,86,83,251,143,32,97,78,64,59
2014,12,217,43,207,40,31,45,52,24,27,107,99,165,194,1390,65,324,52,109,101,65,22,109,184,98,52,78,28,34,611,22,112,55,23,49,396,24,77,116,35,300,51,43,43,181,113,29,73,22,167,868,112,67,182,99,146,98,114,76,88,288,44,124,32,70,31,25,25,35,297,97,119,32,26,76,31,158,367,196,73,31,126,390,55,91,42,23,39,76,30,160,35,416,39,39,59,42,30,23,192,43,24,34,45,457,69,403,31,237,64,505,141,141
2015,1,1378,230,86,57,40,99,258,46,29,125,117,70,238,131,35,158,57,58,2208,118,55,176,83,565,150,218,79,102,651,77,163,26,24,42,938,31,44,175,28,82,27,105,338,228,588,117,223,316,71,1044,260,78,53,194,76,131,228,72,46,220,66,179,670,77,40,58,27,25,405,68,129,600,36,3483,29,456,447,191,102,95,64,228,48,143,1221,102,102,52,93,300,64,380,151,48,45,179,400,150,113,67,39,72,63,192,45,426,34,226,66,274,155,87
2015,2,1050,132,83,122,233,98,90,225,41,171,84,154,942,1179,49,142,36,90,649,121,57,71,193,236,166,171,99,181,1112,95,92,36,91,38,850,78,55,136,110,113,54,39,118,423,1001,175,374,336,105,1467,127,61,146,71,171,149,70,114,44,203,112,177,253,116,198,24,26,58,626,73,109,1894,219,2173,168,151,1618,146,430,62,351,327,63,126,636,114,1811,89,69,144,172,356,378,78,77,73,520,104,119,118,146,280,151,182,172,471,123,136,426,225,103,183
2015,3,1295,309,162,126,189,143,97,419,30,71,66,75,697,2611,53,78,73,399,419,153,26,527,213,143,47,294,151,113,978,49,359,276,35,201,2660,38,60,469,113,87,49,52,72,254,1648,120,301,726,129,2443,136,85,60,84,217,67,85,175,34,205,152,1277,183,70,115,51,59,172,1471,117,248,515,335,347,117,159,1549,738,862,179,754,226,45,98,2323,290,201,98,193,107,162,769,499,371,143,38,465,144,90,103,63,155,70,509,75,271,106,90,429,290,186,89
2015,4,120,130,67,38,324,49,48,155,33,41,33,43,169,1298,39,46,64,280,135,431,26,540,73,87,42,185,56,51,483,29,324,87,48,34,383,31,49,164,40,140,37,27,49,705,423,43,393,221,75,342,93,57,69,44,145,50,45,54,26,95,49,478,64,40,59,27,28,63,747,140,83,130,70,105,39,74,608,503,940,51,343,75,30,55,374,63,127,84,84,50,118,362,140,219,99,203,171,38,73,139,28,187,37,235,35,81,43,47,115,110,113,133
2015,5,58,48,33,60,117,30,32,64,23,30,28,32,58,196,41,34,26,65,60,156,30,103,54,46,32,49,52,40,119,29,159,35,26,28,65,25,74,61,30,42,47,27,38,154,79,33,77,68,35,68,52,29,37,43,44,30,41,46,26,48,29,364,43,32,34,22,39,37,98,46,49,55,40,62,29,50,94,122,89,34,60,45,26,31,97,36,51,48,39,37,47,71,49,108,54,52,57,28,65,57,25,56,29,118,28,56,29,39,80,53,49,48
2015,6,38,31,26,56,74,33,26,41,21,25,24,27,39,58,33,26,24,38,38,41,26,105,32,31,30,35,26,25,42,25,45,30,27,28,43,23,27,38,27,32,23,23,35,53,43,28,39,40,26,43,29,25,35,34,30,28,28,27,40,57,28,63,29,26,26,24,71,34,55,29,33,35,29,37,25,30,67,48,53,24,54,32,24,26,56,27,34,27,28,29,33,46,37,56,34,28,39,24,30,27,25,33,29,54,27,35,26,26,38,36,31,29
2015,7,68,60,38,57,56,53,31,57,40,32,50,66,49,72,54,37,40,60,48,38,60,55,40,38,32,65,54,34,37,40,61,37,65,57,45,62,47,81,41,57,65,39,54,60,63,52,46,37,47,48,31,41,55,55,34,40,43,47,32,35,33,65,39,40,71,33,61,126,65,63,47,38,44,46,37,52,48,46,53,34,60,59,50,51,49,30,57,47,42,37,28,44,77,44,31,44,148,47,51,44,41,41,36,61,54,41,76,37,52,32,34,46
2015,8,68,83,59,56,53,58,99,54,34,88,47,47,50,49,51,59,40,55,43,166,77,76,56,66,29,52,66,33,142,157,64,34,42,252,94,148,78,32,62,72,63,44,33,135,48,37,174,41,33,40,117,74,83,47,189,75,64,73,37,122,36,91,47,44,93,35,144,359,139,67,74,124,179,30,65,207,38,47,55,60,118,126,57,202,48,47,77,36,42,74,90,222,170,70,48,127,144,79,92,47,47,61,100,175,189,64,108,134,209,48,100,43
2015,9,30,42,38,53,39,55,69,100,216,51,23,85,32,24,36,161,26,34,48,172,65,42,109,44,38,39,27,31,27,40,31,139,69,44,45,133,243,68,197,24,129,60,68,62,38,40,101,28,24,41,123,59,81,42,30,43,162,72,116,39,35,28,67,40,26,42,30,220,81,77,31,95,37,46,23,110,43,38,35,32,257,77,25,286,23,30,47,28,36,30,111,137,64,35,113,37,48,121,56,77,44,53,52,152,66,37,32,129,48,51,29,74
2015,10,24,139,31,23,35,27,69,497,61,27,35,51,28,23,94,79,29,49,102,31,24,34,75,47,23,23,139,22,32,37,42,142,28,32,54,27,68,26,184,45,30,34,76,39,28,31,25,25,37,228,29,1426,40,23,32,43,56,88,35,25,23,25,48,22,37,145,38,35,170,39,134,25,37,60,33,105,47,36,86,32,44,44,47,122,23,32,141,47,25,25,78,60,50,280,48,84,53,56,95,25,67,26,129,27,31,63,132,33,231,204,26,65
2015,11,38,38,139,22,24,152,35,151,65,23,66,32,44,23,72,34,35,46,94,35,41,46,47,109,23,32,36,25,62,72,35,51,36,32,72,31,87,34,91,152,574,71,63,111,55,34,73,47,60,85,57,121,739,22,24,65,133,61,40,41,120,29,29,74,23,92,164,40,60,42,74,24,155,96,59,30,31,66,73,54,27,117,219,34,27,25,34,60,87,24,77,86,107,78,62,312,72,72,189,194,24,52,110,80,79,23,107,50,109,77,37,200
2015,12,25,167,190,59,28,43,149,66,121,91,227,123,145,23,76,143,42,42,47,35,27,51,206,134,27,64,54,42,33,248,86,559,36,93,143,33,52,62,62,272,145,107,35,1220,28,29,145,71,226,159,110,452,105,23,23,97,75,38,51,122,314,35,87,54,30,800,33,75,33,69,165,23,232,41,79,654,36,29,81,509,69,111,392,33,592,90,176,58,30,29,75,52,32,60,46,212,78,1078,64,363,66,59,57,39,533,27,109,214,178,41,169,126
2016,1,27,69,104,25,147,489,166,48,90,922,1525,43,61,63,78,66,41,92,36,296,22,45,313,180,59,89,139,48,345,192,360,713,25,197,266,27,90,143,240,65,146,61,44,150,57,24,1217,143,293,103,327,1223,75,188,84,103,44,40,130,115,50,103,338,95,170,1478,132,73,37,42,268,50,263,46,70,132,66,53,71,73,255,73,168,42,57,165,124,58,38,103,83,108,136,204,133,127,462,101,282,131,37,33,34,29,89,28,122,322,257,74,42,178
2016,2,29,46,208,24,50,549,197,81,151,282,2894,83,61,292,462,72,64,42,100,128,45,58,320,161,30,38,450,306,136,129,549,2195,160,120,115,24,141,154,162,83,2944,33,90,162,130,61,1844,34,233,171,633,870,434,56,391,208,122,54,227,157,188,229,116,31,33,1082,254,155,31,82,568,68,84,36,186,118,179,26,35,91,244,40,135,57,102,87,113,59,52,33,46,843,483,270,504,1303,219,118,1324,271,121,96,101,44,128,26,118,51,249,172,81,197
2016,3,25,184,130,31,105,1087,119,62,91,373,1271,86,252,96,144,178,33,105,141,211,278,73,351,178,25,161,463,40,83,88,259,1415,49,180,729,102,73,413,152,48,582,103,60,805,250,23,2335,36,167,914,504,1065,477,272,108,712,70,271,126,232,246,92,76,28,92,1012,121,64,32,55,193,122,260,31,58,308,70,36,31,447,993,35,77,160,120,60,215,256,101,28,77,2030,154,304,335,1313,175,192,329,116,50,202,53,33,70,107,58,88,122,84,163,893
2016,4,22,58,58,140,37,539,63,38,46,229,310,31,66,59,79,101,70,33,51,155,154,41,286,137,32,48,381,164,52,52,71,229,27,70,268,117,89,117,68,34,165,40,34,410,53,31,1179,34,75,235,214,781,136,224,126,193,52,102,102,194,268,67,68,28,40,718,47,84,33,40,120,49,144,29,41,203,85,128,27,279,213,32,65,145,54,36,115,102,68,24,51,729,203,167,112,238,143,166,103,58,30,230,38,101,45,38,223,52,69,63,39,214
2016,5,21,34,42,28,27,71,38,29,32,73,70,25,37,40,50,42,42,26,32,52,38,26,64,54,22,31,59,71,36,39,105,64,25,40,54,30,33,67,36,27,111,27,30,84,34,30,152,28,42,60,61,80,60,78,50,54,31,39,47,57,63,44,38,24,29,108,38,67,32,35,89,63,51,37,35,77,73,35,39,73,58,83,40,45,34,28,45,53,56,24,28,451,103,51,51,70,49,63,55,41,27,72,26,47,35,39,70,41,40,45,31,55
2016,6,22,26,32,59,27,76,27,26,26,41,41,24,32,26,33,27,23,27,25,32,28,24,40,32,23,28,42,27,26,27,35,39,23,29,35,24,34,33,28,31,50,24,26,43,26,22,57,30,29,38,43,46,39,35,33,35,26,49,30,37,36,64,29,23,24,57,26,28,24,24,40,25,32,23,28,40,27,23,29,44,42,30,31,28,26,24,33,42,31,23,24,58,34,38,40,43,37,36,42,30,24,33,26,30,32,23,31,31,33,30,25,40
2016,7,25,53,32,46,39,54,32,38,33,48,48,56,50,53,57,40,107,56,38,44,52,42,57,34,30,72,32,51,39,40,42,66,38,55,50,46,135,47,51,44,39,56,37,41,38,26,53,48,60,35,58,32,99,49,90,68,51,50,42,28,47,58,33,47,48,51,43,49,36,37,36,49,34,36,42,74,52,56,34,35,35,60,55,34,41,42,63,52,28,41,128,94,39,49,63,46,39,37,63,48,54,89,38,56,47,39,53,48,45,56,47,61
2016,8,120,50,39,35,77,100,30,80,78,60,45,60,208,117,66,128,219,95,43,137,40,147,43,58,36,85,30,127,59,100,170,107,53,73,194,111,117,184,65,111,42,52,56,140,106,91,50,71,62,64,59,86,267,55,168,57,41,78,32,71,55,63,28,70,114,33,32,103,85,81,85,55,62,80,138,77,58,55,39,30,86,99,132,95,67,90,97,102,52,62,123,75,57,128,98,52,72,112,120,75,43,131,46,278,91,71,331,376,51,59,86,74
2016,9,137,40,218,207,45,42,29,28,398,27,29,83,39,65,34,31,127,93,45,29,30,91,27,47,105,34,25,68,157,49,29,335,46,36,65,89,25,105,90,87,24,64,43,111,91,231,52,77,54,93,40,37,170,86,178,71,106,64,25,71,149,61,25,38,317,25,27,62,113,36,106,27,83,39,53,42,28,42,24,31,105,284,123,109,36,45,50,28,115,36,92,169,26,55,321,39,55,315,73,362,34,67,51,187,52,23,99,137,77,115,24,57
2016,10,45,43,54,222,54,70,30,23,66,28,68,138,26,28,154,24,27,74,49,43,47,26,48,28,82,55,29,26,61,25,24,252,35,335,466,46,30,32,230,28,36,23,87,29,40,51,242,77,54,46,39,23,52,32,61,29,36,81,52,29,40,234,23,27,52,29,22,106,32,49,36,23,58,39,27,24,38,23,26,105,56,172,74,88,23,37,45,26,40,160,48,264,26,224,36,405,141,39,24,89,43,115,168,52,62,45,44,48,27,40,23,103
2016,11,89,24,169,40,23,72,41,24,37,84,67,913,66,23,58,25,39,57,30,35,31,45,23,146,105,50,45,71,74,52,23,155,30,214,101,25,30,40,87,94,140,24,34,39,122,26,66,593,136,59,42,33,59,47,74,26,28,68,30,36,65,46,78,36,123,103,86,42,44,141,72,37,64,62,55,402,24,22,65,36,154,52,155,41,22,25,33,29,307,703,31,55,171,52,50,116,62,174,25,136,59,77,44,81,36,32,47,31,67,25,22,104
2016,12,286,56,59,187,137,56,52,26,44,88,33,100,119,24,35,23,53,94,187,67,344,34,55,189,53,72,190,185,187,311,101,81,157,95,215,25,28,25,90,352,55,135,35,161,176,29,273,42,118,30,96,34,34,23,35,41,50,33,187,171,138,201,97,27,94,152,35,155,153,37,105,44,497,151,30,62,24,22,28,137,47,625,307,134,182,1211,36,34,43,367,146,42,240,202,35,50,39,97,45,48,131,71,59,62,302,66,29,28,142,30,739,77
2017,1,77,39,51,51,492,118,165,23,48,319,169,92,72,513,158,43,66,109,50,154,53,137,98,51,38,94,237,48,108,72,88,258,158,68,227,65,53,90,287,367,36,328,87,126,51,94,144,338,235,33,65,381,1743,61,226,24,29,237,159,131,84,410,116,25,161,436,122,50,61,335,240,40,172,101,27,42,386,30,155,210,44,1071,270,257,64,694,204,24,82,317,101,42,100,253,28,704,44,558,143,66,68,47,75,87,85,33,79,195,42,102,129,39
2017,2,85,24,50,57,391,112,61,22,197,89,100,108,157,141,88,114,51,326,123,195,52,144,182,78,42,514,83,40,91,64,77,165,99,201,501,200,128,151,315,982,50,165,229,101,73,94,233,426,336,151,62,460,917,82,179,39,32,125,88,806,127,287,39,103,178,1886,53,75,35,327,71,32,194,573,57,195,115,32,404,109,134,737,261,157,94,418,123,37,178,305,106,299,449,740,25,777,41,1740,106,44,139,159,45,158,58,49,174,60,249,150,130,124
2017,3,145,149,77,58,975,60,57,21,171,210,88,66,130,158,263,231,235,546,396,60,64,49,177,57,82,228,68,145,50,60,40,390,49,129,1038,80,166,283,2108,352,224,174,94,52,42,33,463,959,179,150,191,619,1014,63,130,168,25,104,109,189,305,348,34,532,151,1864,87,113,32,1452,64,101,207,277,53,130,105,23,364,387,393,321,197,218,108,147,97,42,91,140,51,132,348,1749,32,3123,213,956,89,51,67,69,161,158,52,41,98,48,73,230,332,312
2017,4,93,32,37,35,791,36,34,21,66,441,41,40,70,59,183,41,45,163,129,43,61,37,100,36,39,100,87,97,37,77,40,366,60,57,861,40,124,137,1077,108,60,76,52,38,37,27,128,894,148,68,118,128,2106,29,242,56,41,66,63,75,105,438,32,478,57,792,36,49,40,452,45,29,157,75,27,65,58,35,120,131,339,119,137,77,38,82,48,26,49,90,73,176,122,456,33,902,46,1257,46,61,173,37,39,61,54,26,94,34,51,363,168,228
2017,5,42,26,29,27,101,28,29,22,43,76,39,30,39,45,49,30,32,60,49,30,38,36,42,40,30,45,40,38,31,54,35,81,30,48,84,39,35,46,1083,55,35,71,31,30,27,25,60,89,93,37,38,67,115,25,77,77,33,38,37,63,45,178,25,112,36,86,29,34,27,123,37,25,61,56,23,49,34,32,51,62,54,68,61,41,29,54,33,27,34,67,45,113,51,77,24,396,40,287,35,33,44,29,42,36,33,26,39,31,44,64,50,56
2017,6,30,23,28,27,50,35,24,24,29,39,25,25,36,30,31,26,26,45,34,28,24,26,29,27,25,31,33,28,24,25,25,38,25,32,50,26,27,31,59,36,26,30,26,25,24,25,36,45,35,27,31,35,52,27,35,72,25,27,26,33,30,52,28,44,27,46,24,37,34,50,28,24,34,47,23,31,26,22,48,43,38,43,39,30,25,32,28,23,26,33,25,35,32,44,47,61,28,64,27,25,28,26,25,28,29,23,30,24,26,34,33,34
2017,7,40,27,48,33,71,39,35,37,427,403,44,46,95,33,44,56,27,57,50,46,32,44,27,40,31,31,36,49,142,38,34,36,32,103,49,37,51,29,54,42,37,29,39,39,55,51,40,74,48,36,43,57,151,28,57,55,96,37,34,68,83,36,47,36,31,55,67,222,73,42,42,38,47,47,40,52,47,58,64,40,49,36,35,76,43,52,47,57,54,57,43,38,289,45,50,50,55,65,46,45,32,34,44,53,47,42,35,44,66,190,36,43
2017,8,72,52,49,501,40,73,34,43,148,146,225,54,106,47,89,75,44,480,161,52,53,38,64,185,42,66,57,101,237,74,63,126,72,151,37,69,41,53,63,49,62,37,33,60,36,47,71,80,98,48,62,179,81,111,59,93,79,124,40,64,126,34,92,39,45,170,195,140,121,186,66,82,119,68,69,189,56,95,41,54,46,45,45,135,108,131,63,27,70,95,163,102,122,55,96,50,77,47,38,41,46,65,86,78,40,120,42,214,122,103,53,65
2017,9,46,33,62,64,28,45,23,32,88,100,37,44,46,25,112,136,28,63,62,508,40,79,27,205,30,46,61,68,134,95,43,76,54,125,23,33,94,38,70,28,27,48,64,96,46,27,80,82,109,54,49,147,142,85,31,179,160,195,45,48,53,26,72,37,26,62,85,42,27,153,26,46,75,80,71,103,36,301,35,32,24,29,24,156,59,29,158,25,438,49,45,33,138,34,33,48,57,29,40,27,122,67,35,25,27,307,188,26,30,74,30,49
2017,10,23,49,27,142,41,34,55,45,107,63,153,48,44,23,36,33,90,31,29,204,22,30,33,124,23,46,47,115,56,186,114,24,24,42,115,30,156,63,34,31,36,23,26,93,56,22,25,70,203,82,37,33,178,26,50,48,55,75,46,285,174,24,117,70,26,32,26,37,25,50,1626,26,62,51,106,30,160,81,79,61,126,23,34,87,97,167,109,23,120,111,68,37,55,24,119,39,46,23,59,28,122,24,31,85,23,386,226,156,34,77,23,28
2017,11,22,102,49,143,51,68,38,21,166,29,159,98,119,29,326,53,43,112,23,158,33,287,184,63,40,29,121,55,28,115,222,61,23,25,196,56,34,24,54,62,41,40,34,67,72,30,32,87,151,99,54,25,87,181,84,158,99,33,33,121,79,172,41,266,54,57,36,36,42,83,112,56,37,71,38,71,37,192,43,29,26,36,27,87,103,181,41,207,79,243,118,23,33,23,92,33,76,62,68,45,39,184,23,53,69,185,79,27,23,27,57,48
2017,12,30,64,50,55,316,51,119,44,94,75,120,51,86,198,119,184,88,155,589,67,40,54,45,32,23,25,604,37,157,347,119,54,24,91,177,61,80,24,25,127,45,74,177,124,68,161,29,31,259,171,235,142,177,165,98,134,450,39,228,285,60,41,152,205,174,158,24,31,84,50,624,94,971,294,36,59,55,247,33,29,39,108,414,323,32,140,89,75,39,118,591,105,129,22,33,305,179,24,77,22,50,48,34,85,82,117,80,100,48,26,664,99
2018,1,29,57,64,1101,113,117,863,58,64,34,1827,111,65,376,157,59,187,153,344,93,262,90,91,30,132,30,94,60,77,305,153,144,23,218,64,87,96,226,26,37,227,57,127,397,114,103,49,75,134,332,311,60,75,264,97,71,307,44,94,1142,80,151,69,262,343,365,43,26,203,95,569,121,195,94,53,141,286,163,26,495,181,109,434,253,179,153,221,150,117,63,844,167,97,26,34,110,81,29,162,33,31,220,131,56,32,164,107,165,134,310,143,108
2018,2,47,36,87,781,266,34,2875,33,214,62,1789,53,114,86,135,71,101,117,628,171,83,392,114,75,151,32,380,67,41,154,408,75,32,99,197,90,55,169,24,58,155,255,162,391,348,89,80,93,259,169,1398,715,83,165,341,743,888,145,47,951,35,106,48,438,161,90,176,82,164,47,1871,100,353,188,28,110,156,94,231,323,143,253,204,450,108,226,340,179,126,162,1611,301,287,24,99,889,131,60,1057,31,151,299,443,33,224,102,174,227,360,457,239,67
2018,3,111,40,219,385,370,50,246,34,298,47,775,115,185,59,124,160,43,77,1301,292,98,790,46,119,35,114,655,192,61,153,710,89,26,86,552,78,99,223,67,174,600,86,81,1115,362,97,31,583,136,115,1753,2574,142,83,333,3155,255,38,213,2265,30,75,36,183,70,126,102,235,106,71,535,37,700,150,65,194,304,260,62,264,85,70,122,418,1245,172,728,75,120,69,693,528,174,169,144,1891,696,47,720,137,116,245,460,31,182,76,88,100,608,246,209,65
2018,4,93,68,209,93,169,40,70,29,105,30,177,38,147,52,101,51,34,48,533,185,41,359,37,48,30,38,140,175,35,178,146,62,41,57,132,42,62,70,26,36,396,50,62,477,109,50,81,203,98,97,454,332,59,49,67,1006,72,37,77,322,28,39,33,68,63,59,47,50,56,32,639,59,259,74,27,54,143,85,37,103,46,39,90,113,318,118,99,46,114,49,132,174,77,49,46,858,261,50,279,50,43,121,167,51,97,55,72,46,309,284,75,38
2018,5,30,28,47,54,59,26,48,22,40,40,65,30,46,35,73,45,30,34,79,54,40,84,27,28,41,25,55,85,26,59,64,60,41,36,230,36,40,44,23,30,66,47,33,213,63,32,60,52,63,43,71,61,36,36,47,83,47,37,43,213,26,30,27,47,37,36,29,32,40,28,80,38,65,36,28,38,53,42,26,49,32,31,49,54,87,45,53,38,61,34,58,60,38,76,29,100,72,26,64,26,36,48,57,30,40,37,43,33,67,83,45,41
2018,6,33,32,32,45,36,40,39,21,31,27,36,27,28,26,35,26,25,26,43,35,30,44,45,40,24,25,38,35,24,36,35,30,26,26,45,27,55,92,26,28,90,25,27,127,35,27,24,39,35,29,45,46,28,27,65,41,31,26,28,53,26,34,24,31,27,27,27,26,30,24,62,29,40,28,23,28,34,42,24,31,27,26,31,35,47,35,35,26,33,26,39,37,28,35,27,47,41,24,47,27,26,34,35,31,28,27,35,28,39,41,54,30
2018,7,58,77,84,34,46,41,63,31,43,26,58,35,55,61,35,54,28,40,50,46,43,42,42,108,53,26,32,46,57,53,35,60,26,49,55,45,44,112,31,28,40,54,74,54,46,40,50,44,134,43,35,59,44,71,58,42,56,45,29,65,55,45,26,30,31,46,36,39,49,56,37,36,48,37,87,93,42,154,47,39,49,46,58,32,33,33,75,44,46,31,47,44,65,39,56,42,54,83,45,41,28,56,52,246,51,38,43,44,59,38,39,46
2018,8,299,89,82,37,36,100,101,26,38,46,128,55,98,42,41,62,35,39,34,119,60,49,91,339,56,36,34,52,99,95,121,246,123,40,45,63,84,161,92,40,105,33,57,63,33,63,67,43,92,68,46,42,47,106,44,340,56,47,66,67,56,64,29,29,99,87,92,76,47,74,65,137,193,64,115,163,59,115,46,35,39,134,194,50,96,66,128,61,252,41,64,75,94,70,37,29,112,107,47,46,92,94,52,272,66,143,69,79,141,81,42,57
2018,9,93,89,114,33,38,70,32,23,25,42,246,23,47,24,34,32,26,39,63,168,56,59,82,94,169,23,36,50,51,60,105,75,106,94,27,77,92,40,50,35,40,106,62,61,37,72,70,25,65,23,37,60,32,68,40,101,40,25,25,135,55,38,26,48,438,56,274,38,26,54,85,44,52,53,41,52,33,44,50,141,25,33,29,60,58,37,27,32,296,30,28,63,42,57,27,27,42,87,62,51,128,37,41,65,39,76,128,58,39,25,121,50
2018,10,39,54,82,30,45,31,32,34,24,29,56,22,27,167,27,62,41,22,56,35,25,25,45,881,36,27,51,28,43,35,36,75,48,47,30,394,260,60,24,33,32,24,41,63,135,56,338,45,49,35,105,60,27,65,35,30,40,22,23,684,29,88,35,29,46,105,37,28,23,34,66,26,156,58,50,51,105,74,53,61,22,34,34,209,931,30,29,30,46,30,28,107,69,67,27,82,227,58,31,37,71,26,31,67,23,38,44,111,69,24,50,103
2018,11,36,210,63,47,75,49,115,44,62,22,528,50,47,36,144,23,25,61,629,25,74,126,131,466,52,40,93,532,44,63,42,35,111,68,57,54,61,31,25,50,58,55,23,114,39,53,42,85,184,53,70,68,38,34,79,31,82,111,28,128,40,45,78,51,51,49,43,49,38,23,126,36,90,155,252,417,159,54,25,100,49,42,221,85,116,291,45,34,63,23,31,48,63,233,75,110,89,193,51,33,117,31,79,66,23,81,115,62,49,34,28,60
2018,12,28,253,49,25,55,77,43,23,27,22,112,299,132,58,113,28,99,22,448,25,25,95,37,585,242,23,42,72,45,74,65,69,115,139,37,99,70,183,22,364,24,28,503,49,39,186,69,26,35,35,65,32,34,45,42,73,27,83,37,149,288,43,28,114,36,494,26,82,30,63,66,23,34,305,67,62,251,29,104,50,128,74,84,71,345,245,34,205,33,22,59,49,310,46,38,118,38,122,25,48,58,319,71,57,223,173,53,188,203,461,47,74
2019,1,38,281,139,50,214,117,31,40,81,94,464,171,277,51,171,348,60,58,141,58,26,55,120,1216,266,25,92,368,33,305,46,458,162,58,34,254,39,173,22,129,114,109,429,119,48,288,383,48,38,115,240,482,64,78,33,529,25,112,27,151,55,271,27,229,303,228,28,265,23,86,1670,131,123,2757,47,291,89,490,38,115,125,51,292,317,4029,117,131,476,46,23,106,31,66,195,436,53,72,263,25,25,387,566,218,45,223,155,44,54,46,538,54,34
2019,2,263,1353,251,47,472,250,77,190,68,75,519,118,147,156,129,762,44,40,306,230,149,59,124,1312,183,38,89,155,74,331,71,163,187,145,100,771,203,112,22,248,159,53,462,106,82,970,169,522,113,47,96,517,42,39,155,502,26,58,106,122,82,124,51,106,188,136,49,50,45,229,1974,360,53,1760,74,285,192,1030,148,96,224,75,440,149,1807,207,73,225,163,41,64,50,198,95,243,142,266,390,62,23,539,782,123,57,172,103,58,81,73,1764,216,44
2019,3,72,857,456,78,141,44,34,92,167,95,1788,99,264,151,183,551,47,261,939,86,274,333,238,1050,243,53,45,503,28,1385,34,300,63,115,83,1135,186,330,22,412,46,33,157,69,168,1370,121,76,96,92,65,429,25,146,59,363,236,39,28,75,204,134,31,151,194,106,35,125,56,62,2352,273,53,685,38,162,329,959,46,117,223,81,824,98,561,357,104,160,148,55,36,42,173,104,813,82,135,318,24,27,400,369,268,125,143,50,46,44,62,1255,82,50
2019,4,44,450,115,34,56,61,27,266,36,50,279,57,206,103,57,144,33,253,170,54,156,70,98,278,116,32,35,468,34,582,29,91,46,86,41,573,86,96,21,163,39,37,102,48,61,417,80,60,51,51,41,215,27,34,56,152,58,39,33,51,90,43,27,73,103,388,60,44,68,35,212,129,41,246,34,71,119,321,49,49,123,38,350,66,271,105,48,123,71,25,42,55,59,79,827,80,49,202,29,25,120,134,192,50,62,66,30,43,33,809,36,26
2019,5,36,83,49,25,39,36,35,47,28,54,62,37,52,42,37,88,25,113,78,37,63,38,51,73,63,22,35,102,24,66,29,46,36,37,26,272,57,43,20,61,27,26,68,32,31,91,41,37,32,29,33,58,25,27,34,62,30,25,25,35,36,35,24,42,43,87,25,35,45,29,69,46,28,82,27,43,48,79,29,38,67,26,132,36,79,48,29,50,33,22,26,26,42,42,130,100,41,94,25,23,55,55,67,29,36,36,26,28,26,140,28,28
2019,6,25,47,35,23,40,26,28,29,24,29,43,30,49,27,28,38,77,39,41,28,33,27,31,45,36,22,29,73,23,44,39,34,29,31,24,53,123,30,23,39,27,24,39,25,26,53,29,29,28,25,26,37,29,24,24,37,26,23,23,27,28,27,33,31,30,42,23,28,37,26,67,32,25,43,27,32,33,42,30,25,32,30,49,27,44,31,37,38,33,24,24,23,33,28,59,55,26,41,23,22,41,36,34,24,29,32,23,88,33,50,25,25
2019,7,362,80,50,48,30,44,57,60,29,53,48,44,103,47,30,86,47,44,44,37,27,39,40,57,69,30,98,51,30,65,60,45,50,56,50,45,69,54,43,92,44,423,94,72,40,40,76,72,33,37,55,38,29,28,48,79,62,35,24,27,40,50,40,27,44,124,46,45,40,45,63,52,36,42,47,40,59,49,87,36,29,53,37,30,40,41,29,62,31,48,48,45,53,48,82,70,34,51,88,48,34,51,36,51,40,51,40,74,158,39,48,42
2019,8,467,105,161,68,146,72,51,128,58,66,78,63,76,155,43,136,101,46,63,58,54,176,41,32,91,36,71,41,57,502,144,92,30,269,104,41,48,125,58,84,101,400,77,41,73,88,63,84,155,39,80,46,34,56,49,136,60,115,153,48,140,119,61,42,40,124,86,40,222,156,64,100,106,35,91,39,38,60,62,33,34,116,96,35,110,37,55,92,44,115,87,70,66,52,72,176,118,190,118,71,29,75,69,111,65,39,112,48,95,63,32,218
2019,9,97,76,57,31,211,66,66,64,70,59,91,24,82,72,28,86,32,37,51,34,23,48,54,38,33,29,479,27,42,63,46,64,25,41,38,23,61,52,46,39,64,132,131,30,153,32,40,256,156,35,154,28,22,23,24,231,38,65,30,27,57,185,67,167,28,72,48,77,80,83,26,97,53,33,126,61,27,33,31,43,45,130,100,25,53,25,75,43,118,36,53,77,56,52,97,222,106,40,142,113,24,49,67,42,87,72,54,23,99,28,26,126
2019,10,44,24,43,72,48,59,65,26,74,63,81,115,34,53,90,49,32,71,37,53,35,45,23,54,23,25,106,30,927,41,78,128,35,48,54,23,120,40,21,25,49,89,60,150,115,50,23,92,103,54,36,30,44,30,27,44,43,23,64,34,31,92,25,56,28,31,42,88,43,76,50,24,59,65,96,50,153,24,40,39,23,104,53,23,31,25,70,32,79,291,46,68,150,38,151,189,84,28,39,43,57,177,30,40,26,176,123,30,1427,50,45,67
2019,11,67,46,24,215,79,63,31,73,36,76,69,141,86,73,36,90,441,131,314,417,106,111,42,166,28,55,220,39,72,69,139,52,223,263,96,28,66,78,48,53,72,51,27,255,109,122,24,84,108,133,43,41,31,34,30,54,29,23,118,33,73,120,55,115,32,86,240,51,144,97,172,64,45,45,114,113,94,53,25,51,839,30,136,37,23,111,220,51,162,66,96,67,27,45,43,51,77,33,178,39,108,54,90,111,35,71,30,58,117,23,79,96
2019,12,299,221,23,124,35,53,35,388,40,247,35,45,48,38,37,58,177,173,117,322,468,176,29,34,43,131,130,28,45,66,37,529,103,157,168,27,36,33,21,57,164,46,76,69,62,165,38,50,119,81,134,27,23,108,34,45,204,31,56,141,28,68,34,260,263,27,88,109,77,105,125,70,78,53,111,45,253,260,52,150,797,67,100,27,33,153,141,70,35,52,31,37,83,23,43,73,50,56,140,28,347,73,1100,28,93,161,104,43,50,34,28,44
2020,1,361,68,189,203,120,36,31,537,101,173,45,151,192,494,93,114,243,1281,243,479,663,190,105,51,23,228,236,50,328,170,74,371,302,82,73,45,45,44,23,31,72,255,117,139,55,233,29,46,108,47,70,114,21,613,36,212,2007,31,323,99,50,422,29,767,126,45,310,407,44,63,139,39,488,67,68,52,88,191,252,65,294,190,1903,506,37,204,604,65,36,357,29,36,166,25,64,104,62,27,229,383,109,45,473,109,64,143,50,25,231,195,51,90
2020,2,841,158,45,526,151,34,24,914,230,108,91,181,505,262,103,103,393,2318,173,1951,1067,108,112,48,131,112,729,52,161,127,58,377,353,142,66,201,32,323,22,166,62,203,206,101,41,697,45,1036,102,35,276,212,39,104,196,160,1486,33,180,85,70,481,39,1711,211,48,280,153,47,42,52,281,208,584,46,75,115,113,426,89,1078,169,3939,178,27,1261,315,324,35,357,180,38,304,53,205,260,225,111,244,158,161,136,1551,204,123,129,60,25,162,157,176,290
2020,3,1797,131,91,481,177,97,43,898,390,159,257,337,637,392,56,225,354,2536,177,1676,1123,60,33,77,216,172,1437,28,670,72,36,975,106,325,76,908,444,70,20,42,198,793,112,111,164,690,41,872,240,35,617,48,62,177,339,210,1254,63,177,281,44,722,46,405,524,50,133,123,69,38,212,541,2374,209,39,31,134,108,135,236,995,45,1256,90,23,2233,344,158,135,161,45,196,326,95,164,141,189,46,256,580,80,248,455,761,297,70,41,99,150,381,60,588
2020,4,359,58,34,446,65,51,41,228,92,74,143,193,230,170,40,242,536,308,92,1103,557,43,27,29,46,152,902,34,255,109,50,325,60,271,43,1071,259,50,22,33,47,163,108,143,39,161,46,769,82,42,164,47,39,90,173,84,438,37,91,152,35,228,142,106,251,34,58,60,32,29,90,136,1014,99,41,28,153,56,53,83,803,39,512,59,22,554,96,196,109,60,44,114,203,41,61,57,229,47,143,137,84,119,100,295,100,43,55,27,252,232,109,221
2020,5,71,35,30,143,37,29,26,82,48,52,60,74,66,52,29,117,65,63,43,121,183,31,25,26,34,54,82,23,104,43,27,68,98,79,32,592,124,40,20,26,37,53,43,59,29,69,39,83,45,32,97,32,23,44,47,41,84,24,46,42,25,59,46,56,67,43,42,36,32,27,40,58,75,44,48,25,173,37,50,36,447,33,75,38,23,71,60,93,30,42,29,53,109,30,36,36,50,34,55,60,41,40,65,213,44,33,36,28,314,80,36,86
2020,6,44,33,26,46,40,27,42,44,32,32,50,35,42,34,25,50,40,39,30,47,67,25,44,40,26,45,47,27,50,30,26,42,35,38,25,87,38,27,20,31,43,38,29,34,25,39,23,90,41,24,36,28,21,35,33,32,45,26,33,31,25,36,26,37,38,24,33,28,27,26,34,36,51,37,24,27,36,28,32,27,171,29,45,28,22,42,48,35,25,37,23,28,42,34,26,27,68,24,34,64,29,34,38,66,30,28,26,23,50,37,35,44
2020,7,38,57,42,78,43,47,53,44,46,27,50,54,53,75,53,66,44,44,42,60,63,47,61,125,44,49,37,35,63,72,48,64,42,31,70,65,32,90,64,41,51,49,38,31,47,33,61,36,80,31,68,42,38,69,34,39,168,38,26,47,41,37,90,57,34,36,40,32,41,28,57,37,34,55,42,47,51,76,47,37,96,28,60,43,25,56,295,56,27,43,25,50,57,38,40,35,47,48,59,41,95,61,67,85,91,30,46,38,54,56,44,74
2020,8,47,45,37,517,85,90,43,330,37,65,44,115,70,42,66,464,67,50,59,82,115,107,111,124,32,42,40,109,117,75,363,83,268,37,72,111,57,56,45,124,36,220,60,54,58,29,52,35,137,46,86,81,64,92,36,59,419,54,25,46,86,245,89,103,35,48,244,39,180,53,103,40,26,70,41,124,105,45,55,44,49,51,47,71,34,130,225,37,42,54,32,63,48,57,102,38,236,69,34,65,60,56,189,86,247,57,89,83,63,208,151,133
2020,9,58,32,74,330,57,49,61,113,23,50,122,45,124,32,82,274,202,37,25,28,48,93,61,135,26,74,27,33,165,36,158,62,52,62,105,39,34,44,89,29,80,93,24,35,32,25,67,24,30,126,142,106,31,38,24,38,95,61,23,79,49,134,81,74,34,101,93,29,140,26,57,26,29,79,36,28,60,63,30,24,40,57,37,32,35,60,64,65,49,24,24,36,36,143,42,49,157,69,30,75,43,68,114,82,44,42,166,39,78,31,137,79
2020,10,78,68,98,74,73,25,31,51,30,86,101,31,150,27,40,51,27,63,25,68,25,116,44,86,28,36,24,134,51,33,28,24,27,34,68,25,53,93,28,23,48,63,28,36,30,23,28,23,25,162,52,56,82,77,110,31,48,90,29,40,180,30,27,24,23,74,33,34,28,25,32,25,27,24,57,28,38,26,31,23,25,41,52,41,21,32,32,81,22,36,27,61,80,115,25,108,68,49,42,72,37,46,199,25,481,43,47,56,38,33,77,425
2020,11,49,133,48,205,49,33,50,56,22,65,28,116,69,37,26,96,27,87,55,25,30,55,130,48,497,44,25,282,50,291,74,51,58,51,121,88,52,110,41,25,79,72,25,247,75,68,47,48,40,232,79,67,91,29,53,38,161,55,29,67,342,95,23,23,79,27,74,59,96,534,162,29,39,24,95,47,53,49,84,30,281,39,27,61,23,55,78,32,22,59,25,197,325,93,23,98,84,243,79,34,47,23,81,34,88,32,66,89,47,24,127,69
2020,12,277,241,28,112,72,134,45,93,25,157,218,211,79,74,68,48,95,120,27,359,32,139,48,27,72,26,66,108,144,107,106,124,27,23,38,523,74,158,490,179,68,84,27,349,63,375,49,59,639,107,44,76,30,607,223,85,131,315,432,53,67,164,63,156,423,289,34,74,243,96,59,376,140,24,62,83,126,28,35,37,189,284,49,145,33,65,67,87,24,23,53,221,99,60,50,474,54,690,41,99,36,43,270,87,128,23,43,30,172,175,48,530
2021,1,550,242,49,91,51,110,64,59,783,199,97,69,81,25,225,245,66,135,48,100,30,181,42,297,171,37,25,250,227,63,154,71,24,41,96,655,168,71,585,578,66,322,27,1232,33,269,145,36,592,100,183,157,83,1423,57,155,252,262,298,29,95,107,28,43,250,113,189,43,135,54,171,190,87,28,30,193,58,476,393,28,229,350,41,1928,24,155,223,161,46,340,260,59,62,365,37,593,156,1162,98,65,194,122,183,113,1236,88,1455,30,211,60,120,417
2021,2,1496,161,88,185,92,109,26,40,127,193,151,70,86,43,48,148,48,121,214,54,133,62,66,168,205,77,46,273,182,49,185,37,68,90,115,2181,115,84,365,2101,77,375,642,2944,160,620,120,25,709,324,600,440,133,587,50,1422,113,573,424,112,74,82,25,51,229,91,168,184,216,54,95,101,55,98,401,143,78,400,198,24,250,168,97,445,46,111,110,148,275,121,54,63,50,422,49,161,343,1607,61,68,159,95,127,120,1450,46,447,37,64,37,127,866
2021,3,374,755,83,542,47,95,28,55,185,475,73,84,102,78,42,94,58,278,135,542,49,69,247,229,285,28,29,135,370,217,183,84,73,73,320,2980,91,607,667,709,119,594,83,1409,82,2481,415,24,283,238,230,278,106,200,268,1065,98,343,217,49,137,64,215,59,381,53,62,36,341,54,490,179,45,56,688,48,60,552,497,22,223,439,108,585,103,101,395,177,102,98,37,134,124,748,36,368,182,833,115,35,384,45,186,230,1593,43,412,98,60,44,592,921
2021,4,117,170,72,421,31,414,25,77,84,169,105,48,49,34,34,44,30,125,210,109,44,117,51,113,590,25,39,65,482,147,52,42,55,79,66,905,47,306,1126,348,40,220,47,1137,40,487,385,23,104,79,107,70,104,154,68,395,108,104,66,50,51,81,33,30,226,85,38,61,115,37,181,137,34,36,347,38,31,1160,201,22,135,183,53,280,38,48,82,60,50,104,30,96,112,367,35,127,77,231,42,30,128,32,78,162,752,89,159,67,61,29,509,721
2021,5,67,107,29,130,38,61,23,28,48,83,37,38,31,40,26,32,28,43,68,51,48,37,32,40,72,24,25,42,74,64,35,34,25,31,37,193,31,74,228,67,30,58,33,85,28,138,69,23,51,71,54,45,33,79,49,80,47,49,44,28,35,66,28,25,59,38,32,49,50,29,67,50,29,36,95,30,28,78,51,22,137,53,33,205,29,29,68,37,33,45,26,40,55,116,27,56,48,63,29,25,47,33,40,72,136,27,57,32,31,26,171,119
2021,6,36,44,29,101,31,103,22,28,31,38,27,26,26,25,24,27,26,30,30,39,24,30,26,31,54,23,25,29,44,32,27,24,25,24,34,51,27,39,62,49,25,38,40,44,31,52,40,22,35,34,35,32,47,39,32,46,29,33,36,26,27,28,24,24,56,29,25,48,33,25,41,33,25,25,46,29,25,42,46,22,48,39,43,50,23,25,42,29,60,27,24,28,39,65,23,39,33,73,25,23,35,24,29,33,49,27,41,24,25,24,45,49
2021,7,51,47,33,67,38,97,43,35,30,46,37,29,28,71,49,33,43,48,46,38,77,45,34,48,39,27,44,44,79,31,31,31,63,50,87,84,37,88,79,33,37,56,55,61,44,53,37,41,49,52,51,50,47,36,28,45,46,49,85,48,38,48,37,43,41,48,44,73,46,39,113,54,30,43,61,39,40,56,68,37,56,49,42,79,29,52,65,29,63,41,36,52,39,75,24,49,45,71,38,31,37,60,47,45,50,52,40,38,67,38,67,43
2021,8,56,57,216,83,132,102,58,104,94,43,65,61,143,396,46,70,32,85,42,62,69,179,50,59,55,46,52,66,161,53,49,61,155,64,113,111,36,45,237,38,64,54,106,96,32,47,63,30,234,66,46,170,45,79,41,87,58,45,283,40,31,77,50,83,30,29,101,154,119,139,135,61,71,39,55,54,71,43,283,155,97,109,52,150,169,81,83,78,56,96,48,54,285,139,27,44,38,69,33,71,93,123,190,36,82,67,174,74,116,123,119,50
2021,9,23,45,113,40,134,70,29,62,186,52,35,26,50,136,58,26,47,222,49,37,65,165,34,27,25,25,63,72,140,77,225,36,46,49,31,182,23,59,43,28,31,29,150,79,31,26,93,137,407,37,41,25,53,91,29,39,30,75,202,50,52,30,30,41,32,27,24,39,26,29,27,25,24,39,39,26,27,47,98,32,47,41,79,103,82,30,97,23,71,90,33,25,65,1757,35,119,54,46,46,59,39,41,46,25,25,63,85,28,71,63,45,38
2021,10,55,79,33,27,50,67,44,24,99,30,25,506,92,95,154,91,53,47,65,32,47,42,42,190,23,39,77,30,203,58,99,32,24,27,24,73,25,61,75,32,52,23,82,153,84,42,55,41,141,34,23,24,44,129,33,129,40,33,92,29,40,23,23,24,24,31,24,25,41,42,66,30,64,35,150,36,93,30,165,66,30,54,36,29,38,186,158,23,48,42,46,27,51,247,22,157,24,42,49,788,69,1281,31,29,26,63,41,27,208,25,60,24
2021,11,23,51,47,42,310,31,97,24,28,32,93,255,72,40,53,151,24,28,66,64,45,34,27,35,65,135,47,24,163,31,126,76,85,31,117,131,22,82,490,31,173,37,141,121,231,42,157,90,141,25,59,42,31,32,42,44,26,35,122,67,43,162,41,27,30,245,24,54,123,117,44,23,71,32,150,118,34,47,83,237,35,103,53,36,27,74,75,33,64,32,26,184,267,90,118,177,24,161,142,873,156,104,297,50,74,70,90,25,29,44,71,27
2021,12,59,114,88,66,244,38,35,97,47,92,73,610,131,34,50,107,32,25,34,42,126,81,183,139,46,159,77,91,78,36,37,34,168,69,66,331,24,191,68,38,117,149,507,50,85,33,203,1820,148,93,50,343,31,31,33,60,26,44,2284,283,29,257,57,25,85,109,23,32,284,57,63,23,56,59,98,254,82,63,333,58,24,32,643,702,44,248,131,95,46,57,36,76,250,925,89,120,32,211,113,109,45,110,243,27,167,62,128,137,27,932,50,27
2022,1,63,176,764,1215,1072,197,31,132,106,52,152,903,101,1047,75,224,66,144,25,29,99,77,89,58,131,225,62,68,50,34,56,123,269,173,99,416,139,184,258,81,49,142,837,76,154,70,236,2382,129,72,522,446,158,224,30,33,37,789,1978,98,39,100,43,215,41,143,22,31,134,377,134,308,221,107,195,215,97,142,3648,98,89,35,104,635,30,126,1767,96,65,205,41,221,238,1722,196,326,92,355,107,90,86,99,671,55,61,342,311,126,102,3192,57,44
2022,2,102,634,513,245,1368,58,319,48,113,54,358,230,632,850,203,109,102,103,38,89,173,70,187,141,35,186,43,49,42,62,58,61,240,182,64,150,253,209,353,87,53,53,641,177,102,151,164,1772,202,246,489,725,217,114,78,42,68,340,1392,73,24,142,62,89,82,205,108,107,85,160,202,366,121,90,245,108,80,418,2761,179,216,219,118,1645,27,158,626,32,216,174,56,1274,152,586,422,231,135,259,64,72,164,237,983,35,37,335,209,51,88,3322,61,40
2022,3,233,804,329,124,385,57,61,112,283,46,198,164,441,207,134,113,400,73,157,84,69,72,129,100,48,74,207,263,45,41,50,177,130,86,136,249,604,228,1010,34,61,96,1486,107,319,198,128,441,263,201,114,328,154,88,154,70,28,891,887,124,59,390,31,164,41,365,35,168,67,104,165,1051,325,184,981,86,208,372,4400,289,196,60,105,1537,25,546,1114,107,490,79,59,260,810,880,289,261,262,1741,53,168,80,110,313,79,99,147,121,40,33,1030,47,146
2022,4,100,231,118,59,75,39,41,31,180,43,81,60,411,68,99,73,112,56,34,169,43,38,75,62,31,53,164,45,28,25,30,44,63,43,124,157,191,79,479,39,52,101,312,52,211,46,74,82,73,96,76,75,117,63,53,70,37,315,110,81,30,100,28,47,35,141,27,44,52,58,115,213,426,52,334,49,123,143,1374,136,60,39,48,723,26,233,664,67,783,43,42,91,402,374,95,199,196,429,42,113,44,63,98,60,34,90,80,33,46,483,34,190
2022,5,36,62,56,39,52,27,34,26,47,25,46,46,90,53,36,37,81,34,26,35,30,28,44,41,25,38,68,40,26,23,25,43,41,34,45,70,59,42,101,25,31,33,71,38,49,32,53,55,41,40,50,51,50,35,32,80,22,91,58,44,22,52,25,31,28,73,69,38,35,37,46,62,80,37,88,33,45,53,135,48,56,119,33,93,33,120,104,29,321,32,47,138,63,66,51,153,64,92,30,45,31,43,53,25,27,66,46,31,28,112,49,33
2022,6,27,60,35,34,36,45,25,25,30,33,32,31,43,35,27,29,105,25,26,30,25,25,28,32,23,38,30,27,26,23,23,50,32,26,30,37,35,29,45,23,26,29,42,29,32,31,32,39,29,28,37,33,64,28,24,25,23,47,38,34,22,33,24,27,26,35,73,25,26,29,29,40,38,29,51,26,31,34,65,33,28,30,27,47,22,48,47,24,51,27,23,44,40,43,37,46,32,48,28,31,26,67,44,24,53,35,31,56,26,48,24,28
2022,7,33,52,37,49,42,57,46,40,39,50,31,53,66,55,72,59,47,33,38,38,56,31,55,37,45,45,31,37,38,81,30,60,40,47,87,51,42,38,50,65,47,34,103,39,36,42,55,36,52,51,60,37,65,50,40,66,41,48,49,27,37,48,48,49,30,42,64,52,45,30,119,63,45,46,35,36,43,53,74,36,48,79,53,42,31,67,43,36,77,28,30,218,50,44,83,48,37,57,54,47,33,99,69,38,58,53,43,34,44,64,30,37
2022,8,90,44,49,84,54,127,45,40,39,130,43,64,217,68,106,123,49,53,53,60,97,44,44,75,40,99,34,30,101,293,70,165,62,80,52,29,52,51,52,349,55,55,122,105,105,35,195,93,218,51,173,106,97,62,65,169,48,55,72,48,58,38,34,88,75,43,168,42,40,41,205,142,42,55,56,33,62,185,99,35,62,75,65,77,53,144,67,56,40,34,32,114,44,73,154,36,70,43,27,65,43,103,135,60,114,111,55,115,94,76,74,67
2022,9,49,27,312,24,123,66,34,71,68,73,61,64,27,59,41,141,59,32,23,45,67,55,49,56,26,33,30,24,113,214,55,75,73,32,94,26,29,25,43,122,23,38,163,109,142,42,90,25,82,36,102,26,62,215,39,41,35,184,71,70,30,73,26,64,29,33,33,41,38,146,158,116,42,56,49,25,24,149,53,24,23,99,93,28,64,56,34,70,96,48,34,113,106,58,96,27,81,29,37,100,27,26,80,23,68,110,31,254,55,27,63,58
2022,10,61,37,41,50,173,35,48,432,45,92,69,1616,45,30,308,34,38,44,42,24,104,25,52,24,90,48,86,63,33,104,43,39,217,41,29,217,23,28,23,28,30,41,83,62,40,24,87,41,184,105,53,25,40,87,29,654,27,62,39,25,28,41,22,38,25,28,37,60,92,38,40,134,37,53,36,22,23,39,47,23,26,24,58,23,101,44,23,27,27,181,36,43,275,815,106,120,96,46,61,31,25,39,384,28,62,72,163,29,25,44,23,70
2022,11,24,81,28,35,74,107,26,66,149,191,35,166,34,28,38,70,38,85,65,38,141,48,146,67,70,62,109,115,71,169,81,725,92,66,64,41,64,254,32,73,104,29,157,30,24,36,294,199,59,38,135,26,36,95,32,78,62,36,128,22,90,83,28,52,24,27,24,92,36,25,103,32,92,78,37,273,23,629,58,24,219,61,71,31,29,165,308,30,55,47,138,44,145,212,57,73,34,53,126,30,29,50,107,37,58,50,53,43,81,106,23,37
2022,12,68,1841,259,44,52,118,29,66,1026,37,260,1247,23,252,1162,125,32,50,47,40,72,26,46,28,192,113,82,161,95,75,151,122,60,141,79,64,238,229,23,68,172,75,67,29,24,37,75,594,169,31,73,31,46,35,144,71,87,55,31,112,47,27,34,24,28,79,24,273,25,120,45,35,35,39,249,84,81,194,76,28,173,57,246,37,28,121,232,34,252,32,36,93,58,56,263,168,46,30,163,39,23,109,193,54,76,91,61,191,24,1800,108,39
2023,1,421,1080,129,34,391,91,38,147,187,186,56,1337,61,79,148,175,102,174,37,83,65,25,58,330,247,53,68,115,118,45,62,85,49,80,440,45,277,192,56,81,89,98,55,85,61,40,56,341,80,32,40,175,65,386,52,91,41,174,110,46,36,78,42,45,33,107,70,211,132,75,1011,74,61,30,257,84,52,888,245,22,77,93,284,36,25,65,440,25,150,108,173,249,46,104,507,150,28,333,152,382,48,241,296,88,106,134,609,236,53,1557,119,445
2023,2,173,1956,104,69,183,44,159,405,299,70,129,1280,28,66,130,86,182,46,37,56,46,120,137,312,148,98,124,339,75,53,46,191,514,180,139,149,712,144,194,43,176,61,338,28,107,297,483,513,58,50,117,118,38,374,43,1118,28,133,269,39,28,124,24,275,43,288,52,180,81,67,1184,61,42,129,135,45,99,4387,133,130,99,760,188,95,34,134,432,122,117,155,173,112,119,243,1226,205,110,575,70,309,119,338,515,191,115,187,1720,661,87,1844,53,729
2023,3,239,4190,65,35,207,44,31,474,378,282,78,1083,37,100,265,57,129,73,27,194,37,159,115,196,165,50,89,657,42,35,35,78,217,47,111,111,256,273,49,62,245,32,335,27,48,265,761,685,120,73,210,201,47,600,115,1368,26,225,82,117,171,801,127,216,77,423,42,395,65,54,687,592,28,57,1165,54,42,1823,73,256,180,99,120,150,27,222,1109,95,93,341,298,130,181,167,663,248,188,586,113,128,87,189,199,80,157,74,1650,553,153,3212,146,244
2023,4,78,1870,103,26,105,35,31,121,125,242,38,203,35,237,119,45,68,69,24,37,36,65,172,123,90,43,92,282,31,37,35,55,55,35,72,63,405,158,54,46,161,31,181,186,34,92,408,495,43,28,197,79,35,176,45,463,129,126,91,56,43,196,66,75,32,117,30,88,47,33,213,153,28,35,1708,42,39,229,51,46,60,56,59,54,26,102,170,55,49,76,260,57,109,53,1044,154,49,151,73,83,36,59,72,59,64,59,580,164,72,549,67,99
2023,5,49,142,35,25,43,29,26,94,56,55,29,77,23,48,95,29,60,42,24,31,29,30,82,54,44,40,67,92,26,27,28,56,44,43,44,69,202,58,28,26,47,31,51,31,28,42,74,65,31,27,55,50,76,54,28,68,32,39,64,33,29,114,26,39,31,59,24,48,37,27,58,50,133,32,272,31,28,80,37,35,62,41,40,28,29,43,60,28,34,42,58,36,36,38,149,81,43,54,43,43,30,38,43,40,34,52,89,54,37,113,32,54
2023,6,32,83,27,29,34,29,27,40,36,37,25,48,47,30,82,25,26,26,24,25,24,25,31,45,31,27,27,46,24,32,24,38,30,24,30,42,53,39,24,24,34,25,32,24,26,38,41,40,30,25,32,35,24,35,26,42,26,31,29,25,26,44,25,27,22,34,23,32,34,37,40,36,31,26,59,28,25,40,29,25,53,29,29,25,22,62,40,24,31,31,34,27,27,28,64,49,26,35,31,37,23,37,33,31,31,29,66,35,33,54,27,33
2023,7,34,52,32,50,42,46,81,46,32,52,56,92,35,42,82,61,49,360,65,29,33,30,38,109,33,47,52,45,60,67,43,55,36,51,42,47,46,59,32,57,54,48,63,46,48,51,43,75,49,52,36,104,47,35,44,35,43,47,37,31,25,42,34,35,65,43,29,80,41,46,41,31,32,104,53,32,34,56,45,33,34,63,28,30,47,54,55,27,26,36,31,48,36,33,98,45,47,62,28,31,54,64,60,42,70,49,71,68,153,74,35,52
2023,8,49,43,40,85,73,64,288,78,31,60,37,134,45,33,109,34,85,98,65,68,39,177,37,90,28,75,62,75,97,99,56,309,35,186,37,32,83,100,60,75,58,35,43,54,108,204,81,39,48,69,62,130,123,35,48,42,39,103,30,92,51,84,27,30,130,45,38,92,45,39,64,67,34,86,82,60,31,49,48,45,129,56,70,57,98,125,34,71,50,300,121,91,67,68,38,38,63,248,27,40,154,141,64,58,78,72,70,173,555,44,66,77
2023,9,39,46,25,42,43,347,69,39,25,28,45,142,25,60,79,26,46,217,119,168,31,128,37,26,23,122,50,28,93,83,65,148,159,66,128,28,30,60,49,63,34,38,48,42,71,40,48,124,104,23,65,26,123,24,71,57,28,48,56,24,54,54,52,38,67,41,258,41,32,53,81,32,24,27,47,59,23,27,24,80,113,25,121,24,26,40,66,109,122,32,57,27,35,81,50,65,87,47,23,99,94,102,31,60,84,34,52,31,72,150,32,44
2023,10,27,66,22,23,124,346,56,90,42,47,34,1673,22,23,109,23,28,53,41,41,243,134,23,78,24,37,24,29,87,61,34,165,40,254,927,35,39,25,24,594,92,24,94,26,235,43,75,160,26,32,115,33,115,29,72,54,126,33,83,116,105,37,27,34,34,34,48,37,25,43,190,30,25,89,39,43,30,85,70,49,34,148,73,36,36,34,56,70,59,42,75,30,33,33,1407,30,45,192,37,41,161,59,40,24,52,124,30,42,50,34,57,36
2023,11,30,43,26,37,32,248,59,44,25,118,47,150,37,23,57,39,23,57,67,67,59,126,44,190,22,44,37,314,53,32,44,78,36,145,87,29,42,48,41,300,194,40,28,25,99,58,44,177,411,129,149,24,31,81,98,88,364,32,83,92,31,23,65,32,49,23,87,55,42,60,141,23,39,27,30,62,50,37,43,46,53,27,65,49,22,109,62,44,45,30,831,30,52,25,627,45,52,101,98,29,391,104,105,38,36,99,106,84,50,35,28,53
2023,12,45,117,141,23,469,146,33,53,44,253,51,148,205,65,75,28,74,29,73,31,98,149,41,54,44,43,102,124,514,152,42,121,31,186,78,185,69,334,43,39,293,26,141,46,85,103,266,158,81,215,43,27,98,31,63,27,81,25,29,109,45,50,32,31,31,41,29,28,109,180,218,22,169,30,63,38,39,360,67,62,59,223,80,29,27,375,29,155,28,89,317,23,226,92,53,46,411,37,364,252,625,97,80,790,75,36,242,121,395,239,23,45
2024,1,94,37,158,117,121,212,163,134,570,329,26,214,37,90,87,127,148,30,34,43,61,339,116,64,32,29,93,62,241,70,330,59,25,64,253,134,153,318,25,68,153,91,131,22,45,552,474,571,48,61,270,31,203,44,207,42,268,147,134,102,89,46,74,37,52,724,42,30,48,118,2006,35,51,90,53,41,111,235,51,69,271,472,131,124,1086,213,61,95,28,33,396,158,76,133,108,30,212,307,1164,111,1359,280,152,120,113,178,65,169,229,57,23,118
2024,2,187,35,248,129,649,165,61,92,1614,1527,40,344,469,209,557,487,103,81,91,56,203,203,299,48,40,47,80,75,191,57,49,84,50,55,210,108,122,1642,40,55,371,548,57,26,160,577,539,1055,48,166,99,46,662,34,652,325,1322,263,141,104,35,107,72,70,107,664,155,200,73,198,2013,205,147,87,381,210,363,324,50,87,406,694,214,65,339,238,55,130,180,42,463,93,208,128,285,400,682,188,995,90,4316,552,210,128,60,145,100,85,145,602,105,315
2024,3,52,55,477,129,750,126,43,423,749,319,88,1519,164,99,327,152,59,240,248,45,252,243,221,60,23,65,83,427,96,189,168,361,71,150,123,59,194,868,33,91,175,199,106,53,347,538,3437,708,290,107,307,60,1115,25,86,54,1101,126,46,719,46,29,194,142,72,1104,61,59,262,76,1932,365,72,77,245,246,363,640,300,183,271,539,114,53,320,957,155,88,32,52,411,160,178,216,368,66,458,208,384,70,3360,359,82,160,107,199,99,152,227,206,144,302
2024,4,31,43,122,77,148,94,29,222,264,108,26,155,77,40,90,70,31,64,229,38,62,133,75,43,23,27,47,157,57,89,50,258,26,46,65,92,68,316,53,33,62,159,56,35,248,197,2351,137,72,99,79,36,440,24,51,65,1371,62,95,353,90,26,37,30,29,756,39,34,56,41,725,176,38,40,80,131,151,355,59,49,83,276,52,53,305,340,67,217,39,28,107,57,77,109,101,39,111,104,182,88,703,341,61,74,50,102,118,94,127,612,106,321
2024,5,26,26,51,32,73,45,93,114,68,56,25,58,44,31,44,42,26,35,50,55,133,58,85,31,24,24,29,72,40,51,36,51,28,35,42,38,40,153,23,30,45,68,33,23,57,65,172,58,38,39,43,24,74,30,37,33,119,76,38,99,31,24,29,26,28,116,28,27,41,30,82,87,32,29,45,51,68,68,34,33,44,64,35,35,83,76,30,81,28,39,53,33,40,49,59,30,56,48,72,44,142,66,36,42,30,70,52,64,53,82,33,62
2024,6,24,25,37,26,43,31,37,50,43,35,23,44,28,25,32,30,25,27,37,24,32,34,76,29,24,24,25,34,28,27,32,32,23,27,29,27,28,54,25,30,30,35,28,30,35,66,66,37,30,30,37,25,47,24,34,27,52,33,26,160,25,23,25,24,32,49,25,24,26,27,48,37,26,25,30,31,39,40,26,26,32,41,30,25,34,47,28,31,24,23,34,28,29,31,35,28,36,33,40,27,47,39,26,29,25,33,33,32,41,49,25,39
2024,7,36,56,38,51,67,44,51,152,34,430,39,44,121,40,29,60,45,49,42,54,31,29,76,46,52,31,26,35,44,43,90,44,41,58,39,41,49,85,43,70,38,45,53,67,42,65,57,40,55,64,39,40,46,39,44,41,50,355,49,55,68,46,29,64,28,40,79,74,56,88,56,51,42,37,47,48,66,46,41,43,38,41,101,29,59,68,82,52,39,35,85,38,40,53,48,53,50,32,38,34,35,42,66,74,42,55,29,37,34,45,36,65
2024,8,34,50,34,112,81,69,86,119,39,211,34,66,167,57,36,81,112,200,45,135,51,67,58,67,32,216,78,60,93,101,107,96,166,83,49,81,138,115,103,158,73,40,56,58,69,123,92,103,44,106,78,41,77,115,39,40,74,90,51,95,41,66,66,51,53,56,164,253,35,287,77,76,35,266,86,46,40,46,38,37,47,56,39,74,52,46,156,72,48,149,62,49,47,112,41,41,78,27,26,52,52,37,119,92,83,59,201,77,76,65,31,175
2024,9,44,30,35,230,208,88,65,49,24,155,31,109,203,78,23,124,28,61,43,74,115,72,59,24,49,35,45,30,44,47,30,69,27,80,23,32,28,87,62,51,49,36,50,22,66,75,62,80,109,79,96,38,54,61,33,35,60,48,37,95,25,35,63,48,31,27,49,138,35,50,174,31,60,136,178,24,81,45,23,42,37,129,23,27,48,32,114,24,29,143,27,32,58,83,28,55,34,27,23,36,34,125,79,83,103,63,102,32,32,42,23,123
2024,10,28,75,26,42,183,24,255,30,23,64,22,800,51,25,53,37,33,80,29,48,46,35,30,23,25,25,25,29,33,46,49,48,34,75,28,96,49,26,43,47,66,23,26,261,63,48,24,192,993,226,89,23,42,137,23,31,175,59,23,40,101,83,70,39,32,47,59,41,40,116,36,25,43,100,75,37,31,30,24,67,123,115,39,54,28,48,63,74,28,53,37,45,63,221,53,68,80,29,32,29,23,53,34,26,64,31,71,26,670,101,36,72
2024,11,50,132,237,83,120,34,273,48,38,62,29,87,256,44,28,147,53,147,52,42,35,40,67,72,24,381,23,27,199,54,42,43,148,70,72,45,24,36,119,44,49,36,24,80,421,56,35,140,231,122,69,60,32,67,30,79,130,138,63,245,214,70,49,432,24,28,47,68,39,31,76,23,36,42,57,121,49,59,50,105,462,139,74,24,32,54,102,92,161,115,24,158,65,52,24,24,51,63,26,81,25,36,38,94,339,76,50,28,85,88,24,40
2024,12,76,29,39,377,82,53,289,35,22,38,93,443,117,25,48,55,52,69,40,85,55,25,37,241,20,240,197,24,52,26,24,49,107,32,35,32,25,24,34,303,299,23,26,58,48,105,23,42,92,97,146,22,26,34,61,227,58,50,27,138,64,184,79,197,33,378,25,29,232,39,26,1881,36,247,35,115,27,25,47,35,93,115,371,33,102,113,51,467,122,43,49,197,111,42,37,56,36,30,47,60,36,89,123,51,102,50,29,112,119,96,30,92
2025,1,50,228,57,205,127,44,869,31,69,57,124,479,90,23,69,67,84,86,161,83,77,51,186,133,140,1111,86,90,39,42,46,79,117,133,33,641,119,29,39,164,242,24,22,70,50,308,69,43,75,116,87,24,57,47,681,137,37,99,67,286,238,451,42,141,40,776,122,169,205,46,75,164,27,601,346,174,28,35,361,77,73,103,339,112,192,54,70,73,179,227,210,90,103,44,72,98,66,24,425,57,24,196,60,426,109,269,31,47,145,50,91,40
2025,2,61,148,117,256,446,50,714,48,41,99,143,1846,169,23,54,91,53,148,97,146,77,26,90,161,30,691,69,119,56,25,96,316,86,42,161,1625,195,64,64,125,240,30,32,96,52,189,206,38,119,167,182,28,194,136,444,140,37,120,26,159,193,369,41,1913,286,1467,191,45,98,83,115,176,71,1120,180,240,712,70,333,96,167,231,337,45,70,65,70,96,108,337,67,174,128,248,33,128,179,26,257,219,26,42,31,110,86,79,58,28,1288,178,75,102
2025,3,302,438,212,841,277,26,375,86,25,78,273,949,201,43,46,43,81,506,237,311,55,239,97,310,139,318,41,112,199,33,37,685,81,69,89,1895,45,264,45,439,439,228,324,322,292,827,562,89,70,172,168,87,40,35,479,84,32,65,104,248,440,778,60,1812,485,975,44,53,74,130,238,118,60,560,749,234,151,165,50,46,391,110,291,76,51,135,302,148,107,115,54,101,67,234,26,374,90,140,581,119,23,180,197,80,105,83,27,29,560,55,327,171
2025,4,44,119,86,1172,70,45,118,64,23,33,659,172,147,178,59,31,131,206,130,113,41,108,85,93,62,89,33,50,74,24,49,182,98,48,54,201,41,169,47,259,313,51,126,161,115,1799,117,51,47,71,62,23,29,32,103,60,32,92,69,102,261,286,31,553,150,552,34,38,44,94,95,78,77,443,729,162,240,52,104,39,280,59,168,37,38,50,66,73,56,51,35,65,40,76,28,81,45,31,469,40,31,71,39,45,197,42,25,45,122,40,125,123
2025,5,31,50,45,97,67,32,56,28,23,27,85,60,46,45,26,29,70,100,58,44,30,33,35,44,31,49,31,50,32,23,28,55,44,30,31,61,43,101,34,61,58,31,50,44,42,102,59,39,37,54,39,29,25,31,48,37,28,42,33,45,61,62,25,86,60,78,27,28,37,36,48,49,41,131,75,65,110,28,55,29,68,38,73,26,28,31,46,39,40,38,26,38,29,37,23,43,33,26,63,33,22,38,28,38,60,32,24,25,55,29,44,40
2025,6,29,33,29,48,38,26,40,32,22,24,40,39,31,27,35,57,32,44,29,30,24,27,27,29,26,32,26,24,28,22,25,36,26,24,26,39,30,51,25,42,40,29,27,31,36,49,34,28,28,34,29,25,24,25,33,37,23,26,25,31,43,41,24,48,35,44,27,30,25,42,28,33,24,47,48,42,37,27,34,26,37,28,40,26,24,26,40,31,39,29,25,31,25,27,25,28,25,24,39,26,22,37,28,26,32,26,57,63,36,26,31,27
2025,7,91,39,46,54,40,55,70,38,35,55,56,36,36,37,42,58,135,61,45,64,29,36,41,34,55,50,60,52,40,51,48,57,37,53,49,36,46,71,52,75,51,32,48,42,44,58,44,35,30,38,43,77,25,40,56,47,42,41,29,48,48,34,96,79,31,57,37,78,106,39,63,59,47,55,66,36,65,44,37,37,53,45,40,39,45,40,136,75,101,42,37,86,38,42,29,45,43,79,42,75,47,30,81,51,52,44,52,316,37,51,39,37
2025,8,120,73,92,67,447,86,152,100,62,134,47,33,93,76,63,60,206,126,46,47,50,46,62,71,119,71,94,85,68,76,86,47,39,46,92,65,51,141,36,180,72,74,49,86,110,69,43,257,73,73,90,52,86,59,54,63,34,44,32,80,86,27,74,51,29,115,34,197,162,105,78,276,34,80,76,60,64,46,46,50,75,67,193,201,181,57,109,101,51,32,32,57,89,65,64,45,39,67,31,96,115,37,266,75,82,43,51,144,57,143,91,66
2025,9,60,257,81,44,1309,35,82,95,25,36,23,104,67,25,54,81,44,150,37,52,103,31,78,25,24,89,35,32,33,30,116,111,28,24,178,37,67,43,39,31,36,94,41,564,100,137,25,111,69,90,63,28,55,50,48,27,39,44,23,143,142,29,25,56,25,69,38,77,137,70,77,72,36,60,184,56,71,27,57,46,102,75,35,72,45,48,24,70,29,50,37,46,29,26,35,44,78,65,69,74,74,23,110,76,27,66,52,50,42,42,159,32
2025,10,86,87,43,23,51,39,46,97,26,64,23,623,33,130,65,35,170,39,30,23,114,34,66,24,39,31,37,25,333,23,50,94,22,23,781,23,54,55,22,103,29,69,177,47,37,68,98,266,31,125,41,24,36,121,35,28,104,54,22,25,183,49,41,34,24,26,30,65,42,57,1625,262,30,230,41,25,41,47,26,24,31,236,31,42,24,27,35,30,60,29,70,48,26,41,48,102,63,145,28,26,135,150,50,105,31,90,30,30,23,59,102,46
2025,11,271,133,81,71,58,38,81,185,44,42,23,672,63,1009,24,72,172,53,108,33,107,34,27,153,221,26,142,75,196,25,165,810,26,22,88,35,153,234,22,90,473,68,100,63,61,342,95,313,26,123,46,35,118,77,214,36,25,63,36,84,115,40,144,236,23,46,26,56,115,85,379,44,25,297,44,56,34,27,28,130,28,49,31,82,31,36,49,77,83,55,31,207,152,49,60,116,36,162,59,35,472,167,70,56,25,161,112,46,66,34,39,70
2025,12,560,142,27,50,48,52,86,35,63,96,22,1644,47,540,23,70,76,74,297,406,33,29,34,86,748,24,343,45,64,32,33,327,67,32,370,93,413,178,23,45,1064,28,118,428,483,152,81,96,23,88,26,87,77,34,40,111,51,54,238,311,195,244,56,209,23,23,31,392,76,41,265,476,51,91,25,110,32,122,221,139,114,41,73,27,31,81,88,199,91,28,26,356,96,287,48,834,158,44,166,27,92,308,31,395,47,93,34,49,157,34,112,25
2026,1,180,100,29,50,63,91,73,109,122,165,34,1687,163,3859,56,150,75,33,3651,192,84,52,88,387,378,25,62,28,61,158,51,182,31,52,546,71,185,2345,32,55,1829,474,55,203,147,127,40,70,153,167,149,39,58,121,32,37,46,97,91,1676,96,83,45,433,25,29,133,61,127,169,159,267,22,97,146,53,62,73,112,78,94,71,85,270,31,97,142,36,92,31,29,2234,171,84,37,773,460,40,38,55,117,147,73,193,36,216,27,59,49,94,151,27
2026,2,154,89,28,129,101,81,116,46,156,168,47,1180,201,1454,24,42,158,57,3699,792,237,112,122,343,209,86,126,247,57,179,49,101,26,165,552,91,148,1659,110,97,371,146,83,340,577,60,59,98,484,294,34,270,31,75,101,28,35,234,238,4041,85,116,94,2254,22,352,882,54,116,75,509,955,43,341,161,88,90,118,68,191,100,599,47,45,40,277,144,72,133,154,87,3035,57,67,138,1766,507,154,38,69,172,786,124,157,152,271,209,99,167,54,187,69
2026,3,117,648,60,144,45,61,117,36,216,80,31,371,80,295,23,44,292,66,1327,914,113,140,382,597,96,24,370,190,55,71,114,60,27,122,1856,287,124,2616,31,35,528,411,54,139,564,144,86,113,316,220,279,43,124,87,520,143,279,111,874,1160,553,79,143,1134,42,50,672,333,310,42,621,2802,202,208,48,42,221,111,50,89,224,367,40,47,44,302,74,184,86,61,26,1224,106,354,136,2514,600,114,54,345,227,378,255,603,59,393,79,72,190,38,252,119
2026,4,74,143,50,58,43,48,52,44,75,68,49,140,59,83,32,30,91,38,580,223,77,65,92,240,62,37,94,153,37,74,34,46,65,42,237,95,64,447,25,29,129,111,39,59,156,53,39,49,842,87,45,38,31,34,521,35,240,72,278,246,457,207,119,1492,32,30,412,212,361,35,248,379,35,70,38,31,446,39,44,117,82,339,43,37,23,406,41,80,52,31,37,734,184,84,58,793,206,86,31,53,61,115,81,313,33,199,64,52,86,49,142,38
2026,5,44,48,24,31,31,26,30,26,41,56,28,63,33,57,22,25,49,28,184,66,40,29,63,59,43,26,49,44,29,43,33,33,47,28,60,82,43,81,24,25,56,49,30,41,62,38,28,34,85,53,48,32,32,31,126,29,52,46,59,87,63,63,44,219,22,31,83,52,56,27,136,166,29,44,27,26,89,42,51,40,38,58,25,28,25,70,33,35,29,27,24,120,84,52,31,455,63,35,29,36,44,63,36,65,27,87,52,28,46,27,63,26
2026,6,31,33,25,27,33,25,25,26,27,28,22,40,27,43,31,23,30,43,48,44,34,29,29,39,30,24,34,30,24,26,26,29,24,36,49,31,32,42,24,45,62,38,26,30,37,30,25,28,54,31,35,25,25,24,44,24,73,29,38,45,68,30,30,58,21,24,43,35,40,24,53,54,25,30,26,24,39,30,25,28,27,39,24,24,23,41,26,26,29,25,33,52,42,32,25,61,39,30,27,29,29,37,28,44,24,38,33,24,30,28,36,24
2026,7,52,65,50,75,50,42,56,32,42,35,44,47,33,79,33,56,51,67,44,53,51,42,60,79,38,51,44,74,36,45,46,62,48,83,67,62,29,36,42,57,43,142,49,53,32,58,46,29,57,42,36,29,32,46,71,62,51,40,36,82,54,45,51,36,44,169,35,74,72,43,54,61,44,32,49,48,53,68,39,38,42,76,67,27,43,56,24,33,51,37,148,50,159,55,37,58,88,40,25,36,55,40,42,46,36,92,56,34,32,38,31,38
2026,8,105,71,87,55,177,93,167,31,68,27,88,72,52,52,60,62,48,72,191,46,69,66,37,251,60,85,48,217,48,63,75,242,48,65,77,74,26,77,58,60,34,50,47,62,100,314,62,38,143,61,51,62,58,64,173,255,81,57,73,91,185,165,78,30,69,139,77,69,92,110,71,124,131,61,71,150,39,70,59,111,90,101,150,156,50,45,86,83,181,50,61,50,104,100,42,43,182,101,41,59,125,41,128,93,105,136,76,154,54,43,33,62
2026,9,71,25,59,53,112,37,348,24,47,30,23,39,112,30,46,84,94,139,43,57,83,57,45,72,31,41,48,76,36,46,45,48,141,31,382,47,32,23,70,60,33,149,34,36,466,54,26,26,83,30,53,40,79,33,40,154,103,171,44,46,65,100,213,32,40,75,61,33,49,32,63,68,58,147,62,32,27,30,67,48,54,69,127,251,53,193,48,35,90,186,45,28,111,31,24,49,97,42,53,67,52,39,175,47,212,58,89,48,30,57,57,303
2026,10,25,47,112,87,129,71,74,22,38,34,27,25,44,46,245,65,30,81,26,39,39,338,64,28,34,23,99,68,49,24,57,107,453,38,88,35,32,33,25,45,121,55,74,44,455,36,28,61,85,192,163,48,76,74,24,450,108,146,74,584,112,25,52,23,27,72,23,27,33,48,44,25,75,32,81,23,26,23,33,26,43,60,37,127,27,1551,55,39,123,36,35,43,46,32,22,23,251,65,25,36,62,23,45,71,38,37,72,69,33,33,36,67
2026,11,23,74,72,424,73,324,81,24,122,57,124,59,105,39,74,104,37,67,132,30,23,73,46,24,30,22,24,113,327,1036,273,127,60,23,271,68,136,34,83,56,26,50,51,232,257,42,50,149,58,101,447,53,115,132,120,580,34,66,123,184,568,61,32,31,67,114,44,93,41,40,42,45,49,60,50,23,144,83,62,46,55,25,28,87,37,224,55,106,114,69,107,69,53,91,40,39,1650,105,26,72,36,40,46,56,43,369,34,103,37,98,114,42
2026,12,24,26,80,42,73,59,84,104,76,41,171,280,139,61,34,41,31,41,47,23,189,129,33,26,78,36,38,49,1005,179,57,65,127,25,72,39,384,26,86,87,27,32,29,257,497,144,26,284,40,45,159,143,90,33,28,707,27,374,550,150,171,64,29,24,23,307,23,59,24,63,36,79,135,141,44,74,30,150,61,138,24,53,31,59,24,203,42,101,57,59,137,83,58,379,80,189,209,138,26,32,51,91,69,169,35,410,113,43,36,98,74,90
2027,1,1099,1303,185,37,45,70,133,813,194,73,165,134,58,40,73,68,49,251,91,32,92,173,165,172,71,1205,84,62,1231,170,48,67,262,195,196,198,130,283,185,130,135,242,36,166,559,222,97,390,85,146,761,85,39,46,208,302,166,908,224,252,381,382,115,47,22,153,65,448,24,207,79,66,98,141,475,106,303,66,128,299,77,32,36,95,27,203,195,44,34,32,151,276,54,331,38,315,1167,117,23,33,124,29,949,163,52,403,46,38,45,161,243,132
2027,2,152,125,45,35,167,115,141,130,209,115,120,256,108,183,87,242,32,123,87,79,202,69,384,179,45,398,58,39,1572,280,210,421,220,80,427,315,194,903,111,106,92,46,54,114,367,626,86,1139,80,158,626,263,63,30,117,1174,36,634,328,331,1597,240,198,38,23,226,55,233,23,130,65,167,94,787,121,60,206,203,192,122,124,26,198,160,127,278,56,67,105,76,192,299,239,145,66,553,820,160,21,75,118,135,1024,179,26,211,76,30,43,294,314,82
2027,3,303,98,80,49,565,178,116,168,158,56,129,622,277,65,39,166,181,58,138,48,245,253,320,205,100,441,58,75,561,1594,220,188,313,51,536,84,434,484,127,111,204,106,462,61,662,397,40,1642,35,74,954,335,50,28,53,318,31,978,215,736,2379,327,99,62,49,136,282,128,31,45,234,52,58,348,157,72,81,318,75,95,232,25,77,326,147,468,45,79,94,340,74,248,328,826,47,2552,787,209,80,263,76,314,366,175,84,163,290,26,51,321,323,105
2027,4,212,56,72,31,102,84,62,142,66,52,43,707,98,36,36,50,35,179,47,31,72,99,120,64,95,329,30,35,79,358,70,103,97,38,367,47,150,206,57,109,74,45,356,57,116,83,29,373,28,62,199,214,32,50,39,95,40,488,70,464,628,227,50,34,25,69,43,62,44,42,44,48,150,69,93,65,80,121,70,51,55,28,51,117,54,178,48,84,41,45,43,115,410,1410,46,1101,324,139,121,114,46,77,83,68,39,68,67,33,28,107,226,70
2027,5,98,44,37,30,46,38,42,48,40,32,33,76,77,39,26,62,30,91,31,32,40,44,66,39,34,56,25,33,51,69,77,46,59,31,72,37,52,74,65,43,46,32,59,41,54,46,26,102,25,40,60,56,26,28,29,58,42,102,56,91,75,72,30,23,25,72,37,41,23,29,54,68,50,48,42,28,41,78,47,36,35,23,31,45,50,62,30,43,31,32,33,45,213,142,34,90,69,47,54,52,31,101,53,44,26,53,34,97,28,50,55,31
2027,6,37,63,26,29,35,28,53,64,28,37,29,45,33,29,28,27,25,32,26,25,29,30,34,28,26,35,23,25,34,44,31,72,33,24,45,28,36,40,28,29,32,28,35,29,41,32,26,47,25,27,38,36,25,23,25,37,25,51,35,84,42,38,27,25,25,32,26,28,26,24,30,25,28,38,31,24,31,39,32,27,28,27,34,32,26,48,33,26,29,26,28,33,50,63,26,47,43,31,25,37,26,34,33,28,28,54,187,25,26,33,36,26
2027,7,51,47,89,43,43,42,47,104,33,55,49,47,29,46,86,32,40,51,44,42,50,39,42,47,48,40,32,33,58,40,64,128,54,31,46,36,167,44,54,41,46,52,32,35,35,37,36,55,70,49,38,39,52,43,30,46,46,66,34,142,52,39,45,71,27,51,38,56,50,36,31,111,56,51,57,49,56,40,61,62,80,71,83,32,48,286,55,43,30,31,31,84,53,65,46,31,69,39,39,61,32,43,56,132,52,36,30,27,58,92,52,59
2027,8,72,33,136,31,156,39,59,106,37,109,180,57,75,79,170,117,73,71,34,54,54,34,62,46,33,85,40,50,186,58,153,137,199,74,99,53,82,95,42,94,28,68,211,108,46,102,46,107,50,123,41,62,42,102,102,38,51,58,40,47,36,55,56,61,181,68,162,60,76,33,46,125,60,38,226,75,76,43,82,341,120,86,235,47,107,119,50,55,46,45,109,206,188,109,74,50,94,49,50,129,27,32,79,106,135,45,65,44,212,100,48,83
2027,9,38,24,73,25,129,143,42,37,85,62,256,26,72,54,80,43,28,1302,31,31,124,72,73,35,40,102,30,50,58,33,116,44,71,44,27,24,42,29,45,59,28,30,78,63,42,148,26,38,67,26,27,57,38,69,90,79,67,57,37,42,33,99,28,47,25,154,89,60,23,25,44,46,110,41,120,57,24,31,77,48,84,51,77,63,24,37,58,32,39,48,131,186,85,68,379,55,33,177,64,569,32,55,151,58,63,32,57,36,91,72,43,81
2027,10,23,32,68,45,284,35,38,34,50,91,31,617,31,49,257,37,31,56,38,34,48,31,37,37,37,28,38,38,43,23,26,26,32,46,36,23,74,57,23,88,31,23,25,42,34,43,42,26,128,24,42,28,27,45,31,29,56,112,70,35,68,63,56,23,59,32,97,89,1769,27,36,64,44,144,153,32,63,23,130,36,38,98,148,63,237,71,51,53,62,361,177,50,37,184,192,59,68,33,61,30,28,29,77,206,40,80,160,765,1005,126,65,25
2027,11,41,50,84,56,331,289,86,31,69,107,30,53,43,24,83,83,28,74,205,44,49,36,38,174,34,233,47,25,152,88,43,38,26,86,84,28,75,39,24,207,22,53,26,815,36,49,37,47,34,45,25,34,32,37,72,53,62,79,76,104,73,103,89,38,65,31,128,43,233,22,84,286,61,85,123,28,33,53,77,73,35,228,110,46,1207,40,52,54,287,136,33,131,83,154,56,183,28,56,182,26,30,49,599,91,58,88,115,129,503,41,249,52
2027,12,32,84,55,31,373,58,25,31,28,82,92,294,59,23,111,25,26,33,155,61,118,29,89,48,39,193,25,230,1232,177,92,61,169,160,46,65,50,33,69,192,36,25,24,61,77,54,790,126,147,90,48,29,107,145,94,52,172,170,47,584,311,178,102,48,31,24,48,27,63,22,71,1060,90,155,1014,241,257,61,126,51,41,124,364,130,311,30,53,473,87,47,39,347,35,339,41,106,34,454,72,40,30,172,1920,40,264,52,41,105,129,102,118,498
2028,1,41,701,129,113,714,219,185,45,63,50,146,3129,544,55,111,71,60,31,1566,125,330,104,53,60,129,69,23,109,436,117,131,349,188,84,56,28,42,300,114,189,30,27,26,106,96,109,123,172,76,250,62,682,168,259,146,209,53,158,36,71,74,60,43,323,205,71,37,70,85,84,139,495,155,176,2176,95,84,49,1081,33,164,743,1561,288,292,144,60,191,68,42,72,455,299,157,168,120,35,515,113,349,97,81,2211,251,96,119,86,50,211,189,54,92
2028,2,24,878,302,93,373,206,108,25,190,209,847,1653,285,350,77,105,235,80,1505,223,476,77,99,132,78,101,30,164,1097,99,297,146,99,89,29,101,39,238,75,346,113,111,106,363,127,58,209,71,145,54,124,507,121,64,44,76,217,108,53,839,100,267,64,215,274,200,53,118,98,67,57,2131,59,2175,813,148,135,31,1831,30,44,3710,3501,104,482,67,65,306,68,100,115,464,942,218,396,108,151,477,126,164,76,159,2125,875,116,351,67,53,161,359,179,139
2028,3,27,585,519,43,591,101,289,67,39,380,437,301,2195,417,179,162,38,481,337,856,1437,72,34,424,131,117,25,95,401,145,469,370,57,250,33,130,264,162,189,135,32,53,26,833,221,77,1033,59,58,91,37,106,172,71,36,103,1594,315,303,1920,146,154,205,115,91,242,52,109,84,119,54,1044,207,3268,1688,107,756,53,951,34,124,1251,2459,70,2012,140,135,2073,115,380,498,414,161,508,123,3142,118,545,121,131,98,201,574,195,60,153,66,38,192,202,125,152
2028,4,32,162,353,35,379,60,97,41,32,226,84,94,250,307,254,36,41,169,86,182,387,48,30,98,110,53,24,53,98,112,455,247,40,177,46,72,265,67,59,86,25,32,35,203,71,53,487,40,42,95,62,93,124,43,44,53,704,187,79,267,52,64,94,60,47,74,31,37,45,105,33,324,153,442,1056,43,303,31,173,26,64,227,889,47,306,42,52,255,68,101,824,96,151,148,80,954,32,304,64,59,200,94,200,130,37,117,48,52,69,80,149,88
2028,5,24,61,68,29,59,46,36,29,26,136,51,51,71,53,58,32,34,118,50,68,75,28,26,44,46,34,24,36,66,44,114,53,29,81,55,44,96,42,44,43,24,80,26,70,40,46,98,30,29,38,40,42,52,34,31,32,138,71,54,139,33,41,39,36,35,44,25,28,43,103,30,84,44,74,207,31,83,25,63,25,38,92,102,35,74,28,30,65,34,52,105,124,49,49,46,100,27,64,43,35,60,45,85,48,29,48,52,33,39,45,57,40
2028,6,22,132,38,27,39,32,27,33,24,39,32,32,44,34,34,31,24,63,35,53,46,27,24,30,26,30,21,27,42,29,44,36,26,45,81,25,45,28,26,32,48,26,29,50,28,39,46,29,25,30,24,31,31,27,24,26,57,37,30,52,26,30,31,29,30,29,25,24,46,29,24,47,32,49,51,28,42,25,37,38,25,42,49,28,61,27,30,41,26,29,44,72,32,36,29,45,24,39,30,26,34,32,44,54,33,37,26,27,28,31,30,28
2028,7,28,77,36,40,51,47,93,82,27,111,27,49,36,33,34,31,98,72,53,47,53,33,32,98,31,34,62,25,47,55,49,59,47,66,171,50,84,38,76,68,66,58,50,47,47,57,61,85,35,42,44,38,163,37,34,39,49,42,54,65,48,29,40,71,63,43,93,52,110,33,110,45,70,36,83,68,44,35,51,40,35,77,35,47,83,50,323,46,37,38,147,50,51,49,26,35,76,106,30,44,35,40,51,55,44,41,46,35,57,41,28,34
2028,8,37,97,47,99,48,88,131,135,77,59,34,69,155,51,48,49,183,82,87,95,34,33,33,66,30,56,41,35,92,49,123,176,200,172,131,71,98,41,135,38,81,60,59,39,99,63,181,121,50,61,176,77,97,161,59,79,59,41,58,74,139,29,65,163,44,43,431,92,137,120,103,75,40,82,50,316,34,107,406,67,74,101,34,521,78,79,235,119,34,87,147,112,48,79,41,77,58,188,90,82,63,51,116,47,67,128,63,85,229,34,42,46
2028,9,32,113,125,38,88,26,70,57,50,31,47,37,39,33,47,61,127,131,75,46,74,69,47,32,28,67,228,26,37,27,276,41,53,28,84,26,152,24,42,28,118,104,30,49,31,24,105,69,94,27,104,164,35,60,32,45,61,127,95,74,153,33,37,90,75,28,324,101,58,38,59,156,181,30,47,200,42,1201,556,73,83,61,45,105,30,73,67,26,33,61,53,136,31,24,73,72,92,115,72,29,65,29,658,40,23,29,33,61,100,29,29,78
2028,10,43,44,524,28,37,54,152,138,148,87,71,32,41,23,24,107,111,40,159,81,73,213,40,150,43,71,48,31,35,34,196,34,198,115,31,23,54,41,47,24,125,34,24,105,190,33,33,25,39,39,112,48,183,50,22,90,37,243,33,33,86,85,24,105,32,27,56,37,72,29,26,160,50,54,75,32,96,78,50,50,25,25,23,65,324,90,60,25,25,33,138,100,25,52,23,30,41,29,47,90,50,24,60,54,38,25,28,23,189,37,25,452
2028,11,29,156,289,24,27,102,75,53,201,83,25,50,81,51,30,200,332,84,79,57,143,62,98,127,26,42,67,51,42,55,41,58,36,139,56,522,158,72,363,29,71,70,41,123,222,32,61,360,149,112,86,95,96,85,70,91,375,61,63,24,187,46,23,68,44,659,109,189,186,32,56,306,68,37,25,48,27,139,46,68,273,23,54,109,174,153,83,42,30,41,35,46,24,42,28,34,66,67,110,158,121,33,81,38,39,41,34,29,1231,44,43,57
2028,12,29,51,349,26,35,56,361,72,77,136,29,30,67,36,28,43,161,53,210,90,38,49,41,230,52,728,109,102,31,290,95,43,28,117,600,39,44,111,44,28,36,31,41,341,46,59,36,41,34,225,308,48,46,81,112,79,150,44,192,25,37,43,118,310,36,103,141,286,304,1248,101,138,64,270,44,69,50,50,43,99,44,148,33,180,371,35,79,26,33,24,136,90,22,45,27,25,85,179,38,164,78,28,96,66,222,62,106,50,156,37,28,76
2029,1,21,51,160,70,113,44,340,361,90,81,178,105,55,136,36,36,72,308,64,167,142,178,39,95,27,192,133,120,32,443,771,614,28,49,198,107,42,97,882,68,88,27,26,135,57,228,26,108,133,63,667,36,254,38,37,153,122,174,98,153,91,37,44,1010,125,55,158,68,243,283,116,101,125,270,53,133,87,57,73,149,221,44,29,98,326,133,347,260,81,396,129,225,22,34,78,29,43,160,32,147,50,118,97,107,897,27,120,34,113,23,204,1205
2029,2,34,36,125,34,113,311,523,118,258,180,106,151,118,134,52,239,101,297,47,263,155,93,45,90,70,141,156,300,89,308,636,233,44,104,495,378,259,325,456,50,256,276,47,73,74,435,74,139,107,556,797,67,224,212,44,150,80,208,116,80,223,34,90,3096,85,140,93,195,482,441,62,303,40,249,195,216,148,39,86,63,225,98,78,2904,251,69,363,895,143,101,143,199,224,90,107,67,31,513,65,598,86,30,43,70,1090,31,291,28,69,346,296,3302
2029,3,36,30,89,122,51,581,241,88,653,73,37,84,97,73,224,71,376,165,55,201,109,478,74,140,48,258,583,234,50,1518,561,181,40,104,341,226,1020,278,639,34,131,245,36,232,121,350,122,373,41,1156,785,113,172,440,43,69,610,142,103,58,120,51,79,2636,79,133,53,614,626,711,463,364,39,269,54,125,233,35,84,154,314,65,71,761,997,66,550,476,82,90,68,513,232,44,113,25,87,577,109,918,197,34,141,361,1285,190,256,35,48,71,90,1049
2029,4,24,26,62,33,203,160,81,61,182,43,40,36,43,53,60,54,315,416,38,100,49,362,35,58,178,79,1199,77,64,326,382,73,43,78,191,82,482,71,296,24,229,87,26,208,43,180,38,109,67,650,274,106,74,135,29,46,639,52,79,62,48,40,55,1293,42,62,41,323,215,598,215,699,36,97,41,43,164,33,121,73,92,40,63,302,183,37,193,327,32,58,111,360,156,29,113,25,50,543,96,2202,94,152,75,83,394,177,283,36,37,73,51,690
2029,5,20,24,43,31,42,52,146,36,91,31,51,28,38,28,35,34,58,93,32,61,32,73,32,36,31,55,180,41,66,73,71,46,28,36,357,45,96,66,64,23,256,78,22,48,30,50,34,46,43,78,67,34,46,50,25,33,177,40,36,28,32,26,31,496,45,42,39,62,96,116,59,136,27,58,29,34,57,27,54,48,69,30,27,68,71,29,53,259,27,47,89,67,38,27,43,69,26,71,52,195,62,62,34,38,73,55,73,57,31,61,36,86
2029,6,21,28,36,28,27,33,50,27,42,26,24,28,32,25,29,28,35,38,36,49,35,42,26,27,25,35,50,37,33,47,59,31,23,43,65,31,52,36,40,23,70,30,21,31,26,34,25,31,25,47,47,27,30,33,24,29,46,33,28,25,25,25,26,55,33,27,27,37,50,47,38,43,24,34,29,26,33,25,31,28,41,34,25,43,41,24,38,73,26,27,29,40,28,23,27,25,24,41,29,75,46,25,27,30,45,29,42,22,29,30,28,45
2029,7,35,37,49,46,54,34,42,31,39,31,43,103,65,30,57,44,30,40,64,42,42,32,80,45,38,57,57,27,53,49,111,68,34,29,63,46,64,51,47,47,62,50,32,65,52,71,40,41,66,81,63,29,45,69,44,41,64,56,33,79,33,49,40,148,33,34,55,102,64,40,42,58,39,54,57,40,37,57,31,59,62,53,34,72,31,46,50,58,128,26,33,42,35,62,60,46,33,58,55,56,77,46,36,35,53,34,44,46,77,31,120,59
2029,8,163,60,62,32,95,36,125,37,69,91,43,82,79,70,101,98,164,44,69,79,47,44,64,61,26,34,43,33,45,107,150,217,61,36,57,65,79,89,62,54,278,48,36,187,98,59,42,74,175,53,69,51,32,101,119,153,50,53,44,111,42,192,45,83,100,35,255,201,144,55,35,141,74,99,89,34,115,106,134,105,75,67,54,163,45,107,124,51,113,38,36,50,52,62,50,41,37,92,127,67,65,63,113,94,50,120,51,92,346,56,101,128
2029,9,259,103,46,39,56,49,48,73,66,75,46,187,92,33,48,52,27,36,35,33,42,30,53,47,23,45,30,54,39,131,92,54,44,99,215,39,39,38,104,91,192,32,37,35,156,31,32,112,109,27,25,45,113,168,34,32,25,304,28,40,34,42,79,74,103,41,124,44,99,95,72,28,23,201,88,62,72,65,81,262,67,37,45,161,28,156,49,24,72,108,54,121,35,39,29,23,26,61,32,41,35,268,26,50,26,121,57,86,127,29,48,56
2029,10,45,38,104,25,86,26,36,233,31,227,24,56,25,29,43,25,23,34,35,106,137,26,64,39,33,23,48,27,22,62,76,30,23,47,123,180,31,151,26,30,50,40,21,96,99,64,23,80,134,30,32,222,37,28,37,39,24,76,32,104,212,52,69,25,128,37,29,51,30,46,73,24,33,49,121,23,99,163,43,29,34,49,208,28,100,64,28,136,34,38,65,24,34,103,23,29,22,153,23,23,28,47,30,75,26,43,50,59,50,35,46,43
2029,11,77,46,72,28,47,38,80,202,55,194,40,302,77,32,159,48,27,41,68,292,28,31,147,50,24,28,68,44,42,70,100,51,84,29,37,184,23,52,25,52,39,51,82,115,54,255,28,175,68,24,78,131,91,25,58,31,122,34,63,55,60,83,40,89,51,27,32,31,56,39,249,357,31,296,69,38,31,45,34,75,23,101,133,46,94,97,28,159,54,24,139,29,40,43,35,55,74,63,23,53,39,45,26,42,42,327,144,227,59,28,55,92
2029,12,29,204,340,197,53,33,81,113,61,222,129,196,24,63,47,33,36,61,26,209,185,137,56,63,84,23,47,26,35,43,157,105,251,26,33,75,46,42,51,53,46,250,39,98,51,111,42,87,152,53,166,42,29,152,51,67,27,48,106,60,75,304,51,28,111,44,46,85,153,64,155,384,40,77,125,23,27,2204,382,155,59,62,2600,35,255,376,24,92,37,25,131,25,31,53,32,64,87,89,28,44,36,64,25,132,459,508,59,68,266,31,31,433
2030,1,124,280,523,47,490,221,112,217,150,127,720,118,24,259,86,39,49,248,82,252,85,201,201,55,24,52,48,37,25,62,66,104,169,27,218,127,676,426,33,116,152,199,841,46,138,73,26,114,206,50,174,161,176,466,51,124,45,196,168,46,35,110,34,38,98,80,44,165,41,70,86,1364,46,78,49,31,135,1770,175,187,166,105,2075,33,217,128,41,38,37,47,317,34,40,133,118,37,1401,332,93,486,90,76,42,37,78,1015,75,61,286,66,29,151
2030,2,273,208,6951,132,206,62,41,1427,211,108,1512,154,61,164,157,37,174,110,177,273,117,92,127,116,26,209,51,25,30,78,108,229,130,23,297,77,435,262,117,305,108,155,276,45,124,317,57,103,163,135,176,52,90,246,79,129,29,115,55,40,34,239,69,110,53,66,46,163,53,28,159,1059,100,161,62,434,83,920,152,157,318,43,1376,94,601,384,23,42,27,116,794,116,218,82,146,106,433,310,479,499,93,342,54,36,327,540,41,77,900,464,94,224
2030,3,398,337,1169,471,110,68,35,1713,52,104,523,95,24,59,38,24,82,361,36,734,50,100,265,258,45,67,29,37,36,133,45,74,77,133,552,292,380,1081,29,67,273,113,535,33,724,204,25,113,167,100,190,41,99,296,138,123,48,127,95,49,30,246,455,247,117,30,25,107,30,27,165,470,183,251,71,136,47,514,174,85,160,181,368,89,466,319,85,32,101,106,140,187,301,133,109,69,487,219,277,1652,220,128,26,42,530,1742,244,39,3356,169,113,972
2030,4,480,524,287,181,93,46,43,552,98,54,118,49,24,57,42,23,31,218,46,252,35,172,146,73,26,189,57,26,24,44,36,39,59,76,95,139,1125,926,28,40,201,70,231,27,202,84,23,47,194,42,127,32,47,106,63,111,39,73,59,36,28,123,345,51,62,41,25,49,33,48,161,435,159,233,34,48,47,126,91,64,110,40,160,53,292,151,89,47,27,34,64,42,116,77,75,91,194,70,111,1598,95,67,23,31,319,1129,126,31,511,69,52,316
2030,5,82,88,64,125,44,40,71,110,44,37,55,36,23,39,38,22,29,109,30,55,31,48,46,46,25,216,25,31,37,30,31,46,33,54,46,88,140,139,29,44,46,43,60,25,60,63,22,33,63,35,42,27,36,48,48,40,39,43,33,49,26,49,82,33,35,53,73,34,25,26,71,161,76,143,27,37,34,54,43,45,45,33,63,37,109,66,29,25,25,27,42,30,60,40,38,53,55,40,53,299,62,36,23,25,97,128,43,26,249,42,40,128
2030,6,39,48,46,38,30,58,25,51,33,27,40,26,24,26,25,22,24,65,24,39,41,39,30,28,25,39,26,22,48,29,30,27,27,40,33,41,47,49,24,25,30,31,40,24,37,32,22,26,31,25,30,27,27,31,55,28,24,28,26,25,28,32,42,26,26,28,27,31,23,25,35,55,30,41,24,28,24,35,33,30,42,29,39,24,41,38,28,24,24,24,30,26,34,25,28,25,36,30,33,106,28,30,23,25,41,51,30,28,56,29,25,49
2030,7,42,94,38,70,204,45,51,40,52,51,31,40,75,28,43,74,36,52,69,44,46,47,52,32,26,104,46,35,86,32,25,42,35,64,52,64,48,41,97,30,35,38,49,50,37,33,30,28,151,40,27,27,31,28,45,38,40,38,27,57,43,47,33,55,55,46,39,40,29,70,32,70,48,33,24,27,56,52,48,38,75,45,72,43,57,44,103,38,53,39,27,48,44,56,43,26,56,30,46,46,147,39,50,43,40,36,44,44,52,50,39,79
2030,8,55,224,40,54,166,52,228,34,98,42,94,68,103,48,59,109,40,49,71,45,128,42,75,125,56,168,51,58,45,61,73,38,151,123,126,52,44,44,75,117,66,73,53,122,85,32,53,33,189,42,63,71,38,86,143,84,50,55,46,513,58,49,28,41,117,42,131,106,34,86,51,114,53,64,63,40,58,45,160,30,54,46,62,33,129,81,143,65,101,53,48,122,39,69,32,37,75,68,63,32,103,51,51,173,1032,71,173,51,147,38,52,55
2030,9,183,53,23,34,95,29,79,31,52,83,68,97,70,23,146,106,37,50,68,33,106,23,33,30,40,90,24,48,55,63,23,24,239,40,114,24,29,45,88,79,105,50,24,63,176,37,33,23,47,45,43,50,100,42,66,62,24,92,30,88,45,34,31,24,66,24,137,25,39,28,25,107,43,116,1301,90,31,230,42,119,45,40,102,24,52,94,69,87,28,191,36,167,40,115,73,67,120,38,40,26,30,29,27,46,134,38,82,128,231,28,64,70
2030,10,95,31,26,60,60,25,63,174,102,24,26,35,36,28,87,80,23,28,28,1087,59,35,117,25,39,102,36,21,48,78,22,29,34,24,43,35,24,101,44,37,58,29,37,131,33,46,21,23,147,35,55,31,46,474,36,35,31,107,101,46,48,49,25,62,88,40,109,24,30,41,44,75,52,30,277,33,29,62,48,57,165,35,33,23,34,38,47,147,59,71,32,40,34,34,39,38,77,65,67,23,27,30,26,39,111,50,25,65,30,60,41,57
2030,11,220,53,28,27,29,50,96,346,96,52,23,42,49,35,259,81,54,29,95,68,66,24,98,51,61,92,29,23,32,67,26,86,26,89,48,424,40,97,155,91,25,31,36,42,64,522,29,23,47,166,110,31,44,149,45,46,39,82,25,196,50,48,35,111,28,98,51,215,53,38,46,27,90,36,77,56,34,422,57,209,86,58,36,23,105,238,148,58,37,49,72,67,30,134,82,277,55,131,151,46,53,42,26,28,74,23,94,123,37,46,47,123
2030,12,50,99,25,411,30,52,234,115,36,25,182,121,107,51,69,28,321,30,38,94,209,22,209,83,80,57,22,27,168,27,33,44,32,115,72,335,51,248,31,58,33,140,29,40,27,110,55,22,35,126,48,65,29,225,132,53,38,118,62,277,43,23,42,45,357,30,119,33,49,34,103,26,78,346,84,48,159,53,154,373,56,35,27,83,90,180,114,46,60,76,31,129,53,41,96,247,121,53,70,90,269,34,42,30,34,652,38,89,38,114,116,47
2031,1,49,127,54,161,113,24,52,113,80,35,116,178,46,152,500,101,76,39,80,56,174,23,274,121,31,1394,23,22,75,113,134,170,61,66,69,243,436,364,67,199,32,39,44,188,37,67,191,30,50,179,159,34,39,108,239,1373,53,1082,75,187,28,64,88,54,128,41,37,42,47,32,32,37,251,130,136,1361,63,336,54,203,761,109,60,194,40,85,310,38,88,33,180,149,23,229,43,347,200,287,148,28,67,98,97,28,44,275,176,50,43,324,1087,109
2031,2,167,93,61,108,113,64,59,515,223,25,115,72,166,147,133,150,49,45,31,48,495,25,281,48,28,350,45,46,59,89,71,304,107,492,46,397,173,299,48,77,462,196,215,256,79,100,84,21,31,757,99,67,242,139,389,637,68,358,127,159,25,34,82,153,209,107,34,446,251,30,28,44,96,219,116,804,211,318,41,172,294,314,126,65,97,164,192,123,111,68,100,62,58,95,521,1603,308,223,98,47,165,114,338,62,31,216,105,42,97,740,295,152
2031,3,227,173,33,100,97,237,74,811,160,39,193,570,196,170,314,69,55,292,92,45,94,34,463,48,224,1024,36,32,34,292,35,112,40,1348,65,1112,1952,199,31,61,86,285,101,343,45,98,259,21,28,494,90,48,335,84,347,1189,100,159,64,148,56,29,406,297,155,197,70,118,37,73,96,184,138,1310,84,343,76,2018,35,104,151,146,44,59,66,200,155,97,335,87,427,412,286,355,204,2689,156,403,51,80,103,51,156,35,46,80,81,50,69,332,191,454
2031,4,83,59,31,70,56,36,36,674,138,29,104,145,75,77,116,51,51,78,39,32,111,23,383,35,128,1996,61,194,29,161,27,64,32,196,51,683,870,80,28,46,46,148,79,85,27,44,91,25,25,248,44,45,474,50,153,408,34,81,64,153,39,27,138,76,75,59,30,88,30,24,51,151,278,327,48,143,49,1327,29,105,64,78,34,36,39,66,106,37,137,50,149,138,177,349,186,389,82,829,35,32,53,32,48,73,31,58,41,29,89,539,122,337
2031,5,38,34,29,38,28,29,28,114,65,27,37,48,45,34,50,29,29,36,46,31,59,21,81,25,47,437,23,29,26,77,25,39,25,65,42,112,84,43,24,36,36,45,32,42,24,33,55,21,23,92,31,38,68,41,54,66,34,56,36,58,27,24,50,39,43,32,26,50,29,27,34,280,64,82,35,69,32,151,31,98,42,39,28,29,28,41,54,30,41,38,58,47,106,68,120,134,43,158,31,24,51,26,45,25,25,37,28,28,81,125,67,66
2031,6,30,28,22,26,33,33,24,49,49,33,27,37,34,26,34,26,24,27,60,25,30,21,40,23,31,59,21,26,24,32,35,30,24,46,26,49,47,52,24,25,29,30,26,34,24,26,35,24,23,50,25,23,36,27,33,38,27,33,26,35,28,51,31,29,30,27,24,28,27,23,25,32,33,50,26,40,26,52,25,47,28,28,25,24,25,30,33,31,29,27,60,31,32,41,38,66,31,53,24,24,27,25,27,23,23,27,25,24,52,48,33,40
2031,7,67,48,109,66,75,53,34,62,61,49,31,43,73,35,72,60,47,47,49,36,66,33,52,28,56,58,38,51,46,81,62,29,36,46,26,58,37,107,80,28,43,49,32,54,38,50,43,40,28,36,52,28,47,45,27,44,33,48,51,34,75,33,45,31,80,36,124,63,37,40,41,37,42,106,54,42,43,48,29,91,43,32,44,41,47,43,33,73,50,28,50,37,62,70,40,35,60,58,29,41,32,30,37,52,44,46,41,41,47,49,55,39
2031,8,62,41,110,31,299,154,118,66,84,50,43,41,112,64,41,47,36,90,62,52,54,125,51,43,50,69,36,86,96,173,85,37,57,73,118,60,133,60,102,62,51,102,140,100,82,266,33,128,294,37,63,176,48,32,34,83,35,57,63,89,103,44,45,31,76,67,240,107,89,44,82,137,63,80,92,51,86,60,38,134,42,63,44,43,161,34,42,357,74,68,66,42,107,225,26,90,70,30,30,98,48,40,113,114,74,165,176,53,98,56,72,88
2031,9,35,55,51,29,62,58,302,34,31,59,48,78,109,39,81,82,42,39,76,57,37,133,41,23,98,32,24,142,50,58,195,149,43,48,80,140,77,54,36,67,26,59,136,122,38,29,55,24,236,23,63,44,141,30,27,76,56,31,28,68,96,23,28,42,55,66,92,72,90,55,25,232,32,27,177,24,46,70,23,50,161,87,94,39,95,29,59,397,42,44,71,39,78,94,39,25,80,23,28,118,41,39,62,51,50,148,25,125,99,26,48,42
2031,10,23,25,36,23,53,55,150,40,30,25,24,32,98,27,136,103,82,34,61,182,58,178,105,22,60,23,58,85,23,28,49,53,95,30,43,96,42,101,76,28,32,28,170,128,122,24,42,34,36,53,51,51,160,22,23,57,23,59,135,53,35,35,23,74,35,139,42,34,51,64,26,53,23,71,50,551,31,79,287,34,45,24,52,175,30,47,86,223,41,24,77,24,36,52,30,23,49,27,27,85,24,113,60,25,69,25,24,67,1019,24,70,23
2031,11,26,184,60,28,179,263,229,58,635,28,77,68,156,23,129,624,50,92,102,1420,26,331,82,45,28,44,86,37,53,45,55,55,277,35,80,71,84,150,299,56,186,37,160,78,453,85,45,86,136,73,130,29,360,42,24,129,282,44,236,127,44,74,90,78,43,35,57,99,36,54,31,78,75,58,53,335,67,28,109,167,60,66,44,44,45,38,104,135,59,24,34,32,69,128,33,26,79,170,69,59,23,185,61,32,102,37,24,45,261,50,28,23
2031,12,73,129,87,22,170,64,261,128,108,137,26,150,94,35,42,56,113,120,166,431,35,1156,34,25,77,26,77,135,39,93,63,52,191,49,49,463,43,35,76,538,30,61,313,114,72,58,106,46,80,61,119,26,77,30,199,116,105,108,277,190,33,43,69,188,24,72,753,47,24,24,82,348,31,232,37,42,44,25,170,43,73,242,24,44,24,204,82,194,25,34,46,43,46,45,222,109,2064,58,161,43,37,181,92,82,176,59,23,46,55,32,167,23
2032,1,49,96,142,29,62,133,134,75,182,477,40,85,64,38,80,397,65,77,1354,195,53,693,38,22,35,33,85,116,207,356,43,36,75,54,38,293,30,34,55,401,119,26,1100,40,59,357,134,107,50,35,184,25,59,63,110,292,90,131,222,210,62,76,32,333,31,79,459,614,27,24,62,418,97,304,186,111,58,325,143,35,35,168,45,58,35,165,70,2011,118,44,79,1168,51,60,149,133,848,119,78,45,31,138,569,491,113,66,31,31,58,34,74,1463
2032,2,31,61,55,38,77,153,332,320,282,589,362,172,300,167,68,841,189,116,1133,441,51,716,220,22,33,69,85,129,538,358,60,216,98,202,43,242,112,144,46,1589,37,140,1537,327,48,98,219,144,55,34,330,130,69,145,53,664,520,285,686,381,96,33,30,274,38,70,1251,655,90,31,853,407,176,433,114,58,85,339,237,224,78,330,369,149,24,101,119,1857,37,98,153,88,121,140,125,84,729,184,124,413,23,552,256,178,83,92,72,27,61,28,53,1932
2032,3,26,281,92,52,302,153,481,76,1015,154,125,84,116,74,47,439,80,77,766,198,47,2658,82,21,335,42,88,839,141,250,37,64,58,264,122,266,189,51,63,2048,199,174,439,281,102,147,270,133,33,339,229,613,141,58,77,233,906,84,710,2780,33,83,28,344,47,33,1113,140,71,34,307,219,284,191,59,69,245,161,498,74,45,150,52,160,31,299,239,830,266,207,137,117,80,200,254,35,595,117,118,233,67,312,428,150,101,44,501,39,43,23,143,2903
2032,4,24,166,33,31,83,80,108,50,198,79,55,76,63,95,50,88,44,83,277,142,28,1419,59,21,42,29,37,408,65,78,37,78,37,77,34,148,106,36,38,1105,113,44,117,283,172,105,139,78,28,81,74,127,112,87,34,77,867,50,427,864,36,41,27,92,35,29,115,93,28,35,105,103,70,88,42,37,145,84,175,59,38,108,39,46,23,98,280,1042,53,38,44,58,75,92,240,34,222,86,53,80,64,87,506,281,63,30,462,31,35,37,113,1082
2032,5,24,55,35,22,38,40,49,35,55,43,36,45,41,34,28,53,34,33,89,80,27,87,33,24,31,23,29,67,36,40,28,91,30,37,28,52,46,32,40,84,32,29,57,82,37,67,65,34,27,62,45,70,46,36,29,49,786,35,79,80,27,29,23,46,27,25,54,49,26,24,66,52,42,45,32,36,38,41,58,32,24,50,30,32,28,41,78,76,38,33,30,42,37,36,50,30,63,37,37,78,26,50,70,101,46,25,73,35,47,108,39,233
2032,6,71,31,26,26,28,29,33,26,37,30,26,29,28,35,24,32,25,44,42,40,32,48,30,22,25,24,26,42,28,28,23,60,28,52,25,36,29,24,24,51,32,26,38,41,27,29,36,26,23,30,30,35,30,24,27,33,121,29,43,54,25,57,25,33,24,23,34,31,24,21,34,37,30,57,25,48,27,31,34,27,25,33,25,26,22,29,41,48,29,26,32,28,26,27,34,35,43,28,30,102,22,34,40,36,29,26,109,25,27,30,31,51
2032,7,83,47,64,75,44,35,38,31,34,55,27,45,51,52,39,61,31,43,38,44,30,32,58,32,38,27,51,51,46,37,55,57,45,46,56,58,151,29,35,50,68,42,89,47,65,55,36,112,35,56,47,78,29,64,52,56,69,31,48,81,43,28,43,50,42,54,37,58,45,83,55,50,50,46,32,43,73,65,32,47,56,31,54,32,30,80,41,89,58,38,57,55,45,53,38,46,73,53,50,45,28,38,52,73,34,63,192,53,33,59,35,43
2032,8,160,66,92,89,50,32,66,57,42,41,36,30,132,60,34,51,81,76,141,62,88,48,106,40,76,24,42,69,137,102,41,112,76,144,86,57,72,43,107,126,94,109,42,29,201,158,42,239,83,80,137,100,33,284,147,183,103,61,108,92,189,43,70,37,76,35,95,78,91,265,102,100,83,65,40,74,200,46,31,94,48,51,55,96,102,45,90,69,50,56,136,48,49,45,340,54,89,139,92,212,33,71,148,56,83,59,121,86,35,183,47,60
2032,9,91,30,184,170,24,24,30,61,76,44,48,25,27,25,24,59,44,62,58,55,54,104,93,20,29,22,23,58,25,66,22,127,135,101,38,192,43,41,53,93,28,632,67,31,213,210,46,125,112,37,114,34,23,147,58,49,37,28,55,50,25,45,32,25,86,35,37,73,100,101,33,188,144,125,31,23,60,24,208,31,74,100,33,448,93,47,57,39,211,23,76,39,45,72,43,151,86,70,518,93,27,38,149,42,106,82,79,53,78,32,32,82
2032,10,115,26,49,934,39,124,24,64,100,56,45,27,30,24,36,219,34,41,44,24,151,39,57,20,23,30,25,54,25,64,24,32,24,27,24,213,85,25,36,80,47,123,44,90,214,78,23,47,164,23,41,79,38,59,107,32,39,33,39,389,30,23,23,23,263,28,53,75,26,54,34,41,41,41,30,26,25,29,65,24,533,304,23,122,59,130,37,41,26,22,85,124,100,42,47,37,102,61,46,26,74,23,100,48,82,46,30,37,30,29,39,59
2032,11,64,162,27,84,22,80,22,44,65,260,23,30,57,36,46,124,93,75,50,32,33,77,145,47,24,60,62,30,49,38,24,117,31,29,50,80,98,205,100,66,87,110,35,33,72,158,22,115,117,72,50,151,41,90,104,34,52,31,89,101,162,49,26,122,36,49,59,54,206,56,66,68,393,98,48,25,53,42,73,55,118,57,23,51,35,25,51,100,67,22,169,572,67,288,25,30,110,43,26,146,75,30,71,75,61,24,63,108,48,28,107,258
2032,12,283,61,54,97,79,51,55,41,36,505,32,270,69,25,68,50,53,160,34,155,33,27,478,46,24,48,38,24,23,76,29,109,55,52,217,78,59,57,2109,201,153,1035,139,416,49,147,25,42,1406,82,166,139,28,35,106,33,26,26,262,86,91,58,22,133,245,32,68,102,113,59,34,148,216,146,37,23,91,122,111,103,93,118,22,39,51,137,98,125,30,125,35,310,41,55,36,1014,159,89,28,41,47,181,95,105,33,46,78,29,677,57,45,175
2033,1,263,242,117,2764,44,53,128,29,1041,355,22,122,84,23,231,126,146,243,24,176,34,42,473,108,220,133,147,232,255,105,23,65,78,1380,409,113,47,223,845,55,156,487,164,342,168,311,25,132,553,263,69,183,67,66,131,168,115,161,131,140,113,107,21,45,293,56,101,40,239,30,426,93,149,263,28,272,45,262,736,47,88,73,223,135,40,83,97,701,103,114,35,397,32,47,168,376,160,36,37,50,32,77,47,231,561,40,75,230,1387,47,42,226
2033,2,161,83,236,961,47,36,56,42,207,420,60,174,157,23,805,436,60,132,64,105,247,98,442,179,105,347,94,372,70,36,48,81,219,1961,125,413,40,153,809,110,77,544,100,305,169,718,27,226,1043,166,218,210,72,38,273,185,190,32,177,331,164,35,41,67,125,60,61,91,936,102,205,158,194,323,23,162,46,134,555,61,498,51,150,328,27,222,432,876,93,233,88,1544,106,57,76,517,256,30,67,78,40,138,56,175,322,105,171,298,2327,321,29,442
2033,3,143,95,335,645,85,68,34,55,604,1033,186,68,223,21,706,286,36,87,199,68,195,465,323,63,74,51,39,222,101,543,31,260,274,1025,492,350,71,320,674,174,62,272,196,1062,90,980,255,97,1231,149,173,229,26,73,158,315,427,199,819,127,67,48,192,95,2530,444,59,428,720,95,587,80,311,295,22,219,138,492,371,40,959,46,136,132,38,179,253,1591,31,155,142,925,49,35,72,1804,109,29,258,56,83,67,80,116,122,50,83,403,1143,88,109,1699
2033,4,125,42,102,271,29,36,49,82,243,151,47,54,194,22,121,80,34,47,151,75,87,100,73,96,54,49,32,99,37,116,21,68,142,130,164,266,30,81,366,77,41,232,121,470,51,204,280,47,365,62,75,161,125,94,58,292,257,72,236,66,49,27,30,184,667,78,30,191,374,33,209,46,203,330,22,74,72,1518,96,27,208,32,154,73,25,54,76,546,43,55,51,147,28,29,49,274,56,25,50,31,37,106,54,267,57,41,48,90,254,67,173,344
2033,5,62,31,44,60,139,28,26,33,59,58,27,42,50,28,51,48,32,32,36,36,38,46,51,38,29,32,26,43,29,55,26,37,46,61,60,110,25,48,122,39,31,70,41,87,39,73,43,31,65,41,68,51,31,29,38,71,106,36,60,44,32,28,31,71,153,44,26,73,72,27,53,36,471,302,22,46,29,92,49,25,56,26,65,38,25,36,43,76,25,35,32,60,27,37,29,61,41,24,34,27,28,45,97,184,41,106,57,62,88,33,36,71
2033,6,33,31,29,39,31,28,27,25,37,43,24,34,68,24,35,32,28,32,27,29,28,30,34,27,26,29,57,29,30,32,22,51,31,41,37,41,24,31,47,28,27,39,39,48,27,43,31,25,49,34,46,32,27,24,29,37,38,27,39,30,26,23,25,29,59,34,24,32,42,26,40,26,62,45,21,32,25,45,32,23,37,24,31,32,31,27,36,43,23,26,29,41,23,25,25,40,32,23,30,26,23,32,33,47,27,39,41,33,45,26,27,129
2033,7,40,67,57,35,168,40,36,43,67,34,36,33,48,41,54,73,44,46,51,57,25,34,34,47,46,40,72,77,92,70,29,65,40,33,86,74,29,56,42,36,39,47,55,76,40,51,43,34,102,54,42,43,48,52,39,51,51,52,61,46,34,32,29,37,68,26,49,64,134,36,82,49,50,96,34,40,45,49,31,34,42,46,39,51,32,40,52,38,24,32,34,66,50,40,45,53,35,37,30,69,41,37,31,46,35,50,57,56,35,52,38,62
2033,8,44,120,92,101,81,139,28,46,92,83,58,60,129,39,80,96,122,254,72,87,99,41,47,71,34,94,117,90,169,111,51,179,67,79,141,250,55,64,66,31,59,66,113,94,238,73,56,36,84,73,46,35,163,108,107,83,112,707,84,268,52,41,27,84,52,28,1038,59,151,99,241,52,88,152,56,73,61,40,114,43,40,85,78,287,41,81,134,162,69,69,47,85,134,55,67,78,225,75,64,118,59,57,66,145,35,80,107,163,82,78,81,70
2033,9,50,58,32,102,176,89,23,28,53,32,44,79,66,29,78,69,34,38,42,56,78,29,59,136,38,57,86,31,43,148,92,31,66,76,50,31,66,29,66,32,46,35,71,53,48,30,26,23,69,24,25,24,94,516,26,89,54,124,48,135,41,24,27,47,30,58,67,31,59,39,133,102,284,44,31,139,129,95,102,52,28,126,39,103,41,44,29,104,27,29,27,130,64,27,35,46,39,37,37,35,52,108,37,98,41,26,99,26,89,58,31,104
2033,10,25,168,51,105,189,86,22,88,86,23,37,41,66,20,62,27,45,25,112,36,54,53,97,664,35,23,104,33,24,28,23,43,172,29,109,45,48,28,34,33,30,60,27,44,29,24,23,44,293,37,23,34,63,38,32,60,29,36,31,89,44,129,32,27,23,108,53,23,26,48,26,27,53,852,31,26,68,1731,35,40,23,49,56,152,1098,61,32,85,97,123,25,57,83,238,56,37,229,147,56,23,23,52,47,128,36,118,287,30,80,41,55,30
2033,11,22,29,25,168,95,87,38,47,116,24,109,241,244,39,33,61,167,31,57,72,52,664,99,322,33,144,69,76,44,49,176,131,51,26,630,35,52,29,29,24,155,53,27,230,147,23,24,33,161,37,22,23,122,133,37,103,214,42,23,148,84,168,41,35,159,76,32,56,31,31,72,63,350,90,128,46,29,42,34,57,49,59,35,302,578,50,66,45,32,126,47,25,46,52,96,116,221,178,26,203,52,81,84,116,26,152,43,29,74,243,44,100
2033,12,25,151,23,167,143,36,24,212,65,23,50,223,92,36,27,184,117,37,123,100,66,178,153,793,72,318,110,115,38,24,279,149,29,39,136,39,146,24,32,41,540,104,23,514,64,227,27,25,249,53,25,41,672,34,316,51,39,268,26,273,73,103,103,26,85,198,53,28,220,184,107,50,592,119,58,27,300,38,193,25,50,93,132,146,56,49,321,431,31,72,39,116,27,30,40,102,184,93,144,83,23,536,80,70,122,56,125,46,92,96,35,530
2034,1,26,69,103,948,101,39,57,115,1544,169,118,92,212,234,25,223,40,26,224,236,112,76,146,741,87,83,63,703,111,31,125,50,29,119,206,118,82,270,90,34,63,91,107,516,199,86,137,537,546,66,472,528,71,75,769,39,1090,134,27,82,110,232,149,28,143,672,138,25,90,2026,444,28,1146,241,312,36,68,184,89,92,45,48,193,347,642,38,59,2520,24,35,26,57,28,1212,148,133,933,159,30,251,181,360,137,73,311,224,167,25,305,117,1719,686
2034,2,70,137,50,860,121,136,22,114,1105,127,299,81,543,80,161,243,89,29,629,245,55,150,836,1562,340,60,163,604,33,514,306,74,60,97,901,60,92,415,237,98,356,157,381,310,118,200,787,220,1310,131,75,106,107,355,652,100,662,145,262,112,85,498,82,22,66,1972,60,58,165,753,1351,39,2098,290,205,56,206,293,348,109,206,48,319,209,281,146,48,1732,33,66,93,216,43,4125,163,119,967,2002,44,74,81,804,190,359,250,574,94,27,299,1730,317,3775
2034,3,120,43,27,1551,87,136,22,60,761,35,301,59,265,95,37,168,64,25,370,572,148,105,2498,1684,429,61,84,377,28,1023,454,54,27,37,1942,157,45,763,149,308,1111,142,74,117,190,1162,529,630,940,34,1136,68,72,102,301,63,797,139,111,91,59,215,450,23,363,533,64,62,50,397,4289,59,1430,238,933,50,436,252,481,164,142,70,796,2100,88,82,38,448,69,77,29,151,95,2783,118,88,3891,1811,67,247,187,701,97,157,238,446,165,38,1221,1353,352,1836
2034,4,30,32,25,695,44,78,22,40,392,31,170,53,190,57,32,251,34,28,96,136,78,91,637,204,174,43,54,125,26,331,93,32,85,93,819,98,36,172,65,95,606,74,45,98,115,210,395,251,430,36,109,43,51,61,74,32,216,87,36,135,35,120,141,28,110,93,81,49,35,105,566,58,243,109,802,34,168,74,169,87,61,30,1012,545,53,49,43,90,25,37,25,107,58,394,76,52,822,1491,27,151,49,319,42,82,77,174,84,26,487,515,117,1729
2034,5,28,33,25,84,35,33,22,31,74,26,54,31,59,75,25,47,28,32,50,74,59,59,122,65,62,30,31,60,23,95,45,30,25,33,74,53,28,145,40,36,193,35,37,52,41,59,69,63,180,38,52,40,32,84,78,31,69,49,27,48,30,50,47,31,48,56,33,26,30,51,273,32,71,52,236,29,51,39,53,52,38,26,261,89,40,34,31,58,23,27,33,47,25,70,36,32,81,212,25,56,33,70,41,40,42,59,42,22,66,72,54,161
2034,6,24,24,23,48,28,25,25,31,42,24,46,25,37,29,25,36,24,22,33,37,29,31,102,49,79,32,25,36,23,49,32,24,25,28,52,27,28,46,30,28,73,29,25,33,29,41,45,43,67,29,34,28,27,32,36,26,42,29,26,33,25,35,32,23,33,36,26,24,24,32,66,25,43,39,53,23,33,30,35,39,25,24,75,45,34,29,24,39,25,24,23,27,24,41,34,29,47,75,23,32,27,43,28,28,29,41,49,24,41,44,36,51
2034,7,37,158,57,39,37,46,45,35,104,37,64,37,382,66,57,62,45,36,44,75,46,45,106,244,59,42,36,62,43,51,50,48,140,66,76,49,35,48,40,58,70,34,31,48,29,65,68,72,72,51,61,49,52,50,56,43,34,52,32,34,65,45,72,49,40,42,52,33,30,53,43,45,64,94,70,76,46,46,63,41,35,64,77,35,30,53,36,51,47,34,45,35,44,36,31,51,52,91,61,39,32,91,88,98,43,76,35,44,40,54,49,59
2034,8,283,96,127,51,79,56,40,180,100,68,57,221,346,109,48,60,43,47,43,49,34,55,106,178,33,108,75,39,56,41,56,232,539,282,53,38,124,52,48,192,78,43,32,131,39,92,120,107,60,34,144,119,116,74,67,65,72,314,50,95,34,35,73,44,58,62,42,81,62,176,50,189,78,82,55,71,60,56,51,465,50,123,67,62,28,94,118,181,95,74,108,49,42,70,109,77,88,97,83,121,56,195,125,303,122,122,70,56,44,90,42,69
2034,9,48,124,67,40,51,43,27,34,38,44,115,52,56,101,37,42,60,37,27,30,51,78,69,63,27,68,49,48,40,30,78,110,62,52,59,74,24,29,48,36,88,23,61,37,46,34,71,47,63,26,76,29,28,410,96,27,94,112,25,84,26,26,34,45,26,40,184,54,30,158,53,29,101,132,274,24,26,26,165,175,26,28,47,39,30,51,121,28,90,100,53,43,23,50,302,51,63,43,44,42,23,101,38,56,49,78,80,63,48,34,59,100
2034,10,156,86,35,34,36,39,22,24,49,41,170,484,232,64,61,173,91,155,36,151,48,45,105,43,23,98,27,48,29,66,43,38,28,32,37,50,54,55,26,24,53,36,65,48,27,174,65,26,279,27,44,28,24,78,135,22,26,63,23,24,69,29,63,53,24,33,100,23,41,1695,58,759,224,26,51,23,52,44,284,71,27,76,88,46,34,35,220,31,24,71,23,40,48,165,87,39,125,58,83,38,31,48,24,107,25,27,42,26,23,23,36,37
2034,11,251,38,57,112,23,42,34,28,70,55,90,43,64,123,184,36,67,99,53,52,46,285,106,44,62,50,34,39,39,376,23,45,138,73,46,79,40,110,40,25,94,45,141,41,30,109,187,192,150,46,43,23,27,114,27,46,153,80,23,65,23,42,37,75,24,59,349,47,53,144,58,58,96,161,68,25,33,53,48,30,34,47,120,172,78,72,67,138,47,32,45,28,241,63,48,68,67,85,338,554,95,35,72,48,38,34,26,103,44,23,36,24
2034,12,74,35,1597,130,83,41,1145,491,40,59,99,51,81,158,160,41,55,82,51,322,62,49,53,62,26,43,31,173,34,43,37,24,78,176,37,360,285,93,24,28,162,34,72,162,70,120,214,171,58,554,314,29,23,167,37,68,240,97,22,34,35,29,31,123,27,197,61,22,187,736,133,68,39,205,165,67,45,271,994,51,88,78,455,103,88,43,61,75,37,25,311,459,572,32,399,75,108,33,141,198,192,35,25,367,287,24,44,42,430,33,269,49
2035,1,136,138,1007,77,165,1018,80,218,354,35,118,169,376,209,262,33,62,176,119,408,120,72,44,97,96,65,283,70,173,50,210,27,38,64,28,167,111,209,78,66,116,82,83,1655,80,189,475,366,297,164,409,157,53,168,68,66,611,171,23,130,80,398,61,44,25,1026,70,37,61,2827,696,166,70,138,146,97,49,60,217,85,54,89,408,176,313,123,39,82,26,192,698,192,119,108,406,119,74,88,119,126,163,32,33,105,355,37,31,101,303,113,103,27
2035,2,173,79,504,44,255,132,47,235,193,27,312,320,203,284,187,69,50,135,36,294,45,554,140,47,27,121,234,171,104,42,139,59,35,53,33,215,260,214,38,67,156,32,101,2009,519,128,286,187,798,144,683,125,207,123,110,34,910,218,152,389,858,157,44,142,31,1009,66,59,63,1346,715,70,48,87,224,76,58,46,296,36,553,50,384,86,311,109,125,74,27,43,134,266,65,119,554,199,382,50,95,328,365,62,354,231,543,26,146,150,307,92,85,70
2035,3,187,143,1106,113,150,86,68,450,699,30,245,284,962,220,289,179,176,72,62,1192,108,401,258,35,224,42,155,279,222,107,107,63,30,38,24,1314,214,1078,56,117,365,32,370,1295,190,69,529,214,222,68,493,60,60,111,52,76,503,556,32,221,1395,229,226,101,21,379,61,192,32,304,184,114,74,665,295,172,204,261,670,34,141,76,535,99,497,197,187,125,43,36,171,1115,73,364,3631,236,319,47,82,1094,217,28,144,1003,1368,32,569,140,382,82,253,43
2035,4,68,54,336,53,55,70,42,399,470,30,120,165,692,109,78,41,40,43,28,188,57,550,69,30,88,137,59,79,65,33,67,71,37,31,23,1085,100,272,92,43,112,28,97,354,71,46,117,70,68,47,149,68,30,51,34,45,83,222,26,88,773,81,73,39,35,315,38,94,32,92,78,103,97,202,1002,92,45,250,156,29,64,34,274,76,147,77,61,206,43,34,88,671,44,72,1652,75,186,30,74,309,72,29,43,306,266,67,158,46,116,43,85,26
2035,5,41,32,83,33,35,45,30,61,72,28,50,53,83,60,43,33,31,32,25,67,34,64,47,26,43,88,32,40,35,31,49,32,26,27,26,385,48,124,26,26,44,27,42,71,41,33,57,45,45,34,72,30,27,34,27,25,53,66,41,55,189,43,31,29,29,82,29,39,30,55,54,40,34,109,122,31,30,55,57,26,36,27,84,42,64,38,35,46,115,31,49,86,59,39,213,43,103,28,55,108,47,24,55,67,71,29,52,98,49,28,45,24
2035,6,33,42,44,40,29,30,28,39,40,22,36,33,46,39,31,28,25,32,24,41,25,43,31,25,26,37,27,30,28,33,28,43,24,24,23,62,36,45,26,27,30,24,31,48,29,26,44,30,30,32,40,26,27,33,24,24,34,48,23,34,54,34,34,26,21,44,29,25,26,37,42,27,31,50,44,29,25,31,37,23,30,26,43,31,46,27,36,28,40,24,33,46,29,28,61,30,39,27,34,57,31,27,27,40,48,25,35,33,32,25,33,24
2035,7,30,70,57,58,41,42,43,63,104,33,29,35,78,51,69,55,39,46,59,57,26,53,76,41,30,55,48,52,48,55,52,54,28,40,34,60,54,35,41,36,43,58,47,62,34,51,50,32,49,39,72,58,38,62,46,57,48,60,37,91,68,34,55,68,64,40,127,48,45,79,73,35,77,94,63,86,39,53,44,37,44,41,35,41,41,79,39,34,77,79,45,42,38,41,65,38,45,35,98,56,41,44,81,37,60,44,75,41,54,55,30,50
2035,8,115,37,167,117,49,68,104,141,35,33,107,59,100,45,192,173,40,64,46,64,44,42,51,66,58,57,165,33,146,55,92,87,90,93,68,134,70,48,37,33,90,71,54,45,68,66,93,60,192,51,71,91,51,128,34,52,68,50,81,74,56,47,31,117,52,51,126,106,135,169,80,274,43,60,122,77,48,102,72,56,103,106,108,113,82,125,58,48,86,138,94,71,39,45,74,47,137,87,39,64,52,55,91,122,48,54,73,69,101,185,50,49
2035,9,48,272,47,73,24,71,26,133,29,26,142,29,42,28,155,52,119,37,50,28,51,23,44,40,27,65,139,52,62,46,35,69,75,206,58,28,54,23,170,113,57,83,84,61,67,28,314,57,37,124,31,34,29,62,32,32,73,34,29,109,73,28,24,136,30,24,29,47,80,139,145,34,43,29,284,79,47,217,57,93,38,45,107,34,45,218,37,68,122,92,74,41,26,60,30,45,160,66,57,31,28,35,82,51,99,49,63,23,32,95,33,39
2035,10,53,200,55,57,35,60,54,36,49,114,89,40,81,49,144,46,61,29,36,42,90,40,150,23,41,68,64,25,25,90,38,24,49,43,169,28,68,33,27,28,212,45,51,43,37,33,41,24,221,1442,45,30,36,60,58,23,44,47,71,1570,195,25,22,41,36,34,60,67,73,55,42,30,63,30,333,47,25,29,216,37,65,25,26,39,24,55,33,54,34,26,106,383,51,23,33,28,62,56,74,54,32,25,24,65,56,22,71,31,23,25,52,555
2035,11,28,310,44,68,103,52,55,168,210,75,58,188,82,71,67,29,43,36,121,46,103,23,51,76,83,41,62,30,33,32,24,82,43,316,288,23,26,31,24,167,41,42,73,48,31,68,34,71,53,98,96,46,97,61,31,46,63,86,106,99,616,22,51,46,59,77,112,27,27,72,42,97,55,28,80,59,34,85,43,92,64,106,40,29,24,178,88,49,52,63,101,65,180,61,33,22,50,283,29,48,45,30,77,110,111,29,30,31,25,30,85,88
2035,12,33,144,25,81,130,28,64,69,66,33,109,128,87,31,43,24,45,104,230,60,764,166,37,89,46,43,551,38,26,37,150,25,99,364,58,24,106,39,24,51,49,150,48,43,39,128,52,70,32,73,51,43,37,97,29,113,28,32,112,146,548,25,24,56,314,546,105,24,31,41,76,905,33,159,143,40,758,79,93,330,237,31,55,44,23,117,65,96,50,74,193,112,60,253,25,71,205,53,37,51,120,160,25,397,97,30,36,30,73,443,43,1294
2036,1,24,522,130,217,217,282,694,442,88,161,38,1103,270,49,74,184,42,242,402,205,707,260,39,113,95,32,500,125,557,40,461,45,57,100,54,25,1942,38,113,52,96,50,50,56,36,188,29,30,47,323,524,159,45,297,51,483,461,38,61,341,599,22,232,39,266,165,447,78,52,196,85,340,54,59,2635,101,144,164,389,72,257,147,45,256,79,60,66,692,77,212,91,72,110,139,149,57,363,115,367,29,547,65,101,331,70,148,26,148,172,90,59,325
2036,2,30,682,37,60,104,118,159,323,86,135,36,1818,142,81,215,123,68,253,200,61,1094,121,53,103,36,52,642,211,334,25,120,28,34,265,102,23,422,138,126,79,125,165,76,96,71,135,169,78,46,156,553,243,30,1082,160,760,242,36,63,669,909,23,63,101,181,163,208,219,59,116,89,116,219,72,2815,57,401,53,2736,71,1265,75,123,84,150,64,60,1521,232,94,138,186,177,396,49,192,269,572,222,119,1654,141,241,285,202,223,79,514,364,339,62,577
2036,3,42,1198,130,78,66,65,85,282,194,96,36,510,376,46,67,104,255,136,88,141,309,137,168,526,65,181,1349,146,148,119,65,49,227,137,293,44,564,28,92,141,58,112,114,101,39,164,274,83,122,274,641,263,124,468,67,726,238,86,176,1406,583,21,215,40,130,179,114,136,49,223,134,171,333,139,1377,47,884,43,973,143,3923,42,34,65,48,247,70,1113,373,57,204,75,661,466,29,78,909,364,184,46,416,96,56,743,222,60,47,137,98,521,294,2051
2036,4,23,222,38,38,47,51,47,110,60,40,30,166,121,63,75,36,67,69,50,63,223,87,34,120,37,111,606,67,82,181,43,34,126,77,129,34,517,27,42,40,34,96,40,75,53,59,116,29,37,106,291,124,36,202,32,107,95,46,55,1396,148,21,88,37,82,300,49,58,42,88,125,276,91,44,463,38,123,33,204,55,1480,31,33,37,38,95,31,170,180,47,141,58,146,319,27,76,576,423,79,38,86,48,36,116,61,43,32,172,62,149,82,1127
2036,5,23,63,27,36,38,43,35,54,39,30,25,68,73,49,34,29,41,42,39,59,67,122,32,45,34,53,103,49,42,35,39,45,36,46,42,22,70,49,26,33,50,38,33,33,30,37,45,25,30,52,63,88,25,62,88,63,46,26,43,98,57,21,42,25,44,91,43,31,25,37,36,75,41,30,218,26,73,32,59,34,117,26,27,29,25,39,26,58,66,31,63,35,54,57,25,34,67,76,42,25,65,29,29,53,46,48,26,39,81,54,44,120
2036,6,22,42,33,33,26,27,30,39,27,26,23,40,33,49,26,26,29,28,30,28,45,35,26,31,40,27,49,32,30,31,28,23,27,31,31,21,43,24,24,25,83,28,25,28,44,27,32,24,28,34,41,33,23,38,25,36,32,23,27,47,65,23,29,23,30,44,27,25,23,27,32,38,29,26,52,26,40,24,60,27,49,25,24,24,24,28,24,37,44,25,40,26,35,36,32,56,41,42,37,23,37,26,24,39,28,26,24,27,28,36,27,51
2036,7,41,48,43,53,28,30,30,47,50,47,46,41,72,28,51,39,40,39,49,47,59,33,50,29,33,36,72,41,42,153,38,64,30,55,47,45,43,39,58,45,85,31,43,46,46,26,60,62,39,30,44,46,27,48,41,44,40,45,33,48,41,38,66,53,36,54,50,85,38,33,48,44,43,44,152,33,49,30,59,29,59,40,38,58,32,42,24,49,48,50,127,39,59,50,35,61,60,56,205,34,57,29,116,65,63,36,36,33,44,39,34,46
2036,8,69,39,47,118,36,82,62,73,69,64,144,50,90,32,83,34,84,57,239,86,37,32,140,139,28,107,139,54,218,88,94,77,114,118,163,44,73,34,81,149,54,43,69,31,91,43,73,55,51,67,167,96,45,65,41,166,85,47,40,40,167,293,73,44,98,112,250,119,177,257,61,40,106,81,103,228,39,52,324,34,50,63,52,56,70,62,105,86,87,137,105,42,182,45,55,38,122,39,385,34,128,106,141,216,347,107,152,47,89,31,57,88
2036,9,126,33,65,71,24,121,31,105,24,27,87,51,204,26,54,39,80,36,47,73,31,60,157,39,36,97,52,34,33,46,64,23,139,53,68,23,129,52,45,117,170,154,710,95,327,43,23,27,39,35,91,34,55,66,36,54,94,106,33,27,26,107,37,216,76,35,338,53,48,123,28,27,394,169,349,70,96,55,65,37,170,70,46,51,161,29,52,92,82,35,74,38,209,24,25,61,42,35,160,23,151,54,31,166,78,101,101,89,85,29,31,83
2036,10,362,30,76,27,43,1017,53,49,54,22,67,26,67,35,38,41,29,50,79,114,29,78,27,152,39,28,25,44,49,38,42,26,35,40,41,65,32,32,29,54,102,125,100,81,73,59,25,35,30,32,85,31,25,118,52,64,54,48,227,75,23,47,35,38,81,31,36,71,101,79,69,55,35,51,47,65,37,22,32,23,47,73,23,30,27,35,32,76,145,135,63,44,68,74,32,142,29,163,49,26,53,30,29,165,31,93,54,45,33,25,62,98
2036,11,45,23,57,168,24,507,26,65,28,32,27,100,84,22,41,83,31,31,97,41,26,84,300,43,57,60,23,26,53,103,29,22,48,30,92,95,77,100,25,77,206,33,33,164,240,42,85,38,109,77,78,61,24,77,57,189,516,84,130,85,31,26,26,87,26,35,33,125,32,72,42,78,157,38,121,265,101,104,43,34,26,112,32,25,78,78,71,35,99,78,107,84,374,481,33,136,57,87,37,110,37,30,126,37,80,58,99,66,35,158,22,54
2036,12,67,93,73,370,34,306,39,26,27,65,30,451,51,22,37,34,33,54,46,42,24,33,58,74,41,39,26,33,26,55,54,30,35,120,115,39,122,38,23,33,789,747,274,70,73,144,87,26,105,525,96,380,29,63,28,81,57,31,84,28,523,25,90,54,112,24,69,68,36,76,25,363,206,26,39,287,43,281,270,41,31,287,413,30,131,108,38,33,279,30,71,68,101,237,157,39,40,43,48,153,37,531,270,79,386,91,56,58,77,38,348,68
2037,1,128,37,106,356,123,508,126,127,235,27,35,271,254,22,43,74,24,124,153,39,106,199,77,479,1448,34,97,74,24,60,331,1418,30,50,56,42,45,32,34,169,244,122,1123,159,61,42,35,551,46,163,144,330,117,38,58,49,55,31,43,158,238,274,38,157,233,105,65,311,79,50,35,467,1795,107,178,825,52,608,99,23,26,314,49,45,74,69,114,132,100,41,44,81,156,228,63,40,176,168,43,44,281,376,119,850,523,333,296,132,199,35,104,151
2037,2,83,168,116,1078,77,519,145,164,98,125,149,859,661,29,27,30,28,134,41,193,41,44,110,253,182,370,30,28,222,77,909,285,102,67,188,32,129,213,47,578,208,220,737,115,89,39,28,202,189,205,86,456,162,104,49,145,257,74,54,38,151,249,35,137,356,105,86,121,139,97,753,93,2727,92,296,1109,124,356,166,53,107,274,40,31,60,135,83,96,75,286,82,147,838,592,52,47,463,345,55,63,124,2301,103,179,424,188,233,102,121,29,61,126
2037,3,214,159,168,1748,114,783,83,172,39,69,80,936,320,80,24,30,264,73,54,91,29,70,59,513,260,180,31,72,326,43,150,144,230,30,129,67,46,41,80,433,1049,516,352,278,82,33,115,283,604,122,271,447,69,49,474,87,634,320,41,336,123,375,28,52,843,81,45,109,49,72,207,197,3436,120,171,354,216,409,137,410,214,116,41,50,53,81,128,104,51,191,49,463,426,376,41,91,142,238,101,38,156,885,309,83,200,109,839,76,67,32,112,179
2037,4,93,37,53,288,60,162,37,51,33,34,68,711,341,41,23,33,35,36,39,50,51,34,39,296,101,125,24,28,89,91,59,58,78,41,70,28,49,46,25,68,573,1095,84,138,45,27,30,161,304,60,91,129,35,30,87,79,93,72,34,193,62,216,24,54,249,50,35,47,40,52,85,72,580,71,67,105,57,109,63,75,49,60,30,25,30,54,42,38,36,59,43,311,194,182,28,44,61,213,75,30,124,166,96,95,258,50,211,38,212,27,129,213
2037,5,39,29,50,66,30,60,28,35,29,29,147,182,83,24,24,27,35,28,29,31,24,26,30,93,46,47,23,26,78,28,39,45,32,34,40,24,33,39,66,42,106,85,50,42,31,24,31,54,69,39,39,59,27,26,43,33,48,55,27,45,39,62,35,30,62,30,93,42,31,36,44,40,214,31,38,59,36,54,34,64,41,40,25,28,32,32,29,35,31,38,29,221,153,65,31,27,56,56,28,25,58,71,63,40,77,40,56,29,140,24,43,46
2037,6,30,25,26,48,25,38,25,32,24,27,42,57,38,22,24,24,24,26,25,26,25,24,26,44,37,33,23,23,34,25,28,31,30,23,31,24,25,26,23,31,48,45,32,30,28,23,24,34,37,31,30,40,33,24,41,35,34,30,27,46,28,36,26,26,40,26,25,30,24,66,30,39,63,31,28,37,26,42,77,35,25,33,24,22,40,33,27,26,36,28,25,62,174,37,24,26,30,41,27,25,40,39,43,28,39,30,36,26,118,31,30,31
2037,7,34,27,30,50,32,49,42,34,54,134,31,82,54,36,41,36,28,35,34,38,39,30,36,34,52,48,35,28,48,47,53,32,30,30,88,34,47,69,78,32,49,43,87,39,36,35,46,57,44,40,46,77,29,71,42,41,65,44,31,47,48,64,57,41,72,36,38,42,44,49,58,53,61,49,43,56,56,55,139,45,36,46,34,29,52,57,61,55,125,41,73,132,71,48,27,52,29,38,45,45,38,41,48,47,53,54,38,44,96,69,47,42
2037,8,76,32,78,35,36,56,50,58,48,74,39,105,120,75,96,39,50,48,39,41,72,80,36,44,209,40,61,51,100,148,94,87,46,302,130,72,36,166,86,105,59,62,60,46,31,55,85,42,45,80,306,69,58,96,49,61,68,68,45,52,52,43,33,56,140,32,90,60,193,41,42,40,68,78,101,156,32,86,47,39,60,108,94,117,104,61,106,236,106,55,115,149,52,69,40,52,43,62,31,115,45,89,119,245,221,110,173,132,192,103,32,62
2037,9,102,30,30,35,26,47,52,36,25,64,24,29,68,22,27,36,31,49,159,176,43,95,39,26,119,55,42,27,73,96,92,29,209,170,46,24,41,105,48,63,194,25,36,94,43,40,73,31,90,56,214,33,64,84,106,124,98,58,67,152,35,31,52,71,41,45,43,43,281,215,43,58,52,47,173,85,35,69,27,25,68,103,82,68,59,37,29,27,78,87,87,38,32,48,37,28,79,72,69,54,283,53,62,91,49,31,187,25,70,55,25,142
2037,10,31,27,39,23,23,24,50,37,27,36,143,42,47,30,34,43,52,36,95,47,49,24,57,96,89,40,27,22,29,66,38,30,61,37,51,168,39,490,45,37,26,49,49,70,61,44,236,24,34,65,39,59,64,565,74,92,149,139,108,89,39,23,23,46,27,25,49,63,69,80,28,91,56,23,57,133,70,50,27,51,52,118,208,25,294,37,26,74,38,69,112,93,185,69,22,32,106,54,39,35,152,25,68,76,30,27,33,71,34,24,23,1045
2037,11,56,41,59,42,35,113,101,285,44,192,53,112,55,27,38,25,36,22,27,84,41,69,39,82,34,100,35,31,111,54,51,39,108,43,104,27,83,240,47,29,33,121,31,154,23,22,91,37,183,136,61,100,24,69,43,85,253,91,57,42,124,80,31,49,24,70,27,166,34,44,67,88,91,24,52,179,45,72,31,42,28,174,282,50,628,81,32,61,81,47,192,323,37,74,22,75,77,45,39,77,56,26,30,77,52,34,78,90,200,58,31,131
2037,12,23,41,409,80,252,115,114,111,23,64,32,211,152,30,22,31,71,61,26,30,41,29,35,64,71,30,47,91,75,459,26,38,89,57,40,366,48,55,728,74,24,43,110,162,26,116,151,47,160,49,28,317,102,40,68,140,192,59,154,52,122,35,55,36,25,153,23,1108,70,28,35,49,201,274,28,219,157,182,89,347,173,121,54,35,302,27,80,121,127,65,237,639,104,37,28,47,53,218,94,546,134,38,234,114,35,23,70,117,231,429,23,123
2038,1,118,25,92,129,1152,40,343,312,25,46,444,148,192,896,33,64,132,33,74,92,30,83,32,156,33,51,24,85,156,131,29,40,47,40,49,214,180,1218,470,187,587,472,227,81,27,224,137,66,438,78,290,107,42,44,263,254,1668,53,196,178,53,44,360,48,399,47,33,299,31,138,94,1202,58,90,68,907,58,128,58,85,194,62,134,44,256,111,138,40,84,86,246,144,668,41,46,44,76,109,105,212,160,935,123,107,122,134,112,224,80,535,161,96
2038,2,77,57,775,208,1135,33,841,273,26,114,260,308,110,574,60,82,97,130,48,1074,112,114,79,92,71,30,43,232,63,106,29,40,122,119,87,115,96,867,1084,161,145,868,66,47,24,74,91,107,271,57,213,1621,29,106,397,235,3299,60,459,95,108,45,658,53,502,210,37,1030,98,323,103,401,181,198,46,1976,281,87,729,79,65,1059,681,121,297,79,214,104,66,231,225,287,136,27,229,38,136,97,251,151,151,472,86,161,34,83,104,592,191,517,64,305
2038,3,33,44,1571,200,2251,38,774,1071,105,112,139,768,123,307,184,60,39,245,530,700,97,293,60,210,57,37,142,73,56,184,24,220,85,179,126,118,72,464,1310,108,708,532,100,450,25,122,88,167,926,97,236,1135,27,61,115,128,1518,132,752,56,68,221,88,35,540,185,68,738,167,628,71,300,614,122,53,808,80,50,632,250,506,260,909,358,151,50,128,154,219,53,153,274,75,82,314,48,176,134,206,660,379,756,130,98,87,42,40,603,112,255,31,123
2038,4,31,30,303,120,349,30,999,254,36,59,71,576,69,98,80,27,33,40,228,112,41,232,34,109,51,30,77,38,97,364,30,60,147,59,186,96,52,185,1242,59,233,204,53,81,22,48,55,64,288,89,103,400,38,41,55,90,382,39,894,43,41,36,53,29,224,73,29,241,46,246,37,87,467,152,26,121,43,36,143,88,254,251,746,60,63,30,57,106,70,38,66,81,52,36,56,43,168,75,113,176,379,125,62,44,129,60,39,175,43,71,31,97
2038,5,33,26,69,59,65,27,168,61,26,32,41,79,37,51,29,25,26,38,131,55,52,45,26,65,32,25,93,32,41,79,24,30,108,73,44,47,32,67,114,116,56,67,44,45,24,32,43,35,56,50,46,61,24,27,107,45,79,28,87,30,30,29,38,30,70,38,64,61,36,104,28,62,104,54,26,69,32,34,51,52,60,125,131,42,45,27,35,72,35,31,44,45,40,35,37,52,56,37,56,57,99,73,36,31,56,25,29,59,32,57,29,46
2038,6,25,27,44,36,42,26,53,41,23,25,30,42,34,34,29,24,33,26,36,40,24,30,23,79,24,23,33,32,25,37,23,64,48,26,32,35,25,61,50,40,36,41,28,30,25,26,27,29,36,26,32,55,24,24,32,31,37,24,50,25,26,25,39,23,38,28,24,39,25,42,26,70,50,33,23,50,26,49,34,38,34,46,57,28,29,25,27,31,27,36,30,30,28,24,50,33,30,32,37,38,43,43,27,30,26,24,30,39,26,33,26,35
2038,7,47,43,36,53,56,70,60,41,51,32,48,35,178,29,61,65,58,44,39,62,73,68,31,54,96,30,46,36,54,84,72,47,112,34,82,65,44,60,64,33,67,54,39,43,44,49,58,32,44,61,51,42,30,66,32,47,47,46,45,28,40,41,48,28,46,83,38,116,33,70,28,61,97,213,37,121,42,63,42,33,87,62,38,55,39,29,58,89,40,51,49,85,45,38,39,69,30,88,37,40,35,42,33,40,42,50,82,52,65,46,74,35
2038,8,172,62,39,34,38,146,209,51,211,42,52,55,78,55,59,54,180,55,181,1409,49,36,94,82,105,115,41,120,327,124,101,219,101,56,142,46,67,46,97,38,45,84,39,41,45,53,64,55,133,34,108,148,56,148,38,44,49,265,90,38,447,33,32,54,111,141,58,88,29,84,53,58,76,148,35,68,40,74,45,34,176,68,44,136,34,76,458,75,64,61,68,74,41,58,49,51,31,56,54,38,71,48,42,81,80,48,66,89,195,78,138,51
2038,9,113,66,24,38,97,66,184,54,212,23,81,24,38,27,41,52,243,71,40,121,25,41,34,26,57,46,57,31,135,35,38,28,128,32,72,29,148,46,148,24,49,70,24,32,86,26,72,27,153,28,58,44,40,455,66,29,45,389,43,28,34,24,65,34,26,25,22,54,26,163,68,35,32,38,93,61,37,127,255,35,120,27,26,25,30,31,243,30,61,34,26,39,36,24,82,24,54,26,27,67,32,102,81,60,142,43,25,80,155,39,26,47
2038,10,140,35,30,44,159,33,39,69,71,37,44,105,171,46,45,22,30,40,79,39,51,25,27,23,37,126,24,106,72,59,49,24,25,35,35,55,144,28,84,37,29,30,90,37,111,23,190,45,25,71,145,28,32,97,51,57,49,45,33,57,186,41,26,23,25,27,33,119,56,39,84,53,34,45,155,30,31,27,549,53,41,34,33,54,35,26,63,31,26,59,33,64,56,95,47,32,61,55,69,23,47,36,36,81,67,29,45,102,112,46,35,35
2038,11,36,46,55,151,45,55,77,50,116,45,37,59,47,39,180,23,64,25,47,103,44,54,463,23,95,59,65,51,91,443,27,36,56,23,68,40,36,32,157,33,30,66,59,36,241,52,67,41,268,119,130,61,56,269,37,38,52,138,25,35,125,110,33,30,38,24,62,97,52,412,77,84,242,45,33,30,73,35,226,78,156,33,38,24,35,290,65,23,49,37,58,153,49,36,26,23,65,208,30,40,75,30,89,53,31,32,51,239,115,53,84,25
2038,12,468,22,38,252,109,242,458,39,58,58,132,462,136,49,152,25,275,39,46,114,41,166,92,41,33,38,31,149,198,67,40,30,139,22,181,130,29,38,74,35,34,29,31,216,45,47,91,24,51,34,67,65,34,85,38,51,55,106,149,103,49,458,26,36,113,75,57,427,190,74,49,48,1359,72,295,186,210,24,137,122,48,149,118,24,22,40,29,68,35,179,97,141,94,85,27,104,139,91,35,41,44,82,415,51,25,47,123,40,38,40,138,26
2039,1,308,55,27,217,61,76,155,74,137,28,56,70,433,161,43,62,143,325,62,61,86,57,394,38,34,261,107,42,329,108,159,31,425,38,421,1954,72,39,214,96,200,159,25,93,180,81,162,60,65,132,66,74,25,48,40,535,41,52,172,174,154,496,30,116,504,443,92,211,522,257,151,239,1936,374,179,50,158,23,241,74,245,169,168,272,32,55,327,100,131,263,52,108,166,80,45,104,99,759,38,27,118,136,287,40,162,138,117,42,61,118,172,33
2039,2,141,61,145,190,60,362,209,65,190,76,316,68,730,98,37,26,78,62,33,44,630,150,421,59,112,75,93,53,550,84,88,121,621,33,1511,4398,66,178,203,358,93,285,28,79,461,150,118,269,95,48,98,213,37,62,110,191,74,112,138,180,243,1074,69,87,637,616,97,152,740,453,83,117,602,266,279,635,114,453,277,48,146,480,79,170,93,76,407,573,118,141,59,161,74,205,299,193,70,288,56,70,70,136,1115,36,222,36,171,138,123,59,188,31
2039,3,377,272,64,117,106,347,219,48,389,35,190,209,1423,94,363,41,76,297,110,148,463,487,787,127,123,44,53,290,216,170,32,27,422,33,1891,2407,727,92,536,142,74,130,42,263,207,72,238,45,135,33,89,310,357,165,51,91,73,118,152,485,246,1309,80,67,265,960,41,252,1791,1140,41,677,345,825,611,393,161,124,396,203,460,150,188,276,67,226,3746,361,184,117,84,333,43,254,95,78,319,1947,78,88,101,51,578,79,1456,38,263,80,42,155,301,32
2039,4,129,40,41,62,82,134,90,36,137,38,76,78,362,36,66,82,42,96,65,86,131,229,940,48,245,41,32,281,67,57,32,25,94,28,1282,890,100,37,232,98,52,52,30,778,66,34,83,41,55,34,38,107,63,85,32,53,63,46,78,974,144,1253,28,135,120,380,30,64,624,660,37,341,107,167,116,210,74,56,364,64,168,81,53,113,27,90,813,120,143,66,40,304,32,93,80,45,103,2952,37,47,44,36,82,49,226,26,136,95,42,110,178,22
2039,5,64,31,31,40,35,51,43,43,48,24,44,38,64,31,38,24,29,40,42,34,53,54,111,30,41,43,26,52,44,41,26,29,55,22,240,140,45,32,60,39,33,85,26,199,43,29,40,31,33,34,39,67,88,45,26,35,29,33,51,97,52,378,25,66,65,89,29,42,69,176,35,74,62,57,51,75,51,34,67,32,55,40,35,48,24,53,99,75,40,40,29,57,26,57,64,30,40,208,26,26,116,29,51,31,57,31,76,36,34,41,83,23
2039,6,35,25,24,31,33,32,32,37,33,24,61,48,49,26,32,26,25,38,25,26,36,36,56,24,30,29,23,33,30,30,24,23,35,24,60,86,31,40,45,28,28,35,26,47,30,24,28,24,26,27,28,31,27,29,24,26,25,27,28,66,33,60,24,28,39,50,23,33,44,53,26,39,42,37,34,40,28,26,38,34,35,28,28,31,23,29,50,47,29,28,25,35,24,29,28,27,29,56,25,27,70,25,34,23,37,23,33,26,27,27,38,24
2039,7,39,77,42,37,35,38,54,51,39,53,90,52,199,45,111,55,31,76,50,54,91,28,94,63,45,40,32,146,56,44,45,65,59,54,70,82,37,67,54,51,45,32,43,38,88,62,47,34,30,58,58,41,27,41,26,33,55,46,34,45,45,57,29,50,63,70,31,125,63,83,60,39,69,84,41,73,315,31,51,155,35,46,49,42,40,48,68,54,36,66,25,52,197,34,38,37,83,165,27,46,86,25,62,37,48,42,50,45,73,49,44,27
2039,8,42,124,41,59,36,52,55,252,77,178,61,92,58,37,83,241,61,55,135,202,83,118,194,117,31,57,89,62,192,183,49,118,55,256,214,236,32,56,89,138,34,154,56,32,81,93,36,34,29,123,58,38,51,107,41,313,50,37,46,63,35,65,63,34,151,38,179,65,117,105,32,88,146,37,194,77,130,37,57,105,43,41,81,31,127,44,189,171,93,60,65,89,128,108,38,41,117,252,61,47,61,82,254,53,63,193,41,52,471,31,86,49
2039,9,29,35,378,56,148,57,24,115,46,146,30,51,50,23,56,262,27,36,68,60,29,130,100,38,25,29,25,34,68,51,73,72,47,36,78,138,24,25,137,35,46,46,40,24,39,60,30,34,23,63,38,23,39,34,45,76,36,55,142,55,65,35,57,40,28,52,134,75,42,73,23,32,38,72,83,71,47,26,24,175,32,36,43,66,125,50,28,96,33,24,28,71,79,94,28,36,101,76,71,30,35,86,71,43,37,61,50,58,62,27,117,37
2039,10,26,36,157,38,68,36,23,103,70,29,48,526,76,114,86,106,155,32,50,48,32,50,146,34,37,27,27,23,41,27,35,24,32,56,52,30,115,24,85,24,35,42,24,24,40,23,58,32,58,422,34,159,70,31,39,99,76,44,28,36,333,23,62,22,43,108,42,33,159,64,23,25,24,24,69,78,60,33,29,124,23,53,40,41,175,42,274,68,47,67,22,269,60,25,46,24,152,55,37,32,55,148,92,23,24,229,25,29,336,53,27,169
2039,11,24,57,76,44,70,68,22,248,137,41,72,1243,120,132,47,86,29,35,60,54,67,74,75,134,41,32,27,25,32,32,54,60,42,23,283,351,66,24,76,51,69,23,121,48,212,37,209,30,260,95,159,60,23,95,42,551,37,42,24,24,170,32,263,22,91,27,68,45,369,81,44,29,87,23,80,50,77,30,48,129,34,35,139,23,55,43,134,43,38,36,57,52,673,37,30,26,66,73,61,33,88,57,311,22,97,39,35,52,238,44,184,98
2039,12,24,187,38,88,95,99,29,203,52,59,43,332,157,168,45,58,60,130,62,414,26,88,103,83,22,68,25,105,25,94,231,112,26,241,469,1089,74,34,67,69,123,46,55,24,49,48,1001,45,163,1344,43,280,82,48,24,192,45,44,23,111,109,38,87,26,30,302,340,44,360,199,35,628,2275,45,40,39,35,1126,35,100,23,75,29,25,56,241,71,43,240,26,45,145,646,43,200,27,91,34,29,36,188,37,205,22,38,60,40,57,92,522,75,233
2040,1,55,450,210,1017,604,85,198,143,174,34,63,405,324,93,66,35,119,151,211,470,61,79,234,405,36,239,56,144,77,92,80,343,23,72,527,680,107,353,480,855,180,38,65,87,346,39,1544,43,213,408,122,373,30,40,107,350,27,232,49,159,165,236,56,29,46,1754,1076,50,560,51,26,443,2457,230,29,30,143,380,166,45,87,106,77,39,121,63,93,1013,77,50,34,83,238,47,302,47,52,633,33,34,290,684,256,22,33,146,32,160,2151,113,122,80
2040,2,70,261,988,488,788,38,47,403,184,46,178,379,609,210,94,66,60,292,69,250,138,143,493,190,47,81,92,489,47,148,51,137,71,71,312,1948,73,65,605,714,212,786,70,77,168,51,7616,61,166,411,210,1438,28,167,34,277,89,149,241,180,153,55,61,22,44,1924,614,68,382,71,176,1407,2448,121,97,51,299,1498,80,61,120,135,429,60,75,363,389,254,85,418,121,166,310,57,248,108,67,318,45,112,166,1262,223,118,27,135,24,251,1146,263,86,100
2040,3,27,279,870,606,408,221,93,399,72,35,103,669,963,128,74,43,199,140,42,1348,31,107,256,196,29,281,76,187,90,67,58,684,73,45,620,291,96,64,255,431,170,185,33,97,79,33,796,30,208,636,143,903,30,339,38,938,72,208,86,302,334,61,67,68,105,551,243,1279,93,176,143,1533,310,369,32,31,110,730,33,54,79,84,127,165,41,679,715,196,133,43,49,138,150,53,336,483,188,235,26,114,89,481,174,226,141,56,290,785,437,556,103,86
2040,4,23,132,245,164,191,193,32,114,45,26,47,127,287,56,40,28,61,64,121,321,28,62,114,211,27,67,27,119,31,45,88,639,26,51,142,103,36,33,74,312,63,142,29,36,41,24,198,32,134,258,54,346,25,616,26,246,32,121,54,95,447,35,32,23,29,153,74,298,97,46,42,313,117,179,27,82,67,789,31,33,47,36,55,147,41,447,154,176,79,34,27,73,67,35,123,227,65,168,41,385,53,122,67,84,195,42,39,1105,87,113,40,50
2040,5,24,49,61,55,103,58,26,50,32,23,39,55,61,64,65,28,32,40,96,64,25,53,55,65,23,58,25,49,98,31,104,82,24,30,55,54,29,27,44,67,36,42,32,30,31,23,68,30,55,70,35,63,26,95,26,63,24,40,28,54,75,32,31,22,34,68,50,65,106,38,31,72,55,48,27,25,69,85,37,28,27,28,52,34,27,67,60,54,34,27,25,40,44,27,53,55,33,51,53,41,45,80,43,36,36,37,30,312,58,52,35,69
2040,6,25,33,46,38,45,30,25,43,25,24,26,36,38,33,86,25,26,29,38,47,23,29,36,34,24,29,23,33,26,24,28,42,25,24,37,39,27,24,30,40,39,33,26,24,26,24,52,26,41,46,28,39,23,42,23,41,26,29,24,39,37,24,27,23,25,37,42,41,34,27,26,44,36,33,26,23,31,53,24,34,25,26,34,29,25,43,43,34,28,25,24,31,30,30,35,34,26,32,23,29,33,40,29,28,26,25,25,55,39,34,26,28
2040,7,46,31,52,56,66,41,74,57,41,32,43,31,71,28,58,52,31,35,46,45,24,45,55,56,32,33,32,53,76,41,45,42,29,35,35,47,55,31,55,41,79,31,83,102,42,57,51,40,33,42,49,61,42,126,36,44,37,41,32,59,43,46,33,41,29,76,60,146,43,40,43,51,52,30,35,33,31,45,65,40,38,59,87,43,40,38,51,41,47,40,33,221,41,34,55,32,46,32,34,51,31,105,40,137,35,160,62,75,143,60,278,33
2040,8,62,52,81,98,156,82,197,48,36,45,137,39,83,55,47,49,48,106,42,44,33,47,42,70,28,47,92,64,193,220,59,63,51,91,57,49,49,35,69,47,86,54,105,64,31,90,135,114,49,52,111,33,44,117,56,51,40,44,39,87,52,111,61,39,29,39,91,155,58,98,52,39,137,39,40,123,145,134,37,69,94,74,76,127,72,33,144,102,81,73,97,111,107,69,55,34,58,56,53,106,54,99,50,289,140,370,522,138,326,116,111,133
2040,9,177,61,28,114,44,180,62,72,25,44,120,49,34,65,84,61,34,30,45,101,29,34,39,68,72,51,148,27,83,56,81,36,24,37,144,273,50,28,64,54,34,23,60,36,37,125,62,85,49,84,111,24,22,77,369,57,45,28,56,40,63,57,91,134,36,24,99,94,84,89,35,24,26,60,67,32,86,34,32,46,38,56,70,71,40,102,186,32,65,46,23,45,87,50,41,38,46,24,97,94,29,158,36,34,27,211,214,146,212,241,86,120
2040,10,29,25,55,174,44,75,50,27,24,85,126,96,37,28,132,26,53,53,57,30,107,23,1293,35,23,23,27,164,43,27,28,23,22,83,1793,34,43,37,24,33,93,31,35,41,168,209,28,81,31,77,361,25,28,884,70,28,29,39,24,35,57,2112,26,246,22,24,94,51,32,223,32,69,40,60,202,37,27,25,49,63,130,245,41,104,38,24,114,35,84,97,40,62,35,80,35,80,91,41,25,50,29,140,25,28,39,51,97,52,33,59,48,70
2040,11,37,75,78,405,167,113,155,34,22,84,59,104,46,42,32,25,61,76,78,23,31,34,99,40,23,48,49,69,165,186,27,28,25,111,148,342,105,28,325,60,36,48,46,40,41,94,56,105,80,79,224,64,26,1075,47,31,23,35,481,32,269,148,92,62,22,35,106,32,42,65,94,111,48,84,107,384,36,28,157,70,211,48,75,27,41,32,168,47,45,64,51,114,79,32,69,70,246,142,32,48,24,36,22,364,68,48,43,33,48,184,43,137
2040,12,31,31,190,145,51,57,159,31,30,55,32,424,268,113,87,22,65,32,30,95,27,61,79,26,21,41,88,287,275,338,59,32,28,99,130,45,32,374,71,137,122,422,124,263,84,489,38,29,313,113,452,373,21,1024,63,22,39,46,363,78,39,205,168,70,129,98,93,90,59,40,35,43,26,353,145,104,37,184,34,53,74,50,47,64,40,35,437,357,137,32,70,46,195,326,2144,103,57,246,59,78,132,57,23,129,304,123,47,120,74,237,43,100
2041,1,87,172,96,86,77,62,145,62,100,158,57,244,56,213,273,37,44,237,207,39,28,108,55,183,31,28,50,113,140,472,637,89,22,55,184,1278,29,92,2637,156,773,237,110,309,41,541,314,30,749,436,223,591,40,1062,38,46,41,29,715,35,236,922,359,48,153,228,880,43,38,871,96,136,140,107,160,40,96,918,155,78,1248,44,67,166,148,361,192,1200,80,230,169,67,82,61,331,89,719,289,37,129,104,40,27,83,90,63,96,69,130,579,116,189
2041,2,208,139,143,86,143,59,89,25,55,127,74,878,248,343,304,47,32,700,160,80,24,56,89,43,94,31,183,223,126,605,440,329,27,191,557,1405,58,66,1923,113,692,493,445,109,59,1205,78,62,1197,656,1454,318,122,639,45,49,24,35,2215,75,740,1127,958,79,147,71,213,32,26,1072,37,116,47,114,404,37,140,1060,255,317,1331,1096,196,131,85,135,117,790,43,58,197,80,62,48,692,103,818,501,49,93,79,54,22,73,215,58,202,82,84,438,93,129
2041,3,36,367,84,283,417,33,75,236,28,203,168,1094,324,545,133,33,96,635,153,36,26,64,663,34,278,116,99,535,182,219,201,154,30,63,985,2746,45,54,750,53,370,877,1789,95,150,514,56,26,350,689,584,92,59,593,106,28,27,176,313,322,1028,2053,304,224,80,271,135,35,25,168,182,401,241,581,781,138,41,1153,98,148,2490,348,57,155,178,87,96,1540,33,132,239,67,99,81,328,87,669,409,44,297,82,317,24,72,195,44,205,668,118,1799,567,2181
2041,4,30,273,74,141,206,28,40,55,25,75,36,260,165,143,131,24,29,185,83,71,36,52,208,29,56,109,56,748,73,84,96,61,22,41,280,635,43,64,497,53,161,274,1105,46,65,139,37,24,121,338,585,74,29,207,30,27,24,40,103,77,493,409,135,181,44,114,88,27,48,111,37,855,124,356,216,40,31,293,49,57,348,104,52,44,68,49,61,177,28,51,86,57,82,41,82,40,103,108,216,128,35,302,22,51,85,30,63,155,125,355,235,445
2041,5,26,152,33,68,72,26,30,30,27,41,28,76,59,63,46,31,25,59,40,34,23,30,51,26,35,26,33,97,39,54,56,100,21,36,104,65,38,37,73,35,59,62,117,39,42,119,30,23,56,103,258,44,30,129,25,23,22,29,60,37,88,85,59,103,38,49,45,25,28,54,30,89,41,122,77,27,27,489,69,37,70,87,32,34,35,31,40,67,30,33,43,29,60,29,55,30,54,75,60,62,29,87,22,31,46,32,34,52,39,86,273,217
2041,6,24,40,26,34,42,24,29,28,27,58,24,48,42,36,30,77,24,37,28,29,23,24,40,25,27,24,29,45,28,34,31,48,20,28,42,47,23,28,45,27,46,42,61,29,48,87,24,23,39,44,69,35,25,48,26,33,22,24,39,29,45,44,38,36,28,37,32,23,23,35,25,44,28,45,43,31,24,181,30,29,43,50,25,29,27,28,37,40,26,27,30,26,29,25,35,29,53,36,32,32,28,37,22,25,76,54,27,32,35,45,80,50
2041,7,57,43,38,54,46,48,41,51,47,77,42,60,111,44,152,56,89,52,53,45,45,33,66,56,65,39,67,45,33,61,133,253,25,31,68,38,153,44,57,43,49,38,47,38,64,52,29,76,197,75,76,63,37,41,43,50,60,40,45,25,43,32,60,67,53,53,43,45,40,45,30,51,42,56,43,43,61,52,39,55,56,72,29,51,58,27,49,45,28,55,43,48,53,56,44,57,39,42,105,40,37,52,87,65,104,141,35,36,44,42,98,57
2041,8,42,64,41,60,62,47,250,47,102,74,71,95,139,50,162,60,55,91,71,172,43,54,72,65,60,35,177,43,133,76,149,326,56,162,68,78,33,30,185,48,58,67,40,136,65,136,90,97,141,90,58,316,44,90,44,62,141,47,120,78,82,38,111,199,37,148,73,103,115,160,41,136,39,39,57,59,131,57,44,38,151,242,93,45,78,84,76,58,32,57,94,110,63,134,94,88,40,62,77,50,40,43,147,87,123,278,47,73,75,81,146,109
2041,9,23,73,42,75,40,66,100,26,80,77,25,90,86,31,45,46,50,100,78,43,33,64,39,23,26,28,76,57,272,27,44,75,206,127,24,50,27,23,51,30,42,187,24,36,27,74,58,319,50,203,192,51,61,43,29,35,197,48,85,101,70,24,27,153,29,50,80,136,114,35,32,54,26,62,112,35,71,34,25,26,234,33,29,23,23,157,76,35,75,86,29,68,92,369,41,26,26,46,118,120,23,35,258,45,28,135,39,41,115,35,30,87
2041,10,50,34,95,57,94,90,56,31,186,40,108,30,96,134,41,22,55,24,103,67,70,115,30,23,33,24,34,44,90,49,32,41,24,26,23,210,28,33,90,22,155,26,28,43,50,83,33,62,282,56,91,38,29,87,24,23,147,143,64,24,24,23,42,48,29,50,26,60,73,34,43,25,23,26,27,101,94,107,129,32,387,44,25,34,30,46,51,34,120,178,50,34,35,462,54,25,106,55,31,201,24,23,132,47,46,60,85,24,28,23,54,37
2041,11,37,43,105,34,134,54,68,68,42,112,32,24,112,63,161,31,24,52,287,135,23,33,34,24,43,64,54,175,30,92,28,33,23,26,46,61,131,49,115,22,60,25,23,145,158,28,37,28,47,622,171,63,44,30,56,36,285,112,64,41,50,30,58,99,28,120,97,123,32,43,50,45,387,37,24,298,57,162,81,214,1426,25,28,28,159,88,38,63,68,156,28,511,516,73,24,32,30,57,33,83,54,25,55,325,32,80,92,24,69,71,112,58
2041,12,62,402,568,43,126,39,277,46,92,91,413,171,192,94,189,24,24,47,67,365,37,79,115,22,32,27,47,61,27,149,31,41,43,32,122,53,1103,260,33,27,82,24,22,336,141,58,58,166,49,380,43,83,31,27,216,61,876,39,169,34,42,270,31,439,56,165,27,67,364,665,158,60,55,90,31,75,222,151,236,334,129,42,262,36,43,74,70,47,30,119,38,98,54,71,104,108,26,349,26,176,121,94,88,92,84,61,54,52,47,137,131,25
2042,1,79,134,399,32,188,153,169,124,147,238,224,41,186,43,47,118,75,68,216,366,117,73,168,27,70,60,28,67,47,81,35,28,27,60,212,1707,3356,204,34,27,214,147,66,200,229,377,26,105,39,641,52,343,49,23,58,39,1093,73,90,49,180,73,109,474,31,310,239,70,260,283,251,33,66,61,826,1466,125,342,157,205,106,302,232,63,203,48,1429,63,73,496,46,72,313,239,46,119,67,99,34,461,66,746,91,70,33,127,36,326,57,90,172,49
2042,2,196,84,421,60,154,149,101,32,222,195,142,50,444,36,39,75,90,38,646,704,177,210,71,121,56,48,71,95,76,316,25,42,116,35,553,1440,1251,657,32,53,83,139,267,454,199,72,33,120,169,1980,337,284,49,80,55,100,688,189,268,125,54,63,43,369,36,1167,185,135,204,231,86,27,98,184,85,360,355,394,362,267,83,53,129,168,48,33,622,44,58,1143,86,57,343,223,137,1050,299,372,145,645,32,345,180,160,38,124,53,990,96,122,214,32
2042,3,107,72,182,146,724,53,128,37,275,443,244,67,430,58,40,67,73,38,269,2605,263,319,129,325,29,167,197,209,82,197,272,40,27,27,175,4026,936,681,27,238,509,189,132,187,230,144,34,45,153,434,341,782,63,125,89,44,1417,332,324,52,484,159,94,407,23,816,126,39,774,179,92,54,1463,214,121,190,276,239,402,265,247,35,609,33,93,171,1250,27,59,657,196,55,317,467,171,352,222,487,51,697,29,167,65,167,29,111,30,317,128,46,328,55
2042,4,103,44,71,31,303,41,70,28,128,100,265,30,202,32,30,29,29,26,75,507,84,1411,40,45,41,109,47,63,30,55,86,29,34,27,148,823,226,164,33,81,99,71,43,62,62,57,121,33,128,74,207,371,25,34,141,114,762,114,115,38,96,87,41,157,26,882,52,47,170,75,84,26,279,113,54,66,181,71,75,61,114,41,232,28,80,56,340,28,38,308,41,65,149,515,40,141,61,799,27,870,27,64,53,62,30,54,25,76,38,47,197,30
2042,5,46,31,57,28,58,34,43,24,120,47,51,26,55,26,26,26,37,25,48,141,51,112,54,30,30,47,40,34,25,34,40,31,27,27,57,93,70,64,39,32,47,39,30,59,38,36,27,29,61,141,63,70,24,27,39,29,80,46,47,50,42,39,40,56,22,579,44,31,66,46,36,28,64,42,37,47,52,47,46,47,43,33,64,30,32,33,66,25,25,185,30,77,66,86,46,50,43,102,28,126,25,49,37,37,27,33,24,46,28,29,51,24
2042,6,27,88,33,25,39,29,29,23,58,31,34,26,37,23,27,25,34,23,32,52,29,46,30,25,30,27,26,29,26,26,65,23,24,34,34,47,50,41,23,26,33,31,83,32,28,28,24,24,31,47,38,40,24,24,32,24,44,30,32,24,30,27,25,38,22,73,27,24,72,35,29,33,50,29,37,33,38,31,31,30,34,26,38,23,26,27,42,24,24,49,27,30,41,44,27,34,28,46,23,50,30,33,26,27,25,26,27,32,24,25,34,26
2042,7,41,56,145,28,39,93,45,39,148,41,30,53,52,37,35,45,54,44,40,46,39,40,90,45,56,71,33,55,80,55,46,39,81,47,123,51,43,43,117,50,49,28,50,35,34,50,59,52,39,67,94,47,52,44,38,104,58,58,47,61,43,27,74,47,24,125,52,49,58,30,157,41,60,48,51,35,35,46,64,54,147,44,44,92,38,38,276,39,166,52,54,39,66,52,43,40,32,41,39,57,33,31,71,70,27,73,303,61,50,42,70,85
2042,8,50,50,70,56,92,46,126,52,69,181,44,70,79,72,66,50,93,49,149,46,43,47,41,104,65,87,226,121,166,53,69,36,107,68,225,186,53,61,152,48,41,59,90,83,37,108,35,58,64,63,80,59,51,36,56,64,49,59,47,44,64,66,37,49,34,163,34,111,151,51,118,62,49,48,70,110,69,33,68,96,224,169,123,82,59,74,131,140,73,100,56,126,117,91,47,184,54,28,97,45,39,49,64,207,65,164,392,115,44,79,132,87
2042,9,41,48,61,53,73,50,109,48,125,82,53,27,39,40,52,46,33,33,66,53,34,73,34,61,102,62,177,350,122,79,74,24,31,28,109,38,47,33,111,35,24,34,33,32,25,62,57,79,25,34,50,42,66,39,293,59,56,34,108,64,36,56,56,38,23,98,54,31,112,47,27,31,33,72,168,88,50,42,28,273,148,161,90,180,45,35,82,54,68,153,30,62,127,66,52,47,50,24,26,62,25,131,466,157,40,40,94,63,57,54,529,149
2042,10,46,60,167,307,106,53,94,23,122,55,68,23,26,36,68,31,121,22,34,81,65,23,30,46,494,31,30,31,27,28,23,22,66,75,101,113,74,237,88,67,34,23,23,32,25,76,25,50,30,77,47,29,34,27,58,58,116,23,183,148,52,30,42,24,21,32,58,88,73,123,23,30,31,115,28,25,50,25,24,181,208,47,28,173,42,27,75,59,298,46,35,29,29,42,27,326,24,36,51,36,60,675,50,149,37,191,59,42,24,48,122,87
2042,11,38,56,30,116,70,187,106,22,51,98,78,83,27,36,54,24,48,80,32,55,33,23,41,58,43,163,30,32,40,25,55,35,114,35,38,43,45,152,27,27,25,22,23,33,28,78,28,147,31,127,57,33,45,106,50,35,60,37,104,76,97,35,50,26,29,36,38,32,33,70,262,54,36,479,75,35,33,22,29,98,248,35,57,49,32,116,144,206,96,57,23,81,40,73,27,138,32,86,44,31,48,65,143,61,57,29,39,33,101,24,52,29
2042,12,122,26,29,45,366,175,223,31,73,204,786,525,50,224,44,52,56,78,402,215,179,69,151,83,129,40,24,39,44,26,27,22,82,221,65,703,158,119,196,32,46,288,28,171,23,97,24,217,29,146,42,54,25,41,106,70,36,131,75,177,201,22,26,125,21,220,265,45,25,39,146,50,25,149,195,91,182,22,350,40,1974,24,106,30,23,206,38,1266,128,41,127,94,52,233,36,47,45,118,37,33,47,241,97,143,410,27,36,45,194,35,240,103
2043,1,354,1002,90,44,329,90,279,2285,244,53,944,95,56,55,27,75,166,190,188,575,172,87,81,44,62,74,111,53,28,25,28,294,381,123,62,382,77,97,67,66,79,104,119,39,78,117,28,101,26,42,457,192,262,99,36,186,43,75,226,63,166,47,27,40,49,328,266,1399,126,89,81,143,107,176,187,206,49,799,122,37,2496,88,1139,35,160,258,34,902,131,85,110,57,25,57,41,97,162,565,244,157,134,242,53,70,244,70,73,146,121,25,730,1182
2043,2,129,914,34,74,2088,67,169,4279,85,124,1361,151,95,132,27,87,101,338,90,554,622,110,34,135,96,87,136,26,76,110,49,88,219,465,1575,1883,252,232,170,30,89,42,71,61,43,195,117,157,22,138,142,115,124,41,62,76,51,109,130,145,357,550,24,29,74,409,199,1351,193,33,83,113,68,309,136,53,260,383,78,109,565,113,287,27,79,304,101,168,208,453,34,148,267,41,46,85,71,282,244,198,163,359,42,681,149,175,43,60,156,61,2020,820
2043,3,129,127,35,102,894,54,136,1652,61,111,3321,142,43,44,30,63,303,134,91,2022,1162,39,273,83,180,111,34,26,361,61,369,69,187,352,664,534,489,164,117,25,49,47,384,54,211,266,269,118,22,79,103,804,171,118,63,254,79,189,534,1203,457,110,52,128,44,1143,138,2679,278,36,245,239,124,428,312,337,83,381,86,394,764,99,711,58,61,366,325,113,124,97,31,73,1070,68,209,405,248,446,76,60,58,1099,35,334,360,60,131,67,111,25,2494,171
2043,4,50,63,25,35,133,79,78,264,42,59,1080,101,31,35,23,28,67,55,46,666,256,28,82,34,96,110,52,24,69,44,115,66,157,297,118,358,286,65,80,24,43,46,267,36,55,132,178,52,22,56,54,203,163,39,29,68,61,72,184,226,94,66,32,48,41,246,61,587,762,28,76,130,60,113,121,194,42,131,41,111,558,37,200,65,52,182,76,59,51,85,29,50,412,36,54,231,93,565,51,40,54,664,35,111,786,31,103,32,54,28,382,90
2043,5,37,46,24,28,58,48,51,76,31,35,75,44,28,28,23,27,38,39,33,79,67,30,35,28,45,33,43,32,66,39,72,34,188,61,60,62,77,43,36,23,25,28,50,25,38,47,86,37,21,35,39,55,40,28,26,34,37,33,53,78,47,38,23,27,28,69,38,66,82,25,47,40,52,51,47,47,31,55,35,50,86,28,79,30,29,91,37,44,36,37,25,32,114,30,32,73,37,165,31,29,34,134,26,61,64,28,46,26,34,24,82,56
2043,6,27,88,23,25,47,32,33,40,26,28,46,31,24,24,23,24,29,27,28,44,43,23,26,31,30,25,48,25,39,26,28,28,52,36,38,41,42,30,28,24,24,24,33,25,25,31,62,26,21,25,29,54,28,24,23,26,24,30,39,42,32,27,26,24,26,41,27,40,38,26,32,30,44,35,31,31,26,35,30,34,47,24,44,25,24,45,29,36,41,27,33,28,47,25,26,37,28,47,25,25,27,60,25,34,39,25,62,24,28,22,63,37
2043,7,50,74,31,37,38,46,52,38,29,26,37,43,50,25,39,36,40,39,39,38,53,38,43,44,46,39,35,173,33,44,42,78,183,49,54,52,60,36,44,37,34,29,30,277,42,54,79,40,34,53,66,55,25,30,26,38,42,36,33,30,31,28,47,31,40,39,44,82,46,50,50,45,36,35,62,38,35,46,32,44,53,30,44,45,195,52,188,34,80,49,38,65,412,42,24,74,30,36,39,33,35,63,53,140,37,45,54,27,39,37,313,47
2043,8,94,206,32,33,54,69,122,55,61,73,659,69,48,153,46,80,95,100,39,50,54,232,51,59,31,81,44,199,120,76,124,247,159,77,57,224,68,49,68,40,29,42,57,90,47,67,119,74,74,69,99,45,44,50,29,56,49,76,42,48,52,30,33,39,68,58,145,75,89,88,84,88,47,30,71,84,42,42,77,70,61,113,122,170,97,93,90,148,174,149,86,116,119,41,56,82,51,35,50,66,81,50,121,196,53,209,97,90,150,38,205,61
2043,9,83,43,22,95,38,56,29,47,49,64,438,37,24,28,45,37,54,80,101,50,66,68,136,23,51,50,25,111,94,27,58,106,44,61,24,30,92,27,30,30,59,45,37,26,106,47,132,103,44,31,47,49,38,57,95,71,60,23,111,52,426,44,29,23,57,26,165,39,42,60,52,52,32,23,33,39,290,36,43,36,24,25,189,238,29,25,94,138,131,93,43,72,65,46,140,133,59,27,31,146,60,27,95,90,83,118,54,91,144,54,72,78
2043,10,33,41,22,32,111,50,25,126,29,70,276,47,28,25,34,85,93,55,187,25,26,72,40,30,25,23,67,57,32,22,34,27,44,26,119,30,78,30,39,52,1508,24,59,66,844,39,58,38,61,36,26,25,34,31,29,23,28,68,55,29,33,47,31,23,147,31,29,25,88,89,41,40,37,23,38,38,356,51,91,27,23,113,46,217,32,56,41,207,161,38,23,54,189,77,46,69,166,25,84,78,303,24,27,26,32,45,44,30,44,72,57,288
2043,11,54,31,22,23,33,23,23,112,35,102,67,169,83,49,123,46,134,83,72,37,57,31,39,62,164,165,30,62,24,42,96,38,27,23,101,52,46,145,64,61,86,64,54,74,182,23,42,67,25,179,40,28,49,22,23,278,139,60,79,28,42,38,25,24,47,42,29,23,54,26,45,28,55,213,45,49,56,119,68,23,56,315,115,48,170,25,51,185,31,64,24,49,239,53,75,32,114,36,146,57,38,85,35,124,114,44,74,47,48,153,46,203
2043,12,86,29,22,23,133,85,55,394,22,174,77,54,44,441,101,46,42,29,35,22,332,67,78,40,216,148,87,1228,46,115,185,24,35,23,31,28,49,50,50,41,38,367,111,39,552,43,343,47,24,32,86,25,39,32,183,775,43,55,40,22,91,46,26,22,47,44,92,71,241,43,149,290,223,363,73,59,151,29,32,151,39,523,41,44,233,23,41,230,117,260,28,86,558,109,63,27,172,75,35,48,31,51,33,39,311,36,33,90,30,114,26,472
2044,1,261,92,27,331,677,229,136,1584,55,50,330,688,72,254,33,36,57,310,71,39,87,170,167,108,67,51,324,3912,37,386,150,184,26,148,84,114,31,343,52,102,40,120,79,474,768,104,259,265,118,65,145,51,41,66,240,427,145,41,44,84,127,256,28,26,191,102,35,91,650,163,53,85,88,405,56,28,159,169,321,53,26,637,50,102,122,118,113,242,176,498,27,93,1096,157,55,35,53,55,80,282,32,154,25,70,67,56,41,53,38,2608,28,293
2044,2,78,54,36,251,1026,145,354,691,30,40,507,1731,149,1109,87,27,176,469,132,24,78,252,37,203,56,220,151,1609,71,79,80,79,66,36,182,45,142,141,91,51,37,87,78,73,356,55,316,178,145,124,72,40,66,169,155,692,72,124,178,52,280,75,22,89,57,212,39,223,373,96,44,540,188,802,67,71,181,263,174,40,219,1238,117,276,114,175,417,202,149,437,50,224,1112,74,105,150,162,605,157,297,30,47,120,111,143,62,74,118,212,2596,35,280
2044,3,297,29,27,559,1527,174,63,139,34,122,1659,1117,84,639,90,31,43,525,40,128,127,388,1034,178,83,585,335,960,50,62,54,269,27,185,59,119,38,65,326,82,73,305,44,287,186,28,1509,70,41,56,139,133,157,32,162,544,213,180,204,233,240,138,21,240,102,213,79,77,101,55,167,675,296,838,69,114,250,798,473,253,170,525,76,207,88,80,82,1008,438,425,22,71,1586,128,1047,203,58,958,169,227,127,128,143,59,568,136,463,44,69,1645,41,122
2044,4,203,26,34,401,769,108,40,84,22,47,367,203,115,69,31,25,35,119,33,48,81,160,138,400,115,143,107,189,42,54,42,132,41,73,38,86,36,45,66,33,33,133,38,143,67,37,231,47,32,33,127,65,36,28,92,105,50,78,88,68,106,82,22,34,78,267,78,46,59,77,57,1111,126,304,28,33,104,420,138,70,40,82,122,71,49,57,115,447,196,93,38,47,424,60,108,68,38,271,110,192,46,144,34,85,259,61,61,32,34,296,58,66
2044,5,55,27,28,70,83,41,27,49,22,30,64,61,38,48,32,27,41,51,26,30,37,67,52,83,38,71,42,62,29,35,62,112,23,79,74,36,42,34,50,26,27,45,26,47,46,27,82,35,28,29,36,113,26,26,41,53,37,33,39,48,42,33,21,27,34,89,34,31,42,34,40,165,48,62,28,26,46,75,55,46,32,62,69,45,113,36,50,68,53,51,35,47,185,40,60,32,35,78,65,47,26,41,28,39,142,32,46,26,28,64,27,41
2044,6,30,24,26,40,48,29,28,33,22,27,43,40,39,31,27,23,38,34,24,24,33,36,43,36,28,37,30,38,24,26,33,81,25,28,31,25,24,27,28,24,25,32,24,32,34,23,42,26,25,24,29,26,24,27,39,35,27,25,29,28,33,26,20,25,28,39,24,25,50,30,25,56,35,42,28,26,37,45,44,28,26,131,35,29,29,28,29,39,40,32,24,41,51,28,59,26,27,45,45,39,24,29,24,25,44,27,30,25,27,40,23,31
2044,7,33,77,221,53,39,31,49,34,31,37,40,42,56,48,40,54,49,60,42,56,73,35,60,43,58,57,37,46,42,57,90,153,27,61,102,42,34,52,44,32,76,45,43,44,49,44,54,87,39,28,53,30,45,42,38,50,45,49,45,40,43,72,51,50,41,37,67,85,58,60,32,49,36,42,68,46,35,46,74,41,37,51,55,29,50,33,32,85,48,49,52,49,91,45,45,40,33,61,42,34,47,31,36,63,46,42,38,37,103,126,40,91
2044,8,33,118,276,61,41,51,60,54,119,111,62,54,61,101,60,37,73,48,53,76,93,210,105,28,76,64,162,78,69,130,100,219,48,184,141,76,52,40,83,37,84,58,82,207,76,98,77,70,48,26,144,55,51,52,55,49,64,58,83,85,29,50,29,70,49,131,113,122,111,129,129,42,32,86,48,123,61,118,65,40,109,147,136,51,58,48,102,54,51,52,49,41,133,48,32,58,61,43,131,34,144,46,32,109,43,40,150,151,100,309,77,290
2044,9,24,171,37,26,36,40,48,65,155,33,29,42,61,196,79,27,44,46,39,24,34,176,88,23,74,28,35,29,83,85,79,66,34,128,315,142,23,25,78,27,49,27,45,113,190,79,26,222,27,23,63,37,23,60,115,87,34,27,25,61,38,55,37,113,24,82,51,103,86,71,44,39,31,26,130,75,58,182,27,26,103,138,102,30,25,24,40,56,48,25,67,58,42,52,25,128,32,25,68,33,50,24,28,40,48,106,50,28,33,82,164,109
2044,10,24,388,35,24,38,24,141,38,223,49,25,540,65,95,36,29,34,57,25,22,37,34,233,37,24,40,26,49,58,51,43,161,32,33,45,31,28,72,53,38,24,31,24,171,53,81,23,78,39,35,85,30,31,23,266,107,27,23,50,240,37,52,33,79,22,72,32,31,31,88,26,51,56,46,721,51,67,46,162,23,44,81,95,39,29,31,104,24,26,43,21,129,24,35,23,29,33,23,30,96,32,30,339,33,46,35,29,57,35,88,138,52
2044,11,22,103,29,25,48,184,97,211,71,42,146,296,93,31,52,40,24,103,103,43,23,36,40,52,66,34,32,23,24,66,59,31,59,39,54,170,55,300,50,27,25,402,28,132,239,33,46,56,183,346,46,48,50,22,111,68,70,28,23,66,37,50,47,356,33,39,126,85,129,75,23,94,126,38,94,69,33,142,297,31,76,49,165,57,227,54,140,23,134,22,113,1028,191,89,52,31,347,52,24,198,56,24,39,23,50,55,72,77,29,178,140,25
2044,12,101,185,359,112,28,204,160,364,58,60,65,142,86,170,29,22,41,30,446,109,78,49,40,92,121,29,333,23,39,56,64,31,41,27,170,110,96,65,42,32,23,97,45,44,424,69,36,37,41,217,103,317,123,39,47,57,119,165,411,92,23,158,41,165,54,37,36,33,120,98,49,31,468,87,484,323,25,49,1244,23,46,71,45,31,69,472,56,25,28,22,94,195,34,87,56,24,43,395,40,95,48,70,257,61,428,520,78,30,369,49,44,30
2045,1,303,73,70,586,56,71,209,440,780,486,87,370,525,260,34,28,65,51,1156,60,73,263,37,894,48,27,91,42,33,132,278,28,113,33,64,159,30,54,176,100,606,72,515,49,421,378,67,85,93,347,39,94,66,103,72,34,52,137,158,173,152,210,52,375,42,582,102,52,76,887,58,81,215,125,339,84,212,136,358,80,52,224,92,131,47,117,43,24,36,86,67,127,128,65,125,342,456,501,38,213,36,85,251,43,243,149,46,93,539,55,119,25
2045,2,56,158,74,600,45,100,194,776,1130,238,502,700,405,339,88,89,139,121,851,84,250,78,73,175,85,37,136,101,271,787,317,53,61,168,98,162,45,56,142,161,597,102,326,50,375,313,52,33,109,600,64,67,40,142,42,219,203,823,700,214,166,195,94,212,66,262,280,51,121,650,148,150,1132,191,2028,317,132,130,219,31,72,399,184,46,157,116,34,23,63,109,42,182,114,60,379,248,493,752,92,398,67,99,325,91,171,268,67,54,1578,212,51,25
2045,3,133,69,54,193,169,115,275,1111,1460,495,213,955,334,285,248,113,37,455,365,280,93,256,257,372,90,251,64,191,45,898,130,114,31,100,617,260,108,447,216,79,590,55,272,88,143,64,172,83,213,513,60,45,74,33,34,46,274,191,331,103,220,142,103,507,26,229,81,33,237,343,347,306,394,702,1948,298,395,103,498,171,52,260,151,51,278,83,143,91,88,74,96,95,96,65,127,960,342,485,97,552,32,115,1167,67,100,120,113,88,370,301,66,23
2045,4,80,42,87,72,75,71,84,896,1249,256,101,763,101,100,38,27,29,100,102,74,47,73,165,98,35,38,86,48,33,197,244,40,27,32,396,391,57,201,79,39,247,163,66,33,67,42,129,36,180,206,30,56,46,29,31,57,337,75,209,76,131,72,91,195,25,116,44,25,160,73,199,210,145,1427,660,165,121,49,209,36,41,63,81,27,87,50,48,37,55,40,32,52,85,40,79,211,81,146,33,666,40,39,279,28,51,67,47,52,98,137,41,23
2045,5,35,35,33,44,37,36,39,83,108,53,49,67,55,48,30,35,26,38,54,36,34,37,38,55,32,29,55,29,28,67,65,37,26,26,77,109,33,57,41,33,73,38,40,56,60,32,141,26,49,62,29,30,40,42,27,29,162,48,64,40,43,44,27,58,23,44,32,24,47,48,70,65,78,149,102,63,47,38,64,28,30,40,41,27,44,34,35,32,26,30,26,38,36,44,49,86,51,59,26,107,25,32,58,25,36,42,28,28,60,51,98,22
2045,6,26,29,30,30,30,27,33,47,47,34,31,42,36,38,25,25,29,30,33,28,27,28,28,32,30,24,28,27,45,39,47,28,23,41,37,36,26,34,28,24,40,29,31,26,37,26,31,24,31,40,29,31,66,25,25,25,41,32,43,29,29,48,24,37,22,30,38,24,30,31,68,36,39,55,55,37,33,37,44,39,26,29,29,26,30,26,24,23,24,24,24,31,29,28,28,38,39,39,24,46,27,43,37,24,28,32,24,25,40,32,29,22
2045,7,47,99,48,42,41,43,57,46,40,61,43,89,61,81,126,63,30,88,49,40,45,78,37,36,64,25,28,40,43,101,67,521,28,70,35,45,30,50,51,42,55,42,35,48,43,49,41,27,44,89,90,28,67,33,41,50,47,76,37,42,31,38,51,45,35,34,119,35,52,40,47,40,58,38,37,49,36,55,56,45,30,63,38,33,89,46,40,34,29,39,33,70,49,49,58,45,36,489,39,32,55,50,43,52,81,46,35,45,54,149,43,53
2045,8,55,83,42,88,53,62,72,71,66,74,170,108,47,67,188,81,73,55,78,37,54,71,55,48,48,32,36,54,83,133,106,97,75,50,35,127,38,55,64,35,54,50,85,67,76,43,91,171,45,83,168,89,98,70,69,77,42,370,111,51,37,60,30,165,67,64,89,64,78,46,48,54,34,101,71,59,92,45,68,57,57,34,55,59,84,77,127,46,42,32,82,66,52,44,85,71,30,327,116,31,105,48,103,109,98,79,99,184,88,221,48,100
2045,9,190,28,103,26,41,54,48,35,24,48,50,26,84,57,430,65,59,54,31,58,81,255,100,27,43,25,26,61,76,141,56,89,28,68,29,66,49,38,33,34,182,68,207,44,120,62,25,122,29,56,56,72,130,113,26,46,30,58,43,134,45,87,51,44,85,41,78,30,122,31,58,46,48,66,72,45,61,62,187,33,31,46,75,37,62,70,40,66,81,26,36,100,43,27,42,30,25,104,49,24,73,41,44,24,205,26,66,41,55,39,71,93
2045,10,99,68,42,41,67,49,30,200,65,97,267,33,102,565,60,154,65,24,52,26,99,68,91,26,60,23,27,28,61,92,42,31,32,32,35,40,55,29,23,36,67,52,31,27,162,33,23,44,44,35,57,62,60,368,25,41,32,197,1557,32,74,32,42,25,236,57,46,26,44,79,39,53,46,38,236,25,38,42,69,28,62,38,23,44,215,37,43,27,69,44,28,59,31,28,23,194,330,40,27,24,24,23,33,37,60,23,28,67,71,60,25,35
2045,11,177,72,35,30,64,33,58,1923,205,53,102,24,202,78,54,113,25,46,23,94,38,163,157,282,33,28,102,31,101,41,45,96,104,23,59,77,71,31,22,122,32,24,30,37,55,54,63,113,33,34,131,24,61,71,30,154,56,54,78,114,536,32,22,61,81,107,257,25,160,872,59,88,29,84,71,30,52,23,35,35,331,41,33,23,186,60,80,47,108,36,37,1609,48,39,23,74,266,71,27,44,40,23,124,38,44,28,288,29,239,211,24,141
2045,12,39,129,127,23,485,82,25,138,80,32,134,30,132,35,43,157,91,36,23,143,49,44,62,266,30,23,547,489,63,164,46,123,35,24,110,58,29,89,22,298,276,688,57,68,30,91,76,55,39,108,45,40,25,40,47,47,121,76,381,484,109,24,23,23,59,143,74,25,343,184,37,36,44,30,372,72,24,29,90,26,70,86,46,71,502,282,28,59,64,106,317,463,66,23,39,85,176,46,76,64,67,163,32,186,35,22,138,28,146,77,305,30
2046,1,70,221,453,79,192,153,170,103,210,899,1736,469,873,36,72,128,34,183,26,48,236,219,160,166,34,79,255,58,32,41,31,42,132,25,151,695,147,490,66,115,256,2403,31,1077,29,170,230,127,260,43,67,122,339,75,28,120,178,77,878,198,228,77,23,34,144,126,217,59,157,132,68,36,65,64,684,218,25,37,105,283,534,262,147,73,1028,65,112,80,34,52,153,432,154,468,32,144,322,50,181,30,114,243,275,55,33,31,86,173,118,250,99,48
2046,2,260,265,417,131,790,122,2309,68,167,96,1251,1088,1796,32,161,116,30,1657,29,33,190,191,68,241,113,50,226,102,80,96,42,111,41,30,143,161,272,491,37,87,128,2165,26,414,241,86,1096,175,41,48,157,128,66,65,89,106,116,191,250,117,176,65,24,49,91,102,163,155,139,88,39,71,117,29,2145,121,252,35,53,1191,1107,58,146,224,573,42,141,127,30,42,169,1411,428,180,33,55,237,165,232,65,82,229,259,125,28,74,118,36,166,138,122,95
2046,3,61,441,1977,112,976,62,383,57,470,159,688,166,1893,37,109,65,61,5540,27,51,242,93,115,265,165,289,601,446,67,38,85,263,290,40,114,670,377,1387,27,69,759,681,25,1944,95,109,1119,70,49,77,791,53,224,47,37,502,229,159,239,140,375,185,30,41,96,300,80,109,92,60,27,131,46,94,1416,49,499,53,122,1819,464,109,149,140,995,133,182,39,190,27,401,3129,529,494,59,285,834,114,234,98,118,314,952,61,114,87,130,78,160,308,212,224
2046,4,87,86,211,70,184,39,309,46,165,111,140,86,315,25,150,39,27,842,23,35,261,55,69,183,82,79,174,122,54,41,29,201,140,23,92,426,280,2026,22,47,612,89,24,473,52,56,279,45,34,30,157,34,112,37,24,91,133,74,202,86,311,69,26,26,63,85,64,32,51,46,41,46,194,31,196,38,87,23,93,484,129,113,54,121,978,51,68,31,90,27,494,1492,239,171,28,118,444,62,131,41,45,792,284,51,37,101,51,45,96,116,85,139
2046,5,34,45,125,33,65,31,58,34,49,54,73,41,61,26,49,42,24,106,23,26,57,42,36,57,33,34,76,52,60,29,28,65,65,22,35,71,117,88,22,32,88,55,23,72,30,35,61,30,27,28,58,34,54,28,24,46,42,42,55,44,98,30,21,24,36,54,39,33,39,36,24,29,50,35,70,29,48,50,78,210,57,37,37,70,114,32,37,25,34,24,118,116,61,53,22,40,91,91,49,86,30,93,92,45,27,29,36,47,47,47,48,39
2046,6,26,38,44,25,43,24,38,26,32,30,37,29,40,23,31,30,24,52,29,25,41,30,26,35,25,26,44,33,25,24,24,28,34,21,28,45,40,47,24,26,43,33,23,42,27,28,44,31,24,23,32,29,38,26,23,31,32,37,36,34,45,25,21,24,27,33,27,24,28,26,23,24,26,29,50,25,38,84,29,49,51,27,33,36,51,25,28,30,26,23,42,52,43,36,24,28,44,33,36,28,28,40,44,25,29,24,28,30,31,32,29,27
2046,7,65,31,125,29,46,26,63,45,60,39,33,50,66,59,90,90,45,51,33,42,69,43,44,37,26,42,75,61,63,30,31,48,43,31,33,260,38,43,200,44,35,35,45,61,43,33,56,81,47,33,31,59,50,40,31,47,46,39,38,51,68,32,38,37,42,32,47,62,65,40,37,37,30,48,77,45,51,40,50,38,43,47,74,51,32,36,25,59,54,38,52,70,49,42,96,90,42,60,99,26,29,46,40,61,42,58,53,57,48,43,36,62
2046,8,269,33,242,43,81,56,38,66,83,112,37,62,53,59,572,69,31,65,42,174,64,90,56,59,33,95,178,65,181,106,40,45,42,182,47,92,46,35,128,42,79,34,90,32,104,111,54,72,122,81,98,107,63,59,252,56,51,66,54,40,123,31,79,180,37,161,96,70,132,47,79,82,51,190,51,42,42,48,236,68,134,153,79,165,34,86,51,48,34,83,34,378,342,43,112,62,58,111,55,35,91,63,70,40,46,114,61,41,93,35,37,80
2046,9,81,25,47,30,42,55,41,37,47,38,36,38,32,37,528,73,29,39,73,328,32,224,44,48,33,24,119,45,127,32,23,36,149,128,37,41,35,55,105,39,84,32,24,45,167,50,74,64,247,75,41,308,42,54,126,121,61,57,70,58,137,24,33,66,24,86,33,70,64,39,128,24,138,46,162,57,105,51,219,71,39,288,112,132,34,59,196,75,48,31,51,196,32,28,63,40,41,60,68,29,55,824,130,23,28,44,68,37,81,59,23,87
2046,10,49,38,62,28,65,100,48,72,30,23,246,23,192,55,71,56,68,35,99,81,78,567,40,23,28,29,85,143,109,37,22,84,47,37,53,34,23,40,64,44,33,38,32,33,26,185,54,26,66,247,24,36,32,74,38,106,55,25,56,35,78,71,38,52,39,33,29,26,31,1849,72,41,30,62,227,37,130,193,253,38,35,82,78,72,38,269,32,24,60,23,39,157,40,33,35,25,95,24,27,56,301,89,71,24,51,51,39,85,32,29,34,101
2046,11,106,98,167,73,125,31,35,436,31,47,52,88,334,71,59,51,39,29,115,71,35,190,71,31,22,34,96,86,188,34,58,35,25,29,51,31,23,63,40,22,147,65,24,29,237,65,32,42,122,49,41,58,46,39,189,85,109,23,52,23,79,32,106,50,29,55,23,28,74,59,104,48,31,28,76,36,163,167,171,111,319,45,27,27,182,72,79,43,68,27,114,1868,27,32,23,26,54,85,23,22,80,51,157,65,61,24,83,167,111,24,44,242
2046,12,48,191,37,45,34,79,73,316,26,165,519,117,64,43,44,57,115,37,81,43,123,89,85,31,45,45,61,46,279,60,29,23,163,25,100,67,22,80,30,804,55,43,25,30,58,247,61,526,84,31,99,241,198,119,486,102,30,39,30,23,35,161,46,786,32,113,23,30,60,39,69,452,67,26,36,51,711,50,88,53,1207,31,25,74,277,37,47,346,31,170,56,1660,56,30,62,173,397,48,82,30,84,63,31,176,39,27,48,55,57,41,37,191
2047,1,517,89,1244,28,40,319,149,350,29,56,3745,55,69,518,52,49,122,42,43,138,255,66,93,56,135,29,84,112,118,59,40,168,44,102,70,33,36,148,26,64,37,324,1235,405,60,576,46,234,1275,62,1434,169,174,481,270,63,102,33,94,63,218,45,144,102,44,292,30,31,93,36,117,176,34,72,54,215,868,41,2839,77,480,103,478,31,83,165,104,833,152,255,51,3167,95,135,172,142,3167,260,25,30,57,56,166,66,232,351,55,83,34,77,60,186
2047,2,91,55,302,52,180,1064,99,274,22,135,1228,110,74,401,38,40,49,521,43,770,513,170,82,124,50,99,228,239,82,74,33,117,144,242,66,70,33,48,26,184,78,65,313,165,60,471,32,403,1466,103,2272,74,99,273,362,39,250,156,125,32,168,58,40,491,96,60,162,68,81,135,791,198,96,36,142,110,483,133,7473,83,223,707,400,212,54,72,71,808,57,67,29,1107,38,183,65,50,888,97,99,22,325,117,204,71,164,102,29,37,38,78,58,303
2047,3,52,62,133,80,71,825,39,395,36,101,350,239,97,426,246,26,52,61,51,709,954,449,290,94,30,28,1381,246,62,96,30,67,81,289,190,426,210,106,26,101,34,190,406,107,55,296,27,905,400,137,1688,306,77,160,254,42,126,144,127,238,117,145,34,195,88,83,150,327,33,48,252,524,323,33,50,57,389,47,1562,38,155,624,435,303,43,50,132,471,33,117,171,2437,216,38,42,57,222,52,51,116,228,416,257,81,56,50,27,37,41,435,334,214
2047,4,37,36,152,93,36,1572,39,117,22,67,88,111,52,345,343,26,31,39,31,621,287,122,107,79,50,26,1188,379,43,34,28,47,68,94,62,149,38,38,23,48,37,151,186,71,47,74,25,147,157,129,524,93,46,62,92,34,52,115,51,34,55,55,39,76,46,205,52,65,28,78,86,206,88,27,73,37,153,34,503,30,118,168,160,106,37,110,59,135,40,44,77,976,146,33,35,36,107,45,33,100,76,131,68,43,41,47,79,49,53,89,51,101
2047,5,29,31,53,27,30,443,29,57,24,31,52,59,34,69,63,23,29,32,32,88,59,69,48,34,27,23,134,192,34,31,24,30,38,42,55,49,29,35,23,36,27,47,60,45,29,51,26,55,57,68,70,37,35,41,51,28,34,33,35,30,50,40,28,56,28,91,35,52,25,34,47,54,39,27,31,34,80,36,78,29,55,54,75,41,28,34,34,78,35,32,51,112,65,32,27,27,54,44,30,31,40,65,40,29,33,32,54,27,32,48,63,51
2047,6,25,26,33,25,28,55,24,35,29,25,34,30,30,38,31,25,31,24,23,45,39,42,32,26,23,23,68,57,29,24,25,25,31,50,27,31,24,31,23,28,24,33,39,27,87,33,23,35,36,29,41,27,29,31,31,25,27,27,25,25,62,25,26,34,24,33,26,26,24,26,33,37,72,23,25,25,44,31,91,24,35,37,39,29,24,26,33,129,33,27,27,47,29,25,34,31,74,25,23,24,29,34,28,26,26,26,24,25,25,31,30,38
2047,7,34,34,32,45,41,58,55,138,78,57,31,52,57,80,50,130,52,41,45,57,36,38,28,31,115,25,55,115,105,69,66,83,34,150,53,45,43,56,30,36,35,73,76,34,90,47,33,37,33,176,56,27,31,28,57,45,47,71,31,26,61,36,46,55,32,54,48,63,60,38,37,104,63,28,32,34,47,42,153,41,30,41,54,72,37,50,37,57,70,77,39,48,40,34,48,44,87,63,85,51,38,39,38,77,62,29,41,44,79,50,72,76
2047,8,59,78,72,32,136,162,51,360,88,73,122,138,67,106,45,118,87,67,46,119,44,34,45,84,228,27,101,218,48,425,96,101,62,137,75,50,85,99,133,60,88,139,113,28,136,52,37,69,88,774,81,84,50,37,74,44,70,110,74,42,127,85,48,30,36,66,122,147,71,103,83,76,60,38,49,62,66,38,125,63,60,106,138,75,121,50,56,107,69,58,74,62,39,43,63,56,59,86,182,54,35,28,81,611,56,79,62,31,127,89,56,74
2047,9,58,110,100,25,45,45,44,43,146,135,32,44,81,37,23,186,53,34,37,79,54,64,58,25,171,59,34,33,36,113,49,78,78,76,36,29,50,109,156,67,37,41,38,325,199,30,27,24,47,59,127,44,184,32,80,36,30,45,44,26,26,27,23,35,26,57,203,142,86,141,24,33,24,243,163,76,39,23,33,28,90,52,51,120,93,59,79,80,26,31,26,77,43,49,129,25,32,25,82,25,32,64,97,232,55,67,32,40,58,70,29,79
2047,10,23,84,101,36,46,48,22,44,110,28,48,874,170,34,29,84,24,35,32,210,27,122,29,29,40,25,35,145,55,61,56,148,152,1276,56,32,24,47,461,207,45,29,61,77,60,86,22,48,139,278,67,181,28,24,25,26,24,31,202,58,36,47,64,64,29,105,38,25,76,81,36,31,49,73,52,223,33,25,174,32,52,118,28,104,177,59,35,58,60,58,23,231,104,44,93,22,38,55,39,45,37,186,36,48,50,41,35,46,43,51,45,53
2047,11,31,54,267,25,76,35,22,442,38,184,102,226,93,61,32,27,24,22,32,218,48,26,25,24,53,26,334,52,39,115,81,46,36,74,28,412,40,78,72,47,127,274,56,101,184,43,39,41,367,156,133,36,32,32,30,24,91,38,28,146,53,53,105,28,211,101,38,33,62,267,38,31,37,82,180,105,55,27,172,24,62,50,96,35,75,47,207,30,29,65,23,390,682,23,346,25,37,82,29,447,61,139,114,50,50,30,40,66,39,35,122,74
2047,12,30,46,193,22,59,46,76,59,47,123,41,240,34,31,27,67,59,155,133,339,32,87,233,34,27,33,177,63,32,46,27,129,50,111,23,101,65,328,277,482,35,45,33,422,229,68,109,40,376,402,59,43,28,25,48,373,40,106,93,521,247,134,165,27,31,46,95,34,76,62,31,23,205,30,281,41,273,22,45,190,38,58,126,35,108,30,70,44,23,32,30,83,269,87,348,57,30,47,42,48,374,65,241,38,174,33,140,64,46,29,183,282
2048,1,150,47,149,151,127,32,179,100,102,58,107,802,404,98,32,521,468,43,49,420,211,279,108,43,35,41,1269,401,32,264,30,148,43,93,43,107,91,469,3248,269,31,55,34,684,98,108,39,39,159,225,121,32,55,77,356,225,37,211,195,235,100,128,329,311,95,63,197,25,107,99,32,82,136,79,216,39,59,47,176,1605,30,204,47,126,302,24,135,28,27,36,27,98,119,65,598,69,141,241,182,54,103,161,58,116,126,282,205,73,31,254,1817,1436
2048,2,117,113,392,59,60,56,55,1146,77,107,77,174,750,30,54,174,554,39,53,497,83,970,202,161,35,31,3308,284,24,686,106,107,60,198,43,408,40,613,1548,196,35,235,193,628,106,58,29,96,187,306,48,57,221,29,84,165,39,80,749,522,318,51,510,179,49,253,204,83,224,130,30,173,156,107,209,120,87,60,247,1393,108,54,36,190,122,27,365,25,31,95,32,98,103,81,1984,571,155,183,46,80,158,194,70,273,118,50,252,31,163,161,5836,1361
2048,3,48,56,244,62,46,86,33,976,34,71,77,84,995,79,27,247,258,36,102,744,205,1348,333,163,34,37,1537,408,27,461,28,307,29,434,1019,524,227,296,2297,113,2100,74,70,757,93,37,26,80,528,262,315,93,90,26,648,219,70,705,381,340,135,85,365,85,53,158,259,276,145,201,99,206,322,1661,240,259,145,268,353,1799,98,96,29,152,146,36,187,31,25,156,22,494,292,78,1563,344,134,223,94,136,111,274,104,282,63,69,509,33,54,60,2519,1067
2048,4,30,39,128,28,35,50,27,428,29,60,38,69,202,31,25,91,65,41,120,172,56,242,149,55,28,27,291,133,28,194,45,167,32,452,115,368,85,80,2464,51,278,63,34,417,58,29,25,31,114,452,59,30,47,24,139,137,26,122,114,87,61,63,243,51,35,146,71,61,61,90,26,106,268,595,64,78,177,38,92,840,37,61,26,102,70,23,77,87,25,51,22,201,86,42,819,181,48,113,52,144,63,95,175,752,45,117,332,27,117,42,463,800
2048,5,26,33,48,25,27,25,25,465,25,36,46,53,66,26,23,42,48,26,51,58,45,105,47,37,23,21,64,71,25,67,49,59,31,74,51,58,96,61,138,36,61,44,33,61,39,26,23,30,50,165,42,28,29,25,51,44,27,51,59,60,39,48,221,34,35,43,37,39,36,40,27,47,57,321,42,36,44,31,48,72,29,91,24,52,37,22,44,26,22,31,28,60,42,34,152,64,30,41,38,84,38,49,95,84,33,73,71,34,44,33,147,109
2048,6,26,24,32,25,24,23,23,59,26,27,26,31,50,23,23,29,30,25,26,44,28,45,34,43,27,23,44,37,22,39,51,31,23,39,33,40,30,35,56,32,42,27,26,39,29,28,37,24,43,47,30,24,27,22,32,34,25,31,34,77,27,29,54,30,24,28,40,29,27,30,23,29,40,57,29,27,30,25,45,43,25,42,25,28,28,22,29,29,21,25,22,37,29,24,49,34,35,29,25,31,31,34,30,40,25,28,38,24,49,26,51,51
2048,7,96,51,49,29,41,46,50,81,34,49,46,47,85,48,27,37,44,34,49,52,34,39,40,35,51,27,50,75,60,62,125,28,35,53,48,57,50,45,47,80,39,119,42,45,41,35,53,51,58,40,28,68,27,30,38,39,35,44,73,51,39,49,35,29,31,31,193,48,48,47,106,31,47,79,43,59,56,39,53,44,39,68,39,51,51,40,47,58,31,48,35,76,41,44,35,29,49,35,52,90,214,32,37,54,56,42,98,53,54,58,82,63
2048,8,99,114,106,28,42,49,45,93,182,181,91,40,38,60,28,257,109,64,290,62,34,32,60,41,75,41,54,48,129,33,92,67,31,112,49,44,86,54,62,79,84,394,158,42,74,139,45,175,69,64,37,113,30,38,39,59,95,71,49,47,65,55,61,110,33,31,342,34,71,119,167,84,62,161,70,55,43,31,127,189,34,72,80,69,41,46,57,98,41,87,118,82,57,41,32,48,86,225,72,91,134,36,133,65,193,43,175,78,323,87,163,98
2048,9,75,44,45,29,24,44,23,34,30,49,69,60,32,86,39,72,67,125,83,27,72,75,82,28,51,34,86,36,45,25,62,64,23,69,114,33,58,27,49,78,24,1264,39,25,67,84,24,136,44,27,27,25,31,30,53,66,30,179,47,111,59,34,42,49,25,30,97,42,56,173,83,55,28,191,41,50,25,36,48,247,42,24,54,23,50,63,44,57,72,67,44,60,67,31,38,50,46,194,24,114,107,25,48,37,34,97,31,66,146,53,25,78
2048,10,200,36,23,28,24,29,42,76,40,34,224,40,23,59,21,54,26,69,103,23,93,25,45,62,56,27,40,66,94,50,63,36,22,50,35,51,57,83,37,31,35,191,31,44,29,24,186,34,31,33,25,66,34,31,23,28,81,26,26,67,89,114,43,75,40,25,33,47,23,155,1218,25,37,49,54,37,27,25,45,135,32,40,23,23,54,34,29,33,23,27,22,33,79,45,23,28,199,445,23,63,30,25,1323,27,34,34,26,422,29,42,39,35
2048,11,116,47,44,22,50,27,31,62,41,60,34,23,29,35,27,140,39,43,61,31,27,23,97,231,27,46,33,44,108,63,128,25,112,26,45,202,131,24,52,25,23,91,236,48,26,23,43,81,41,40,66,56,50,43,38,23,66,28,70,346,117,64,67,32,78,46,28,42,22,58,647,23,36,94,41,38,62,28,111,85,79,59,297,32,115,46,31,24,24,67,30,44,51,39,49,74,271,127,33,69,40,31,313,33,41,29,66,90,25,68,63,97
2048,12,615,170,25,23,197,33,30,33,203,290,121,320,33,92,33,278,33,65,154,25,24,104,29,310,39,24,44,25,39,80,52,24,188,53,24,594,45,52,31,23,23,61,51,584,24,92,104,53,117,64,139,120,27,44,113,89,25,28,214,395,122,29,53,222,381,28,26,23,23,528,92,29,31,39,27,263,157,25,94,65,56,27,79,33,80,23,26,48,22,29,36,78,124,59,82,238,100,465,48,28,72,96,152,27,25,87,24,36,45,121,39,28
2049,1,299,47,33,817,76,51,29,77,411,502,45,79,53,264,50,76,122,225,134,46,37,128,42,386,124,24,135,27,210,89,38,49,99,282,26,1423,94,34,342,118,38,61,268,138,23,558,47,270,1127,244,183,51,41,40,30,35,183,33,66,560,101,44,59,136,145,31,521,31,24,259,94,28,45,40,32,79,78,26,164,139,222,161,78,31,54,44,44,58,103,94,28,109,63,162,599,50,243,747,45,180,34,154,491,68,28,50,68,86,210,65,97,48
2049,2,219,245,230,685,117,50,97,47,177,578,154,47,73,120,93,129,237,741,109,103,23,42,41,676,143,75,753,157,99,45,30,78,89,75,31,4530,53,57,140,36,54,283,172,122,23,170,64,143,1523,151,335,95,24,65,33,48,219,30,52,2892,58,138,45,293,417,32,116,72,37,404,77,97,36,557,42,69,88,98,91,65,43,179,41,61,33,48,27,25,38,183,91,123,55,161,120,133,192,770,74,233,63,130,399,58,202,37,159,445,390,60,54,82
2049,3,346,258,213,188,68,60,32,37,150,314,129,179,242,726,55,366,66,611,94,106,33,95,118,1773,226,183,903,80,57,47,27,165,92,41,465,2439,76,64,75,115,23,724,354,905,76,250,133,68,1481,138,248,218,65,99,26,306,663,36,73,1172,49,307,27,314,1242,70,503,37,39,327,235,60,178,457,34,41,105,110,316,73,133,73,34,381,40,46,185,26,31,81,36,293,68,92,93,114,486,796,66,698,42,510,114,45,48,317,81,258,239,64,84,106
2049,4,102,199,118,69,39,31,24,105,62,220,66,50,42,157,26,143,40,242,38,53,30,51,39,1567,186,36,305,29,35,35,71,166,38,34,65,475,46,33,40,30,25,542,147,364,66,120,62,43,1889,53,112,115,27,64,26,46,140,47,40,209,37,66,25,488,1120,39,122,173,61,78,101,27,46,87,24,56,34,34,82,45,59,42,48,71,28,34,53,23,72,37,24,100,72,68,69,46,212,118,76,1122,36,268,101,33,31,112,60,149,77,59,34,52
2049,5,50,70,40,42,29,23,24,33,41,58,38,34,34,68,24,50,30,56,28,31,23,49,28,93,41,27,74,25,29,30,32,56,58,26,46,86,27,49,30,29,23,131,50,90,24,47,37,31,118,49,45,75,27,27,34,30,58,30,28,87,36,34,23,76,188,23,59,30,23,51,74,25,36,55,23,34,28,26,109,75,40,89,34,51,35,23,34,23,55,29,25,50,38,37,56,34,68,53,31,89,25,68,48,28,35,50,73,61,43,34,36,36
2049,6,34,38,26,41,27,22,27,24,28,37,27,39,27,40,25,31,25,35,25,25,26,55,29,50,30,24,44,24,27,24,23,41,26,29,30,45,32,38,28,25,22,48,34,49,25,32,39,25,45,30,32,37,22,26,25,48,37,25,24,48,30,27,23,42,66,22,35,28,27,32,34,23,27,30,23,24,36,26,35,53,26,26,24,32,23,25,25,23,26,25,22,29,25,27,28,26,38,39,24,45,25,38,34,23,27,30,35,33,30,24,26,25
2049,7,71,36,83,50,55,41,50,34,82,37,43,50,75,40,43,55,45,48,58,47,30,26,25,34,56,48,39,61,51,35,65,44,36,30,46,36,62,47,40,32,46,54,32,39,34,29,31,32,52,46,45,48,45,47,35,58,50,44,41,62,60,40,32,43,42,35,108,65,26,115,68,50,89,41,55,49,83,51,44,68,40,52,44,64,37,60,41,77,36,49,32,38,50,34,36,33,35,29,51,44,36,58,68,85,45,81,51,35,61,45,79,65
2049,8,391,120,71,32,36,64,76,44,177,47,417,76,98,43,39,120,49,78,44,61,36,35,50,32,67,79,84,123,42,45,124,62,60,49,38,32,65,95,143,103,92,84,30,58,42,33,82,53,60,65,73,63,63,33,47,95,49,54,61,81,42,341,41,54,36,141,173,66,102,82,77,40,48,59,68,70,73,52,154,106,48,82,76,92,39,65,64,51,65,95,74,67,59,41,40,71,64,60,89,63,50,86,82,55,143,151,179,42,163,138,104,81
2049,9,278,37,31,42,76,48,142,23,33,28,121,44,54,34,127,121,51,107,38,41,33,61,55,26,27,126,244,42,32,38,62,36,24,94,53,28,36,50,456,29,616,40,44,30,40,23,50,23,35,66,72,25,72,27,36,36,33,107,42,26,57,81,37,33,76,39,104,55,213,32,102,22,23,29,50,205,277,30,454,99,154,147,305,51,90,42,33,31,45,65,72,127,26,25,28,59,64,48,219,54,23,45,120,39,107,114,233,46,98,78,25,64
2049,10,232,90,55,33,26,24,176,24,39,44,322,811,184,35,46,35,22,46,37,25,33,83,69,31,23,83,97,32,36,25,55,33,23,44,36,534,33,31,31,32,37,25,28,32,40,23,56,25,33,86,36,35,38,27,192,31,30,35,75,34,206,66,43,23,55,31,53,26,89,37,35,24,57,265,140,52,48,23,145,58,104,27,41,29,65,193,54,146,32,32,154,83,55,300,75,24,47,96,103,27,23,35,56,25,210,28,34,24,36,24,33,37
2049,11,97,42,61,50,31,22,278,26,106,166,96,255,93,69,43,97,23,47,120,39,87,121,38,55,23,158,61,50,24,39,75,96,32,23,47,370,43,36,35,77,26,23,47,33,137,25,68,53,53,112,74,22,22,41,92,43,48,62,81,24,155,260,24,26,24,27,38,36,148,49,50,39,66,141,42,26,82,23,145,258,127,37,292,24,72,62,25,34,41,234,72,48,76,818,242,24,67,51,65,60,24,98,60,45,261,46,92,25,34,23,38,68
2049,12,360,40,183,39,281,30,50,22,42,36,75,537,123,122,29,46,170,39,140,22,32,48,107,62,24,39,93,163,23,27,572,30,30,37,186,259,145,23,25,407,31,23,33,47,86,23,40,23,28,37,290,34,25,67,117,47,30,50,55,156,80,164,47,27,27,34,98,267,797,64,167,22,32,550,37,25,221,22,125,50,75,60,238,44,83,34,29,32,37,51,68,26,29,52,82,26,60,43,114,26,312,43,35,332,52,87,32,42,28,128,31,25
2050,1,289,31,836,119,136,33,57,22,108,411,52,746,72,87,24,28,47,25,71,111,24,39,90,37,80,38,186,204,119,889,75,126,29,191,1099,673,88,306,26,133,28,35,65,121,36,104,216,731,30,109,69,42,25,54,124,152,228,101,30,92,206,136,78,80,64,586,93,38,2324,156,187,25,92,394,149,56,54,49,604,55,87,199,171,165,107,122,31,239,93,174,62,505,28,70,56,76,95,42,50,64,208,145,89,669,114,107,34,41,26,76,41,28
2050,2,418,25,490,35,104,42,82,32,217,215,111,324,124,88,73,70,44,67,57,57,69,57,241,83,210,85,185,59,470,1018,49,181,23,642,2256,1081,46,75,28,350,142,26,278,115,110,97,115,538,56,191,190,23,98,123,51,33,333,244,262,227,532,88,28,99,42,582,112,35,1824,203,256,56,35,2459,245,183,53,153,2801,42,70,92,374,75,88,160,38,931,44,134,72,92,45,44,57,68,85,43,126,31,104,635,44,600,173,70,130,67,396,178,66,33
2050,3,321,38,509,29,121,35,111,24,306,117,146,293,354,169,31,47,33,173,37,315,50,116,245,574,33,235,101,251,1037,592,41,171,24,114,626,1433,40,190,23,189,177,40,108,40,83,68,177,224,41,375,125,41,29,43,62,67,796,54,73,870,450,879,92,28,25,367,137,133,840,87,96,107,92,630,190,312,255,57,2393,400,56,103,669,61,45,129,186,456,56,65,34,58,36,35,38,68,39,95,86,102,141,133,68,234,242,108,154,88,68,63,34,89
2050,4,139,26,154,26,109,32,41,21,239,52,76,73,101,132,36,27,26,49,41,435,34,36,370,206,29,158,64,101,202,83,34,73,28,61,118,205,34,218,23,58,53,22,40,35,41,30,426,73,26,568,166,22,42,29,36,50,155,35,35,738,260,259,37,27,30,108,51,44,100,38,50,103,44,93,77,54,131,41,942,122,38,122,1315,33,36,283,85,92,26,42,30,43,24,31,34,27,31,38,53,35,57,64,38,68,195,44,128,29,40,39,24,26
2050,5,54,23,53,26,35,23,32,22,52,42,34,48,52,48,26,24,25,32,32,90,24,72,57,52,26,55,35,44,97,50,29,38,23,37,63,60,77,59,22,41,35,22,32,28,27,25,69,46,23,135,47,25,29,26,29,27,54,28,28,96,72,66,39,27,23,48,32,33,77,29,37,53,34,60,36,33,47,28,110,59,27,41,81,26,37,55,74,68,24,30,28,31,24,26,28,24,54,31,50,25,36,41,34,55,54,28,41,34,40,97,26,24
2050,6,35,28,37,24,27,21,27,24,35,28,31,33,31,29,23,23,25,25,24,36,24,38,37,31,27,40,27,32,44,32,24,33,21,26,40,39,26,31,26,29,55,23,27,26,28,23,43,32,24,46,30,22,22,23,29,24,35,25,27,49,39,110,28,24,26,36,28,24,38,26,29,36,25,34,33,26,35,24,54,32,26,29,45,30,61,45,26,38,23,26,24,26,23,24,25,23,41,26,27,28,27,32,25,32,33,24,56,27,25,26,26,24
2050,7,38,47,36,48,36,41,46,33,223,40,50,47,58,34,46,35,67,53,42,43,30,36,67,38,68,73,26,38,45,37,45,59,38,35,55,39,37,44,45,34,60,50,31,53,44,53,36,44,46,71,84,37,27,31,28,38,44,40,29,53,29,66,93,26,40,66,70,65,46,39,72,53,42,41,41,31,44,32,117,30,48,68,35,71,59,50,60,50,47,47,37,44,30,36,30,31,31,37,70,68,28,43,160,43,49,60,53,30,25,43,75,47
2050,8,54,81,41,39,66,48,75,80,279,48,387,69,61,62,62,49,46,44,59,40,35,65,50,27,80,72,59,34,255,51,200,97,47,54,127,50,38,36,60,64,59,71,40,28,94,51,34,94,162,278,193,51,75,38,28,187,47,58,85,36,28,73,174,42,26,46,204,56,86,152,47,48,41,87,44,33,39,29,64,60,50,112,44,87,193,104,113,31,117,76,78,84,28,46,31,77,40,54,65,46,38,130,65,168,108,33,155,59,40,80,72,44
2050,9,98,34,29,26,76,84,25,43,105,35,129,27,40,24,106,53,62,23,100,28,31,103,43,23,60,60,36,28,48,33,153,122,23,33,182,62,31,48,82,65,28,77,23,26,117,28,43,29,53,242,44,28,64,68,59,27,39,37,32,56,59,40,29,32,33,62,27,51,33,36,34,23,29,33,359,174,24,25,24,35,469,26,28,120,81,77,92,25,72,47,74,61,25,69,82,33,63,74,74,60,30,34,24,33,32,40,137,78,30,38,153,34
2050,10,57,70,36,35,43,43,23,46,53,55,43,61,105,24,90,347,55,24,117,38,117,51,24,28,25,25,67,40,29,57,43,27,36,36,28,205,71,41,73,24,23,36,119,22,134,26,23,69,23,107,149,48,33,255,160,25,47,184,23,84,56,25,28,27,27,76,28,30,111,76,45,36,27,69,419,64,30,42,32,43,112,49,25,95,25,93,43,109,50,33,37,29,183,28,24,27,30,23,30,31,32,116,25,32,51,26,269,34,431,41,68,22
2050,11,62,26,25,84,61,87,26,47,34,58,45,60,151,51,48,96,226,131,106,37,122,40,34,23,26,64,227,36,27,30,66,185,38,67,25,58,88,205,239,39,27,47,103,42,38,23,30,88,25,151,99,45,64,51,36,56,154,239,37,171,54,23,54,73,47,75,68,165,99,55,247,28,60,24,1459,108,64,75,32,58,31,24,539,43,107,64,69,182,124,37,79,23,59,41,31,25,35,100,59,35,90,65,24,30,33,56,84,78,279,72,28,36
2050,12,28,94,273,65,141,39,38,85,53,38,42,75,35,237,26,126,58,125,119,91,560,108,22,33,392,23,267,29,44,26,59,66,98,27,46,247,119,87,37,218,79,22,47,126,68,26,210,69,36,251,50,23,212,95,37,108,582,276,58,36,29,33,129,30,110,136,131,52,142,589,170,212,75,197,110,72,620,365,235,93,57,23,78,84,77,197,48,63,280,117,63,39,134,28,34,22,33,26,121,195,44,40,31,69,40,69,171,25,207,47,56,22
2051,1,92,59,67,39,87,29,272,143,64,162,63,117,46,379,38,204,157,811,60,112,205,48,27,75,455,27,78,27,50,275,31,139,33,90,104,146,50,126,40,100,83,133,81,43,192,31,201,213,58,438,168,28,263,65,27,76,934,604,62,74,155,122,63,252,433,258,40,254,49,284,133,1796,209,87,418,45,363,158,284,688,38,35,129,120,45,202,254,59,58,193,64,25,48,88,34,783,44,26,218,60,174,61,187,463,47,509,88,36,435,572,69,109
2051,2,30,136,127,42,101,97,86,94,172,218,523,196,195,162,120,103,95,1237,58,117,415,50,37,57,180,54,87,24,31,177,361,70,74,308,274,367,40,421,42,173,162,708,69,83,81,130,529,151,146,547,264,44,230,52,25,52,1397,214,285,57,98,29,79,55,100,115,128,761,51,328,376,758,73,159,263,58,785,184,222,1102,71,97,250,95,66,90,146,172,63,136,127,142,186,88,71,174,23,35,226,81,116,161,110,255,115,94,195,24,238,80,139,88
2051,3,52,56,269,34,89,47,152,132,172,51,507,100,257,67,168,97,738,2139,86,174,179,136,113,247,675,172,59,22,43,124,65,47,91,434,304,304,31,378,32,71,237,322,96,130,133,27,158,270,153,248,240,22,316,39,31,318,549,283,174,70,39,52,57,86,76,132,62,319,81,185,94,459,94,191,207,62,1092,561,1180,764,328,27,281,154,157,177,90,121,78,72,167,455,72,246,75,219,30,118,119,113,246,42,50,199,69,344,3096,39,78,58,205,105
2051,4,27,38,616,26,38,28,51,42,53,37,122,44,60,49,44,46,370,1039,35,100,63,40,26,46,311,51,50,50,84,54,39,59,62,197,143,119,31,271,26,47,58,103,90,71,87,25,87,201,44,84,83,21,152,42,25,64,132,196,109,36,36,33,32,39,62,72,51,152,48,76,60,221,76,140,82,37,239,343,210,316,82,31,122,55,53,147,50,68,38,44,62,151,40,70,26,213,53,31,59,50,393,42,45,64,43,858,559,23,57,56,174,82
2051,5,25,27,217,27,29,24,31,34,37,29,122,31,43,35,31,39,158,93,34,48,50,39,23,37,58,27,35,30,27,32,35,29,41,102,90,53,47,51,24,37,37,46,32,47,37,26,45,58,28,49,39,23,52,26,24,35,62,56,84,27,29,24,28,37,50,41,28,69,35,47,37,82,49,45,45,44,62,198,69,87,41,26,57,38,31,53,41,33,105,41,32,47,29,79,31,103,22,25,169,29,61,54,31,78,30,82,90,25,41,118,81,62
2051,6,23,25,47,25,25,24,30,28,26,27,40,26,27,26,34,27,44,48,24,28,30,26,26,29,40,24,26,21,23,25,25,26,24,52,45,34,27,52,24,26,27,33,31,26,26,25,31,34,26,36,30,20,34,24,23,31,39,35,33,24,24,32,25,25,30,31,26,37,41,40,34,43,26,31,32,28,68,46,41,41,30,32,38,26,31,30,42,28,33,27,25,32,25,30,28,42,23,25,49,25,36,49,25,31,27,41,48,22,40,30,31,25
2051,7,100,112,115,30,26,51,86,48,30,52,37,39,104,41,37,57,130,48,56,40,31,34,34,49,74,58,35,54,36,33,33,32,39,57,65,46,89,253,55,47,36,41,31,27,29,84,50,54,41,69,37,27,50,51,25,49,50,43,36,40,45,54,41,31,30,61,39,32,150,75,40,48,44,45,41,52,117,61,64,45,34,40,34,49,47,54,349,42,53,80,26,82,49,39,58,46,86,105,225,50,37,29,48,67,33,48,214,47,49,65,43,40
2051,8,99,106,70,31,31,61,213,107,56,52,67,87,141,72,31,224,236,54,39,65,34,61,90,82,36,59,62,142,40,31,111,119,95,311,106,66,274,193,123,68,83,43,99,27,45,220,90,349,55,151,71,77,63,62,29,38,51,49,29,234,37,66,65,41,41,57,115,72,191,77,57,46,31,69,69,41,60,54,221,61,59,61,75,108,118,95,243,116,98,102,40,114,67,233,58,47,85,79,208,56,84,49,79,66,94,89,100,138,82,68,68,50
2051,9,26,50,91,23,320,26,182,26,24,28,43,33,76,27,38,76,248,42,79,52,35,63,39,141,63,33,31,27,61,29,43,111,38,46,81,88,71,48,90,35,30,31,276,23,24,48,30,73,79,67,80,53,75,63,34,34,31,25,56,40,56,48,60,26,73,39,24,26,43,118,59,32,78,31,60,24,26,43,86,92,33,241,40,26,69,73,85,52,436,113,40,71,24,165,45,59,49,103,56,31,36,24,61,75,60,50,49,148,26,76,202,45
2051,10,29,112,73,22,58,23,47,23,22,28,159,24,25,58,40,42,55,52,36,188,86,25,26,148,23,66,194,64,23,27,73,52,26,290,65,44,44,42,27,23,29,99,228,136,37,25,112,62,109,47,25,126,67,33,41,39,26,23,51,35,52,24,27,23,23,29,23,24,60,60,110,31,60,39,49,25,28,23,54,76,25,35,157,53,86,93,46,45,174,53,34,25,32,84,26,25,102,41,65,38,89,81,27,38,24,133,67,36,37,26,26,24
2051,11,24,34,246,29,67,36,25,60,22,57,258,79,30,28,39,25,50,83,23,163,49,51,45,44,34,39,45,53,632,48,79,177,74,115,194,147,45,36,37,22,31,44,40,206,60,111,91,44,75,292,47,41,146,24,31,114,23,47,263,25,34,47,35,47,33,56,24,139,29,56,704,35,104,25,36,37,73,38,92,90,51,59,32,29,64,110,119,73,77,86,27,83,47,131,25,23,78,78,193,72,106,27,80,46,52,99,630,50,91,212,89,44
2051,12,27,33,76,28,29,23,26,71,155,73,175,177,61,23,24,177,42,54,28,469,135,28,32,42,116,39,137,76,100,27,77,39,115,79,154,40,475,131,46,37,23,140,45,43,36,72,649,86,184,88,34,158,209,37,26,142,22,22,214,24,23,22,32,23,136,189,23,368,27,54,336,35,188,65,23,840,115,48,117,63,47,65,53,35,50,659,98,161,62,133,43,60,34,34,23,223,65,371,112,51,40,256,31,45,203,80,353,166,46,38,118,680
2052,1,47,104,101,73,120,82,67,369,43,109,277,373,52,30,26,267,37,94,574,928,98,29,77,31,75,42,52,89,64,800,58,123,39,62,323,178,133,96,54,58,23,515,48,134,189,43,2912,425,56,57,296,140,95,34,48,408,49,41,273,155,30,24,59,25,63,1377,28,445,275,100,295,117,282,460,78,404,160,327,106,32,78,246,89,104,112,99,313,84,485,37,264,79,229,121,293,62,34,132,212,68,112,206,46,47,209,75,243,48,69,794,90,197
2052,2,75,215,64,43,76,119,126,316,70,222,494,189,169,24,65,70,29,36,164,804,235,125,117,121,97,222,121,58,70,633,61,242,161,149,353,142,119,61,106,50,41,295,35,71,48,89,3518,466,107,110,109,72,58,36,68,189,158,41,324,117,33,95,65,31,66,1318,27,1511,123,181,272,237,141,196,38,250,146,293,95,74,75,77,78,115,206,217,313,44,544,211,155,123,54,97,39,177,53,252,272,31,554,504,30,41,112,190,853,64,96,949,88,196
2052,3,24,61,161,89,62,225,46,186,86,281,243,89,78,28,28,58,37,189,319,669,73,56,42,68,241,128,108,143,45,814,74,108,45,63,174,313,78,53,31,131,97,142,45,185,34,45,928,134,114,65,45,43,73,25,25,676,438,76,421,62,45,42,26,22,226,1923,28,1257,53,51,205,269,365,231,41,106,292,239,152,35,204,87,137,41,60,985,117,36,486,78,50,97,56,103,149,115,108,299,223,29,847,469,53,529,160,83,614,33,94,478,78,1968
2052,4,24,89,92,33,40,47,29,67,30,190,124,77,82,31,31,32,24,40,682,108,39,28,26,32,102,43,167,192,35,294,32,95,40,33,80,217,71,34,38,32,29,61,29,56,31,27,289,55,36,54,61,65,46,22,23,454,162,33,101,82,45,29,24,21,82,638,28,170,37,40,139,209,124,72,25,57,142,129,114,27,72,39,120,29,58,432,57,29,159,37,98,34,32,43,58,136,32,953,108,36,218,164,82,99,51,73,349,107,35,105,36,920
2052,5,23,36,48,25,27,32,25,42,26,57,59,50,115,29,22,26,24,30,215,55,30,30,25,27,53,32,43,86,28,66,37,38,35,35,51,188,36,46,29,34,50,42,25,33,25,25,67,39,28,34,32,30,29,25,24,83,46,34,53,36,22,26,23,22,54,78,23,62,33,34,52,74,52,43,25,42,44,61,36,25,36,30,117,25,34,73,40,27,65,28,39,27,27,29,31,41,31,151,45,26,72,71,36,44,32,37,239,64,30,51,124,174
2052,6,23,26,28,25,25,29,26,31,23,37,34,31,29,30,21,24,24,26,45,35,28,24,24,25,33,31,29,30,25,39,26,28,27,25,40,103,27,26,27,24,23,28,26,27,23,23,44,30,25,25,26,26,30,22,30,42,38,23,31,61,22,23,27,24,29,45,22,66,24,24,34,35,35,31,23,30,31,32,27,25,25,26,42,24,25,44,30,23,55,24,26,24,24,26,41,32,26,43,33,23,38,49,24,28,26,30,63,25,29,32,34,52
2052,7,41,52,51,49,37,45,29,29,59,34,46,50,44,59,40,48,138,43,51,40,31,36,31,30,114,43,75,41,59,41,64,35,37,51,37,58,67,39,47,33,64,37,51,42,40,28,34,70,28,51,54,54,37,40,49,53,39,50,28,59,35,55,69,52,88,40,57,101,97,44,79,175,73,54,37,42,65,27,39,36,27,37,35,32,31,73,203,52,46,28,31,32,103,45,91,36,45,43,37,33,58,33,280,55,61,38,68,49,52,47,80,67
2052,8,45,51,44,118,28,53,97,59,95,36,120,50,127,86,47,80,195,56,65,52,74,52,54,59,225,132,65,59,129,137,522,29,160,58,45,247,48,113,142,207,52,44,52,34,51,35,82,154,35,50,124,44,152,128,61,44,37,54,52,50,47,78,149,29,71,66,113,104,69,91,85,318,121,138,68,32,39,37,110,33,37,59,39,60,65,42,112,48,56,76,67,61,68,48,57,38,56,93,74,30,61,29,157,96,49,61,155,82,90,51,67,109
2052,9,26,29,63,49,186,24,59,37,46,45,43,63,68,130,55,273,85,37,40,197,54,90,56,64,73,212,25,30,109,75,114,54,88,48,71,95,23,104,291,110,124,30,29,28,38,25,81,25,30,65,110,40,190,130,25,26,39,34,37,27,147,45,58,43,108,24,33,138,27,137,28,49,129,31,86,65,38,40,32,35,30,43,61,23,29,28,107,112,62,43,43,124,81,35,187,34,23,62,82,40,24,23,30,29,28,34,146,33,82,30,41,379
2052,10,25,51,40,24,50,38,42,25,43,29,107,1283,42,311,79,33,115,63,53,158,39,42,164,25,30,58,34,53,38,29,64,82,31,26,23,51,24,88,35,47,73,25,1421,22,30,22,24,34,36,37,76,35,59,74,32,47,247,46,640,23,24,30,24,167,94,25,189,68,35,45,24,109,181,30,51,44,40,34,70,31,41,23,176,32,22,30,71,38,28,34,29,59,26,35,190,68,34,41,29,28,23,24,45,240,40,31,54,33,25,23,97,52
2052,11,22,22,22,49,131,49,41,40,157,167,274,190,54,45,26,254,101,46,55,50,94,39,69,101,30,280,34,73,216,151,53,70,57,69,88,36,25,27,73,37,580,32,100,132,44,63,36,42,50,126,140,595,154,184,45,44,236,56,191,59,140,69,23,125,94,161,68,60,41,26,128,61,75,39,113,59,40,60,73,147,58,53,51,50,45,115,52,33,139,35,23,166,30,56,183,39,53,77,39,402,245,23,27,173,56,67,46,42,42,22,53,167
2052,12,132,120,31,27,85,64,42,100,252,55,120,318,47,76,25,70,114,150,27,97,51,25,65,165,33,661,28,149,34,253,73,35,149,136,31,31,100,66,37,45,91,64,66,53,22,108,52,36,145,183,102,539,342,50,57,37,78,43,63,77,138,85,52,41,31,74,207,74,115,26,151,452,122,48,136,50,25,123,117,886,25,64,108,249,25,271,46,32,48,26,70,367,50,49,578,46,28,164,40,61,37,24,42,41,55,125,29,90,63,22,40,49
2053,1,103,78,35,49,321,27,28,597,100,100,323,1062,37,240,22,78,212,167,319,89,32,25,125,69,60,638,26,196,126,159,118,44,173,359,79,159,50,70,34,96,88,100,47,39,26,231,74,326,297,98,142,299,95,211,120,197,57,34,61,75,65,99,98,44,84,141,215,37,88,115,2790,248,395,89,462,186,36,214,146,132,179,403,992,74,197,68,719,36,167,30,41,102,369,101,1267,144,183,109,227,154,60,152,172,71,367,56,61,129,24,27,227,165
2053,2,44,58,66,188,105,28,63,767,152,73,834,596,207,112,22,129,106,900,386,120,34,255,118,45,122,354,56,247,80,202,167,116,156,302,148,67,56,32,67,199,336,79,43,202,168,58,125,664,166,118,261,1267,93,185,64,65,124,136,47,234,103,155,48,32,40,123,161,175,127,184,5143,242,602,253,3262,198,65,324,199,182,45,148,2187,50,74,190,787,69,75,85,86,330,215,158,1493,76,139,213,39,97,41,244,72,118,140,41,239,124,76,74,132,626
2053,3,43,304,291,84,118,55,145,1471,242,74,1146,238,49,500,28,77,170,1507,372,153,26,169,145,74,40,189,143,533,74,136,153,79,94,279,245,353,54,317,39,76,431,194,126,53,29,65,69,218,146,81,114,3078,129,92,31,59,97,676,44,137,338,619,56,36,136,223,344,570,258,60,1073,125,1098,258,561,536,37,177,116,98,104,91,1641,57,41,259,627,25,129,32,262,294,106,304,3132,1341,44,224,35,67,46,57,88,86,81,175,54,55,93,102,222,998
2053,4,28,46,38,43,54,34,39,617,102,40,88,117,50,145,23,42,106,514,152,55,29,49,39,32,28,76,157,543,78,55,93,31,51,132,207,223,42,61,34,42,690,41,418,35,27,44,60,67,55,90,55,393,55,46,29,38,75,72,33,295,107,97,34,31,40,148,101,186,90,51,220,76,339,143,272,287,37,64,67,61,44,43,430,31,31,121,318,29,38,24,106,114,51,125,596,972,48,123,38,40,46,75,34,90,51,36,40,33,35,34,146,754
2053,5,26,34,28,35,34,28,26,108,43,34,51,64,36,47,23,31,93,140,48,37,31,69,30,26,27,58,34,104,104,36,38,48,43,63,54,58,28,37,28,30,121,36,106,28,24,28,33,41,36,42,52,82,36,38,25,28,47,38,39,54,44,47,26,24,29,79,44,46,50,29,83,45,217,45,68,64,23,107,38,39,49,32,96,26,29,50,73,23,29,23,108,46,36,58,73,88,28,50,27,31,26,101,32,33,33,32,45,27,24,27,56,123
2053,6,24,29,24,24,30,24,26,47,29,35,34,47,26,34,21,25,36,48,31,34,26,27,26,209,24,33,26,48,32,28,31,25,34,38,42,32,35,31,25,30,45,27,33,26,27,30,28,29,26,27,36,110,27,27,24,24,26,28,27,51,32,32,26,25,26,54,30,34,31,28,49,30,49,31,41,37,53,34,31,31,32,27,49,44,26,35,45,23,25,23,30,31,30,31,142,44,24,31,24,27,24,30,24,27,27,25,25,28,24,29,47,54
2053,7,32,41,36,32,41,25,48,43,33,60,39,53,79,38,34,42,67,61,49,61,38,28,34,60,44,62,53,39,123,90,40,36,43,32,58,35,28,30,37,103,52,33,42,30,35,63,50,69,41,36,34,89,25,30,31,45,50,43,36,29,31,77,39,27,50,111,36,52,45,81,63,54,41,46,56,52,60,60,38,48,51,45,70,52,45,51,57,25,25,55,39,48,51,69,68,35,105,110,56,39,31,41,41,27,52,36,44,234,51,46,62,58
2053,8,343,64,47,141,188,31,132,48,49,84,63,54,73,86,30,38,158,84,49,55,63,41,54,140,126,35,73,58,147,452,110,236,63,109,89,123,77,26,42,465,32,35,86,41,96,55,47,90,61,57,90,45,29,38,32,40,53,44,103,32,54,81,54,56,46,91,74,88,109,213,136,62,31,76,74,171,83,163,126,114,50,109,116,93,134,64,38,55,30,164,38,106,93,87,43,40,83,154,62,81,46,59,108,36,34,92,59,272,240,30,104,79
2053,9,147,50,151,105,135,34,24,45,24,122,39,71,246,57,111,37,59,26,27,1041,35,161,56,68,141,41,73,88,28,89,29,107,118,63,88,242,56,102,43,180,23,102,32,35,98,51,29,30,33,30,33,27,27,191,24,24,27,27,38,40,42,32,38,23,23,37,28,28,220,33,165,108,24,27,44,32,40,75,71,119,28,763,66,38,39,27,47,27,26,92,23,89,41,51,61,56,121,43,34,105,66,27,34,33,78,43,26,170,38,30,36,97
2053,10,28,37,31,71,67,74,23,30,45,57,36,251,37,47,107,23,59,65,45,1002,56,79,225,29,25,105,38,28,25,126,23,47,109,29,723,133,76,56,36,58,26,58,28,48,619,27,54,34,137,35,146,59,34,56,23,38,26,26,32,78,131,23,22,23,23,25,24,24,34,25,56,24,44,34,420,24,171,64,26,58,39,37,263,26,1613,140,31,24,27,54,23,49,107,172,92,161,53,130,48,90,32,24,44,160,63,57,38,44,52,29,24,46
2053,11,24,80,65,28,328,36,31,315,29,195,51,237,84,148,47,25,52,29,178,73,48,404,865,34,24,222,123,34,30,55,24,38,37,27,182,131,87,72,23,112,23,28,76,269,233,30,38,42,1129,72,118,26,33,68,42,25,84,27,40,25,44,41,24,53,31,119,24,53,46,90,83,414,25,200,60,226,55,33,30,43,22,57,40,57,67,134,39,50,43,145,22,36,109,237,95,693,44,189,78,125,52,49,39,144,38,70,66,150,37,74,24,95
2053,12,810,99,62,26,173,70,24,195,44,375,611,112,37,241,34,30,112,27,321,169,99,269,131,31,33,195,30,93,25,105,23,26,26,60,78,47,27,182,22,948,78,201,579,128,61,42,62,97,77,57,107,34,145,68,111,39,159,28,75,36,38,177,23,352,58,299,81,76,37,68,183,51,97,55,58,165,96,27,917,214,147,284,41,178,233,108,25,24,22,84,23,87,79,114,47,46,26,156,63,35,23,76,25,70,103,40,63,52,24,78,57,54
2054,1,337,57,123,76,263,34,160,81,176,73,52,88,84,154,28,22,180,243,355,212,190,126,369,51,99,721,34,121,25,63,352,201,45,35,88,40,38,87,38,2023,117,164,323,51,47,25,157,476,859,68,296,77,30,101,40,125,208,23,83,101,45,39,30,66,152,2059,315,80,342,27,280,122,121,64,48,1767,195,103,846,330,246,112,180,70,204,226,1040,232,61,428,32,139,34,63,46,45,114,831,368,35,975,53,263,57,254,40,52,299,43,69,364,37
2054,2,195,30,66,133,305,35,153,89,594,95,115,148,140,163,26,24,95,211,413,146,61,190,364,192,81,1569,39,83,61,43,74,329,44,76,67,43,100,60,60,1979,31,61,205,92,67,281,38,210,1461,581,442,32,77,257,34,393,250,30,34,306,94,46,22,289,147,1347,152,108,55,34,816,76,61,181,37,863,137,120,234,237,65,182,400,853,639,238,199,127,306,222,40,123,83,182,150,173,109,598,170,124,950,196,85,143,74,112,201,123,65,31,59,93
2054,3,183,36,40,243,194,166,44,783,490,112,48,76,185,368,25,21,144,145,160,190,358,84,313,130,209,539,106,110,117,35,40,369,362,118,101,101,63,77,97,524,28,387,142,449,353,68,77,171,1247,1025,224,26,137,63,95,330,300,23,48,61,162,40,140,238,360,2283,143,43,41,37,2317,58,255,196,43,434,143,158,673,195,434,87,218,785,350,216,86,100,169,116,139,108,284,169,84,51,327,690,94,43,466,61,62,58,183,135,1412,76,40,33,53,468
2054,4,69,59,38,92,72,31,46,270,205,49,55,67,158,110,27,22,55,119,63,71,93,60,86,113,47,438,80,39,34,33,41,141,129,34,49,64,57,43,60,92,29,143,149,85,152,32,59,86,466,229,87,29,43,42,39,90,78,22,29,55,66,36,39,135,802,634,141,54,35,37,552,46,109,147,30,229,53,46,689,75,113,57,153,316,100,127,52,47,207,65,29,76,71,76,40,39,95,362,225,30,129,45,82,38,75,55,318,57,31,27,50,363
2054,5,41,24,29,37,44,26,28,86,54,34,31,33,49,49,24,25,33,41,44,42,41,52,48,38,34,90,29,30,32,32,28,55,40,27,32,93,62,29,46,52,23,48,65,39,43,27,54,44,74,77,51,26,28,33,37,42,45,21,25,51,36,32,27,55,122,100,76,31,61,23,67,49,50,41,25,102,33,34,89,42,78,36,48,254,52,52,39,32,100,41,37,38,39,43,35,85,52,70,135,26,61,30,75,45,42,52,68,34,27,24,28,63
2054,6,33,24,24,28,38,40,33,72,37,26,25,29,32,31,25,22,30,40,29,29,29,30,32,37,27,45,25,28,24,38,24,44,27,36,30,45,36,25,26,34,25,36,93,30,48,35,25,35,43,46,34,23,25,25,23,30,29,21,63,26,27,25,23,34,46,50,42,26,39,31,42,27,33,29,24,39,27,27,54,56,33,29,34,78,33,34,27,25,34,31,34,38,26,29,25,31,59,40,43,25,41,29,29,29,32,26,40,42,24,23,25,36
2054,7,44,30,35,33,40,44,44,78,68,50,27,88,38,72,39,23,60,58,63,47,33,32,78,156,33,77,46,57,33,41,39,73,33,52,63,63,44,30,56,36,60,37,39,38,33,68,56,77,55,38,41,29,44,39,40,44,54,30,110,35,28,50,49,44,43,48,58,48,83,56,54,36,42,38,69,70,35,55,58,47,44,57,55,171,36,34,32,32,36,46,51,54,30,43,25,28,41,41,47,68,57,32,36,95,29,45,56,118,29,36,40,50
2054,8,79,56,41,87,40,93,72,76,34,108,48,70,53,122,43,55,170,99,232,186,89,39,65,282,105,112,36,188,132,69,43,116,106,83,62,143,28,26,63,986,38,70,35,30,29,67,116,516,47,88,120,48,58,35,39,77,81,67,46,35,41,52,69,37,44,63,247,101,112,100,85,61,42,36,70,195,107,50,37,60,74,99,63,98,31,70,29,62,60,65,90,913,44,85,97,43,76,35,42,62,79,39,47,105,56,121,83,178,134,31,99,133
2054,9,79,46,152,95,31,61,54,71,33,54,92,41,66,24,39,31,64,41,77,83,64,68,141,71,41,59,26,36,52,133,35,106,84,889,75,45,45,45,64,102,113,69,37,260,44,70,132,82,88,29,152,48,33,41,25,397,31,28,58,24,45,42,81,37,25,24,30,68,30,105,39,59,24,44,32,52,349,44,24,143,57,47,76,47,27,30,29,44,96,42,41,157,42,25,70,31,131,23,46,30,120,523,94,26,102,93,57,217,76,24,31,107
2054,10,36,45,63,144,39,73,49,122,45,340,108,28,67,23,1256,59,63,134,59,145,55,29,123,181,23,24,44,36,23,47,37,29,132,46,79,30,27,42,131,34,46,35,23,201,55,43,30,26,70,46,40,24,35,38,28,63,26,41,272,149,183,25,26,23,33,25,24,31,40,32,1392,494,36,150,79,140,57,65,50,39,113,62,127,140,24,91,23,100,82,200,123,269,30,26,27,23,30,75,25,38,152,94,26,42,35,32,65,29,42,28,34,46
2054,11,84,319,176,71,239,24,23,97,82,58,52,58,50,24,89,176,171,419,96,80,32,1344,34,232,51,46,26,67,24,41,109,39,32,94,60,29,22,416,118,37,70,27,30,215,337,34,54,39,61,29,48,61,34,52,39,44,30,64,41,28,56,33,44,46,23,24,30,35,33,45,64,1332,40,43,105,38,48,58,43,60,57,71,52,61,35,134,57,65,46,33,68,163,44,35,23,32,64,58,58,39,31,177,39,155,110,39,24,25,32,30,129,80
2054,12,35,116,74,112,76,37,59,56,37,159,225,47,40,28,260,57,48,376,55,39,920,204,35,73,64,33,61,57,36,25,32,734,49,78,60,85,1419,293,37,335,55,23,167,47,44,47,44,49,128,450,66,1424,26,26,25,152,31,298,71,58,39,43,45,201,53,27,81,103,346,71,109,822,84,153,113,169,49,27,28,30,45,238,31,30,140,35,758,54,67,37,65,142,265,41,186,24,54,153,498,193,40,55,122,43,1620,32,27,35,1130,128,100,81
2055,1,32,156,182,40,838,68,93,38,135,73,404,38,70,22,168,44,43,1245,34,62,1364,102,38,296,235,111,299,32,86,28,252,1359,68,284,32,127,1674,290,31,128,58,49,66,53,66,363,247,739,69,367,31,62,34,23,30,121,80,135,108,46,43,85,34,273,153,55,571,275,262,115,782,697,174,52,547,903,63,136,290,108,51,262,47,102,49,49,80,87,93,758,85,166,970,103,53,33,111,50,127,197,90,187,1494,43,171,198,31,38,167,262,72,90
2055,2,263,141,184,70,2341,50,40,70,666,84,1807,64,230,48,229,111,103,1536,30,659,429,83,50,345,61,78,78,152,95,28,81,1645,54,148,83,60,766,180,37,109,29,61,72,107,412,315,1119,747,70,108,243,170,43,114,120,93,232,211,240,164,366,36,25,191,121,130,364,381,144,46,1334,306,73,204,266,266,71,137,537,332,76,168,95,329,31,89,1263,36,95,265,269,87,284,207,70,24,162,109,61,202,182,135,216,68,192,205,1093,141,101,91,55,91
2055,3,320,173,335,63,2125,60,109,111,397,247,1987,26,145,141,880,53,106,1192,134,875,195,59,53,191,47,168,45,414,891,221,297,311,37,130,97,337,525,262,29,114,252,173,38,48,98,115,1033,679,36,81,241,144,58,51,90,70,43,85,356,197,130,84,89,157,153,122,155,248,86,130,1440,523,408,424,122,593,283,643,926,53,32,219,236,101,31,76,563,60,205,348,64,62,143,272,98,28,157,169,168,340,147,218,257,66,887,65,378,72,186,101,153,74
2055,4,75,112,316,46,312,37,30,38,102,65,317,25,158,37,167,32,51,148,37,439,91,46,26,69,47,54,53,214,152,63,78,89,25,53,32,308,238,134,33,48,41,70,36,34,75,62,906,571,30,77,91,52,44,26,34,92,34,47,302,64,44,50,44,129,70,250,61,156,53,111,210,510,103,158,61,416,52,193,195,45,31,83,47,49,26,32,232,43,65,138,43,64,81,67,37,39,51,90,289,203,118,104,201,36,410,47,283,54,205,66,52,58
2055,5,42,41,70,31,78,35,27,27,49,37,68,24,53,27,54,35,33,79,26,60,54,35,24,53,44,35,33,68,66,28,60,52,24,44,31,66,124,68,25,32,29,30,29,32,39,35,93,76,26,42,39,80,23,24,25,67,27,37,49,42,30,88,29,68,33,57,41,56,34,79,73,75,50,51,43,87,32,70,76,34,25,46,36,36,24,31,66,26,38,50,30,35,83,37,33,25,34,36,235,52,39,54,57,28,59,37,62,28,99,46,37,34
2055,6,31,32,40,75,41,27,27,25,36,27,40,24,40,23,35,24,25,40,24,39,50,28,23,33,25,28,25,36,35,24,32,33,23,27,27,37,64,41,23,25,30,27,24,30,29,28,49,44,25,29,31,42,25,23,23,29,24,28,64,26,25,24,32,33,25,30,28,34,27,62,41,47,32,35,42,45,47,36,37,27,26,31,30,27,24,24,36,25,27,33,25,27,34,27,26,21,28,27,45,36,28,32,40,28,37,27,38,26,39,29,29,25
2055,7,47,34,34,42,51,45,33,28,89,38,32,43,51,94,31,82,27,42,41,47,33,26,24,83,29,48,53,39,41,30,59,31,37,46,39,54,69,46,35,47,44,46,32,47,40,33,61,48,42,66,49,66,26,37,40,40,50,61,62,27,24,37,49,32,36,60,67,93,71,52,41,45,39,30,105,40,56,42,61,41,34,43,83,34,46,29,48,54,28,47,33,38,49,59,44,57,38,47,57,53,30,34,45,47,394,36,44,54,47,35,39,41
2055,8,69,52,31,120,38,40,104,30,55,52,49,60,98,81,43,77,37,66,56,55,43,55,37,94,97,116,106,62,121,62,225,121,51,193,34,67,57,31,73,64,46,35,61,208,37,71,103,80,91,155,124,152,34,82,41,44,53,51,104,75,73,50,175,75,48,65,138,49,341,68,59,162,76,46,573,35,200,47,34,47,54,68,100,67,64,58,110,123,68,41,99,107,43,51,36,40,41,30,42,55,32,28,36,85,266,72,74,273,85,88,84,48
2055,9,44,54,28,70,33,279,70,82,239,39,277,270,76,44,55,24,29,51,64,61,25,54,24,101,38,186,50,35,83,33,78,89,31,74,35,124,38,27,96,115,52,26,28,261,25,80,43,29,32,34,122,80,34,72,57,41,128,27,107,63,32,34,98,24,36,45,92,83,107,149,143,90,134,37,110,23,115,41,30,31,41,62,96,37,49,193,193,53,37,51,94,62,41,37,35,109,23,23,74,38,23,24,32,104,43,28,102,41,91,30,31,31
2055,10,25,36,24,155,34,66,59,92,38,67,331,29,44,25,56,27,66,29,127,32,23,71,24,79,23,43,36,23,39,51,37,84,25,32,32,35,41,23,26,46,44,32,42,56,25,39,81,32,23,44,29,24,39,56,35,37,37,189,55,142,169,186,29,30,32,23,72,195,29,43,40,25,29,23,74,56,62,74,37,39,34,164,48,89,23,40,103,129,210,33,46,43,32,65,47,38,29,22,43,119,59,24,44,35,105,28,103,28,58,23,123,22
2055,11,68,23,28,59,29,63,55,55,79,56,67,45,58,149,40,25,96,39,989,42,47,80,22,133,29,33,74,281,81,74,52,25,29,49,22,24,79,100,26,55,57,74,32,53,26,33,35,23,43,45,49,23,67,27,70,116,47,55,41,29,221,85,32,205,26,29,53,52,70,106,80,42,38,71,205,24,406,26,40,28,83,66,62,221,74,30,128,41,89,24,27,33,67,302,22,56,46,108,107,609,59,60,43,55,168,26,249,25,206,37,57,23
2055,12,23,227,22,43,24,137,38,250,35,94,204,208,28,144,38,23,31,189,113,61,421,172,36,79,366,25,38,56,599,406,262,28,46,633,52,23,38,34,41,73,43,52,179,75,23,54,217,24,22,27,51,23,22,257,900,129,55,27,274,93,60,116,36,244,42,26,37,48,32,46,92,30,135,185,45,178,1882,43,34,33,66,69,39,37,79,36,635,105,48,68,25,133,142,144,49,44,34,304,35,60,576,28,24,33,353,228,75,45,69,28,28,29
2056,1,145,55,158,39,62,284,72,238,30,102,75,318,66,51,118,124,84,40,211,53,126,219,41,115,96,204,35,61,249,163,139,30,24,452,25,122,55,41,43,203,71,133,183,140,23,1017,89,143,44,782,41,114,23,134,118,184,50,52,589,40,67,347,51,502,60,29,80,36,182,328,32,36,42,265,43,570,1540,286,188,56,119,61,51,69,28,34,416,54,37,27,30,52,230,339,261,42,147,60,1206,115,241,85,414,26,273,549,57,52,1376,218,64,24
2056,2,227,68,51,73,204,1304,60,95,29,44,67,366,79,66,94,118,78,156,1017,132,389,170,23,274,132,79,116,143,306,154,71,60,71,271,274,37,66,141,25,241,30,491,136,57,87,189,293,93,62,617,62,249,27,69,81,92,52,154,1147,30,130,943,293,1023,161,23,55,48,119,192,32,212,264,183,77,282,646,132,70,136,185,113,29,47,69,55,470,52,63,46,48,134,131,792,315,26,185,49,568,185,501,46,203,28,175,107,58,137,716,161,105,32
2056,3,150,35,59,194,220,509,47,69,27,93,44,455,295,158,74,35,41,52,729,699,496,105,22,410,281,41,118,47,171,96,99,45,259,100,267,156,307,382,45,99,239,1148,101,376,23,103,129,301,80,586,180,62,32,69,271,57,419,60,672,28,305,1343,95,499,33,35,46,28,47,190,29,54,130,141,204,475,694,50,33,85,92,75,38,342,45,55,155,31,303,26,77,304,188,580,76,75,391,127,685,81,480,130,250,269,345,99,46,140,151,92,306,21
2056,4,43,33,28,41,51,102,28,51,23,37,37,113,64,41,33,30,29,32,159,143,602,55,30,254,77,37,40,88,66,79,43,24,61,76,89,42,50,281,26,81,62,344,47,69,23,49,61,142,29,461,40,51,24,42,84,39,42,32,625,31,79,477,36,191,28,22,28,29,35,86,27,35,213,109,50,203,509,44,29,65,53,32,29,82,31,37,61,27,168,23,47,473,64,114,46,37,113,55,176,75,153,60,108,87,483,63,69,47,63,41,77,21
2056,5,36,33,32,28,36,55,25,38,23,28,28,52,48,32,27,29,24,29,61,56,84,50,22,51,43,25,28,36,43,50,35,24,52,43,65,33,35,63,24,46,31,68,32,35,28,35,36,44,23,86,30,29,22,29,49,31,31,32,95,38,49,69,36,54,25,22,24,26,33,45,25,37,53,42,31,57,85,31,30,27,42,27,24,35,38,29,44,25,82,23,25,80,45,64,35,24,40,34,59,41,57,42,44,45,67,38,31,29,49,31,50,22
2056,6,26,31,23,25,27,42,26,29,23,24,24,34,29,25,37,23,23,24,38,33,43,31,21,35,31,28,25,25,31,28,35,23,29,33,33,24,26,37,23,29,25,42,28,27,22,27,30,29,24,40,28,24,23,26,34,37,28,24,77,30,35,45,25,39,29,22,23,25,24,60,26,26,31,34,29,37,46,28,29,35,27,26,26,27,23,23,50,23,34,23,23,38,29,40,31,23,29,27,36,29,40,27,32,26,40,27,30,27,34,26,54,22
2056,7,67,59,27,32,40,63,37,39,43,39,29,55,95,44,48,127,27,74,42,48,39,27,37,88,31,51,40,42,77,57,45,32,45,29,51,32,51,83,42,48,66,44,32,34,25,44,30,46,35,51,44,38,31,36,79,61,38,44,67,64,44,45,51,55,29,56,44,154,44,63,51,29,37,135,116,76,45,32,37,77,51,52,44,41,33,34,52,48,46,42,66,38,68,44,29,40,33,51,34,53,46,33,45,45,45,46,36,25,37,38,36,37
2056,8,242,54,41,154,63,59,73,60,83,47,57,156,75,111,112,97,36,99,116,107,31,44,51,88,39,111,97,87,129,75,71,71,85,87,41,32,76,91,126,60,168,63,52,34,55,56,69,42,44,96,83,78,49,56,47,51,136,45,51,108,85,135,39,43,64,66,72,81,64,94,53,32,50,92,81,90,41,36,115,55,65,52,38,73,37,31,89,85,64,80,65,123,48,68,65,57,90,98,75,194,56,156,81,59,170,50,50,50,385,72,69,36
2056,9,38,63,22,222,24,157,50,208,50,36,73,29,49,56,29,294,29,1022,24,52,25,30,76,47,36,92,39,58,26,59,53,107,73,96,25,43,65,32,81,25,87,49,37,45,76,25,91,53,62,26,43,61,43,58,25,29,67,23,44,49,44,107,30,28,115,61,23,33,39,301,27,87,23,68,250,72,36,34,43,28,39,34,83,50,27,47,46,24,97,54,43,89,30,81,28,108,92,34,101,72,27,50,55,28,67,279,44,86,219,67,24,49
2056,10,236,42,29,33,27,104,196,52,30,134,30,46,43,67,27,82,30,58,27,27,91,33,64,173,23,123,240,49,23,47,92,54,48,74,23,38,24,46,75,60,32,33,22,28,27,23,58,26,95,28,23,58,175,50,36,66,27,97,55,55,137,67,49,68,71,122,22,48,112,138,39,1585,23,24,69,162,48,31,59,48,27,65,37,31,31,40,34,25,39,50,37,162,26,24,51,91,170,74,27,44,48,24,24,93,25,67,27,38,32,29,95,122
2056,11,86,90,22,56,36,75,36,129,72,50,88,55,38,24,32,38,36,56,36,51,83,53,47,88,63,38,52,34,50,47,86,68,54,46,57,42,97,90,26,89,63,23,65,33,59,29,25,24,63,51,79,23,56,130,40,133,216,76,64,47,171,32,30,83,704,30,48,40,159,59,80,136,26,24,87,175,23,55,59,23,93,54,36,31,36,30,89,41,64,78,39,175,54,23,50,100,231,86,26,115,179,58,38,59,50,83,22,30,29,579,102,58
2056,12,91,86,24,27,26,33,320,289,25,28,29,254,214,143,61,32,57,539,41,206,298,106,59,86,800,91,176,217,49,46,66,49,51,158,44,30,215,1015,52,78,27,122,177,34,40,27,31,26,63,127,70,150,31,37,677,80,34,30,59,196,42,67,28,43,194,52,36,38,59,42,48,49,26,313,66,87,23,23,26,22,32,329,49,41,192,333,211,34,35,50,154,1307,61,108,198,36,40,44,24,550,35,101,84,45,290,58,23,40,35,45,121,28
2057,1,1136,57,40,67,105,40,785,2245,124,45,33,200,197,51,29,29,36,248,26,235,257,171,36,114,719,49,94,185,110,48,77,73,31,277,51,564,1426,704,30,1762,25,111,61,3344,33,96,148,25,206,154,371,146,43,30,198,83,42,111,128,73,133,195,201,104,566,216,32,95,59,98,111,46,99,338,71,57,28,97,27,78,145,105,131,91,37,70,247,31,55,30,183,1283,24,129,271,58,42,37,189,2158,38,49,37,36,121,44,29,46,224,86,638,35
2057,2,292,156,77,30,180,52,321,1696,204,82,162,547,135,34,37,27,53,225,93,170,773,186,146,85,1328,93,155,141,62,270,60,40,26,194,214,44,759,398,145,939,49,161,144,2330,96,32,96,22,84,54,293,57,36,41,149,285,33,51,56,58,48,300,113,39,480,265,48,184,38,150,50,136,80,579,342,68,40,83,53,36,115,300,34,134,302,81,334,355,27,66,94,1009,24,35,1014,256,112,118,75,1347,167,132,28,105,171,33,66,45,61,156,397,170
2057,3,277,599,62,27,143,125,223,1105,307,40,143,422,229,222,297,162,47,118,49,173,212,84,67,461,369,88,177,425,51,115,73,155,36,216,223,54,894,378,68,340,63,214,92,646,62,89,157,21,53,319,172,57,26,41,70,243,66,136,42,62,204,751,167,132,731,256,41,47,32,84,214,57,29,685,347,41,205,76,191,164,95,696,50,37,309,50,221,55,180,84,386,239,30,253,486,2354,44,112,54,326,47,151,153,73,205,31,42,70,75,231,333,31
2057,4,75,129,35,25,64,45,64,222,59,26,45,101,72,165,69,43,24,54,31,60,96,98,42,174,99,34,50,138,70,51,50,61,27,64,65,39,510,85,33,107,28,59,60,189,54,27,103,23,36,130,101,31,24,25,49,210,66,31,28,37,218,458,60,38,449,82,40,79,41,69,163,40,136,129,372,33,76,34,34,34,119,470,40,30,208,33,155,37,43,36,105,281,23,48,241,642,40,80,35,92,40,60,95,48,138,26,89,63,41,66,131,52
2057,5,47,62,24,23,34,32,94,65,37,24,27,50,41,171,32,26,33,40,25,41,52,34,29,81,49,26,34,52,66,46,32,41,23,43,40,30,87,96,30,53,23,38,49,63,25,27,54,22,41,45,47,27,25,23,37,96,25,27,25,29,239,131,34,29,76,44,25,27,25,34,44,49,99,66,73,26,34,25,27,30,37,71,28,25,97,28,51,28,33,25,46,68,24,49,59,84,28,93,30,57,45,34,33,32,55,24,46,27,36,47,58,39
2057,6,32,72,24,23,28,25,39,39,27,25,26,33,36,44,28,24,32,28,23,28,35,29,35,35,33,25,26,37,25,28,24,37,24,33,30,25,46,38,25,35,23,28,26,39,23,24,37,26,25,30,31,25,33,23,28,36,25,24,29,27,39,53,26,25,43,30,23,24,24,28,30,25,30,41,40,25,44,29,33,25,27,40,29,26,57,25,35,26,24,23,31,40,23,26,37,52,25,45,27,35,25,25,27,24,41,26,27,31,29,33,35,25
2057,7,50,80,24,51,48,58,43,56,32,43,34,32,46,36,41,28,77,33,50,32,31,29,98,44,50,32,47,45,57,28,117,45,29,34,71,40,41,37,44,158,43,52,38,33,36,41,60,37,32,72,57,33,40,49,67,45,39,44,36,42,51,162,36,36,49,48,30,37,37,55,30,37,33,31,44,43,27,27,50,29,40,55,43,41,39,35,82,26,38,46,26,43,52,44,77,33,27,57,43,45,31,32,41,79,59,55,44,114,90,68,228,54
2057,8,51,156,55,147,137,40,96,157,85,126,53,51,52,59,86,35,45,65,64,50,154,37,51,54,44,83,129,54,109,41,166,52,139,100,44,91,38,78,64,346,63,39,53,50,56,96,101,41,40,88,309,119,67,64,123,93,41,44,96,39,52,444,42,51,30,49,75,63,224,80,34,51,90,31,73,90,66,80,63,36,44,76,69,60,47,42,74,45,46,37,39,59,159,55,85,33,30,191,91,124,71,48,166,80,43,68,133,127,116,86,163,85
2057,9,42,108,39,46,29,57,76,48,166,70,35,54,26,25,157,39,36,50,91,24,113,28,49,59,41,50,68,68,54,79,192,27,367,81,31,60,84,208,85,57,25,26,45,51,30,24,26,88,29,26,75,30,42,40,72,110,28,24,56,26,39,131,23,25,36,31,102,38,63,117,24,27,230,41,30,35,36,67,63,34,38,86,32,138,54,56,85,29,24,29,52,250,41,53,24,38,42,28,111,117,53,28,59,34,38,122,117,58,171,66,50,57
2057,10,24,52,542,26,50,266,27,39,65,132,24,101,23,32,43,166,85,37,45,24,144,23,238,27,23,24,39,113,56,48,46,24,56,24,38,28,136,40,42,182,35,31,47,30,50,23,23,129,188,33,34,74,23,225,37,24,25,22,42,25,41,40,24,22,24,23,46,68,28,31,83,22,45,40,59,36,99,24,33,48,27,43,23,80,71,25,195,32,34,31,112,90,39,26,92,66,116,28,124,174,34,23,25,25,54,88,60,34,33,32,28,89
2057,11,38,27,93,71,45,182,30,26,56,109,72,89,59,28,52,179,49,41,64,37,57,23,77,23,82,64,48,231,38,51,47,28,47,114,30,38,113,191,76,626,23,46,26,68,180,108,29,39,39,27,96,458,41,158,45,44,52,117,38,34,120,58,40,25,34,56,27,41,23,58,102,22,25,27,61,52,33,23,25,57,63,57,32,51,106,34,99,39,23,40,99,44,182,24,1265,66,114,118,227,92,52,23,28,173,29,75,83,33,30,41,49,54
2057,12,176,95,80,102,304,84,82,24,124,197,603,37,171,25,32,41,113,377,59,58,90,103,52,28,68,99,24,45,30,56,39,27,44,34,60,38,35,117,28,128,28,41,75,355,43,378,23,36,47,48,97,714,32,70,46,97,99,32,33,236,67,150,81,34,27,111,23,68,26,30,46,463,24,27,29,699,34,37,28,147,39,100,27,43,223,68,106,32,23,165,281,28,989,228,104,83,38,104,238,236,26,42,39,697,23,478,46,41,31,59,25,62
2058,1,120,89,56,196,2045,218,1667,1678,119,64,911,144,399,32,40,662,41,83,104,75,147,142,125,28,579,1204,35,41,52,31,38,34,123,33,159,30,438,1090,88,100,273,109,433,158,71,69,47,144,158,258,52,1124,39,157,135,117,100,35,55,82,140,182,34,40,112,189,43,36,35,38,139,65,27,124,28,162,27,63,152,48,64,116,30,197,71,32,64,47,46,200,147,165,1855,54,79,78,247,88,91,81,67,204,36,2979,27,650,114,100,39,27,55,96
2058,2,80,88,82,80,1462,178,237,2070,146,105,3626,39,600,70,104,1729,61,203,91,592,44,140,129,42,132,597,29,170,26,273,62,103,75,59,34,260,351,526,204,209,81,110,133,231,48,54,39,112,90,123,103,1578,135,101,121,46,32,26,56,139,127,164,28,58,68,218,81,246,22,32,89,58,38,174,32,232,191,37,176,58,103,163,22,355,142,26,57,107,22,60,90,771,1877,147,62,126,139,57,221,94,29,35,30,2514,114,730,52,117,55,26,135,140
2058,3,43,62,62,88,1386,263,102,1693,120,2199,811,117,1807,139,83,208,86,130,44,960,238,452,53,266,62,2945,93,121,27,41,34,74,43,71,121,166,296,672,529,137,169,31,119,396,60,48,30,45,113,156,333,2685,298,223,42,85,29,36,80,1317,64,110,71,141,84,117,128,46,22,46,69,269,245,50,24,98,123,37,38,32,208,181,31,169,112,152,88,85,22,77,107,1039,2035,72,209,104,279,69,78,582,83,65,95,377,85,1786,460,41,41,33,189,559
2058,4,34,31,51,46,153,81,64,218,52,676,132,137,421,45,42,66,31,98,34,220,57,673,40,32,49,847,54,230,26,55,35,78,35,28,68,48,164,236,258,54,60,27,78,149,28,35,25,34,41,298,237,527,61,126,77,43,26,38,30,295,36,52,27,47,48,59,36,87,23,42,106,74,46,33,23,46,72,24,40,28,76,47,55,142,48,53,76,29,21,31,70,683,842,51,69,34,88,91,47,155,35,72,27,114,37,448,704,39,33,39,172,168
2058,5,27,26,33,32,61,57,44,69,35,68,55,37,74,25,29,50,29,42,25,67,34,74,29,27,37,346,37,73,82,30,27,47,25,26,29,33,53,65,71,37,33,33,38,56,27,27,25,27,30,65,53,69,36,40,41,26,24,25,32,95,34,34,24,25,35,36,36,30,22,24,36,44,29,30,24,35,47,25,68,30,33,34,38,55,31,27,33,29,23,27,56,90,81,33,38,28,65,48,38,99,24,27,27,55,29,80,100,32,29,43,56,61
2058,6,26,24,31,25,40,35,33,40,33,40,35,30,84,23,24,33,23,32,23,38,26,50,25,29,26,56,29,32,30,25,23,28,32,23,25,25,34,47,37,29,27,27,30,35,30,24,28,24,24,33,34,42,28,28,24,32,23,27,23,48,24,34,23,25,38,27,26,24,22,23,26,28,28,30,24,28,29,60,32,24,26,26,27,39,25,25,25,23,23,24,31,45,46,26,31,24,32,25,27,38,29,26,23,35,23,48,46,46,32,24,31,37
2058,7,38,43,82,32,72,35,54,38,38,47,51,62,45,44,28,30,38,37,37,41,32,63,40,53,33,90,45,44,41,39,71,59,43,151,28,53,33,38,66,167,25,39,36,95,338,51,46,67,55,36,43,39,67,48,42,35,39,46,39,57,41,43,31,52,77,28,46,137,288,34,83,40,42,28,46,145,72,31,42,55,40,56,34,31,46,62,43,57,27,45,38,47,53,63,43,39,38,65,133,61,57,75,35,44,51,96,70,43,47,96,38,47
2058,8,315,103,54,64,62,44,96,83,63,109,89,48,51,35,42,179,129,68,196,51,73,57,99,37,115,89,46,68,59,217,163,68,208,281,62,76,30,48,95,114,34,43,32,186,235,76,72,65,107,56,129,80,173,97,75,62,34,51,31,84,52,44,41,67,131,36,144,90,90,48,110,45,33,56,44,281,47,58,88,45,143,72,100,33,50,66,52,95,26,85,58,56,97,89,106,40,122,92,66,50,62,42,72,96,79,108,133,62,58,239,33,101
2058,9,148,122,31,37,32,44,58,177,23,91,118,32,58,37,61,37,69,36,85,913,24,27,33,25,357,43,31,24,55,104,139,56,33,144,43,37,38,36,141,50,40,29,24,46,35,34,28,27,49,58,54,34,55,65,49,142,58,35,27,115,42,34,67,25,600,25,141,34,31,27,61,40,23,34,29,30,47,203,106,175,105,103,24,23,45,27,41,75,56,132,56,84,36,44,42,60,37,84,91,36,27,77,194,102,25,66,41,38,77,159,23,115
2058,10,31,47,34,36,25,93,62,245,23,40,149,430,86,35,35,49,24,177,35,272,23,28,28,22,120,28,31,24,77,37,27,53,34,50,50,35,35,23,60,25,45,22,23,41,25,77,22,25,26,1529,26,46,54,48,28,25,69,39,22,87,65,29,22,23,117,28,44,45,38,414,38,446,31,43,24,44,132,25,36,65,42,27,44,26,24,99,31,141,28,187,23,48,35,55,69,23,66,135,76,48,42,57,33,38,25,77,43,23,48,73,35,68
2058,11,57,24,54,26,135,39,88,51,48,74,58,152,158,39,25,73,57,232,57,150,42,50,25,39,33,35,66,23,99,43,54,40,51,79,114,47,72,152,117,41,72,36,75,27,30,43,23,26,47,85,102,52,49,53,27,202,64,153,24,162,25,30,59,29,113,54,27,58,24,74,52,198,195,28,34,30,322,70,24,43,39,56,80,59,61,91,75,28,54,257,34,50,37,39,34,22,75,101,45,108,67,92,195,25,51,94,152,36,185,236,44,75
2058,12,138,78,24,34,161,353,30,264,36,64,155,58,168,92,529,114,106,57,368,52,59,123,23,36,161,24,55,26,86,24,99,43,68,27,248,356,46,1346,158,29,41,22,124,32,49,62,27,27,23,53,52,63,138,27,23,73,52,29,24,34,37,47,28,32,115,43,31,281,35,92,88,271,69,28,34,39,63,208,44,72,59,208,91,31,68,53,47,30,80,67,78,25,329,36,41,22,90,304,35,517,44,28,134,92,87,40,63,69,66,464,665,146
2059,1,86,34,23,66,71,59,49,665,27,116,85,92,1315,36,248,135,30,122,87,915,283,35,26,70,68,47,50,25,95,23,58,183,754,30,79,677,52,223,62,24,209,54,809,141,301,33,60,69,278,69,1097,45,96,40,27,288,175,169,21,64,23,236,35,29,839,26,62,69,176,38,159,917,165,217,181,61,137,187,24,98,30,185,312,49,47,158,44,86,228,216,60,28,262,241,55,102,210,374,72,159,99,35,331,41,285,151,122,24,143,586,51,159
2059,2,85,72,225,95,101,46,134,315,67,103,64,119,1235,202,120,139,77,142,55,346,182,100,29,38,77,29,41,43,191,30,87,136,323,34,55,200,243,827,82,73,131,23,757,403,1089,47,80,251,233,69,1537,141,53,98,33,157,53,205,34,144,28,142,134,28,1379,102,49,110,132,54,223,1458,239,407,612,176,182,84,48,119,52,113,886,53,111,190,94,59,64,177,162,216,493,45,50,57,326,252,28,566,88,36,392,83,267,111,71,26,589,682,47,174
2059,3,416,128,106,37,50,94,42,204,53,79,84,364,1195,84,97,90,46,97,98,2411,369,100,86,30,463,88,106,32,152,23,75,160,504,45,632,316,272,1418,118,57,50,167,201,547,1451,35,37,125,154,253,1770,200,52,34,23,219,105,351,25,412,22,208,53,85,1332,98,31,70,38,33,270,753,550,94,71,212,517,66,45,64,31,219,2089,47,121,764,70,857,40,135,173,693,364,61,42,114,126,702,27,1125,63,27,179,43,431,117,45,57,262,190,193,154
2059,4,157,104,71,47,33,46,29,100,24,41,39,218,130,43,72,42,40,61,73,442,92,39,33,31,175,27,40,22,107,23,39,65,145,159,106,175,225,386,55,26,37,48,129,228,263,27,25,41,69,193,401,55,40,30,22,126,67,184,38,82,22,124,34,26,267,131,26,36,32,27,135,474,390,75,47,50,134,60,38,34,43,80,564,28,55,848,35,94,84,81,44,92,430,32,29,43,57,302,32,284,42,63,91,38,113,50,30,32,106,81,91,139
2059,5,43,37,70,37,27,28,25,53,26,32,33,52,55,29,38,29,27,38,37,64,45,26,23,24,54,26,25,21,52,39,33,61,97,28,53,56,95,83,39,25,30,30,60,52,62,24,23,29,39,60,136,44,35,24,22,44,29,54,32,43,22,43,26,23,73,34,115,33,31,25,45,74,75,50,35,32,52,33,24,29,27,44,92,25,38,111,27,42,32,40,30,237,98,32,39,33,38,58,26,67,29,29,63,25,47,36,27,24,98,50,69,45
2059,6,32,25,25,54,24,25,29,39,24,28,25,35,35,27,28,25,23,29,26,39,33,25,32,23,35,24,25,21,32,24,24,28,41,25,31,36,37,47,31,24,26,26,39,33,50,26,22,31,27,33,57,34,25,27,21,29,26,32,21,29,23,32,25,22,46,29,27,34,24,25,32,46,41,31,27,32,38,32,23,24,24,32,56,25,27,50,27,58,31,30,25,45,84,25,59,25,27,49,23,41,26,24,50,23,32,26,24,24,47,35,32,30
2059,7,71,36,42,53,41,44,49,71,70,44,57,45,71,31,42,46,53,38,38,43,39,25,44,47,51,50,27,32,119,53,33,28,49,43,46,43,50,84,47,70,69,48,54,34,34,51,42,164,42,65,58,47,50,48,32,42,80,42,35,40,113,57,38,58,50,43,43,115,53,42,39,45,39,43,44,74,53,52,29,44,37,34,56,32,35,37,62,33,41,38,50,38,53,41,28,44,32,60,35,32,61,45,71,206,64,68,46,78,63,36,53,41
2059,8,91,77,55,43,43,63,86,53,212,28,55,51,78,54,39,54,36,73,69,62,44,71,35,58,41,30,59,54,79,180,65,39,59,30,104,53,54,80,66,108,147,35,46,97,31,109,52,64,85,98,156,96,68,109,72,148,143,40,31,45,90,53,30,112,72,385,292,280,90,120,36,139,77,54,256,78,49,44,40,76,41,129,43,166,44,55,211,80,60,77,57,63,76,49,41,80,34,45,93,62,37,77,323,94,248,229,100,497,75,50,58,58
2059,9,56,173,74,46,61,25,50,73,478,46,25,67,84,62,48,66,65,34,25,80,24,162,39,369,33,34,74,29,26,56,27,81,39,25,151,196,52,91,105,26,74,25,28,285,42,41,22,53,47,29,58,126,63,99,42,118,114,30,48,39,83,34,26,75,24,107,162,135,54,215,235,150,121,75,73,64,55,43,24,40,33,29,46,46,58,30,28,47,73,45,49,88,176,27,110,30,55,39,125,66,30,26,53,28,290,147,69,49,43,332,24,75
2059,10,48,206,46,32,37,34,70,27,65,96,34,30,38,63,32,419,29,267,31,165,37,50,23,48,23,50,49,27,25,36,28,26,23,22,47,1648,157,138,205,26,38,74,64,242,42,69,21,24,66,39,52,26,27,43,27,81,85,98,20,33,104,30,35,25,23,28,473,52,29,148,125,77,66,51,98,40,38,28,144,58,121,51,52,27,182,49,34,47,85,57,80,34,70,36,32,63,46,184,33,136,426,69,26,26,65,44,78,38,29,58,31,28
2059,11,71,67,99,25,94,64,84,57,70,57,64,57,101,33,37,120,80,485,34,1286,28,116,23,159,22,23,155,66,64,36,45,23,28,70,46,80,204,53,130,52,46,59,61,78,23,24,26,30,226,57,29,155,35,34,23,63,114,361,26,23,101,79,61,44,106,39,103,80,25,443,131,152,85,227,318,57,151,45,25,41,140,133,36,435,106,46,23,57,41,41,81,78,1137,59,36,28,79,133,647,28,93,30,26,34,99,51,261,81,84,85,37,31
2059,12,27,92,270,340,67,33,240,538,36,66,45,31,56,348,27,183,186,1365,33,975,78,111,28,104,62,35,62,120,60,98,48,34,27,67,164,426,43,58,76,28,34,51,36,384,31,31,27,27,464,241,44,65,27,26,20,69,380,64,165,25,79,51,87,25,97,58,51,127,100,675,287,229,29,57,71,100,184,164,25,91,116,55,35,120,35,149,25,33,318,229,31,155,237,55,34,96,176,43,356,26,192,32,84,23,109,63,81,38,56,103,476,52
2060,1,77,435,70,137,95,530,119,117,310,72,59,66,160,96,23,96,43,1422,111,759,406,42,31,118,102,28,35,48,29,35,38,30,30,64,52,162,49,62,193,161,86,42,48,2380,27,33,23,457,423,173,146,121,33,189,22,30,218,97,77,53,323,146,61,29,47,28,59,219,41,899,130,307,29,119,139,58,120,258,206,42,66,54,35,199,284,338,55,60,126,280,76,164,219,132,176,411,162,207,214,60,112,33,155,25,61,271,542,33,28,365,252,37
2060,2,244,154,142,161,137,297,145,201,94,33,38,457,50,55,23,83,91,1652,79,421,594,104,37,119,223,38,61,109,32,66,57,109,185,129,174,822,59,110,132,88,343,256,27,3969,23,47,64,514,384,195,140,44,23,143,59,92,170,79,41,169,218,305,146,54,115,126,160,521,146,554,79,596,29,185,167,71,573,836,65,61,103,107,194,149,172,429,34,185,131,131,37,51,344,170,217,422,206,104,235,28,444,197,50,23,467,84,331,74,47,140,199,48
2060,3,119,194,177,934,37,223,254,102,108,146,26,749,299,41,179,50,85,832,92,1549,281,81,28,91,186,164,81,44,26,330,29,97,434,117,94,510,60,191,68,64,160,80,25,1254,398,26,186,842,886,272,315,434,40,131,41,148,234,88,39,119,169,75,206,53,40,102,147,545,89,614,355,369,95,278,1130,32,802,128,188,132,283,39,53,87,94,1266,58,50,73,65,39,65,163,100,305,960,110,94,778,147,276,143,292,105,280,71,529,268,27,117,513,114
2060,4,47,82,61,572,41,73,67,47,59,31,28,195,101,31,29,39,33,2011,31,195,139,34,35,46,109,33,76,33,99,47,24,42,171,85,44,89,60,73,41,33,52,52,24,220,39,32,43,184,678,89,76,83,36,48,24,59,115,50,33,39,70,62,64,26,173,217,49,134,35,164,125,80,41,130,629,28,293,66,79,51,114,32,113,70,87,675,43,64,44,40,31,33,86,68,155,792,70,42,326,99,163,47,62,43,93,43,313,108,32,60,146,27
2060,5,41,41,37,78,27,40,38,33,35,26,24,56,42,25,27,29,27,105,31,56,69,31,24,31,36,26,28,30,65,32,23,35,48,33,31,56,28,39,32,27,32,29,23,94,30,22,28,59,65,45,37,41,22,35,20,29,49,34,41,27,52,83,36,24,48,36,32,65,27,55,52,46,31,46,82,27,71,71,32,28,41,27,35,37,39,77,68,42,33,30,27,31,94,46,48,87,44,35,63,49,54,36,42,24,46,31,89,37,28,43,165,39
2060,6,27,29,31,41,30,29,28,26,28,24,23,34,31,24,23,25,27,47,24,36,34,24,20,43,30,26,26,26,28,27,27,29,31,26,26,34,26,44,25,24,28,25,23,43,25,22,25,40,50,30,27,28,31,26,26,24,32,26,24,24,34,27,27,23,26,26,26,38,30,39,37,31,23,31,45,29,39,31,29,26,43,24,26,27,28,42,52,25,27,26,24,24,37,27,30,50,28,39,39,25,35,27,27,23,33,28,45,39,24,33,54,24
2060,7,41,54,42,53,38,48,43,47,34,42,34,32,44,33,24,55,29,52,38,49,42,30,52,67,44,36,37,48,51,66,34,47,27,66,40,49,171,40,28,57,41,42,46,53,36,37,71,42,58,50,82,37,45,49,36,38,47,43,29,55,30,33,115,49,43,32,33,35,122,33,77,45,47,56,76,61,50,93,52,34,162,37,58,60,29,81,223,153,43,71,129,52,47,41,27,84,48,52,71,42,33,42,144,64,50,54,80,92,45,100,47,35
2060,8,101,109,46,197,107,52,49,70,35,53,58,35,82,81,43,197,51,51,224,45,81,38,50,406,31,49,40,39,93,89,130,397,56,100,78,46,79,29,76,84,116,50,79,185,75,67,62,69,120,272,35,69,45,145,35,57,64,47,33,137,57,59,110,61,84,97,39,49,197,50,77,36,72,58,195,129,51,73,34,62,56,82,104,133,69,141,173,136,42,97,76,78,63,97,78,44,94,102,107,101,58,61,193,211,144,103,108,154,304,137,87,138
2060,9,90,25,24,34,46,31,49,65,24,53,48,34,63,54,39,123,57,27,48,28,34,27,47,42,28,81,28,26,89,57,149,42,53,58,54,39,28,74,60,63,30,135,83,64,55,42,26,24,309,36,30,47,36,107,41,76,39,61,157,28,28,67,36,37,32,26,60,93,291,43,52,33,40,28,60,95,103,68,24,218,42,46,39,146,73,52,61,168,23,184,24,63,136,36,31,91,97,132,74,36,33,49,49,99,68,118,40,174,68,82,52,28
2060,10,62,41,29,38,44,39,90,26,52,308,23,1179,142,756,25,31,51,47,276,29,23,635,47,25,29,23,66,86,126,26,49,200,23,29,95,79,43,176,134,57,179,116,119,31,23,25,23,31,37,34,265,24,102,35,96,54,23,551,76,23,50,52,34,77,28,23,27,27,89,24,34,32,28,26,161,66,39,71,147,51,109,59,59,52,23,70,32,38,24,106,134,37,32,28,52,95,78,68,31,27,23,25,35,59,38,128,58,110,37,36,59,52
2060,11,161,24,61,36,36,23,81,216,68,90,212,628,45,45,42,101,38,27,135,23,52,669,75,55,49,29,23,126,49,28,279,307,44,98,88,510,360,110,174,26,38,53,30,48,41,46,53,122,445,68,87,28,33,26,64,85,22,372,194,227,81,155,23,28,51,26,41,23,170,36,140,22,55,209,65,43,61,262,29,37,40,26,66,28,33,89,35,25,25,58,35,137,28,53,247,70,49,83,157,48,60,22,91,232,32,29,85,260,91,89,164,40
2060,12,161,270,29,24,112,26,110,86,30,99,255,513,41,62,51,44,25,30,99,27,23,83,89,90,27,28,61,156,92,27,470,253,131,154,177,105,92,37,78,32,43,257,348,51,24,29,157,53,654,26,121,35,253,62,36,54,191,70,70,32,37,186,46,33,27,51,36,157,264,497,79,34,188,34,34,51,229,94,88,191,387,260,75,42,39,54,52,30,46,36,37,59,27,260,276,145,79,37,192,34,45,42,308,99,323,99,27,172,103,92,284,23
2061,1,202,75,197,385,270,134,269,290,31,40,50,484,311,78,750,61,25,124,50,52,40,88,131,1467,74,29,49,241,42,150,303,98,338,137,81,51,266,63,79,83,34,86,153,26,23,632,165,69,240,101,46,466,73,99,26,313,69,2336,408,156,1371,162,27,60,23,334,24,47,337,243,75,62,68,60,71,240,89,60,86,116,367,493,98,167,23,32,67,181,22,435,174,338,203,211,126,148,65,30,341,25,27,30,68,78,193,75,90,96,35,34,728,586
2061,2,302,150,155,414,1150,126,850,276,39,46,90,187,1277,69,285,78,53,123,97,42,73,399,306,717,31,148,177,384,54,172,930,421,119,43,162,51,347,190,55,203,49,66,160,24,317,71,595,97,292,55,466,250,504,184,59,96,66,888,245,244,233,839,52,178,54,398,58,38,293,71,63,38,68,662,767,99,163,135,83,230,532,315,81,59,23,61,28,154,32,231,58,119,141,118,239,276,238,100,497,70,23,113,102,131,147,94,99,59,37,99,1643,308
2061,3,228,48,108,571,902,50,415,142,28,39,57,137,420,77,716,52,45,87,43,35,128,297,73,676,42,82,169,764,36,370,245,238,111,48,351,39,1525,156,179,38,30,137,200,69,295,50,683,94,401,90,268,175,272,74,42,273,126,637,140,142,469,386,156,300,26,311,244,84,92,66,242,24,65,1139,748,64,203,434,50,203,469,416,36,33,110,265,26,348,75,226,33,96,219,154,348,301,203,67,763,38,401,139,218,132,102,88,262,46,198,134,1984,1078
2061,4,85,39,41,116,428,34,96,60,31,30,38,70,591,42,109,32,35,37,94,41,55,116,52,258,35,36,101,1047,27,136,65,227,79,34,239,34,357,46,149,31,274,163,82,45,284,37,278,34,111,43,73,145,119,35,28,214,37,109,69,61,221,80,42,82,34,77,58,37,61,56,76,23,54,1164,201,37,83,244,57,150,212,95,31,28,107,66,25,108,35,117,38,60,72,73,87,102,89,32,645,32,50,174,111,51,51,36,95,42,71,49,1213,274
2061,5,49,29,30,48,74,27,51,38,23,25,28,45,73,27,48,25,23,26,31,25,27,58,39,61,23,35,41,117,31,49,50,110,37,34,86,28,74,45,36,26,30,38,39,30,172,29,180,32,51,30,45,45,48,27,27,44,33,57,46,55,69,48,37,38,42,46,32,28,41,40,44,24,28,111,67,31,41,67,35,75,57,48,26,26,48,44,24,60,37,63,25,35,37,60,52,68,45,28,72,23,51,70,42,33,36,27,139,48,39,29,155,61
2061,6,33,28,25,35,41,25,36,28,22,25,25,31,42,24,35,26,22,24,25,22,27,33,29,40,36,55,27,58,23,31,31,75,28,26,61,24,43,26,37,28,28,30,30,57,55,29,47,27,37,24,31,32,32,26,22,29,24,36,30,32,38,32,27,30,22,33,25,23,28,26,31,23,27,50,40,33,30,52,30,70,37,32,27,24,35,28,23,32,27,31,23,27,27,35,31,34,31,27,42,23,27,39,31,27,34,25,46,28,26,26,78,41
2061,7,30,53,31,42,65,37,49,83,75,26,67,43,51,42,50,35,37,36,38,30,49,92,43,34,46,74,72,60,134,186,50,45,40,65,55,59,35,39,36,68,47,39,36,67,73,51,44,34,161,44,38,37,34,47,32,51,49,41,94,31,36,28,41,39,70,28,66,45,69,28,41,55,49,44,65,44,52,68,74,65,31,47,64,73,34,35,31,40,51,43,34,45,49,36,41,28,49,43,48,36,26,96,62,86,43,48,82,70,52,45,60,58
2061,8,85,35,81,34,90,75,88,123,81,61,88,81,50,80,69,32,38,46,68,129,51,120,81,34,41,120,638,52,155,292,228,137,119,168,50,325,51,281,93,129,51,70,91,120,72,148,37,33,69,39,106,82,60,52,55,63,74,48,117,25,46,31,77,31,62,27,200,47,51,87,37,129,41,90,89,72,52,83,144,49,29,58,91,127,49,66,153,60,61,38,73,184,277,84,35,45,33,52,39,56,39,90,187,59,70,129,50,188,67,141,166,117
2061,9,135,49,90,89,63,46,28,108,59,88,29,59,92,37,24,33,22,25,110,734,70,63,55,27,51,55,54,28,122,85,143,34,71,63,69,35,27,53,26,35,37,46,45,99,45,90,29,62,45,63,102,93,122,42,58,35,64,28,48,68,75,49,98,70,120,32,26,28,47,57,23,100,35,29,132,58,27,47,45,26,28,43,52,72,27,26,58,51,25,61,25,84,169,97,40,26,98,24,31,41,28,56,36,24,28,149,30,199,67,29,70,46
2061,10,73,78,28,44,53,37,33,36,31,75,97,23,24,25,41,60,43,28,32,1156,31,227,26,24,22,23,31,23,30,106,38,83,38,159,66,27,26,43,24,24,28,31,34,50,51,31,52,27,99,31,44,45,43,82,33,55,41,23,24,101,131,23,24,26,27,55,25,25,108,65,53,50,28,28,37,24,118,126,48,23,29,31,47,228,26,46,36,26,32,41,38,798,30,54,97,23,36,22,131,165,45,42,33,25,24,109,122,61,30,162,38,138
2061,11,63,85,26,80,57,119,24,57,29,175,40,38,82,33,72,22,29,45,39,2970,23,506,57,27,81,37,25,24,51,193,105,318,55,94,64,142,24,190,40,83,31,50,23,39,56,363,178,23,192,54,66,54,71,53,38,31,87,24,28,90,35,31,251,137,23,195,47,50,26,30,354,43,32,23,47,96,72,82,68,51,40,31,158,659,33,29,61,22,56,24,23,154,87,62,62,38,30,59,60,45,28,64,43,38,44,122,90,579,43,651,157,47
2061,12,32,28,23,27,104,190,23,28,22,33,450,55,53,23,121,95,168,96,110,579,26,430,26,26,37,47,24,32,117,226,49,103,57,88,44,30,352,61,40,76,485,46,64,438,41,57,316,23,45,1250,63,42,25,41,73,37,88,22,116,217,44,35,52,32,220,81,374,25,46,23,208,28,23,24,658,410,318,282,47,91,66,26,474,56,31,28,36,26,165,34,22,70,44,36,109,31,52,174,134,56,42,29,90,66,23,60,31,211,60,153,132,47
2062,1,188,55,139,106,38,325,24,112,65,465,171,134,97,138,66,129,79,777,63,2289,181,3295,120,25,75,140,351,48,153,113,71,65,27,214,27,60,501,1135,351,79,113,54,93,1490,1046,40,451,25,59,141,60,29,25,27,27,45,57,26,63,182,42,32,64,94,138,44,365,27,33,25,70,36,60,90,89,327,350,94,352,27,73,25,656,298,25,196,39,24,56,28,22,60,66,156,54,24,66,98,154,84,25,86,144,87,82,80,36,150,24,100,184,41
2062,2,37,55,118,248,86,402,106,205,344,1173,114,72,338,76,47,46,78,253,64,1000,35,3237,126,58,49,118,93,56,220,62,62,76,25,155,31,173,1112,1942,175,151,97,61,29,2606,279,35,280,54,237,128,129,25,26,32,37,1516,47,72,33,251,103,94,101,149,64,307,395,30,277,64,249,51,88,98,303,343,395,463,104,59,120,25,1482,229,23,38,535,28,36,75,67,122,380,125,45,38,196,108,81,35,30,123,54,28,100,37,65,252,44,122,127,66
2062,3,48,57,43,43,262,1217,74,223,44,453,357,60,477,161,53,38,749,402,46,1798,87,720,116,85,37,185,150,219,257,894,33,426,35,94,141,107,851,3254,93,237,443,43,48,570,194,31,151,67,437,300,246,24,34,23,204,757,57,39,34,148,100,28,160,96,162,226,147,27,81,30,278,25,28,127,219,267,199,221,82,157,82,22,449,363,27,74,77,46,77,224,187,68,160,40,184,48,50,75,381,31,55,251,52,235,31,86,43,332,159,192,586,73
2062,4,29,26,42,46,124,192,41,71,34,95,248,30,153,43,54,27,137,146,29,428,36,628,43,185,53,46,113,89,108,750,163,313,26,48,56,44,1399,833,64,77,90,80,30,97,173,26,82,24,115,95,53,23,26,23,44,223,38,31,26,65,35,25,83,40,45,73,63,26,172,24,224,25,102,79,75,90,83,99,54,35,41,21,117,85,23,45,49,33,29,33,34,42,68,31,57,24,50,41,176,35,39,121,35,134,48,34,44,67,78,211,184,88
2062,5,26,24,26,29,54,64,25,44,26,81,79,26,48,44,28,24,51,51,26,64,27,165,43,32,28,35,38,32,41,77,30,149,24,38,33,39,555,73,39,39,43,28,25,52,57,24,55,25,47,49,35,23,24,22,31,80,25,31,25,40,26,59,33,29,39,65,72,21,138,41,59,23,32,170,45,48,47,47,48,30,33,26,59,44,21,28,35,69,27,26,26,30,48,28,43,23,31,31,82,25,36,36,37,35,30,27,26,43,46,52,130,28
2062,6,24,44,28,28,32,42,24,28,24,38,37,24,32,24,26,23,33,34,26,40,88,49,31,25,50,29,29,25,29,42,26,40,23,35,28,29,68,52,27,27,30,23,24,36,38,26,37,22,31,36,26,22,24,22,24,37,24,22,24,31,27,40,30,40,28,35,35,21,32,23,47,24,28,34,31,32,32,31,29,27,24,25,37,29,21,32,28,22,24,26,25,25,31,24,33,27,27,27,38,24,22,28,26,27,27,24,28,43,25,33,42,31
2062,7,59,96,36,54,76,39,45,69,104,42,46,51,43,26,27,37,47,45,44,52,92,34,26,59,65,25,41,40,32,45,37,77,32,32,145,48,59,76,31,59,30,44,76,43,50,44,56,31,38,35,44,25,23,44,47,73,36,42,29,32,46,28,55,44,29,63,63,54,69,45,58,41,27,60,40,31,38,47,42,35,32,44,56,62,52,44,62,37,42,122,39,44,45,46,27,64,42,51,70,38,26,49,31,37,51,60,128,105,43,55,36,46
2062,8,55,85,37,69,74,33,50,188,122,74,80,33,107,90,38,49,77,92,660,47,214,51,35,83,280,47,40,39,87,99,80,118,342,118,446,91,103,54,74,62,70,39,38,54,81,55,114,59,42,62,50,116,35,56,45,60,95,55,44,55,110,38,119,65,134,79,118,301,106,64,76,77,37,89,168,165,62,75,58,85,39,117,105,198,192,135,118,129,39,155,181,62,47,56,85,118,73,41,260,34,32,45,156,104,197,103,313,236,41,89,31,96
2062,9,39,88,25,27,57,24,36,30,40,49,80,24,33,51,48,38,46,92,50,78,143,95,27,40,44,83,24,23,40,96,114,54,42,118,140,29,121,139,66,71,66,33,28,43,45,34,57,22,33,56,33,24,56,64,61,71,61,23,116,65,81,30,25,48,26,24,33,110,169,22,75,66,26,54,55,31,43,187,27,168,38,49,158,34,37,106,67,63,52,130,40,114,29,24,47,26,80,42,229,29,44,48,28,55,117,94,53,62,89,25,64,64
2062,10,33,34,24,46,50,26,28,74,40,176,26,46,31,30,78,29,51,33,100,40,33,124,71,27,71,31,25,22,53,89,31,35,25,37,141,88,105,158,48,62,177,23,26,121,460,22,113,31,124,158,44,46,94,30,35,24,35,33,81,26,62,133,23,72,28,24,25,50,34,24,31,26,31,181,26,59,24,63,37,29,72,36,53,56,34,75,74,23,29,27,24,48,102,63,66,110,42,23,47,44,36,23,513,25,29,35,445,52,47,25,36,77
2062,11,62,32,22,27,53,36,37,26,103,65,26,45,33,49,60,23,74,44,118,25,30,26,56,39,27,67,22,29,67,511,89,134,42,36,571,166,85,29,190,65,62,22,31,131,359,43,123,25,90,45,63,103,30,23,62,23,63,49,26,24,76,52,27,64,23,131,80,134,27,27,59,68,22,792,80,109,23,65,27,57,147,26,39,176,94,130,34,34,463,24,32,147,75,63,123,77,322,66,188,28,31,22,43,57,30,61,44,88,30,23,27,317
2062,12,247,42,32,41,40,44,34,58,95,40,90,366,24,177,93,54,82,38,67,113,31,87,58,780,168,29,132,26,223,43,26,29,40,47,136,57,51,28,198,639,135,344,28,297,165,24,64,21,60,469,67,206,26,95,61,111,26,109,191,27,60,61,23,33,176,39,187,64,227,149,58,26,104,143,33,90,226,33,27,60,36,28,27,56,39,61,62,38,86,34,63,208,61,113,258,41,79,72,324,67,153,31,38,24,48,57,453,75,248,198,31,43
2063,1,190,43,32,26,27,58,72,32,153,33,45,306,222,58,87,25,49,25,62,162,478,38,154,157,52,46,110,26,182,45,251,32,81,46,76,345,394,27,2281,75,67,61,23,147,142,126,146,72,48,376,344,66,30,141,151,47,167,55,435,37,42,76,38,37,72,35,209,47,1430,988,79,156,381,106,72,58,73,31,23,141,42,28,55,167,56,58,152,46,42,297,88,144,135,129,139,160,115,243,157,145,59,171,64,25,684,34,273,55,746,781,32,46
2063,2,88,85,46,105,44,169,206,200,52,33,410,245,82,101,58,35,102,97,72,532,366,41,186,219,109,259,84,22,80,49,40,27,71,88,79,169,1348,27,1544,133,141,97,25,214,245,37,102,62,116,331,507,55,397,165,412,78,82,51,139,40,53,94,22,115,93,43,226,256,1231,227,71,80,476,3282,68,69,54,78,26,48,39,47,176,230,77,37,254,67,116,121,62,88,45,64,162,41,108,77,183,149,118,154,100,37,70,111,731,74,679,233,341,95
2063,3,53,37,125,58,107,120,37,174,50,37,56,786,194,81,79,46,39,49,61,205,865,134,61,180,84,50,63,55,106,170,72,218,193,29,73,130,345,50,2167,181,153,64,100,154,647,49,98,83,87,263,653,47,116,95,162,103,99,40,105,47,48,343,25,54,152,344,1822,151,860,190,143,35,811,3107,30,78,67,240,23,74,27,78,44,109,39,48,116,34,51,64,52,104,60,262,121,93,201,109,394,118,43,55,47,24,66,56,389,75,495,102,204,44
2063,4,39,26,26,34,27,46,30,64,35,25,38,447,117,144,38,24,30,27,31,120,179,54,43,73,39,39,37,44,58,76,67,41,46,67,43,66,542,64,280,56,91,49,54,54,152,30,71,26,46,146,305,45,45,64,62,40,33,37,66,39,30,381,26,36,49,108,740,163,419,128,73,33,568,458,27,33,74,54,24,37,26,36,45,49,29,50,121,121,36,60,26,48,31,170,322,41,93,46,131,117,79,66,42,27,41,30,131,106,305,57,95,32
2063,5,31,24,25,28,24,31,25,35,27,24,29,59,38,99,26,22,26,24,27,59,58,40,35,45,34,33,27,24,58,33,39,30,47,51,32,39,70,68,66,41,37,31,25,37,51,25,50,24,27,68,120,26,31,30,38,27,27,24,49,25,29,155,25,27,35,45,151,103,69,47,36,26,108,84,25,27,39,32,22,29,23,24,28,34,25,31,41,58,31,32,32,40,25,57,71,40,41,35,49,106,36,50,31,32,32,51,62,30,64,41,60,29
2063,6,25,25,24,25,23,27,23,32,28,25,26,59,28,27,26,27,23,24,24,32,35,41,25,30,26,24,24,25,62,26,25,29,76,25,26,28,42,31,42,27,37,28,32,27,41,40,27,23,26,41,45,24,26,25,27,24,24,28,43,22,27,40,22,24,26,28,46,40,43,32,27,24,49,48,23,26,25,26,60,25,23,23,24,28,24,26,30,51,25,26,25,29,24,32,34,26,30,40,32,30,25,27,26,22,26,76,36,25,38,30,33,26
2063,7,51,45,193,39,47,31,47,56,29,37,32,52,49,28,27,33,36,41,69,48,52,63,66,47,89,55,54,33,64,80,45,27,120,93,55,36,93,62,61,162,40,32,46,36,43,47,31,27,41,51,65,59,35,45,31,36,32,66,95,22,31,65,85,38,32,100,52,40,38,71,56,40,36,49,43,26,36,46,46,26,45,49,54,72,35,30,79,355,47,36,28,47,45,36,46,48,55,29,52,49,59,47,45,31,41,83,86,93,39,46,59,39
2063,8,143,41,171,42,134,32,68,36,123,97,82,110,112,40,50,74,34,35,51,44,29,141,121,125,66,64,82,61,267,305,195,35,350,190,37,36,106,38,394,87,47,50,40,43,34,110,83,101,52,138,72,57,31,36,57,34,44,44,65,53,41,462,141,35,29,84,58,41,59,124,57,35,80,79,66,35,30,49,31,35,40,97,79,104,76,26,129,101,41,101,78,34,62,109,48,44,56,58,59,47,94,102,71,105,128,110,136,263,43,43,46,58
2063,9,155,242,72,22,54,52,35,23,27,189,81,103,106,40,60,85,23,67,25,24,41,86,76,70,36,65,234,27,164,169,120,60,182,94,24,35,77,34,116,30,26,35,145,35,39,58,55,125,25,28,209,30,27,42,23,48,38,67,85,34,41,40,26,24,54,48,24,24,24,272,32,23,75,45,86,23,130,23,21,30,118,50,45,40,36,23,34,110,33,65,108,33,61,162,30,46,27,49,66,39,23,47,65,149,130,108,147,224,57,25,84,47
2063,10,37,83,32,22,80,30,32,24,30,40,857,45,42,59,27,70,28,65,29,26,45,31,26,34,83,28,73,79,30,33,31,24,44,119,121,27,112,30,150,25,48,100,937,31,27,52,34,39,113,24,48,24,41,183,23,118,25,42,132,27,22,40,35,22,111,52,26,34,111,63,50,25,86,50,60,26,52,23,79,71,101,25,29,27,23,30,31,77,28,115,41,63,42,37,71,860,139,26,60,23,26,38,59,50,73,53,60,50,24,26,26,134
2063,11,53,35,49,24,39,36,70,42,59,47,261,27,90,114,25,64,23,50,1157,23,58,54,30,45,93,44,29,27,61,34,39,35,30,87,79,139,126,104,46,38,41,66,98,22,34,82,41,24,104,75,129,31,27,1452,22,114,28,65,53,50,42,32,40,89,325,154,25,27,103,98,152,47,87,64,28,26,41,23,139,39,180,53,74,24,22,33,52,97,39,273,36,140,248,44,57,166,91,100,151,25,23,74,124,38,111,51,83,54,72,318,24,46
2063,12,27,26,791,87,28,28,41,33,130,26,249,115,63,39,30,172,36,111,245,44,103,34,25,49,116,24,33,32,27,25,38,246,32,60,40,80,212,265,33,121,432,40,71,33,46,61,27,23,101,250,93,22,38,131,22,65,152,103,42,26,72,145,103,111,489,55,27,69,30,47,79,55,162,116,34,59,81,24,262,76,152,156,53,26,57,63,62,47,28,40,33,117,77,80,41,72,123,75,172,26,51,320,136,76,307,447,41,87,41,37,129,62
2064,1,56,131,199,40,47,149,121,301,106,44,381,212,295,165,24,53,107,98,178,429,52,28,27,214,56,24,550,88,77,29,123,150,28,72,42,33,315,51,71,43,107,56,92,461,102,231,34,25,409,207,595,49,28,99,22,255,58,171,49,30,438,58,46,67,255,207,26,178,63,179,142,61,73,607,230,116,312,36,51,183,71,68,39,35,32,38,472,1544,142,136,31,82,154,34,42,588,830,1052,66,68,212,74,149,108,297,702,399,1679,1183,64,45,139
2064,2,413,201,263,32,28,158,84,54,143,29,322,607,562,650,73,80,133,73,666,184,174,63,39,43,102,31,244,394,40,55,168,134,32,37,36,155,285,146,73,50,67,215,136,139,38,60,24,24,881,57,184,52,57,334,24,357,39,330,48,129,504,52,153,57,470,148,38,41,54,88,134,50,88,189,273,238,175,212,87,222,49,89,49,60,32,40,801,633,123,120,252,119,102,47,90,843,1446,1997,158,71,311,217,498,214,758,677,213,1541,570,574,109,132
2064,3,186,607,1826,28,40,176,51,33,219,25,172,446,257,341,23,100,58,37,988,154,37,94,32,547,99,40,83,69,69,267,372,642,62,49,49,41,730,98,34,27,48,93,127,124,33,39,23,27,786,86,107,39,42,214,162,141,33,1432,2403,1031,457,133,40,122,1427,77,46,208,29,87,402,235,234,870,174,48,95,37,80,134,453,50,582,36,23,50,1582,227,220,230,227,277,56,76,114,495,672,1168,127,44,178,250,170,82,929,277,87,919,165,208,95,122
2064,4,64,166,210,25,26,41,47,82,77,32,72,189,91,105,22,36,39,30,147,81,30,35,23,120,73,23,197,46,32,38,94,127,41,171,66,35,237,49,28,24,38,52,75,55,37,31,102,22,780,54,63,23,24,58,89,54,26,213,858,108,96,43,35,35,240,46,35,78,92,36,80,72,168,395,147,36,54,31,73,57,130,35,229,23,22,29,151,388,72,71,61,87,51,35,119,894,158,167,46,39,237,160,87,39,207,109,60,644,82,127,50,76
2064,5,41,50,64,24,25,31,33,48,41,33,48,61,46,48,23,30,26,25,55,44,28,26,37,38,53,23,49,33,24,28,60,67,31,54,32,27,63,32,26,33,28,31,37,33,26,26,47,22,120,34,40,22,23,45,30,36,24,57,106,48,54,29,26,27,65,32,23,33,28,31,41,36,41,65,100,28,39,37,37,37,63,30,75,22,22,27,59,86,34,36,36,38,30,29,32,94,56,64,36,26,105,51,55,29,150,143,48,537,45,53,100,33
2064,6,30,32,42,29,25,26,36,24,27,35,32,38,34,32,24,24,24,24,35,31,25,25,22,32,29,54,32,26,23,26,29,35,23,25,27,25,39,27,25,29,26,27,31,27,25,36,24,22,45,25,28,23,22,29,25,27,23,37,80,34,32,29,24,26,41,25,23,27,28,25,28,28,29,44,33,26,29,23,28,30,31,25,35,24,22,23,37,48,26,26,26,27,25,26,26,44,34,37,27,23,40,33,32,26,44,49,30,69,38,34,32,31
2064,7,82,55,72,45,42,62,52,51,32,66,32,48,49,57,29,56,27,47,51,37,29,34,42,50,39,54,157,26,42,56,72,56,59,95,30,54,53,39,38,74,39,41,45,70,46,56,51,47,47,43,53,31,23,42,32,39,40,70,60,44,48,44,206,45,31,25,32,33,66,30,57,81,41,74,60,32,45,70,48,43,53,39,54,42,45,43,30,32,29,33,63,41,41,45,42,47,45,41,35,25,46,36,52,42,66,63,90,66,123,40,41,49
2064,8,108,39,74,36,46,139,48,66,102,103,46,76,131,98,72,98,37,114,123,60,89,43,49,98,47,56,56,42,36,110,290,73,67,56,51,66,35,72,57,126,41,99,35,37,67,65,57,251,45,61,50,28,43,70,70,131,56,79,33,76,332,82,155,78,37,32,52,77,102,58,114,258,33,73,84,168,146,91,98,86,229,157,94,63,73,51,44,39,45,151,101,74,42,51,52,38,43,89,47,49,35,34,51,381,70,51,56,83,226,127,67,75
2064,9,183,42,31,31,53,54,73,94,81,136,73,33,35,36,43,156,37,26,30,25,25,24,57,38,31,28,26,27,39,25,145,50,185,44,256,278,46,93,53,60,28,36,25,38,51,26,74,339,25,27,31,48,85,70,29,42,54,26,24,25,87,35,28,84,24,32,27,51,153,36,42,246,70,187,121,287,28,434,83,64,63,80,127,41,37,33,82,29,47,41,27,100,48,24,61,23,35,54,47,25,50,31,39,47,145,27,122,28,92,132,25,52
2064,10,246,32,66,95,29,36,25,24,24,69,133,38,25,26,24,71,39,43,36,26,78,22,95,69,35,22,29,31,30,66,29,30,53,24,50,36,52,360,34,88,30,65,46,42,29,28,24,538,98,58,44,31,26,26,26,34,33,218,23,24,36,23,61,47,35,23,63,99,38,48,25,56,28,52,122,62,30,87,46,40,38,143,25,29,46,65,157,50,109,25,43,99,60,309,65,107,66,47,25,172,63,51,33,33,85,32,1699,32,60,36,71,24
2064,11,112,32,181,130,71,32,22,24,23,147,156,24,69,28,179,71,57,34,49,36,23,27,31,62,33,86,26,116,37,55,36,35,131,28,114,64,278,328,28,33,33,40,68,107,23,60,22,655,75,253,75,118,81,41,61,39,95,136,23,47,123,23,91,29,81,29,21,144,24,47,113,67,26,420,339,113,52,87,68,61,58,90,33,21,61,29,170,23,63,24,99,66,23,79,29,131,40,55,33,60,243,80,35,67,103,61,158,100,51,108,39,73
2064,12,56,23,33,66,29,47,29,27,24,271,83,39,287,106,39,34,53,85,141,61,222,408,86,145,93,39,25,167,30,46,30,25,63,200,51,70,64,123,238,33,291,186,26,55,227,141,25,1460,179,105,26,64,24,34,24,27,207,82,48,145,70,33,187,32,97,22,26,104,23,652,404,137,265,87,200,34,48,56,252,99,31,151,27,36,128,121,285,265,784,74,30,150,202,227,25,123,29,29,90,1033,174,27,24,82,58,183,107,32,393,105,327,50
2065,1,78,87,33,80,129,237,128,25,28,291,197,196,50,1292,315,150,53,339,277,58,61,107,176,48,37,484,93,387,283,112,128,28,39,303,105,31,46,93,173,24,59,602,27,30,72,105,22,4622,165,234,75,72,38,37,23,36,1204,318,70,471,62,132,85,25,112,29,27,99,1223,187,2993,79,95,78,322,34,34,73,97,232,312,402,163,38,568,164,604,2619,219,24,91,39,96,199,38,54,26,40,92,2796,108,83,26,48,41,345,74,187,960,134,584,35
2065,2,1833,73,92,101,155,39,62,25,29,353,154,85,186,957,1160,36,43,112,46,216,55,216,235,189,37,416,118,675,228,43,107,22,101,302,238,330,116,264,326,26,110,1302,23,28,37,38,41,2699,153,95,86,32,25,30,71,70,2488,704,400,437,121,331,108,29,83,193,22,136,64,786,3258,140,63,270,624,105,115,224,294,66,160,900,81,128,1781,79,1431,2326,139,38,29,48,108,285,89,120,32,176,73,2043,95,38,611,70,160,186,54,67,1115,159,973,73
2065,3,357,35,46,49,400,48,68,178,81,638,157,187,307,1752,117,46,26,60,47,58,67,1391,61,58,176,542,84,491,54,31,38,39,394,589,447,306,67,479,171,23,67,433,37,79,45,33,35,1023,109,70,69,35,58,41,78,45,602,550,66,660,192,96,61,35,260,51,21,41,57,189,484,236,284,166,3544,165,64,136,199,601,247,2374,94,78,420,55,3642,1014,112,40,376,497,113,262,32,196,29,90,466,490,94,55,183,252,555,1437,54,73,552,187,2174,38
2065,4,69,26,29,43,114,29,28,107,24,110,66,42,115,110,50,31,25,42,36,32,39,659,52,40,47,1082,32,100,41,41,35,24,82,211,131,118,52,137,64,28,54,154,25,37,33,28,22,125,54,49,45,26,50,25,27,36,155,136,40,162,64,54,34,25,129,32,20,43,108,91,75,207,58,69,381,42,50,65,87,583,181,809,202,32,730,54,576,194,66,24,250,107,56,256,28,220,23,80,61,285,65,28,99,47,304,230,57,45,408,69,682,32
2065,5,49,25,26,27,49,25,25,71,23,77,39,38,43,69,37,26,24,30,30,27,27,83,62,42,28,98,26,50,28,27,30,23,67,56,48,47,32,49,42,23,30,60,24,28,31,24,26,54,35,31,28,28,25,22,24,26,59,51,30,58,34,38,27,22,59,25,24,31,50,46,53,119,36,43,72,42,39,43,45,74,55,78,43,26,106,135,442,60,42,23,62,40,37,58,29,45,46,30,36,87,45,25,41,31,71,57,28,27,81,39,74,25
2065,6,32,30,32,25,50,30,25,29,24,34,28,25,29,38,26,25,25,26,24,24,26,42,28,26,26,44,27,33,28,29,29,24,106,37,35,30,25,35,29,22,28,36,29,23,24,23,22,84,27,33,25,23,22,24,28,23,36,34,26,38,26,31,25,23,31,26,20,24,61,31,34,39,28,30,40,37,107,30,34,42,34,52,32,24,52,48,66,38,29,25,35,29,39,37,27,32,22,25,27,47,53,26,29,27,36,37,24,24,44,29,45,32
2065,7,44,27,36,27,48,30,32,42,40,45,45,69,72,49,48,28,34,39,52,50,42,58,36,26,48,48,44,38,31,56,45,54,102,124,94,105,28,31,49,31,57,44,45,46,44,58,47,77,53,71,106,41,47,36,26,45,50,45,26,40,43,49,43,26,29,37,43,51,46,51,37,52,48,45,34,55,58,38,47,47,43,64,61,83,68,56,59,70,37,26,93,37,49,51,36,34,72,89,89,32,68,52,31,75,57,74,43,36,48,37,53,49
2065,8,84,31,52,35,29,61,99,63,54,46,130,92,162,46,44,53,30,50,68,90,68,52,90,52,148,41,49,30,104,142,135,140,137,52,179,109,27,28,56,85,44,55,135,65,53,108,75,60,101,99,119,37,39,35,38,78,34,47,35,59,106,56,135,46,44,82,143,268,99,225,122,55,64,105,112,54,42,46,196,74,32,92,114,136,125,168,39,80,42,45,134,49,37,72,33,48,30,86,77,30,100,180,99,123,149,115,33,173,320,45,148,202
2065,9,101,24,58,25,32,52,236,34,26,40,30,39,97,40,25,174,23,78,85,54,161,58,106,26,26,25,27,29,72,37,60,31,41,33,691,52,23,35,23,53,40,75,177,28,32,188,65,63,71,25,104,24,34,28,26,247,24,35,54,27,208,70,46,148,26,92,91,56,27,62,151,33,23,70,28,93,99,28,27,52,162,89,123,184,37,234,66,28,63,61,108,23,23,26,25,83,88,27,91,23,34,131,31,53,143,168,167,119,64,26,85,56
2065,10,507,36,29,38,40,37,28,23,26,40,24,58,86,24,66,1706,34,47,26,49,67,44,160,29,34,45,38,30,42,24,43,23,32,23,629,27,26,24,32,57,23,38,157,34,27,40,24,53,30,53,45,24,1010,27,34,86,30,23,34,30,78,50,27,31,35,30,534,115,25,29,60,23,31,84,42,47,161,26,27,36,109,62,49,79,28,49,241,31,39,22,56,61,28,24,42,58,168,27,85,241,32,66,26,66,164,56,112,36,43,63,164,24
2065,11,64,23,41,49,58,32,33,22,71,77,33,193,32,25,108,57,26,90,23,47,49,58,98,41,40,279,23,29,97,35,166,65,94,55,277,722,46,30,92,28,53,29,38,51,22,135,44,88,23,103,24,43,82,28,35,126,23,22,22,26,152,109,49,47,62,30,519,51,36,44,63,38,32,47,155,115,31,41,80,28,141,31,43,179,56,218,76,23,31,70,55,46,95,25,78,28,40,30,62,40,23,41,232,71,156,69,95,43,82,24,83,65
2065,12,155,61,67,32,337,25,148,82,27,154,26,433,130,24,94,155,97,39,87,28,44,59,52,63,30,71,23,31,126,24,60,28,63,49,207,53,216,32,26,23,117,104,86,150,24,316,89,68,29,295,34,24,48,23,55,88,33,46,24,22,211,98,287,110,24,25,223,29,48,110,37,29,45,28,309,31,202,108,111,72,52,99,34,213,48,290,42,374,27,35,135,41,25,183,109,32,48,137,51,43,24,112,52,30,218,463,43,58,445,89,102,27
2066,1,117,52,44,46,58,23,345,69,28,46,168,218,433,54,75,68,38,37,64,32,79,113,49,43,122,45,36,371,69,25,51,35,148,326,308,49,73,51,29,31,51,30,223,44,52,101,170,45,83,66,89,33,46,238,49,92,24,25,59,46,152,46,99,83,39,33,221,33,27,122,49,26,31,29,919,44,240,190,204,177,254,179,26,156,31,628,135,184,23,26,127,171,24,46,53,44,119,240,86,34,32,52,36,33,167,243,45,49,260,107,48,23
2066,2,268,247,93,107,67,74,234,157,103,46,99,196,211,64,215,93,125,44,55,36,343,77,41,91,313,236,38,179,115,92,91,48,95,95,415,47,77,293,46,34,47,98,240,40,25,135,107,34,93,48,312,67,39,81,49,72,33,670,34,235,85,153,79,131,69,198,152,94,31,139,30,49,55,32,2120,29,194,1236,107,187,109,192,39,313,26,1101,151,87,175,89,230,170,149,32,81,100,324,799,75,142,216,109,37,54,225,148,149,42,1103,145,103,113
2066,3,249,242,144,351,51,104,178,51,59,49,82,124,318,28,54,98,245,46,46,68,67,40,38,93,229,109,180,127,39,42,53,30,142,186,347,70,359,286,26,40,301,468,153,159,32,87,241,30,92,200,153,33,47,59,27,301,43,49,121,66,248,42,479,85,50,169,74,1020,26,151,27,52,254,78,1114,26,250,217,156,85,92,87,36,206,24,418,138,81,118,85,201,58,154,222,117,99,85,569,49,87,31,302,52,32,139,594,45,38,625,69,117,28
2066,4,164,119,42,61,37,31,115,33,55,42,32,84,123,24,38,42,82,41,40,25,45,30,29,58,162,48,150,55,37,54,82,29,51,326,84,34,275,83,26,26,44,102,60,35,24,48,78,26,55,63,65,22,40,33,36,162,22,42,31,33,129,34,190,59,26,74,46,152,48,151,25,34,37,26,141,82,91,135,100,43,48,44,30,77,23,86,76,43,42,31,58,50,53,50,33,30,85,1340,38,50,28,65,32,28,60,1750,68,27,95,88,48,31
2066,5,46,40,30,45,49,32,47,28,27,30,27,47,58,23,31,30,49,28,24,24,32,25,27,33,68,33,31,32,28,55,51,27,40,124,63,28,57,39,24,22,34,40,35,27,21,34,50,25,32,37,37,23,25,43,23,93,33,31,29,26,44,32,76,31,27,33,34,71,22,57,25,28,136,24,97,24,46,69,37,45,32,36,26,43,24,53,38,36,29,25,37,32,30,41,30,25,45,140,28,29,30,46,25,26,51,91,29,23,54,33,36,25
2066,6,31,29,26,32,25,25,34,25,24,24,24,32,31,22,25,25,26,29,23,24,25,24,23,41,33,26,25,26,25,30,28,22,30,47,33,25,33,60,22,22,35,30,28,24,21,26,31,23,24,29,42,22,25,24,27,33,21,25,24,24,32,25,47,24,23,28,26,33,23,39,23,22,42,23,40,24,30,37,30,25,26,29,27,29,25,33,34,27,27,23,27,25,25,49,26,24,37,49,24,27,32,30,23,24,28,45,24,30,33,31,39,23
2066,7,44,55,50,52,32,45,49,46,32,65,46,50,80,35,48,34,35,51,40,44,39,29,52,237,50,27,55,73,55,75,49,69,43,52,34,33,42,54,32,36,31,56,36,45,43,47,49,35,52,38,85,44,28,47,32,48,40,47,46,29,64,33,47,82,44,38,34,62,52,68,27,37,75,58,32,52,37,37,38,48,29,54,27,50,41,39,80,55,28,28,32,38,42,73,35,25,95,61,28,25,56,42,29,61,39,55,52,33,64,48,44,32
2066,8,74,83,39,39,60,50,66,74,53,66,39,71,88,46,31,62,88,63,51,60,127,67,73,398,67,38,163,80,99,134,85,57,67,628,32,61,31,160,44,73,52,67,47,44,35,45,64,47,77,43,216,81,41,30,49,45,34,56,32,219,42,58,43,89,74,51,191,43,87,317,37,77,59,62,75,140,36,90,72,37,34,54,48,45,59,102,45,103,48,43,42,61,46,70,42,169,127,126,42,52,126,42,107,66,73,84,86,66,52,100,75,61
2066,9,66,84,25,25,102,51,58,77,57,29,24,38,101,23,24,207,52,88,50,52,122,35,68,117,59,23,106,119,98,83,54,25,86,45,45,29,53,27,48,51,39,25,155,55,161,31,50,359,114,25,39,58,140,51,22,43,24,44,44,56,71,42,48,190,52,340,236,64,100,170,26,68,36,32,38,72,29,92,63,41,27,35,35,56,61,39,73,90,64,60,26,244,136,207,45,99,63,73,24,34,80,188,72,44,43,24,57,56,57,316,24,49
2066,10,238,59,25,30,139,35,122,52,24,80,118,160,214,64,23,30,57,36,24,51,35,85,41,71,28,27,28,77,64,28,63,23,24,42,84,47,64,48,56,34,208,38,37,59,76,28,41,41,34,42,45,105,139,48,241,36,27,27,44,75,64,60,23,54,71,37,64,38,66,72,22,49,260,36,28,67,32,33,153,39,36,28,33,265,173,36,81,77,33,104,32,149,43,62,175,70,29,37,35,22,25,118,39,23,25,71,36,26,139,69,45,166
2066,11,228,60,24,58,54,42,299,23,22,88,85,178,76,156,36,30,498,56,79,55,42,131,41,28,47,59,24,32,40,37,47,25,96,49,297,37,70,80,104,30,146,152,24,38,27,29,219,41,60,394,90,67,118,35,46,203,56,84,37,25,435,22,25,282,61,61,73,36,35,73,89,41,37,27,53,87,40,26,41,42,163,29,137,41,351,30,47,57,33,30,29,99,68,104,57,86,30,216,25,47,101,170,23,47,37,33,52,111,34,83,90,207
2066,12,64,35,47,1057,279,39,82,70,33,101,115,545,83,142,35,33,159,34,54,43,200,37,249,52,112,26,23,1426,76,292,43,40,66,29,43,73,34,340,81,118,662,39,29,48,25,143,35,42,88,1017,53,148,35,62,63,173,42,35,45,24,148,485,22,56,25,40,52,26,33,44,145,24,118,69,49,248,75,123,182,70,173,27,52,50,73,94,86,74,23,33,48,44,99,42,111,120,79,187,81,26,27,41,39,36,40,23,29,246,71,480,41,183
2067,1,101,392,53,139,1818,108,1972,30,29,85,168,484,203,409,58,25,111,32,207,64,57,55,602,137,324,82,29,357,43,296,2113,229,50,29,40,213,113,534,58,168,1536,126,538,125,29,129,82,470,175,1327,63,105,99,33,190,214,59,32,99,26,65,113,34,273,170,89,581,129,42,64,152,26,75,80,545,149,87,455,61,169,106,52,50,144,68,288,75,137,54,42,28,85,42,70,408,439,501,79,30,30,42,59,39,41,73,97,82,49,239,334,36,303
2067,2,65,336,49,319,2910,78,3396,66,83,92,67,180,203,1011,28,47,156,337,80,158,116,101,836,42,60,262,29,335,74,192,684,285,45,1032,134,68,187,1039,63,87,955,72,147,39,221,128,59,166,319,1074,100,168,134,24,295,112,323,32,111,35,71,87,61,377,56,60,786,231,24,131,410,25,278,34,429,130,202,286,121,123,86,114,52,76,50,200,37,209,125,51,50,62,47,56,846,346,121,209,25,68,105,318,230,224,83,51,125,46,96,591,36,254
2067,3,91,548,25,1100,899,60,1417,28,182,82,84,154,254,262,31,52,88,114,54,32,82,66,373,58,49,140,23,102,38,157,271,87,37,368,109,62,85,712,84,73,469,56,84,30,375,41,135,99,83,1057,210,70,55,129,192,62,247,164,264,64,136,209,32,324,40,30,581,148,23,37,249,154,581,102,179,168,321,205,142,370,1015,49,41,342,53,184,118,181,40,72,25,67,46,207,654,461,106,210,36,29,89,217,303,443,237,67,183,87,187,735,38,124
2067,4,110,424,23,311,117,46,96,25,30,44,87,174,117,78,34,24,45,59,49,28,58,31,237,31,37,67,23,54,75,74,226,57,27,222,155,40,79,1049,35,50,105,30,44,26,193,33,72,42,46,179,163,41,34,42,54,40,274,32,47,36,95,109,23,118,123,28,116,101,28,91,269,28,429,28,59,61,55,86,128,134,186,25,31,240,38,72,50,52,28,28,22,35,40,73,129,415,55,201,25,52,37,71,51,151,48,28,48,64,173,195,48,53
2067,5,37,72,29,71,62,29,56,25,26,29,34,59,44,52,24,23,33,36,28,29,35,52,58,25,28,37,31,49,147,39,140,34,24,78,46,59,56,76,27,33,55,32,32,24,41,26,42,31,32,64,49,33,27,30,35,31,59,31,32,23,38,58,25,47,30,27,49,34,24,71,63,28,100,25,41,43,35,81,50,66,53,24,29,57,29,37,32,34,24,24,24,26,28,53,56,129,36,58,25,30,28,40,51,67,32,26,32,47,54,57,25,37
2067,6,32,44,24,46,43,26,36,27,23,24,25,92,33,32,22,23,26,26,26,25,26,25,36,24,24,109,22,33,27,29,43,26,23,37,29,37,26,42,26,25,41,24,28,32,28,26,30,47,25,38,30,26,27,27,30,25,33,24,26,23,28,30,24,31,25,27,33,28,22,26,37,24,47,23,31,28,31,34,32,32,38,24,23,32,25,28,25,26,24,24,22,26,25,27,35,45,28,37,30,23,25,29,34,39,47,28,26,29,35,38,27,29
2067,7,66,40,46,40,53,30,67,31,75,31,34,102,67,53,37,74,70,42,49,39,29,32,50,62,30,91,36,93,75,81,87,122,44,31,36,61,55,45,32,34,37,48,66,59,35,33,52,75,33,34,58,38,83,38,47,36,43,39,35,24,63,36,86,51,29,47,36,62,76,41,39,47,39,28,54,48,45,45,29,64,35,47,57,72,44,28,39,84,44,28,28,43,44,50,34,34,44,55,77,30,42,63,79,80,50,50,44,27,43,41,31,54
2067,8,388,78,90,44,36,54,171,80,198,40,141,64,102,124,40,108,73,48,100,211,85,40,95,86,52,40,157,153,175,377,126,272,74,63,38,239,49,64,90,63,41,60,80,84,99,32,53,131,29,42,103,35,91,49,40,85,67,44,37,34,73,156,111,91,54,58,98,288,155,326,34,128,44,53,113,157,82,79,32,49,52,76,93,283,30,63,62,69,88,51,63,74,51,1147,48,286,122,32,82,37,38,37,88,691,47,59,74,41,76,64,73,89
2067,9,77,84,139,30,51,44,132,62,103,120,36,102,62,66,27,81,25,33,50,39,266,51,60,29,38,77,34,90,124,173,93,314,62,96,167,45,126,305,29,41,24,26,32,31,48,24,38,24,29,24,97,65,64,28,57,133,32,24,30,22,79,30,79,184,23,29,202,85,43,102,256,39,30,55,37,193,24,71,25,25,41,39,116,76,48,28,37,39,63,58,51,27,24,431,119,46,95,25,56,23,27,29,34,104,30,30,40,44,31,133,69,84
2067,10,28,36,46,38,29,25,62,306,43,1026,26,775,101,24,48,40,28,24,89,39,41,1679,26,29,23,26,43,28,64,48,39,76,44,246,111,25,190,311,94,52,37,22,24,24,36,30,44,436,143,57,84,27,36,61,90,34,34,29,63,25,53,34,52,36,41,125,40,79,37,25,52,150,32,23,39,33,27,46,185,79,76,26,1468,60,24,120,52,25,27,248,40,31,22,72,132,153,24,65,46,22,53,23,29,87,87,63,23,26,23,31,54,30
2067,11,120,56,26,191,39,26,31,46,143,113,33,125,166,24,24,59,42,33,72,23,60,50,56,49,22,116,57,23,38,173,74,171,28,49,65,42,55,77,29,85,208,112,50,32,58,24,42,273,260,58,181,34,41,25,100,157,53,25,58,153,36,28,28,40,37,150,36,26,108,36,185,528,60,260,67,25,68,126,32,169,99,36,51,85,24,60,100,29,60,687,55,42,73,76,28,84,42,32,29,22,56,27,41,294,68,260,184,30,38,35,133,47
2067,12,319,34,30,52,63,24,41,35,31,274,84,512,111,30,21,72,24,86,29,23,76,277,153,85,91,198,340,23,25,166,34,62,41,47,36,152,31,121,54,26,43,35,38,31,68,23,29,104,216,26,230,46,36,32,37,65,122,63,25,152,49,713,24,38,31,82,208,25,248,513,99,360,67,33,113,109,30,54,29,38,52,71,82,34,179,502,56,39,86,78,59,37,553,157,35,218,74,79,60,23,26,73,191,441,653,39,83,39,23,99,60,34
2068,1,3983,33,33,316,54,49,599,63,717,218,82,306,261,35,21,197,23,43,114,191,58,93,135,117,57,72,78,23,47,316,38,157,49,46,30,67,52,2081,34,37,38,153,173,239,259,32,112,291,264,133,263,139,24,23,88,75,151,64,33,280,297,1569,50,379,40,47,145,25,412,287,121,3094,95,32,133,40,24,72,67,391,45,43,81,94,114,781,74,76,43,47,117,118,168,117,34,84,51,175,113,90,24,105,68,309,326,142,129,27,66,104,70,96
2068,2,2487,35,47,128,28,237,335,99,292,115,250,122,145,45,22,74,121,222,136,201,98,252,133,50,38,322,144,43,50,697,35,164,187,30,187,115,255,4413,52,48,37,109,88,61,125,22,171,378,210,87,150,85,59,32,55,194,68,30,50,345,80,642,26,271,191,58,59,75,1141,319,64,2263,71,212,84,98,87,194,39,295,34,88,52,35,301,453,223,43,191,132,81,226,218,76,33,297,70,133,274,107,528,229,70,139,479,162,107,97,368,63,59,44
2068,3,765,24,24,283,47,78,193,33,146,70,131,101,230,41,42,42,451,71,205,45,82,170,604,392,29,129,68,63,32,544,42,93,114,77,52,203,119,354,222,35,38,155,379,41,994,21,160,325,244,140,91,137,28,40,35,93,39,43,43,379,96,673,129,136,119,93,95,44,417,336,82,305,149,226,39,145,352,208,28,171,33,45,45,141,174,2137,143,37,125,153,33,60,416,124,55,1150,114,269,555,51,66,84,48,317,203,84,262,44,85,62,137,186
2068,4,84,29,41,78,28,35,74,29,72,53,81,87,251,34,31,34,55,49,78,35,41,65,195,70,25,53,43,29,25,121,58,43,56,75,38,70,51,74,60,24,30,41,72,30,229,21,68,105,277,44,48,80,26,26,30,42,32,30,30,190,41,311,40,110,71,78,38,35,69,252,49,74,40,51,37,40,43,75,61,134,26,27,43,39,63,563,58,45,47,63,29,42,1072,93,38,155,33,130,435,39,43,45,35,549,68,49,196,71,60,67,41,39
2068,5,50,32,23,49,24,27,42,29,44,35,38,53,92,27,22,59,35,29,36,29,30,50,52,34,30,45,30,29,26,50,27,30,69,32,28,43,33,56,31,23,24,30,40,26,56,21,39,46,52,29,37,33,23,23,25,34,25,28,24,70,32,57,24,50,32,32,30,27,48,57,32,68,29,38,27,30,31,37,50,51,25,40,28,32,37,87,36,130,32,34,29,50,80,38,27,72,26,46,72,25,53,30,28,59,43,38,75,26,43,30,30,27
2068,6,32,23,25,35,24,25,31,32,31,26,28,64,35,22,20,24,27,25,32,25,24,29,34,26,27,29,26,25,23,33,28,34,37,24,24,27,26,74,25,25,25,27,57,25,40,23,26,31,33,25,30,29,27,21,23,44,24,27,22,37,25,41,40,29,27,28,27,23,31,35,26,40,25,27,24,25,31,28,24,33,23,26,24,29,27,50,27,31,32,26,23,28,42,27,34,41,24,30,39,25,26,25,25,36,54,31,57,24,27,25,26,26
2068,7,36,48,54,33,40,42,33,50,69,57,46,47,39,40,23,148,31,56,38,45,32,49,40,40,47,50,35,64,95,54,42,53,84,38,30,45,41,48,36,37,36,42,79,58,57,68,35,41,48,28,50,36,69,37,32,40,30,33,27,37,48,166,39,44,48,50,42,52,40,83,35,61,35,29,76,87,55,52,35,31,28,58,38,53,35,55,40,44,45,48,28,34,48,42,25,59,36,56,43,37,41,49,38,35,50,44,62,32,46,35,83,36
2068,8,57,127,44,61,104,80,108,95,74,44,49,99,237,64,22,69,67,93,34,154,40,40,43,63,83,104,46,60,84,129,46,632,133,53,84,43,88,50,55,50,49,42,65,119,76,45,70,117,107,79,70,45,41,68,58,56,39,46,40,52,67,157,93,32,72,46,438,83,151,172,57,257,52,27,60,200,61,43,31,55,31,44,96,170,113,124,72,255,95,73,76,104,84,70,25,59,28,89,48,75,73,150,105,198,65,110,50,223,53,99,44,82
2068,9,83,41,43,149,59,417,530,35,2364,32,23,107,183,47,27,228,57,110,25,95,29,35,46,49,35,76,25,772,35,87,88,275,130,32,215,31,25,81,69,28,56,88,32,64,50,71,93,46,60,52,84,36,53,38,38,29,31,24,43,43,217,59,25,44,57,29,47,43,117,72,31,48,35,23,26,155,28,51,53,27,34,46,100,33,52,28,47,197,79,92,27,33,325,239,103,36,23,50,79,346,42,85,64,49,76,43,83,117,34,40,23,55
2068,10,31,25,22,200,37,40,75,30,115,59,31,63,29,22,42,41,61,36,25,39,64,25,44,24,26,26,22,51,45,64,29,73,29,22,34,41,28,26,172,44,206,66,24,39,48,33,24,89,150,83,85,22,59,36,29,32,32,23,24,104,238,26,23,25,25,32,32,36,36,172,703,46,25,43,61,65,23,23,219,67,25,35,66,78,23,29,111,143,120,25,147,65,59,37,46,26,85,49,24,113,40,54,35,25,39,63,40,43,88,24,24,81
2068,11,201,57,23,57,47,32,734,30,248,105,68,96,59,37,27,137,35,34,36,24,34,24,372,75,22,24,24,55,117,129,33,105,195,63,103,86,33,63,123,41,32,44,114,44,46,75,46,112,161,103,166,24,28,40,27,49,120,373,28,50,94,23,23,41,23,22,27,40,156,146,83,73,62,192,204,181,59,41,56,42,96,24,304,39,70,48,151,66,52,40,86,63,146,53,126,51,85,247,37,93,30,40,32,32,31,62,56,80,88,23,25,39
2068,12,45,59,23,101,46,38,1216,27,133,28,47,164,36,25,24,31,27,65,144,167,47,669,156,35,46,23,54,685,77,77,25,42,150,448,141,342,176,71,33,75,28,1167,53,174,38,88,23,44,259,91,803,25,32,53,48,563,129,134,91,26,42,150,57,80,22,29,491,250,127,171,151,199,50,71,53,76,353,477,251,69,50,59,153,42,102,29,36,93,48,34,1051,25,111,283,235,140,50,59,55,46,147,97,24,27,45,102,63,77,532,576,24,99
2069,1,199,79,34,88,117,175,3507,30,1266,51,1691,272,27,304,20,68,56,353,210,65,46,93,125,38,135,73,25,499,459,35,69,383,55,1001,226,2182,33,50,309,369,42,251,1792,244,112,117,28,46,102,200,194,53,27,72,49,69,891,84,45,30,1253,55,37,146,26,23,194,79,349,601,277,233,51,64,34,92,184,88,511,368,93,115,86,31,63,102,95,131,34,97,203,27,285,1078,157,48,135,40,27,1149,42,43,226,24,110,392,316,208,2895,61,499,117
2069,2,96,152,21,64,66,502,1369,68,1753,46,706,121,152,160,133,40,189,131,214,35,167,132,379,28,36,144,29,846,119,204,33,1479,49,192,129,1011,75,185,106,220,52,205,1749,44,60,117,23,350,81,335,406,110,28,71,59,188,634,439,49,599,307,33,25,139,28,98,457,156,213,1113,842,100,98,60,251,59,112,557,888,241,181,130,68,43,186,90,79,50,31,119,239,24,547,2154,336,81,112,89,24,2580,38,76,159,121,128,252,117,579,2241,46,2087,90
2069,3,236,406,29,154,182,282,356,132,1271,34,196,84,105,87,23,33,68,69,374,71,63,142,147,25,28,39,25,1838,133,399,57,172,40,133,269,604,142,37,186,102,48,186,467,56,59,51,29,135,99,322,2157,28,28,32,39,260,2652,99,76,345,170,102,23,349,77,99,1612,148,136,812,3439,96,29,391,103,107,162,188,532,138,46,100,61,48,124,47,622,38,96,282,271,23,482,428,459,38,228,69,23,1899,293,164,290,140,58,115,82,135,1773,100,451,64
2069,4,59,486,24,55,41,197,75,30,675,24,88,45,48,41,27,26,29,126,209,27,37,65,82,26,26,29,22,713,53,369,28,84,44,91,199,211,52,36,68,69,33,77,86,58,29,32,23,53,42,147,505,24,28,46,24,179,292,50,37,155,95,66,22,83,81,34,489,119,65,114,400,79,106,112,45,55,64,76,197,60,35,39,40,28,55,31,84,92,43,75,81,33,119,348,354,49,242,65,23,834,115,78,135,190,48,54,44,403,318,51,106,57
2069,5,38,79,21,32,30,49,46,28,79,24,54,33,28,32,25,24,25,71,49,30,25,63,44,23,26,25,22,66,65,101,24,43,27,65,56,62,36,31,36,41,26,42,51,27,28,26,22,34,30,48,201,24,21,35,24,45,60,36,24,52,50,33,24,37,33,26,63,100,40,57,68,36,30,43,31,33,37,60,109,38,30,28,35,28,40,27,44,33,27,37,55,52,50,66,71,84,49,30,31,121,36,36,45,41,31,39,31,162,58,31,66,31
2069,6,29,38,21,27,27,33,33,23,42,38,35,26,25,25,22,24,24,29,34,23,24,29,30,23,26,24,23,43,32,36,43,29,25,39,37,40,33,24,29,39,36,32,35,68,23,31,25,26,31,33,49,23,22,23,24,33,37,27,23,54,33,26,26,27,23,25,39,34,28,33,42,29,24,30,25,26,28,33,49,30,32,34,27,23,26,24,34,26,25,28,32,23,33,42,41,27,32,25,25,55,30,26,31,27,27,35,29,63,37,25,42,26
2069,7,39,38,40,80,42,61,127,48,188,26,88,35,97,33,22,47,73,47,49,38,49,33,27,71,44,36,40,33,49,84,84,53,30,85,146,107,60,63,55,34,27,35,45,69,41,51,31,44,38,49,38,37,39,55,32,53,49,38,34,51,40,48,51,32,130,54,68,43,89,50,44,49,43,35,39,51,30,43,53,47,61,60,60,39,43,38,63,47,27,39,37,53,38,47,30,24,64,34,53,128,67,48,53,46,31,73,74,33,52,55,71,57
2069,8,71,58,160,226,31,53,58,209,80,44,132,39,380,76,35,38,152,41,46,47,74,190,63,75,72,45,62,40,84,843,138,331,87,233,233,47,38,37,65,65,57,66,87,47,68,65,53,78,124,28,44,77,29,47,106,42,40,39,50,54,65,56,90,34,100,122,46,68,66,96,39,53,33,30,54,177,34,68,64,101,54,36,71,40,102,46,133,61,47,71,64,1732,120,69,31,47,70,78,54,109,119,68,153,69,99,70,158,61,36,127,81,48
2069,9,109,204,234,45,163,26,25,154,1229,63,61,37,73,66,60,40,84,53,31,27,54,78,43,42,37,61,23,30,33,633,122,74,44,29,36,25,52,26,36,33,27,23,30,36,34,30,30,39,42,23,29,53,64,94,29,32,28,29,86,26,38,30,105,24,241,178,46,165,31,103,57,32,64,24,64,43,28,85,56,160,46,40,77,35,54,35,113,25,43,31,42,198,35,74,38,25,115,79,93,92,106,40,72,264,45,113,63,59,38,48,110,24
2069,10,39,58,215,26,48,51,30,65,108,39,24,25,85,27,21,48,44,24,30,174,63,71,597,29,36,91,21,29,29,88,70,56,28,69,85,25,23,66,183,37,42,23,23,102,69,29,22,65,176,31,53,25,97,25,30,41,107,22,23,28,23,23,33,265,83,248,132,35,27,48,54,23,78,38,34,48,31,24,29,58,28,31,42,27,34,27,54,24,51,52,29,65,82,92,23,24,819,158,355,47,172,39,85,29,138,123,27,65,24,27,75,28
2069,11,55,79,87,31,142,22,41,81,68,133,34,395,37,23,39,27,177,219,37,110,108,49,316,24,23,42,20,36,69,86,187,25,56,30,176,45,107,32,43,27,27,24,23,38,134,31,21,31,203,44,31,23,24,59,22,26,205,543,34,39,29,35,24,66,54,90,170,68,27,31,139,26,122,94,64,23,51,57,48,30,37,43,37,30,34,41,70,24,38,23,52,176,74,25,23,24,329,167,81,49,45,76,88,43,55,43,27,42,25,154,160,30
2069,12,28,214,344,37,164,728,158,31,318,35,117,71,70,41,21,35,75,428,69,55,188,26,105,78,96,383,20,122,90,85,106,207,64,150,126,93,61,297,60,49,128,22,24,114,79,25,86,120,47,29,130,69,22,99,191,40,34,113,83,42,29,23,23,52,154,222,37,49,351,26,157,647,31,40,122,86,28,43,483,55,26,34,47,37,63,189,125,27,128,24,36,142,27,25,47,22,258,69,242,55,227,118,49,42,162,45,53,132,24,104,247,24
2070,1,447,48,199,42,81,245,261,30,89,145,272,177,33,31,50,34,201,53,213,427,35,57,296,38,118,79,21,46,104,109,118,64,32,113,123,158,869,68,31,167,269,55,53,178,36,22,333,295,75,148,157,35,109,30,46,26,36,113,50,175,28,30,38,31,230,393,52,68,121,63,150,359,32,52,140,31,36,51,68,159,25,153,25,43,75,164,132,111,38,173,87,89,35,24,116,121,1382,500,84,77,1024,129,68,1794,253,40,79,235,24,826,167,232
2070,2,127,45,128,122,185,304,66,36,105,85,72,127,62,34,199,75,97,217,120,298,33,35,231,28,148,75,33,47,39,58,222,79,34,198,63,88,160,78,60,145,286,107,31,183,131,46,58,61,40,30,133,37,30,140,97,26,126,275,268,161,77,39,33,69,318,316,107,49,81,26,889,505,102,32,98,33,41,41,47,44,59,119,24,42,41,119,102,118,38,85,41,265,27,39,342,43,1941,311,68,196,2537,102,80,1217,210,45,39,377,22,1077,319,181
2070,3,717,48,88,63,743,793,45,30,118,65,74,77,30,35,65,96,333,54,61,789,216,56,79,70,134,277,20,126,31,55,753,120,166,282,69,159,253,266,229,53,706,154,160,531,90,43,49,46,59,40,341,60,41,113,54,304,47,615,68,85,110,31,22,85,1258,218,34,69,53,85,2544,460,223,41,208,92,41,59,48,365,32,55,99,40,27,231,92,32,29,64,52,262,37,282,180,405,615,719,70,46,1008,152,68,1088,1704,229,95,311,129,1470,482,310
2070,4,181,33,59,39,162,254,35,24,54,40,44,43,67,22,31,29,192,36,75,575,35,49,56,26,51,79,27,67,30,54,144,64,48,265,46,87,93,118,97,33,147,45,35,368,35,31,37,34,38,28,93,114,29,36,28,39,29,190,48,48,55,37,33,40,779,175,36,117,39,25,388,221,42,26,53,78,24,32,36,70,26,40,141,24,25,110,70,78,26,59,28,158,165,42,87,53,298,477,51,42,175,51,39,252,743,56,88,205,50,449,178,113
2070,5,57,44,35,27,52,69,27,24,33,36,29,32,28,22,26,24,43,27,38,70,28,34,41,24,48,89,25,37,26,29,64,37,42,70,33,39,49,43,37,27,56,89,26,59,27,41,38,30,26,24,57,84,25,26,28,26,34,60,30,36,25,53,40,32,118,77,25,56,33,26,198,239,36,25,38,31,23,29,26,46,31,26,83,23,30,83,44,34,25,38,29,55,88,27,43,39,82,66,43,28,87,33,30,72,98,39,29,73,30,113,101,55
2070,6,38,27,27,24,34,42,24,24,27,39,25,25,25,24,24,26,54,24,25,45,25,25,30,25,34,153,20,27,23,26,35,26,34,33,25,33,31,30,28,28,39,29,23,36,24,36,24,29,33,23,31,24,30,24,26,24,26,40,25,38,26,21,22,27,50,37,29,25,25,25,52,53,27,26,27,34,27,23,24,27,24,29,36,23,25,31,29,24,24,25,26,32,31,27,32,27,48,45,26,25,43,26,25,46,47,25,91,33,24,53,53,31
2070,7,38,37,44,33,41,50,55,39,88,43,32,27,72,60,39,45,87,44,52,53,28,49,28,35,35,73,44,94,55,67,57,48,52,36,74,73,59,59,51,39,54,54,75,37,43,86,53,84,85,35,52,76,28,30,32,46,38,43,48,51,25,74,49,35,66,56,41,62,52,31,76,60,30,36,27,65,55,59,35,46,54,60,45,40,41,48,86,38,36,45,39,42,128,37,78,38,70,70,27,51,35,40,40,208,46,48,34,49,50,61,67,67
2070,8,42,33,75,35,43,45,57,77,251,33,60,39,132,219,40,37,83,103,709,46,34,50,39,76,33,318,53,103,65,125,153,92,83,39,40,167,346,105,66,64,57,73,72,38,116,116,127,105,194,57,102,45,51,62,62,56,43,52,64,117,31,73,99,69,124,110,98,80,69,99,52,105,76,40,49,127,51,58,37,75,112,82,66,39,120,85,52,100,37,59,62,56,135,53,79,304,105,112,26,67,34,111,91,385,87,91,69,120,77,52,87,70
2070,9,26,38,119,44,45,65,58,49,130,49,31,139,75,115,46,32,37,59,395,24,43,79,144,37,29,143,25,112,93,24,51,44,134,56,25,72,40,41,41,54,33,51,38,39,44,141,77,37,85,29,40,23,92,36,23,52,63,44,75,78,35,137,40,39,24,30,53,209,115,27,46,27,37,37,72,89,30,23,39,163,33,612,124,22,113,26,54,58,32,90,34,68,108,149,27,39,45,27,27,29,33,85,38,373,69,42,65,86,90,49,48,25
2070,10,23,29,40,56,24,32,24,79,70,33,26,29,47,29,23,38,84,127,130,25,250,111,38,23,67,59,42,92,25,47,30,147,25,37,106,36,77,101,46,97,24,45,28,43,37,26,29,23,123,36,23,23,49,80,63,66,115,38,101,28,62,200,75,29,24,25,49,230,49,23,27,57,44,22,74,26,107,22,24,35,47,168,27,22,28,24,38,167,25,51,35,336,35,44,30,100,103,44,22,29,24,28,165,78,29,43,23,44,24,25,67,23
2070,11,33,34,24,103,211,131,32,241,41,80,28,40,25,53,59,45,81,32,226,42,67,142,46,22,52,64,19,40,28,39,42,93,28,53,103,30,204,124,83,76,24,61,112,78,69,79,23,120,124,87,30,22,26,117,56,28,73,43,59,24,50,36,31,79,23,182,47,109,34,30,117,94,39,25,58,54,60,24,24,39,26,78,243,21,59,27,89,35,40,42,104,94,68,59,24,31,32,32,23,30,29,84,38,183,33,46,32,137,56,62,305,34
2070,12,29,56,248,46,585,134,23,159,48,28,22,146,214,97,26,29,28,26,198,25,47,33,35,82,48,82,60,124,37,253,28,147,23,65,50,306,687,204,28,49,22,39,88,177,29,31,346,32,63,201,29,22,180,29,63,60,166,180,28,145,72,54,28,24,28,74,74,43,33,57,27,51,120,26,65,94,34,269,25,25,28,42,82,253,85,53,182,103,35,29,86,469,283,28,33,48,37,36,22,31,41,110,101,156,23,24,53,38,1005,26,56,23
2071,1,99,80,142,250,250,49,190,195,392,644,22,50,537,114,87,34,80,25,360,29,328,30,85,95,95,43,24,86,72,110,92,746,44,325,55,99,386,80,33,78,94,33,71,73,302,80,202,113,143,98,142,22,75,28,27,254,84,188,33,65,57,908,51,31,23,40,1715,46,193,103,40,50,258,40,45,48,191,430,40,35,456,183,504,213,115,70,326,251,24,24,31,355,641,714,235,149,53,23,23,81,71,203,139,67,29,36,106,191,605,24,562,201
2071,2,96,67,103,79,429,63,41,1011,176,544,51,81,319,33,28,40,33,465,805,110,90,111,44,56,93,69,69,44,27,49,57,184,23,1036,105,52,410,265,110,221,139,26,126,38,103,29,66,55,55,556,72,23,131,37,146,527,146,228,224,56,119,1247,64,105,33,83,431,100,146,94,655,106,145,643,36,113,51,133,120,98,189,714,480,301,115,36,405,94,93,31,89,1024,1286,280,172,110,70,76,22,86,61,120,113,99,28,193,64,54,493,36,723,134
2071,3,37,151,49,145,334,123,48,914,209,123,48,330,270,29,49,25,31,162,776,198,72,247,255,45,95,48,31,116,24,53,28,73,192,199,200,47,327,874,667,62,278,83,105,76,97,27,48,34,56,418,54,21,49,25,36,445,153,619,465,143,136,2828,68,29,45,43,352,109,93,62,126,134,77,263,27,162,165,352,145,48,106,113,872,132,55,25,790,108,29,39,125,453,836,169,89,72,85,131,21,124,97,170,618,433,480,97,34,101,1398,172,456,73
2071,4,28,58,53,105,65,79,27,343,113,73,23,85,129,26,31,24,25,55,110,63,50,104,44,42,40,33,24,43,23,43,31,54,33,71,85,35,931,461,75,34,56,25,52,35,40,25,57,29,36,109,31,21,34,24,28,99,48,345,59,49,86,1279,28,26,23,37,86,49,53,33,65,82,42,66,26,99,41,76,31,51,48,56,271,53,35,24,145,56,45,29,53,124,107,67,51,45,46,45,22,62,39,59,191,521,43,50,33,42,364,75,261,57
2071,5,25,63,41,36,46,38,25,91,40,41,23,38,53,24,29,22,23,31,53,42,54,40,32,26,38,27,21,33,26,28,36,37,35,43,38,27,131,99,40,38,35,24,34,31,29,33,30,25,30,49,25,22,27,23,24,48,66,59,36,29,31,165,24,24,23,28,50,49,42,25,44,32,54,51,32,36,29,42,27,25,41,39,92,37,28,23,62,45,30,22,29,53,60,43,39,39,27,26,25,28,44,38,59,95,40,31,32,45,90,42,66,34
2071,6,23,27,28,28,34,27,25,46,28,29,21,28,35,26,23,22,23,26,34,33,26,27,25,24,25,24,20,25,23,31,23,56,28,28,26,24,113,67,32,24,42,60,25,27,25,23,25,23,24,31,26,21,25,23,23,31,29,47,27,24,30,56,25,23,21,24,32,90,68,24,28,25,26,39,25,26,26,29,24,29,26,30,46,26,36,24,35,31,53,24,25,35,39,28,43,26,25,24,23,26,24,27,48,39,25,25,26,25,57,42,39,25
2071,7,50,57,116,54,90,42,52,52,49,42,40,28,57,60,32,49,30,49,47,43,38,46,43,33,30,79,43,62,56,73,42,70,30,51,33,34,98,103,31,37,52,112,26,77,52,52,48,51,41,52,37,26,35,29,30,37,45,52,45,36,50,37,63,38,43,25,38,45,33,36,109,46,29,36,32,102,48,66,30,52,37,57,67,34,53,70,103,29,53,54,40,49,63,43,75,51,40,45,59,50,49,119,55,36,42,71,63,62,45,34,73,52
2071,8,85,187,238,80,48,55,54,31,50,54,67,35,152,61,77,124,41,45,42,136,88,57,55,29,37,68,25,202,36,178,53,210,43,102,51,128,85,91,64,55,84,69,31,35,57,46,139,38,56,92,52,37,56,31,65,131,44,55,48,45,37,30,135,81,39,69,149,634,92,107,141,41,80,300,175,111,49,86,31,107,78,101,127,40,82,66,126,41,162,81,110,49,43,68,66,38,35,83,87,244,103,96,158,79,279,447,155,75,114,43,113,55
2071,9,45,53,26,98,33,67,32,46,76,32,63,36,25,40,80,61,68,27,24,48,40,63,45,32,29,90,24,54,36,45,250,63,24,43,220,49,55,76,104,34,206,24,44,83,66,47,108,42,69,24,28,21,94,85,70,36,26,32,119,26,47,27,78,53,33,82,126,92,69,34,36,32,32,71,257,49,52,74,47,79,51,54,42,23,38,53,85,27,100,74,55,29,73,422,73,93,33,32,37,76,138,45,79,35,113,86,235,246,102,26,138,33
2071,10,47,36,29,1214,35,33,83,276,26,56,117,145,23,58,28,1582,37,69,24,216,32,173,26,51,23,24,56,28,33,38,79,67,42,28,34,24,147,40,72,51,61,24,27,39,267,38,31,58,54,32,94,28,55,26,298,55,23,23,597,167,28,23,72,33,29,53,26,201,45,23,110,64,27,182,42,38,29,89,65,70,56,25,106,23,268,237,165,23,29,65,27,27,31,315,78,49,45,42,66,49,69,36,47,31,60,256,124,28,56,27,85,161
2071,11,23,188,34,134,48,49,30,288,24,23,103,39,136,24,26,61,53,51,23,32,25,68,52,67,28,25,49,65,26,240,60,86,51,38,100,212,77,48,107,406,232,32,34,76,187,35,95,98,46,23,60,43,62,31,116,62,22,439,1195,391,53,27,74,100,50,144,25,114,69,66,396,407,70,161,50,72,27,31,40,89,173,35,395,56,119,43,655,73,26,50,63,65,40,89,36,299,46,81,22,45,42,30,40,62,53,361,50,154,41,199,31,52
2071,12,32,37,23,128,2048,54,29,246,331,58,45,106,470,22,22,37,46,26,23,67,342,44,23,71,39,23,24,378,21,34,195,133,34,64,92,32,137,25,31,109,53,36,176,49,56,22,189,26,62,30,119,20,26,37,232,260,1607,57,245,53,416,40,65,146,29,103,26,106,97,34,329,477,83,184,33,149,27,37,29,71,75,23,91,26,48,40,90,23,67,74,24,90,106,55,152,45,245,95,23,43,194,91,249,23,51,116,226,45,56,73,101,83
2072,1,34,63,25,175,382,189,37,129,653,27,137,60,2330,23,22,53,32,69,109,520,241,39,237,197,40,35,85,310,192,32,100,296,29,733,109,31,84,36,44,278,44,24,76,31,61,26,1352,1509,30,23,41,19,41,36,95,145,98,123,106,61,544,51,54,507,30,55,396,95,57,92,397,199,43,245,45,76,181,113,26,155,104,34,123,57,46,193,78,146,27,38,38,606,59,118,375,72,70,210,156,135,337,33,89,763,70,107,118,44,112,41,41,29
2072,2,41,119,34,897,406,230,79,131,281,124,162,51,2283,84,42,108,60,57,346,306,859,125,103,119,61,32,173,259,46,48,213,229,58,855,80,38,120,153,291,198,54,187,226,55,76,22,1582,1165,40,23,111,54,76,41,103,160,431,75,71,195,1428,39,183,1220,51,150,485,60,91,100,240,441,250,1712,131,94,168,147,50,354,45,122,401,98,117,47,274,80,26,29,242,411,82,180,130,743,91,47,179,47,61,77,173,415,192,197,87,188,93,35,66,61
2072,3,169,51,336,799,506,224,38,86,265,42,296,320,523,125,25,199,130,73,53,246,2894,624,71,390,84,31,269,172,47,240,84,227,86,1012,224,144,68,205,47,96,48,187,423,26,338,32,718,410,28,77,388,94,82,32,71,85,530,48,60,125,1160,626,76,658,239,298,223,73,58,31,2063,534,85,577,201,93,496,49,95,740,216,68,324,194,486,42,404,194,92,26,35,822,31,2891,72,266,177,217,123,56,181,104,66,230,244,297,228,45,160,31,585,30
2072,4,34,41,65,177,89,101,27,54,138,31,50,78,115,44,23,49,30,27,39,190,551,79,62,325,51,23,249,67,37,36,46,98,47,173,167,84,39,100,38,53,34,42,164,24,72,21,602,71,26,23,95,46,33,25,43,44,103,46,53,76,853,81,37,107,89,81,65,36,52,32,1345,164,39,230,43,42,202,77,60,115,56,27,119,63,200,33,274,71,28,26,30,277,28,1830,50,73,92,319,67,32,67,46,40,180,282,148,217,36,140,33,138,31
2072,5,26,27,29,58,52,56,26,39,50,24,37,37,57,28,26,37,25,24,28,56,68,40,29,139,25,22,146,42,29,41,37,44,35,66,93,46,29,38,28,45,95,28,57,28,38,21,116,59,24,22,55,39,28,23,33,32,54,36,37,64,71,45,31,54,31,38,41,28,32,25,89,70,31,61,30,114,286,37,34,60,33,27,57,42,72,27,59,97,25,25,27,63,25,117,33,123,37,75,34,26,42,28,30,213,274,44,51,29,168,25,51,24
2072,6,24,25,26,41,39,29,23,27,32,23,28,28,40,24,21,27,32,24,29,33,42,31,25,38,23,27,40,30,25,25,26,45,33,44,37,26,28,26,24,30,26,25,50,24,31,21,48,32,22,23,32,29,25,39,25,26,35,25,34,28,42,28,24,34,26,28,39,24,24,46,44,40,25,41,31,28,73,27,26,36,28,29,35,47,38,24,36,67,23,23,26,38,23,52,28,34,27,34,27,24,29,25,25,42,41,33,37,24,34,24,33,23
2072,7,49,33,34,44,57,52,39,76,42,31,47,25,48,56,26,78,70,35,37,54,55,35,56,39,39,36,113,48,149,46,43,68,127,39,54,33,72,32,39,87,56,44,62,36,52,62,60,57,37,38,37,40,41,41,36,44,42,47,37,26,65,54,44,71,43,31,122,48,44,53,51,38,64,63,65,59,67,42,44,66,39,55,70,50,37,47,54,146,24,37,57,62,60,59,32,55,44,32,83,50,39,81,50,53,46,88,39,39,48,41,44,57
2072,8,746,36,34,31,36,208,38,116,207,51,54,44,60,169,42,73,78,44,62,50,192,72,85,37,53,50,180,70,226,34,259,153,335,64,59,61,215,89,119,54,32,71,103,42,37,93,237,217,35,75,51,77,85,69,32,62,153,285,124,28,41,68,144,106,162,33,92,197,193,193,52,47,39,30,125,251,80,31,67,183,65,60,173,44,36,100,49,123,32,49,131,245,276,88,37,146,39,42,499,76,39,83,73,62,181,257,183,54,193,80,47,78
2072,9,126,73,29,23,39,37,23,32,307,62,48,92,34,34,48,74,51,66,28,138,241,65,58,38,27,51,122,29,156,23,53,108,42,54,28,33,245,49,50,25,39,69,60,33,24,85,177,74,41,46,33,61,58,56,62,28,26,53,46,104,32,31,32,26,65,26,32,150,40,117,75,36,31,26,80,130,29,30,36,29,86,179,57,57,32,33,28,49,45,84,70,169,253,64,51,24,50,55,125,59,36,34,32,47,257,156,50,33,102,84,46,95
2072,10,46,43,40,23,55,56,22,75,65,218,41,95,96,42,22,41,33,39,22,49,300,44,25,610,50,21,220,23,32,32,66,37,44,64,32,28,38,63,88,155,33,45,44,29,23,32,31,571,395,27,96,31,34,38,43,37,112,247,38,65,102,26,23,24,57,38,36,32,55,142,150,478,34,98,805,46,60,23,24,24,40,36,31,98,37,103,37,42,29,492,60,65,49,29,42,152,48,32,120,42,417,24,23,24,60,31,98,24,37,25,246,67
2072,11,133,26,28,22,41,347,30,37,71,43,62,35,178,91,29,109,84,112,49,26,90,195,23,46,23,31,100,26,29,84,35,67,24,62,66,22,64,81,125,54,81,210,44,42,53,45,44,113,1133,48,72,88,218,60,25,38,348,35,94,288,78,42,40,29,61,54,41,185,25,956,46,54,75,45,816,48,155,32,178,25,34,26,81,24,46,61,28,29,54,45,27,127,132,46,24,69,79,52,53,80,170,42,44,44,80,25,128,30,200,23,104,61
2072,12,45,66,121,24,49,155,53,30,56,28,28,63,463,51,58,213,33,204,77,93,191,41,27,86,58,21,103,45,28,134,119,58,24,485,26,26,172,50,29,34,57,137,32,41,60,100,30,141,128,573,46,28,572,323,23,44,177,41,50,99,42,144,783,29,42,50,152,218,26,52,93,38,91,32,97,32,345,154,52,67,43,28,38,29,29,103,26,318,46,43,26,93,57,25,96,260,103,47,221,38,53,27,56,32,53,24,45,30,34,31,173,53
2073,1,324,50,55,25,31,77,154,80,38,32,47,225,380,28,23,473,107,167,247,173,84,37,64,120,65,33,174,32,194,53,42,153,23,61,24,24,426,259,72,34,29,1455,182,87,42,301,131,392,173,80,164,43,224,581,23,57,188,68,267,60,58,53,100,200,33,36,69,149,50,84,179,139,47,63,1252,37,2728,83,68,106,90,95,36,31,87,61,26,255,29,150,77,85,217,29,55,427,180,151,67,37,84,104,167,37,386,103,50,29,38,641,468,35
2073,2,122,46,65,23,67,93,197,148,39,149,29,209,362,27,29,338,31,116,126,108,232,102,163,258,57,50,230,32,51,226,413,139,27,110,68,23,199,307,86,46,69,784,267,56,179,149,77,429,270,99,125,34,122,371,84,154,329,118,170,48,381,57,48,80,82,25,174,242,31,87,135,419,48,219,770,367,2477,77,68,276,62,114,56,24,129,35,91,175,60,83,44,108,539,126,165,231,981,85,60,28,126,157,65,72,273,49,208,102,115,927,632,31
2073,3,83,162,116,22,55,226,76,330,33,115,55,219,236,25,23,108,30,929,135,423,208,36,82,65,50,141,453,34,98,160,206,115,28,134,24,24,384,1148,35,39,110,326,129,83,237,217,43,285,228,115,88,39,375,276,187,234,682,74,293,39,85,464,110,491,323,27,57,138,160,91,260,3622,79,115,164,292,2188,50,49,64,242,33,36,23,33,42,39,84,68,68,186,74,318,1569,184,531,1338,238,44,26,171,96,162,94,200,52,43,27,51,228,714,49
2073,4,42,116,43,36,44,121,35,64,33,37,25,65,92,24,22,53,26,198,49,89,145,28,41,39,32,53,143,30,62,59,78,90,78,70,25,23,455,175,27,54,61,111,91,55,63,50,32,82,108,57,38,41,121,65,31,39,428,101,356,38,66,201,73,105,47,25,68,224,31,62,102,519,36,47,63,80,757,30,29,40,43,27,143,30,44,32,25,59,29,40,35,44,148,366,72,152,279,88,43,30,71,42,44,31,70,34,53,24,38,77,525,28
2073,5,32,48,29,22,28,39,27,41,27,27,23,38,52,47,20,39,25,58,33,52,59,26,25,29,24,33,49,23,31,35,63,41,37,45,28,21,57,54,24,24,35,58,38,39,35,34,27,59,47,33,28,31,70,42,27,29,72,42,85,27,39,51,40,43,32,44,33,51,29,31,44,89,32,42,44,35,69,36,25,30,30,25,32,25,26,35,23,34,28,37,31,30,52,80,33,66,67,41,40,24,89,34,38,34,40,31,36,141,26,49,149,24
2073,6,25,27,24,24,29,28,28,29,23,26,26,28,34,26,21,31,31,37,25,29,34,23,25,26,23,24,32,21,25,29,32,29,23,31,22,21,36,37,25,23,24,37,29,25,28,38,28,32,44,26,25,24,38,29,31,24,38,26,38,24,32,39,28,29,26,25,27,34,27,26,29,48,24,29,29,35,46,26,23,27,25,23,25,22,23,26,23,26,23,27,25,29,39,40,26,38,40,28,25,25,30,27,28,24,32,33,104,39,24,56,60,24
2073,7,39,55,34,33,40,64,75,33,40,37,52,36,56,65,25,75,55,50,47,48,47,30,49,46,37,60,32,32,53,43,34,62,44,41,30,49,29,38,46,65,35,40,38,54,36,54,31,59,236,52,42,46,71,30,45,35,51,42,64,42,59,31,31,34,34,27,48,49,42,46,41,43,35,29,31,52,49,35,36,43,40,47,43,45,38,27,43,75,31,42,38,62,110,47,53,36,41,41,64,44,53,72,148,67,67,30,156,63,56,197,70,36
2073,8,38,45,49,186,129,85,82,53,32,98,54,79,59,84,37,123,55,43,72,56,29,76,73,156,43,45,40,35,144,49,45,102,117,102,57,36,72,38,112,58,59,32,40,191,35,65,53,47,292,63,73,283,215,34,46,136,45,43,54,169,73,50,59,344,46,64,89,45,49,40,41,101,37,61,62,43,59,104,227,79,83,55,117,124,38,57,68,58,42,184,38,53,111,243,57,45,88,81,63,235,63,149,88,65,115,53,138,103,259,63,38,140
2073,9,67,27,42,199,38,62,557,26,34,88,24,65,37,81,30,467,35,29,193,23,36,44,48,122,24,28,26,25,32,67,26,79,252,43,22,23,54,47,59,59,33,32,50,29,31,97,169,24,151,37,29,73,61,29,24,29,37,65,99,201,35,36,84,158,23,31,26,27,32,32,60,42,27,28,36,35,46,204,65,66,46,26,112,65,27,58,27,26,55,102,52,55,33,135,97,35,43,36,31,45,220,36,32,99,70,30,57,65,93,39,41,202
2073,10,33,65,112,74,31,186,31,50,66,173,25,309,59,49,29,31,22,53,133,29,81,609,90,33,27,22,28,21,25,24,23,36,28,41,33,33,56,24,262,202,51,23,50,50,22,79,64,25,686,43,72,40,29,29,23,28,43,36,29,143,911,23,56,47,28,55,23,31,22,605,58,41,45,85,46,96,27,35,1209,25,24,33,80,123,156,82,104,27,22,25,26,28,68,40,40,37,23,67,34,25,80,54,23,28,46,22,27,23,91,34,149,30
2073,11,30,23,40,166,47,1285,47,29,228,136,32,1225,107,65,155,54,62,33,81,53,106,43,73,40,25,169,22,37,87,22,39,67,45,63,25,25,28,29,71,138,70,22,32,70,83,341,46,23,503,76,50,45,377,25,139,34,50,91,28,160,69,104,24,205,36,34,23,44,47,617,128,24,51,64,38,135,78,42,167,34,22,32,66,129,98,69,53,25,33,53,36,24,107,39,41,77,224,85,41,31,74,28,24,49,56,26,36,26,45,53,50,78
2073,12,206,118,34,116,39,168,29,30,43,74,73,86,122,135,166,30,23,61,179,46,83,39,27,52,27,70,23,298,498,22,31,32,158,66,52,36,23,61,460,302,281,23,23,96,31,53,741,23,2543,33,83,463,126,25,107,30,89,69,161,207,92,29,35,69,25,29,22,56,26,95,442,23,25,33,35,44,26,169,253,44,30,159,254,55,174,68,51,110,27,220,66,191,47,25,224,103,174,61,88,23,65,27,76,48,62,28,28,44,27,27,36,36
2074,1,107,91,48,126,71,139,40,824,166,398,32,71,167,104,49,67,23,83,179,27,113,194,1082,32,32,35,79,149,223,25,54,51,40,30,463,20,26,246,301,232,129,30,87,45,310,466,1570,57,1305,107,65,573,111,78,41,25,156,55,48,73,190,851,24,54,32,27,22,440,89,62,164,34,26,27,39,35,153,314,468,133,38,201,75,67,48,94,33,87,24,170,544,345,30,36,472,43,129,71,227,472,30,29,32,28,890,53,24,24,102,33,421,45
2074,2,172,42,214,86,60,617,69,446,281,227,138,724,153,243,52,289,81,59,245,394,287,157,813,57,46,30,163,158,561,24,24,206,43,145,212,25,32,117,342,401,117,33,389,80,69,285,1037,69,621,42,58,73,76,67,312,30,39,130,138,152,160,1042,24,97,92,53,39,273,204,135,471,936,40,114,27,49,40,158,603,31,59,66,102,581,79,283,49,48,86,512,463,109,107,28,177,36,796,130,43,126,96,101,47,24,1288,295,106,25,502,59,1152,83
2074,3,124,238,458,245,96,373,26,213,104,760,41,872,208,209,33,43,26,38,762,180,94,251,244,53,172,32,40,276,471,71,30,206,87,56,904,82,156,96,970,1551,1530,37,109,65,56,174,1769,105,127,138,206,84,49,33,123,24,44,55,68,369,719,813,23,286,40,37,68,128,57,107,280,230,24,128,23,277,86,541,1345,54,130,44,67,361,114,164,43,30,23,171,99,62,33,216,161,49,572,43,124,63,158,278,55,283,2061,82,215,64,165,44,1503,91
2074,4,45,49,72,80,31,168,25,68,54,568,30,128,159,51,28,34,24,40,381,65,57,335,93,29,36,88,28,379,86,27,33,78,56,31,370,26,38,70,322,228,219,22,44,31,33,86,368,48,66,35,207,52,35,24,50,47,50,43,35,90,547,211,23,132,25,25,24,55,37,49,73,129,65,46,22,58,32,197,419,28,30,35,41,248,134,87,26,26,26,79,69,42,28,73,102,27,124,35,60,113,54,46,26,67,471,43,49,39,68,55,337,106
2074,5,33,33,40,44,31,67,24,50,34,61,26,57,75,37,25,27,24,33,69,40,38,61,56,25,27,128,34,60,54,25,23,40,27,25,62,22,25,43,62,74,57,23,35,25,26,42,65,25,44,27,45,40,27,24,35,53,25,26,27,45,56,79,26,37,23,31,24,38,28,65,48,54,28,31,22,55,77,56,64,29,30,27,31,61,136,38,25,24,32,42,38,31,30,31,57,24,58,27,36,37,30,33,25,41,79,26,31,39,38,24,71,50
2074,6,29,28,29,29,24,37,23,29,26,37,24,37,41,29,24,24,22,23,42,42,27,34,37,36,25,26,24,36,35,30,22,31,27,24,48,26,23,26,39,38,38,23,26,23,26,29,51,25,32,24,30,27,30,22,26,22,23,24,24,33,62,44,23,28,22,40,22,32,24,42,36,33,23,26,22,34,55,38,45,29,25,26,26,36,33,30,26,23,22,29,28,26,23,25,31,23,35,25,29,28,27,26,25,28,45,24,26,23,31,24,48,29
2074,7,50,29,32,35,49,47,54,59,33,40,54,55,91,29,30,39,35,40,55,93,28,71,36,97,54,53,46,33,54,53,60,37,31,32,59,36,28,38,51,142,52,56,34,36,52,67,34,43,39,55,53,27,43,38,34,40,51,30,50,61,133,37,37,63,32,83,26,54,30,77,56,48,29,43,58,55,57,54,33,46,43,44,61,65,337,60,38,37,64,66,46,49,37,63,51,31,28,83,49,30,55,35,50,69,170,48,90,42,54,42,40,25
2074,8,87,30,33,86,91,54,96,123,144,51,53,76,40,95,38,114,80,57,139,59,45,151,40,62,136,69,63,55,81,224,435,147,158,114,90,50,41,83,96,108,45,255,55,39,56,192,67,145,58,98,795,29,54,46,43,46,65,51,42,108,51,35,101,62,79,231,59,119,43,101,32,36,64,29,141,138,37,78,31,48,115,213,37,213,150,83,104,33,126,166,39,56,46,83,98,35,34,87,76,34,101,43,64,372,180,45,87,103,114,93,93,47
2074,9,84,25,37,50,28,24,28,95,70,74,140,24,83,24,37,46,41,64,44,29,163,88,69,32,28,68,31,27,26,254,169,57,34,38,26,79,70,24,124,95,25,150,36,30,53,75,28,204,45,37,84,45,55,75,41,27,79,58,43,67,106,53,91,177,87,86,67,62,26,103,36,35,80,30,151,60,46,56,24,24,80,81,37,320,59,42,55,57,87,129,23,152,29,76,37,29,33,83,24,108,61,41,33,256,140,77,53,74,43,26,70,102
2074,10,48,39,125,23,37,23,36,32,389,281,124,32,72,30,71,36,27,40,34,24,50,214,29,27,39,128,44,23,24,459,36,37,73,89,37,47,103,31,38,53,25,32,56,34,112,38,35,115,357,29,45,23,161,35,29,22,39,25,54,39,144,24,63,30,139,40,28,65,22,24,23,43,42,27,61,108,84,74,25,26,24,89,88,106,41,30,24,23,229,26,42,51,63,49,34,177,23,35,23,24,239,37,30,36,51,60,78,52,25,26,58,55
2074,11,68,28,45,47,26,31,41,36,87,33,478,23,198,23,80,35,26,41,59,37,50,326,29,24,59,46,408,243,29,97,57,72,26,74,392,25,103,28,24,140,37,37,72,77,111,135,28,313,268,33,31,36,40,26,40,28,24,224,70,25,52,27,55,55,40,189,94,58,91,169,99,30,32,172,25,165,54,155,36,44,39,82,109,31,134,55,71,35,55,25,27,184,89,86,27,275,38,34,36,57,84,25,43,37,55,38,46,70,41,154,24,46
2074,12,199,22,169,27,28,50,106,28,90,145,111,43,39,33,154,30,53,89,27,80,1713,131,37,27,28,41,119,248,23,577,405,336,37,100,61,23,302,41,24,87,26,137,48,50,46,151,33,109,55,31,25,45,39,338,214,28,29,134,53,167,57,23,86,171,34,386,92,51,26,55,633,35,51,86,62,54,613,92,76,89,67,29,31,28,53,55,137,459,52,27,34,52,158,71,34,180,120,23,119,43,59,84,131,37,41,57,135,30,64,29,57,44
2075,1,510,766,308,23,42,45,615,34,100,114,2022,29,359,65,51,188,28,177,458,41,86,76,158,34,605,37,302,322,1019,225,128,54,26,71,134,604,92,144,29,38,104,58,66,94,191,249,80,115,59,33,78,935,29,192,365,61,114,592,93,235,33,128,29,53,63,844,50,57,26,74,155,144,116,63,37,188,483,112,93,45,93,30,60,33,231,364,33,1607,46,118,78,188,42,41,156,46,220,35,122,115,200,160,695,58,31,200,603,51,88,48,28,103
2075,2,280,553,62,72,74,30,202,37,91,139,2218,39,1101,25,93,87,52,135,94,164,64,93,97,149,77,61,798,436,343,101,75,100,39,105,168,1548,103,151,54,86,47,38,95,946,185,330,49,70,46,32,118,307,39,404,116,395,50,633,36,408,66,75,333,83,147,1355,152,31,32,49,160,227,131,190,103,123,1546,807,395,86,141,422,89,122,85,135,182,1904,75,84,88,165,233,53,172,50,74,48,102,92,188,76,214,153,48,108,234,866,101,34,68,54
2075,3,408,116,64,99,66,131,274,38,53,82,378,24,858,672,74,36,52,684,88,89,46,108,58,140,193,69,511,666,233,67,46,45,30,74,1305,2293,254,57,158,69,46,147,308,297,97,176,25,79,53,25,78,1668,291,899,148,43,153,576,435,395,31,31,490,74,38,1858,37,49,23,139,297,174,201,125,399,254,1778,620,175,110,878,455,41,55,86,162,933,444,75,31,39,68,117,50,105,82,126,53,301,35,128,85,361,111,36,118,499,226,93,28,79,45
2075,4,91,68,49,31,25,32,73,184,35,46,108,25,120,68,41,29,23,136,42,32,35,41,47,99,120,44,71,347,114,63,43,261,46,47,583,618,69,34,36,32,33,56,77,78,50,56,58,40,33,22,46,572,43,170,47,71,32,92,67,409,30,26,498,160,33,385,35,30,65,46,369,83,57,65,111,53,190,227,116,36,238,105,52,40,71,58,227,91,66,27,32,45,63,31,42,36,39,27,234,29,51,39,269,73,52,70,766,92,48,28,28,31
2075,5,56,37,37,25,28,25,43,30,28,30,61,22,58,35,31,25,22,52,29,32,32,30,26,92,43,29,51,106,49,36,31,58,23,34,79,91,40,27,28,25,24,80,35,46,33,46,27,29,26,22,27,62,35,54,33,29,27,61,37,168,24,24,63,36,26,67,36,33,24,40,63,40,34,35,42,34,61,61,41,28,59,47,28,26,42,35,58,57,27,27,24,35,36,28,37,35,28,23,104,25,35,28,65,65,28,40,85,76,28,24,67,25
2075,6,32,31,25,26,26,25,32,25,24,26,37,26,39,28,24,25,22,34,25,24,24,67,24,72,30,24,43,44,33,27,25,29,22,25,46,44,34,25,23,24,25,28,31,31,27,40,23,25,25,21,27,43,25,34,26,25,24,34,26,55,36,28,39,26,24,42,24,23,31,36,39,29,26,28,30,28,40,42,29,26,39,32,28,24,26,27,35,37,25,23,26,25,27,24,27,25,25,23,47,24,27,27,37,28,26,27,44,31,25,29,28,29
2075,7,43,44,48,38,49,28,59,46,32,40,63,57,53,39,42,37,35,34,43,46,40,34,127,49,50,53,69,59,34,30,41,30,34,43,67,57,59,500,35,57,32,66,43,43,41,65,50,38,24,26,57,49,44,45,31,31,40,49,53,55,80,69,37,46,56,48,115,62,42,31,33,48,35,48,63,42,83,40,53,37,43,50,33,33,27,29,148,33,45,50,47,38,61,49,51,64,28,69,45,38,55,39,50,42,50,47,63,75,58,40,66,53
2075,8,57,143,45,59,67,71,75,282,130,81,116,119,58,95,99,129,48,176,42,62,38,47,88,145,30,123,73,390,65,228,42,217,89,74,198,106,40,104,67,91,61,57,85,73,111,118,77,53,30,114,179,40,95,42,37,55,50,58,29,102,138,65,60,127,63,48,243,79,47,53,47,39,48,30,120,104,61,133,52,39,37,53,69,35,42,67,131,103,36,101,39,42,48,76,87,56,43,127,73,82,123,32,130,49,144,305,113,118,78,55,29,43
2075,9,45,59,31,25,62,71,113,119,185,121,26,71,98,28,30,228,27,88,171,23,49,64,26,126,28,137,38,259,32,197,93,99,90,99,35,41,36,35,52,95,206,44,43,60,76,127,23,267,27,84,27,27,71,31,23,68,84,30,23,87,89,33,24,87,34,27,64,53,58,31,99,24,143,67,133,331,110,24,49,50,49,125,31,42,36,26,121,26,65,60,23,38,23,34,59,48,111,35,52,106,663,26,84,39,83,50,57,1058,42,26,23,83
2075,10,29,73,42,156,59,26,58,46,250,116,66,24,54,25,28,226,96,25,52,22,22,358,92,26,38,36,29,392,189,226,35,446,108,24,70,50,38,38,61,686,43,41,25,52,31,89,24,73,23,42,37,23,31,28,22,57,32,34,22,39,64,23,25,30,27,24,24,23,53,23,195,42,63,24,1772,208,43,112,24,30,30,24,35,24,48,100,86,34,29,227,25,125,44,78,40,25,118,40,24,28,99,47,24,24,58,42,57,190,28,68,30,25
2075,11,26,57,25,52,67,122,61,47,56,104,35,39,120,31,104,153,26,69,98,25,65,144,352,61,51,51,27,379,457,115,101,36,323,28,26,49,34,116,29,60,53,68,64,277,27,28,43,44,37,78,79,25,27,36,22,132,110,24,22,23,156,58,30,63,32,23,27,46,132,26,52,27,35,63,108,38,24,105,37,72,73,28,35,43,26,47,240,27,122,40,141,26,63,101,80,58,32,276,56,56,38,248,229,66,41,25,32,273,34,87,50,27
2075,12,59,25,135,41,40,89,28,539,78,86,28,95,151,126,28,62,44,57,176,30,41,52,54,106,22,30,41,327,75,93,63,578,44,247,158,33,22,376,203,52,134,283,252,66,290,29,43,306,73,182,80,26,23,22,24,32,119,162,86,119,249,151,32,25,158,24,28,27,35,57,71,25,40,84,74,57,25,73,39,98,42,52,130,33,27,74,154,32,109,35,35,89,42,677,34,24,28,157,46,25,203,91,128,59,245,285,24,747,30,51,23,22
2076,1,77,36,190,72,43,168,146,156,63,52,148,121,67,248,169,231,28,314,129,92,137,59,93,51,22,125,44,423,58,161,39,110,40,529,96,42,28,58,453,77,157,104,232,77,95,30,22,285,179,66,45,109,26,32,38,30,38,42,35,41,228,309,591,51,114,44,40,53,97,131,902,1229,51,167,151,93,30,58,52,57,25,43,81,34,58,70,110,30,46,33,39,99,130,323,28,23,52,265,24,109,181,119,87,310,119,282,67,713,22,70,100,165
2076,2,92,105,263,138,89,103,91,107,97,39,258,53,48,1072,133,193,26,236,458,48,73,1102,61,103,122,82,78,365,103,226,280,128,59,72,86,77,55,83,247,150,152,196,427,95,92,31,38,165,44,37,113,33,124,39,40,29,37,39,27,53,387,228,95,44,138,34,44,282,77,236,2955,1352,30,52,81,127,24,109,202,34,92,142,56,100,29,127,274,28,54,66,153,126,57,538,177,38,119,108,60,282,632,316,212,211,148,1072,95,345,28,65,134,132
2076,3,150,81,131,58,299,90,79,360,45,32,119,32,42,165,48,117,23,417,1554,38,98,264,72,143,43,92,319,128,63,71,207,159,59,97,39,246,37,856,1386,49,49,331,603,181,205,38,113,87,65,203,187,72,87,37,22,91,72,223,24,78,303,626,95,99,443,28,62,245,40,88,983,378,119,44,58,89,36,61,51,152,45,47,32,60,75,64,3398,39,69,139,64,440,71,905,43,53,176,336,283,274,369,174,107,130,134,261,396,250,40,426,81,37
2076,4,39,85,53,36,123,88,35,143,39,27,47,27,38,77,33,47,39,80,693,38,35,135,38,91,26,37,55,72,45,61,65,69,58,51,33,46,26,174,290,41,35,67,123,104,91,26,29,46,29,61,43,34,36,24,21,47,75,95,23,31,134,154,73,37,172,34,50,62,31,39,231,100,108,31,39,56,26,44,34,34,25,28,28,30,69,31,546,26,46,53,43,600,46,613,39,62,98,627,51,128,327,122,52,59,72,73,100,483,42,418,129,30
2076,5,29,36,33,32,52,40,27,43,26,33,32,24,29,42,34,33,22,51,70,25,27,50,31,80,24,26,32,44,31,58,42,53,37,37,28,33,24,57,75,31,28,37,49,37,56,23,24,34,25,32,35,24,25,39,21,27,27,30,26,43,53,58,36,27,49,28,24,35,64,30,93,52,29,25,31,32,24,27,31,27,24,25,27,24,36,26,73,24,30,27,30,170,30,69,29,28,94,369,33,203,69,52,39,41,42,53,46,191,46,181,33,31
2076,6,28,25,28,27,30,27,28,31,24,24,26,24,24,40,42,44,22,30,41,24,24,32,26,33,24,29,29,30,34,28,29,32,25,26,24,25,24,34,44,26,26,29,32,41,32,25,25,26,26,27,28,24,24,33,23,38,24,28,25,35,39,42,27,39,32,21,22,28,28,25,42,75,25,26,25,26,40,29,25,25,124,23,26,23,44,34,48,23,37,26,26,46,24,41,23,23,33,50,26,56,39,32,41,28,28,32,29,83,24,74,62,27
2076,7,46,39,44,49,34,29,66,48,74,50,34,54,47,43,97,54,36,42,49,73,38,30,33,54,37,50,47,71,45,52,51,71,52,49,50,43,43,56,225,42,66,46,59,46,31,51,65,35,67,27,33,34,40,34,37,39,36,52,35,27,34,75,30,168,45,42,171,34,61,56,38,61,42,61,48,48,77,39,34,39,73,54,49,35,89,35,43,39,42,102,27,53,34,48,111,39,72,55,41,62,62,35,56,69,53,41,41,155,35,368,86,38
2076,8,64,32,35,105,31,81,159,64,54,27,47,51,83,38,60,137,30,56,63,216,51,170,35,149,104,88,59,274,91,43,181,70,113,182,39,106,41,41,417,54,84,37,80,71,47,69,103,90,60,34,72,39,44,125,33,59,104,82,56,48,50,104,29,71,42,56,243,49,425,54,141,45,71,96,72,38,71,46,229,70,81,58,97,49,87,65,42,62,35,112,37,82,129,64,67,90,76,143,59,252,36,94,109,81,86,124,56,440,47,1035,78,53
2076,9,37,57,51,58,33,42,179,94,52,33,69,44,35,26,162,59,38,54,24,123,49,32,47,33,115,76,30,143,37,58,101,72,23,76,65,26,46,25,141,154,51,69,71,238,47,28,33,25,37,27,36,34,32,38,34,37,73,189,143,77,31,41,27,53,25,61,94,39,54,60,46,35,36,28,194,73,51,61,60,59,121,35,62,49,28,50,23,43,40,130,39,46,170,56,80,112,112,30,25,117,24,97,164,59,30,73,58,781,61,194,25,40
2076,10,51,27,23,23,43,27,90,27,26,50,114,23,34,24,190,49,55,40,24,51,33,47,35,123,24,35,76,108,37,26,27,32,28,32,82,23,55,63,74,84,35,28,254,59,24,29,24,23,22,30,44,43,25,35,63,24,27,200,39,46,26,24,22,31,37,25,97,29,98,32,89,67,32,37,133,44,105,30,24,549,54,23,102,29,36,36,28,47,31,137,48,36,32,65,24,33,142,30,24,427,23,34,109,25,38,47,116,219,27,99,25,23
2076,11,24,31,23,38,24,206,64,79,22,111,296,29,82,24,259,95,331,30,200,84,50,64,55,150,25,24,78,150,44,28,169,23,25,144,174,70,59,60,54,79,23,206,47,133,42,23,44,33,29,304,123,24,40,78,71,32,66,41,54,89,23,45,23,39,55,21,147,59,115,29,54,25,41,123,344,57,64,35,45,43,60,22,132,30,87,55,195,113,23,62,80,36,291,80,42,50,45,36,22,269,59,76,39,42,32,80,31,432,29,330,24,41
2076,12,312,64,271,224,177,48,44,57,39,81,55,23,94,122,53,69,75,111,32,53,115,165,68,44,26,223,37,113,218,49,40,58,66,791,86,27,75,25,52,46,27,351,46,334,23,135,144,23,25,406,84,304,50,53,63,47,145,490,27,39,30,45,23,23,24,138,73,54,89,43,86,443,212,241,97,29,295,683,119,38,46,26,263,33,29,35,120,38,29,59,63,318,85,288,24,34,33,29,157,279,444,43,27,23,68,30,29,260,21,334,25,23
2077,1,90,164,86,1044,251,677,35,150,186,56,1588,103,166,182,193,33,940,141,36,190,52,85,47,236,49,133,392,112,230,161,60,1562,222,360,150,24,121,272,69,127,27,2213,35,1158,880,43,121,59,28,466,281,128,140,181,70,34,126,278,37,58,39,68,128,397,23,206,40,82,113,24,138,226,70,251,134,77,53,183,36,41,67,26,254,127,373,175,402,61,110,157,59,403,69,375,103,24,126,40,45,1142,130,181,66,24,33,28,64,604,25,1000,25,48
2077,2,83,218,41,1476,124,702,62,38,68,125,1807,130,62,185,63,79,3240,82,60,103,59,65,58,158,135,168,203,204,205,156,59,682,182,672,68,148,130,1066,200,138,36,1925,45,2465,157,40,37,23,23,460,136,184,41,44,110,301,99,1219,255,157,57,60,31,168,39,59,37,35,98,35,997,128,297,218,109,134,109,161,43,105,272,69,119,60,267,244,1157,357,85,562,171,716,108,584,36,44,37,27,120,1212,70,93,44,115,25,39,93,3223,185,538,56,65
2077,3,49,69,36,648,93,401,30,54,33,190,1352,32,73,524,53,133,588,51,46,49,258,111,28,211,62,172,74,377,106,65,32,946,65,303,101,142,307,228,115,52,23,591,186,2143,93,36,33,22,29,136,84,195,55,44,81,829,54,820,176,364,37,345,130,160,25,92,342,27,62,22,1266,98,288,323,57,330,159,107,30,105,232,50,60,235,129,320,486,94,65,340,265,598,121,746,222,56,42,34,96,376,52,131,84,177,99,32,64,810,41,647,176,33
2077,4,34,41,29,363,76,113,28,29,27,70,109,27,38,262,34,35,76,123,27,41,62,77,24,76,31,59,47,88,48,80,27,153,42,77,95,102,89,109,78,34,22,147,62,779,52,25,29,22,25,62,59,53,29,32,32,197,66,437,39,102,25,72,33,77,29,38,66,30,62,24,708,53,169,102,40,175,54,52,32,37,73,24,55,51,65,325,371,73,35,169,58,147,61,287,42,38,46,34,118,88,45,77,78,34,32,36,242,111,76,154,57,24
2077,5,28,40,25,96,37,90,35,34,24,32,68,24,29,53,27,27,50,37,24,30,34,33,24,39,24,39,84,41,35,59,38,55,37,82,63,31,46,76,34,27,24,62,31,104,36,23,26,22,22,41,34,38,27,26,27,49,27,68,29,88,22,38,26,45,26,28,38,25,124,21,78,37,49,55,30,42,33,36,34,28,39,23,59,34,41,54,113,85,25,86,36,55,36,81,32,49,34,24,48,54,33,73,42,33,27,30,45,77,26,57,31,23
2077,6,27,55,27,45,28,37,53,31,23,26,36,25,29,35,26,27,33,25,23,30,28,61,23,29,24,28,33,29,26,25,50,37,32,36,30,27,39,47,26,30,22,37,25,52,30,25,28,22,27,31,26,28,25,24,24,33,25,43,25,47,22,29,29,28,22,25,27,23,33,21,53,28,31,35,26,34,27,28,25,29,28,25,37,27,32,38,78,33,27,41,31,35,26,46,30,25,26,22,27,34,25,37,27,25,32,25,27,40,30,37,26,22
2077,7,41,104,49,49,29,49,27,82,69,38,87,43,71,87,27,41,125,45,32,34,27,48,25,114,32,46,77,40,46,33,227,62,37,50,44,52,37,49,69,36,46,74,35,44,39,66,50,27,34,66,25,37,28,40,26,35,45,40,30,38,37,93,34,82,30,94,39,64,46,47,36,42,110,41,42,37,70,49,33,44,37,48,52,31,259,89,77,42,52,72,58,44,41,38,48,27,45,51,42,83,27,57,35,42,77,49,45,71,38,54,29,47
2077,8,193,99,135,65,36,78,71,140,150,68,53,80,172,67,43,138,228,49,39,77,25,57,34,78,28,172,54,38,124,39,85,197,69,81,67,98,56,45,72,39,50,192,30,44,44,90,313,57,28,83,41,30,39,83,58,54,58,63,29,29,47,170,78,73,95,160,411,100,86,91,49,54,96,72,106,123,77,166,34,100,50,64,48,35,149,131,55,71,48,114,51,71,62,46,27,76,108,42,100,281,40,69,57,135,206,116,196,129,57,143,57,62
2077,9,57,100,86,26,24,25,70,83,1666,25,23,36,78,60,28,56,47,55,40,272,80,31,64,66,46,105,40,26,49,59,112,47,433,75,29,54,55,24,98,30,48,152,32,29,42,103,155,51,29,26,33,53,25,90,68,178,31,24,97,68,21,53,67,48,212,95,30,31,51,62,41,74,95,53,581,65,39,52,232,169,58,128,99,43,188,25,35,45,66,78,118,109,26,44,47,49,64,41,58,54,185,34,59,112,117,41,47,142,31,105,80,51
2077,10,36,43,54,27,43,27,23,196,42,22,26,120,29,65,81,71,141,34,39,199,41,44,48,52,27,41,52,27,76,28,62,37,70,45,24,26,81,64,36,24,61,30,33,235,28,25,41,21,41,71,29,32,28,185,77,24,37,30,65,37,25,98,27,24,62,46,28,261,29,48,44,162,89,120,110,95,37,50,359,75,31,185,89,24,252,173,461,28,24,26,72,40,29,25,26,842,79,24,79,43,57,140,47,31,38,54,102,28,22,37,39,37
2077,11,40,24,25,23,52,182,23,35,61,56,50,26,106,29,559,131,82,23,41,73,36,34,71,111,29,30,23,26,52,74,57,28,139,69,37,39,34,162,124,33,32,44,24,293,51,30,40,30,70,33,22,46,44,748,24,43,71,23,118,58,54,40,247,27,142,62,33,70,36,48,108,60,135,87,49,97,42,39,114,42,24,121,33,211,103,1469,258,37,146,131,58,124,34,23,71,243,122,46,162,39,58,254,37,33,45,34,120,88,71,48,292,72
2077,12,39,26,32,28,74,38,24,385,105,146,118,123,467,28,1041,119,108,55,34,33,53,76,73,31,44,49,29,81,54,41,116,24,137,28,446,65,104,198,29,158,535,256,37,110,27,43,30,37,62,115,25,357,22,51,28,99,211,30,122,91,85,30,95,44,1413,133,53,39,42,346,109,76,449,299,99,43,47,24,48,102,191,37,36,45,179,211,88,252,30,57,359,199,22,99,40,90,408,62,39,24,113,114,69,31,32,50,96,95,155,784,69,26
2078,1,115,462,657,94,27,60,125,772,101,80,88,159,152,25,355,46,68,230,243,47,202,356,69,50,38,26,1127,103,257,34,52,23,59,56,61,90,111,191,74,56,94,100,86,488,59,30,130,51,160,136,187,332,31,51,24,130,248,79,118,355,46,83,363,22,332,58,76,45,155,296,61,35,496,131,91,51,30,34,694,1735,150,50,82,263,201,216,406,911,38,77,247,414,32,244,38,123,339,67,97,51,96,283,144,74,108,31,132,42,216,168,62,70
2078,2,339,2772,476,53,144,136,117,1070,199,66,128,43,159,32,120,79,49,93,59,79,129,249,69,29,22,54,903,56,718,135,63,48,140,59,293,142,193,175,141,71,159,93,316,408,61,23,441,151,184,258,325,490,26,105,125,68,331,62,218,317,78,154,385,89,279,62,27,172,403,1106,64,992,1509,116,161,89,127,81,806,1391,86,77,28,153,133,116,569,511,47,118,213,1348,141,125,102,87,669,28,144,121,39,120,156,152,50,25,95,165,475,152,228,223
2078,3,237,965,471,82,63,66,49,1069,483,53,199,36,473,27,65,74,32,112,228,428,92,1313,74,36,164,27,261,190,800,81,453,41,93,29,717,57,102,171,82,59,119,51,132,247,54,26,211,150,43,102,177,695,31,41,38,424,193,96,500,205,32,56,1274,89,113,259,126,61,36,525,68,840,395,105,83,69,120,127,249,781,52,79,51,223,71,822,442,249,287,38,171,2425,99,97,32,112,1255,91,104,38,36,58,201,63,32,133,160,164,564,186,544,225
2078,4,54,266,173,51,29,34,29,526,257,31,157,31,104,25,49,32,37,41,62,202,44,520,43,25,35,24,363,47,109,41,80,52,70,34,131,37,85,69,39,36,103,34,53,97,33,22,61,44,39,48,91,199,21,34,59,75,71,35,160,88,26,34,1856,53,77,90,52,31,31,130,31,199,84,65,48,58,74,83,68,787,39,78,105,70,42,171,529,79,56,31,60,496,27,51,53,44,207,54,56,30,44,76,201,34,152,34,99,46,338,59,285,66
2078,5,37,78,54,25,26,30,25,67,56,25,58,25,50,23,35,26,26,29,37,46,30,85,45,31,33,26,130,29,61,29,42,23,37,32,51,49,76,42,27,25,39,27,35,45,24,43,37,32,30,33,38,59,25,27,30,38,39,33,60,69,30,28,163,28,49,38,27,27,31,62,33,65,53,41,33,64,28,30,44,109,70,34,48,40,31,56,76,48,34,31,40,65,28,35,29,31,168,29,34,29,29,32,53,27,33,26,49,30,108,38,121,35
2078,6,28,46,35,24,24,24,23,42,34,26,30,26,37,22,29,24,23,24,28,29,26,46,24,23,25,23,43,27,36,24,28,22,29,23,64,25,29,28,25,23,31,25,25,30,24,23,27,25,24,26,30,38,24,24,34,28,29,28,33,29,24,34,51,24,31,29,26,24,24,37,34,41,38,30,25,29,24,26,31,49,71,27,30,29,27,36,42,31,29,28,32,41,24,25,27,29,50,24,38,27,24,26,33,26,31,26,30,26,47,28,38,28
2078,7,56,65,40,31,42,29,30,45,47,34,49,52,54,29,38,79,38,34,46,43,40,43,29,47,53,36,48,40,58,32,34,51,43,35,81,40,131,41,69,42,53,49,35,49,44,53,34,63,80,31,61,34,68,57,37,40,48,96,38,42,31,41,50,60,31,45,64,87,60,31,52,53,56,40,73,133,69,51,49,144,55,46,35,41,37,36,54,55,51,49,53,46,47,44,50,53,54,57,128,72,75,43,43,37,57,30,37,51,55,39,48,28
2078,8,38,251,36,29,85,70,55,68,83,36,173,51,50,34,75,208,200,79,48,38,93,69,37,102,161,50,85,104,113,40,112,112,39,265,176,29,123,33,117,45,48,199,69,78,35,77,71,72,58,41,99,86,62,58,36,92,81,57,73,36,78,57,41,117,27,254,200,256,123,57,97,55,33,76,72,108,87,103,66,100,99,41,82,173,41,76,121,140,56,70,63,424,39,60,167,51,125,68,78,558,182,39,91,105,133,40,267,60,79,92,130,87
2078,9,52,127,96,31,31,45,56,86,109,70,47,28,58,22,44,49,37,35,47,29,58,65,34,25,82,67,30,604,75,27,51,52,92,124,82,29,27,58,67,55,76,94,215,24,30,35,55,25,120,38,53,73,36,136,25,140,50,113,71,46,137,48,24,37,23,31,31,75,34,71,72,23,23,29,290,37,33,91,25,31,104,27,44,268,34,49,35,97,66,38,32,237,39,29,160,77,50,54,49,102,44,28,49,33,149,27,77,129,78,278,44,234
2078,10,143,94,52,27,49,24,55,31,50,28,24,25,29,22,38,84,43,38,22,25,87,39,202,27,25,23,26,62,37,27,246,608,26,52,45,35,23,431,84,36,55,34,31,26,46,76,34,32,36,23,76,169,67,68,56,148,39,36,25,35,78,29,23,23,27,82,24,45,23,53,29,25,31,34,224,39,58,72,24,41,34,38,35,32,90,26,27,137,25,262,43,100,24,22,30,46,64,24,94,254,36,25,25,24,423,40,36,32,25,67,63,91
2078,11,53,146,104,22,37,26,23,40,76,22,64,126,26,21,31,27,117,1003,23,32,25,23,36,147,180,40,33,123,55,36,146,709,67,28,257,42,38,217,36,39,71,42,34,45,63,83,32,37,51,23,93,54,136,33,23,72,665,23,26,31,276,27,36,40,74,27,64,24,66,51,24,145,22,39,62,209,25,105,34,65,65,63,103,36,186,66,39,150,24,36,39,95,32,123,29,87,149,27,71,151,38,27,34,30,398,172,215,37,43,66,132,110
2078,12,48,286,27,23,33,23,22,24,29,22,133,41,28,24,23,46,67,100,375,22,24,80,69,40,108,108,34,87,130,218,371,158,117,25,99,408,31,638,49,30,35,38,31,45,234,248,88,30,24,30,164,54,33,66,35,28,284,30,25,40,284,147,231,115,31,46,92,29,166,23,42,227,53,40,38,226,182,61,31,35,265,31,665,38,79,43,48,46,24,47,29,75,22,35,284,132,52,25,37,134,28,37,41,36,244,116,77,195,24,32,48,69
2079,1,60,177,44,107,25,22,163,461,51,51,40,167,38,29,39,43,33,140,45,27,525,195,49,131,352,125,33,220,60,74,529,120,48,26,283,202,31,888,36,33,41,95,93,325,133,96,70,151,30,55,36,426,28,37,73,29,162,29,25,187,61,90,189,44,63,56,32,41,82,27,430,80,41,215,271,148,372,35,81,25,111,37,286,85,182,66,29,39,26,33,49,52,124,45,400,108,236,91,119,96,78,473,200,77,233,80,73,195,38,56,338,92
2079,2,34,195,192,55,63,51,64,695,71,103,263,208,102,38,141,304,108,1168,98,22,170,101,61,122,471,86,26,399,208,36,1588,342,56,23,623,277,111,1094,35,106,95,212,102,215,119,68,64,87,45,229,78,180,27,61,96,29,145,25,28,44,291,73,221,35,79,47,65,89,45,37,69,53,74,126,150,171,197,32,36,65,294,24,204,161,97,627,33,76,124,89,23,43,141,170,477,85,462,123,50,115,61,260,274,67,207,82,137,150,710,30,691,103
2079,3,59,104,300,70,106,39,30,1250,40,26,466,249,277,20,402,66,46,579,176,24,112,105,34,128,123,49,27,173,54,48,400,414,42,28,1000,270,368,1685,25,60,63,36,198,110,693,108,32,33,48,47,95,347,33,70,27,72,128,22,27,32,238,63,109,28,32,95,89,52,33,25,405,55,194,481,266,197,640,159,78,28,364,23,85,122,98,387,147,30,26,65,27,93,107,47,468,110,1653,176,34,111,27,257,608,70,122,133,60,95,167,844,1359,163
2079,4,31,51,61,30,34,25,27,294,31,50,121,147,41,21,53,35,32,78,50,24,58,47,27,72,66,47,22,203,35,43,86,102,36,26,439,72,73,692,28,26,28,30,58,61,106,46,42,28,24,30,42,141,29,37,27,25,57,23,33,26,171,31,55,39,25,103,34,28,33,31,143,53,45,90,70,219,251,98,29,25,93,23,50,185,44,93,67,26,28,34,24,54,202,31,203,46,259,64,28,73,29,228,120,180,60,57,67,60,86,130,352,88
2079,5,25,35,37,25,25,21,24,66,24,24,47,68,30,20,37,27,28,48,31,25,37,30,27,31,44,27,22,59,28,28,55,65,29,23,64,49,38,77,25,28,25,25,30,35,45,30,27,25,23,25,34,50,25,30,24,24,37,27,22,25,57,27,37,27,24,29,32,24,27,24,63,30,29,54,41,54,53,33,26,24,44,22,38,44,34,47,29,25,28,35,23,30,41,28,78,35,62,39,25,77,27,60,60,31,44,40,31,34,48,54,83,35
2079,6,25,28,45,23,25,22,24,41,27,22,31,32,34,19,26,27,23,33,25,21,27,32,23,26,33,26,22,35,25,24,39,36,26,34,41,38,26,47,23,28,37,26,26,28,32,29,30,23,22,23,38,32,28,26,23,23,29,22,58,24,34,24,30,23,34,25,24,25,24,23,50,24,35,34,30,33,37,40,24,24,32,24,29,29,28,32,26,23,23,24,24,27,28,24,43,27,40,26,23,30,24,34,35,29,30,26,30,35,101,33,39,29
2079,7,47,40,61,79,54,50,70,40,29,39,49,50,94,21,42,30,68,42,58,35,28,26,32,37,63,50,30,40,54,29,59,46,53,116,88,41,52,37,54,66,55,41,31,53,35,27,44,29,31,61,55,30,63,42,32,44,70,44,27,27,53,56,54,36,94,49,58,79,40,57,103,59,47,38,52,42,98,27,68,30,74,75,36,39,41,50,47,37,91,41,66,74,43,35,47,33,65,57,48,55,58,51,44,72,56,37,62,40,82,63,47,62
2079,8,123,35,39,154,43,29,90,55,51,66,42,33,249,42,60,195,63,39,134,49,42,28,54,40,33,182,102,44,72,39,192,48,114,187,92,51,42,40,199,87,48,76,40,91,31,50,130,87,94,60,121,33,108,52,29,64,46,213,44,25,92,108,79,39,122,187,108,102,55,79,108,58,53,49,68,103,53,73,110,29,92,104,77,160,132,119,33,119,58,44,90,170,37,48,36,47,54,123,128,30,82,60,224,55,209,71,54,76,109,144,44,70
2079,9,86,33,26,112,37,42,71,27,30,39,24,34,135,57,39,39,34,29,29,49,72,42,53,53,46,172,52,43,31,52,44,76,45,37,33,63,101,24,86,81,25,63,25,26,134,53,27,102,99,30,134,59,45,49,22,41,26,58,58,50,58,31,40,46,29,32,227,41,26,31,117,168,32,23,150,78,30,53,96,35,1832,45,28,83,80,69,40,52,54,23,70,46,55,26,41,83,47,32,109,47,41,29,46,66,32,35,52,114,82,148,42,72
2079,10,62,30,106,153,29,31,138,23,55,23,41,29,48,92,25,48,26,28,24,83,27,41,65,44,23,46,68,31,38,23,42,26,60,33,27,46,125,61,81,58,75,32,203,44,124,24,23,24,37,25,79,46,57,79,60,22,23,38,58,30,164,44,54,22,37,35,39,34,24,49,54,36,30,168,61,57,28,34,339,59,54,25,155,44,68,92,36,27,24,25,117,44,31,22,1046,1140,44,26,83,25,62,24,26,42,29,46,34,95,37,2075,77,245
2079,11,71,39,72,203,68,72,106,43,38,47,46,32,167,105,36,291,29,27,37,38,23,46,37,25,29,24,24,25,87,112,121,23,197,49,43,118,293,107,113,53,55,145,37,100,39,33,34,23,187,46,88,141,23,23,48,77,32,68,22,37,73,34,99,85,24,35,26,25,26,51,157,414,67,27,62,30,133,27,36,77,41,46,87,80,258,63,193,66,64,31,78,149,74,83,92,665,101,44,94,24,252,71,49,178,44,39,67,28,26,129,199,282
2079,12,74,24,30,139,37,50,87,79,78,37,233,109,72,67,34,59,52,71,75,23,371,47,37,156,247,97,109,60,35,81,36,26,118,36,39,32,253,56,57,54,25,29,30,57,46,63,39,31,403,41,64,242,145,26,23,259,23,241,43,26,47,47,28,298,29,93,26,36,24,125,92,60,51,320,68,242,191,35,47,32,46,70,51,323,152,244,36,90,63,65,117,66,177,107,45,225,31,24,36,25,1721,318,24,176,28,104,454,173,61,71,151,730
2080,1,309,80,826,327,90,119,47,98,53,269,379,41,144,103,33,141,41,65,31,173,74,26,41,55,148,41,36,38,42,523,104,101,176,204,164,38,148,133,105,254,49,76,56,37,149,200,96,104,654,219,45,36,63,26,23,159,173,288,46,126,41,108,28,79,35,105,195,24,27,48,171,86,45,119,33,307,69,86,50,120,32,306,41,93,95,220,234,27,67,151,103,68,86,286,194,314,62,22,166,24,3481,184,37,59,53,29,183,91,58,90,57,274
2080,2,205,388,656,221,327,103,114,53,112,42,606,85,339,166,23,101,64,161,143,149,52,122,73,79,102,75,73,40,98,167,127,88,167,67,39,30,221,156,113,321,52,74,96,199,156,46,56,125,173,45,31,63,68,33,74,275,265,508,46,216,41,38,52,111,27,481,109,31,105,165,85,76,135,188,55,205,60,56,51,244,80,67,260,86,187,182,131,49,96,69,136,98,170,79,140,349,111,23,153,85,1471,112,32,50,128,28,216,230,57,168,91,104
2080,3,158,149,98,90,135,66,67,37,799,34,407,266,197,88,22,52,265,100,140,89,50,29,143,306,47,45,97,26,28,192,40,83,120,66,152,27,150,62,67,234,51,30,30,294,120,70,48,77,72,54,145,30,175,26,45,970,162,135,339,80,297,44,26,67,45,166,49,195,423,146,508,79,79,386,87,179,211,27,69,152,51,48,221,196,144,260,220,72,55,34,125,130,198,46,494,91,125,31,258,226,1493,883,80,59,31,42,1260,76,99,457,45,254
2080,4,51,58,47,54,54,31,41,36,66,33,74,108,70,38,22,36,35,63,34,109,181,29,42,96,40,49,39,25,26,111,37,39,152,40,36,27,57,38,38,114,43,44,43,99,50,30,28,31,51,48,34,26,35,22,23,333,45,56,47,36,55,27,24,38,56,61,34,383,262,39,289,49,39,92,28,72,116,26,31,63,38,36,202,73,82,103,131,53,30,87,59,35,59,36,320,56,38,22,84,42,632,720,39,34,45,26,210,68,75,315,45,140
2080,5,43,37,36,37,35,26,27,31,38,51,44,46,40,30,26,28,34,33,38,40,37,25,26,36,28,24,35,25,24,52,29,27,65,27,33,28,38,30,27,42,30,28,34,48,36,25,26,26,36,26,28,25,27,22,23,71,62,38,39,29,39,26,25,28,24,37,27,40,58,29,56,31,32,45,27,40,43,25,27,41,25,47,91,48,40,46,50,26,30,40,40,29,48,30,65,38,28,21,38,93,81,150,38,28,32,26,72,34,42,81,39,59
2080,6,27,30,26,46,28,25,24,26,28,31,31,31,30,24,22,24,24,25,30,28,28,23,24,27,31,23,25,25,23,32,24,27,55,27,32,23,28,25,24,32,24,25,23,28,28,23,25,24,30,24,40,44,27,23,22,39,25,29,25,26,27,25,23,26,22,29,25,28,32,25,34,25,24,31,24,31,36,23,27,34,28,34,34,28,28,32,31,23,29,26,26,24,29,24,35,28,24,21,42,32,46,121,31,24,24,23,41,28,28,38,36,100
2080,7,49,58,45,56,62,44,45,38,71,111,41,42,38,77,43,38,41,40,35,59,33,26,39,50,58,40,53,32,66,52,57,29,29,67,98,45,52,41,42,60,67,67,49,89,96,56,39,64,28,48,41,54,50,35,44,50,40,51,63,59,50,50,44,46,65,79,57,51,30,28,50,29,29,49,53,59,29,29,33,39,39,130,52,33,52,44,36,42,41,60,38,35,44,35,43,41,40,46,39,56,64,68,26,39,56,58,49,42,30,35,30,108
2080,8,59,50,45,104,136,35,43,60,56,35,148,45,142,64,35,53,104,86,44,44,44,33,46,80,35,118,59,26,81,48,98,31,27,117,120,96,105,95,287,59,83,83,212,95,202,67,51,45,42,117,113,30,64,30,78,75,117,37,81,50,95,138,117,62,59,123,152,400,41,77,66,35,33,80,70,332,37,34,47,48,109,111,124,63,128,44,74,46,87,76,55,62,41,48,55,98,38,247,78,43,65,43,61,109,95,86,91,31,282,134,37,251
2080,9,35,33,51,48,106,36,55,45,27,31,35,24,37,43,52,47,56,41,50,41,44,55,138,115,32,136,34,23,392,82,46,43,34,106,47,67,168,49,84,32,36,30,169,65,25,94,32,46,69,33,68,27,55,33,26,27,37,26,202,43,55,28,80,99,29,58,61,105,28,48,86,23,23,41,80,181,24,57,27,29,40,100,79,41,46,23,63,25,190,72,60,106,56,29,27,25,25,61,82,41,43,24,30,72,72,130,75,90,214,30,52,85
2080,10,23,51,33,236,252,48,121,33,24,28,23,64,35,24,48,50,87,36,54,32,23,55,58,118,41,52,58,49,79,24,23,50,23,32,234,353,29,40,42,81,54,38,59,242,24,55,22,29,23,125,35,55,26,43,65,38,32,23,85,94,37,25,102,933,31,24,68,27,29,29,96,60,28,24,665,82,55,58,238,38,38,30,53,25,103,27,23,23,357,29,57,58,61,26,31,148,23,24,25,82,30,29,22,41,34,41,28,23,36,77,42,61
2080,11,136,410,40,49,114,171,90,23,48,110,39,246,34,24,62,64,57,220,23,24,30,24,390,38,39,132,33,109,28,60,26,30,32,46,891,51,24,182,82,24,94,23,60,42,55,319,22,39,61,62,89,61,25,32,80,82,190,47,78,64,202,136,344,195,28,23,66,108,64,318,139,281,42,137,47,83,30,56,89,44,55,38,77,85,31,29,46,73,98,235,35,103,122,22,23,45,394,132,29,148,58,46,22,81,24,23,47,30,390,302,22,52
2080,12,39,106,25,101,55,100,39,25,32,85,150,87,35,60,28,225,45,214,22,93,153,27,1470,116,52,198,25,166,26,56,31,67,70,229,403,49,24,333,31,24,27,85,836,114,42,154,93,24,25,47,39,37,24,27,25,64,62,23,35,38,87,42,1236,107,47,30,47,30,61,80,495,50,248,157,80,99,46,24,190,115,32,25,477,24,53,36,83,67,107,38,43,54,85,150,30,67,67,110,130,32,41,161,237,132,128,29,92,58,96,379,26,44
2081,1,124,57,44,687,147,148,40,23,33,107,222,134,77,79,60,89,28,87,61,66,191,169,624,273,83,305,156,55,26,27,399,73,133,55,180,39,24,120,37,96,53,511,291,46,40,126,90,186,55,126,64,200,34,501,41,130,89,57,256,28,141,45,308,74,29,97,27,276,38,51,1032,77,943,75,383,220,29,116,187,914,29,295,468,131,669,77,295,70,114,265,65,35,1998,266,41,106,55,276,170,119,132,315,265,623,646,47,29,73,79,54,23,40
2081,2,137,108,84,596,100,216,29,39,26,303,282,59,509,90,94,61,135,131,78,30,72,179,669,1569,30,99,75,59,27,100,105,28,124,59,152,66,50,133,43,161,73,3248,713,77,57,395,29,190,49,102,84,59,22,92,134,81,70,55,297,108,77,62,226,73,256,62,159,86,59,187,1414,418,3551,161,1484,240,91,88,279,279,566,191,1122,53,253,44,310,330,70,331,340,313,2666,91,73,378,126,204,43,153,261,291,193,430,219,136,60,78,97,130,119,142
2081,3,216,422,375,713,54,146,29,138,82,402,122,74,131,46,35,52,41,176,28,26,88,52,1531,728,26,632,148,36,72,28,317,222,40,39,1916,64,71,182,111,35,85,1459,197,64,25,91,43,42,66,36,48,164,22,93,136,39,123,87,297,83,47,59,425,83,210,47,138,52,59,57,442,146,707,485,1040,246,43,165,107,259,196,119,1437,34,202,88,519,145,70,110,54,178,1074,366,25,506,270,165,87,76,77,359,100,516,114,84,104,70,99,926,93,106
2081,4,117,261,79,814,41,70,27,34,53,160,52,43,66,79,26,30,32,87,66,24,37,76,230,497,24,396,54,32,47,26,72,76,114,40,376,55,25,412,50,31,29,215,61,35,28,49,74,33,25,85,33,38,31,55,35,33,40,28,155,30,36,54,70,75,69,77,37,51,31,35,121,56,138,262,840,136,25,557,59,211,95,48,259,35,88,58,132,68,36,68,41,200,1237,165,23,96,89,51,37,39,71,289,97,99,55,32,36,29,44,189,55,65
2081,5,40,54,34,97,30,37,23,26,23,58,40,39,44,26,24,25,28,39,23,23,40,37,85,107,23,60,38,29,29,24,39,36,40,29,73,30,24,159,28,25,25,64,42,26,23,36,53,27,30,28,25,36,22,38,31,25,28,24,51,25,42,27,47,34,49,26,29,75,28,31,57,61,64,93,67,66,24,317,35,57,45,33,72,30,57,27,50,49,28,43,30,41,111,70,41,49,40,44,32,35,50,155,50,80,37,28,31,25,34,73,27,58
2081,6,30,34,29,44,26,27,24,23,24,33,28,26,28,25,24,23,25,28,23,23,29,29,41,75,24,37,26,25,23,23,28,28,37,28,43,25,23,38,23,26,33,44,37,24,23,30,25,24,24,24,25,25,23,26,24,24,26,23,32,23,24,24,34,26,28,23,27,33,28,26,35,38,36,38,44,38,23,46,30,36,46,26,40,23,31,24,33,33,28,29,26,30,51,34,30,33,35,32,27,25,27,40,43,38,27,37,28,31,32,38,33,25
2081,7,41,45,290,41,32,38,53,44,62,44,44,29,70,66,26,54,42,36,45,46,61,65,47,82,55,53,56,45,42,106,47,120,76,186,43,30,26,42,47,33,49,31,82,60,42,35,52,40,33,63,26,36,81,25,36,28,34,54,50,27,34,75,30,35,74,58,114,64,54,29,59,356,32,45,99,48,37,40,30,32,65,43,73,32,46,116,65,51,45,109,109,42,51,56,46,30,76,35,30,66,33,42,31,53,56,52,69,53,42,39,31,53
2081,8,46,33,144,173,33,31,85,90,149,56,100,32,136,64,45,57,79,76,47,42,94,121,107,1744,120,122,136,41,57,121,115,225,77,62,58,42,32,43,102,89,61,51,76,74,78,82,94,60,42,50,129,45,81,32,41,53,40,140,31,33,44,221,41,45,109,32,66,85,182,172,46,173,322,40,110,41,40,72,41,69,44,133,151,74,106,82,69,62,40,183,97,54,39,65,29,27,57,58,27,74,49,68,53,90,81,75,155,119,236,101,98,96
2081,9,36,25,29,87,24,24,109,35,83,71,59,27,57,35,38,49,119,40,41,124,52,126,81,210,36,51,27,32,35,56,77,36,37,40,24,50,32,46,57,81,28,28,32,24,41,44,87,106,66,76,131,57,64,38,25,30,63,33,64,63,161,133,31,54,39,51,33,101,66,75,39,54,29,51,220,158,39,75,24,25,25,44,92,46,46,126,115,38,89,80,39,31,25,66,72,24,43,27,29,49,72,30,62,81,51,141,33,33,41,40,84,55
2081,10,708,50,119,322,50,24,60,73,46,25,258,70,62,23,41,24,69,41,905,104,26,92,30,62,116,24,43,32,23,43,75,25,28,32,38,191,36,53,77,46,23,25,45,23,46,40,27,24,53,1497,27,33,127,23,148,67,73,99,3359,62,85,28,41,45,24,100,60,26,52,191,48,42,191,245,45,29,32,121,178,35,122,27,59,23,24,90,38,24,75,170,27,43,39,23,34,59,83,96,36,24,127,30,23,53,41,25,25,29,26,69,182,126
2081,11,172,143,110,119,47,24,35,57,24,31,62,196,77,22,170,23,86,35,76,416,24,89,23,68,63,23,29,30,35,27,76,50,32,23,264,73,23,38,196,27,22,36,45,23,49,59,33,86,275,52,117,44,42,22,25,56,26,38,81,145,122,43,45,72,23,42,60,30,33,70,61,127,53,40,146,80,22,102,41,47,65,25,38,49,56,197,36,25,38,153,55,94,60,23,67,133,27,81,39,40,93,52,43,48,77,24,50,63,24,122,125,50
2081,12,42,301,33,77,77,23,24,103,24,24,45,116,91,106,70,23,66,42,84,708,215,64,24,42,37,333,80,35,39,28,160,25,23,24,177,35,236,303,65,50,279,34,67,23,31,72,101,57,64,39,141,35,36,77,40,313,30,72,92,43,190,97,43,47,33,56,205,26,27,42,159,200,29,334,37,274,29,52,194,68,48,54,48,51,134,607,67,1097,475,49,40,58,65,23,58,37,88,163,57,86,33,66,49,50,530,36,50,29,37,65,58,53
2082,1,144,232,37,214,51,22,34,48,24,29,92,169,279,393,47,268,39,30,143,170,45,41,43,306,34,40,120,39,82,28,102,52,27,107,64,59,124,81,89,98,109,149,30,34,212,135,57,94,922,38,110,310,31,247,26,86,68,36,206,71,341,34,34,34,52,36,195,34,107,48,54,76,27,215,46,165,116,78,57,77,299,41,154,220,41,158,38,161,105,66,27,36,28,23,37,28,60,227,24,34,35,38,67,36,619,132,572,79,150,101,224,42
2082,2,54,175,31,273,127,81,33,32,64,32,52,128,115,68,89,82,157,97,697,137,182,93,158,955,63,99,199,122,66,29,174,30,437,129,119,133,70,320,692,100,155,51,73,62,36,93,51,299,1479,36,65,65,36,76,30,800,107,179,305,36,224,113,24,72,145,80,83,30,68,31,78,58,80,176,158,128,27,280,57,1009,80,123,176,68,54,95,225,330,53,80,167,232,31,22,35,42,179,1271,25,30,109,26,48,71,426,147,170,1016,49,498,84,71
2082,3,77,161,39,203,418,193,39,48,62,56,54,491,360,261,93,37,63,80,465,83,126,91,29,1116,67,243,149,29,131,31,56,23,202,48,418,431,67,491,208,62,678,39,54,53,40,67,28,263,1035,87,37,118,30,64,177,1534,58,249,81,30,165,236,81,27,52,41,99,23,53,28,349,706,172,266,42,97,25,313,36,1703,79,30,566,47,29,384,282,107,67,37,39,198,102,76,266,36,124,547,116,25,534,25,57,322,718,408,146,470,166,228,80,29
2082,4,35,70,32,63,235,60,23,37,24,23,37,394,120,94,72,29,38,61,64,47,94,47,44,356,29,263,70,26,44,27,77,46,57,34,130,123,65,175,89,48,146,27,32,28,27,34,28,63,710,39,85,47,23,32,59,431,27,48,49,57,54,166,60,36,28,44,91,23,36,36,181,129,91,104,31,55,30,78,32,89,50,27,168,38,28,119,87,101,68,30,34,66,27,35,92,27,50,180,32,25,131,24,46,337,97,231,123,146,57,62,51,53
2082,5,38,42,40,41,47,29,23,26,23,22,26,59,48,39,28,26,27,29,45,33,37,28,29,79,26,110,39,29,27,32,36,26,47,31,49,66,34,62,44,26,52,24,29,23,25,27,24,37,91,26,48,29,27,27,31,64,24,33,37,39,41,49,27,26,25,27,37,22,26,25,44,47,31,45,26,41,28,40,25,54,31,24,60,29,28,58,39,72,56,25,28,40,25,28,53,48,50,63,25,23,44,23,33,53,50,68,57,62,35,69,53,28
2082,6,28,39,29,28,53,29,23,27,24,22,23,37,32,29,24,26,25,24,31,26,26,24,25,44,26,37,30,26,24,24,26,23,27,33,47,34,28,40,31,24,34,24,23,22,24,30,26,27,50,24,35,24,75,24,25,40,23,26,28,26,28,29,24,24,24,23,32,22,23,23,29,30,26,31,25,36,70,34,27,37,30,27,35,61,24,47,28,33,39,24,24,28,23,22,26,23,28,39,29,25,31,23,25,32,33,41,31,45,27,30,49,23
2082,7,55,44,66,71,64,35,69,67,27,27,47,44,33,62,31,68,44,41,58,37,28,27,35,49,40,69,44,48,41,42,37,44,42,59,75,41,52,41,35,44,64,32,29,32,50,50,45,59,119,60,56,43,94,60,32,57,39,51,28,30,44,48,43,25,29,44,65,52,31,27,347,37,31,46,34,40,43,62,32,67,45,53,69,50,38,50,246,33,57,38,26,38,53,45,25,25,44,81,38,53,46,40,35,45,67,32,50,56,44,53,77,61
2082,8,89,45,126,38,57,45,40,100,36,30,38,28,35,100,54,44,40,52,44,69,28,31,41,51,138,110,84,40,106,173,46,88,61,110,157,56,77,31,49,128,78,51,30,37,38,92,64,41,177,97,112,75,74,79,38,50,94,39,44,37,42,52,83,41,87,72,427,132,66,35,90,73,50,41,70,75,95,64,54,65,40,98,41,38,121,266,122,60,287,40,57,52,50,57,110,44,77,166,98,40,35,37,63,93,282,64,108,265,80,67,100,54
2082,9,40,27,24,25,69,26,25,57,208,32,27,23,72,59,37,33,70,27,39,25,30,36,69,50,144,37,30,44,102,30,59,51,28,72,66,88,29,143,66,152,45,208,33,22,26,54,82,105,75,169,43,117,86,112,25,27,87,49,131,56,106,249,43,36,53,38,60,36,70,50,25,119,25,27,207,75,63,24,149,51,42,71,43,23,51,74,31,30,54,132,47,24,45,36,65,32,65,32,83,32,27,26,95,113,41,27,57,182,56,41,26,92
2082,10,29,99,23,37,32,23,39,23,347,168,27,65,32,24,54,116,154,22,41,71,36,23,41,34,27,42,115,29,48,23,47,60,32,25,55,25,29,90,25,38,28,255,44,49,25,42,40,25,485,58,72,37,26,69,54,45,75,36,227,45,28,44,22,22,71,23,37,45,30,25,241,36,40,119,377,25,76,27,27,26,53,56,114,25,49,60,212,45,29,29,41,25,36,28,76,22,49,49,27,33,23,25,41,31,136,107,24,91,34,24,50,116
2082,11,37,93,55,81,49,25,27,31,247,47,132,63,121,61,76,24,79,50,22,34,34,141,41,31,29,170,136,41,69,34,58,54,51,35,146,23,30,30,25,39,23,59,23,30,25,93,54,77,302,425,168,45,153,105,282,31,86,60,51,54,57,246,33,33,77,24,26,59,53,41,78,98,22,146,283,23,96,181,132,73,102,28,85,23,115,48,141,22,41,79,39,40,66,32,32,161,78,184,63,37,22,27,61,29,168,25,49,60,37,139,59,150
2082,12,238,31,23,38,64,28,122,30,61,117,61,98,205,75,30,170,70,127,22,56,107,27,40,42,46,34,34,191,28,27,25,178,55,25,120,163,235,119,57,168,65,89,34,176,22,43,41,25,240,1164,405,446,28,34,58,43,60,137,294,32,114,63,110,46,137,52,24,160,40,36,135,166,116,41,87,1153,35,624,42,24,378,68,35,26,32,80,55,57,46,149,306,35,108,28,65,35,76,38,28,42,271,77,25,25,221,36,24,130,44,97,129,42
2083,1,60,190,157,74,94,141,593,88,172,283,32,167,152,72,50,42,64,64,67,51,192,44,43,117,30,39,60,76,37,25,1939,2386,67,182,101,108,81,80,44,190,2168,358,536,60,24,137,65,100,119,1003,136,120,38,131,67,27,173,221,116,38,72,139,57,663,36,167,682,52,73,32,341,158,227,147,84,338,63,505,43,55,219,46,35,782,33,157,349,188,44,68,443,295,32,679,130,906,52,80,261,45,272,36,232,42,169,41,97,248,117,657,212,262
2083,2,88,114,372,29,197,30,530,89,140,93,344,231,83,619,28,80,124,468,29,136,38,209,41,36,88,86,48,33,29,35,432,1988,139,49,221,138,50,453,136,1550,637,876,214,75,103,44,127,33,428,1683,443,96,77,42,76,59,57,165,232,31,213,283,55,233,136,72,215,282,160,55,253,331,73,187,66,1240,201,1911,29,95,1137,40,122,417,191,152,274,812,26,40,216,99,200,163,260,1077,127,34,110,41,185,38,80,195,735,120,52,625,40,1648,277,66
2083,3,141,141,172,50,87,48,153,117,64,90,102,438,247,191,424,37,84,334,199,111,38,41,24,29,49,198,1196,71,28,39,711,2415,84,72,176,44,287,1288,63,565,991,799,323,69,64,67,43,222,721,776,438,124,27,205,41,120,71,296,230,38,84,176,76,109,148,65,204,84,241,23,125,288,61,81,271,1680,183,719,105,54,1565,33,32,371,95,51,309,256,67,47,172,47,130,172,556,482,46,79,60,46,188,45,156,35,1469,49,55,248,54,1264,147,151
2083,4,92,46,57,40,57,32,61,33,39,42,48,92,176,65,46,27,51,101,43,46,31,30,23,27,35,39,235,45,24,28,320,373,138,69,211,36,178,188,31,105,229,213,63,45,41,29,32,41,424,204,101,55,25,45,48,33,174,289,69,26,51,67,53,57,42,30,98,35,42,22,66,91,39,48,97,255,69,163,30,28,417,25,30,71,44,38,176,122,35,28,142,36,144,68,78,120,37,45,38,30,70,27,50,40,625,39,100,110,54,188,144,49
2083,5,34,37,34,24,34,24,41,27,33,35,32,46,42,50,33,26,36,44,26,29,31,43,23,27,25,28,55,28,28,24,72,63,76,28,114,29,42,62,25,60,81,64,39,26,24,25,25,28,62,58,64,46,24,31,33,26,39,47,43,22,105,39,31,36,29,26,44,29,30,29,52,45,29,38,40,62,34,60,27,25,276,23,25,44,37,28,63,66,25,30,48,27,54,41,58,77,29,28,30,24,41,28,72,38,72,25,39,67,29,89,137,35
2083,6,29,25,28,26,28,23,29,24,25,26,25,33,60,31,26,25,24,31,26,26,25,24,25,27,23,24,31,23,25,25,41,38,31,29,34,30,29,50,25,38,41,41,27,24,23,25,23,24,36,35,55,26,23,24,25,23,31,33,35,22,27,28,26,30,26,23,33,25,25,25,34,33,24,29,31,46,48,40,29,24,53,23,27,30,26,28,36,35,26,24,37,24,28,28,30,39,28,24,25,23,30,23,27,27,65,23,25,47,24,77,34,29
2083,7,139,70,37,45,38,39,26,35,53,41,49,44,93,37,26,40,75,42,44,37,35,24,39,45,48,34,72,30,39,80,49,75,29,30,95,45,47,81,61,76,49,46,53,40,49,49,28,36,50,80,58,47,53,43,56,34,56,34,31,27,49,37,45,37,43,45,337,37,35,33,63,45,29,37,48,86,134,46,49,47,37,46,65,29,48,54,66,52,25,39,67,42,37,49,62,57,52,137,61,61,53,92,35,34,47,100,31,246,43,56,33,56
2083,8,201,38,147,48,75,43,59,55,65,54,164,51,156,51,74,68,50,57,52,52,26,38,71,38,25,75,213,44,49,70,48,152,48,121,160,32,48,71,283,52,55,38,75,44,63,53,89,60,42,79,56,163,59,152,87,115,95,88,50,62,89,57,62,52,74,70,297,276,114,92,64,66,26,39,141,150,176,94,170,59,37,83,154,49,66,64,47,67,66,32,77,87,41,37,65,46,54,65,85,152,127,208,90,82,38,124,61,191,66,221,47,124
2083,9,39,76,92,93,37,42,104,37,23,65,93,26,28,32,112,146,42,36,75,584,41,57,46,27,29,110,91,26,52,41,41,29,45,76,76,44,52,44,63,29,29,25,68,90,42,59,68,25,24,62,90,29,110,58,53,73,105,78,66,121,72,23,61,35,25,31,57,43,39,89,45,43,23,23,96,102,308,440,119,34,30,267,119,134,25,39,50,106,105,118,79,29,33,31,61,592,45,150,29,60,60,35,133,39,77,91,36,86,120,65,24,70
2083,10,25,31,96,41,29,28,32,22,52,42,96,26,70,24,77,124,24,40,37,91,27,47,21,25,33,24,47,24,85,23,23,101,29,32,55,46,63,40,190,23,28,26,26,42,22,23,125,31,35,25,24,24,31,57,46,33,54,700,40,1031,94,27,26,31,40,37,51,45,31,28,145,25,27,26,56,52,263,59,28,31,28,92,26,38,24,41,39,119,35,75,37,203,24,26,23,79,49,1414,25,48,40,77,35,25,38,98,26,76,33,36,40,100
2083,11,40,88,93,31,52,33,46,26,45,59,241,47,125,23,40,27,100,502,64,78,33,34,46,124,82,79,59,25,31,40,23,91,22,37,85,36,250,277,77,42,38,47,41,49,148,67,30,206,100,226,131,23,31,32,48,80,53,84,24,53,40,42,29,28,23,29,126,23,140,33,79,27,117,44,39,143,97,29,72,41,23,157,26,53,43,36,77,78,48,28,31,36,51,137,79,30,73,297,22,82,42,84,34,48,65,410,46,60,344,532,282,44
2083,12,509,276,63,37,88,27,43,34,110,26,200,181,162,93,25,30,240,314,135,204,35,29,23,107,109,30,488,25,57,281,25,49,50,52,240,28,63,70,295,24,23,254,31,56,41,98,42,154,253,55,73,163,76,74,30,141,39,51,23,215,122,29,38,148,23,77,205,24,58,141,31,23,31,43,26,220,86,31,34,34,24,105,23,36,33,32,66,36,87,95,110,32,76,54,199,36,27,182,27,59,107,231,179,33,73,119,28,425,112,79,46,480
2084,1,62,509,56,72,64,31,75,230,51,692,282,148,465,444,28,211,154,225,46,83,75,125,29,189,39,57,455,30,340,216,28,35,59,50,153,37,55,71,158,43,30,69,50,119,255,483,82,105,64,50,77,123,45,37,47,50,437,59,333,161,44,23,22,179,107,129,192,31,280,306,71,82,29,266,24,77,100,53,102,37,23,155,25,351,34,30,185,132,162,167,175,40,182,79,84,219,270,355,22,120,143,126,50,364,141,330,29,136,311,81,41,131
2084,2,96,292,33,39,327,25,38,127,136,66,620,133,1468,92,75,79,70,3708,41,194,165,127,45,51,60,44,279,80,597,219,28,147,158,60,447,25,108,107,89,56,262,42,67,61,136,160,130,53,65,38,185,398,27,53,31,64,88,106,108,79,116,35,73,37,63,143,314,70,221,148,113,206,80,438,247,168,71,77,66,740,23,547,24,133,132,89,249,98,40,548,340,57,122,134,56,77,95,1020,77,123,45,444,189,103,94,178,124,82,547,169,44,89
2084,3,48,119,140,957,535,25,26,196,173,102,561,68,206,60,52,174,43,937,39,69,47,35,25,203,29,71,127,206,87,208,23,169,65,129,368,30,372,473,373,349,126,64,143,53,203,85,98,41,80,93,161,1245,32,70,23,82,113,193,141,101,460,48,119,34,81,96,83,37,86,242,316,228,27,161,114,141,104,236,45,105,36,106,22,283,40,44,160,110,33,252,727,128,1508,228,50,48,45,1332,97,52,59,784,51,94,43,95,48,71,530,194,139,59
2084,4,42,56,32,51,131,21,25,177,62,45,474,41,192,51,25,45,33,129,32,39,29,32,21,204,30,42,68,173,49,271,25,72,29,256,137,44,126,182,171,37,46,37,31,42,324,47,54,30,37,44,74,304,29,39,25,34,46,44,174,162,76,22,59,27,52,48,47,23,120,66,54,56,25,55,48,94,58,72,46,50,36,51,22,75,34,31,60,45,34,66,419,80,248,99,30,35,35,296,31,36,141,202,45,56,36,71,33,43,94,65,50,104
2084,5,66,41,26,34,76,21,23,45,30,33,68,30,61,35,26,30,28,56,26,30,26,26,21,101,24,31,44,42,73,51,24,53,26,35,59,72,45,61,50,29,30,31,31,26,43,33,43,26,27,26,33,74,23,25,26,26,31,30,151,53,39,23,27,25,29,39,41,24,46,36,47,36,23,39,28,44,36,33,25,51,51,38,23,42,25,30,39,40,25,37,56,39,94,40,26,30,28,59,27,29,42,60,29,32,28,38,25,46,63,40,40,40
2084,6,26,30,24,28,38,23,23,29,25,26,40,30,39,25,24,27,33,35,23,27,23,23,22,34,23,26,42,27,28,34,23,28,32,27,38,40,33,33,32,24,25,26,23,33,30,43,33,23,30,24,35,39,23,24,22,24,25,26,42,30,29,23,27,26,26,32,30,22,27,27,27,27,24,28,25,45,28,39,29,28,24,31,24,28,23,28,34,42,24,27,37,26,79,27,41,51,31,37,24,24,44,38,25,29,25,35,26,33,39,28,29,28
2084,7,72,45,27,36,51,40,39,61,40,45,72,52,28,58,38,57,66,42,181,32,29,25,25,46,47,63,75,124,77,72,45,46,42,30,41,64,41,32,38,34,33,48,51,163,36,81,24,72,35,34,108,38,41,25,25,53,38,37,32,36,36,64,105,39,80,48,40,43,81,44,37,55,27,36,88,93,44,60,48,37,46,44,46,74,35,67,269,50,53,64,58,138,94,56,66,25,48,36,26,26,29,64,45,69,40,32,70,40,56,49,57,67
2084,8,68,36,61,140,71,51,107,229,49,77,50,45,99,48,54,72,48,107,67,60,49,57,49,48,77,131,126,53,185,70,110,103,205,186,88,51,41,40,89,58,50,74,89,79,104,65,96,159,47,39,126,68,33,32,32,60,38,42,33,40,74,33,129,179,191,99,132,64,82,39,36,146,30,39,283,113,125,51,36,49,89,95,51,45,127,33,485,84,135,43,104,269,165,60,66,39,34,55,33,27,136,38,68,112,79,31,43,85,457,109,67,88
2084,9,105,34,34,143,28,48,64,36,74,38,42,98,73,26,44,57,65,64,150,48,43,36,43,23,283,47,39,52,91,43,27,79,100,105,50,23,248,46,89,43,39,53,215,25,123,129,30,107,31,26,138,37,63,31,31,45,75,234,51,74,46,22,256,127,31,84,31,38,51,24,28,60,23,31,255,38,25,108,22,59,53,52,22,28,89,50,122,131,27,64,35,131,51,26,56,23,48,80,61,27,55,41,119,124,64,30,194,116,90,36,32,57
2084,10,72,32,24,131,50,44,63,47,26,28,24,37,72,23,22,54,92,37,40,175,49,27,76,27,45,24,33,127,98,26,31,24,31,29,35,23,45,25,131,26,34,66,90,46,41,568,23,102,137,28,43,80,200,119,51,24,52,128,24,25,182,52,109,41,128,34,41,26,50,28,26,24,35,31,156,35,32,150,35,256,1447,161,42,23,292,63,75,127,59,51,130,59,71,54,60,35,164,80,60,32,85,28,46,43,52,42,27,87,41,24,44,337
2084,11,60,37,23,135,28,25,58,252,251,37,23,164,47,106,43,141,216,23,65,30,212,26,143,22,40,67,36,40,50,35,44,37,72,24,38,181,47,200,49,47,27,50,87,47,49,80,23,58,70,40,115,26,375,76,84,22,124,164,22,33,397,83,33,75,27,93,34,23,49,66,137,50,65,70,362,44,47,53,60,42,143,88,26,22,82,209,57,27,51,28,59,45,89,28,38,22,68,155,38,89,336,82,26,180,33,80,103,55,81,154,23,75
2084,12,80,213,151,41,456,32,28,57,34,25,83,693,54,25,22,37,55,48,30,67,81,28,170,34,103,24,143,47,32,113,136,153,92,27,37,41,123,45,27,39,32,305,39,252,24,43,25,48,131,125,44,36,95,85,54,25,63,49,90,154,138,116,56,40,26,75,38,120,209,90,44,94,200,598,142,41,248,35,107,65,230,103,295,30,42,890,206,33,26,61,266,133,200,102,114,28,42,129,86,30,481,58,24,152,106,34,49,340,169,208,26,57
2085,1,1036,326,388,48,57,23,125,1100,99,29,25,178,334,99,55,37,55,92,68,55,51,109,110,186,196,164,100,147,57,51,1150,255,179,56,25,121,273,32,88,122,29,1631,75,60,30,58,124,60,416,215,109,29,58,34,68,31,32,123,264,151,213,72,71,265,148,816,32,81,148,148,48,99,68,202,170,525,235,30,185,35,1840,90,1178,143,39,194,776,103,29,91,81,174,375,108,55,27,43,77,192,25,159,99,338,133,41,106,91,69,349,3688,280,44
2085,2,819,159,386,154,90,51,148,406,60,25,58,371,382,43,46,120,110,114,205,33,146,92,108,46,54,122,54,253,352,29,1162,81,137,53,23,265,959,409,97,108,48,1011,69,2356,72,515,27,152,290,91,571,26,58,147,35,28,30,341,56,237,235,55,365,81,586,251,110,210,109,59,82,42,74,71,90,185,267,275,98,144,5790,523,1486,191,41,177,897,40,33,66,50,100,323,44,35,30,109,239,144,93,249,122,53,211,79,66,108,99,286,1418,953,125
2085,3,292,187,583,175,420,130,48,1614,50,22,31,135,148,145,23,34,52,86,87,346,71,162,47,81,328,71,419,160,113,59,181,131,51,297,23,66,392,942,125,44,109,1329,219,510,32,591,89,66,175,251,231,23,79,120,37,260,199,140,183,577,92,85,191,105,291,647,45,268,104,80,39,32,40,77,60,113,474,191,50,130,1844,129,1595,196,30,1055,567,29,24,34,68,75,458,44,391,252,140,140,406,34,833,101,1196,151,31,39,232,47,365,216,49,318
2085,4,81,118,118,56,102,95,30,1115,35,28,24,53,111,142,22,30,31,34,33,68,37,47,43,41,88,51,154,138,124,43,581,75,73,255,37,96,186,221,52,64,28,177,62,79,24,75,28,38,75,112,79,22,38,36,33,37,39,97,77,119,52,35,209,169,248,329,26,85,44,195,39,32,81,47,42,61,99,62,36,53,265,54,641,129,36,467,122,26,23,25,39,53,258,39,89,79,131,68,135,31,105,63,862,202,42,177,107,62,144,106,37,148
2085,5,51,41,51,32,42,29,25,145,26,22,23,37,67,113,22,39,27,25,27,35,28,29,27,28,72,30,47,63,39,31,71,51,115,93,25,53,95,59,29,33,23,65,33,48,24,44,24,27,40,42,59,22,31,29,25,28,27,37,49,52,37,39,49,56,68,61,33,39,34,53,26,28,44,33,31,37,49,38,28,30,64,39,181,39,26,70,56,24,26,24,31,29,61,25,35,31,34,39,46,24,61,31,705,88,25,34,43,39,62,57,30,51
2085,6,34,30,46,26,33,24,24,51,23,21,23,29,32,32,22,25,24,24,24,26,35,24,24,25,39,26,30,29,27,24,45,27,51,33,22,95,49,44,26,28,23,43,28,32,23,32,23,24,29,31,40,22,25,24,23,25,24,29,30,37,28,29,30,32,41,49,26,27,26,30,28,25,25,29,28,27,41,37,50,25,42,28,66,28,34,42,35,23,24,23,27,25,36,24,27,24,26,32,38,23,36,26,150,34,23,32,28,26,36,38,28,35
2085,7,72,59,50,38,29,44,46,42,32,23,36,46,47,65,40,44,62,38,38,47,45,32,48,72,402,51,31,46,119,47,53,80,58,36,42,84,83,45,57,31,80,38,46,34,44,50,54,29,74,47,48,25,42,41,43,42,36,39,43,58,34,52,280,59,187,49,149,29,49,52,54,39,47,73,49,213,49,143,57,37,70,62,194,66,40,54,41,50,48,47,80,60,48,29,43,36,39,48,142,38,39,35,59,66,37,57,53,51,53,48,64,38
2085,8,231,37,98,64,36,91,74,119,64,67,154,45,64,81,30,41,43,84,42,57,58,29,34,91,206,32,36,36,162,144,127,240,69,39,52,190,61,31,182,87,51,52,40,42,62,88,163,152,88,50,93,75,58,46,50,173,70,39,113,25,29,94,104,84,99,66,350,157,48,166,65,35,56,42,81,161,35,102,60,74,64,160,119,35,49,31,153,35,123,95,123,122,39,56,34,37,73,70,163,36,47,61,101,137,59,267,193,68,123,57,131,71
2085,9,125,51,47,61,30,24,44,29,1305,111,24,65,141,79,39,41,31,28,143,28,53,31,45,33,109,24,25,23,66,36,56,118,118,47,44,56,161,56,62,44,24,153,34,137,43,455,40,74,37,54,25,59,92,56,24,75,26,32,260,23,23,65,39,64,56,25,98,31,41,52,41,45,27,30,279,132,23,39,49,40,38,222,61,24,59,137,70,46,280,56,40,64,58,249,23,30,227,63,58,36,26,57,48,39,59,46,67,43,31,305,93,52
2085,10,113,31,55,44,51,27,31,25,103,39,57,68,54,25,97,117,35,24,107,33,155,24,242,67,65,22,24,62,25,28,114,32,37,28,25,28,71,30,175,111,26,26,23,94,43,66,24,30,50,56,25,24,139,26,41,71,88,26,53,63,23,192,25,55,70,25,45,26,50,52,23,49,74,38,26,53,31,118,42,43,33,54,150,23,23,59,62,25,57,57,158,80,60,33,97,31,51,71,34,22,42,24,24,40,81,211,37,48,43,95,159,23
2085,11,842,25,100,62,89,24,27,46,37,97,25,272,28,30,34,221,27,23,73,64,65,57,45,89,45,27,22,79,120,25,25,285,25,40,47,65,62,281,58,68,33,24,23,31,30,81,28,32,33,342,23,27,51,34,60,65,84,26,45,24,38,111,72,172,37,56,39,23,40,26,96,88,66,133,78,95,49,336,51,632,78,45,46,22,115,40,190,192,254,125,39,37,714,26,357,61,25,60,115,73,66,22,122,217,86,44,39,29,99,67,62,58
2085,12,116,159,187,40,133,31,26,75,31,26,46,296,45,47,32,33,185,25,172,115,155,69,74,678,65,30,114,35,468,25,59,136,90,156,374,151,95,156,30,56,190,24,22,37,45,287,24,198,30,133,193,29,122,181,25,87,47,88,133,152,71,53,42,118,43,64,24,45,99,27,229,27,262,393,39,44,551,1286,46,202,214,43,112,22,92,44,187,38,163,38,27,27,63,59,126,278,43,26,41,23,40,23,127,313,36,126,58,29,184,30,34,39
2086,1,711,55,61,60,74,30,42,34,40,211,175,856,84,504,26,108,407,26,183,71,167,54,39,237,359,1926,258,31,231,23,133,148,94,297,66,71,98,100,1396,237,52,66,25,33,27,272,75,132,32,235,741,146,40,46,42,62,160,85,413,51,39,203,54,262,142,104,28,64,35,23,92,27,65,564,2148,42,75,301,26,589,186,60,273,56,221,155,180,32,67,33,74,140,46,196,122,134,26,81,49,746,43,23,43,203,52,54,29,26,86,67,279,27
2086,2,372,106,111,53,63,59,112,38,303,55,99,583,67,100,23,453,158,114,93,43,127,108,665,796,322,98,129,54,247,60,74,73,33,76,207,758,69,382,195,198,71,162,218,48,66,204,44,119,120,293,203,53,35,158,76,66,41,33,869,131,59,362,100,208,145,173,94,47,45,50,140,79,72,3477,303,80,108,260,47,1443,867,47,320,440,343,160,246,62,77,267,89,123,41,43,180,58,24,105,194,59,31,22,163,101,134,52,68,102,114,139,143,28
2086,3,119,42,88,145,44,48,28,160,996,35,36,598,186,70,56,118,91,86,58,30,416,706,442,287,214,694,111,27,247,756,86,323,41,101,110,402,44,101,653,427,33,227,29,517,64,103,167,71,50,526,238,37,192,63,37,52,34,104,1649,50,26,386,28,144,84,418,26,38,58,35,79,264,112,1477,203,35,83,205,110,643,372,75,527,55,527,62,106,2033,44,125,53,592,181,90,71,73,31,347,57,328,41,44,174,785,60,48,161,92,343,301,253,25
2086,4,95,32,56,64,30,24,25,81,126,30,218,122,196,41,30,46,48,28,38,26,180,57,95,71,80,983,128,26,236,96,55,228,26,124,71,97,31,51,165,100,27,60,40,38,27,56,36,37,30,277,148,25,43,34,25,49,28,31,241,35,24,78,28,62,91,120,27,29,28,26,43,63,41,509,63,27,39,70,33,357,227,31,435,42,217,39,63,343,66,44,34,768,70,32,52,43,33,121,45,204,35,38,65,418,31,31,52,29,97,96,218,24
2086,5,49,26,30,29,26,23,23,31,55,25,40,56,43,29,35,35,34,25,28,24,51,35,45,48,46,107,146,24,61,64,29,82,24,40,61,66,28,36,52,47,25,31,24,29,24,36,26,27,34,54,62,24,29,27,25,25,25,57,63,28,33,46,25,40,33,44,25,27,37,30,31,51,28,67,44,50,29,50,25,96,60,25,78,28,102,28,39,82,29,30,32,160,37,26,41,30,41,83,27,222,24,22,36,75,27,27,40,25,43,49,88,22
2086,6,32,25,24,58,24,22,26,25,38,24,27,42,39,28,22,27,26,25,26,23,33,28,31,32,29,45,32,25,35,33,37,35,23,28,30,36,24,31,32,32,23,25,23,26,26,35,24,30,24,34,34,33,26,24,22,24,23,24,37,25,31,31,26,28,26,31,23,26,23,22,27,29,26,43,34,28,25,36,24,69,38,25,45,26,52,24,30,40,25,25,24,66,26,24,27,25,26,34,26,43,23,21,27,41,25,24,24,23,29,33,38,22
2086,7,158,93,58,46,33,35,59,33,59,37,44,104,57,37,36,32,37,29,54,43,28,41,30,39,31,57,80,39,37,86,54,80,34,46,36,40,56,64,81,48,35,50,30,37,33,62,26,51,30,32,50,30,44,44,38,37,34,41,59,24,50,58,50,43,45,56,52,68,28,33,63,53,36,99,49,61,82,51,48,117,29,40,47,82,40,41,58,56,89,45,41,56,49,39,43,27,27,65,37,80,204,43,38,309,53,56,41,28,45,61,43,37
2086,8,125,103,63,106,38,69,59,52,206,86,71,82,65,61,50,47,71,62,53,110,28,37,40,325,34,63,114,65,158,661,451,119,317,49,78,72,76,101,57,139,59,69,42,105,44,97,40,91,34,61,106,34,39,59,37,72,86,61,130,40,37,116,77,26,52,57,100,192,261,147,88,83,43,101,63,91,63,111,57,203,55,68,111,557,184,58,92,60,58,181,191,64,39,36,35,28,46,39,58,44,184,132,159,163,66,40,105,162,55,44,68,112
2086,9,25,77,45,68,23,30,68,159,113,41,60,41,57,36,49,43,48,148,30,51,59,28,40,49,41,45,55,87,125,68,33,71,167,30,36,38,40,59,60,43,33,49,44,537,41,61,26,27,27,23,45,29,36,33,79,70,77,771,40,26,64,148,80,27,26,72,484,53,65,71,63,702,172,52,94,50,36,240,72,94,29,57,48,56,47,26,43,27,163,51,266,76,43,25,93,52,33,202,24,91,39,132,172,100,57,74,96,60,70,25,49,91
2086,10,1217,24,49,143,30,21,36,40,42,28,23,69,33,23,22,30,77,266,27,164,34,23,94,41,29,25,37,24,64,42,196,27,51,29,42,40,43,39,27,26,36,43,789,79,61,36,66,38,30,101,83,43,28,34,26,109,25,757,34,122,34,29,62,23,22,29,71,72,31,29,169,40,54,23,37,130,97,77,49,35,36,245,40,27,89,39,27,24,83,46,70,39,731,162,39,23,208,105,22,50,28,107,61,38,118,43,58,183,25,23,129,24
2086,11,59,23,24,167,43,95,42,47,25,158,53,261,62,61,32,24,33,95,196,62,52,22,65,175,23,46,30,395,110,65,136,49,168,25,28,62,51,108,35,42,39,53,47,61,44,50,38,53,70,59,62,35,96,62,89,123,28,49,144,24,63,58,31,35,23,68,71,53,38,32,59,63,29,168,114,45,95,34,23,206,29,46,24,80,198,73,52,114,87,24,64,24,78,144,91,90,129,190,65,44,286,65,116,215,76,50,106,42,113,49,147,67
2086,12,38,23,125,405,308,99,208,306,51,98,58,779,68,49,25,25,32,133,137,214,25,177,137,42,26,54,31,71,30,33,39,94,36,94,29,560,23,215,25,23,33,52,95,37,35,578,24,25,27,66,66,209,189,35,244,142,117,470,29,31,30,96,235,464,114,74,81,48,23,35,38,362,188,51,304,28,381,27,27,81,48,234,289,358,204,28,1169,26,79,42,33,34,66,54,26,1217,43,493,55,111,58,139,310,268,71,52,114,54,28,91,44,46
2087,1,225,37,54,273,124,32,247,169,271,41,25,583,82,425,24,27,23,51,38,188,24,192,324,40,26,31,28,48,28,30,781,134,36,55,22,126,25,46,28,582,176,69,617,1990,100,53,300,1819,31,34,157,69,37,32,79,80,42,268,40,47,36,341,312,114,101,39,32,36,39,38,38,245,73,44,525,27,126,59,71,58,77,185,63,78,2606,109,208,118,57,28,40,155,258,64,68,47,107,423,176,235,55,580,306,148,137,64,69,28,31,31,61,782
2087,2,1527,31,98,1175,306,33,231,99,292,52,57,437,46,98,59,26,32,55,454,85,99,88,233,37,22,51,23,38,94,49,198,98,38,167,32,78,85,42,68,147,36,35,464,638,78,41,271,230,84,96,50,1739,102,147,105,129,89,289,30,798,54,83,691,144,118,85,89,24,248,23,61,187,139,32,660,148,1487,81,80,40,478,129,69,730,2814,43,129,48,624,24,202,1345,171,275,37,49,104,400,105,148,41,1976,231,240,326,181,130,55,47,48,189,131
2087,3,412,200,140,823,1068,36,155,62,123,88,33,950,114,101,123,29,70,359,210,85,86,61,142,177,151,273,33,69,49,35,100,52,60,159,112,59,422,346,27,122,29,214,344,552,138,35,297,196,115,47,268,79,45,41,42,103,35,147,132,423,36,242,1321,1032,38,40,71,379,2795,23,60,400,201,47,741,74,618,52,27,178,152,111,68,1353,1979,53,204,97,455,37,74,252,224,109,61,86,111,1114,157,65,94,2075,89,101,144,69,86,222,90,37,90,112
2087,4,71,195,51,306,232,34,58,45,69,32,35,332,105,45,31,21,39,140,152,69,27,47,192,167,153,60,26,34,27,27,92,37,76,45,28,40,48,88,23,51,33,89,133,251,33,28,142,139,29,44,96,48,34,27,32,54,38,125,118,651,23,104,228,225,37,27,29,147,513,30,29,176,53,29,143,51,285,45,30,100,51,51,74,675,401,29,275,79,104,75,52,129,93,53,127,32,73,368,67,45,42,878,62,58,55,40,45,57,210,41,47,94
2087,5,48,33,60,82,63,25,39,32,38,26,24,71,33,39,24,21,25,40,51,34,25,28,80,38,47,223,23,43,24,24,36,26,59,31,25,29,36,40,23,33,25,29,74,63,26,25,43,50,25,29,45,35,25,26,26,38,37,59,33,65,22,41,63,71,26,24,26,34,67,25,30,50,38,24,54,35,66,27,24,40,33,35,50,603,85,27,70,95,54,24,31,46,38,37,38,26,53,78,33,32,40,72,46,40,40,32,33,30,30,30,33,43
2087,6,34,25,35,48,43,24,29,25,26,24,26,43,28,26,23,21,22,29,32,30,23,26,39,27,25,41,29,27,24,23,38,41,29,25,26,25,27,30,23,28,24,28,32,43,24,24,30,34,24,23,31,27,26,23,24,25,24,40,24,87,36,40,39,47,23,23,64,26,40,23,23,33,27,33,36,27,45,24,24,35,26,29,26,71,44,23,41,64,32,22,30,32,28,30,24,25,27,43,27,26,39,44,29,28,28,26,27,25,30,24,40,29
2087,7,57,58,75,36,56,69,35,39,41,37,27,86,61,38,35,22,45,40,43,40,33,26,45,58,42,64,26,89,31,72,383,28,42,27,80,37,38,49,32,49,41,40,49,60,35,59,38,107,51,52,41,73,45,54,47,35,152,47,48,61,27,50,58,29,146,39,32,45,49,34,47,47,33,36,60,34,54,44,35,40,47,121,51,45,56,63,198,34,82,34,40,32,46,42,25,27,42,39,51,53,66,67,51,69,39,69,40,73,38,54,109,32
2087,8,157,43,150,60,98,59,69,67,450,87,66,62,91,88,89,36,48,46,70,44,95,26,60,92,75,71,51,79,111,80,394,49,65,66,99,37,44,132,48,94,38,79,31,116,98,46,245,112,41,71,150,55,57,36,79,44,164,120,53,85,29,64,34,35,355,30,103,669,68,152,43,53,29,52,147,67,161,39,87,161,95,185,57,54,148,117,62,29,78,84,116,71,69,54,31,36,29,44,37,56,107,58,165,158,256,218,84,128,181,38,114,46
2087,9,160,56,193,87,46,47,28,52,789,168,22,94,60,45,130,28,41,703,26,31,38,27,39,43,41,54,26,51,42,49,96,67,26,38,71,46,41,50,309,80,28,29,48,67,48,99,104,107,35,63,41,25,58,37,44,27,55,76,41,253,30,25,25,69,95,46,50,236,98,232,52,336,50,53,634,89,62,30,63,85,31,257,34,26,60,33,64,33,45,38,111,114,68,36,23,257,25,35,30,204,30,30,44,34,118,76,24,45,99,47,73,27
2087,10,1191,26,114,474,24,88,23,41,52,135,115,146,24,24,130,30,111,87,46,1967,32,24,45,90,25,28,45,31,42,24,117,50,67,24,58,23,32,32,105,57,22,55,438,30,23,30,39,115,98,43,48,23,272,27,42,25,104,24,247,52,48,34,23,63,31,24,31,31,27,30,127,36,46,51,345,58,137,25,29,60,57,41,113,63,159,32,56,196,117,32,62,56,46,115,27,174,35,62,25,43,39,29,57,29,101,146,51,34,25,22,29,31
2087,11,405,78,184,81,23,41,22,27,94,57,160,133,25,23,32,23,53,75,60,310,32,29,75,25,25,29,36,76,25,48,118,31,37,42,79,22,98,48,59,75,22,41,79,58,47,87,36,181,30,31,279,23,90,41,39,28,157,80,356,54,75,61,23,49,36,44,33,55,37,45,133,34,28,43,342,62,89,41,74,145,29,61,228,304,184,37,39,68,59,26,119,57,53,107,69,88,60,72,27,391,51,277,93,38,83,39,82,220,74,105,51,42
2087,12,167,55,632,79,41,38,26,44,146,76,206,35,68,28,50,40,37,65,60,109,59,35,33,23,24,45,412,168,29,56,881,89,36,736,201,73,723,45,40,39,23,90,52,56,24,48,32,101,27,478,306,556,65,88,24,24,217,129,117,43,60,48,346,24,35,192,23,28,40,331,328,712,34,33,110,41,36,48,37,50,27,42,131,325,83,31,30,107,26,114,180,30,38,335,31,58,47,27,22,171,47,115,42,912,86,27,25,42,141,33,390,86
2088,1,178,250,599,638,45,45,137,101,75,1023,312,34,128,209,41,99,298,82,359,147,76,28,267,32,61,51,76,101,23,35,1031,67,110,274,105,31,158,42,164,44,25,234,140,184,24,37,84,93,54,87,556,1036,37,127,44,150,71,220,424,104,142,25,193,171,71,142,32,32,25,495,239,466,62,39,135,78,41,341,75,78,85,29,173,408,94,120,30,75,26,30,89,59,27,62,144,810,33,93,27,303,114,259,97,179,108,73,61,102,50,70,1398,482
2088,2,346,337,228,521,62,26,134,33,98,316,238,31,474,42,63,75,224,117,307,122,29,23,77,26,25,32,105,109,51,264,499,83,85,353,79,88,622,89,237,47,23,210,219,153,111,233,50,88,83,143,338,1027,53,61,68,141,183,60,389,379,83,32,172,57,101,52,38,74,174,95,519,304,141,91,271,133,105,185,92,54,135,161,81,327,71,31,168,39,55,34,128,171,27,147,65,609,35,176,25,275,137,324,145,149,62,51,27,183,324,156,1757,1049
2088,3,332,380,107,184,68,36,38,27,81,160,108,27,146,29,49,54,95,44,77,69,37,39,37,35,184,24,49,180,41,45,444,75,149,277,103,262,605,324,684,37,23,92,395,49,28,370,331,54,39,203,367,900,29,47,24,107,132,82,106,81,47,106,495,40,158,201,98,542,56,47,1038,112,278,635,175,63,61,256,87,58,350,96,46,205,79,28,174,33,68,44,68,44,24,372,93,147,334,53,21,148,64,328,38,171,63,31,57,128,317,139,1102,1471
2088,4,64,99,57,73,31,26,32,25,39,73,53,33,136,28,47,31,46,36,51,49,28,30,30,29,175,23,44,227,24,92,104,34,41,74,55,51,355,565,192,25,21,49,74,33,24,75,324,38,39,76,411,972,26,28,23,36,50,36,64,58,37,125,449,30,76,46,25,86,54,43,200,67,350,48,52,56,142,211,67,30,82,36,35,122,36,25,45,34,27,25,38,47,23,428,40,60,79,32,21,246,90,128,32,61,37,26,193,49,276,117,163,468
2088,5,42,46,39,47,27,24,28,25,29,45,35,40,46,24,24,25,32,28,36,33,24,33,25,29,32,22,29,43,33,64,51,30,48,45,32,31,62,69,50,24,20,32,39,26,23,36,58,27,27,40,58,74,24,24,23,27,33,27,42,34,27,30,65,25,39,37,23,45,26,29,60,51,73,32,38,32,32,123,33,27,43,33,28,59,28,24,34,30,29,24,31,26,23,68,38,40,37,29,21,63,62,52,26,37,27,24,99,34,64,45,61,85
2088,6,30,31,28,33,25,23,24,23,25,30,27,38,32,30,24,23,26,60,26,26,37,21,25,23,28,22,30,34,24,25,33,31,28,35,26,25,39,37,34,27,21,27,35,26,23,29,35,24,24,28,44,102,29,23,31,24,27,26,35,28,24,24,41,26,27,28,23,53,24,24,42,29,39,26,28,28,27,40,24,26,28,24,27,36,26,23,25,25,81,26,28,24,22,37,36,31,28,31,23,43,26,38,24,29,25,23,31,27,46,27,39,69
2088,7,45,58,55,37,45,44,53,55,41,83,43,40,91,31,60,65,46,82,38,46,61,29,43,32,41,26,55,41,32,47,77,31,47,114,71,38,32,58,50,42,40,40,48,38,59,67,35,43,73,70,96,114,38,37,29,33,64,34,42,36,44,36,30,32,31,51,31,84,69,40,61,37,35,39,46,32,110,39,90,31,44,100,39,78,55,52,55,67,26,50,37,37,36,42,70,54,27,142,30,81,29,54,36,56,115,38,44,28,48,104,53,40
2088,8,76,64,48,43,42,48,142,38,65,49,131,63,168,82,44,101,63,120,37,42,31,29,89,58,42,33,34,52,44,240,81,141,73,292,138,39,29,72,104,58,57,37,57,80,97,58,120,183,67,78,63,185,66,50,51,414,94,85,37,67,62,38,73,44,34,49,107,388,339,144,48,74,33,40,94,226,66,165,496,107,51,141,90,91,117,82,129,152,63,133,72,80,67,78,72,116,72,66,52,100,43,81,175,93,147,39,102,36,49,315,151,87
2088,9,50,46,98,60,43,25,76,33,24,23,34,82,147,68,48,45,29,38,29,32,22,54,38,70,26,26,78,36,21,51,70,82,32,52,71,68,24,91,167,69,34,24,31,94,43,26,47,62,29,65,26,32,89,35,60,80,30,26,30,196,65,24,33,67,24,31,28,66,145,31,36,53,23,49,73,93,27,104,48,81,411,38,31,50,32,25,35,74,71,30,28,267,29,31,28,95,26,29,103,67,47,38,142,112,97,26,58,55,46,61,148,26
2088,10,24,34,78,24,91,128,263,22,50,23,80,270,177,183,25,71,24,35,74,28,46,79,63,180,33,24,115,23,337,36,29,102,61,39,80,98,67,37,39,85,31,26,63,64,23,33,26,63,27,147,29,28,41,23,74,69,40,24,91,44,86,22,24,23,24,32,23,44,196,32,75,102,44,63,111,50,29,24,40,45,105,24,25,32,41,38,96,24,854,25,45,85,27,23,1039,44,38,23,22,36,25,24,99,32,25,35,51,30,31,33,71,66
2088,11,34,24,90,35,41,62,55,26,45,113,48,1591,1218,41,27,59,158,31,36,40,133,27,70,197,27,50,35,39,124,52,40,124,27,217,229,112,130,24,53,59,29,81,108,73,72,94,141,24,23,100,32,23,65,31,65,47,47,60,58,51,91,62,33,24,23,79,99,41,98,30,40,141,67,129,29,320,55,27,43,144,62,121,55,46,59,81,137,52,62,23,22,100,132,72,148,26,297,289,22,94,63,28,35,396,45,30,32,40,29,24,28,183
2088,12,46,103,1332,186,41,574,66,77,25,247,156,1165,73,56,30,30,161,105,24,90,209,40,193,261,56,24,26,102,43,114,25,35,22,176,58,44,137,221,25,419,19,48,27,35,41,29,83,210,22,1321,51,27,33,27,34,211,76,26,483,121,33,209,78,25,22,34,284,24,60,29,154,279,277,93,53,369,373,26,48,98,85,504,48,30,71,24,45,153,76,23,241,66,27,36,53,111,138,656,36,28,93,32,153,200,240,45,35,99,58,72,29,34
2089,1,25,37,939,105,145,2625,1293,78,29,61,1431,564,177,270,33,25,92,47,123,193,115,216,97,929,23,40,31,48,63,202,39,296,23,208,64,47,91,267,293,124,102,31,92,162,199,43,203,65,75,1211,321,27,30,130,28,186,75,99,58,442,132,153,434,36,22,255,169,608,56,25,43,152,129,217,28,1072,53,888,27,46,52,623,170,396,93,102,41,142,59,518,45,65,521,139,72,155,64,968,61,69,254,28,186,402,92,70,217,63,32,203,137,39
2089,2,51,28,3166,248,80,869,206,116,26,211,1219,244,555,49,67,53,41,34,63,65,411,64,42,2872,152,32,61,120,343,257,133,182,24,167,172,71,123,169,100,198,53,96,47,132,46,26,87,94,30,1805,57,261,25,135,37,456,114,190,134,197,85,340,237,33,22,156,159,70,197,43,72,178,69,245,29,575,69,133,30,144,54,496,240,253,451,99,70,131,102,80,82,107,265,83,395,105,298,4241,36,105,75,78,178,167,204,114,73,81,38,392,708,68
2089,3,79,39,1088,733,114,172,126,56,23,570,922,179,430,69,80,49,42,199,43,138,117,64,35,4329,269,22,121,81,156,148,372,147,33,72,387,43,129,122,78,118,185,138,63,83,71,25,49,68,55,1231,70,50,27,33,83,225,209,53,160,924,66,824,244,21,24,102,122,83,71,46,351,181,63,192,27,116,55,95,28,135,31,467,148,1414,200,373,187,78,84,141,35,65,173,246,298,53,1178,2631,27,132,46,87,213,191,241,32,527,92,46,238,2196,74
2089,4,25,25,802,159,46,80,55,46,23,136,188,143,148,33,35,30,28,56,29,53,94,76,28,1712,54,48,189,48,75,87,140,80,55,67,87,112,180,52,51,65,57,84,34,36,54,24,42,37,24,480,72,29,23,27,25,62,76,33,48,773,31,361,186,21,32,179,153,45,36,26,170,77,68,58,24,63,36,64,25,58,34,219,86,385,68,141,88,52,41,55,31,42,57,82,104,39,1012,597,41,43,35,65,141,119,92,27,252,41,143,119,848,29
2089,5,23,29,101,53,31,52,38,26,22,72,58,56,71,29,26,26,26,32,24,30,50,39,24,91,29,23,30,28,73,41,54,127,32,37,94,28,53,36,28,40,29,32,28,30,27,24,27,27,26,72,35,25,23,29,32,40,32,26,34,64,31,68,49,21,21,46,43,47,36,22,47,42,34,40,23,47,29,35,24,40,25,59,47,79,40,41,46,33,30,34,27,28,42,38,53,27,85,572,23,29,29,26,43,84,49,25,82,41,70,108,123,27
2089,6,23,26,51,42,26,34,29,24,21,36,35,37,36,24,29,33,24,26,24,25,28,24,28,45,25,23,26,27,29,29,29,33,22,43,39,29,44,29,25,29,29,26,26,85,25,28,24,24,41,71,43,23,22,27,24,28,25,28,26,39,26,41,32,21,25,29,29,25,25,22,29,29,25,28,23,31,24,29,23,29,28,45,37,43,56,29,26,28,26,26,30,24,28,36,33,29,46,66,30,25,24,27,32,33,29,23,42,25,30,110,60,24
2089,7,62,39,41,58,31,52,56,48,34,38,48,67,92,29,48,30,32,50,43,39,334,26,47,113,40,76,194,33,64,52,54,47,43,50,108,47,42,45,52,38,71,40,37,80,34,46,48,40,46,83,52,36,34,29,35,57,43,52,50,31,48,63,34,59,70,28,40,69,44,39,37,42,30,65,63,29,27,30,49,31,44,51,43,61,101,32,43,86,49,54,69,44,43,38,31,131,47,58,57,67,59,37,43,49,43,39,74,50,36,51,114,62
2089,8,37,38,34,108,31,33,67,34,29,121,136,85,135,57,68,64,120,44,46,198,124,45,50,169,29,82,58,42,266,182,59,90,50,57,158,35,61,37,63,85,74,37,91,43,33,203,103,75,43,152,382,54,33,28,49,144,97,126,59,128,34,71,185,125,55,52,266,229,85,94,37,138,34,64,100,104,53,30,37,49,31,43,44,97,117,41,64,105,48,84,42,80,47,44,64,68,91,41,125,41,73,30,196,79,164,84,44,63,79,78,51,87
2089,9,57,78,25,206,59,30,40,31,21,133,58,38,113,25,26,46,55,114,42,39,151,50,46,34,27,29,37,32,105,154,24,73,23,64,44,37,43,29,102,26,29,27,80,24,74,40,82,113,267,51,277,27,38,32,23,116,50,52,153,45,43,25,35,90,25,25,405,157,27,97,39,138,29,36,335,98,116,322,22,23,53,27,114,26,43,85,44,40,70,50,42,52,28,42,49,72,42,27,32,58,45,27,26,121,50,33,24,34,52,32,115,98
2089,10,49,127,29,130,161,23,55,23,29,76,66,49,33,22,22,28,171,92,34,32,53,29,235,146,25,80,26,37,39,26,596,51,47,27,42,23,52,31,89,24,45,23,23,25,61,52,39,150,46,26,239,26,41,45,46,159,26,35,289,197,28,28,59,36,64,23,159,27,43,30,36,42,28,37,74,48,95,50,22,41,86,23,32,34,101,230,25,29,150,37,49,25,25,43,45,143,72,23,38,24,23,32,44,37,110,23,23,29,33,30,42,36
2089,11,37,219,37,53,99,45,23,47,359,168,64,29,166,31,50,29,63,165,140,54,25,45,79,90,59,36,25,24,31,131,205,69,21,82,130,27,26,60,246,37,37,140,23,23,36,46,36,138,118,51,129,22,28,42,21,263,66,62,35,756,240,58,30,70,51,22,737,43,106,38,49,125,63,45,93,53,205,64,23,172,265,75,34,42,83,109,82,127,77,23,308,47,22,33,32,146,45,64,23,38,46,23,52,34,62,28,58,41,49,146,106,40
2089,12,30,49,23,47,312,55,99,28,54,75,43,107,693,25,24,25,42,145,409,117,25,136,64,37,32,86,114,28,25,226,67,64,20,42,225,229,96,57,37,23,110,42,33,97,68,30,54,78,35,42,49,30,74,49,26,85,103,39,42,72,82,69,31,26,33,27,329,25,60,47,36,29,211,35,35,255,165,37,36,95,136,35,274,36,133,46,44,103,48,22,87,62,100,49,70,49,229,252,69,55,294,26,24,46,96,22,24,115,103,37,90,138
2090,1,30,40,67,35,1854,244,123,78,192,42,62,56,475,963,25,74,72,60,1013,148,31,318,174,89,40,699,260,96,80,171,68,193,20,27,146,280,27,39,54,53,831,50,966,69,28,37,124,536,39,33,59,206,28,24,50,71,48,32,48,103,59,62,131,1451,239,190,280,50,34,198,285,2639,221,51,36,39,376,35,217,1691,1416,115,107,194,410,74,32,881,758,99,106,164,220,104,191,65,100,220,88,34,227,498,31,31,1774,86,41,167,469,78,107,222
2090,2,52,72,105,31,3018,42,37,218,145,50,98,31,828,142,68,82,198,178,326,127,183,168,54,132,57,1041,57,96,52,88,91,65,61,47,251,464,46,150,51,111,253,41,136,169,87,26,143,112,35,31,41,60,24,24,25,76,219,64,45,677,36,76,179,544,40,630,98,25,38,72,95,454,72,84,36,188,460,243,376,1596,2180,229,172,389,582,111,449,2116,210,110,192,73,93,83,197,135,106,294,158,67,263,1420,44,79,3094,27,292,90,1429,80,43,349
2090,3,23,201,50,40,1722,61,57,82,224,78,43,68,1666,1067,41,37,138,68,111,516,332,664,72,472,29,173,54,40,32,69,107,224,35,109,87,186,504,102,53,26,102,29,166,46,45,23,141,117,26,26,80,32,258,174,24,514,292,180,138,337,43,111,74,520,68,54,63,23,35,54,88,746,84,56,28,253,463,43,163,2383,1038,106,123,113,864,193,159,3934,87,58,150,114,40,183,332,167,76,1424,47,486,175,1693,99,82,584,24,98,150,1931,229,185,177
2090,4,22,73,27,30,384,35,35,66,167,36,45,28,2229,584,23,24,44,40,60,141,67,371,61,163,25,97,43,52,38,44,69,68,26,77,50,69,49,58,27,25,58,25,65,31,36,23,93,62,24,23,47,26,47,33,25,91,105,44,35,62,31,30,40,279,32,38,49,25,34,39,81,596,45,57,25,69,155,31,72,784,293,46,82,58,244,60,150,413,57,31,48,46,50,70,135,63,40,346,46,195,76,679,37,31,91,24,109,74,191,115,66,79
2090,5,23,33,24,25,66,26,25,35,44,27,26,24,131,85,22,23,31,29,50,45,43,63,47,68,26,48,37,34,37,32,35,37,34,28,34,46,48,29,24,28,38,23,42,26,26,22,37,36,23,22,33,26,28,25,21,47,41,28,28,42,24,30,30,63,27,59,34,22,33,26,33,78,30,31,23,39,59,26,41,73,61,32,39,39,78,37,116,69,43,25,45,31,35,56,53,34,79,96,28,57,44,88,36,43,63,32,36,35,63,124,253,45
2090,6,22,49,23,23,43,33,25,24,30,23,24,23,49,41,52,24,25,25,29,31,30,38,25,32,23,34,78,27,24,29,26,28,26,26,47,31,31,24,23,23,29,27,29,24,25,25,28,27,23,26,24,23,24,23,20,30,29,24,29,29,47,25,25,43,23,27,27,22,23,24,27,43,28,25,23,28,38,29,30,45,47,34,29,27,46,27,118,43,38,24,28,25,24,26,32,26,28,48,24,38,34,51,35,24,39,25,56,29,37,45,49,29
2090,7,90,42,32,71,58,42,60,41,54,44,32,46,74,42,66,48,49,43,62,43,30,33,26,46,69,43,48,97,44,54,39,46,30,28,132,42,40,47,49,44,47,27,76,50,45,64,30,57,31,29,79,45,43,39,28,46,60,77,36,27,57,73,36,36,27,74,46,86,194,34,45,49,41,61,55,39,69,204,36,49,76,43,48,42,49,31,317,45,59,60,91,34,68,35,45,67,27,47,28,49,42,42,50,47,227,54,32,46,39,49,45,60
2090,8,84,32,38,41,44,103,46,92,46,46,78,33,100,45,49,112,48,42,44,370,36,38,37,63,77,76,92,61,100,98,216,161,43,86,116,65,187,132,69,381,37,28,75,33,57,47,128,149,138,54,122,64,44,40,37,45,54,71,37,27,42,73,28,30,30,94,145,266,193,41,38,37,66,63,58,115,158,91,93,66,61,114,79,288,85,65,913,69,88,120,237,62,54,64,47,42,30,67,27,71,77,46,67,188,124,311,110,203,65,125,43,57
2090,9,56,74,30,28,32,64,85,57,54,53,151,44,156,26,77,65,26,23,27,168,41,41,31,28,61,60,34,52,136,118,94,148,22,109,51,34,32,148,42,45,44,51,64,28,25,22,33,315,45,42,35,28,66,33,21,61,54,34,77,45,39,44,56,23,35,95,609,49,70,98,53,32,31,50,104,112,60,60,299,26,24,594,47,191,180,24,542,39,110,508,154,41,89,37,97,36,89,29,24,74,50,27,446,77,29,110,90,129,82,52,74,43
2090,10,23,57,22,58,59,32,33,45,85,23,25,26,28,24,83,55,24,79,58,28,28,72,36,97,37,76,33,31,31,55,2102,90,19,41,54,274,24,326,41,45,141,31,29,29,22,30,89,68,143,35,71,24,128,590,36,84,154,126,40,48,62,24,38,24,22,71,36,52,57,53,34,23,303,48,303,43,33,50,75,50,34,39,88,34,26,26,49,75,35,1426,34,29,34,30,42,28,35,172,28,54,32,25,272,426,24,66,45,33,41,86,44,38
2090,11,22,436,22,81,78,33,31,34,92,35,39,309,31,36,24,41,29,90,84,132,37,23,53,58,23,55,61,30,46,108,82,40,31,46,218,703,35,307,30,47,30,81,32,52,28,22,49,33,131,89,66,22,113,57,324,39,67,48,167,24,87,60,23,35,24,90,33,53,77,23,353,24,37,54,165,79,230,26,68,86,197,42,39,63,67,32,75,64,33,122,28,36,77,43,132,43,101,33,54,79,25,29,92,56,23,27,262,32,170,222,87,31
2090,12,66,108,179,27,47,31,26,86,92,76,161,181,40,35,24,207,32,147,54,143,29,44,254,47,62,61,105,44,25,126,407,56,158,96,39,89,172,93,49,70,26,23,23,26,31,217,33,29,44,37,30,26,94,80,46,33,139,325,90,85,189,39,37,32,23,111,25,126,27,238,41,353,30,114,62,87,559,40,331,236,268,27,73,73,178,31,38,24,100,75,537,88,113,216,205,348,97,30,29,25,23,26,60,44,118,34,238,33,48,44,27,175
2091,1,57,311,395,93,1200,25,33,107,120,145,36,108,30,132,27,43,101,178,209,103,25,30,317,71,48,397,195,57,24,94,258,202,108,39,45,55,65,1617,28,261,48,141,32,38,23,84,132,27,197,94,103,31,133,129,67,41,222,238,136,338,44,57,161,78,47,54,25,60,31,65,121,100,30,36,154,134,228,49,2737,269,1732,30,31,275,217,29,57,37,68,106,360,28,154,413,110,221,181,31,87,26,128,22,134,57,301,45,219,24,127,38,35,249
2091,2,123,623,1100,146,596,28,31,211,71,45,45,144,56,456,27,59,27,278,94,174,85,35,116,596,26,884,190,36,53,232,194,422,201,219,97,88,251,913,40,83,57,58,33,128,141,35,164,113,73,66,42,21,74,91,44,42,60,110,114,320,276,29,38,28,120,102,40,39,30,100,131,53,49,91,134,264,1126,30,1289,134,1015,26,85,79,229,39,99,30,74,141,784,92,116,103,92,233,56,34,40,147,52,33,157,73,194,169,610,149,62,56,60,168
2091,3,47,548,807,49,565,205,65,371,211,31,29,380,781,202,90,76,25,457,385,743,233,46,436,481,24,605,408,27,64,399,165,1410,48,306,333,391,481,218,46,229,40,43,47,84,65,31,79,46,80,155,91,21,97,43,38,53,89,105,64,86,198,25,29,27,30,91,23,44,45,54,300,62,27,33,93,198,681,214,321,102,935,25,68,159,358,427,263,24,40,125,463,33,122,74,179,132,65,92,30,121,168,129,287,68,84,87,648,231,107,59,60,794
2091,4,46,161,354,35,192,31,24,75,62,27,27,113,162,58,37,29,25,596,109,109,86,32,99,318,25,275,211,23,75,433,56,446,31,97,94,134,90,63,35,92,24,28,35,28,43,27,57,26,38,38,33,21,46,41,29,26,43,47,49,56,113,23,26,23,25,55,24,61,38,99,69,39,37,28,51,78,105,124,100,65,1161,24,66,92,87,63,90,47,38,54,98,38,45,75,67,54,41,26,28,33,56,59,90,34,53,79,144,50,41,35,53,135
2091,5,55,54,76,26,54,31,22,40,34,24,25,46,56,35,23,25,23,74,50,47,30,29,45,94,22,55,49,23,25,59,43,63,32,45,37,43,68,46,23,43,23,33,27,32,28,24,30,24,28,27,27,21,33,27,44,23,28,35,34,35,40,27,25,23,24,31,25,26,28,32,40,36,25,25,33,47,54,31,216,36,185,23,30,34,45,36,36,30,28,35,53,31,33,37,36,37,29,24,26,28,29,26,43,42,38,29,118,31,30,44,33,53
2091,6,24,35,44,24,36,25,26,28,26,23,23,40,35,28,24,24,23,39,31,31,26,26,53,41,22,35,47,24,42,34,29,55,27,34,30,30,32,33,27,28,23,25,22,28,24,23,25,23,24,24,57,22,25,24,61,23,25,26,25,26,28,26,25,26,25,26,23,23,40,25,30,25,24,24,26,33,34,25,66,31,53,25,24,26,30,30,36,23,24,28,35,24,26,28,26,27,26,24,25,25,25,28,30,27,55,30,48,32,24,24,23,35
2091,7,80,107,49,46,42,35,47,68,30,177,77,52,51,44,45,47,36,36,35,48,27,25,49,46,29,52,52,70,37,45,36,110,39,29,50,45,39,79,63,48,58,40,40,34,38,55,41,73,36,63,86,37,79,38,37,44,43,29,41,46,62,32,37,51,81,34,52,48,207,64,50,47,45,35,122,68,58,33,71,32,35,28,43,26,48,38,58,37,42,40,27,33,41,34,27,40,28,33,101,53,53,42,173,49,85,35,99,46,39,45,32,41
2091,8,84,46,67,80,57,43,210,148,32,116,54,75,169,63,120,31,118,78,62,57,35,29,58,75,51,49,55,34,116,90,75,88,58,51,85,36,50,106,127,256,40,201,68,86,65,59,76,94,35,129,109,36,104,70,35,49,81,94,28,53,42,36,70,159,95,29,53,171,131,154,88,56,26,72,193,68,115,41,44,152,32,54,64,59,36,31,79,62,46,135,41,51,45,64,77,35,36,46,155,34,147,51,404,87,91,219,78,53,320,124,27,118
2091,9,36,118,69,33,35,25,55,48,33,59,80,60,33,38,37,31,78,166,118,26,25,24,105,26,29,25,26,41,51,107,144,91,31,36,55,23,69,34,59,41,395,57,139,28,34,59,101,983,47,70,82,20,100,44,33,46,60,66,47,72,50,51,24,93,33,34,117,123,35,327,25,38,35,23,158,35,36,49,199,921,37,46,29,56,134,23,49,25,38,98,34,115,25,28,135,23,46,32,140,28,52,38,61,87,45,67,72,28,36,175,33,35
2091,10,75,47,30,42,36,77,24,40,24,90,60,43,59,34,26,23,25,73,47,26,27,83,87,52,24,23,45,37,23,30,86,61,25,91,103,36,43,46,360,307,60,29,58,58,72,24,24,154,45,48,45,20,77,25,53,26,27,59,71,65,773,22,22,71,27,39,26,30,34,45,51,57,226,45,167,33,50,46,45,162,51,39,31,27,41,29,25,22,77,176,33,24,25,25,40,95,831,25,44,89,91,23,45,885,35,28,83,43,83,27,23,44
2091,11,115,29,41,23,89,29,72,23,24,25,60,27,25,29,43,22,25,76,62,22,34,34,1027,33,23,24,40,28,73,24,86,146,43,94,24,74,57,26,71,76,72,35,60,64,44,41,93,98,83,104,96,39,28,25,62,54,24,110,55,228,749,62,22,52,244,23,71,362,52,31,542,161,37,28,114,45,25,52,29,44,69,41,62,82,166,31,33,32,45,33,46,61,42,33,45,72,395,33,36,59,62,53,45,89,88,35,36,23,158,108,24,26
2091,12,287,117,209,23,52,22,110,29,27,33,65,28,852,44,24,26,37,40,49,22,22,27,79,128,21,271,175,38,578,82,125,35,631,66,50,30,122,36,51,498,153,96,28,28,41,71,1122,98,25,87,98,26,38,64,25,55,82,267,263,188,41,56,22,45,39,24,89,97,130,870,560,30,54,47,40,118,38,31,1221,143,42,71,26,29,50,32,41,22,46,41,118,23,181,33,40,30,35,141,1132,26,79,55,403,50,39,713,27,25,1176,142,27,24
2092,1,167,113,71,22,28,27,389,146,59,294,51,29,84,69,35,102,29,211,247,223,34,130,253,51,37,1009,79,104,1670,39,1980,59,95,35,35,196,48,29,38,457,84,58,193,54,234,57,612,120,25,341,39,26,41,35,76,27,516,134,51,165,43,35,35,28,134,23,125,56,138,303,151,43,160,29,34,178,167,148,394,137,37,28,71,38,39,96,449,22,29,49,98,71,46,59,614,125,50,240,94,36,232,164,737,223,31,163,134,27,750,65,31,30
2092,2,199,92,93,23,34,95,113,82,39,90,47,26,50,27,68,109,60,393,93,142,40,148,276,69,27,1016,150,44,199,91,1274,38,63,30,160,36,133,195,55,319,77,156,180,146,108,36,1050,153,103,509,94,325,48,52,86,34,1068,159,206,84,90,87,43,170,53,109,39,150,410,154,195,41,378,48,32,53,91,182,501,136,39,25,34,65,33,46,226,27,34,54,61,296,33,71,642,232,93,106,218,31,146,156,376,803,175,232,80,25,683,112,173,65
2092,3,97,298,200,24,55,287,334,404,101,166,38,47,157,31,124,71,76,249,631,103,29,50,1150,209,25,621,45,68,178,46,768,93,92,51,152,32,62,273,245,106,105,42,201,66,165,578,806,67,34,277,43,34,25,32,75,221,334,76,66,49,127,38,109,155,47,182,40,65,791,83,801,52,608,377,44,40,223,401,427,112,149,24,40,25,35,54,410,32,24,41,46,55,38,252,619,231,48,195,437,30,214,91,192,926,44,180,250,34,478,111,58,44
2092,4,68,54,82,22,29,50,76,74,51,46,39,25,139,23,44,27,26,92,223,36,24,33,1169,42,23,119,34,30,76,56,121,36,42,34,43,42,38,181,106,77,57,30,149,30,77,62,323,43,26,639,47,29,24,24,29,50,74,46,37,47,46,25,33,57,106,35,39,64,362,85,215,29,137,52,27,42,67,232,238,45,31,23,28,24,26,64,374,20,30,28,27,51,26,46,184,65,30,272,179,35,65,41,63,450,33,87,127,34,1133,152,32,23
2092,5,50,35,35,21,24,33,39,51,26,33,25,22,37,23,28,26,23,45,56,27,24,26,165,30,21,56,76,25,52,25,53,40,30,25,42,28,29,42,33,39,30,26,42,28,37,31,65,32,29,75,25,25,30,23,25,28,46,32,29,33,32,23,25,33,30,26,28,30,64,44,67,28,54,34,24,29,40,80,58,36,25,23,34,23,25,38,118,20,36,24,28,27,24,28,53,38,30,47,53,32,41,30,53,72,49,44,47,22,157,43,29,30
2092,6,34,27,27,26,24,25,32,29,23,31,25,23,32,23,24,23,23,29,35,24,23,25,50,25,21,35,50,65,35,25,35,42,28,24,29,30,25,28,27,29,26,25,27,23,32,25,41,26,23,39,27,23,22,22,24,25,30,26,25,27,32,36,37,26,25,24,46,25,36,29,40,24,35,31,26,24,34,35,36,26,25,23,23,24,23,24,41,20,28,26,26,25,23,24,36,29,25,40,35,23,33,25,33,41,26,76,44,21,50,30,27,24
2092,7,72,46,43,50,46,45,85,59,34,63,41,32,223,24,75,28,27,33,57,42,37,36,71,39,48,94,42,108,147,110,41,62,46,42,53,127,45,46,52,88,36,44,71,30,32,43,64,30,38,38,76,48,64,29,43,42,55,38,31,47,34,63,49,70,35,59,208,72,44,88,54,53,42,37,44,47,43,45,39,37,47,50,46,43,38,29,59,41,92,66,36,38,43,34,34,46,26,51,62,36,60,36,190,49,32,69,37,38,59,41,105,61
2092,8,80,115,59,35,38,39,123,54,90,46,199,89,167,42,158,89,131,45,56,47,57,54,53,90,112,112,60,217,125,181,133,117,54,91,75,96,32,46,106,131,32,37,135,38,45,99,47,43,39,61,98,61,81,30,37,82,97,44,25,86,32,233,87,67,58,133,167,153,81,76,86,118,45,40,65,61,99,200,93,85,95,55,123,62,57,64,63,92,80,151,129,376,34,68,34,34,90,324,183,88,106,38,173,111,53,108,76,117,381,96,97,113
2092,9,1082,76,79,66,37,51,486,68,39,29,57,32,216,22,131,32,35,81,27,48,24,32,28,122,95,36,29,130,30,108,122,45,26,49,105,143,31,55,26,75,24,32,193,41,54,116,25,30,50,181,98,62,83,32,24,98,41,28,30,73,47,81,86,49,49,33,130,121,32,201,46,60,28,37,120,55,37,90,44,293,75,23,144,43,37,83,44,27,89,55,38,282,34,25,75,48,46,112,87,61,87,35,60,46,40,44,34,101,83,49,176,108
2092,10,65,62,140,117,39,32,44,57,71,42,36,33,68,27,44,22,28,113,23,62,29,77,279,229,23,24,23,59,77,54,49,45,39,39,30,29,22,26,62,30,22,37,177,25,27,31,27,75,42,32,34,24,43,239,268,58,48,22,25,111,135,26,227,36,25,34,53,65,33,31,43,1594,58,38,36,45,37,67,26,79,40,56,91,49,25,66,29,34,65,90,425,73,37,79,33,68,139,43,67,26,75,25,54,25,38,37,71,145,27,26,39,57
2092,11,149,63,41,330,24,34,39,103,150,166,51,25,117,21,102,24,45,77,50,154,22,994,140,163,158,34,22,147,60,46,75,28,26,28,23,29,30,43,70,188,25,47,79,38,22,41,43,24,54,50,24,34,472,179,77,186,132,45,44,61,33,24,261,57,22,43,43,53,47,25,76,86,32,35,74,64,48,29,24,57,68,34,43,112,29,72,101,65,40,167,119,143,48,42,31,39,35,51,106,69,51,24,33,49,56,155,97,73,95,31,154,41
2092,12,237,94,50,38,30,40,84,35,35,412,82,34,220,211,35,23,47,123,125,37,20,88,55,80,46,25,22,114,31,51,280,24,45,54,68,112,43,44,27,43,22,54,152,24,52,50,28,26,41,110,70,26,83,41,33,106,29,108,31,88,41,385,803,65,22,64,117,57,28,37,37,222,43,65,26,124,24,48,23,81,48,185,43,46,60,30,180,169,28,46,54,54,25,24,56,32,749,73,134,23,83,24,112,66,39,37,82,31,267,61,33,51
2093,1,147,81,151,182,440,154,233,83,62,249,116,73,638,55,38,30,80,226,157,234,26,152,716,45,74,23,27,663,28,31,362,240,41,105,162,124,375,179,43,374,36,70,412,156,119,32,2347,68,55,49,156,42,90,39,47,952,145,125,28,109,2510,282,6063,64,35,130,38,45,69,179,66,219,25,636,46,196,108,1076,23,39,390,96,54,71,35,33,848,177,137,71,110,309,24,112,87,295,73,113,45,33,205,26,109,27,203,35,147,30,283,334,978,27
2093,2,191,128,79,273,407,246,77,175,273,297,197,51,433,815,84,82,27,62,191,164,53,246,161,136,51,63,96,980,56,33,359,324,33,464,60,43,104,209,101,250,33,109,241,91,138,25,2560,38,40,31,71,23,44,43,43,3864,370,276,249,140,926,139,3497,29,49,216,49,52,117,169,118,127,69,551,26,252,140,1285,200,33,1075,58,131,96,36,128,4092,96,91,158,433,206,25,185,82,88,92,79,79,609,86,79,60,326,49,33,155,39,94,235,731,65
2093,3,162,158,55,392,677,166,52,317,105,614,122,28,470,182,28,25,36,44,80,242,46,240,89,93,206,179,572,1456,143,26,234,61,26,62,47,134,90,767,104,148,21,39,484,388,37,44,753,92,30,48,120,22,40,29,92,1956,357,375,49,64,2206,71,1312,28,25,352,46,36,79,82,191,101,152,1063,82,175,53,1147,76,57,1662,46,63,77,34,85,2486,182,36,58,151,431,36,211,41,314,55,48,43,175,53,176,204,181,214,55,61,125,187,207,619,42
2093,4,70,148,39,102,375,68,62,178,51,197,72,24,368,103,33,23,40,54,45,153,32,76,48,62,99,32,60,580,36,49,71,47,41,49,164,41,51,147,46,84,22,27,139,64,38,24,164,28,25,42,49,24,29,27,33,397,89,81,33,45,259,49,531,28,22,114,35,71,43,44,54,78,42,461,26,65,46,238,53,28,569,30,87,59,34,83,571,56,122,36,96,231,43,125,31,234,45,33,40,54,36,70,46,55,60,26,36,116,157,689,354,32
2093,5,38,64,28,49,62,40,30,49,32,57,37,25,66,48,28,22,27,38,34,62,26,44,35,30,37,25,36,87,29,25,45,37,30,70,56,37,70,56,27,48,28,26,47,36,26,23,76,23,23,25,27,22,26,24,24,67,43,41,26,29,69,35,64,23,26,53,28,29,32,28,35,48,28,64,24,40,28,175,29,26,67,26,33,31,26,33,78,33,29,48,39,50,21,40,24,51,35,42,42,35,30,37,32,40,35,26,36,35,58,92,168,23
2093,6,28,28,26,58,38,27,56,34,26,36,31,22,38,32,25,23,23,25,27,30,22,30,26,26,29,26,28,47,24,25,32,28,22,30,34,29,38,78,27,28,21,23,32,70,35,26,78,23,22,23,26,21,33,26,24,42,30,29,27,25,38,27,57,24,24,30,23,24,35,28,25,30,24,43,23,30,27,62,25,26,43,38,26,25,23,26,49,27,32,30,29,34,23,27,31,37,26,29,25,27,26,31,27,33,51,29,54,32,38,42,64,23
2093,7,174,55,42,45,447,41,35,40,29,84,32,62,75,51,44,47,48,43,34,47,21,30,47,124,184,58,34,31,102,55,92,60,90,30,201,65,31,45,118,48,31,39,50,109,46,36,43,48,49,37,62,24,44,38,57,34,50,37,25,79,48,52,44,40,33,55,38,77,75,66,27,44,67,41,68,58,70,52,41,36,45,71,52,50,29,51,45,49,34,94,90,40,50,44,46,51,70,53,39,39,55,31,36,38,51,43,107,78,73,69,58,45
2093,8,123,87,165,84,150,99,105,87,75,65,36,45,282,257,57,63,39,75,60,50,46,43,37,57,286,54,85,46,258,167,131,240,180,60,69,46,45,105,215,95,50,75,42,87,54,79,45,126,48,66,170,44,54,76,57,42,54,115,49,47,35,77,54,92,28,98,70,94,197,205,59,43,95,32,86,63,60,37,115,40,47,100,79,38,77,68,87,144,59,93,82,93,43,89,51,65,99,123,174,66,94,145,78,85,130,88,292,168,104,64,36,43
2093,9,60,54,27,31,74,25,54,24,73,44,37,25,61,44,29,43,32,35,118,126,23,61,47,36,297,24,50,76,80,29,28,71,109,75,30,44,41,71,93,55,23,40,26,50,34,306,40,25,29,28,33,29,23,28,33,45,49,103,179,26,88,49,82,67,57,26,61,160,136,84,26,39,23,23,151,102,87,26,68,58,24,94,88,34,116,40,37,31,25,76,83,128,21,77,107,622,32,55,32,33,36,35,56,49,42,82,37,43,65,29,32,72
2093,10,74,35,31,27,28,23,71,23,69,216,34,65,106,26,31,22,76,28,304,105,76,25,220,59,49,28,38,34,40,42,31,43,655,36,23,92,26,31,161,35,31,36,82,45,25,85,103,37,25,40,26,22,24,23,36,33,38,28,211,52,52,84,26,23,22,119,236,27,57,60,26,30,44,59,113,129,63,27,24,36,25,133,60,34,24,169,99,23,22,105,47,49,20,195,84,29,170,253,24,58,33,33,106,23,122,60,35,26,52,396,23,43
2093,11,105,370,40,28,38,33,29,30,41,132,25,68,216,29,37,388,25,39,224,57,36,28,36,52,94,83,23,23,23,48,69,47,139,38,23,38,22,134,43,76,41,37,70,32,51,68,31,22,36,46,40,24,29,22,132,59,60,23,154,60,46,102,82,23,32,46,70,71,24,68,27,69,72,314,29,51,54,47,70,42,67,42,49,43,85,75,118,36,31,131,29,61,20,174,97,54,51,197,36,61,26,28,135,52,74,30,49,66,34,223,23,33
2093,12,116,43,421,26,28,43,43,57,40,50,133,797,44,65,463,192,38,51,241,84,314,25,45,39,76,26,24,32,24,25,26,44,59,49,23,28,22,39,34,111,117,316,80,25,47,166,29,38,39,81,586,241,27,24,196,91,62,25,253,33,42,30,29,75,63,34,48,191,26,88,59,87,492,126,340,642,333,39,127,118,23,511,27,198,59,152,172,41,30,736,40,91,23,76,75,79,96,123,37,31,24,52,75,42,40,33,35,26,50,51,29,45
2094,1,1042,40,97,62,54,68,28,34,31,1199,266,148,96,36,152,69,45,385,336,152,623,22,47,418,970,25,48,25,24,29,32,397,50,43,44,116,24,33,27,85,112,587,71,31,37,38,95,60,23,154,620,379,23,313,70,34,122,150,658,27,97,271,34,41,88,57,77,180,36,72,64,172,59,178,138,119,103,86,49,36,78,855,37,112,33,63,360,30,30,157,86,85,48,97,34,43,294,71,93,155,57,79,47,119,54,104,299,25,55,2911,38,28
2094,2,1659,88,86,27,200,44,107,148,246,992,145,102,393,43,219,50,48,49,212,581,366,24,361,192,1339,152,92,48,23,35,25,65,49,39,25,128,23,83,148,64,81,208,169,157,102,37,87,95,35,35,635,523,30,250,78,227,329,488,1178,73,65,53,141,81,105,27,30,285,51,36,25,173,66,391,82,137,311,168,36,126,69,790,50,91,51,51,184,373,39,82,144,133,58,189,44,34,934,53,223,148,88,29,41,110,58,34,564,36,46,876,94,38
2094,3,285,227,45,54,48,123,65,295,236,286,68,93,251,31,111,101,782,48,158,230,635,24,71,158,1190,173,32,31,22,45,23,48,115,25,141,192,21,991,33,42,36,477,117,548,29,30,92,53,36,54,487,814,23,47,55,60,2386,383,397,47,31,40,279,30,67,30,44,64,34,87,76,270,59,244,53,94,529,337,31,51,144,473,76,54,28,41,619,243,24,69,1050,834,52,83,61,159,482,51,174,424,30,39,89,280,460,209,851,157,33,162,62,24
2094,4,68,71,39,44,31,31,26,62,50,77,39,48,183,38,51,41,86,48,73,142,308,23,42,92,650,52,35,24,25,58,26,56,45,39,58,119,39,86,29,29,29,134,69,81,37,26,88,27,22,32,145,263,21,30,33,38,390,144,82,59,26,32,143,28,40,25,26,43,24,38,56,101,57,283,37,50,97,275,27,38,36,111,176,40,36,32,428,72,32,42,259,106,38,42,30,35,98,37,106,236,25,27,54,82,93,355,219,38,36,63,30,27
2094,5,47,39,29,32,26,25,24,35,31,51,29,34,54,32,36,30,44,26,41,48,61,25,39,92,68,32,25,24,38,36,23,38,39,24,36,44,21,44,24,25,26,49,30,58,34,24,31,24,21,29,57,60,21,28,28,26,62,40,49,28,25,41,36,25,26,29,24,32,23,26,30,46,35,54,28,34,76,103,25,26,27,53,49,27,24,27,76,35,21,31,69,47,31,30,28,26,51,27,48,67,24,24,32,41,89,60,71,26,27,45,24,22
2094,6,33,30,26,23,37,24,23,27,25,32,28,33,33,22,31,25,29,25,29,35,40,23,26,33,43,31,23,22,22,35,25,25,28,22,27,31,21,31,24,25,24,32,25,29,37,25,25,23,20,24,53,37,21,25,24,24,39,28,33,54,24,25,29,25,23,25,23,25,22,25,26,29,25,34,25,27,38,74,23,24,26,34,32,25,24,24,42,26,33,25,57,31,21,26,34,24,33,25,29,37,23,25,29,28,34,36,47,23,23,31,25,21
2094,7,226,47,43,34,384,37,49,38,33,49,43,55,57,24,48,48,41,43,33,50,44,43,36,30,48,32,60,75,34,49,49,72,43,98,44,162,38,46,29,35,26,42,87,54,56,59,37,71,36,41,92,57,60,47,29,38,46,50,33,70,36,51,53,51,79,58,62,67,36,57,45,112,67,54,40,44,72,59,60,46,36,50,36,41,50,50,46,51,67,111,110,45,27,43,84,50,57,47,48,112,52,114,60,173,55,38,51,44,37,46,54,46
2094,8,147,57,43,27,237,32,108,72,74,97,71,44,78,43,53,71,45,220,161,43,52,103,70,95,42,47,111,174,33,144,393,131,148,530,58,63,60,39,86,120,30,114,85,165,39,131,43,40,40,51,137,41,71,32,34,69,56,73,85,62,99,84,120,62,168,120,181,334,46,89,45,59,56,72,50,292,48,48,101,140,72,44,129,49,89,81,567,46,160,126,102,79,78,51,159,60,42,91,134,64,93,110,185,172,133,69,45,169,56,80,146,45
2094,9,45,59,100,54,128,23,60,59,55,28,132,27,26,22,32,81,65,96,207,123,36,37,30,32,25,44,48,36,39,102,215,80,109,61,28,48,67,23,114,125,79,38,94,29,23,36,33,141,20,121,29,23,22,58,30,139,57,85,135,98,28,28,26,74,111,673,70,70,89,56,24,28,33,76,26,195,31,32,34,171,62,48,70,62,77,63,100,55,179,79,227,34,44,48,55,26,138,30,116,33,71,65,110,121,41,31,38,43,41,44,88,61
2094,10,53,40,51,1483,504,28,129,26,26,32,45,47,28,36,87,28,123,30,31,257,50,111,23,53,25,32,25,109,21,70,46,48,123,65,33,31,22,37,187,29,42,30,44,29,22,43,55,42,20,32,30,30,85,48,27,29,24,1286,65,1493,93,23,23,33,84,156,27,52,29,24,22,30,33,37,77,66,26,25,57,54,117,37,27,33,38,55,48,33,93,24,91,31,25,44,55,68,148,95,36,40,53,25,53,35,60,45,24,28,25,24,30,90
2094,11,56,109,25,76,84,317,452,74,41,25,53,42,36,124,23,43,26,27,168,67,111,88,34,36,67,88,82,110,21,235,25,24,109,35,119,64,310,23,34,24,23,241,24,26,23,30,23,23,157,85,96,34,74,77,34,29,26,50,72,49,114,22,26,60,27,38,24,24,22,46,102,283,156,59,30,37,36,31,61,27,35,79,41,31,366,40,93,25,32,23,128,24,55,37,181,233,336,114,25,35,29,29,115,28,85,70,25,50,32,83,64,42
2094,12,40,81,23,74,50,142,67,31,41,36,260,355,31,141,611,52,186,28,89,72,142,33,26,40,33,1055,54,122,34,82,28,449,32,42,67,566,177,727,850,337,219,45,25,23,29,275,26,28,56,26,308,176,40,85,44,379,64,40,103,78,55,91,39,73,68,46,526,42,22,1678,90,904,61,24,28,44,150,24,26,37,28,32,25,100,136,24,442,26,31,108,67,43,114,581,40,56,44,278,36,40,87,52,414,247,58,25,28,23,156,40,369,47
2095,1,96,42,69,51,42,83,323,59,26,112,168,166,166,567,54,37,224,37,1649,94,51,64,95,28,27,89,88,42,21,45,45,86,32,27,39,83,283,1244,721,177,107,760,26,23,59,351,97,316,1218,27,122,59,42,51,101,191,230,42,60,145,130,29,34,146,46,92,59,33,24,346,40,396,39,27,849,63,264,136,90,25,68,99,98,93,330,126,1074,637,57,132,44,388,34,181,40,54,68,235,56,46,93,28,238,222,39,86,23,35,194,47,498,127
2095,2,45,34,70,47,105,70,667,75,23,290,116,179,228,155,47,76,60,106,1863,117,62,62,44,53,35,65,68,58,20,111,71,94,37,92,179,69,361,2935,896,428,91,158,51,604,23,371,76,223,537,117,206,37,75,107,57,203,653,47,61,68,120,43,130,86,106,34,52,40,42,890,34,374,38,31,95,139,73,124,47,62,30,63,45,154,585,38,4079,588,52,135,37,78,117,660,30,97,316,269,120,152,82,24,674,218,42,36,64,89,96,34,164,419
2095,3,46,38,53,51,168,326,233,422,23,68,100,467,48,547,64,36,73,34,334,108,33,223,96,38,33,58,372,42,26,255,345,53,57,53,448,316,633,540,397,294,79,369,77,96,61,172,48,97,207,30,154,37,48,32,27,995,585,279,48,85,48,30,29,127,32,133,56,63,21,607,28,157,293,103,313,364,85,175,216,41,262,118,163,149,328,45,3061,830,76,39,57,528,112,168,201,255,550,363,34,79,62,40,1193,299,52,55,127,32,218,323,921,174
2095,4,26,145,38,30,56,446,66,78,22,38,47,193,37,123,33,27,37,36,74,43,28,156,35,44,63,165,149,73,35,53,298,55,38,54,133,693,169,114,124,69,40,80,30,54,24,58,32,60,64,32,68,25,43,27,25,166,101,137,49,39,47,24,25,97,29,34,31,24,22,425,27,88,56,39,121,150,47,53,45,27,64,40,189,54,234,26,817,302,58,33,30,107,48,82,40,83,96,145,28,68,85,30,719,77,35,60,74,139,230,122,189,91
2095,5,36,43,34,27,36,62,45,44,22,29,32,53,30,54,30,23,28,24,47,34,25,49,30,36,23,76,45,77,20,43,62,39,36,51,41,88,107,61,70,44,29,44,25,35,22,39,24,32,42,25,41,24,35,24,27,52,50,37,27,125,32,23,23,37,25,27,26,47,22,94,25,56,34,24,46,43,36,44,32,27,49,28,38,31,66,34,74,179,27,37,26,44,36,44,30,56,49,51,25,29,31,27,83,44,76,31,52,112,53,41,60,39
2095,6,26,25,26,24,28,35,31,28,21,25,26,36,26,40,27,26,25,24,31,25,23,26,24,24,24,30,36,25,21,32,34,28,27,28,28,52,40,44,37,29,25,32,24,25,23,33,23,27,36,27,28,25,23,23,23,36,33,26,25,30,26,23,23,25,23,35,24,23,21,40,23,37,27,23,30,30,31,30,35,25,25,27,26,25,37,29,48,48,24,25,25,30,28,30,27,29,37,52,23,25,32,23,49,31,25,25,25,26,37,33,39,28
2095,7,39,49,30,33,31,53,34,32,42,25,37,49,36,44,50,30,42,62,53,43,41,25,36,44,35,49,61,34,50,48,40,31,34,53,70,48,55,79,168,35,41,37,31,33,41,88,43,31,62,46,71,63,35,41,36,45,56,41,41,27,78,60,35,38,34,61,92,41,44,50,44,42,43,56,94,43,61,58,40,37,60,32,45,29,51,24,77,43,42,28,39,45,43,72,26,55,53,34,28,78,33,77,52,48,39,66,47,93,35,49,49,34
2095,8,70,32,38,123,30,52,45,108,163,47,73,84,72,44,53,59,73,66,39,58,60,54,43,38,48,68,37,84,39,64,154,40,262,110,114,52,69,35,146,580,70,32,112,83,38,213,55,79,71,31,167,55,61,35,57,67,44,57,28,34,42,82,58,46,41,188,155,139,82,118,120,44,37,159,154,71,50,38,90,62,30,35,45,71,84,56,307,46,52,54,94,48,73,794,40,51,33,106,46,317,35,57,51,392,91,51,171,50,83,83,138,157
2095,9,112,24,31,33,23,270,24,96,110,126,68,85,41,99,75,200,77,27,38,146,67,31,31,36,33,75,53,42,23,76,77,43,32,118,300,98,42,63,66,145,33,35,180,61,50,358,26,34,44,42,118,33,45,26,40,38,52,69,58,25,31,31,190,248,26,71,45,47,37,277,27,29,55,25,34,76,40,41,134,56,36,27,39,24,41,71,76,24,39,278,67,33,28,263,31,25,32,70,28,40,29,31,26,47,30,33,78,109,108,30,60,203
2095,10,336,76,23,27,46,488,26,418,30,131,66,89,38,24,98,37,41,30,41,27,209,76,30,94,76,1082,23,62,18,24,33,24,59,37,258,24,42,55,106,53,22,163,49,52,92,82,29,41,35,25,81,80,30,67,23,28,84,1759,37,80,44,23,31,55,22,33,41,25,101,1683,23,37,50,66,36,115,32,49,50,59,23,55,39,48,65,68,51,92,22,1546,175,39,24,129,139,24,35,23,62,46,22,34,24,26,23,95,29,24,24,51,54,27
2095,11,1016,30,22,169,27,112,24,430,24,64,135,126,29,81,96,25,76,22,47,534,90,478,34,23,27,84,108,24,142,33,42,36,68,148,59,242,24,220,35,41,24,366,83,28,57,52,89,25,51,58,70,58,46,49,27,29,34,145,23,25,31,34,29,172,47,121,24,24,23,100,36,43,74,98,49,106,24,108,38,204,35,23,37,52,148,44,57,34,23,144,124,258,32,58,54,53,39,25,60,47,28,25,57,34,44,24,23,74,48,111,37,36
2095,12,398,56,22,127,48,124,29,236,23,58,104,214,296,257,30,45,240,52,197,105,305,76,635,23,36,43,29,23,154,363,148,48,514,461,106,53,191,38,33,353,66,36,36,129,107,39,28,33,36,129,49,448,24,27,22,199,35,721,120,26,29,22,76,41,59,49,23,24,24,68,206,34,588,64,52,96,87,62,133,47,31,67,53,73,66,50,75,32,25,91,82,165,76,75,99,34,26,193,35,38,116,114,23,160,27,97,23,53,74,28,27,29
2096,1,364,105,81,203,263,83,28,3688,34,85,50,110,251,86,27,120,242,101,48,1615,202,70,390,26,29,44,36,44,54,72,39,41,231,1216,100,887,68,73,108,107,38,57,77,37,39,42,202,137,35,127,272,513,27,27,22,118,27,350,463,27,24,60,377,68,39,130,34,26,23,445,128,202,2251,118,155,179,71,106,55,162,25,68,81,81,36,39,351,27,23,80,204,165,172,440,50,97,179,140,30,97,72,48,36,211,273,39,148,45,27,70,96,28
2096,2,1994,78,50,423,113,110,22,2096,68,104,49,93,814,117,64,270,155,164,218,2436,301,218,300,162,119,127,161,118,50,44,35,55,121,1394,118,567,40,96,96,168,243,140,38,58,44,51,133,38,41,131,70,151,22,74,52,153,27,829,203,29,25,147,51,97,26,157,161,23,52,1564,241,390,1890,38,57,215,149,54,40,50,28,27,29,99,60,57,275,25,23,56,91,476,175,389,60,140,95,113,44,146,168,77,35,54,152,60,32,32,30,162,64,92
2096,3,383,47,35,414,117,122,21,688,52,37,309,210,505,59,28,53,99,119,74,515,292,217,249,52,46,188,79,265,72,88,71,212,98,1268,121,392,160,324,694,220,85,128,55,35,133,31,48,71,86,41,51,149,21,33,21,236,39,994,809,47,56,138,85,117,26,224,55,22,23,456,336,161,451,207,36,103,132,257,47,84,23,25,27,33,76,44,1101,24,43,64,262,197,92,657,274,121,146,113,30,40,263,54,113,52,899,128,31,44,38,83,68,108
2096,4,335,29,23,202,112,52,21,131,23,30,56,63,92,41,27,36,46,36,40,171,485,124,78,39,39,63,61,41,45,40,56,41,48,298,170,82,128,176,139,49,44,47,26,32,41,26,35,37,31,32,79,67,22,23,21,195,33,311,153,22,26,38,43,51,35,89,36,24,22,358,170,59,361,121,28,51,127,147,29,38,26,24,24,31,29,30,332,38,23,35,112,116,39,485,54,44,37,50,25,32,68,31,75,33,238,32,27,49,60,60,31,56
2096,5,75,25,27,52,39,31,22,62,23,25,34,35,53,90,24,27,37,34,30,65,148,39,71,26,33,33,29,30,30,29,33,33,37,63,85,49,84,47,44,34,32,28,24,25,28,24,26,24,24,26,34,35,21,24,22,45,29,57,58,23,22,31,30,32,24,40,36,24,22,235,72,38,62,55,31,52,36,72,25,36,22,23,24,25,36,25,187,34,21,28,40,50,28,136,34,30,28,33,24,28,39,26,29,28,58,26,26,53,45,41,26,27
2096,6,42,23,23,33,27,26,21,37,23,23,39,26,40,98,44,24,42,26,26,36,40,28,33,24,24,26,25,26,26,24,28,25,28,36,32,33,36,30,29,29,26,28,25,24,24,23,24,23,27,24,36,26,23,23,21,31,22,37,36,21,22,24,25,29,22,31,26,22,21,45,36,27,43,29,24,27,26,30,29,28,48,23,25,24,29,26,55,25,22,24,30,33,24,43,27,24,24,25,25,24,64,23,25,30,37,24,25,28,23,29,67,33
2096,7,35,41,30,41,44,41,28,192,28,36,61,30,84,44,48,32,48,47,57,39,47,33,114,35,62,40,34,50,56,36,85,56,58,31,40,75,45,38,52,37,28,46,45,69,28,34,48,34,75,46,79,77,28,47,44,38,36,53,30,25,54,44,71,69,45,52,268,39,39,35,79,58,69,50,77,60,33,43,77,34,41,48,76,29,41,37,105,35,34,53,38,55,28,37,63,39,39,40,83,47,40,35,43,70,55,31,30,40,26,49,60,33
2096,8,1020,54,47,311,43,70,348,263,85,40,126,56,66,92,67,31,182,49,102,44,38,39,93,62,165,145,32,197,67,38,204,59,130,76,63,54,68,38,118,77,33,41,53,84,31,175,81,161,39,156,359,86,28,72,46,233,1431,59,38,54,186,78,43,113,63,171,298,30,107,34,59,100,68,74,122,61,33,103,125,52,91,73,88,154,48,75,293,135,122,39,88,112,139,151,40,37,78,70,166,82,186,40,69,82,57,114,59,48,65,37,146,124
2096,9,84,27,184,116,31,137,75,105,90,30,53,56,38,56,104,118,35,41,29,31,145,44,48,36,68,25,25,100,44,58,59,31,96,35,67,180,43,41,398,48,101,25,27,25,24,32,59,33,32,103,58,133,33,38,33,50,201,49,51,59,204,69,148,49,69,28,63,38,67,62,89,41,29,89,409,77,54,271,189,32,31,30,163,52,70,23,111,71,64,82,48,85,94,37,44,32,55,86,73,39,72,24,109,71,33,221,31,57,76,68,109,82
2096,10,1064,46,69,31,41,38,173,64,24,74,34,62,36,47,63,149,30,39,35,50,219,1117,187,24,24,25,22,39,34,310,61,22,28,53,27,37,129,579,107,52,30,99,51,29,40,64,48,23,41,56,332,36,75,26,23,39,57,23,108,1923,256,23,106,24,26,26,31,24,26,42,112,43,32,33,35,1803,25,28,61,72,55,24,76,58,115,23,53,31,51,27,53,117,25,267,495,31,110,51,98,23,39,22,690,29,48,27,24,57,48,27,34,89
2096,11,537,27,33,31,22,166,57,42,35,101,105,46,219,46,268,30,35,49,51,23,32,109,714,47,26,45,32,146,55,77,25,25,66,56,65,25,360,117,86,32,50,66,93,70,22,41,69,30,148,32,68,23,35,51,28,25,105,25,188,47,65,54,27,38,104,37,54,27,32,25,151,30,42,32,500,91,53,25,95,136,25,22,34,24,271,42,93,45,246,109,45,29,24,71,194,49,36,121,76,32,34,183,173,45,58,28,30,67,28,74,39,27
2096,12,60,24,57,37,31,229,77,53,51,337,118,63,105,78,49,58,26,55,44,22,33,73,49,167,29,33,26,300,40,40,28,37,99,356,57,1391,106,57,165,47,23,118,34,38,23,73,507,23,185,37,282,41,31,26,19,32,37,28,169,128,34,25,25,91,26,214,116,132,30,23,42,26,38,204,56,108,23,123,66,161,56,23,59,38,69,159,113,134,44,176,75,31,223,144,119,99,116,63,84,23,26,40,188,104,30,54,43,52,94,44,84,53
2097,1,73,24,64,44,1536,102,99,139,76,95,40,278,140,114,62,250,24,33,34,79,30,57,171,107,29,43,23,109,106,66,244,70,54,355,96,288,253,95,161,63,66,46,28,24,165,261,340,24,1368,34,895,41,35,30,156,98,166,23,67,66,36,150,28,217,86,155,54,150,95,128,806,164,26,1667,224,507,34,136,1400,130,26,99,210,68,55,148,410,48,116,43,91,255,59,164,328,285,110,37,76,54,46,55,544,44,45,272,198,34,43,31,955,50
2097,2,93,731,106,198,136,419,329,356,95,115,67,643,131,90,34,62,201,77,68,625,172,52,88,203,29,26,22,162,32,71,103,165,43,862,319,236,417,53,86,107,198,101,67,23,43,43,166,34,1880,177,398,52,21,54,32,191,246,25,187,460,252,99,70,65,113,112,250,164,418,362,101,65,138,776,222,619,73,165,452,95,130,64,157,110,43,203,481,30,99,111,38,76,41,298,1798,355,77,176,73,39,133,92,1591,148,70,120,96,80,350,49,805,118
2097,3,53,153,121,161,246,821,562,223,57,85,305,704,83,84,29,73,31,33,42,777,247,107,51,105,53,369,105,95,31,68,85,188,28,1208,80,177,386,76,54,48,96,178,47,30,90,36,131,39,441,67,526,43,20,24,39,300,87,49,58,272,43,137,26,54,196,149,75,73,77,33,78,65,1291,319,100,284,41,85,1422,53,60,26,78,849,35,118,270,34,158,59,35,99,59,167,380,64,88,237,39,31,51,85,514,47,80,64,70,53,229,53,860,31
2097,4,36,98,39,105,124,135,91,124,31,42,248,211,47,34,28,33,27,27,25,350,64,52,42,72,32,51,70,44,29,36,47,75,50,147,51,151,140,69,36,27,36,47,27,27,35,29,57,22,105,35,104,72,21,21,31,141,48,23,38,91,32,37,24,33,118,68,36,39,40,58,91,33,111,80,52,99,35,48,230,38,41,26,58,75,37,103,119,30,43,102,39,56,36,62,128,43,54,65,32,22,31,128,903,89,31,50,35,67,83,36,633,79
2097,5,28,45,28,47,52,53,46,47,25,30,53,66,33,29,24,28,27,24,29,62,61,30,30,37,23,27,30,32,25,40,81,45,35,55,39,53,56,34,28,24,27,32,24,23,26,25,41,22,53,26,54,29,21,22,26,40,31,22,29,42,29,40,25,27,39,34,27,29,30,30,39,43,55,50,38,58,24,29,66,31,25,23,37,44,26,37,52,24,30,32,26,33,34,46,70,38,28,37,26,22,27,83,135,112,25,33,29,30,45,24,553,32
2097,6,25,50,31,29,32,40,31,29,24,26,33,41,27,24,25,24,24,23,25,40,26,25,25,28,26,24,24,26,23,26,26,32,27,45,25,34,36,28,25,24,24,29,24,22,25,23,29,22,33,24,37,23,22,21,23,29,27,21,25,30,25,30,23,29,28,52,31,25,24,26,28,25,32,33,26,34,25,27,42,28,24,24,26,30,25,28,36,25,25,25,24,25,24,30,37,31,24,27,35,26,25,27,58,28,24,25,29,24,28,23,140,26
2097,7,27,70,66,56,86,31,59,72,40,39,58,36,63,46,32,67,41,38,40,81,31,30,33,47,52,25,42,33,30,110,32,39,31,34,45,71,34,78,46,29,29,50,40,39,53,67,57,37,31,65,82,36,24,47,33,39,38,34,24,72,25,129,79,24,35,60,39,44,47,39,54,48,45,42,83,69,27,95,41,46,34,58,47,34,41,33,51,48,50,53,51,33,38,44,37,32,38,75,40,28,63,46,64,51,39,28,50,31,70,32,73,44
2097,8,140,95,89,117,76,56,121,139,45,55,135,46,69,89,52,72,39,62,54,39,39,31,41,86,112,52,36,237,46,35,46,105,28,37,60,179,53,125,99,56,56,59,90,37,56,78,143,79,43,57,75,112,52,45,36,60,51,37,26,162,25,165,107,54,198,152,133,57,54,57,167,175,31,29,509,75,33,56,69,74,28,51,116,45,117,66,146,56,77,45,44,41,58,54,63,97,45,32,91,52,211,111,139,42,74,44,28,45,284,64,65,92
2097,9,71,65,106,81,84,24,41,158,1013,39,49,35,59,24,56,30,23,27,25,84,23,37,44,39,27,34,23,143,48,31,79,100,61,30,39,54,32,121,111,23,25,23,24,84,31,23,27,67,50,33,28,63,20,33,23,102,29,22,47,86,39,83,100,29,107,25,35,31,68,49,64,45,24,73,309,101,23,24,24,76,65,43,45,24,97,26,247,35,86,88,29,25,42,57,160,59,55,28,24,97,154,81,50,44,50,89,48,39,109,65,44,119
2097,10,25,71,30,1022,160,1025,87,63,40,162,26,1150,30,23,30,44,29,26,27,25,22,24,58,73,25,23,53,37,22,41,57,35,37,88,24,24,46,33,90,41,22,23,41,31,25,23,23,57,72,34,38,27,46,31,26,34,23,22,167,235,80,47,212,37,33,38,45,23,24,31,39,37,53,59,1313,117,26,23,76,55,44,25,31,28,97,30,60,25,92,30,23,35,52,26,44,68,24,35,127,31,57,70,28,93,58,53,26,41,31,82,137,24
2097,11,122,32,53,161,57,49,26,27,66,80,47,781,46,42,74,35,190,50,39,26,134,47,78,91,40,70,22,24,41,52,33,48,28,91,22,26,23,27,146,47,30,22,29,22,41,25,52,130,165,39,60,29,48,33,22,65,22,25,209,773,95,81,70,52,57,33,23,42,34,29,39,31,155,118,209,62,139,54,23,96,38,138,30,40,72,38,325,22,438,53,33,50,60,88,74,36,69,49,33,398,101,75,67,105,122,44,27,40,123,85,36,37
2097,12,119,162,35,144,51,59,139,26,587,48,129,1548,69,52,32,58,110,40,212,26,27,132,32,307,43,47,26,96,820,33,25,24,34,41,49,23,32,32,609,39,34,23,42,35,28,34,28,762,124,42,383,25,21,34,21,62,32,23,41,52,28,58,135,23,94,31,23,23,60,244,49,43,209,278,521,1947,36,86,41,70,28,125,29,55,140,193,116,22,41,40,479,99,77,121,93,25,133,40,39,124,177,178,28,30,139,311,30,23,443,87,43,23
2098,1,38,77,28,169,103,44,221,144,310,40,1247,2370,36,24,30,29,184,337,42,66,98,37,102,74,47,168,28,58,228,25,187,65,29,124,38,30,65,169,451,134,42,27,30,796,447,569,46,807,44,35,84,106,130,53,31,30,944,26,35,1190,42,391,63,22,92,89,33,25,79,108,31,125,62,78,1749,260,31,128,99,87,25,250,292,25,44,1840,187,23,160,240,57,118,165,53,86,322,171,26,32,142,104,68,24,34,253,261,293,22,1061,46,29,24
2098,2,325,1461,35,371,104,139,201,45,182,34,848,1448,99,129,58,292,64,249,86,37,48,195,267,329,58,71,56,81,268,92,56,99,343,39,99,177,80,120,509,39,159,25,43,636,150,1370,48,696,48,24,126,46,85,40,21,106,203,23,42,548,210,259,45,169,127,254,66,56,26,208,24,102,42,169,825,353,38,92,50,165,67,941,200,25,130,883,722,24,69,98,97,41,37,95,363,181,64,31,26,301,169,45,41,287,591,146,87,49,456,61,49,31
2098,3,73,1033,24,577,84,88,237,46,616,129,558,1646,159,34,66,33,58,102,94,50,64,76,63,331,169,128,54,72,292,73,44,28,308,32,58,39,69,39,1230,28,118,24,23,558,82,69,288,738,79,27,49,696,81,23,21,126,77,663,38,172,112,175,91,64,470,434,105,84,27,47,69,75,37,281,561,359,27,68,30,47,36,655,188,158,88,1745,179,193,90,144,412,115,161,44,609,107,68,23,24,576,182,66,67,63,270,195,58,100,463,38,173,25
2098,4,42,189,52,109,33,44,50,30,276,36,1646,728,122,29,30,28,41,93,38,24,28,40,60,82,105,36,49,39,64,107,34,26,105,34,58,27,31,41,184,27,31,23,22,164,58,44,101,139,29,22,36,56,33,21,22,30,49,88,32,63,59,65,52,58,92,154,36,37,26,34,27,131,33,90,67,89,24,50,50,34,48,152,88,54,60,812,79,50,55,43,107,36,64,42,149,72,36,28,23,361,309,71,37,75,94,81,42,42,830,71,47,22
2098,5,31,63,34,50,27,37,33,26,52,27,127,71,64,25,27,26,31,35,27,23,24,33,29,46,57,27,27,25,48,46,27,25,57,27,38,24,24,26,61,23,25,21,21,50,34,46,38,53,25,22,30,136,28,20,22,25,33,39,24,43,29,41,27,34,45,58,24,25,27,41,24,32,30,97,45,48,23,28,24,30,27,56,50,33,33,118,45,29,35,30,43,28,30,25,84,37,27,22,23,66,190,28,54,46,159,39,34,87,101,31,34,22
2098,6,26,42,23,47,24,32,32,24,33,25,49,44,31,24,29,23,46,45,24,24,25,24,24,36,29,25,22,24,32,28,26,24,35,23,36,23,23,27,39,27,25,21,31,32,28,31,30,34,24,22,29,44,26,20,20,24,26,28,23,29,27,28,24,24,33,32,24,22,34,27,31,28,24,33,30,33,23,24,24,25,23,41,30,28,26,46,33,24,30,27,32,24,25,24,37,27,35,23,23,39,39,32,42,25,47,28,36,30,58,25,27,25
2098,7,69,60,24,60,28,59,35,49,58,76,62,58,52,38,46,26,32,31,45,44,30,34,83,69,39,50,29,40,45,49,35,28,43,27,76,32,75,52,51,43,34,32,47,37,30,41,68,67,34,52,56,30,51,53,58,46,70,49,39,40,38,46,28,60,64,115,52,51,56,48,34,50,32,51,44,70,42,44,47,29,29,105,60,62,43,37,38,38,61,38,49,43,46,43,95,26,43,56,27,30,77,57,36,121,54,39,39,77,71,63,31,46
2098,8,116,56,45,62,27,95,62,87,91,55,136,59,37,38,96,78,74,138,47,51,46,35,37,169,100,33,60,40,40,55,50,86,60,33,125,39,76,128,169,149,51,34,102,54,37,338,86,431,29,78,212,56,96,41,40,48,63,57,60,304,33,34,107,109,82,332,138,93,113,188,37,40,35,27,225,72,55,48,306,74,93,56,91,44,52,93,53,157,154,50,38,68,39,41,92,47,39,58,59,35,56,51,151,215,106,38,43,198,108,76,53,40
2098,9,127,27,43,47,30,86,37,112,80,36,51,24,59,32,75,62,37,28,102,26,114,80,31,109,51,30,88,70,25,28,54,61,48,54,443,27,61,77,57,24,26,54,108,27,25,82,41,1075,34,36,35,73,69,27,21,49,33,56,23,31,23,26,65,46,38,229,92,314,114,94,24,25,23,88,80,294,30,23,255,85,70,40,25,36,124,45,68,36,168,25,35,46,34,27,103,24,29,26,28,41,58,61,29,45,50,271,76,60,31,112,29,41
2098,10,24,51,23,48,46,31,63,145,82,46,24,443,47,28,234,41,31,23,115,23,56,49,53,27,34,36,73,23,31,94,29,24,38,80,38,22,37,51,56,31,25,24,43,31,70,238,60,111,24,29,25,32,109,76,24,90,30,41,1021,53,51,23,33,63,32,53,94,59,85,148,59,42,23,24,264,71,25,36,200,43,58,60,90,43,246,79,43,25,69,37,25,23,23,34,33,27,30,35,22,39,53,39,49,56,35,96,55,68,58,39,98,27
2098,11,37,175,156,36,35,30,92,79,84,46,340,1120,102,56,185,34,49,48,67,75,42,209,57,44,44,27,144,33,389,29,48,22,22,28,35,23,39,144,24,95,24,68,76,26,42,89,23,87,63,62,28,40,46,389,20,104,68,23,39,46,299,31,26,114,32,47,43,84,67,44,51,72,28,64,222,75,41,72,57,40,77,46,46,210,31,89,30,39,68,36,31,26,34,50,48,45,34,21,21,31,53,76,46,31,166,52,24,39,137,76,55,53
2098,12,421,363,41,34,32,46,30,238,87,27,86,587,269,78,63,31,28,29,31,52,86,46,70,48,32,43,82,34,111,125,113,22,362,44,48,69,43,204,111,195,22,33,137,99,43,51,23,150,22,22,40,62,175,50,19,102,37,37,39,24,101,498,70,46,45,40,45,57,122,31,491,617,44,122,58,58,194,48,43,156,28,26,68,168,52,159,44,106,36,27,42,30,413,37,58,36,88,25,22,42,378,132,32,30,52,48,61,62,33,54,45,21
2099,1,67,218,44,106,46,44,136,456,178,64,65,439,102,76,42,28,24,24,1118,46,384,182,58,155,525,38,323,23,112,140,240,36,64,59,119,240,386,276,40,52,22,168,321,132,92,53,152,472,94,43,1075,596,165,38,160,205,205,115,32,23,76,71,94,44,137,127,69,1692,35,58,130,94,381,226,35,261,206,67,95,45,159,87,1461,658,45,228,42,37,190,25,87,37,54,64,111,201,48,81,22,30,719,432,232,26,100,102,38,95,30,45,303,1243
2099,2,100,362,89,39,42,53,35,2407,196,112,260,355,122,199,37,133,22,28,493,211,430,72,52,227,273,32,131,70,208,110,84,41,40,138,54,281,118,57,283,101,23,61,846,72,33,77,375,983,209,24,190,243,45,42,125,50,132,29,54,31,41,165,68,149,111,112,77,680,33,67,106,764,92,176,32,548,159,84,400,187,152,67,1164,1835,191,213,259,41,63,202,133,69,41,134,296,64,87,62,41,42,289,790,132,175,125,87,38,122,40,489,371,974
2099,3,78,679,138,210,75,271,55,1696,395,45,391,373,62,295,31,35,22,34,291,109,198,40,79,47,764,34,100,83,78,183,567,226,128,131,77,1200,440,100,110,55,21,210,1341,106,60,43,493,672,78,90,873,327,121,31,53,66,203,45,138,30,39,200,51,167,102,257,58,277,28,27,106,916,77,142,29,362,217,65,259,438,185,35,438,2783,93,151,455,27,128,78,43,97,357,339,130,69,167,25,45,59,501,542,49,57,47,72,51,94,38,1035,377,100
2099,4,37,168,38,272,25,99,27,125,116,31,108,75,43,61,27,26,22,45,95,62,62,40,35,37,254,29,70,34,42,64,91,76,67,79,50,712,121,59,52,32,21,56,193,44,29,31,179,92,34,41,143,83,39,26,28,57,58,26,93,24,31,129,29,71,155,77,47,63,31,32,83,336,37,56,25,83,86,35,101,78,55,40,2148,452,110,83,180,25,56,32,54,49,89,39,55,36,40,24,24,26,96,168,69,42,68,41,27,61,28,507,654,54
2099,5,31,58,36,50,74,34,27,62,68,28,50,50,31,35,26,24,21,22,47,29,46,29,25,38,53,23,39,24,41,37,68,120,31,48,29,92,110,35,30,26,22,31,59,27,25,26,57,45,27,23,56,43,28,24,26,32,37,23,27,22,111,46,25,32,41,39,28,44,25,23,48,184,28,41,23,46,39,26,56,44,33,25,246,78,39,46,53,23,31,26,56,44,39,30,33,50,33,22,21,22,57,57,33,45,36,28,24,36,24,73,108,37
2099,6,27,42,26,32,30,25,26,36,32,24,38,32,31,27,25,23,21,22,31,24,30,24,24,30,35,22,27,24,26,28,31,29,25,31,61,60,51,27,32,24,21,25,46,24,24,23,37,30,24,22,46,29,25,23,23,27,26,23,28,22,27,32,29,27,28,26,24,29,25,23,30,50,24,26,23,34,30,25,29,34,29,24,52,54,40,30,35,23,25,27,26,24,28,28,27,25,24,25,21,22,39,37,31,28,29,25,23,27,25,45,49,28
2099,7,47,42,44,53,51,30,38,77,33,126,52,47,42,55,24,46,31,76,50,43,55,28,55,54,30,30,64,33,36,47,65,34,41,47,78,87,63,31,57,36,34,35,37,29,61,42,36,46,29,36,53,33,59,50,39,35,40,41,45,45,31,100,45,128,33,64,63,69,36,30,50,40,38,97,50,53,37,42,72,57,35,53,58,54,67,46,221,33,37,37,54,38,38,71,43,29,28,37,39,58,31,35,82,33,43,47,44,51,43,67,64,52
2099,8,90,43,43,51,43,44,136,137,99,184,47,44,46,46,36,68,39,90,112,52,59,34,44,137,28,79,76,57,112,81,74,59,96,46,137,115,44,77,237,39,59,67,41,27,32,56,60,389,42,126,44,51,46,40,45,95,74,62,62,68,87,391,31,55,29,82,305,109,77,28,83,35,107,53,65,60,113,35,39,104,76,91,55,39,160,64,78,225,45,103,51,86,199,75,88,26,81,62,42,63,46,40,112,92,106,108,57,70,55,133,59,62
2099,9,50,23,558,36,66,26,70,87,44,59,24,39,24,33,83,63,22,27,42,46,27,30,25,78,33,81,106,207,119,66,52,32,47,33,67,312,63,119,126,35,27,27,74,27,48,319,24,36,32,27,51,46,75,31,42,81,160,35,24,175,40,130,64,48,24,24,108,86,47,31,101,26,186,27,170,514,307,71,71,50,69,59,36,25,43,40,25,39,59,52,65,37,57,115,39,44,165,111,28,34,24,25,35,95,64,134,54,31,72,67,80,75
2099,10,308,29,49,171,38,24,23,58,32,85,29,30,28,23,82,45,45,60,23,39,27,31,53,261,58,47,30,38,33,77,139,83,55,25,80,71,79,26,437,313,21,40,26,32,57,97,23,24,53,22,48,23,24,64,30,121,60,22,529,40,198,68,57,40,26,24,26,28,65,1165,276,28,201,35,180,134,173,37,24,232,30,221,43,23,55,44,39,98,24,1239,42,24,71,69,23,80,339,80,20,23,56,23,90,56,34,34,75,23,25,69,33,118
2099,11,66,23,28,1406,41,42,38,25,29,387,91,79,50,27,30,358,20,54,47,28,37,31,60,77,23,77,90,31,32,32,108,90,56,96,26,72,50,153,88,82,217,30,28,40,73,83,24,23,121,85,77,23,32,23,67,51,337,62,57,413,154,30,25,33,27,38,71,49,156,323,172,23,65,60,160,62,121,51,25,69,94,41,114,24,236,53,38,133,66,178,34,62,198,98,41,44,54,90,74,49,78,24,292,72,51,62,56,22,33,259,34,220
2099,12,407,179,88,41,26,32,114,24,143,68,50,56,24,117,27,70,24,33,25,441,134,107,588,40,46,30,27,24,32,64,290,50,47,336,25,46,232,146,68,343,32,23,29,76,37,354,23,24,105,27,37,29,23,25,165,162,47,278,155,60,66,364,31,23,22,28,85,31,44,53,96,22,187,218,53,135,55,291,46,359,31,176,58,28,133,199,55,348,26,51,41,84,315,81,258,680,36,416,113,175,171,22,74,26,25,475,273,34,42,43,24,63
