Year,Month,a1b.bccr_bcm2_0.1,a1b.cccma_cgcm3_1.1,a1b.cccma_cgcm3_1.2,a1b.cccma_cgcm3_1.3,a1b.cccma_cgcm3_1.4,a1b.cccma_cgcm3_1.5,a1b.cnrm_cm3.1,a1b.csiro_mk3_0.1,a1b.gfdl_cm2_0.1,a1b.gfdl_cm2_1.1,a1b.giss_model_e_r.2,a1b.giss_model_e_r.4,a1b.inmcm3_0.1,a1b.ipsl_cm4.1,a1b.miroc3_2_medres.1,a1b.miroc3_2_medres.2,a1b.miroc3_2_medres.3,a1b.miub_echo_g.1,a1b.miub_echo_g.2,a1b.miub_echo_g.3,a1b.mpi_echam5.1,a1b.mpi_echam5.2,a1b.mpi_echam5.3,a1b.mri_cgcm2_3_2a.1,a1b.mri_cgcm2_3_2a.2,a1b.mri_cgcm2_3_2a.3,a1b.mri_cgcm2_3_2a.4,a1b.mri_cgcm2_3_2a.5,a1b.ncar_ccsm3_0.1,a1b.ncar_ccsm3_0.2,a1b.ncar_ccsm3_0.3,a1b.ncar_ccsm3_0.5,a1b.ncar_ccsm3_0.6,a1b.ncar_ccsm3_0.7,a1b.ncar_pcm1.1,a1b.ncar_pcm1.2,a1b.ncar_pcm1.3,a1b.ncar_pcm1.4,a1b.ukmo_hadcm3.1,a2.bccr_bcm2_0.1,a2.cccma_cgcm3_1.1,a2.cccma_cgcm3_1.2,a2.cccma_cgcm3_1.3,a2.cccma_cgcm3_1.4,a2.cccma_cgcm3_1.5,a2.cnrm_cm3.1,a2.csiro_mk3_0.1,a2.gfdl_cm2_0.1,a2.gfdl_cm2_1.1,a2.giss_model_e_r.1,a2.inmcm3_0.1,a2.ipsl_cm4.1,a2.miroc3_2_medres.1,a2.miroc3_2_medres.2,a2.miroc3_2_medres.3,a2.miub_echo_g.1,a2.miub_echo_g.2,a2.miub_echo_g.3,a2.mpi_echam5.1,a2.mpi_echam5.2,a2.mpi_echam5.3,a2.mri_cgcm2_3_2a.1,a2.mri_cgcm2_3_2a.2,a2.mri_cgcm2_3_2a.3,a2.mri_cgcm2_3_2a.4,a2.mri_cgcm2_3_2a.5,a2.ncar_ccsm3_0.1,a2.ncar_ccsm3_0.2,a2.ncar_ccsm3_0.3,a2.ncar_ccsm3_0.4,a2.ncar_pcm1.1,a2.ncar_pcm1.2,a2.ncar_pcm1.3,a2.ncar_pcm1.4,a2.ukmo_hadcm3.1,b1.bccr_bcm2_0.1,b1.cccma_cgcm3_1.1,b1.cccma_cgcm3_1.2,b1.cccma_cgcm3_1.3,b1.cccma_cgcm3_1.4,b1.cccma_cgcm3_1.5,b1.cnrm_cm3.1,b1.csiro_mk3_0.1,b1.gfdl_cm2_0.1,b1.gfdl_cm2_1.1,b1.giss_model_e_r.1,b1.inmcm3_0.1,b1.ipsl_cm4.1,b1.miroc3_2_medres.1,b1.miroc3_2_medres.2,b1.miroc3_2_medres.3,b1.miub_echo_g.1,b1.miub_echo_g.2,b1.miub_echo_g.3,b1.mpi_echam5.1,b1.mpi_echam5.2,b1.mpi_echam5.3,b1.mri_cgcm2_3_2a.1,b1.mri_cgcm2_3_2a.2,b1.mri_cgcm2_3_2a.3,b1.mri_cgcm2_3_2a.4,b1.mri_cgcm2_3_2a.5,b1.ncar_ccsm3_0.1,b1.ncar_ccsm3_0.2,b1.ncar_ccsm3_0.3,b1.ncar_ccsm3_0.4,b1.ncar_ccsm3_0.5,b1.ncar_ccsm3_0.6,b1.ncar_ccsm3_0.7,b1.ncar_pcm1.2,b1.ncar_pcm1.3,b1.ukmo_hadcm3.1,
1950,1,1019,957,1127,1692,2132,1208,1516,1021,2018,1893,2128,3102,1014,1326,1277,2176,1300,1212,1591,982,2282,1152,1169,1071,1556,1276,1759,883,964,1130,1545,3135,1151,1237,933,2518,1115,1955,4695,1006,975,1232,1669,1708,1191,2312,955,1715,1859,1131,1122,1366,1075,2239,1366,1392,1868,946,2113,1164,1154,1219,1529,1280,2513,879,1013,1101,1313,1278,991,3983,1063,1568,1022,978,946,1237,1409,2272,1105,2421,1009,1923,1422,1431,1102,1801,1116,1620,1128,1285,2157,1009,1593,1133,1121,1127,1670,1406,2473,871,1043,1112,1343,1848,2808,987,1055,3512,1034,4578
1950,2,1759,878,1025,2488,1834,977,5602,1160,1521,1681,2122,3410,1402,1339,1145,1739,985,1071,1490,2230,1381,1285,1911,2320,1380,1238,3844,934,998,1214,2469,5440,1431,1668,2362,4607,1293,3441,2671,1282,824,983,1673,2108,1014,4906,1237,1452,1902,1455,1356,1364,1786,2050,1059,1120,1573,2492,1760,1850,1735,1867,1226,1645,4612,948,1035,1380,2716,2379,2177,3207,1101,3521,1499,1415,814,1012,3043,1467,1256,5311,1601,1433,1921,1268,1416,1158,1134,1697,1033,1024,2263,3026,2025,1438,1270,2043,1444,1313,3076,800,1138,1416,1905,1842,3717,987,1463,3408,1496,2822
1950,3,1233,855,2571,7283,2457,960,5619,1651,1756,1705,1758,4370,1533,1257,2629,3101,1706,688,4516,2686,2427,1181,2957,3158,1686,1951,5513,757,1505,1932,4208,4428,1546,2316,2018,2535,3919,5854,3378,1418,750,1290,7555,2145,998,5608,1492,1979,1641,1779,1149,1075,2198,3292,2771,708,4065,2319,1671,1180,2452,2876,1587,1540,4457,811,1854,2370,5333,2288,3019,1549,5742,5394,2111,1300,773,2114,4533,2206,975,4827,1581,1601,1850,1356,1261,1109,3406,2960,2055,710,2168,1969,1996,1183,2671,3522,1496,1417,6755,878,1460,1319,3837,2356,4791,2083,1873,2527,4883,4295
1950,4,876,563,1477,3426,2809,768,2454,852,1335,1240,979,1594,705,813,1229,4031,1285,533,2578,1498,1549,721,1420,1592,1227,1172,3805,573,1117,2314,2673,2183,1137,1117,1609,1549,2573,5295,2250,769,543,2314,3771,1769,746,3017,777,1204,1226,1063,760,798,1293,2933,1392,557,3725,1570,1503,683,1609,1790,1300,1093,3157,589,918,2624,2285,1579,1576,1056,2725,5341,1300,723,552,1869,3983,1838,733,2824,860,923,1309,1263,770,877,1256,2531,1614,559,4293,1651,1856,720,1677,1697,1427,1164,3233,578,993,3154,2240,1292,3154,1362,1177,1352,2275,2217
1950,5,610,533,1023,1478,1724,777,1401,578,710,627,764,734,565,621,950,1855,4197,437,1666,927,902,515,1151,1501,764,951,2216,480,587,1427,1077,1532,873,694,1359,834,924,2576,1497,603,525,1158,1258,3218,776,1747,567,643,661,768,556,603,885,1911,4784,445,1760,1018,961,554,1116,933,742,842,2312,487,583,1220,971,705,1293,639,978,2447,895,573,551,1282,1555,2598,740,2035,583,610,648,835,559,655,960,1931,2952,442,2116,930,971,550,1127,1251,791,958,2279,478,575,1439,936,793,1562,773,655,730,985,1291
1950,6,467,583,1123,1011,849,487,723,466,482,450,476,688,420,506,487,1196,769,430,722,561,514,426,736,909,491,904,971,405,483,920,557,723,519,463,517,504,815,994,801,451,505,948,851,883,488,810,617,489,454,506,426,549,632,974,767,439,761,548,535,419,750,671,475,1086,1303,408,498,859,526,615,680,517,770,854,532,495,456,1032,1054,876,521,828,535,472,459,529,430,524,515,1253,1295,410,861,497,515,453,658,1123,480,1007,1237,404,500,785,513,585,674,553,467,520,740,710
1950,7,704,817,2169,1017,575,925,1018,922,1035,1353,763,1162,595,597,967,742,1540,766,822,984,836,1633,656,739,1043,1462,734,668,858,1076,611,1036,874,1088,778,904,1257,702,1007,685,703,2008,1785,638,1008,824,1044,1256,1348,918,593,530,1251,740,1675,737,861,840,777,1285,662,911,1097,1548,788,680,853,1199,630,682,743,835,1388,738,768,634,934,1982,1666,691,1032,939,984,1185,1226,925,626,514,820,906,1580,857,869,870,687,1643,706,829,950,1435,675,726,641,1253,629,645,1049,721,1065,967,1548,848
1950,8,824,1284,2443,3333,1686,1291,799,1257,1372,1563,2621,2194,768,1138,1406,990,1460,719,692,2369,1001,1496,805,595,1238,1745,553,839,934,1443,1485,1155,981,645,691,718,1731,819,715,883,1416,2441,2532,1391,891,1105,1023,1057,1976,960,707,1368,1316,998,1452,1088,859,1951,914,1728,817,612,1107,1110,530,871,964,1168,1860,579,769,757,1930,1003,605,823,902,2391,2009,1612,1043,878,1000,1081,2260,1255,759,1196,1766,808,1659,730,673,1791,1108,1978,710,580,1111,1549,628,756,1153,1356,1833,574,1138,1183,550,653,1577,885
1950,9,925,593,1562,942,1302,947,465,714,1174,981,576,1218,1167,933,1583,586,1901,1035,679,1613,875,878,624,505,1080,458,774,786,592,789,658,866,1054,473,866,407,693,1016,1362,615,512,1956,904,870,1165,409,823,1520,1214,3162,763,1145,1430,701,2054,899,618,2402,839,644,711,516,1239,727,658,1014,581,1057,482,746,571,385,907,896,699,1304,710,2368,994,917,1020,448,845,1708,993,2410,1629,1086,1230,720,1154,1063,732,1650,926,735,824,520,885,518,711,820,622,551,438,741,530,1059,447,372,870,1972
1950,10,996,2275,2565,1025,1637,1130,446,1978,685,735,441,963,473,829,2022,780,1670,1277,676,2304,1660,570,2002,533,1764,2591,487,794,2043,4807,499,857,408,425,750,598,1159,1485,1178,1245,2251,1865,1282,1604,1525,426,1589,408,603,538,1182,711,879,896,2092,2316,487,2150,2313,605,1059,529,814,2986,519,554,1776,4246,478,605,1336,768,1961,1084,889,649,1794,1362,910,1687,1868,435,1608,422,778,921,582,615,1323,788,2210,2159,440,2897,3204,500,1980,606,2006,2107,463,969,2822,2421,509,495,1039,432,417,805,1880,1217
1950,11,524,769,859,681,896,1472,365,2047,397,503,635,4497,495,2281,1338,418,1625,1431,455,701,3044,562,860,450,805,3452,482,1139,612,1618,382,800,1772,475,1900,4541,2294,711,1757,463,697,755,557,758,635,376,1343,394,982,478,413,2335,2517,688,1975,610,751,650,1635,560,1829,556,1709,1861,559,1084,538,3518,394,521,680,3248,966,1137,532,572,1151,914,953,801,926,368,1913,400,807,608,426,1441,2054,420,2235,532,513,677,2445,530,740,395,756,3864,442,1539,585,6710,377,491,721,1229,607,1337,1019,3465
1950,12,490,607,2041,523,477,491,366,614,498,1090,414,1324,753,838,596,819,3150,860,836,1631,2058,506,845,1326,671,1407,2443,1756,458,2188,597,502,1057,2666,458,1150,2846,2579,4176,482,849,3140,577,533,694,366,945,473,715,1909,785,749,610,552,4645,918,797,1696,2512,442,577,1107,1084,2144,1549,1526,439,2527,682,901,479,1398,1819,2559,495,467,598,2196,526,495,468,381,715,512,1083,1824,611,1116,641,843,4822,741,922,1664,2176,489,628,1322,803,1974,2361,992,491,2144,558,868,570,1475,2068,2977,2873,2418
1951,1,527,867,4723,1185,1079,1154,655,1015,742,1099,465,1164,1429,1980,1507,719,2934,1047,700,1061,2215,427,1029,2005,908,1761,1165,2365,559,2640,1706,479,647,1393,467,2094,1383,1312,2295,507,1466,2821,1425,823,808,510,1046,467,1317,3138,1402,1818,822,516,4874,1078,598,1082,1775,422,889,1373,632,3324,2543,2733,861,3293,1502,642,452,2340,1266,1475,551,534,1893,5934,1439,1122,941,569,756,660,1002,3214,1739,1878,1400,697,4686,1027,547,989,1566,391,975,1488,628,2394,1229,1765,891,3312,1844,891,478,721,1691,1272,1193,2683
1951,2,834,1633,3502,1068,1001,1940,601,1017,458,767,1017,3049,3700,1676,1090,1185,3527,875,602,1389,2410,603,1257,965,1153,6781,834,2889,1155,4496,1528,1229,605,1471,1298,2409,1862,1388,1907,771,801,2895,921,1489,2470,742,1101,783,659,1527,2014,1563,2151,1089,4208,774,590,1274,2673,488,1293,1114,913,7852,781,1924,787,3684,1453,903,1511,1759,1869,1431,425,960,1103,2798,1067,999,2081,579,1336,436,832,2295,2519,1465,1221,887,4998,824,642,1317,3129,591,1028,1065,1131,6070,689,3809,724,3471,1543,630,1388,662,1698,2369,1439,1958
1951,3,881,936,3102,732,925,4982,512,2512,469,865,406,3924,1503,1986,2274,1630,10679,842,578,1420,3275,648,1268,1292,874,8444,1117,1965,984,6268,1709,788,1244,1066,1201,5430,3527,1376,1947,1358,1104,2777,953,895,2089,514,2152,450,874,3490,2665,1776,1291,1618,8493,1256,596,1553,2806,460,1347,1415,763,7724,2084,2017,598,5458,1766,1158,795,6926,2885,1715,995,1058,1219,2168,792,1020,5161,582,1199,530,939,4760,2233,2143,2030,1082,8494,1109,601,1319,2973,566,1244,1284,721,6246,1750,2349,946,7567,1297,1313,581,1282,1214,5953,3266,1598
1951,4,1087,2294,1380,664,1318,2963,472,1183,423,722,409,2270,1379,1500,1502,739,8560,686,484,846,1722,466,1183,1327,601,3947,1589,1716,948,3164,1238,562,766,1080,620,3876,1296,2351,2090,716,1513,1580,628,1130,5052,576,1361,441,686,2911,1151,1231,2439,826,8027,825,475,868,1484,583,1043,991,630,4081,1261,2280,1206,4116,1004,741,586,3507,1635,2701,609,661,995,1353,613,1650,2657,617,1810,398,609,2267,1255,1208,1446,1373,7996,641,499,908,1677,406,931,1152,669,4826,1323,1525,1277,4969,954,698,611,947,878,3343,1434,1951
1951,5,1182,707,1213,454,640,1921,461,808,384,499,377,1459,636,1109,4765,525,3114,612,418,539,1715,608,3052,733,532,2481,706,1058,1017,1811,666,447,511,906,590,2149,693,1953,1253,1046,785,1331,464,808,2826,423,665,377,470,1466,668,1139,4938,530,2358,616,412,551,1352,506,3154,766,524,2214,721,1232,811,2242,616,445,495,2001,932,1209,483,1018,774,1156,469,596,2607,455,895,379,483,1127,659,934,3470,581,2511,571,398,514,1547,601,2656,691,541,2455,618,898,750,2079,626,438,431,546,819,1805,892,1130
1951,6,479,482,598,415,483,872,589,549,443,411,483,904,494,535,994,478,1196,454,426,458,611,382,1298,427,418,1630,647,507,974,721,490,407,434,498,408,1315,581,674,759,509,449,886,445,471,685,427,552,457,403,694,648,475,738,418,1579,461,411,479,607,385,846,445,430,1582,542,509,763,711,504,412,412,1437,541,598,407,512,477,577,453,467,735,548,521,413,403,770,617,481,931,443,2128,433,435,481,587,395,1199,430,412,1073,610,503,627,842,446,401,412,438,453,1605,548,1030
1951,7,737,972,651,778,667,783,1366,735,940,575,684,1081,616,1473,907,797,1744,693,846,1013,916,834,684,914,835,1122,685,858,924,736,1462,1518,1389,988,755,1447,1042,818,1521,812,835,647,846,741,770,1803,674,837,578,771,640,1126,927,881,1620,806,689,918,984,904,711,732,868,1044,805,950,1014,730,1351,884,767,1358,1097,1103,794,808,896,622,672,662,724,960,800,813,578,774,549,1264,847,891,1671,845,838,1028,967,950,681,1068,848,1112,785,962,946,740,1204,804,1315,1184,892,1362,1015,1711
1951,8,1120,980,791,707,1034,1115,918,763,1300,666,1073,1036,1043,1055,1533,1028,1644,924,1060,914,1334,1561,1987,878,1106,819,882,1441,1054,1629,1388,2815,707,2023,1014,1337,1094,1659,3074,1279,1308,650,660,1082,1279,961,722,1477,787,848,877,1289,1897,772,1518,1013,1022,969,1733,2290,1706,1229,1084,633,839,1215,1238,1937,1460,697,883,1175,918,1489,788,993,1263,691,756,1131,1048,1520,711,1490,865,857,1071,1185,1968,973,1561,1024,887,903,1579,1665,1621,709,1276,706,825,1201,1087,1711,1454,815,2861,850,2441,1828,865,3358
1951,9,712,2504,762,509,661,962,2462,1037,1227,883,809,543,694,704,1037,1140,1033,1103,1194,490,5409,1366,852,497,2261,839,863,587,691,1436,1231,1434,1062,1507,788,1355,1268,680,1678,455,3749,598,583,778,888,2009,901,1368,895,547,636,643,677,1394,1284,1076,862,614,3209,881,980,472,2213,732,796,730,594,1671,1019,1024,906,862,1803,544,410,730,3216,840,491,614,779,2172,700,1280,961,627,434,596,1295,1021,1012,873,1203,471,3112,1074,1047,544,3871,893,737,656,662,1604,1036,738,1541,1311,2620,1157,1731,1231
1951,10,460,1597,752,387,497,803,478,597,783,464,662,1006,1025,748,527,702,991,384,440,537,732,1005,811,1525,1326,1084,668,500,781,2883,924,1038,448,3679,1139,678,1336,815,5256,614,1555,871,397,518,948,848,474,837,438,474,791,1216,974,586,859,387,610,626,543,1162,709,1535,1906,983,555,471,782,1467,1255,498,1210,1193,1025,733,2392,529,1587,560,397,520,961,853,614,744,439,506,1174,862,1080,858,973,377,400,891,1099,1082,3733,865,1126,899,541,418,552,1247,1129,582,1113,440,2022,811,757,5700
1951,11,438,655,382,416,424,1602,432,647,540,413,427,497,496,675,1256,509,784,388,757,2603,841,417,4975,405,477,889,515,733,1319,943,1349,728,736,776,1349,840,688,386,9612,419,566,382,476,381,514,431,663,812,481,386,609,495,688,478,505,462,702,2559,856,420,4891,409,508,1174,491,819,814,1191,1257,2086,1282,569,606,385,2436,508,760,410,513,392,1195,440,430,654,858,367,526,650,555,496,978,403,713,3524,1005,417,1652,608,475,1143,461,613,1217,1290,1193,2165,616,654,849,467,875,4983
1951,12,1636,550,1310,516,677,510,574,1613,574,828,375,1197,1577,396,3366,572,654,450,383,780,771,594,3260,2457,774,1224,456,603,714,848,580,932,1545,1132,498,474,1845,390,5393,1640,556,2111,472,1027,1185,559,1477,621,728,776,2122,421,3306,495,1006,374,402,808,782,550,2785,1441,737,665,509,451,1381,879,571,544,578,668,2688,375,2644,1298,576,1920,463,1140,504,594,1713,576,445,735,2244,401,5337,467,553,392,462,643,748,710,2670,2343,917,857,537,635,1051,763,742,639,628,1288,952,842,3176,7057
1952,1,1698,914,2125,1318,2964,609,675,598,442,1057,1450,1260,3836,784,2352,477,2027,549,827,918,557,1011,3307,1336,610,548,457,1655,908,2844,549,1455,763,1652,1493,893,3225,382,3648,1543,858,1487,1403,1098,531,703,613,489,1116,1581,2408,697,1568,464,1832,580,1218,623,627,1088,2993,2524,935,749,389,1793,1203,2092,544,846,1490,899,1479,374,2541,1517,923,1878,1521,1829,575,573,593,442,717,1294,1740,686,1407,544,1814,483,1229,615,613,1025,2248,1349,711,490,382,885,1395,2459,519,560,1615,1234,2059,903,1940,4971
1952,2,1161,610,1431,605,1071,1130,960,591,932,790,890,1387,1587,1909,1453,769,1227,383,1068,944,714,764,5480,1377,1455,1711,704,710,4090,1844,738,1097,733,1522,1069,616,1726,558,5735,1399,599,1439,606,2932,1015,1127,749,856,764,677,2370,1605,1301,667,1336,397,853,1486,720,703,3842,2429,1525,1056,653,688,1715,2295,903,1040,1160,585,1575,556,2622,1288,689,1338,650,1741,758,1135,590,784,1077,1003,3413,1801,1459,557,986,383,551,1087,834,824,4416,1745,1286,1443,577,1625,1672,1719,955,1487,1198,631,1672,566,2280,4863
1952,3,873,1862,1453,571,1567,756,878,868,423,615,1118,935,2331,1343,1342,662,961,1342,1964,1310,601,1412,3697,2970,859,1134,977,852,3533,1235,3516,1234,1550,6359,903,1702,2405,1468,3712,839,1788,1161,576,1060,980,627,764,455,670,581,2413,1214,1409,696,1231,1138,1562,773,601,1928,4578,2234,970,1461,908,836,5573,1558,3985,1390,1188,1879,1871,1171,5028,1092,1567,1132,645,1440,668,650,757,534,656,762,3441,1626,1343,649,1335,1126,2230,830,589,1482,4573,2177,937,934,1199,1006,6460,1686,1672,1045,848,1163,7145,1884,1829,4694
1952,4,952,817,1227,432,1325,600,489,464,403,481,1662,859,5094,688,952,417,630,501,733,859,481,1092,1588,1763,574,718,444,520,4548,873,1562,676,1541,3075,718,936,1683,699,3027,863,977,872,432,1029,628,578,480,418,514,612,5032,721,1137,397,818,468,756,693,477,783,1788,1724,622,773,455,569,3209,940,1643,754,776,906,1422,462,4441,868,1097,897,438,1045,523,503,481,407,562,487,2881,695,964,398,826,445,838,734,544,1077,1834,1570,535,613,425,578,4264,906,3421,893,879,1238,3527,876,1138,3141
1952,5,543,578,770,392,856,663,441,415,395,416,682,645,1207,500,768,394,559,400,654,559,429,535,1165,1097,561,538,432,446,1656,606,532,730,661,793,474,1104,937,427,1635,557,529,706,395,758,560,428,418,403,406,516,2092,490,981,380,585,393,649,509,424,558,1218,1329,520,487,430,434,1697,632,550,529,494,1370,805,455,2080,644,539,695,405,779,577,449,418,398,402,484,1828,489,856,382,555,384,559,515,439,546,1199,1399,500,472,431,451,1711,596,580,509,606,740,901,1537,665,1566
1952,6,678,437,489,535,535,421,425,394,550,398,499,533,759,648,648,380,437,428,537,583,419,447,741,785,468,546,389,428,692,509,629,470,422,617,419,1026,593,420,762,477,470,469,441,595,435,425,397,582,408,442,574,555,513,377,457,434,557,604,459,436,819,920,546,471,373,455,736,502,664,577,418,674,494,484,1232,631,465,488,536,623,396,486,384,666,406,407,661,698,521,377,442,416,667,567,531,441,744,900,474,456,379,463,802,502,793,581,440,421,607,836,521,865
1952,7,1389,630,487,1256,1388,773,734,1124,990,506,655,707,918,1066,862,1122,1294,618,1402,1109,835,670,871,809,711,918,1128,584,1275,632,1212,792,696,788,1209,1361,699,1236,717,1425,670,489,1426,857,801,953,1029,1158,512,1320,858,1441,872,1612,1079,707,966,1180,1121,666,910,918,664,661,1002,543,1144,834,1131,814,1044,1392,724,1013,1291,1099,681,494,1191,1277,739,990,1168,1075,515,1028,902,1166,855,1126,1017,722,1222,1198,1323,664,903,945,628,862,995,591,1199,797,1050,797,751,745,786,1524,565,735
1952,8,1185,753,474,1614,1045,1715,2804,928,2502,590,561,726,1136,744,949,1622,583,976,1657,819,2015,1185,1218,1312,560,1156,710,789,942,1016,996,973,1013,717,1420,1562,1318,959,1225,1326,762,502,1437,1755,1635,2933,1294,1588,641,711,1350,668,971,1360,853,934,1134,895,1642,1450,985,1188,563,1353,748,865,839,724,1079,2016,1419,1670,1227,1285,1209,1406,777,476,1587,878,1623,2049,1040,2068,623,865,1095,716,930,1681,930,1063,1648,893,1500,1155,1009,1126,616,1155,747,809,848,665,1228,1778,1002,913,913,1629,1571,1139
1952,9,1416,599,990,1123,1855,983,1072,1335,626,520,782,771,840,526,946,3427,489,1199,471,993,1832,695,1112,1401,388,576,880,808,1514,458,1279,2486,3451,1862,1334,813,2249,1054,550,2147,447,982,735,1852,1493,865,1648,939,494,552,646,851,742,3459,485,1126,615,1026,2747,571,1136,2602,389,560,965,810,1505,512,1152,1333,1340,1280,2076,941,1119,1209,650,921,867,1713,1262,1412,1325,924,480,549,777,785,855,4067,478,1443,536,891,2412,635,900,1931,368,487,1057,1015,1065,568,996,1940,2967,2957,1571,1178,2032,633
1952,10,851,1178,471,992,1898,721,1236,1211,1141,441,617,471,631,773,423,1831,744,1247,942,868,1205,1249,738,1568,375,1717,905,1514,1792,401,3401,756,681,1196,868,755,598,463,573,790,896,382,1251,1368,675,1180,1543,2919,401,407,720,452,482,1851,912,1194,1127,821,517,1131,999,887,426,1905,925,1359,3183,401,2693,1832,937,697,483,621,674,1314,785,457,854,1572,495,1763,1386,2928,419,623,593,538,515,1916,892,1426,1399,1017,538,817,1111,771,528,1569,1115,1170,3780,394,2833,2084,714,432,1196,705,461,426
1952,11,652,387,661,702,822,637,1572,919,2793,471,645,503,578,480,445,1043,564,1704,1450,688,1036,448,540,1640,544,497,1320,409,1217,393,1011,457,726,504,831,1052,727,612,370,898,576,819,443,803,649,1239,1055,1076,380,1301,719,467,489,4861,564,1634,1216,702,894,437,702,2332,443,480,2037,414,691,362,2475,1319,733,800,727,426,837,979,669,628,906,695,497,882,879,1027,413,778,857,505,430,2935,556,940,1184,683,987,505,532,1524,419,466,1986,454,577,361,2392,673,504,1285,660,894,696,371
1952,12,1078,1083,452,520,577,624,643,771,1651,2482,388,482,948,383,613,5453,428,2101,2393,2382,768,483,814,3559,631,630,1777,577,771,505,1813,458,908,2211,970,949,495,743,1376,947,1334,475,551,605,775,600,1121,1047,2698,554,1123,395,681,3695,429,2351,3004,1677,996,451,534,5762,976,460,1412,584,702,528,712,694,1193,743,429,1199,798,934,497,471,484,602,858,751,1029,1299,2741,500,1095,376,581,5358,479,2616,3133,2016,936,418,542,5634,816,596,1466,557,955,540,812,648,454,439,1577,880,435,1758
1953,1,1018,958,401,466,802,708,1312,1180,1113,1599,1158,873,1768,641,480,3312,817,1638,1751,1162,1023,406,731,6284,987,448,1171,651,6542,1470,1075,813,658,2422,919,555,1409,927,992,980,597,393,687,680,744,1499,850,1127,1493,421,859,600,486,4980,826,1644,1538,1839,609,438,908,3363,782,705,1414,968,4839,838,992,689,764,516,1254,699,748,964,1800,397,740,621,457,976,994,745,1299,385,945,657,491,3228,1049,1764,1769,1190,802,410,872,3648,621,480,1508,913,5255,1179,1155,622,798,1147,2212,511,1240,851
1953,2,1827,622,1057,808,1284,1155,2182,1648,1299,1325,798,487,897,827,413,4726,420,2335,1330,977,998,798,618,4453,1499,689,1451,1137,2455,542,1748,708,1545,2539,778,720,1800,789,641,3841,857,1280,562,1287,1517,1828,2911,1003,1555,1014,1627,578,489,3992,513,2404,1034,1007,1070,761,524,4206,1574,950,1868,1014,2278,1046,1690,569,1057,682,2441,848,697,3293,656,1269,623,2145,1788,1612,3329,1204,1696,819,1821,842,427,5751,463,3427,1167,1051,1034,795,602,3587,1388,859,1491,953,3022,623,1275,559,641,708,2927,561,2434,609
1953,3,2389,855,1172,596,1247,759,2099,4430,2197,1000,2694,1177,1306,1687,692,10069,399,3181,2223,1016,726,1757,1189,1955,823,784,1900,710,2014,516,1143,940,814,2664,2020,547,2617,568,626,1258,851,1366,498,1213,705,1949,5532,2259,944,675,1561,1974,539,9358,413,3348,1912,1252,688,1530,1380,2131,635,767,1567,583,2417,483,1182,552,1551,573,1668,586,796,1422,762,1476,573,1017,609,1828,4020,2660,866,773,1640,1993,572,10812,430,2627,1164,934,673,1215,1218,1480,782,603,1761,717,1925,458,1419,504,1574,1058,2577,597,2036,546
1953,4,936,584,643,642,891,551,2593,3290,1760,713,2338,809,877,795,387,11472,606,2478,1819,2035,992,668,689,1043,661,624,1040,675,1466,400,805,1567,672,1663,2045,513,1208,435,485,885,566,568,743,710,556,1393,2880,1431,808,608,1092,912,412,9043,510,2283,1511,1703,869,628,601,1120,583,666,960,656,2191,395,645,482,2099,514,1319,457,515,912,559,526,576,692,548,1487,3037,1136,745,574,1165,849,391,4442,558,1835,2033,1966,1322,756,611,1040,544,694,901,649,2523,421,666,462,763,586,1695,533,1217,478
1953,5,726,658,471,439,521,465,1237,2063,881,578,1292,476,505,454,402,4419,613,1359,741,1460,756,542,508,1029,2205,535,771,435,887,579,633,542,485,1663,1998,429,717,799,428,631,717,447,415,494,461,1516,1545,596,587,657,506,469,409,2524,516,1282,648,2169,727,565,487,968,2681,557,708,441,1258,492,528,845,1875,413,860,561,430,749,654,447,427,513,437,1498,1761,625,663,673,518,461,406,3588,530,1301,927,1261,628,685,483,977,2447,565,687,438,1082,456,532,974,587,447,1575,431,669,433
1953,6,484,748,422,406,538,391,759,1373,496,534,451,414,495,487,389,1515,416,634,482,810,426,404,558,541,2733,469,469,406,497,382,440,478,440,773,723,416,472,397,490,490,501,504,405,453,420,739,1138,457,502,518,529,662,380,1267,507,715,470,706,425,406,555,648,1417,421,485,409,512,406,468,526,730,433,482,513,461,495,892,442,391,451,406,603,916,486,477,483,532,577,414,1010,516,578,507,655,423,428,467,552,934,429,496,404,531,451,455,689,483,484,688,402,476,404
1953,7,990,725,916,800,691,917,716,1207,1042,1167,996,748,1217,999,707,1369,798,820,1744,1094,730,1223,974,747,1184,714,735,803,646,1235,846,665,922,687,1140,879,734,525,684,1333,635,970,923,706,873,787,1276,1537,1270,690,1076,851,959,1399,963,962,1421,1032,772,1319,876,751,2015,791,849,744,605,1125,842,1387,1102,817,724,661,573,1060,717,1000,927,664,829,840,1407,1400,1063,741,1248,865,927,1414,922,1003,1401,1117,691,1028,984,726,1957,659,628,715,650,1123,848,1168,673,854,744,954,692,731
1953,8,2078,1657,1068,1233,807,1162,1124,2004,1789,1234,1968,954,1487,1001,1619,1730,1637,858,1622,2029,1163,880,863,575,2518,738,1175,1149,837,1123,609,809,563,1112,2179,1273,771,591,561,2724,1082,1067,1020,805,1250,1266,1633,870,1324,1084,1204,1021,1042,1295,1641,957,1671,1754,954,857,907,576,1730,734,860,1705,787,975,661,945,1880,1385,853,517,707,2405,1003,925,955,868,1254,1037,1557,1172,1443,1343,1010,1026,1285,1601,1852,925,1921,2004,1080,964,792,571,1835,939,1287,1431,785,1236,630,1073,974,687,1598,1603,862,568
1953,9,927,708,446,1576,685,730,828,1972,1401,2984,1795,2188,823,430,982,809,1399,792,4269,995,427,1066,799,1419,1161,1105,1136,763,648,1498,939,439,890,1124,1166,648,873,440,450,737,720,415,1433,523,796,691,2324,1158,1290,1202,1102,420,870,1356,1391,904,3151,1792,513,743,882,2348,941,1290,666,480,703,1679,905,1283,1438,522,919,438,1397,709,709,470,994,556,1050,904,1692,795,2060,1080,840,437,1018,1112,945,870,3436,1171,467,880,746,1577,1328,1186,1244,490,653,1268,780,1386,381,1215,1048,449,780,438
1953,10,452,3168,1753,1173,571,659,527,497,779,576,539,1148,697,465,723,2071,498,4273,9058,1324,1855,1092,718,1089,595,1146,658,1045,854,2076,372,2204,749,1344,683,2719,412,456,413,471,7762,1253,1158,770,581,464,495,712,1928,383,3272,433,1020,2271,472,5980,4789,574,2159,887,1377,415,516,816,951,900,775,2017,387,3214,581,1537,411,358,614,494,2704,874,1044,731,702,475,914,709,754,459,2598,381,670,1229,407,4130,11257,868,1694,1312,2005,947,722,965,734,1111,971,2350,514,3826,846,454,1468,2608,550,396
1953,11,476,1292,522,875,793,381,686,1585,632,497,574,1453,3223,584,743,1078,400,3321,9238,808,806,536,2600,493,648,454,395,706,441,782,466,830,1005,783,680,1582,516,351,381,450,704,683,949,2051,500,708,1901,529,647,674,756,638,597,1272,409,2990,9850,1889,802,924,1120,475,580,521,575,865,924,991,434,1691,562,1676,464,360,563,480,3411,1099,1441,2347,392,636,1017,691,656,751,764,766,619,2171,453,1634,2587,1180,727,578,581,484,604,477,396,751,671,854,438,1468,2142,637,506,1198,436,402
1953,12,409,682,424,481,2288,518,922,746,463,497,2203,817,760,394,411,715,586,907,8503,802,1648,2957,509,924,970,423,1217,921,1707,639,625,743,1916,824,550,851,472,362,404,410,626,400,588,1153,624,861,733,477,462,1047,741,411,454,933,676,1002,16126,776,1590,2342,471,708,1842,410,1266,813,1567,775,666,2734,573,890,488,369,697,404,673,407,493,787,598,794,1446,564,453,966,682,423,539,1101,619,959,8377,756,1322,2432,604,876,1402,424,1326,1036,1613,665,581,4327,911,1650,666,837,580,460
1954,1,1385,1012,1901,788,1800,826,482,1058,1272,1075,1934,653,1032,682,729,1094,561,1209,11058,943,670,1958,629,1897,1961,574,817,840,1393,1854,636,1962,2417,2261,1095,842,451,599,804,1020,916,2050,728,1808,829,676,1185,1341,644,555,1385,601,792,1247,647,1002,9317,964,647,1518,607,1831,1255,542,849,727,1060,1409,604,3759,911,739,599,613,503,1138,1173,1429,740,1910,819,577,1279,1485,779,681,975,613,785,1491,571,913,8721,892,908,1925,669,1848,2019,530,921,728,934,1771,673,4242,1766,3162,1284,815,497,881
1954,2,508,1874,778,970,1320,692,1995,1052,725,856,1328,761,2545,1035,1045,3753,480,954,8670,1107,1943,1113,641,942,2896,767,1589,558,1029,1678,1582,1075,1763,2361,1353,1270,1378,630,719,748,1525,756,1256,1486,521,1354,1016,773,2031,876,1872,836,976,3435,447,923,7151,1596,1629,1999,521,972,2894,562,1460,522,1179,1947,2061,5039,1130,1377,1495,497,1457,768,1868,1076,1062,2374,547,1948,999,725,1357,1200,2506,1144,820,3228,438,1316,5648,1955,1975,1270,564,1020,1568,791,1572,558,1379,2203,1806,5129,1294,1993,3069,1460,1865,705
1954,3,484,4905,881,1937,1919,1447,958,752,870,1489,1378,1935,1731,639,553,1872,408,851,10968,2664,1386,3688,604,1301,2848,523,1524,465,971,2807,1474,2139,2987,1775,656,1211,549,625,403,505,2537,951,1473,1535,1001,1045,773,714,1429,1807,1311,1155,575,2206,440,794,8019,2475,1326,3712,678,1483,3115,581,1988,480,891,2492,935,9609,616,1343,600,605,596,494,4492,885,1385,1247,786,1028,835,866,1601,1854,1616,775,555,2543,419,922,10820,2668,1385,3838,644,1616,3820,480,1594,485,742,2463,999,6417,2538,2154,1769,1098,478,396
1954,4,428,2073,708,836,1295,482,1534,612,666,1103,934,974,908,519,457,1059,419,683,5126,1253,1086,2623,682,1688,3278,422,1084,437,931,1478,1233,1679,1939,1156,772,707,492,529,423,434,3292,588,775,1184,510,1728,649,742,1317,848,783,616,439,1195,418,649,5770,1353,1257,2998,545,2449,2235,409,958,454,741,1871,1441,5157,819,684,495,554,643,447,2907,770,1189,913,973,1817,694,747,1128,945,945,557,453,1211,400,762,11836,1105,1105,3097,600,1115,2341,422,1412,447,865,1495,1389,5270,1722,1884,1315,648,517,447
1954,5,398,1111,508,2208,1050,423,1509,558,616,2954,664,534,894,418,402,643,373,638,2192,549,664,1326,514,2011,1820,404,1380,448,609,904,653,668,1392,929,460,504,432,402,522,397,1251,462,831,996,408,1031,511,744,2792,488,757,410,410,742,377,544,2661,586,681,1354,472,1395,1666,390,1336,426,513,1075,937,2345,453,517,463,403,433,401,1316,498,2855,877,418,1084,553,635,4119,468,1064,415,398,946,372,635,4046,555,749,1453,477,2271,1752,398,966,427,591,817,807,2065,818,981,888,507,449,682
1954,6,389,642,473,983,608,407,811,458,406,1236,550,568,543,651,375,473,409,457,985,475,449,703,406,587,810,421,641,416,422,451,438,591,502,589,476,424,379,394,1123,385,598,484,2244,580,405,616,456,417,1561,398,697,629,374,490,413,526,1135,447,437,557,458,598,682,407,631,413,411,471,473,632,466,417,432,384,434,391,724,441,904,581,404,599,487,503,741,413,540,803,373,597,393,578,1298,448,452,649,421,661,980,384,617,414,417,466,474,726,597,473,761,423,398,671
1954,7,1013,887,796,1178,839,952,821,1044,586,1101,521,1003,1472,1199,508,780,509,813,929,617,1102,1203,1296,1195,1520,909,803,1173,728,700,904,825,1220,1079,733,768,514,847,1678,909,947,686,1047,854,1046,786,1004,585,1156,861,1456,1055,548,612,501,847,960,694,1117,929,1375,1219,1715,943,722,1079,650,797,990,1399,706,684,543,859,1235,876,1001,715,1183,774,1007,929,714,597,1188,804,1320,1076,562,613,524,783,1227,690,1154,1103,1217,1230,1407,858,832,1199,676,718,887,1205,864,1258,833,792,569,1504
1954,8,692,1790,540,1131,1539,989,618,716,768,1189,1025,1146,1335,1678,633,1011,569,616,1577,951,1131,1028,1748,1051,1862,1060,1074,1595,712,968,1285,787,1069,510,760,996,614,901,2455,764,1374,538,1118,1577,894,554,676,831,996,856,1325,1478,541,1026,597,763,1251,972,1191,1840,1561,1008,1704,1064,956,1632,896,917,1347,1091,844,1123,599,746,1419,806,1386,552,1135,1308,924,619,1173,721,1211,1021,1526,1319,550,1058,592,813,1486,842,953,1284,2563,968,2338,1181,938,1709,788,955,1124,956,727,1394,558,901,560,2079
1954,9,769,729,935,1364,1091,811,588,619,2637,1376,2607,536,965,496,378,738,518,2731,1824,466,796,647,767,1029,1484,736,1249,3507,878,746,1064,427,675,730,1744,1390,396,406,1468,664,1189,981,1316,1400,834,481,809,2231,1630,893,1055,709,395,845,476,1749,2578,424,697,625,815,941,2195,708,1434,2438,924,832,908,1083,1659,1348,384,426,901,586,811,939,1291,1991,1024,537,713,2215,1210,1072,883,634,383,709,497,2141,2201,475,556,502,671,1018,1703,601,1352,2038,988,845,1228,1728,406,653,681,1533,394,1776
1954,10,379,517,440,1415,1693,373,876,390,1166,1292,1112,2752,1025,545,419,409,634,916,1205,442,599,1082,432,624,933,781,1131,1800,1339,518,1777,1236,805,444,821,1227,394,1201,2549,413,462,879,1818,1175,394,2311,386,1351,1078,1360,2659,376,469,440,640,1060,727,482,470,1812,426,581,979,1248,790,3011,1671,390,3123,437,633,588,376,809,766,419,736,1042,2174,1123,382,1322,381,1594,892,762,822,434,479,466,792,1016,582,588,602,559,437,702,774,737,716,2728,1054,527,2701,544,1157,571,401,816,393,3055
1954,11,1325,458,912,1271,1495,574,1756,655,1380,631,906,952,2356,1899,413,372,597,1898,541,446,479,1129,491,1073,848,634,1921,1635,1748,388,2403,815,655,467,1655,766,2691,850,733,572,473,625,695,1535,395,810,600,1101,559,570,1485,855,353,370,576,3673,597,426,583,454,1006,1231,940,453,2032,1901,571,547,1822,681,1855,2110,2360,851,622,1371,480,882,578,665,584,1181,618,862,802,1283,2942,861,364,369,636,2825,650,371,521,1881,1170,1172,923,860,2205,1454,2452,391,1797,693,793,746,481,1778,2684,596
1954,12,2765,476,1647,660,789,409,873,1059,985,987,723,568,1594,2991,418,390,363,5662,652,431,603,482,1509,2366,518,2700,755,2376,1578,525,1929,582,564,658,937,925,533,584,671,3470,459,1335,649,821,625,520,894,1103,760,492,1744,2804,419,378,375,4823,555,445,425,665,977,1659,530,2171,978,2376,2699,467,2381,472,850,508,1024,538,757,2830,494,1264,694,1324,456,825,969,818,751,532,2098,3093,352,380,361,6163,572,389,530,462,714,2376,604,3026,750,2739,1581,524,1902,424,536,494,493,501,537,756
1955,1,1268,431,935,1036,5501,611,488,761,845,2650,1572,1439,2391,1565,684,674,962,4815,717,924,1965,464,1407,2102,1461,2260,1099,1728,842,802,2368,1932,818,447,1052,508,830,621,1284,1284,463,1451,1330,4274,710,482,850,756,2398,714,2637,1628,724,588,939,3637,725,1511,2106,457,1420,1955,1258,2488,987,2650,905,1179,2313,2177,685,522,785,564,1343,1340,453,1506,812,5379,683,485,939,1122,2788,497,1908,1684,624,815,960,4368,1062,1432,1252,471,1621,2014,1456,2698,989,2953,899,1010,2033,1681,2154,936,432,507,745,1597
1955,2,1458,649,1463,2870,2751,386,1296,1116,1236,1946,4320,2890,1907,1961,1828,940,1523,2930,1134,1767,3359,892,1922,1495,771,2162,923,1675,1082,2229,2671,1216,1104,684,1354,570,1803,519,2636,1547,643,1155,1799,3073,400,867,1266,1164,1253,923,1878,2366,989,1073,1164,4495,1451,1092,2888,1197,1958,1082,1049,4222,1107,1830,1136,1895,2534,1198,968,591,2834,504,1396,2396,657,1243,3513,1834,445,1285,901,1156,1461,1406,1831,1828,2339,859,1269,3273,686,820,4410,987,4061,1881,899,3810,889,1601,1309,1346,2571,1644,1050,992,535,685,1756,1807
1955,3,3401,538,823,2778,3347,446,1224,1677,1423,1298,2010,1550,1651,1298,729,1385,976,4629,818,1268,1458,1252,3660,1917,871,4339,858,1494,1594,2920,4125,2496,609,701,909,625,1116,1371,2780,4408,506,860,2329,4514,428,1135,2081,2064,1182,603,1475,1580,1714,1816,646,5126,711,1612,1837,1374,3390,2445,1176,3304,724,1572,1870,2805,4104,1007,855,606,1080,1606,1744,3755,428,900,4029,3526,441,1103,1597,1500,1164,644,1562,1701,1042,1764,845,5038,748,1831,1392,1738,2149,2046,1068,3620,762,1709,1722,3695,4275,1062,2200,657,700,662,1277,3136
1955,4,2459,388,628,4099,2877,376,897,823,1262,1753,2073,1120,2094,1028,566,1230,633,3725,500,902,990,597,1624,1595,636,2094,1217,1114,1096,2542,2538,1269,848,605,719,503,767,606,1289,2478,391,628,5050,2569,385,781,848,1114,1998,620,1464,890,644,1543,696,5116,511,816,987,624,1608,1810,764,1908,1045,1063,1278,2017,2875,1344,726,513,612,802,1377,2486,412,588,4403,2894,391,887,840,1388,2069,685,1717,971,583,1420,578,3294,494,910,915,610,1332,1590,732,1562,1126,1008,1499,2071,2575,1367,1382,865,567,509,646,1268
1955,5,1596,488,2038,2901,1326,395,554,897,705,1254,1303,763,1038,770,463,747,496,2196,520,568,702,476,1051,1046,508,1384,612,646,775,1233,1189,788,827,482,539,416,543,418,678,1806,499,1998,3240,1373,400,555,834,687,1483,459,978,847,468,638,510,2065,497,619,727,474,981,1091,548,1052,630,608,918,1144,960,723,474,424,467,418,695,1410,465,2717,2030,1858,412,611,1073,635,1051,479,975,909,525,666,513,2254,491,558,667,482,776,1254,494,1083,615,585,599,823,1300,812,760,652,471,420,562,816
1955,6,774,442,990,1271,608,388,438,446,604,472,563,448,590,496,634,409,558,1138,477,491,436,460,616,619,772,577,461,506,513,651,749,452,475,372,426,401,443,576,568,1082,464,685,1127,604,424,469,643,487,517,648,831,574,438,415,478,1154,453,755,442,465,593,690,723,570,538,521,577,625,684,451,417,389,432,675,539,683,448,933,863,807,379,460,449,642,487,526,667,501,539,442,580,1656,476,1043,430,430,551,520,788,644,535,517,503,513,799,455,465,540,381,408,432,487
1955,7,734,486,1016,779,663,469,1408,615,1065,737,1041,1105,867,1065,1042,1772,772,1034,670,1415,676,1041,1013,1027,1467,595,592,1256,1032,1563,699,895,1604,830,877,567,660,1021,1396,777,563,1228,966,776,423,1104,586,1255,797,993,890,1015,1417,1501,750,1066,687,842,602,914,1167,1087,1299,586,540,1555,1012,1311,789,630,660,574,766,732,634,894,569,962,899,869,518,1388,603,1032,886,927,941,1067,1086,1461,794,818,639,1062,720,916,895,1062,1482,600,535,1457,987,1586,669,647,898,1203,690,542,749,1513
1955,8,862,729,897,1548,1091,745,1340,547,1044,798,738,1307,1173,1081,1339,1376,886,928,595,1543,822,1339,1694,1555,1588,837,722,2419,740,1941,1599,1165,1912,1442,750,551,1229,1919,1293,906,662,967,1089,863,759,1776,610,933,792,1803,944,1480,1080,1253,1173,1000,601,1280,877,1479,1541,1730,1601,884,631,2141,658,1700,1176,778,1178,532,1210,2098,1086,803,618,891,1160,769,751,1905,537,900,882,1678,1174,1218,1193,1576,968,922,601,1712,959,1326,1915,1337,1548,928,771,2988,768,1625,1206,798,1079,2489,1432,552,1138,1207
1955,9,823,811,614,1118,1003,605,1919,897,925,626,1284,1244,1186,729,583,1515,834,1441,488,824,654,1583,1099,2262,2454,627,914,2157,915,534,439,983,625,1205,980,652,1324,536,944,1474,723,687,1288,964,590,1862,888,1034,673,1237,1061,609,550,1651,729,958,422,782,660,1757,816,1847,2889,642,1267,3024,1224,533,552,543,777,554,1519,650,1090,1909,801,654,1004,875,663,1440,927,1152,627,1236,856,632,463,1089,748,1160,490,631,632,1485,867,1796,2382,706,698,1554,1037,537,645,630,681,565,1434,584,1192,836
1955,10,1731,455,391,3368,668,647,583,1018,716,1579,431,420,610,2145,968,852,655,595,1760,729,918,720,923,455,3090,598,1192,908,1226,1619,639,389,391,939,381,669,1100,430,717,1765,419,408,3491,711,639,701,1528,606,1439,642,578,1056,1032,953,666,851,1058,1385,1051,846,1025,440,3755,635,1117,502,2669,1010,2449,406,373,726,806,407,617,1574,470,386,3407,768,431,831,1312,411,1537,1134,827,1288,1414,1233,646,731,1622,1039,723,732,940,646,3297,697,1287,873,1876,1351,1923,365,412,408,900,1007,565,703
1955,11,1232,395,621,649,1539,1550,449,985,1708,643,531,888,896,1034,1350,641,616,573,1117,1391,411,1598,2048,438,4190,449,599,672,1380,1195,3233,599,408,429,541,1284,1670,631,656,547,368,623,594,1300,1919,423,669,1225,536,949,799,1682,1440,789,771,572,1561,584,424,1599,1770,429,2227,445,651,652,480,1377,783,666,389,768,1909,667,475,789,380,761,1078,1106,2194,446,732,736,654,499,911,1209,903,860,763,628,1032,698,561,1626,1340,439,4392,415,1835,652,714,1398,1350,729,674,376,490,880,2347,614
1955,12,5181,1074,1140,819,2261,1115,823,610,1899,726,855,1237,692,1657,628,1249,777,465,2080,918,535,1208,716,450,4189,699,1907,1180,536,855,581,850,1345,412,1593,981,1036,1194,1956,5913,1010,1171,808,2379,1808,981,808,2413,592,1981,688,1720,558,1245,446,531,2708,688,530,1641,683,450,4510,582,2017,880,506,1089,554,796,2795,1258,872,1106,2182,4137,1075,1340,792,2223,1796,1011,623,2446,685,1277,578,1425,594,1368,516,508,2981,838,459,1280,1085,467,4086,647,874,950,571,971,540,900,895,722,409,1085,799,2112
1956,1,2778,938,1250,1143,1769,2231,1144,599,1521,569,1901,871,770,1714,511,1061,1462,1395,1524,1081,455,1808,920,415,7277,616,1053,1562,1593,742,2998,1309,988,722,3044,799,796,630,985,3034,992,2055,2537,1424,1658,1494,501,1365,862,1193,952,1603,522,1117,1135,1532,1924,1778,511,1684,862,406,6715,972,873,1616,1659,675,2330,1590,1515,821,801,708,5492,3605,813,1437,2647,1528,1754,1884,740,1937,594,1787,836,1353,505,1071,965,1920,1528,1236,670,1958,1027,412,6966,912,1132,1190,1179,774,2424,1255,1160,1513,520,963,714,2029
1956,2,3047,661,2449,3800,1608,1155,1504,806,1708,616,1700,652,693,1553,1127,1796,1231,1320,1065,1120,580,2141,1046,770,6909,1625,1148,1001,1053,593,1326,714,1991,1637,893,1052,1211,764,2547,3271,682,1775,3487,1748,1458,925,737,1778,590,754,970,1753,1310,1894,1642,1387,1232,781,656,2189,1371,790,5211,1064,1203,1267,797,686,1218,565,928,671,736,652,3564,2781,842,2450,2901,1872,1293,1069,807,1422,694,683,813,2238,1160,1728,1677,1011,1127,833,575,1874,1207,557,6976,949,1006,1638,1597,612,1299,648,935,1791,1007,621,1025,1145
1956,3,6296,594,985,3525,2337,2046,1151,1139,2022,631,3074,1377,2622,1960,1075,1545,1688,1319,1403,965,1268,3990,1290,642,6964,801,1675,1087,1438,1023,2275,764,907,691,2135,568,2354,492,1086,4881,654,1158,3349,1865,2150,1241,1078,1700,695,1379,1826,1894,990,1359,1654,949,1167,846,960,2608,1005,577,7563,894,2054,1043,1386,1443,1494,1336,1606,527,2267,591,8255,7511,648,1213,3301,2100,2033,1010,1231,1704,649,1199,2577,1961,849,1587,1456,928,1084,791,1215,3637,788,785,9769,942,2227,1069,1746,1131,1687,1257,694,1374,1306,599,1763,1256
1956,4,3973,554,797,1998,2831,1550,657,1345,1326,512,1741,923,958,1344,608,958,874,739,1095,607,488,2220,1649,477,4955,564,1063,1153,1646,882,1103,642,628,646,968,609,1226,443,1609,4695,507,759,1737,2624,1415,602,1435,1361,503,1772,1127,1555,675,1079,930,748,921,650,515,2308,2697,450,5661,531,1271,1365,1293,992,1672,644,977,609,1281,441,4975,3573,556,922,2351,3388,1705,685,1331,1873,490,1167,795,1281,618,1322,949,742,1221,560,508,2151,2170,436,5409,570,762,1194,2233,1134,1669,644,507,751,636,543,1076,1190
1956,5,2562,401,1081,903,2249,1313,465,1079,763,420,1477,751,892,919,492,644,542,757,3295,454,396,1525,2447,390,2440,559,793,654,5896,513,954,611,530,447,722,644,808,698,893,3124,406,1063,1122,2568,1695,459,979,765,416,748,872,983,512,646,509,778,2438,454,411,1527,1008,388,2277,499,785,655,6156,587,730,477,603,553,720,550,2488,2250,407,767,1226,2326,1418,497,1210,836,431,700,902,1061,535,615,565,833,1936,445,414,1526,1283,397,2862,496,583,647,6734,552,1115,470,556,526,448,556,665,829
1956,6,977,396,493,641,726,694,456,828,499,449,728,894,697,480,473,458,512,449,790,441,391,536,525,413,1295,659,447,517,1027,463,616,464,423,404,434,500,483,452,465,1431,392,566,584,984,689,519,695,472,510,775,638,497,467,440,519,481,1108,424,377,665,600,457,1369,682,446,509,1057,489,917,423,433,524,466,528,1227,1294,388,920,594,1081,670,480,626,503,434,571,488,485,463,457,604,506,1634,400,400,557,767,458,1531,579,422,529,972,475,895,403,464,432,443,452,444,458
1956,7,1199,756,707,825,596,845,969,813,510,809,1167,822,1029,578,892,584,927,932,1082,1244,1170,997,748,1005,768,991,598,765,1427,652,768,1145,928,929,668,1132,778,967,695,1166,682,729,1005,548,972,1012,911,619,1010,686,1136,533,882,591,1031,1005,880,1262,1280,1095,934,932,749,1054,580,795,1143,686,715,1104,647,1170,933,831,839,1371,775,641,929,628,1039,829,676,592,919,902,1115,548,866,585,835,1067,1062,1372,1219,1096,877,880,743,876,573,635,1388,657,747,1013,1245,1006,871,1156,661,771
1956,8,1262,1856,736,747,864,1154,1628,893,1466,856,1325,888,988,508,1334,764,680,1196,1130,2236,1816,1066,965,940,887,840,977,692,1041,1609,983,1254,1113,1091,792,1610,740,661,1076,1982,1867,678,692,992,1051,2299,888,1376,755,751,943,476,1330,793,759,1119,1175,1653,1534,1087,1031,980,1484,917,981,731,1045,2193,1039,680,760,1127,635,896,934,1728,1655,744,679,1015,1059,2270,1164,1129,755,732,971,519,1177,791,786,1060,1066,1616,1434,1065,1188,905,1358,1145,913,841,923,1527,961,716,1081,1301,1027,1152,973,1024
1956,9,1983,497,842,692,1182,628,1289,1092,1076,1444,1143,557,918,443,735,516,881,1005,1119,674,1732,907,2072,569,1126,1047,1865,767,1265,1772,698,2255,571,533,995,974,1001,1216,408,1708,564,854,660,972,486,1170,1368,797,1856,667,943,445,1200,540,928,1331,1065,853,2280,1042,1874,480,911,1153,1947,969,1234,1755,960,583,616,1255,1208,687,1184,2634,988,864,726,1281,528,1011,1153,1192,1504,714,988,438,977,500,1054,1138,992,806,2199,715,2085,508,685,878,2227,954,1232,966,910,505,2110,803,566,1349,1316,422
1956,10,1184,980,837,555,712,724,3117,2572,554,1287,895,805,1014,520,929,388,476,479,1060,511,1406,1349,3099,474,1890,5422,627,1879,1483,1027,442,1397,710,933,866,427,3946,830,774,1511,930,780,617,803,796,1738,2473,746,1090,618,1338,487,724,364,1264,413,1040,487,656,1553,1373,523,1046,7049,596,961,1808,682,417,1041,1105,492,738,1380,2602,1065,853,931,575,617,712,2582,1529,577,1426,846,775,448,742,386,1046,395,885,664,1319,1096,2286,526,1326,8422,528,1996,1320,1462,407,891,1962,446,1507,400,798,749
1956,11,725,1560,498,566,502,537,656,764,475,1263,474,789,983,360,894,359,1190,893,570,1782,932,1173,634,1095,851,1054,538,1319,1310,2244,493,672,611,1208,677,483,583,457,466,922,2566,485,689,1032,567,1247,691,389,1468,749,1122,421,1008,360,393,563,537,1492,1154,727,3551,819,1032,800,687,2346,707,2767,444,839,754,527,3940,602,2154,970,2243,498,558,794,533,824,883,390,1319,520,1317,429,509,360,397,613,858,1735,588,1428,1773,480,1143,870,831,835,1557,2745,465,430,679,636,574,550,4037,487
1956,12,596,2218,933,2459,1179,1713,1000,1146,2650,646,1256,2349,505,1445,1103,360,1349,932,2494,2040,1185,586,2806,1025,916,1230,1736,3156,1480,615,3379,840,800,1618,409,691,955,3376,437,665,1648,761,2797,547,1727,739,941,2098,613,391,497,882,937,358,1559,1007,2806,3002,850,626,2604,1173,1026,906,1507,3566,1931,711,2450,966,414,577,903,2539,1239,594,1803,784,2062,818,1288,707,1181,2978,545,501,993,825,1211,357,982,934,2838,2562,1536,592,2955,1518,964,1135,1242,1794,1821,717,3020,1084,834,593,1319,629,975,604
1957,1,835,1129,947,652,823,1742,695,1055,1532,1440,686,1396,5520,646,1406,454,1213,1407,1026,1225,1039,913,3338,751,729,1536,972,1801,2152,808,4319,1597,643,1613,1695,601,1134,1195,636,991,1105,655,663,947,1188,744,1045,1896,1519,1002,3678,1247,1322,425,1386,1676,984,1281,985,702,2606,787,821,1685,1026,1487,1591,838,8021,839,1249,618,1705,1393,1577,1012,1059,1070,869,856,1867,645,1167,1148,710,1269,4400,1193,984,502,2031,1561,1426,1199,801,814,2993,816,845,1847,1006,2461,1745,810,6417,778,1668,782,1546,592,1413,1181
1957,2,775,1895,862,762,1455,3400,1300,1596,2864,788,622,1244,2738,587,960,388,2085,1505,1572,1922,1186,522,4328,872,746,1682,1582,2029,1551,821,5902,1506,435,915,647,853,2418,653,2046,725,1334,1385,847,1820,3783,1545,1480,1850,840,2206,2285,530,1058,372,2192,1438,1364,1613,1434,664,5370,938,575,2290,1133,3116,1413,1038,4566,1204,1246,947,1598,724,1556,679,2206,1028,703,1633,2715,1139,1124,1864,1758,1740,2798,797,1403,354,2048,1206,1182,1873,1466,525,4639,1062,672,3608,1982,2943,1514,844,5432,1358,1520,428,1231,758,1773,1543
1957,3,1621,2841,568,2035,1076,1564,950,885,4835,1587,756,1431,3189,574,870,671,1555,2726,1016,1858,1701,577,4019,726,1070,6063,3517,5204,1002,1923,4830,3957,929,846,2875,2320,1892,742,954,1412,2990,540,1724,1244,1637,988,779,3747,1656,2073,3653,862,1439,481,1118,2284,964,1887,1811,520,5210,942,938,6058,3057,4643,1077,1613,4983,1051,3687,2270,1772,956,1357,1313,2951,561,1790,1076,2309,1205,863,3177,1042,2158,4954,825,1211,591,1142,2081,932,2272,2206,513,5045,940,1115,4537,2741,4376,1077,1738,4356,945,2942,879,778,1765,1561,1147
1957,4,770,1579,611,1047,654,1242,708,820,3264,997,950,1154,2927,647,1013,425,703,1492,787,1337,1019,482,2132,528,635,3213,1642,2557,711,788,3811,2535,496,616,3026,1265,1015,588,685,803,1954,617,1254,684,1305,782,770,3740,915,1555,3629,447,718,599,785,1712,736,1385,822,461,2606,534,672,2458,2650,1641,791,1018,2881,639,3459,1053,1206,705,857,915,1463,579,895,674,1253,664,810,3386,1555,1926,3551,501,862,471,770,1467,697,1412,951,510,2125,549,619,2842,1709,1609,739,917,3651,779,2672,664,595,1167,1180,658
1957,5,780,954,420,1041,656,906,501,554,1744,648,482,794,1240,397,1089,359,594,1137,649,1073,620,505,1470,452,466,1387,735,1375,759,528,2236,1004,838,463,1199,864,621,489,488,550,980,417,855,804,952,495,538,1617,576,1120,1508,402,976,382,620,1492,698,1217,628,494,1796,458,468,1190,897,823,703,580,1602,639,1274,833,863,532,528,618,1015,441,817,671,904,476,531,2656,589,1068,1340,404,771,354,638,1470,589,1042,795,500,1238,463,470,998,830,1370,753,539,2263,656,1029,578,493,946,857,512
1957,6,497,490,574,455,773,457,436,491,737,658,614,458,608,377,459,391,462,1324,501,685,444,446,658,456,412,718,559,751,595,465,726,552,381,473,495,508,605,667,407,531,549,581,447,592,450,439,543,908,509,624,581,378,437,392,458,905,464,847,448,406,731,470,408,600,527,692,541,448,617,432,486,457,584,671,438,518,491,535,478,977,454,441,492,829,548,624,585,380,650,369,429,790,455,639,448,448,891,417,409,659,537,720,477,464,805,431,571,595,415,448,624,409
1957,7,900,531,704,848,1049,574,727,603,824,544,849,1221,680,843,695,628,778,975,894,1019,696,693,803,710,733,980,955,1355,621,921,1232,742,805,683,796,592,710,1308,1336,915,540,952,963,1417,538,622,747,860,768,1187,760,851,706,665,743,1207,799,728,735,686,907,913,806,1079,925,1808,649,892,1151,829,756,739,779,1377,1025,847,525,749,996,1255,575,763,824,942,658,1255,751,908,693,656,783,1067,782,984,749,743,761,980,634,1132,1024,1554,662,1008,1019,712,691,926,894,852,834,1329
1957,8,2499,581,1156,2027,805,501,888,1156,1466,1213,1645,2595,981,1209,698,922,873,892,1213,964,1064,1307,1148,1244,556,1053,688,1701,560,837,2083,767,1012,1353,1301,944,902,1086,880,1668,535,803,1581,840,533,1065,1258,1782,1025,704,951,1274,701,1049,822,692,1031,563,1110,1125,1204,815,557,961,710,1598,633,763,1987,1759,947,1046,795,1124,953,1929,556,1119,2240,941,564,1027,1030,1371,1340,648,927,1166,628,937,876,948,1201,981,1043,1279,1262,852,704,1081,834,1576,672,684,2987,1705,844,786,1126,812,816,929
1957,9,2190,452,637,2647,778,476,1136,535,669,1086,967,2894,673,823,520,617,446,573,1210,556,867,1155,913,991,773,2592,403,770,524,421,1377,1263,535,1361,815,607,1527,481,3012,2243,486,470,1553,863,556,953,450,658,1025,496,646,871,543,552,402,570,1246,569,831,1213,697,1153,1093,2310,386,879,489,432,838,2568,1126,495,1017,506,1369,2418,436,554,1528,793,459,1514,529,707,1100,510,640,806,618,651,419,543,1253,599,718,1110,815,752,839,2349,388,765,569,431,677,2371,1266,628,1088,606,1226,3450
1957,10,1773,1304,590,613,1100,380,1254,504,838,2014,1416,776,2651,439,2144,429,1533,715,410,413,2610,402,553,747,560,648,1058,1603,364,433,497,942,1479,1885,559,1007,480,862,681,2908,933,563,698,988,365,964,444,958,1381,725,3545,386,1483,506,1133,511,562,394,716,490,798,723,406,849,1141,1555,369,402,493,500,634,1141,653,987,1555,1831,939,630,721,613,385,886,499,729,1801,633,1389,394,1786,426,1337,688,516,437,3602,403,602,777,676,997,1694,1160,366,455,479,481,934,988,1586,845,511,552
1957,11,1197,690,386,542,828,588,696,509,464,1192,543,666,2404,371,509,548,696,625,598,682,721,475,446,428,912,523,1113,575,469,504,805,424,457,1211,613,476,653,591,664,759,1010,430,529,930,526,542,773,492,1513,503,866,371,573,553,1017,666,600,667,3846,624,382,431,977,475,629,555,377,593,444,558,488,443,763,551,653,1950,866,385,548,1666,466,496,540,547,952,522,3401,368,546,620,515,639,734,597,685,595,509,501,914,513,734,830,432,546,779,503,417,527,794,396,719,560
1957,12,1121,430,502,1852,1187,442,566,1381,471,1898,1212,3109,3024,800,1598,442,816,420,1013,410,3004,884,671,774,543,449,625,822,382,437,415,507,888,867,1197,2233,1081,505,1509,1564,584,424,2421,1054,406,497,936,495,1649,3188,3702,600,914,419,808,383,931,394,2424,1047,546,642,407,469,759,959,586,446,808,547,1275,2594,1275,571,606,1365,423,466,2525,820,540,704,1563,432,1787,3084,2909,521,1091,458,1169,382,1135,458,5127,1109,685,685,582,541,644,902,667,503,414,548,458,821,1375,2391,1520,1567
1958,1,2418,578,641,1310,1080,919,1421,1594,416,828,2976,1406,2619,467,1997,807,459,606,464,1067,1756,1453,1390,1123,1006,1502,518,870,1006,745,458,417,880,1756,764,1631,1920,644,746,2147,533,804,1166,1163,990,1032,1573,422,776,2029,2335,498,2273,784,629,795,514,1004,5724,1505,1634,1073,966,1079,502,759,946,687,463,1207,857,1409,1867,760,709,3782,461,537,907,1473,891,1342,1230,473,825,1857,2016,636,1682,1150,578,935,516,1244,2534,1272,1601,732,1368,1776,457,689,606,693,450,1201,503,578,1399,1557,1731,714
1958,2,1626,416,435,957,649,504,1953,1014,527,1865,1412,2155,1313,457,1662,1051,629,728,1704,797,3610,966,1119,836,1477,1757,442,815,953,437,446,662,636,1144,611,3108,1483,2759,735,1806,447,408,754,775,507,1908,1489,415,1633,1137,1352,410,1641,1020,895,668,1948,540,5478,1003,978,799,1669,1896,426,1119,1068,521,456,675,533,2299,915,1349,942,2567,480,576,884,917,601,1629,767,543,1749,1256,1678,403,1630,812,898,642,1720,647,2963,1101,808,1165,971,1264,448,999,1394,518,411,818,727,1040,977,2337,1002,655
1958,3,3189,702,717,1120,718,1204,2792,632,688,1821,1434,2268,1065,463,1813,415,733,1525,1391,2469,4031,3133,1097,572,1149,1047,430,621,584,1955,751,570,598,1712,1482,2150,826,1405,584,1930,681,750,1211,869,1444,2728,638,796,1443,2952,1841,578,1596,426,689,1115,1343,2334,4234,3481,1344,568,849,1158,417,704,470,1356,752,791,1825,2850,868,1459,779,2790,617,620,1003,924,1451,2586,785,699,1740,2381,1755,574,1960,419,631,868,1325,2058,5236,2975,1610,669,1032,1327,425,688,433,1969,775,666,517,626,1747,2160,797,542
1958,4,1889,545,448,2238,602,646,1503,510,888,879,1060,1452,1443,518,1230,394,870,636,731,1638,5373,1294,712,461,760,642,413,568,499,567,411,401,512,1401,1030,1455,638,1086,491,2290,516,426,1370,669,486,1345,542,896,1063,2031,1276,415,1373,389,706,542,736,1402,2257,1383,699,443,786,710,398,531,431,791,435,567,884,1422,639,1351,573,1432,514,467,1342,782,566,1402,553,883,1203,2091,1366,413,1465,401,1088,992,787,1513,2062,1500,708,455,1010,772,406,562,497,703,406,664,402,514,1060,1498,667,494
1958,5,1626,478,374,1803,480,489,1093,433,438,763,788,948,594,542,1187,582,587,489,768,740,7374,1877,481,410,595,513,421,436,504,480,388,385,513,712,643,1048,528,668,520,1320,497,378,2552,516,464,840,424,437,803,1781,853,830,885,504,862,484,632,837,7711,2029,499,403,640,522,431,455,502,443,399,435,616,834,488,914,441,1233,498,378,2568,534,498,967,423,456,1020,1408,602,620,1293,536,936,449,799,855,3706,4002,486,409,699,528,447,440,400,451,392,440,384,524,683,1057,519,463
1958,6,644,403,363,981,549,451,539,552,427,484,645,955,461,511,582,502,407,419,593,488,1253,3176,412,381,637,421,633,397,408,395,474,409,399,517,824,679,480,496,403,710,449,370,1033,439,418,548,668,401,543,543,493,380,506,587,411,392,830,442,1361,2327,406,381,766,418,588,403,472,424,495,529,565,647,441,448,493,843,434,374,870,577,456,553,714,466,521,835,483,377,574,484,419,408,566,461,1635,1206,413,384,659,427,796,399,538,423,511,432,414,386,543,587,436,426
1958,7,809,850,1028,1224,743,1178,816,1099,816,733,1271,700,810,642,1020,1079,866,1456,696,1126,749,1693,749,1268,1120,625,1827,600,899,940,707,661,786,724,994,1489,585,851,887,911,983,972,1011,816,1217,786,1074,825,756,860,825,656,879,765,1023,1577,805,981,677,1886,767,1103,1280,613,1706,586,1238,863,688,855,1368,1367,623,879,1185,908,938,1029,1121,755,1138,791,900,752,770,884,719,673,882,1083,803,1856,631,956,709,1481,748,1293,1233,526,1384,604,1238,1012,650,791,642,794,934,1364,657,756
1958,8,997,2918,1019,1091,775,1293,835,1145,699,1231,1987,1220,1119,464,982,1136,1246,1706,596,1384,1142,677,969,1535,853,463,1972,665,3079,836,665,484,791,1067,837,951,833,1848,603,852,2652,1020,1013,911,1264,741,1054,648,993,691,1034,485,971,1448,1091,1511,698,1069,1307,759,1132,1735,801,490,1938,639,1424,892,634,1152,727,898,743,1934,1141,792,3128,1058,1271,847,1348,775,880,669,1132,817,1186,465,1213,1011,1326,1195,669,1366,1491,831,1268,1900,866,561,2499,660,2095,862,730,1662,572,758,744,802,815,798
1958,9,1191,1125,598,986,537,513,441,660,955,1313,2318,994,787,1072,1085,527,1126,1318,745,621,847,618,1190,1223,392,710,558,410,918,859,608,516,431,1383,428,1097,443,2356,425,982,1526,1283,1087,450,451,458,641,932,1137,590,985,874,767,552,1550,1312,1621,729,716,505,942,871,415,674,644,434,1076,782,625,1401,392,803,468,2693,726,1158,1485,650,1252,505,424,522,674,1285,1176,1101,1069,1048,1119,528,1556,971,1295,854,699,836,925,957,434,570,543,429,848,1090,683,1015,516,456,1070,1020,515,397
1958,10,2427,586,1381,1294,378,1071,414,419,1007,5332,1341,1756,1528,1123,960,365,682,864,1474,556,840,1589,687,1029,440,743,2294,474,1949,925,483,914,512,2516,1100,797,481,2439,2864,1935,482,1003,795,401,837,440,472,732,4897,654,1223,1172,1326,374,729,559,643,708,753,1469,822,916,413,798,1608,657,3445,1229,786,684,469,832,618,1651,488,3398,509,1708,968,400,720,406,509,622,4538,406,1226,1040,931,360,558,857,873,914,924,1541,826,825,406,598,1831,575,1964,934,783,879,730,482,2463,683,800,612
1958,11,1375,434,593,793,428,792,919,432,718,1317,805,675,813,798,897,1116,903,1851,1693,830,669,3603,390,517,371,828,681,914,687,964,958,829,562,650,512,787,1768,1263,687,1485,423,573,1041,477,492,844,405,721,1641,754,745,1257,786,1014,583,1835,2123,400,653,975,396,740,380,598,3062,797,753,725,578,481,1297,853,1462,1211,850,1033,430,558,836,497,1116,876,423,683,3120,628,832,1025,788,1052,915,1893,608,486,556,4439,392,625,366,1033,1546,797,945,1000,549,492,1125,524,741,673,1352,3354
1958,12,1281,569,456,1757,969,744,722,552,515,3078,5627,466,816,587,1274,1750,513,1393,586,1515,548,1274,1755,656,417,481,2880,372,1286,873,1885,1855,962,1865,809,1439,680,649,561,2099,479,530,1674,1101,908,655,484,468,1667,2903,710,640,1111,1490,531,2282,506,1150,617,3056,2640,443,384,490,1617,387,1357,866,2307,1638,796,1169,530,686,4789,1776,625,480,1230,962,683,502,503,518,2266,1875,951,570,1450,1335,557,1556,1724,958,521,931,1910,515,406,508,1335,373,1286,699,3306,1181,2351,735,1332,1671,574,709
1959,1,1751,762,702,2176,606,601,1097,432,1510,5771,1879,789,919,1523,822,1735,793,1549,2016,992,630,2338,1293,450,415,1138,886,1812,2208,625,3948,1392,1880,1151,1074,995,936,808,1743,1976,768,667,2459,528,538,939,401,1021,3799,1627,718,1731,919,1554,976,2192,866,1811,807,1737,1035,458,414,1001,1074,1486,2435,630,1377,1690,1228,1262,1032,820,3996,1098,736,585,2357,604,583,1235,414,1532,2930,2057,926,1618,856,2129,885,2120,1970,1797,886,1614,1004,445,415,1289,1218,1887,2417,941,2064,2157,912,1658,1139,837,1087,1871
1959,2,2753,741,955,1454,432,1010,643,506,1665,8701,2644,1688,651,1563,721,1268,708,2567,1394,1177,869,3800,1390,522,428,736,1255,973,2620,952,2410,1181,1477,810,972,714,1076,907,1517,1793,924,1800,1847,449,1338,725,483,2310,8171,1465,793,1530,847,1674,632,2135,2713,1008,732,3248,1229,430,422,741,1174,1031,2510,1200,4626,1008,1153,633,757,1057,3791,2542,881,1381,1906,423,1051,557,446,1291,9190,1209,619,1457,834,1328,672,1902,1127,939,755,4171,1973,533,410,643,1279,732,2487,1011,3579,1511,1679,1927,892,1088,996,1501
1959,3,2929,1469,1450,2238,468,821,1662,444,1592,5623,2403,968,1135,1004,1249,2809,1340,1503,1185,722,2745,2631,4081,1123,379,631,1821,2212,2115,1768,5348,1733,1193,781,968,1331,1869,771,2814,2210,1693,746,2085,440,666,1393,415,1684,5329,941,989,852,1160,2840,1217,1700,1086,734,2175,3995,4721,1030,356,545,1781,2107,2513,1446,2792,1252,1073,1196,2130,783,4459,2415,1526,1211,2193,485,867,1202,527,1412,7012,883,1140,788,845,2506,1511,1618,1360,1021,1822,3218,4526,1099,365,626,1372,1962,1815,1356,4398,1466,1408,1564,744,811,1872,2848
1959,4,1440,796,688,2312,393,1374,576,381,2182,2787,2215,1554,681,635,1428,2824,764,940,1019,543,873,1466,2685,611,405,442,1359,1855,796,993,3614,928,1178,828,724,697,1249,629,1260,1707,770,603,1521,409,777,631,384,1383,3469,868,616,739,1899,2565,726,1293,983,552,929,2581,2293,537,378,427,1032,1819,1169,917,5916,1051,684,734,1124,608,3865,2426,748,608,2013,394,934,528,361,1137,3858,746,674,711,2910,2609,791,913,1211,625,1068,1470,2408,477,384,460,1048,2048,1045,1106,3936,1080,1022,1004,887,1085,1139,1532
1959,5,1162,512,484,1183,912,474,543,359,894,1944,1255,635,587,525,1040,1450,483,578,553,441,537,872,1348,460,346,432,764,1446,533,978,1815,1055,829,732,1225,685,824,503,838,1236,546,464,1090,655,667,663,354,1232,1987,740,489,540,679,1394,496,810,511,454,550,1569,1139,457,355,426,681,1458,588,918,1629,777,1121,670,696,511,1839,900,565,479,1171,697,615,639,354,1098,1923,563,541,538,823,1442,486,564,626,460,679,740,1314,476,351,409,559,1284,554,880,1373,977,1035,781,775,613,840,1498
1959,6,716,461,457,590,436,526,433,422,580,932,690,453,420,409,451,802,400,648,546,412,582,530,851,433,414,534,473,611,484,459,749,758,483,633,578,450,579,464,498,762,454,458,538,413,515,398,424,1071,938,487,428,412,441,1199,409,526,474,404,485,560,896,426,438,583,473,599,484,439,727,577,1019,429,797,464,1356,590,459,482,520,601,496,407,413,668,870,472,414,406,474,960,411,568,454,424,475,519,604,390,411,682,439,570,479,443,647,524,714,459,451,497,617,688
1959,7,1050,738,860,1278,1141,1524,1037,1224,1035,1103,933,897,663,879,702,1135,1018,1477,1510,958,1016,1023,1090,1031,947,883,690,1109,714,1539,800,779,551,890,1167,867,894,1410,974,1030,774,992,1015,1346,1224,1015,1140,982,1164,880,577,889,699,1300,872,1488,1531,814,967,777,913,1034,767,927,670,1269,596,1553,771,799,1007,862,680,1185,1315,965,818,896,971,1111,1491,1172,1527,1216,1218,798,630,842,693,1264,914,1234,1264,887,959,1019,1263,980,830,1022,731,1199,683,1616,606,795,977,666,1036,920,836,998
1959,8,982,1186,762,1185,1354,1554,1108,1477,1334,1011,733,592,1309,1690,888,1257,997,2087,771,1914,1640,1427,1108,845,987,1447,1614,1165,733,1188,701,901,783,889,1280,1120,608,1070,1141,1175,1516,630,1018,1589,1615,1364,1942,1448,1064,1934,1126,2068,807,1004,1410,3085,812,2001,1421,1597,1290,892,1425,1295,1525,1228,994,1452,760,571,1312,1720,847,1161,865,967,1116,703,1246,1379,1406,1414,1174,1028,967,1822,1062,1600,853,1160,1222,2939,900,2070,2049,1519,1121,857,1032,1514,1258,1146,756,1602,919,522,884,634,823,1141,619,1314
1959,9,889,1524,670,816,1180,937,1520,673,1100,1170,863,394,697,3580,382,867,702,2274,407,1354,796,1847,899,454,965,2269,509,2656,1956,1509,2944,418,877,563,713,806,491,737,549,822,1228,776,828,1111,929,1152,722,1046,778,989,773,2378,397,792,434,2235,405,1800,1191,1806,908,434,755,1291,666,3069,1599,1308,2566,532,573,850,476,669,433,1023,1805,731,487,1540,965,1171,550,1195,1034,966,689,2472,398,959,549,2464,437,1527,776,1298,893,536,730,1399,742,3167,2730,1116,1026,537,459,756,531,983,502,535
1959,10,2836,1259,786,2380,1717,395,418,650,482,1493,948,976,377,609,366,1119,540,923,598,2188,2169,850,1745,405,2424,710,1495,1304,1396,608,610,390,858,484,805,693,1218,384,427,2620,894,925,3013,1711,529,564,725,669,1778,771,382,1197,364,1239,657,940,583,1161,1657,1125,1628,412,2882,1159,2317,611,1814,465,502,367,1119,697,1250,461,630,4315,769,899,2289,2076,398,411,661,463,1324,680,379,1247,365,1070,651,834,444,1768,2023,1142,1458,429,2671,1437,2068,1037,1333,475,2127,367,398,956,616,581,1390,429
1959,11,624,867,1262,708,1256,641,427,922,476,592,2056,1027,498,660,426,769,4086,726,461,1627,2741,475,682,358,1519,926,1773,523,734,621,432,460,821,682,586,571,755,382,490,1029,1077,737,1440,639,616,441,777,650,1236,406,443,764,378,528,3292,568,991,1924,3589,499,619,356,1548,1114,775,1350,1039,617,414,422,426,604,626,413,1292,577,1752,948,1742,647,418,435,799,641,1101,431,472,779,389,714,1461,733,878,1518,3142,586,810,358,1269,810,694,669,637,571,459,413,476,719,544,425,751,594
1959,12,569,2040,1687,1403,3515,764,3683,2359,1640,2707,1773,718,760,564,477,2116,604,1963,1138,690,1628,1383,750,362,707,444,546,2450,885,465,454,1641,1135,423,854,1614,547,724,443,617,1637,2193,767,2694,560,4609,3547,2008,2077,1301,836,490,526,2319,688,2030,443,804,2166,1583,885,351,765,471,580,2407,1316,428,444,1775,722,1190,594,726,2080,573,1719,2418,1069,3156,893,2826,3507,1384,2466,1041,925,494,518,2002,2304,1920,605,625,1269,1239,1025,354,936,464,563,1965,1001,408,492,2115,1304,1098,380,2334,521,407
1960,1,672,925,1079,1466,4232,1794,1607,1703,2120,1256,1121,697,1315,676,658,1446,1025,1610,993,696,3218,989,929,420,605,692,501,901,1245,1094,1303,615,928,420,4185,2469,510,837,1093,620,979,1124,1547,3172,1561,1590,1221,1739,1774,649,994,1341,461,1311,983,1966,732,602,2212,992,711,431,649,1126,496,1088,950,1116,1264,2453,5371,3285,493,786,1976,650,920,1075,1966,4262,1679,2071,958,2513,1246,772,1407,1335,466,1071,979,1678,798,614,2533,1166,603,412,617,1130,477,1108,790,1056,1126,2045,1189,962,405,2853,534,1049
1960,2,1135,848,1892,1375,3135,609,2149,2106,1300,935,929,1378,1346,1397,978,1696,1578,1776,487,979,2199,925,773,1159,951,1159,793,1005,911,561,627,1294,911,568,1884,3363,1570,900,1081,1111,692,1749,1301,2983,802,2315,1771,2010,1210,1231,1394,696,696,1193,1816,1345,553,1169,2815,952,633,977,619,614,938,1272,1087,596,745,1247,1828,2630,2731,1120,1590,1094,786,2349,1311,3370,700,1448,2085,1343,1243,925,1390,827,662,1890,1623,1949,461,860,2446,1057,645,1114,706,638,891,1080,959,546,903,1456,940,757,510,2375,2778,1577
1960,3,1696,737,1470,1036,2946,543,4513,1912,2950,1079,1006,1471,686,1039,521,1145,1712,1575,2388,793,2262,890,1801,774,610,615,1380,879,2328,519,1252,1172,657,1399,1277,2275,2874,1062,1645,1768,628,1494,976,2892,563,3358,1819,2162,1368,1934,994,972,726,1512,3803,1644,2507,747,1671,918,1290,1114,773,585,1111,815,2317,548,1287,2267,1556,2694,2559,834,1974,1621,689,1287,969,3290,655,2650,1765,2434,1283,1077,616,1348,588,1243,4392,1665,2438,809,2153,885,1695,907,695,595,1223,962,2395,500,1002,2596,925,695,1431,2710,2503,1072
1960,4,979,1329,1198,949,2301,1943,2976,1636,1766,881,624,700,658,566,409,1025,3325,1099,961,625,1308,1188,754,553,490,840,1091,663,811,443,537,840,511,488,1012,1505,1548,511,951,854,2012,961,728,2655,2319,3639,2320,1914,922,1089,638,771,401,1468,1665,1146,845,725,1110,987,1008,560,500,568,825,737,1096,442,543,1426,1212,2148,1375,552,1230,807,2337,1120,811,2015,1946,3501,1588,2338,826,2067,630,663,386,1225,1806,902,761,599,1153,1503,770,755,491,671,690,721,900,429,673,1366,675,501,509,1775,1328,818
1960,5,526,930,668,900,1684,547,1800,1503,962,851,771,463,547,503,372,536,1167,756,670,950,824,698,505,589,426,540,481,843,613,410,531,516,434,499,822,1113,873,499,532,507,702,669,710,1499,602,1397,1388,1042,983,920,654,576,362,695,1294,744,639,750,715,680,469,574,430,523,498,804,743,419,589,919,920,1342,766,471,872,513,750,747,664,1464,649,1676,1309,1107,847,859,677,569,360,575,1587,783,607,764,593,679,480,470,426,487,572,768,658,405,547,877,616,431,536,1200,917,548
1960,6,470,587,604,453,975,491,1016,709,557,563,612,407,567,703,367,506,555,468,506,505,503,434,478,385,415,656,564,581,476,433,487,490,409,404,460,657,466,505,457,452,465,625,512,1481,482,929,752,639,531,538,455,951,360,502,533,492,546,520,494,491,457,375,397,765,727,563,463,421,469,467,453,811,461,527,517,480,469,781,510,932,494,1252,607,602,547,510,494,563,357,528,594,484,468,555,524,444,449,373,407,856,459,514,439,413,502,458,488,389,396,692,459,514
1960,7,736,897,950,805,677,903,1132,1010,1212,1167,692,618,765,1197,595,820,692,1463,1086,772,926,1378,856,1357,800,1027,907,613,890,661,1147,895,1290,1069,978,968,1120,1052,998,779,894,1614,732,689,790,1128,953,1130,1070,561,783,1195,606,742,666,888,1040,607,893,1360,918,1271,882,731,823,624,897,649,1050,859,958,886,1052,963,705,721,997,1567,728,746,888,1229,922,1283,1085,627,734,1293,596,832,671,1204,1122,685,811,1179,1015,1344,838,641,1054,750,846,702,931,849,1115,1176,1112,936,927,904
1960,8,733,1233,1597,878,667,1405,2252,1490,2804,1222,643,715,1596,861,683,1013,532,1163,758,861,1273,1066,1610,1491,1278,853,1250,573,969,986,1247,4154,1578,1068,1177,1095,877,1047,1502,704,1027,747,932,656,1229,2343,1390,2076,1137,832,1564,842,678,1052,528,2292,1022,959,2034,861,1777,1341,1356,872,1374,568,963,1262,1021,1533,1465,1045,1129,1322,806,725,1267,717,808,649,1275,2511,1154,2365,1275,679,1171,1069,699,1095,543,1366,801,912,1629,978,1250,1375,1071,1032,1362,530,1185,1616,1308,1890,2521,2140,1622,1133,1346,1329
1960,9,904,600,385,426,421,1171,888,1221,970,1436,596,564,701,1027,708,653,453,1088,514,767,622,2140,1301,525,1939,396,1524,388,896,1301,973,560,1124,857,2227,820,587,514,1601,890,511,409,409,425,944,849,1336,1740,1843,616,621,935,819,1458,481,927,454,816,490,2644,1585,566,1839,445,1449,383,771,894,974,611,2834,991,457,433,525,1181,523,392,443,453,1198,949,1470,1010,1542,717,823,1035,768,1061,470,956,481,907,846,3064,1796,450,1519,407,1611,396,941,1178,1022,401,539,835,525,900,478,1676
1960,10,2144,1258,1770,370,464,1017,1243,413,618,469,389,581,910,2269,507,1451,485,487,1072,604,413,2437,641,1047,504,378,1152,398,431,1841,1773,2547,487,2804,1377,400,5159,683,1160,2079,1186,1314,381,607,1506,1220,444,453,463,841,923,2544,489,1078,480,857,1326,465,422,1412,483,1079,769,375,1382,383,781,2239,525,781,884,417,952,692,827,1752,1394,1650,368,892,1020,1207,522,534,489,854,1001,2902,466,733,546,999,1312,474,443,1481,466,456,817,377,1360,394,429,1593,1502,1261,2231,445,2701,386,1931,863
1960,11,877,552,1230,492,2024,1203,997,1455,570,1769,466,679,522,4996,705,2823,426,1135,391,715,403,680,3069,3879,1120,648,991,391,419,805,614,915,452,958,1083,505,1329,372,562,969,575,1346,639,1333,746,1134,1379,602,1527,4100,582,3937,547,1830,456,682,393,666,412,758,2397,3229,1034,586,603,385,840,617,1901,1750,649,464,6874,381,1565,1019,652,1261,470,1415,1238,1094,1501,603,1113,2173,601,4063,655,3763,373,457,431,701,405,577,2308,4250,1009,599,534,395,645,949,606,1507,897,488,638,457,6053,880
1960,12,585,898,601,492,1331,986,615,679,729,924,1640,1090,872,2156,2246,1007,377,1111,636,604,376,670,1161,772,466,2708,668,3452,713,1999,526,2886,384,503,845,553,7234,395,993,664,904,613,508,1770,1462,653,571,981,1111,1026,797,2523,2517,1800,421,1107,694,509,384,697,1170,932,483,2437,690,3011,409,1784,517,1879,578,551,5104,439,3329,945,961,637,474,1177,1284,516,595,903,1227,1421,1001,3123,1435,661,368,1283,654,621,386,673,1130,1342,507,2433,657,3293,402,1832,608,1399,2830,394,905,561,7178,869
1961,1,2595,532,1841,706,674,850,932,499,1750,643,2070,743,540,1632,1047,1931,5242,2883,421,911,645,1048,770,2639,743,1222,683,1139,1329,1519,921,2043,936,716,1673,475,3659,408,565,2068,549,1752,850,599,927,850,557,1447,581,802,529,1623,1441,1928,4010,2697,454,889,916,1136,812,2065,779,1673,1007,1224,1335,1774,911,2390,1726,458,3888,414,1572,2065,519,1719,610,745,883,889,513,1390,839,1040,530,1667,2813,2137,3553,2650,495,963,911,1179,820,2525,826,1324,1024,749,994,1710,606,2834,1737,2133,1763,464,4649,759
1961,2,1714,1146,1057,568,839,1165,739,495,2059,539,1521,1597,637,2450,2124,1882,957,5650,653,655,1480,928,1152,2597,982,1140,1157,605,1177,1369,529,1679,2612,1876,1359,596,2223,887,1210,1749,764,857,807,910,829,901,522,2454,539,831,526,2234,1408,1882,1418,5368,539,831,1308,898,1325,3680,1162,815,782,782,1951,1470,543,2918,1218,664,2788,622,2080,3734,717,1159,972,823,1071,829,483,1731,574,940,714,1580,1529,1495,1538,3502,530,746,1546,986,1142,3794,1163,785,807,944,2132,1196,873,3134,2528,1498,844,771,2279,1715
1961,3,3439,818,1676,438,629,765,777,466,2105,521,1665,742,492,3366,3047,1189,905,2889,739,817,702,1910,1193,3728,570,868,665,966,1917,2769,673,2928,851,773,991,398,2117,1605,2329,3201,977,1424,437,595,943,782,456,2273,505,1019,558,2861,1934,1168,1318,3136,614,591,946,2230,1913,2624,723,910,595,976,1370,2927,894,4779,1220,400,2646,1690,2770,2561,1010,996,428,579,935,806,475,2307,523,934,552,3922,2786,1401,901,3141,618,640,865,1422,1248,2517,637,876,612,1116,1367,3420,591,4392,2170,936,975,401,1983,1742
1961,4,1689,540,1004,389,549,751,614,424,2502,439,1879,636,421,1543,2125,858,677,1762,484,468,518,1248,1120,2334,673,662,597,659,941,1631,717,3181,624,1166,1025,423,1217,479,879,2566,493,973,412,635,779,625,418,1977,435,1049,423,1694,2745,934,1165,1888,516,451,533,1205,788,1906,625,744,598,727,1031,1529,707,2003,782,447,1983,600,3193,1652,537,1560,395,608,639,576,419,1718,454,1473,442,1594,1610,871,908,2100,839,476,567,1999,801,1961,648,692,624,709,1059,1809,779,1847,3309,685,1628,468,1240,1043
1961,5,1123,1050,570,418,503,741,573,395,7033,463,1243,466,504,861,1012,578,531,1004,461,422,406,642,896,1351,557,482,436,485,804,876,625,1571,559,947,762,384,942,485,503,1261,1223,586,457,446,820,647,392,6421,454,904,525,801,1239,625,583,1005,503,424,419,684,1024,1070,549,520,478,499,790,779,555,1243,866,388,1802,452,1812,1182,1095,521,439,449,729,601,392,3775,477,1095,650,795,1033,535,480,1259,510,414,425,730,757,1326,591,485,463,575,697,919,668,1331,1730,600,737,372,1125,568
1961,6,494,497,450,365,596,428,491,568,1009,493,623,458,469,705,530,540,469,509,713,441,403,613,569,590,414,470,454,561,748,479,477,743,511,509,496,445,610,505,448,499,445,420,386,544,457,571,472,1296,500,512,493,667,574,607,526,517,898,389,474,529,533,509,407,463,489,553,752,492,486,674,555,410,839,655,1195,509,545,435,377,473,442,484,505,2494,687,468,459,718,521,562,491,492,918,399,465,538,681,578,401,459,444,696,727,480,462,573,625,462,582,392,669,449
1961,7,754,668,704,914,925,704,1133,780,1579,937,1772,1032,1153,825,1064,841,1152,839,1941,883,745,710,1046,961,561,614,1159,1087,910,644,626,1018,821,1298,661,610,1413,1078,772,663,830,821,900,867,703,1026,939,2149,941,777,1148,755,896,765,1135,648,1660,1064,685,714,1077,842,561,740,891,1396,841,630,637,632,677,736,1759,1062,908,647,834,942,905,1022,695,1248,915,1485,727,716,1127,747,980,840,948,836,1795,938,686,735,1072,1036,486,631,1067,839,905,607,622,642,1095,848,1105,674,1510,850
1961,8,1201,811,1646,946,835,1216,1202,833,2137,1104,1953,1617,1251,1784,1064,1005,782,802,1803,1113,609,675,1440,1101,536,667,1214,2139,1002,538,1058,947,645,795,1148,1078,1082,803,1297,1592,727,1638,1398,995,1366,1014,592,1722,1312,880,1149,1354,1118,1209,803,1166,1971,875,632,745,1537,1649,577,648,1074,2747,1004,529,975,1201,1998,1054,913,831,712,1828,637,1521,999,922,1023,1089,609,2134,1138,861,1385,1695,992,1109,805,967,2413,744,673,766,1388,1419,656,762,806,2820,792,584,974,1367,936,593,753,1243,885,1381
1961,9,2532,404,1311,452,983,1210,450,995,909,1691,3468,1812,1172,631,1200,555,3152,1080,4239,1108,1046,1548,667,515,688,584,870,1619,645,506,383,842,732,473,1006,1230,470,439,1024,997,393,1104,392,554,1122,467,757,1484,1470,1003,651,754,1027,569,2211,811,2873,1353,970,1463,554,504,726,516,1100,1265,659,494,404,679,930,1327,534,411,429,2230,391,980,504,838,1326,618,871,1326,1155,631,749,617,1025,510,2824,811,3258,1381,943,948,819,450,643,488,1235,1140,856,486,492,666,801,666,474,1514,548,1092
1961,10,1552,745,496,457,462,3217,501,625,2845,457,893,725,399,452,692,413,1397,451,4881,535,1025,2296,961,445,372,514,949,620,611,660,1577,1338,535,374,11060,634,875,537,1235,2990,459,551,541,611,3811,684,896,2373,464,535,521,485,766,419,1378,434,1808,457,874,1697,805,419,376,582,926,589,668,589,2157,8075,8472,866,893,453,385,1771,1069,556,440,437,1972,831,679,2537,440,792,397,485,762,380,586,448,3424,450,828,3030,969,411,364,544,695,566,581,565,1253,8979,1928,485,369,469,443,1802
1961,11,1734,957,862,505,436,1163,2190,870,970,490,1011,737,717,405,533,577,764,424,1305,1189,391,600,709,371,929,669,423,807,1048,380,2213,592,885,365,1033,1060,485,518,1789,2288,1758,980,471,544,868,1706,755,1450,615,1350,655,398,547,408,1005,411,3947,1112,683,945,547,385,444,700,424,741,914,372,2354,609,1606,820,915,476,428,4166,934,470,518,574,2211,1920,595,1221,649,1526,1245,436,575,831,2102,409,1747,1017,523,511,651,396,441,678,594,832,1381,372,3190,583,553,434,366,1384,1394,1826
1961,12,1620,422,3300,348,843,1169,1147,2525,868,604,732,622,1682,379,507,560,1164,525,2034,496,940,738,1454,450,618,501,1840,446,514,380,2586,3617,439,1552,2568,438,1236,372,699,1387,438,2427,375,1014,1619,1542,2796,976,450,2943,1494,378,465,906,1105,495,3030,550,909,577,2269,444,1208,417,2428,433,622,363,2320,750,3704,569,923,517,811,842,403,3425,368,700,1500,1300,2508,1067,516,2782,1642,378,454,463,1296,586,2445,520,895,872,2011,587,1360,438,2479,478,445,364,2315,761,3492,862,1651,466,878,677
1962,1,1160,2410,2217,518,846,937,2918,1040,1228,404,795,444,733,384,644,1303,2013,434,4394,448,1207,1765,839,953,737,683,1157,864,2826,465,1508,1428,488,1275,7043,445,2068,390,1954,1251,3302,2616,601,911,812,1985,904,956,395,2325,1269,393,637,700,1708,404,3928,468,1064,1716,696,1166,927,834,721,531,2235,429,3758,1360,5242,437,1874,391,1290,1071,2518,2216,520,857,937,1975,827,1126,398,2693,617,402,544,1411,1642,454,2655,433,996,1711,639,1225,539,862,759,833,2607,443,3743,1173,1470,410,1017,466,1954,1616
1962,2,1527,2147,2197,890,844,1315,1269,1525,859,409,1599,1475,2041,495,430,1471,1634,454,4525,420,906,1507,548,1144,615,1350,732,613,1274,902,2416,1185,397,670,2937,751,1290,2670,1404,1917,2238,2347,574,771,1653,1397,1338,983,429,1765,1665,414,457,2542,1561,426,5716,417,774,1668,749,709,630,881,856,1130,2138,1010,2530,883,3516,1071,1470,2056,1516,2458,1844,2155,648,731,2758,1409,1569,971,436,1680,2440,497,539,1373,2168,433,5731,409,764,1286,761,738,731,1437,873,761,1620,709,3031,903,1505,412,606,716,1550,1639
1962,3,2135,1712,2350,425,1380,2678,1876,896,651,497,1544,1445,1674,1106,742,1233,1176,397,3306,590,650,1862,1018,727,558,820,634,780,1495,872,2729,1145,1113,572,1547,613,1099,1886,2840,2307,1730,2489,734,1606,1695,2668,1154,718,552,1258,1805,1103,697,1054,1382,416,3582,597,856,2670,829,711,730,1390,639,719,1319,737,3000,1425,1896,572,1293,1764,2544,1998,1586,2727,632,1935,1572,2272,899,697,478,1233,1561,988,609,1290,1160,408,3866,667,665,1904,908,757,655,782,644,581,1391,827,2251,1187,1239,1116,543,946,1288,2676
1962,4,1431,1475,1903,370,713,1217,1172,981,635,403,684,1040,1601,555,450,1284,1002,542,2040,524,715,1966,1108,702,405,863,558,476,835,469,1692,1542,432,551,1384,428,800,926,1835,1575,1504,1924,382,718,1118,1342,1002,622,386,967,2097,915,502,1131,1085,529,2015,477,768,2321,659,706,461,702,592,527,836,529,1434,1127,1401,442,819,1145,1205,1282,1640,2045,378,593,1026,1463,961,609,396,1062,1665,761,524,1168,897,488,1983,438,682,2523,822,634,464,670,594,709,878,466,1238,1096,1117,465,555,457,903,2250
1962,5,814,2546,1418,349,490,627,642,811,459,399,489,1858,1455,530,412,535,792,408,953,538,674,1510,666,571,427,760,444,415,572,462,939,572,389,456,790,388,650,730,980,832,2535,1482,363,487,659,950,902,455,418,672,1235,408,389,636,880,432,1173,638,1025,1359,593,564,430,766,449,417,542,429,1018,681,726,401,562,832,855,744,3126,1664,352,459,623,973,938,461,384,711,1031,432,390,507,780,385,1071,601,861,1474,628,582,450,667,453,418,521,517,1208,632,583,388,403,402,572,1123
1962,6,493,1298,958,433,485,624,445,635,419,423,660,3147,523,435,421,470,620,398,547,493,597,572,505,479,422,570,396,434,416,460,659,454,384,388,949,369,413,471,552,505,1324,867,406,507,607,488,594,417,402,690,699,422,424,468,595,385,593,428,486,523,751,529,476,585,400,439,413,518,504,468,856,382,419,442,541,482,1030,1048,416,518,546,468,649,435,390,616,640,418,422,465,592,401,555,406,618,585,624,436,393,576,404,433,414,442,529,434,453,444,395,391,420,626
1962,7,990,929,944,543,717,945,906,1075,1037,692,1293,692,1125,808,1205,922,696,585,1059,896,1522,1003,1667,571,648,801,527,877,744,1071,1001,632,868,1106,1535,1334,822,678,678,991,990,832,598,752,1009,875,1185,974,660,1098,836,748,1011,1010,582,606,675,757,1971,974,1536,637,583,769,582,906,840,1023,980,906,1593,1138,838,616,1078,1025,1155,822,572,804,870,960,1032,1033,635,1031,1036,754,988,1003,708,592,912,954,1084,966,1670,665,666,794,558,890,722,1037,968,925,697,804,1230,1219,796,961
1962,8,627,1489,967,737,592,1561,1062,971,587,649,1027,817,2173,945,1912,707,1075,1018,863,1067,1551,1146,1467,1142,656,614,588,1963,1226,1201,1462,1391,1282,1155,2168,2602,1116,973,1356,577,1342,1234,660,523,2147,1084,1069,686,735,734,2963,1045,2060,795,1075,785,805,994,1342,1490,1098,892,643,575,596,1533,874,1279,2228,1150,2035,2589,1129,1105,960,552,1388,971,608,509,2074,1132,1035,667,771,707,2743,1155,2634,682,1025,925,1033,1036,2288,1217,1297,858,571,672,559,1911,1120,1280,1494,1076,1025,1033,1350,2830,1563,1260
1962,9,389,1766,755,861,556,1672,1497,796,698,976,983,461,717,1284,2842,977,633,799,1488,522,910,1392,1121,1348,956,401,415,1423,1584,627,938,997,1190,985,1965,1206,621,648,893,397,1477,830,1070,691,1416,1884,658,630,978,407,781,1348,2745,1138,756,851,1622,413,1470,1901,1668,1458,791,413,399,1828,1284,630,832,477,2189,1391,585,727,805,394,1408,812,1149,578,1488,1365,752,684,2420,435,829,1229,2496,1441,609,647,1681,499,971,1043,1210,1323,533,384,414,1197,1587,604,1203,504,707,688,1210,1395,425,586
1962,10,376,2656,1099,2246,1094,1035,766,1567,1502,2530,2331,777,521,380,3013,380,507,433,920,1299,1970,823,1573,976,361,424,1024,498,2532,1002,512,459,1448,976,1058,814,484,630,386,383,3987,1284,1072,1064,890,521,1086,1337,2852,627,976,410,2684,457,539,455,616,1385,1304,621,1113,945,381,761,773,484,3772,679,630,379,613,876,538,667,493,389,3413,1196,2211,959,875,605,1234,799,1403,982,551,401,3718,413,527,462,916,933,2263,1168,1120,623,668,866,584,854,1556,764,679,381,704,1070,1261,583,488,427
1962,11,640,2211,868,2116,530,1530,1296,1034,639,675,1103,711,522,472,2302,551,675,587,854,3990,697,679,484,621,352,2199,411,873,1021,576,803,869,682,1124,1375,692,411,898,436,397,1331,953,3590,575,3543,1287,982,729,775,752,451,616,1425,541,484,515,1158,4726,1094,686,956,659,356,1804,845,958,870,775,3262,940,1215,698,399,657,395,442,1770,711,2326,546,3595,1351,675,1070,763,1015,490,554,1434,624,704,564,896,7327,640,690,602,1128,353,1902,1076,721,2273,585,1471,1115,519,1282,1065,753,421,437
1962,12,612,2042,538,2414,446,4391,1822,460,1619,1326,674,597,470,602,1206,2384,543,376,604,1206,1254,4384,607,739,407,1299,1087,1772,940,3002,3071,481,821,3096,596,2168,2482,2306,633,1080,1640,528,3243,468,3746,1327,435,1095,795,996,576,473,1116,1556,817,384,635,1145,1649,3791,742,604,428,858,873,1349,670,2962,845,485,634,1653,1768,1829,2684,917,1682,834,2198,529,1996,1041,536,1308,1284,791,499,596,1317,1799,570,347,577,885,1214,3788,653,491,363,1062,823,2108,863,3008,2266,427,507,1001,2854,1224,2147,689
1963,1,451,1305,2258,1625,553,10318,4675,1418,710,644,639,492,568,906,1355,884,451,381,497,1293,2238,2632,503,461,1559,2120,1450,780,920,1116,678,539,788,1279,566,1957,935,1545,384,412,1259,2199,1937,441,5754,3732,1354,1316,1021,905,607,996,1188,2003,420,352,464,894,1515,2202,576,436,1661,3155,1420,1023,1059,1174,656,1288,535,2145,1135,1166,644,421,1294,2525,1915,546,16696,5053,1401,790,593,984,525,714,1428,1465,528,354,610,1122,2209,2135,547,428,1713,1556,1898,1131,726,1147,692,1373,588,612,1164,2723,1274,423
1963,2,572,1021,1028,2254,621,8812,4804,1055,1218,1877,582,770,1196,434,1272,793,1469,1500,1864,1178,1214,3165,1623,670,755,2107,1580,1304,1701,1465,853,1369,919,1133,1620,1145,1547,1699,425,655,936,928,3731,870,14395,4677,959,1231,1530,554,1289,481,1211,846,1395,1138,1527,1753,1048,3105,2772,589,969,1670,1417,1109,1079,1317,702,1179,1257,1042,1718,2587,583,801,965,1442,2249,579,9189,4863,1003,1383,1833,588,913,586,1086,879,1600,896,1431,1281,1090,2657,2443,513,1006,2315,1411,1044,2035,1333,1078,1323,1163,1383,1035,954,1013,386
1963,3,444,1199,896,3417,520,6087,4009,1841,4115,1374,1959,495,795,587,3825,1113,1102,730,974,1416,1500,3718,2146,642,1483,1286,922,847,3503,1414,1745,514,1057,4209,1384,899,982,4138,503,529,946,1196,3877,570,5231,3964,1998,3380,1395,1261,963,640,4325,938,1118,485,901,1865,1202,3991,1604,762,1674,1134,936,1083,3583,1326,1296,1713,1342,1015,1199,2562,689,432,1116,916,3255,702,4134,3870,1644,3431,1038,981,1018,575,3588,1054,1046,1175,1143,1434,1666,3181,2112,719,1687,1493,1074,842,5261,1176,1258,1869,693,832,3000,801,996,473
1963,4,411,1508,2324,1797,586,3693,3181,795,1130,924,1397,553,512,410,1806,755,890,606,869,760,986,2990,923,438,1258,978,678,608,3330,1151,1088,529,803,2759,749,701,881,2169,408,449,1705,1558,1939,704,3653,2431,854,1611,894,569,524,423,1165,754,1681,644,818,1010,824,3047,1130,426,916,976,696,594,2791,1345,1169,1195,694,827,785,1931,500,415,1113,1216,1989,758,2743,2985,766,1373,897,620,478,440,1479,849,1828,593,1015,789,826,2361,977,461,918,1144,741,585,2362,1025,1038,1021,477,627,2575,796,757,383
1963,5,662,712,1111,1027,401,1898,1759,633,710,804,861,395,439,417,719,645,1143,424,469,560,532,1388,678,430,861,837,527,530,1733,1000,1164,699,544,1351,540,527,635,1157,615,787,619,1070,1099,411,1917,1748,612,790,663,446,465,448,565,571,625,397,458,772,541,1958,749,407,753,1064,496,503,1164,925,1830,744,515,516,621,1181,462,567,747,889,1090,412,2047,2069,586,824,731,441,439,433,589,680,601,432,463,520,525,1977,661,412,954,963,497,496,1268,863,3386,776,1006,510,1264,491,638,525
1963,6,380,502,517,519,377,1270,1305,516,493,533,474,441,395,387,543,411,616,393,417,482,434,574,448,387,613,831,840,431,538,589,2756,1633,519,742,551,469,510,634,599,406,461,476,524,405,1294,1347,447,512,485,453,430,387,510,421,646,354,450,460,427,633,448,398,878,657,578,467,926,543,1618,420,470,486,630,706,412,401,491,457,511,393,1093,1648,514,658,523,406,390,376,577,418,482,375,423,493,430,651,472,384,654,582,953,477,737,579,1235,417,1032,529,673,473,528,548
1963,7,1900,1228,857,1304,765,1341,658,1531,1794,1047,971,619,635,1290,822,619,661,634,830,662,847,1400,1773,783,1043,980,1053,852,805,769,744,1456,1331,781,593,963,1027,813,744,1608,1215,913,1262,823,1522,834,944,1909,1142,611,713,1284,917,605,653,564,746,717,802,1361,1384,711,1075,1634,1233,967,835,790,866,689,678,953,1103,631,722,1925,1250,862,1037,838,1521,786,1368,1392,952,655,655,1265,769,649,820,569,825,702,891,1455,1293,706,905,1699,909,699,642,763,759,683,1152,1218,778,927,1265,1140
1963,8,1208,1144,1874,1723,865,1327,1194,1905,1383,1572,590,969,561,1159,614,1259,1926,544,1885,1171,707,1142,669,1075,2628,2843,1200,1953,954,708,976,1074,2558,1355,1215,1808,927,1363,1726,1509,1249,2140,1718,749,1353,1235,2363,1272,1326,586,572,1096,571,1461,1758,527,1815,1080,731,1554,878,1385,1966,2451,1424,2634,1140,632,1038,844,1333,1852,757,1470,769,1436,1081,2222,1827,1048,1213,1068,1528,1736,2276,556,566,1153,678,1310,2002,577,1526,1078,663,1518,1091,943,2626,2579,1501,2373,1072,637,1003,930,1076,2510,1217,2289,713,1367
1963,9,997,984,2437,798,1469,1057,3160,820,1379,560,435,704,1272,1306,2069,1322,973,621,1891,2972,854,712,1264,1007,1454,1717,3613,1094,776,421,1339,1109,1338,2198,903,883,963,4036,2808,855,947,3285,811,1554,974,1640,710,1910,719,1046,1025,659,2380,1150,1006,504,1664,3003,502,529,1046,947,1827,1699,2569,756,728,420,1257,839,680,967,759,2379,1337,998,1132,1117,1003,1092,1020,2169,927,1955,648,1709,1034,1442,1618,1530,1155,565,1857,3724,807,473,1305,1215,1178,2025,2776,933,592,434,1250,825,932,1049,2388,768,894,2630
1963,10,1331,784,2340,3590,3544,1752,3897,5719,886,450,420,407,3414,881,1766,1562,2053,387,1458,816,703,434,1169,2855,777,1007,724,813,625,615,915,605,740,2974,2669,638,647,664,1429,1731,1089,977,4145,4778,1963,4724,5644,1118,434,817,7742,1758,583,1391,1619,365,1451,1138,997,443,1407,2319,755,954,733,546,541,602,786,419,2799,630,757,779,1894,1318,950,3264,4451,2166,1692,2336,4833,1485,422,446,2846,1082,1720,1322,2134,393,1549,621,406,490,1480,1467,722,803,585,854,1005,712,994,429,847,1061,1878,620,640,1662
1963,11,958,836,1121,2644,794,765,1811,953,2922,1858,407,359,3019,548,522,511,619,421,784,574,381,547,1156,632,1766,821,574,739,735,633,758,639,515,825,1001,1006,535,444,692,687,935,1928,977,784,1033,1738,1092,1496,1866,619,758,437,1730,638,991,366,770,557,401,583,856,801,2133,639,540,816,893,662,957,1045,608,1182,551,454,517,1120,923,1210,1073,1240,1261,2137,2008,649,1896,817,3322,429,621,643,621,390,779,563,658,475,628,1867,1013,642,567,870,680,633,666,1106,623,676,1637,771,530,584
1963,12,1907,614,1096,7337,636,979,2232,812,1294,1070,578,896,998,441,1861,564,1585,342,2328,496,385,436,3133,1316,2208,1711,805,947,2033,1359,992,593,1305,1287,3212,1260,446,607,1199,2236,549,1336,5890,614,774,2293,976,1455,1216,676,759,435,1240,672,1719,351,2403,498,376,390,2852,959,2234,1230,642,895,1582,1461,951,814,3361,1325,553,635,729,2035,457,1483,5218,568,697,2173,867,2209,754,428,828,416,1902,553,1439,341,1788,481,384,460,3607,901,2868,1166,609,827,2043,1570,990,1227,527,1542,2081,1516,429,1065
1964,1,801,1546,1529,3706,544,1000,1959,1726,1061,1377,616,1811,1116,992,1565,1440,1666,511,1743,1411,374,451,2169,1842,4334,1110,2863,1838,1447,923,795,589,858,1626,1214,637,906,675,943,755,1414,1382,7898,545,861,2512,1752,965,1286,689,1104,777,1828,1668,1539,695,2029,1431,396,413,1671,1915,4918,1656,2853,2371,2019,970,889,1439,1160,628,935,799,799,753,1628,1132,8183,572,653,2839,1376,968,1321,609,868,1160,1908,1600,1808,590,1639,1608,407,436,2015,1885,6116,1678,2878,2484,1218,757,799,924,1152,652,1256,691,929,1032
1964,2,913,1945,1329,6203,1659,907,3065,2989,3437,1057,415,1074,1274,727,1817,653,1459,498,1928,849,696,587,2803,1401,9031,1954,1796,1403,870,620,725,1718,576,2922,2512,806,765,958,1329,1354,2488,1200,4600,2793,856,2322,2690,2533,807,695,928,967,2193,744,1481,361,2571,731,498,537,3160,1400,9244,2019,1582,1434,1271,557,628,1070,1997,724,560,1237,646,1155,1921,1025,5035,1665,1298,2115,3905,3931,921,737,1265,838,2321,760,1509,412,2323,639,567,451,2277,1864,8433,1976,2939,1225,1020,755,652,1060,734,649,3544,792,701,1272
1964,3,1806,1914,2195,3131,5423,2086,3488,2512,3678,2991,564,635,1015,739,4276,531,1260,1364,2064,2309,1105,928,2820,2938,7526,2713,2525,1369,1036,818,1187,1022,490,5156,1377,994,822,619,1107,2070,2635,1399,2201,6172,2834,3706,2336,4748,2425,632,1108,594,3202,594,1334,1388,1410,2126,1361,958,3022,2522,6138,2115,2792,1068,825,713,1260,863,1792,939,836,603,774,2159,2400,2239,2523,5279,2375,4890,3547,4694,2322,600,1004,575,4141,553,1339,1248,2095,1406,1074,932,2682,2275,5950,2222,2459,1264,996,622,1173,640,1077,526,4724,1028,681,954
1964,4,1157,1381,2011,1687,4861,2305,2876,1322,1885,3191,585,1292,950,502,1798,1115,879,410,1262,882,1043,497,1484,1697,4712,1933,2576,870,835,1713,835,582,464,2138,1175,970,556,740,664,1220,1206,2192,1093,3894,2126,2841,1287,2143,2525,483,719,499,2167,1356,1009,393,1111,1051,720,448,2160,1265,3541,1797,2351,1005,778,2033,986,942,1240,1374,543,780,742,1096,1897,1559,1284,3609,1976,2961,1358,1934,3238,597,716,588,2210,688,955,465,1427,1172,890,621,1759,1305,4444,2319,2179,984,769,1699,716,1032,630,478,2236,728,572,687
1964,5,1030,881,1070,1299,1605,888,1548,743,780,1707,446,943,577,1466,845,506,858,370,733,1266,777,591,1269,1111,2131,1121,1793,712,570,812,467,449,638,1431,954,640,446,526,527,991,879,803,752,1838,776,1681,785,849,1684,473,582,1485,1198,482,830,356,685,748,818,455,1580,832,2252,1213,1549,732,623,747,477,658,1069,666,431,488,445,1034,730,920,1074,2290,798,1499,741,980,1465,515,565,2249,1209,711,855,358,775,603,600,559,1335,993,2120,1212,1446,721,659,696,505,607,438,664,1034,771,467,564
1964,6,727,525,532,578,582,512,708,899,538,892,451,498,468,1136,562,605,578,373,514,537,396,686,536,608,946,555,773,483,542,457,521,451,432,698,499,534,403,409,444,549,501,577,546,659,514,762,570,503,682,395,470,554,562,522,592,371,468,475,390,555,642,661,1025,571,801,485,468,445,462,453,526,514,433,487,438,817,482,530,586,919,497,899,662,506,713,398,479,521,544,510,509,355,515,825,548,767,575,593,963,545,703,500,507,487,485,467,438,463,1118,440,410,467
1964,7,900,1391,1331,763,1086,909,865,855,727,738,1628,798,625,1081,1331,727,716,1069,738,800,620,1442,911,1220,1271,1551,724,1185,713,1039,911,1151,1371,752,796,910,722,1136,811,944,1394,1247,766,1105,857,845,950,719,782,1013,606,1295,1416,865,715,1106,893,707,603,1530,673,1149,1040,1365,632,1316,698,1270,942,525,827,841,742,952,614,783,1306,1325,716,1176,777,874,827,773,795,866,612,1490,1339,879,707,1139,788,874,580,1137,762,1306,1242,1723,713,963,769,1296,866,503,1235,1288,823,915,740,800
1964,8,1105,927,1064,1053,808,945,1324,875,931,929,1543,1142,673,1576,1046,2557,1048,1583,2534,681,694,594,719,865,1675,2056,593,721,1098,1596,997,1036,1239,955,834,2120,824,1056,2003,1378,1011,1089,1104,777,894,1785,948,981,1019,940,639,1380,948,1604,1047,1515,1791,1048,782,652,892,805,1810,2407,609,580,1255,1303,900,524,808,2095,739,1470,535,1166,983,966,1059,821,1038,1488,893,895,886,1073,645,1212,1242,1673,975,1560,2153,705,695,747,803,840,1627,2090,558,1068,1057,1555,1091,556,1291,1328,983,1701,805,2090
1964,9,880,512,1204,1111,847,763,2256,1482,964,1039,1468,569,894,996,840,482,627,1604,1465,448,533,769,430,856,1202,1109,417,405,718,1077,1045,1067,4122,747,388,1701,817,1053,905,699,433,1153,1082,729,613,2335,931,1111,1054,907,600,1067,955,539,799,1758,1726,476,558,856,442,1028,1366,1193,430,442,802,1462,1461,1560,393,1644,742,1019,658,718,502,1138,1235,689,573,2207,1118,990,902,998,944,1052,871,591,839,2159,1564,535,625,706,472,768,1408,1325,432,461,931,1139,1565,1306,997,3853,761,2409,675,1020
1964,10,1394,383,521,587,788,2266,1028,526,1046,1025,1140,1262,645,583,1217,658,403,829,1116,374,732,596,2144,1268,1176,1091,950,872,414,2134,669,660,2054,1306,657,583,1122,1110,1026,1232,385,473,498,776,2257,824,432,719,1266,486,1101,454,1256,705,408,829,1146,372,655,505,2922,1344,539,1397,899,620,383,2518,411,646,855,1125,1218,1216,525,841,378,482,499,769,2693,856,438,783,1352,489,803,410,1200,776,441,705,1239,368,523,958,1216,1446,1165,1385,1237,684,402,2219,484,607,703,1928,1257,725,1819,854
1964,11,569,370,648,639,505,500,924,505,807,819,693,683,1370,1540,2381,540,720,608,1025,365,1478,953,954,670,914,1249,951,508,921,1094,591,469,739,1398,2051,917,912,923,823,809,367,576,875,619,497,723,537,673,584,369,1026,1491,1964,1800,1059,458,793,368,1246,760,595,969,1146,719,1426,503,1025,1070,550,480,983,596,835,973,372,1031,373,582,898,607,601,1032,538,1057,576,371,1066,1578,1261,1056,799,659,600,369,1673,803,1759,1007,679,556,890,579,1001,653,610,438,434,680,1271,958,745,608
1964,12,1782,659,616,1738,562,899,664,1389,460,537,1459,413,2836,628,1189,6160,553,499,521,370,2569,1068,1337,830,908,514,883,676,1992,744,497,415,627,518,476,471,491,1352,923,1762,570,443,1563,502,1077,721,2001,498,546,395,2297,654,1188,3962,427,641,605,372,2368,1372,1349,603,1040,507,837,844,1533,659,496,502,1006,679,499,2269,476,1808,714,806,1209,571,780,600,1585,439,570,453,2099,596,1877,4855,723,512,866,360,2138,995,1290,578,858,619,669,549,1086,1255,470,439,405,563,565,532,582,1410
1965,1,797,668,1260,2570,424,1564,735,1876,432,1344,943,489,826,1535,700,1609,1033,860,869,398,2075,1508,1442,607,1248,539,913,1118,1159,694,1151,860,856,1862,1000,825,451,2330,1405,747,1188,1542,1957,416,971,1519,1467,415,1214,561,861,1293,724,2385,1289,741,862,456,1206,1148,1642,790,1033,567,1057,885,1150,739,1297,434,924,599,435,1474,926,711,1051,1467,2179,433,1419,1512,1572,445,1225,654,937,1538,669,3177,1167,985,591,413,1634,1615,1768,905,1282,492,1297,1137,1840,863,1260,426,935,865,1653,867,451,1055
1965,2,789,1296,2863,3726,853,1138,1886,956,431,1227,1147,487,1403,1360,899,2666,1420,1439,1391,379,1588,1651,2488,1653,1311,1097,1187,712,849,902,690,929,694,1061,806,2245,487,1561,1622,858,663,1736,3675,680,1981,758,858,409,1102,1598,1019,1304,748,2210,1636,1124,1295,413,2328,1337,1613,1371,1044,1277,947,1123,817,900,570,392,731,2700,482,1697,738,984,588,1640,4505,945,1258,936,1113,419,1134,1498,1344,1428,794,2280,1685,1114,1422,575,2217,1857,1589,1608,1053,1339,831,737,1119,806,603,379,760,711,1401,1901,491,1690
1965,3,740,553,2446,4841,729,1492,1072,1415,442,1742,696,544,858,1802,1627,2120,1138,1428,1496,1463,3323,1678,2154,1312,777,2295,864,543,982,715,542,866,801,1739,1225,2140,1793,4563,3638,689,502,3943,4421,976,1653,1097,1314,424,1392,2369,803,2820,1223,2709,1080,1373,1527,1507,2559,2127,2345,1121,858,1150,765,530,1013,608,534,592,954,2317,1355,2775,803,705,551,3814,3239,727,1328,1195,1659,439,1867,2415,836,1843,1085,1943,921,1253,1853,923,3530,1382,2557,1304,772,2250,852,499,889,721,536,717,1045,800,1442,2249,2388,3937
1965,4,1900,435,1956,2437,587,888,869,963,395,1424,1510,618,707,2051,676,2221,683,2605,1535,509,2205,1131,1077,776,581,980,629,452,939,557,474,582,695,2671,1116,1263,635,1738,2701,1756,434,1672,2650,634,1201,736,913,381,1146,1659,705,1371,836,1694,725,2488,1956,591,3276,1063,990,1013,580,1795,716,449,882,525,514,440,1012,1395,787,2411,653,1140,445,1615,2756,590,971,795,948,393,1008,1460,736,1599,1055,1345,711,3068,1363,618,1963,1202,1112,1088,553,932,668,425,1125,563,495,410,536,634,1861,1577,579,5024
1965,5,633,417,993,1417,550,5188,500,763,379,625,920,396,540,1152,521,1368,571,1268,1138,474,1571,1083,749,533,526,494,461,1433,797,465,509,457,529,7164,737,707,436,1512,3086,702,430,1066,1436,544,4592,532,660,370,662,905,529,1050,507,1310,616,912,939,477,1839,971,662,522,534,513,524,2674,618,491,559,464,668,729,420,1180,421,802,445,937,1474,577,1238,524,686,378,669,1087,513,862,527,974,557,1271,1123,464,1805,978,662,539,513,510,465,2613,719,468,582,453,454,564,7749,735,444,2328
1965,6,475,517,547,748,609,809,687,508,451,431,447,393,581,458,442,623,599,550,569,456,1247,638,795,561,446,560,668,1568,483,455,475,386,569,1662,525,492,502,561,1155,504,523,733,682,658,1147,744,672,447,425,598,486,495,461,570,1028,646,545,458,1251,628,667,560,419,695,585,1087,467,449,441,410,496,504,447,649,378,495,544,732,648,788,4282,823,916,462,428,622,523,444,486,512,865,642,505,461,1057,658,691,539,453,739,546,648,450,451,530,421,385,679,1211,497,475,1086
1965,7,793,793,641,915,607,1995,1825,742,1289,541,575,589,724,875,1003,1269,1355,1127,566,952,2193,580,980,817,695,866,874,1109,644,597,1042,577,960,1165,1042,620,716,1037,599,728,796,615,969,525,1815,1501,602,1003,549,1131,806,817,1130,1319,996,973,543,970,1486,692,1604,880,783,637,962,993,636,506,1098,1139,1250,634,904,1017,619,740,790,552,949,551,1416,1455,633,1287,562,993,740,779,1089,1217,996,1016,574,942,1500,613,1392,928,713,717,1137,1099,618,492,1199,1264,520,1028,1406,668,770,604
1965,8,772,894,883,1439,1253,1177,1343,730,795,1533,677,1180,833,711,1267,1167,865,762,1323,1068,911,1053,1915,1050,789,831,1522,774,610,1070,559,817,1381,1578,1814,742,1294,625,524,779,935,825,1161,1489,1122,1332,718,992,1436,1911,760,838,1230,1111,884,936,1243,874,1307,878,1338,1010,682,785,1268,914,583,1205,584,1070,1369,704,1178,671,1103,862,782,1039,1377,1365,1137,1652,787,726,1265,1701,712,891,1090,1162,944,831,1153,977,1227,1297,1548,822,784,730,1063,915,629,1044,708,958,919,1207,1397,654,1235,506
1965,9,848,506,649,622,1689,594,996,681,1538,729,446,547,694,2194,421,1217,1359,546,1038,1495,826,1200,1237,750,613,970,3251,800,557,553,1951,1667,1126,854,1339,1296,983,800,635,985,535,603,915,1403,669,1042,657,1496,958,699,848,2158,435,948,1620,454,1256,1924,806,1160,1588,713,573,765,4287,1054,657,548,3292,1812,903,1299,812,1007,1221,995,584,647,848,1979,701,1046,635,1751,756,963,654,1996,529,1199,1365,474,944,2328,1330,900,1098,723,498,908,4601,740,586,530,2364,1122,2173,1042,1116,1062,872,694
1965,10,729,501,1336,533,1319,691,715,1279,1600,667,1217,690,578,516,6904,657,1059,2448,486,1370,713,398,1701,9687,2871,392,2937,849,751,508,1553,678,521,483,689,981,384,593,1141,1118,411,826,615,1421,668,564,805,892,652,646,433,901,8148,820,1146,1696,515,919,1457,402,1219,6130,1488,523,2510,941,811,482,1001,1379,1188,1144,475,666,695,1023,392,1079,572,965,549,770,2084,1223,523,440,513,1153,8640,554,1156,2799,632,869,1594,607,1573,1166,1467,373,2975,1099,783,383,927,1543,497,613,454,900,382,1490
1965,11,1271,492,828,428,2424,545,529,1190,471,615,499,440,539,913,1151,690,900,2293,483,441,1935,558,499,666,733,445,759,993,983,446,534,430,1718,468,1394,1671,768,634,1285,684,513,956,403,3312,524,640,1857,1382,721,738,530,942,1006,488,751,2770,476,425,1306,685,502,714,1641,442,1938,946,783,811,938,1386,970,2398,759,727,397,469,480,557,424,2424,527,468,594,929,693,672,606,1100,1032,430,755,1230,609,483,1076,734,568,8112,1810,462,1124,941,824,807,1072,1234,456,862,447,1222,419,963
1965,12,1238,487,1808,948,3210,473,690,1166,579,1638,663,968,1286,715,727,1680,580,1431,1271,530,903,2232,1261,810,806,2295,917,826,1029,1675,2024,670,1163,3907,1080,1447,803,1356,3142,906,562,1859,984,2117,485,831,1102,809,1402,500,970,731,588,1349,550,1067,1439,484,728,2322,1145,886,719,1470,725,1070,1671,1512,1190,580,1179,1348,792,1226,481,1343,468,1959,669,1825,537,580,1137,669,1325,540,1293,804,654,1503,523,1865,1073,516,593,2516,1458,935,597,2323,669,826,1428,1238,1253,504,748,1717,3648,2707,1167,2502
1966,1,566,1345,691,764,1158,1054,475,845,738,678,929,1613,3137,506,917,873,1802,822,1716,909,691,889,1110,1778,645,859,1084,1042,1590,757,816,1869,1248,1478,1200,1803,2874,786,1069,673,1679,756,811,1241,750,473,995,534,679,1196,2890,779,931,1364,1469,880,1447,1238,660,1050,1082,1890,551,1716,1053,769,705,972,1044,489,1464,1591,2503,819,543,603,1586,744,1205,1318,938,485,678,774,744,1069,3124,696,1080,1008,1587,1002,2074,2030,640,1055,1305,1912,527,857,852,1110,632,1409,932,490,1881,1008,1411,1598,1905,1336
1966,2,534,1122,1302,1336,3450,760,875,891,827,753,2612,1762,2417,1579,964,831,2450,1093,965,2022,1337,1511,1060,1541,685,921,1717,705,1155,892,736,807,1280,2432,843,1232,1725,839,1091,632,975,1174,1993,3696,1058,898,1105,1522,717,796,1657,1036,711,859,1700,1009,1140,2151,1490,1033,1395,1771,594,1018,1192,726,1185,890,664,1019,882,1468,1649,760,988,631,747,1103,1201,2933,987,1082,1098,1147,833,880,2628,1501,745,728,1792,1262,1400,1304,881,830,1060,1805,586,936,1623,637,1139,732,649,1432,752,1303,2012,1456,1912,831
1966,3,868,2659,1092,1628,3559,1001,936,1775,733,611,1968,927,2684,871,769,1988,2838,1716,1451,1253,852,1730,830,4037,970,712,4303,2048,900,1619,814,732,1399,3740,2180,1427,1020,720,852,517,2063,920,1134,3490,1054,972,1862,900,609,1053,2893,1107,786,1812,2622,1480,1355,849,910,1984,715,4366,982,725,2956,2610,776,1156,756,1641,1660,1515,1212,866,804,558,3194,1162,1706,3962,611,984,1827,766,602,839,2099,1028,722,1659,2508,1509,1561,788,1085,1327,801,4713,907,863,3428,2449,719,1550,636,1017,942,1753,3698,1758,1407,1028
1966,4,467,1657,691,753,1650,1496,578,942,597,471,1225,721,2110,1187,778,1078,1978,1028,1093,702,565,1106,781,3219,1376,1077,2013,1240,576,824,665,631,1288,3588,1206,949,840,541,639,557,1852,679,784,1602,1432,540,890,644,467,1551,2489,1498,809,976,2047,1143,1736,738,621,1186,712,3605,1246,1008,2756,1036,578,1109,580,657,1357,985,836,548,1164,567,1200,680,789,2145,1217,564,833,685,452,1866,2216,1245,706,1015,1912,1133,1565,653,644,1802,691,3203,1019,866,2143,1610,560,858,631,581,560,1490,2455,1184,850,624
1966,5,414,892,736,506,3450,638,581,541,446,458,922,516,3128,870,511,824,1233,753,1030,541,649,794,502,964,816,622,706,719,492,621,498,433,1451,1898,588,712,597,495,490,407,698,654,628,5682,649,572,533,471,452,1140,5465,801,490,747,1169,815,1067,549,563,814,487,1062,932,679,833,656,437,597,468,637,750,642,704,482,890,411,827,609,559,2903,693,713,527,483,460,856,3837,1008,555,942,1196,739,957,511,630,823,506,1444,949,855,701,673,476,568,459,682,444,991,2681,880,679,492
1966,6,918,550,440,528,2045,466,557,463,515,450,823,423,2146,447,580,538,672,501,709,457,518,473,759,534,449,499,549,579,441,521,420,551,575,852,443,662,533,400,419,1068,645,429,438,1336,428,564,452,473,436,621,1198,501,536,615,635,500,637,438,499,467,726,539,473,420,559,569,456,511,410,541,453,716,476,404,750,872,521,465,499,2203,442,577,436,583,441,518,1542,505,644,442,771,519,681,452,525,475,896,553,498,415,548,652,438,520,411,475,468,519,1075,805,586,419
1966,7,1698,775,780,853,1086,957,1090,763,774,921,831,1268,1487,1495,996,1086,1474,667,689,1336,759,670,533,924,1058,501,963,913,846,939,667,743,531,898,805,1739,1224,716,1015,1618,770,720,1014,1053,1035,1068,752,891,881,916,1264,2008,1239,996,1100,844,706,1632,775,722,557,806,1052,456,937,1042,927,1001,680,1213,858,1163,1276,742,1538,2108,846,863,913,1242,961,1037,729,1016,748,946,1462,1325,1048,920,1407,744,681,1682,937,734,578,883,1147,546,942,859,842,906,619,1184,711,501,885,1580,1219,979
1966,8,1374,1249,1097,1624,949,1183,1144,2074,1907,987,1684,1258,1249,2805,963,835,1294,1064,872,1520,1143,1301,691,1422,1035,1179,529,703,904,970,802,1196,612,1051,718,2033,843,1316,1686,1460,1331,1170,1663,943,1154,1395,1611,1271,972,2223,1121,2081,857,828,2029,1104,884,1471,1604,1172,662,1447,1362,1010,591,877,980,835,898,1816,783,2734,945,1027,2784,1293,1387,1023,1348,783,806,1392,1445,1303,1253,1766,1259,2540,818,1105,1309,1311,828,1339,873,1211,723,1325,1139,1116,545,889,1021,1003,947,1437,1005,607,1077,1651,1048,1841
1966,9,2954,946,984,969,1075,1267,1188,533,754,422,1495,1208,550,1517,1730,697,1476,976,737,922,560,1325,2309,1318,1413,1391,502,715,589,1438,712,1310,2572,682,439,1435,1217,512,2131,3295,1135,879,1037,593,1485,1264,725,1250,561,1186,572,2332,1199,681,1447,734,548,884,593,1042,2212,1784,1660,1414,507,810,417,1887,543,1819,397,1279,1065,578,514,2758,998,698,1260,1232,1402,1235,777,1259,609,1499,513,1669,1136,540,1713,609,668,900,716,1353,1693,1938,1681,1223,560,817,508,1460,538,2598,1505,1599,731,1675,1038,1305
1966,10,605,520,388,464,935,820,821,1166,846,1958,1320,722,725,3730,565,375,686,387,411,1226,3834,1186,1075,1637,480,1323,601,525,373,1518,941,1485,452,400,601,1179,1331,521,514,491,572,387,572,1224,530,752,1392,745,1318,866,746,4126,830,370,515,436,397,1654,3255,1132,828,1677,490,1036,706,386,377,1506,662,1354,529,716,2033,541,1211,873,590,396,491,886,482,849,1229,1046,1278,865,955,4323,619,429,461,417,406,1255,5025,784,2112,558,540,2453,774,378,374,811,777,766,2037,1098,423,1041,2280,471
1966,11,653,603,597,488,807,505,790,527,637,684,1097,672,577,1793,402,500,588,944,402,1537,2243,775,738,521,510,957,599,622,645,903,734,721,1072,513,403,499,965,1038,410,660,711,711,541,969,1149,772,661,1293,1379,869,525,1768,416,485,583,988,439,1096,1312,848,757,587,733,2353,583,664,640,1140,928,513,603,696,456,952,672,712,747,435,513,893,1122,636,845,914,800,954,488,1097,408,480,629,789,552,1516,874,1255,575,1592,450,632,384,627,571,2062,894,782,644,1065,528,598,560,402
1966,12,841,809,2538,1116,2593,1273,509,1525,676,476,580,529,909,2491,851,742,851,1731,876,1155,1813,896,735,2130,1179,487,396,1450,2288,845,560,1335,687,466,626,1049,998,946,2477,1080,749,1513,1370,2108,584,718,2019,601,469,563,951,3118,731,1082,846,2689,1097,1031,2084,867,617,2369,1047,553,405,1191,2640,666,622,844,374,651,881,1208,1036,1072,616,2473,1290,3779,587,697,1922,555,467,474,1144,2603,703,636,843,2034,826,819,2250,1063,865,2607,1392,501,383,1334,2692,764,478,817,1331,850,625,689,1354,2060
1967,1,656,1310,797,1394,1990,880,1068,1196,840,1141,920,1204,880,2408,1005,643,542,3042,1265,649,1955,859,479,1181,1043,481,1137,1457,1285,739,1469,972,1649,605,781,508,951,1874,755,615,1394,1653,1056,2968,989,1566,896,908,1951,697,930,4327,1220,402,528,1891,915,692,2468,644,557,1573,931,537,1176,1830,1556,984,1517,727,997,468,853,1989,729,615,1277,1000,1268,1233,817,1397,1017,929,1583,688,737,2872,1262,734,484,3527,834,881,1959,839,505,1176,1825,495,1038,1687,1973,901,1769,686,1176,908,563,473,833,757
1967,2,1161,1214,1076,1089,1046,2287,1761,1294,1638,1562,1234,1384,1872,7048,943,528,1287,2737,868,694,2740,748,461,1687,2229,463,561,2049,2423,877,1477,763,1057,467,851,882,972,1397,1055,1367,972,1280,1177,1021,2279,1394,1797,1628,782,654,1113,5695,1069,638,844,1881,1105,789,3269,723,456,1230,2461,511,652,1694,2108,887,1121,1265,848,733,1649,1523,1404,1041,1223,1083,1130,972,1665,1061,1287,1801,1146,622,2175,5021,752,509,1284,1883,1022,687,4718,713,469,1650,910,479,750,1526,1082,842,1001,548,825,1906,453,744,1557,1130
1967,3,2392,1414,1500,814,1141,3420,1415,1120,1149,665,1656,1102,1256,5225,677,431,2089,1755,690,640,3736,502,632,3493,1116,514,503,4622,2855,786,691,838,1740,550,590,1182,2183,3089,1521,3358,1524,1427,809,1172,3160,1997,1353,1287,669,521,1677,5130,765,430,1825,1883,542,660,3958,635,577,3476,1474,607,533,5525,2366,971,790,1183,550,1355,1788,2872,696,3426,1494,1729,839,1211,3756,1910,1496,1183,669,520,1184,5543,771,570,1558,2331,477,734,2777,515,681,2542,1259,612,494,5618,2619,811,737,1842,1048,2034,672,1513,1984,1448
1967,4,2904,883,1143,628,777,1930,1809,878,737,545,622,969,702,2426,651,508,1083,1646,590,554,2496,600,543,2571,825,461,531,2606,1692,535,661,708,1104,485,492,737,1143,1297,829,1994,905,1057,597,816,1555,1713,847,675,613,456,649,2653,704,567,1520,2492,514,487,1518,549,676,2637,844,534,439,2608,1590,543,681,835,563,600,1220,1435,568,1970,772,1056,566,953,1708,2090,951,868,560,446,653,2975,664,586,1045,2041,485,479,1235,613,600,3054,841,506,505,2287,1489,569,595,784,686,1373,440,572,1134,960
1967,5,989,724,873,633,608,1235,1127,612,514,487,478,602,584,1163,464,428,596,1073,564,463,1063,451,441,1593,556,428,387,1667,990,451,490,883,1028,541,450,459,966,1000,589,1041,601,1053,645,556,894,1081,570,548,534,404,564,940,485,395,563,1236,738,451,962,446,442,1319,517,433,394,1497,952,482,490,971,435,444,781,1058,964,1166,639,902,642,707,1075,958,687,520,521,404,606,1198,474,391,605,1109,669,446,933,459,474,1414,538,416,395,1555,887,460,454,941,976,1034,526,444,912,558
1967,6,579,448,566,407,500,679,496,502,408,439,447,509,465,665,492,402,475,566,626,418,754,451,514,629,516,380,406,958,492,484,435,552,745,419,439,413,656,515,435,553,569,476,406,694,774,470,490,423,416,402,438,641,457,401,478,663,640,475,723,500,524,652,499,388,394,871,482,502,431,655,395,399,471,573,557,596,442,540,413,802,936,552,516,430,416,441,441,694,475,394,460,719,542,423,679,654,494,659,456,389,396,1062,510,518,452,570,468,731,443,400,580,448
1967,7,660,1004,935,616,1142,1181,572,780,502,835,919,1119,1191,694,645,697,984,830,829,867,1075,1053,673,556,837,911,747,2402,598,539,819,902,1197,903,782,659,1766,997,700,680,1024,982,643,848,1060,598,852,499,775,1087,1018,694,707,673,1034,752,696,860,1497,1036,714,560,864,953,735,2173,573,490,827,1081,925,721,1561,944,783,598,1049,959,614,1041,1039,561,876,487,857,942,1104,650,749,677,1053,694,730,1017,1396,818,744,571,895,864,773,2165,553,451,844,1027,920,1228,809,723,1635,754
1967,8,725,1654,1312,671,488,1145,804,706,606,784,2749,912,538,721,1104,1089,1157,925,705,1432,1349,1107,878,516,1068,765,1141,1804,839,589,737,1014,896,864,928,1377,1536,851,884,679,1607,1211,700,634,1108,792,675,517,789,1165,659,790,1050,1041,887,928,730,2280,980,1068,808,501,1183,768,1742,1412,711,788,736,1231,885,1915,1719,911,1627,734,1484,1374,704,618,891,713,758,538,734,1436,678,709,1025,961,822,786,934,2001,1078,1021,759,473,922,936,1005,1730,824,646,683,937,842,707,892,1182,1441,868
1967,9,2614,2634,1431,596,1254,2271,813,1750,530,409,1707,883,546,795,585,1493,411,703,937,1390,1088,465,2168,617,723,2222,630,878,633,450,1240,437,1469,668,830,1515,1253,774,855,2404,3066,1218,672,1532,2383,781,2537,466,417,1659,588,1378,1046,1644,407,528,1011,1034,1528,504,2748,632,1019,2695,594,960,781,403,1437,1204,823,1261,1094,779,1830,2733,3037,1089,600,1406,3702,826,2373,481,421,1556,688,1209,1062,1346,517,528,805,1585,1228,628,2470,702,1563,1970,793,1016,780,463,722,1287,544,2011,615,1825,1210,851
1967,10,736,1447,1041,570,502,1576,556,1681,491,618,1327,561,577,2076,1742,1328,398,395,2381,607,2989,676,1165,415,1385,1859,943,500,1505,1900,1455,994,500,1240,905,464,483,624,566,630,812,768,606,441,1449,545,1214,461,496,922,564,1321,1073,854,373,400,3157,1398,2040,674,526,483,1090,2284,660,580,1048,2761,1322,761,1185,901,419,1400,713,749,1268,721,452,397,1099,521,667,478,633,613,510,1533,1770,1125,398,412,2482,971,2634,596,584,471,954,2540,627,575,1178,1262,2329,925,588,761,1573,427,464,445
1967,11,869,581,975,465,560,916,558,585,2377,797,2039,2014,374,975,467,585,757,515,1146,1469,666,806,455,482,919,808,423,493,521,1077,2119,411,1081,382,875,843,404,1358,560,1003,706,1346,540,461,965,532,443,2262,1013,706,370,1012,691,483,790,437,1156,649,815,774,428,430,877,676,428,623,589,757,1089,813,681,639,435,633,684,717,583,1787,633,486,927,557,988,2056,740,574,388,1099,480,692,757,500,707,584,609,800,431,452,773,913,568,651,588,2086,2156,655,882,499,402,961,407,528
1967,12,3189,729,1959,415,1175,1642,550,895,1724,383,1082,634,424,1640,535,1612,837,1401,1149,551,549,599,447,401,713,2530,430,473,718,5469,533,1145,1225,4485,2298,833,698,514,717,1817,600,1590,401,1134,1128,556,1086,1942,393,520,439,2696,646,1584,770,1288,829,527,528,531,414,450,648,1846,428,552,708,5322,1124,1339,2599,982,733,655,1094,3286,762,1577,486,1486,1307,502,1270,2692,386,563,406,2445,522,1618,801,1219,1217,784,529,467,411,404,755,1905,423,507,599,3604,559,1288,1088,1688,4148,839,582,502
1968,1,997,1093,1165,693,1314,1312,537,1667,1831,914,1314,926,1139,2423,1610,1566,985,1143,2151,520,549,1403,700,538,870,1120,487,1427,476,4631,941,910,2586,2101,1244,1384,475,662,812,2706,944,1586,766,1449,983,844,980,1199,897,1454,752,928,983,1641,1770,962,1938,703,555,1776,806,491,692,1423,589,1783,507,5732,765,1128,1433,1485,458,577,1109,1431,897,1960,700,1551,923,866,1526,1262,778,1451,1091,1393,1093,1482,1425,730,2229,668,539,1984,861,487,902,1295,678,1305,583,4941,816,1073,1182,2035,2308,1919,640,1072
1968,2,1506,779,2684,416,1248,1256,951,846,1821,1099,2202,779,642,1034,1439,1621,2183,1146,1392,1266,586,2260,1731,1215,1094,1596,758,2496,703,12512,1454,1351,1082,1888,1063,1015,435,507,997,1144,837,1407,410,1051,1306,691,1286,2403,1162,1898,949,760,2316,1264,1355,1881,1441,898,594,1702,1849,1479,1562,1682,471,1300,738,8247,1400,1270,1004,1611,431,614,787,1100,830,2412,455,1157,1564,578,843,2841,1150,1971,665,843,2191,1572,1451,2536,1054,1234,546,1751,1585,1217,919,1963,807,1569,683,7040,1242,2278,829,1528,2055,1073,443,743
1968,3,895,2013,2220,971,1849,1527,682,3410,1525,1718,1670,581,906,1158,1453,1019,2230,1374,1618,1697,502,1412,1023,428,1405,1242,608,2435,1166,13114,910,1419,1064,1795,967,1264,1035,908,588,842,2300,3437,662,1985,1239,844,3538,1346,958,1392,1108,1106,1316,867,2587,1043,2859,1584,483,1434,945,450,1525,1051,738,3482,1813,15737,877,1939,897,871,1479,793,651,845,2198,2032,771,2507,1321,851,2339,1299,979,1358,931,1317,1238,991,2312,938,3682,1460,485,1632,983,450,1713,1036,457,3041,1797,9256,1010,1129,1754,907,2001,970,1064,668
1968,4,1961,1371,1839,450,1308,1054,664,3727,1043,924,1204,649,528,925,816,807,1235,979,3417,1232,831,1915,699,404,1263,669,404,1872,696,7928,621,1498,719,1716,986,826,1587,851,566,1004,1307,1567,803,1266,1032,457,4391,926,1702,1648,555,808,843,886,1221,771,2181,1000,1028,1454,609,420,782,701,403,2524,585,8998,623,1123,910,671,1169,705,517,1613,1168,1344,592,1100,1344,482,4069,971,1661,1304,565,778,986,1072,1279,773,1876,1385,900,1331,576,406,948,679,410,3820,583,14000,658,827,1941,716,1498,706,1244,556
1968,5,920,919,1169,386,813,814,399,1516,934,525,773,846,425,637,689,628,699,809,895,672,548,976,467,455,670,588,645,1385,456,3702,541,2989,529,911,948,580,3495,431,409,880,1015,1069,409,814,862,409,1499,936,557,1145,418,552,640,575,678,650,664,856,575,1018,452,439,682,628,425,1363,469,2955,537,616,799,546,3058,442,445,902,859,869,387,861,826,393,1917,901,542,1008,437,506,665,639,782,693,855,631,544,947,442,474,630,562,694,1247,453,4765,514,614,4852,488,986,543,2692,405
1968,6,494,487,535,381,440,798,399,548,453,443,570,454,382,579,452,445,542,472,519,626,537,564,572,411,558,476,363,541,454,1723,490,1243,437,605,624,444,649,392,426,453,558,512,420,447,860,397,571,471,458,583,414,507,435,455,535,464,491,554,489,620,597,458,440,511,687,606,689,1685,488,710,756,469,1100,387,479,492,808,489,423,452,624,393,577,475,433,591,385,453,452,446,542,558,499,657,514,601,572,422,581,543,364,551,546,1599,501,634,668,444,526,440,2209,406
1968,7,697,730,623,722,1253,1289,591,642,689,1320,1665,767,616,773,865,571,642,1040,749,773,815,604,828,639,862,1112,912,960,1184,757,1011,853,924,967,1111,973,1476,894,935,683,706,620,721,1197,1188,651,639,736,1499,795,819,738,1038,596,639,911,645,644,746,667,804,603,782,1173,866,890,1042,761,882,687,1255,921,1064,919,806,651,805,679,752,1205,1384,605,689,695,1677,846,804,729,931,613,645,998,716,847,814,635,812,627,840,1438,805,734,1158,655,893,670,882,965,935,1046,797,900
1968,8,890,717,1143,723,1085,826,1604,755,699,2036,1224,763,1151,932,1687,763,610,884,738,1280,854,641,854,1440,948,1186,1532,943,2420,1514,1250,712,1550,1166,896,775,962,2865,1157,861,715,1003,663,1578,841,1017,790,662,1931,819,962,1282,1213,693,639,911,700,1173,767,605,948,1542,1064,863,1743,944,2630,1315,1179,990,806,656,1005,1674,854,842,591,1005,669,1391,878,977,876,649,2046,830,969,1147,1066,725,647,639,710,1324,827,592,695,1473,889,846,1902,1318,2057,1319,1060,1060,751,1385,1522,831,1039,981
1968,9,1409,518,938,505,3025,530,685,924,400,837,1294,969,3747,493,1049,388,841,671,427,659,1985,482,884,1274,458,832,674,968,1153,3058,1093,910,2018,638,558,1297,950,1566,1079,923,584,1384,628,2125,476,1478,1056,413,821,1054,2193,436,1262,408,859,923,415,590,1387,505,1082,1452,456,811,714,809,2173,2479,1365,1183,564,1429,1005,1782,1226,1289,548,1048,520,3267,483,766,820,416,755,1413,2327,518,1422,428,655,755,458,443,1221,494,1229,1308,478,780,564,843,2499,2435,1694,1033,1037,1827,567,1628,1124,1024
1968,10,1916,412,385,658,476,666,2012,675,4478,440,1681,379,1345,887,1114,980,369,1043,569,408,1143,733,991,1432,429,594,1131,644,1751,1268,936,1694,696,571,540,612,543,483,1472,1900,376,403,826,1060,633,1378,983,4313,428,757,2373,1611,894,827,380,1464,552,397,1131,971,680,1900,526,588,1718,711,4364,1740,456,423,599,443,573,538,492,1574,377,567,800,489,862,2234,927,5626,424,475,1145,776,754,588,461,1570,448,452,1441,445,783,557,436,541,2017,626,2796,1795,951,425,1006,1289,577,527,577,1754
1968,11,1730,633,490,708,438,755,1523,904,1828,434,481,444,2757,1189,1070,401,1170,2558,937,633,821,5549,605,1270,378,539,1393,385,4195,923,883,1179,593,747,533,428,968,1422,591,1203,643,517,714,446,717,1031,963,2387,559,732,3316,601,754,527,1094,4343,995,679,897,2470,487,645,363,572,804,395,1149,1016,1495,442,500,416,893,2493,692,2430,610,495,488,449,693,1832,818,1392,421,783,2391,1551,859,860,1510,2145,870,654,751,2850,685,2121,364,502,558,385,1073,1675,1110,397,1956,454,654,424,614,660
1968,12,1996,610,1926,425,488,455,2190,733,4870,1419,879,399,1762,574,1851,574,480,2724,489,2740,717,535,1699,608,366,1971,564,391,967,1073,1912,2952,554,526,1476,480,480,613,487,3192,582,2802,424,456,406,2145,805,6506,1305,986,1387,550,1808,396,723,1866,481,2267,746,609,1290,627,385,2712,471,408,793,599,1739,570,1728,539,476,561,509,2275,496,2784,661,452,400,2127,695,5620,1310,1039,1162,577,1749,376,447,1871,518,1599,721,1113,1610,559,375,2316,451,393,888,662,1609,500,2818,517,527,550,579,493
1969,1,1924,865,2640,669,419,2204,1095,569,5220,1600,1119,837,2070,742,708,1202,512,1652,386,1244,590,700,906,499,617,1958,542,1125,1038,636,1534,2147,699,950,893,707,1539,867,443,2347,988,1367,638,436,2269,909,547,6587,1784,3114,1608,749,836,1301,452,1267,382,1145,566,687,1039,491,537,1112,491,1201,690,641,1486,679,695,761,1539,1024,472,2878,872,1224,511,435,2316,1235,542,5867,2279,5064,2050,671,700,1451,607,2786,377,2459,511,856,834,487,452,1660,521,1063,913,681,1693,893,1553,665,633,762,1450,465
1969,2,2858,897,1598,1053,414,1696,1503,601,4508,2495,984,530,2914,824,591,660,1146,1617,525,2049,868,1508,632,954,757,1393,1680,557,842,938,1985,3597,1103,534,820,561,1403,596,435,3294,725,1663,1045,422,1916,1209,713,4950,3042,3443,3201,553,557,781,931,1596,447,1788,1340,1711,740,855,1019,2280,1122,502,934,986,1894,3206,979,636,1001,564,408,3269,1102,1660,953,419,1819,1164,723,5335,2454,2169,2100,872,564,983,1183,1902,385,1467,984,1734,801,985,1173,1131,1328,500,697,990,1633,2393,1747,1277,856,549,1013,457
1969,3,3189,614,2273,1366,405,2372,1862,1767,4847,5106,1094,1561,2817,474,556,1346,466,3117,566,1956,964,1082,690,1616,1281,1222,850,598,1265,2129,1927,3252,1456,505,608,432,1626,498,456,3202,807,2414,1463,451,1997,1727,1674,2529,6135,3313,2687,617,528,1126,806,2257,545,2090,595,995,861,1970,833,1405,854,838,1093,2156,1893,1494,586,429,1493,510,389,2516,532,2468,1630,413,1875,1492,1232,3884,4909,2597,3875,481,545,796,508,2727,705,2134,716,1155,787,1635,813,1208,808,594,887,2958,1841,1512,4007,1785,510,416,1848,514
1969,4,2589,529,1137,679,403,1344,1137,747,1742,4738,1014,624,1744,430,504,643,587,1892,396,1128,589,615,710,913,667,856,1963,663,772,1462,1102,2045,1705,526,647,433,2078,701,406,2612,515,1104,709,393,1590,883,975,1428,4105,1604,1729,427,501,515,594,1890,387,1546,609,780,529,849,538,778,2280,548,733,1483,1070,774,873,439,1589,676,377,2279,581,1047,616,395,1698,1225,1037,1886,4670,2188,1853,440,518,618,522,1794,379,1241,539,876,561,869,621,815,2231,726,693,1334,1282,831,2594,1310,643,453,1826,411
1969,5,1504,408,781,671,374,806,616,617,1227,2432,573,624,742,409,566,1110,482,1229,380,2083,443,518,503,487,609,583,764,478,594,665,775,1572,914,418,467,439,1064,500,395,1540,404,603,744,379,1079,573,625,943,1871,1048,701,411,531,925,500,1145,371,2837,445,555,494,506,591,560,622,449,553,618,695,617,496,453,1272,533,398,1399,400,626,715,377,1139,675,588,1475,1533,1153,780,415,537,811,512,1206,380,3465,436,651,545,505,529,525,707,401,525,607,758,651,1681,1067,400,411,1002,390
1969,6,618,433,543,840,380,582,527,612,549,1025,500,666,553,484,421,587,376,663,430,3294,437,496,401,500,474,430,444,401,547,691,575,652,581,463,472,417,478,450,477,708,488,474,1087,377,728,459,512,682,726,713,551,531,446,463,383,575,428,2697,465,460,414,492,445,440,422,407,460,1222,555,503,451,405,464,505,583,674,522,577,575,390,678,523,490,551,1118,528,532,476,427,512,382,669,504,1620,443,501,405,494,419,436,433,390,509,663,578,514,756,786,460,464,499,639
1969,7,1022,879,928,827,731,818,1018,692,876,1025,696,650,1305,765,1496,1059,685,750,1067,1106,658,786,1107,558,954,835,502,622,1153,1088,909,699,818,797,955,625,938,715,1177,1049,815,910,877,700,745,846,660,850,1052,1513,1256,665,1539,1064,743,1144,817,874,707,1012,999,725,802,857,499,574,905,1185,1013,758,901,687,1006,801,1128,983,718,943,1224,752,804,715,631,861,1072,1406,1339,721,1621,1059,728,974,836,1198,695,784,1133,702,942,823,483,608,1033,1362,1022,665,705,752,843,644,886,1035
1969,8,1466,1221,1060,1162,848,815,1491,1018,505,2300,738,625,785,1180,1070,760,789,814,1018,940,560,657,1313,931,868,1098,546,1428,1878,1311,1064,1273,746,1032,897,800,1261,1023,2458,1242,1572,1159,1103,854,809,1703,940,558,2280,1804,866,1576,1026,703,843,1265,941,636,508,652,1712,759,1057,1113,573,1226,1812,1032,920,1656,1089,830,1052,1052,1669,1363,1186,1218,1117,701,751,1718,1012,502,2365,1632,655,1052,1161,892,833,992,1096,856,513,716,1339,713,935,1090,569,1373,1684,1229,894,2219,931,652,982,946,1117,2383
1969,9,402,1437,891,1100,371,2285,1152,726,1595,1566,1121,532,805,467,1360,767,1069,729,727,418,445,438,764,2193,413,699,1109,1346,1300,1618,1879,2506,445,673,1339,1037,569,2238,1584,442,1041,1122,1439,364,1889,1183,681,800,1480,2320,692,442,1261,868,990,584,787,447,445,415,572,2240,443,1049,857,941,1193,1476,1703,1208,1318,1005,817,3234,1095,437,1538,1068,1477,382,2584,1184,698,1985,1936,2336,759,544,868,895,826,609,697,466,441,398,683,2337,422,1028,896,2281,1285,1649,1479,1208,2452,428,686,886,744,1981
1969,10,379,461,2802,554,395,3551,563,1048,958,1459,1264,820,1297,601,1183,536,2997,423,428,596,974,1136,612,1008,763,674,2428,630,625,424,454,666,2563,466,3108,943,985,546,1283,376,445,2770,443,360,4730,549,1291,1632,1107,613,1410,601,498,410,2558,463,458,424,554,897,467,632,967,469,1919,1298,751,444,564,1358,3647,1338,623,583,941,378,420,1833,499,389,3385,713,1264,515,859,503,1221,712,1053,426,2845,450,601,516,715,1113,874,736,794,541,2009,501,670,425,692,1180,841,1657,486,1595,994,811
1969,11,396,640,1748,442,348,806,799,1530,464,904,866,389,1040,558,420,909,623,370,511,523,3352,1519,763,1138,575,547,626,500,485,414,516,691,605,359,992,653,1887,481,561,395,702,1391,501,410,805,728,1224,433,854,728,1125,531,1127,828,930,372,1069,857,3850,1667,910,940,392,767,1295,499,453,428,412,474,846,415,2615,660,1412,431,639,1822,446,349,718,841,932,421,583,664,539,440,798,893,637,371,1095,523,3196,1168,431,850,525,751,1556,517,486,423,467,525,664,1023,362,625,557,1035
1969,12,1787,1630,1061,1486,346,1136,982,572,1127,540,738,830,1302,3820,1808,853,596,451,1292,426,761,642,451,1250,1692,1927,2586,879,940,969,657,447,2631,431,2474,1576,659,2039,1614,1246,2226,1326,1830,350,1206,922,621,937,531,662,1321,4334,2993,894,822,478,558,391,1003,757,564,1253,1929,1794,3079,1241,786,807,743,612,3082,1237,614,1888,556,1333,2045,1133,2056,348,1088,864,641,958,927,751,1932,4113,3045,846,576,419,673,419,813,776,833,1318,1719,1423,2949,966,644,688,729,525,464,2192,410,1990,1782,1228
1970,1,1137,2805,1443,3044,849,1049,1078,657,1110,3951,1089,488,938,1186,3239,725,952,660,1715,1075,1493,565,959,2237,804,1221,1747,964,1230,444,581,547,1789,692,2163,2122,1614,3323,743,2289,2324,1360,2530,877,1293,992,625,1164,5199,803,952,1232,1633,806,995,718,1983,1246,1764,582,1029,1928,726,727,2000,754,1311,567,813,500,2416,1545,1570,2985,567,2808,2187,1517,2405,839,1181,1086,553,1602,5145,583,789,1415,2142,822,931,569,2117,944,1454,600,906,2355,731,1143,2136,693,1679,657,888,521,520,2174,768,1728,1602,1115
1970,2,2301,2005,1796,1763,693,2563,624,754,1009,4042,578,604,654,1080,5408,518,2871,1184,980,749,1577,831,438,2342,806,960,1422,737,542,952,1351,585,4333,387,2624,897,839,1906,1639,1137,2283,1447,1705,511,1806,573,1024,1006,3380,1170,669,1671,4276,463,3176,1304,971,853,1583,1034,447,1785,863,1797,1704,1057,534,1755,740,443,3185,1258,1023,1413,988,943,2114,1307,1737,679,1532,616,1372,554,3517,969,682,1277,5788,511,3307,1279,1450,760,2162,751,459,1467,791,1052,1753,1003,613,1422,848,432,521,3884,426,926,874,1223
1970,3,1206,1961,1479,3172,423,2004,556,951,804,3433,616,818,1032,1903,4464,479,2278,1461,983,571,2133,584,761,1208,2222,1043,1859,1300,655,2375,475,420,4600,1429,4077,997,806,1482,1636,1252,1981,1819,2748,500,2253,601,617,793,2988,1035,1518,1145,5752,474,3368,1435,1043,716,2147,569,800,1193,2833,1101,2048,1124,754,1639,541,668,3370,1039,867,2120,1124,1042,1973,2130,2868,441,2682,573,624,727,3550,1056,1292,1337,6714,519,2850,1365,920,589,1759,526,810,1114,2427,867,1887,1278,699,2307,569,539,430,4933,1085,923,820,2338
1970,4,913,1284,1260,1723,1166,1015,479,530,527,2639,482,439,917,948,3049,417,4316,600,2343,449,2047,445,471,783,1215,715,1713,1053,616,1593,486,494,1782,446,2456,705,852,1273,1094,922,1048,1081,2380,1011,1088,465,512,563,1795,790,916,1016,2773,413,3486,581,2240,474,2896,470,490,689,1451,723,1597,1079,580,1760,470,804,2325,853,792,1309,1108,761,1151,1413,2723,983,1127,476,507,547,2590,676,1025,1197,2825,418,4116,715,1658,416,1670,436,502,746,1540,710,1305,754,638,2109,538,1144,496,1894,554,875,761,1106
1970,5,768,1020,917,1290,567,704,908,439,431,1791,437,386,654,905,1734,396,1550,454,1829,490,1604,402,452,573,855,522,1039,819,417,1159,415,533,1404,608,1854,644,476,749,888,639,1065,730,1220,1057,645,902,433,427,1257,456,609,776,1630,409,2352,497,1592,608,1588,409,422,506,976,538,993,698,430,1918,428,508,1648,643,514,754,491,580,1025,773,969,621,744,789,428,418,1532,435,673,912,1528,411,1487,461,2152,543,1724,398,457,522,1031,518,896,872,425,1463,442,413,542,1285,525,731,587,640
1970,6,559,617,579,759,575,469,412,510,432,738,487,397,691,495,767,471,587,663,1041,438,593,407,400,463,516,432,487,732,416,1247,421,479,673,379,636,526,460,451,529,481,549,547,635,448,506,435,475,437,621,431,700,461,866,421,673,833,762,431,608,403,441,444,595,432,495,759,428,573,462,532,674,619,467,469,439,535,577,595,554,418,492,449,454,449,664,422,626,546,1007,471,676,544,865,401,631,405,421,466,491,425,479,1063,475,757,453,511,546,772,492,521,464,530
1970,7,1343,743,764,544,617,971,869,721,601,1156,668,1001,1621,1206,873,763,886,743,1028,603,728,792,1151,1372,1463,914,598,778,1029,753,943,964,889,717,769,1178,817,741,1047,1226,812,770,528,596,902,780,741,604,835,679,1826,963,1256,805,934,898,783,801,724,882,1153,1172,1739,957,576,833,1118,713,894,852,754,951,816,786,895,1419,809,784,523,603,931,826,752,621,1278,686,1919,1169,1056,667,842,1176,876,683,676,871,1077,1179,1164,951,612,793,924,670,883,814,838,907,748,1182,812,1076
1970,8,1110,832,819,681,905,1022,792,743,825,2030,929,1137,1171,924,1326,1181,1138,725,967,702,1498,1197,1194,1545,1647,799,1840,1262,830,765,1012,862,665,1180,1162,1357,836,1140,1316,1387,796,834,747,971,1355,821,748,712,3712,483,1085,1229,861,993,1145,867,834,708,1517,927,1349,1447,1701,1088,1723,1436,750,755,845,937,973,1378,800,1074,597,1093,684,846,751,1188,1027,1058,891,743,2776,495,1133,887,1103,1288,1059,860,843,694,1375,1399,1068,1485,2293,1108,1393,1383,1016,714,1041,841,877,746,2033,1527,805,1681
1970,9,1016,390,474,1232,870,1276,965,761,806,2040,3359,511,4295,1339,520,725,2718,395,1361,669,1699,2013,917,1139,1525,894,2060,1800,1105,461,397,1028,1925,3947,2006,411,1222,1182,1358,949,376,508,856,1196,1163,1103,913,563,1309,550,4298,1730,653,567,1439,470,1088,992,1296,2068,963,974,1593,1083,2124,1518,1190,480,563,818,1698,510,980,692,543,1111,381,425,949,878,1487,855,629,1040,1462,620,3508,1922,608,628,1807,394,1634,995,1467,1652,940,1023,1485,991,2777,1835,1085,476,478,692,1035,1536,3485,416,918,981
1970,10,1229,406,1503,1110,982,458,378,2644,560,499,1923,387,3853,1077,1414,416,1109,411,403,1120,1826,579,498,1340,802,713,1532,1549,967,574,406,1573,686,932,2132,1413,382,1720,2844,1119,429,1618,1976,1055,515,377,1938,926,786,429,2921,587,827,438,3025,405,423,736,1646,524,1067,1628,588,471,1418,3387,1179,685,408,1469,3105,2361,559,2341,798,1277,513,1417,2635,931,450,554,1865,607,542,360,3017,561,1248,415,1388,465,421,560,1601,941,1048,1303,712,669,1017,837,1063,617,398,1432,1425,927,1003,2395,536,1574
1970,11,571,467,1909,2368,1102,638,462,1320,556,963,1441,382,5037,715,488,396,681,436,401,380,599,858,1456,748,427,1259,989,3838,1136,562,381,897,640,1857,2892,1249,473,1109,735,1068,573,626,1011,1133,618,554,1199,526,1557,814,4118,1068,899,389,501,472,430,546,918,896,778,904,443,1051,615,1336,782,782,444,761,980,1049,409,769,2286,597,559,2446,600,832,641,401,1303,561,1564,752,3157,483,497,363,502,429,504,813,639,735,780,963,472,1457,1105,4330,1190,728,370,632,890,612,1776,1006,488,1517
1970,12,995,653,1831,716,871,597,1465,2132,842,1019,774,507,2240,1738,1120,1912,659,622,531,452,513,898,4167,667,650,933,1422,925,1069,2795,524,477,432,1264,3207,625,1645,851,529,1216,438,2274,538,747,679,1935,2508,1218,772,880,2284,1384,1317,2021,803,612,412,571,518,899,2914,738,577,793,2426,962,1100,3057,421,722,3278,619,1565,1166,699,917,410,942,857,712,587,2196,2084,1052,611,807,2592,1910,1040,2021,851,732,543,660,506,1283,3161,997,555,643,1582,1039,1264,2213,516,657,498,425,1054,762,2019,589
1971,1,578,1040,1765,1106,482,967,1126,1902,1096,927,942,805,1372,1161,1179,1554,1582,940,514,2357,625,1159,1572,859,1593,1621,1313,858,1762,1052,890,469,917,1069,3159,2191,484,1031,935,552,990,1764,989,530,778,1411,1542,1025,904,1387,1379,1137,744,1226,2023,857,476,2616,853,684,3363,808,1551,1579,1064,805,1627,1046,891,770,3746,2397,483,1207,1059,679,784,1838,1050,529,689,1177,1181,745,896,1561,1437,1015,1064,1429,2110,764,409,2440,906,997,1412,715,1105,1702,1110,837,1801,2072,991,1109,491,852,1191,2040,486,1174
1971,2,1113,650,2489,1797,894,1086,1622,1228,683,832,817,590,1210,1275,923,2194,1571,771,411,979,1375,625,1843,518,1859,2492,1986,1194,2582,2518,1630,711,490,1667,2792,1079,1613,937,1741,1165,580,1513,1807,828,1707,1414,1347,666,1038,1056,1339,1577,1225,1997,998,1303,422,826,839,1267,1682,557,1744,1791,1694,1220,1435,1798,1994,2369,3405,1201,1542,823,1174,1214,628,1713,1165,1188,1886,1566,1918,969,745,871,1189,1063,924,1378,998,1088,621,1116,1186,848,1852,600,1879,1699,2086,1270,1835,2061,1948,1585,793,465,2283,1513,1687,2123
1971,3,811,576,1595,3670,2512,1517,1981,912,645,675,1192,416,2119,1405,3913,1776,1067,1749,1197,1440,753,1360,3244,1640,1775,2135,1731,2798,1556,1688,2276,3003,945,1114,2542,3125,630,772,3874,779,868,2183,3701,2495,1009,2665,897,720,830,1040,1411,2379,4471,2249,892,1223,1046,1610,773,1359,3319,1707,1651,1758,2119,2085,1628,3105,1886,1462,3579,1282,796,802,937,882,588,1882,4634,3035,975,2583,872,766,814,957,1936,2255,3974,1679,897,1390,1123,2119,636,1227,3629,1852,2236,2610,2080,2914,1783,2398,2488,1375,3397,1614,1129,2843,829,3202
1971,4,799,634,1354,1954,1443,693,1555,654,761,679,829,506,1564,2197,1615,1609,854,631,448,972,595,1768,2502,986,1044,1213,847,1979,1383,1171,1771,1441,1329,1222,2299,982,563,613,1631,914,407,1428,1802,1366,621,1439,665,600,661,647,2598,1384,1739,1578,826,635,417,971,577,2367,2043,934,1053,1326,1136,2121,1529,1478,1888,948,3003,1954,619,660,709,820,453,1107,2145,1340,596,1870,697,596,799,726,1548,1403,2019,1771,762,636,438,1113,578,1957,2118,1090,1022,1194,1131,1569,1331,1217,1439,831,1574,643,1002,1271,756,2132
1971,5,485,471,873,946,528,472,910,493,473,504,524,515,667,913,794,960,669,445,614,692,462,873,1250,573,743,1011,616,602,785,919,1224,622,477,1236,1106,3821,591,633,1177,509,563,906,800,525,522,688,493,461,526,453,719,624,966,965,611,434,625,901,454,898,1261,647,706,962,911,631,966,1010,1343,3247,1625,2235,527,729,476,487,466,707,1021,546,523,1036,487,466,501,480,749,895,980,967,645,428,675,1053,472,848,1541,633,733,938,849,951,836,1063,1351,4470,632,469,1565,3205,539,1211
1971,6,685,438,606,508,480,508,494,465,436,433,490,383,500,477,512,447,617,395,605,491,504,527,942,535,522,540,506,485,502,675,703,722,416,588,616,877,393,445,505,937,554,597,497,495,505,465,446,509,433,665,642,477,541,458,767,419,420,497,438,533,826,519,476,537,525,562,609,610,870,1010,687,1737,451,449,418,675,505,629,497,497,537,486,453,501,423,510,502,472,511,478,575,411,418,646,484,582,766,478,507,544,510,539,625,616,925,588,539,463,507,890,487,550
1971,7,861,1284,840,1627,1080,760,804,1081,1123,1162,1101,912,930,729,881,638,815,600,1222,1235,1281,1012,1165,672,960,619,1264,933,916,824,887,1118,914,621,906,976,928,702,881,1079,1340,818,1391,986,741,672,1005,949,1073,920,857,688,990,862,736,626,1242,1485,1368,1016,950,578,1041,686,1270,948,830,792,1087,1090,776,879,916,707,945,839,1203,815,1648,1172,799,876,1038,922,1332,1131,918,815,849,841,689,665,1378,1498,1495,841,1542,572,883,693,1477,929,740,695,1017,1336,1200,847,687,1074,1001,854
1971,8,2787,1096,721,1306,1102,1790,1198,771,1040,1103,755,1102,902,923,1524,867,548,1117,1564,1547,2131,1020,797,903,1313,2522,3416,918,751,799,2025,1245,902,793,989,847,1980,2357,1720,1678,1163,904,1301,1128,1632,1631,846,1091,1393,909,838,882,1255,661,579,1144,1263,1184,2037,948,1021,984,1090,1627,2588,852,659,769,2055,1199,1250,1123,2253,1625,1094,2236,995,790,1158,1051,1288,1034,849,1181,1137,752,815,1126,1668,679,552,1028,1381,1029,1635,1238,768,1105,1282,2152,2176,998,889,856,1531,1288,1085,919,867,1044,1671,2144
1971,9,963,485,739,2361,930,590,1548,982,1021,884,1377,530,935,912,478,433,676,985,1140,584,673,389,1071,794,871,1220,876,954,1095,546,4932,1778,523,544,1117,701,1336,699,1959,931,491,920,2270,846,549,901,1080,1257,792,1021,937,860,724,402,544,1008,1511,540,754,443,1348,667,683,1785,1566,845,1181,530,3651,975,1197,590,1384,999,497,1074,487,803,3803,780,796,1141,717,990,828,896,1437,661,461,404,626,1095,1521,659,977,390,1193,673,697,1154,1656,643,1083,723,3106,881,2421,516,541,547,1220,1438
1971,10,501,389,7141,1161,7959,1206,615,2529,437,1511,1147,360,666,871,407,820,604,519,1103,795,500,455,8565,466,496,632,1828,559,1811,452,1027,983,377,2249,478,653,581,394,534,606,389,3204,1186,8016,811,1069,2496,391,886,1214,649,749,393,1144,647,450,1402,679,555,585,4432,521,463,444,1863,630,1963,524,1489,627,530,657,461,445,4791,447,383,10733,765,5756,738,933,3888,396,925,1135,634,889,404,1064,540,691,1345,826,505,507,5634,453,431,534,1705,973,1560,387,1237,519,963,362,6856,629,548,734
1971,11,588,646,860,905,802,450,911,951,581,417,3485,1214,605,950,537,865,420,1213,962,669,509,681,1023,602,444,573,477,771,1120,540,1467,5063,1439,3137,513,408,409,631,1000,590,632,4575,865,1015,651,578,807,465,501,885,913,482,479,460,609,1360,570,468,426,495,3403,625,444,786,505,443,1068,598,1123,410,461,383,578,685,1913,595,466,845,604,1564,731,560,885,610,576,499,907,884,541,820,596,1541,797,717,433,477,992,616,488,572,504,427,1188,662,977,404,5006,1094,833,387,435,860
1971,12,3347,512,1009,1187,1403,1617,722,528,373,653,1070,1595,1874,421,438,516,643,688,1234,426,1086,582,1246,707,771,1494,4425,1888,2380,2223,1632,1098,757,812,791,495,1079,472,612,2368,530,976,1611,1449,1944,942,524,522,785,550,1945,922,445,1033,446,559,1071,673,923,519,1195,736,976,1308,3473,1710,2680,1629,1994,1690,730,462,1622,603,1895,2790,668,789,1720,1207,1846,888,537,380,603,871,1546,412,411,483,422,479,1200,426,1104,652,1506,787,741,1306,2504,1375,2848,2552,1639,1051,929,1247,547,433,1774,682
1972,1,2140,625,2267,1177,954,1444,700,693,388,447,1913,1799,930,1160,525,580,597,867,794,802,713,1252,1388,778,1443,1011,3781,725,1484,975,1153,1242,910,617,435,389,1767,759,912,4147,537,2739,2388,1324,1441,815,698,391,492,659,903,1300,585,445,968,809,825,746,718,826,1920,649,999,845,2358,757,1332,2189,1096,2026,441,448,1102,711,3669,1905,686,2172,2579,1388,1547,952,663,388,460,629,1527,1411,665,479,1225,919,779,794,738,800,2105,703,1551,874,5565,870,1687,688,1120,2705,1008,486,538,431,962,1105
1972,2,3424,488,1982,3347,1872,1624,1846,2040,399,731,2011,1527,1345,1429,625,1118,2179,508,826,1096,1545,964,3549,524,606,637,1871,645,1543,1174,1396,1073,1407,616,439,705,656,1576,2372,2488,593,2218,2750,2133,1989,1335,1568,525,587,650,1214,1338,580,980,2093,532,940,1189,1537,1675,3177,565,935,651,3509,589,1507,1004,1637,2306,507,628,734,2565,19425,3858,483,1422,2946,2169,1320,1309,1773,670,817,964,778,1241,635,1035,1884,566,721,822,1613,1625,2830,497,1043,794,2555,619,1602,883,1418,1287,1173,1411,538,612,686,1671
1972,3,3149,392,1821,1824,1748,4677,782,1119,520,559,3294,2581,766,4336,853,1245,2047,550,947,1665,2130,1607,3308,792,640,1588,1104,1263,1270,1291,1451,769,1575,778,412,1485,650,769,1025,2704,401,1599,1459,1632,2804,787,1192,444,780,791,736,3968,723,1161,1252,495,754,1423,1703,1383,3298,1080,485,1123,1788,1023,1260,1461,1282,1725,405,1387,592,725,11869,2694,393,1163,1530,1768,4873,700,1390,372,499,662,763,4241,671,862,1395,484,988,1958,1537,1997,2477,985,528,1620,1188,1055,1128,1515,1317,1825,842,1793,706,1448,627,1015
1972,4,1799,372,1275,1056,999,3103,580,816,396,420,2191,1702,661,3446,501,588,962,530,628,894,745,1341,1379,519,598,775,832,582,880,842,789,706,1271,649,394,570,508,537,863,1603,373,1141,907,1179,3899,603,722,389,434,641,686,4370,585,719,775,524,643,877,769,1198,1458,477,537,854,1132,561,925,1189,777,1084,396,582,494,533,9669,2012,371,1071,836,926,3222,605,659,378,428,532,636,4159,652,848,723,658,626,693,850,1160,1399,488,679,673,961,602,866,1140,883,1291,743,1118,545,535,499,1032
1972,5,831,395,789,587,631,2165,447,512,357,390,1130,1006,513,1748,447,443,655,514,494,473,477,767,1035,679,543,614,936,551,703,939,558,549,611,481,432,426,491,419,700,913,395,709,613,660,2087,469,473,370,399,417,502,1852,440,456,723,484,515,495,531,817,974,543,498,559,933,532,723,701,543,945,418,426,443,445,3792,1352,387,677,619,567,2409,459,492,369,394,438,496,1581,389,438,672,523,484,482,555,678,1157,558,516,702,1018,485,646,965,518,930,508,645,443,448,464,680
1972,6,494,397,530,481,569,938,444,424,365,681,521,621,419,760,723,442,521,501,413,503,515,440,565,404,410,437,516,436,524,881,446,607,605,446,382,418,418,399,563,493,397,784,473,498,972,427,417,371,825,553,454,769,618,452,566,739,413,424,542,452,567,419,398,453,569,475,510,1057,441,457,393,418,461,402,2578,531,399,549,480,492,858,442,434,374,679,525,457,746,633,432,497,587,452,480,454,443,569,403,414,428,729,545,514,1063,441,459,497,501,442,413,412,579
1972,7,961,1251,1056,622,701,1006,1223,647,609,962,1062,1203,653,1232,845,775,509,829,619,1367,867,548,762,784,540,571,865,742,781,951,684,963,940,600,976,881,592,899,1468,827,935,1292,664,759,1073,1071,862,658,1015,1730,670,1250,857,770,478,682,594,1381,908,534,778,834,558,613,855,709,844,1102,596,871,1071,983,607,892,1255,797,1007,1284,654,767,1108,1226,853,651,1004,1592,622,1128,790,803,529,764,611,1163,944,553,799,895,568,607,894,641,755,1061,720,948,1278,994,591,1079,508,1358
1972,8,779,621,975,2062,1150,2424,2090,1314,1410,1831,1160,2465,1653,788,1598,562,883,1097,824,2395,1330,606,763,949,883,634,1145,617,924,887,968,1777,1681,708,925,921,668,668,1181,956,1008,761,2176,1197,1630,2278,1051,2083,1655,2183,1726,875,1297,559,851,916,829,1694,1276,602,743,953,745,600,1247,673,808,770,1059,754,1013,793,637,733,1654,851,690,876,1481,1318,1960,1865,919,1379,1635,2904,1256,887,1575,539,816,1327,930,1740,1262,563,710,872,692,615,1066,708,762,798,945,688,1251,2104,746,930,890,958
1972,9,929,810,426,4255,1480,1180,1645,1426,874,3484,1399,746,629,2459,1389,614,835,857,501,1401,816,779,481,509,1260,1080,1006,759,2156,719,490,894,1153,928,774,840,2853,866,773,1119,556,403,2665,1242,1506,2221,989,656,2908,1386,551,2328,1142,568,1031,746,577,1848,847,794,422,446,612,1038,1138,803,2191,928,571,1326,664,769,2574,816,2577,1135,834,393,2989,1165,1139,2257,995,1045,2879,1275,746,2586,914,605,1036,559,553,1408,748,626,401,509,1040,1263,1212,870,1970,924,450,965,992,933,1463,719,2254,838
1972,10,1073,800,643,777,525,1006,1635,413,1184,613,1216,962,396,566,501,785,2373,2119,381,1004,1363,581,433,359,1600,2494,416,1384,1210,423,417,490,587,584,589,1746,788,1892,406,847,847,824,501,592,928,1912,606,1077,763,1754,390,632,417,602,2745,2073,428,1260,968,937,437,372,2278,2668,469,1217,1379,397,411,939,617,1844,859,1666,1132,703,864,1009,1428,501,836,878,591,1188,846,2274,391,829,502,831,3354,2374,418,1570,1177,933,464,367,1407,2568,448,1315,525,416,412,1219,486,622,504,628,742,436
1972,11,431,1156,592,1288,429,448,1556,530,859,560,2845,1022,515,852,873,502,1125,1693,664,1142,800,1501,475,1250,685,614,653,561,477,668,927,681,608,483,441,636,486,1290,517,574,1094,546,1495,397,551,1332,552,1146,697,1093,483,837,830,1973,1064,1572,392,810,1016,1608,510,1089,772,694,762,582,518,686,936,1471,414,712,774,1723,2034,519,1141,502,1080,450,576,2026,537,1088,620,812,486,669,823,511,1263,1314,623,953,997,1973,420,801,1396,597,823,565,1240,719,920,1798,681,562,440,2427,788,454
1972,12,1293,444,440,2148,464,681,1904,792,1288,617,1392,514,381,795,1111,1590,3737,1043,373,710,545,2378,991,2790,863,2580,1263,671,2379,557,2779,941,503,592,835,623,895,688,430,1075,470,475,1954,513,514,1989,578,862,623,2269,389,747,936,627,5647,935,601,632,541,2416,646,1905,1017,2552,990,694,2799,512,2145,2738,892,450,703,558,1406,1405,438,479,2486,441,603,2284,633,1409,619,2688,445,890,871,1486,3528,1094,368,693,506,2777,925,3035,1013,2180,936,648,2274,540,2558,2926,1295,517,732,549,609,454
1973,1,589,1430,404,1120,415,528,1456,724,712,651,733,520,728,749,513,2009,2874,1050,361,798,1147,2383,445,1459,2052,1089,656,467,1208,1179,793,1599,1084,1127,685,604,1518,734,924,587,1023,385,1094,492,761,1553,1205,1084,516,1509,1382,1047,665,2018,2634,1202,364,751,958,1846,771,3781,1570,1055,562,469,1018,1165,1344,1303,668,550,1190,924,1763,583,1552,428,1361,514,663,1437,779,671,670,1454,1215,604,741,1358,2055,836,370,710,645,1544,437,1735,1625,1388,779,490,1311,1130,1155,1342,1348,847,979,608,1222,1020
1973,2,464,851,752,925,671,1045,4442,563,824,935,1311,477,1664,901,1115,1624,1895,1527,620,3153,1555,1583,652,2168,1471,1159,1110,942,805,540,1328,970,1892,772,649,1162,871,699,584,451,1331,998,959,590,627,4337,499,996,1300,1559,702,1723,626,2275,2054,2037,694,2230,1672,1400,580,2702,1132,1332,1161,643,949,466,944,1789,886,1110,845,624,2462,470,796,582,1110,718,907,3479,532,856,1049,2035,1137,2174,626,3301,2212,2114,724,3157,2094,1173,495,2625,1326,900,975,794,996,442,910,1416,926,2138,610,1264,819,516
1973,3,676,846,808,1145,670,1212,5852,1746,1149,1730,2585,499,1230,2570,781,2426,2811,6335,1634,4137,1357,1788,411,2275,1197,840,886,964,720,1051,1359,1120,888,818,1126,1115,594,1202,763,825,874,743,1059,864,1521,5688,1866,2065,2197,1889,1165,2042,744,2638,2418,4306,2289,4515,1144,1663,405,1604,1300,828,676,983,881,1111,1374,1171,1048,1252,587,1026,2242,739,941,1019,1170,588,1576,4924,1638,1563,1919,2389,988,1786,633,2120,3957,6051,2077,5076,1000,1506,466,2446,1314,714,848,893,754,845,1505,1389,869,893,789,1068,584,690
1973,4,579,557,542,1141,419,645,3395,1295,1921,921,1283,417,557,1319,752,1937,1553,2599,861,3034,738,1365,412,1247,820,1079,941,656,564,599,820,688,605,506,822,615,547,583,467,562,612,486,1650,434,698,3859,1566,1266,1053,1372,525,1016,596,1523,1620,3184,622,3208,721,1265,413,1038,801,1054,749,572,630,590,890,1613,588,568,490,599,1281,640,627,569,1323,555,564,4076,1262,1483,1007,1271,623,1279,643,1829,1880,2204,607,3179,746,1240,386,1035,807,1416,694,539,578,675,936,1733,750,594,523,694,488,525
1973,5,427,452,399,1277,384,455,1441,734,631,753,989,394,466,919,551,2055,979,1111,666,1488,570,1793,375,892,583,781,882,593,847,554,723,460,462,470,478,461,436,454,1694,439,456,440,835,392,453,1659,898,637,735,706,458,875,544,1259,1199,1191,640,1347,698,1293,376,814,578,968,728,719,549,461,668,1159,483,449,429,466,971,420,466,449,975,386,444,1740,711,627,664,840,459,881,499,1595,1044,1157,662,1404,630,1178,368,881,540,552,747,646,745,580,706,1322,455,453,446,484,428,1300
1973,6,441,396,375,504,450,425,809,421,1061,755,522,445,449,548,525,642,557,519,630,606,902,955,473,583,544,522,517,1120,492,563,455,436,462,488,620,418,409,478,644,436,394,378,471,421,419,738,431,1068,801,466,479,616,507,542,630,525,666,552,533,921,473,897,548,465,652,625,991,740,466,554,654,424,392,484,591,441,395,379,487,450,408,756,416,993,742,497,443,642,515,893,566,512,843,545,571,1018,440,650,546,470,622,1127,774,567,515,587,466,410,547,425,395,1484
1973,7,1019,593,824,652,570,863,1187,1109,887,1480,870,788,994,819,547,875,1166,1109,1246,1294,892,781,882,1133,1219,687,686,1193,855,1088,876,916,820,1011,769,975,766,799,715,862,598,718,688,597,1044,1096,1022,883,1111,1027,1154,731,560,899,1151,1083,1224,1232,858,790,868,938,1114,730,747,1739,997,1184,931,1226,697,899,789,730,674,979,610,765,715,537,988,1010,1164,715,1274,1111,951,694,584,897,1085,1027,1296,1141,887,746,1063,1155,1058,701,701,904,886,1113,1065,1556,921,953,990,813,733,718
1973,8,1014,589,555,697,978,1197,1051,1212,888,1577,1296,711,1246,894,1239,1646,1445,2641,1108,935,1125,1564,866,1013,1025,1491,681,2376,1030,741,1300,1289,844,1098,679,1029,1006,1000,581,1176,628,614,689,1063,1226,1119,1160,1042,1500,1369,1203,750,1227,1545,1857,2950,857,1097,1275,1730,941,856,1016,2058,628,2811,1014,700,1093,1560,747,1198,844,954,839,1387,658,528,622,1100,1083,1258,1098,817,1868,1459,1781,831,1088,2199,1891,1876,743,1094,1500,1416,922,813,1030,1341,706,2846,992,733,886,1494,1557,893,1015,1179,934,592
1973,9,522,789,727,674,1610,2187,601,2505,490,989,454,649,1321,511,1205,2062,505,1156,498,635,1138,1263,450,498,1375,1750,619,1068,578,1144,519,1231,805,903,615,950,440,419,861,628,835,715,671,1482,2389,427,4356,403,975,1978,1928,541,1414,2196,489,1185,566,664,1201,1415,480,449,1326,2037,528,1017,673,1181,574,801,490,843,489,556,814,566,785,711,700,720,3756,428,2881,584,1078,1982,1550,696,1430,1751,609,1201,598,560,1118,1250,450,499,1355,2484,566,2052,659,1083,632,705,961,1042,1305,961,431,967
1973,10,459,894,619,1092,822,1879,448,792,1074,518,599,710,2785,928,505,705,509,457,398,409,507,499,354,965,425,1209,1013,526,380,625,705,1254,1448,654,401,809,902,364,1572,519,828,1010,1134,955,915,429,918,1002,452,1117,1172,1168,472,978,466,495,382,413,402,515,353,1192,409,853,7765,690,374,778,670,1607,406,1276,852,370,437,459,719,1326,1189,1619,900,464,589,946,542,1075,1318,1190,725,1231,410,467,378,430,410,507,360,1182,396,715,5142,549,401,633,636,1101,1519,1244,666,1161,847,1878
1973,11,381,575,2454,3365,806,836,410,989,400,435,381,504,516,1945,2303,657,693,574,471,1139,1040,407,485,1155,682,1699,8487,567,437,653,669,877,426,378,428,630,1446,699,856,370,834,3429,4856,545,504,448,998,495,621,585,1411,486,578,473,607,494,558,458,1628,409,473,1022,721,1854,1984,910,865,513,640,592,560,674,1459,801,547,369,858,2730,3183,478,691,424,1177,407,427,605,1478,916,2564,691,784,496,573,510,1739,401,472,759,453,1223,1295,469,736,557,722,1517,1025,440,393,573,967,578
1973,12,499,2874,1955,1126,1757,2347,522,2067,1759,552,477,493,626,2165,640,1807,493,829,445,770,1802,1469,432,779,463,1885,2302,705,809,387,676,1732,1405,397,396,1139,842,450,572,426,1991,898,888,1661,1683,429,3424,1757,483,1794,560,2812,2173,1120,523,771,363,1453,1234,1702,422,630,595,1908,2722,514,490,389,579,1323,396,1580,1242,437,2400,528,2265,1003,1220,1820,1301,425,2025,1734,501,1788,654,2547,684,1826,580,880,362,1353,1560,958,454,588,698,1772,2378,903,531,395,587,757,1485,876,414,1195,1414,576
1974,1,821,793,759,1883,1980,3141,379,3097,1414,704,497,1198,989,1454,862,2047,600,1659,1239,569,2417,740,660,1224,564,2136,2336,762,1413,1214,419,1851,505,794,768,1106,1524,371,587,683,1037,714,1993,1813,4657,372,2452,1092,1223,902,1846,1738,843,2628,844,1450,1137,762,2080,696,484,1300,718,1154,2244,845,1752,1181,482,640,643,828,927,378,1783,785,861,705,2127,2044,2426,369,3065,1019,615,689,1779,2136,1049,1790,798,1848,1232,925,1841,1371,433,1658,626,1815,1761,857,713,1230,469,597,1652,997,1257,911,1323,600
1974,2,1486,1222,1198,1981,2026,2738,687,1811,963,3804,1375,671,1759,2581,2058,1951,825,1976,795,844,3366,1120,599,1378,876,1643,3111,1186,2045,695,447,1635,545,1055,490,2580,1022,1300,495,2009,985,855,1663,1904,1868,575,2377,1447,2637,1417,1042,2298,2013,2323,648,1829,821,581,3757,939,617,1438,697,3055,2243,1287,1353,847,487,628,515,2518,1182,1313,1662,1771,1013,943,1307,2145,3479,858,1833,1213,3818,969,933,2510,2454,2469,818,1543,889,612,2262,905,789,1158,668,1727,2416,1212,3549,709,467,577,2585,528,1024,2157,705,464
1974,3,1557,1174,773,3352,4409,1989,499,1483,1869,2208,562,501,752,1815,2665,2788,653,921,605,1879,4328,1294,433,1015,1061,3137,3843,849,1109,510,921,2153,808,967,389,2942,1068,1053,555,1156,1340,660,3670,3905,1528,553,1346,1722,2030,1121,781,1469,2710,3484,468,1173,577,1302,3638,1547,471,837,1135,3292,3527,769,2040,479,715,583,393,4714,1100,1138,4405,1502,1508,805,3700,4305,2104,474,1273,1801,2395,1362,867,1394,2755,3073,442,1316,661,1640,4427,1141,389,1118,1295,2922,3491,731,1503,548,871,527,2114,685,655,5116,1135,739
1974,4,550,790,624,3535,3492,1148,570,948,1227,1600,609,411,739,866,1435,2112,460,874,451,929,2972,900,363,543,1811,1838,2408,590,1302,479,438,1250,482,554,409,2071,832,1326,446,630,1228,606,3713,3552,1445,591,776,1342,1835,654,937,890,1602,2728,469,888,458,984,2726,1047,356,561,1411,1622,2065,595,1196,529,497,521,397,2471,674,1494,3593,630,786,616,2333,3982,1293,575,937,1249,1729,706,739,752,1544,2148,479,897,457,853,2341,1129,370,551,1404,1864,1993,607,1302,535,473,475,1244,511,573,1970,788,466
1974,5,448,658,482,3067,2353,769,445,584,1081,1139,452,391,559,607,703,1518,409,943,671,603,1547,644,369,743,662,1144,1730,525,991,533,387,810,469,412,450,1202,605,639,396,430,705,445,2903,2092,747,385,582,1161,862,474,514,610,1161,1397,391,965,569,675,1424,699,362,620,903,938,1382,540,869,430,386,427,514,1057,630,688,1949,445,554,490,4622,2339,1081,442,588,715,828,489,546,560,866,1273,403,1005,603,680,1432,750,359,920,932,1292,1393,590,733,517,388,432,956,489,425,985,675,404
1974,6,488,516,435,1337,906,524,387,677,586,585,380,471,418,474,634,579,374,556,403,433,961,459,416,526,505,727,855,565,485,442,403,486,449,446,390,527,628,438,416,519,500,437,1029,892,512,364,733,567,504,446,420,540,600,795,372,697,428,427,858,506,397,622,501,641,691,482,509,452,391,411,371,554,713,464,1176,443,526,409,1109,835,572,384,665,853,542,467,423,504,473,605,378,551,424,486,807,470,404,518,499,625,654,552,464,410,410,439,490,406,433,550,562,427
1974,7,1251,1949,1188,1009,733,826,687,798,804,1219,716,727,708,682,749,671,805,659,694,1266,624,755,910,1088,1053,775,1163,589,716,599,662,522,1224,639,1198,597,942,716,593,1271,1374,1187,925,990,857,802,763,749,1259,548,708,527,721,750,1082,697,674,1320,606,716,861,1111,951,752,1068,658,896,527,630,712,1442,608,916,703,1330,1299,1922,1276,760,1001,743,816,815,751,1053,590,734,643,702,689,1009,762,745,1348,622,734,861,1090,1076,817,1046,558,831,667,604,724,534,1101,636,595,1149,625
1974,8,3418,2188,2045,1154,1686,1011,773,1614,798,607,1423,611,768,914,912,886,1309,648,907,1483,606,891,667,714,955,820,893,712,1745,2121,846,802,1992,692,1094,776,2606,1909,486,2337,2179,1890,1314,1364,905,732,1382,803,656,801,888,1023,955,794,1096,767,968,1185,641,830,722,668,1183,786,877,731,1376,1824,1063,1132,1553,837,2517,1387,1250,2521,1535,1874,1448,1087,1029,697,1283,735,769,680,782,770,890,941,1139,668,1007,1158,625,912,658,810,1112,792,1013,714,1903,1548,964,1236,671,2355,678,743,1832,465
1974,9,890,2067,948,838,474,577,785,1027,559,560,1023,747,743,864,715,453,1143,843,726,893,702,683,994,1358,956,446,421,513,1350,704,799,449,1242,408,654,1112,942,437,479,1089,4254,1120,533,414,642,799,949,490,567,404,659,885,685,479,1059,997,569,988,882,764,714,951,730,454,471,534,1616,1507,730,869,602,1271,1156,432,707,1151,3688,1170,634,530,612,671,841,671,549,463,619,803,628,441,880,928,629,907,792,728,799,620,648,453,395,480,1047,1234,809,901,479,1535,439,1203,1201,549
1974,10,1005,1591,556,454,1628,377,519,1073,464,1010,1539,666,438,764,379,580,627,657,507,416,913,6953,940,656,1013,635,514,430,867,1491,390,466,746,1286,905,2185,536,1521,396,968,879,424,449,2305,370,518,1223,431,1969,1358,873,602,388,564,623,655,526,457,1361,3726,1088,967,1225,647,521,638,559,931,472,569,684,2454,413,3197,893,1002,899,406,505,2097,382,537,998,408,2868,1087,793,625,433,879,686,458,431,446,1172,9027,1068,1140,1008,624,483,568,905,1185,361,432,406,943,1643,2219,510,366
1974,11,930,3379,597,444,3405,366,366,448,583,2500,774,356,2122,614,414,532,768,717,446,420,2167,1982,670,515,3129,829,520,722,748,576,854,373,850,1348,455,1183,1018,2126,376,884,2171,448,675,1811,367,350,421,602,673,537,1798,690,419,430,1013,794,406,380,1567,2447,706,452,1957,981,503,373,748,535,930,1437,527,2215,1162,500,788,559,2013,475,702,1153,370,362,434,636,826,1096,1888,751,428,377,886,1246,522,380,1499,692,502,554,2584,428,519,512,811,655,429,1725,442,811,1159,2103,756,407
1974,12,866,2325,570,1699,1336,672,1736,1016,1176,1366,1328,743,1867,967,509,370,859,393,508,1379,813,1043,945,1837,1396,1312,882,465,543,1681,550,357,860,490,489,1508,570,1493,375,1094,2595,615,1534,1010,621,2161,832,881,1526,728,1191,948,449,381,495,447,590,1387,798,1765,902,1409,1831,1061,885,510,448,1591,586,1050,491,1662,421,1496,725,1470,2037,571,1345,1722,945,2507,849,1241,1119,741,1272,991,583,444,486,405,537,852,982,1748,877,1438,2002,1634,626,516,455,1827,1200,1135,357,905,475,1319,674,358
1975,1,1298,3428,494,696,838,1006,1155,962,1308,946,1122,2318,923,589,716,567,819,757,398,1458,1197,1154,556,1563,1575,1369,1229,917,438,747,716,480,983,1993,1079,781,5342,5227,425,938,2527,563,832,1258,631,871,1286,2358,788,799,1345,571,699,705,1562,1005,439,1405,994,1223,564,1534,1501,1127,1194,1155,416,772,783,1962,1019,940,4699,3026,1117,893,3068,616,648,1076,867,764,950,1952,1385,1111,725,481,651,706,1342,600,448,1894,1218,873,591,1809,1602,1470,1352,1226,429,722,536,2084,607,814,1724,841,4848,451
1975,2,751,3130,1030,875,2317,460,566,1016,1055,1054,2523,2404,1037,2232,844,520,1736,605,1063,885,1502,2575,1076,1228,5866,1609,1023,1728,952,959,525,583,775,2197,3383,660,1574,5431,785,745,3183,855,575,2117,1051,513,791,760,739,1040,1206,2770,917,379,1050,751,819,804,1625,1769,730,1384,2737,2607,936,1821,938,1258,556,1911,2256,722,2094,10239,1119,945,2869,890,838,1931,530,544,1417,812,833,662,1397,2732,653,381,806,1255,842,847,1462,1296,671,986,4560,1425,1397,1017,975,840,589,1790,502,785,1669,683,2038,788
1975,3,688,4106,724,947,2076,1149,1489,2242,3563,665,2875,3134,2166,2815,1075,430,2207,670,393,584,1846,1856,906,1319,4907,3982,1074,2474,1004,1257,574,392,614,2477,967,586,1457,6608,914,803,4993,662,705,2100,1340,1447,2314,3405,574,572,1247,3032,895,430,2209,521,484,622,1972,2238,1426,1897,6436,3390,1253,1800,840,1058,538,2126,1398,689,1151,4484,1537,762,3316,712,941,2388,1184,1842,1700,3970,610,561,2154,3621,919,434,1500,492,452,629,1526,2162,1542,1492,7540,2567,1032,2944,819,1460,670,2150,426,700,1656,624,1307,650
1975,4,648,3128,432,561,1074,624,1074,1418,3290,631,2292,3464,964,2049,504,453,1040,468,463,483,3522,822,645,901,6112,2521,691,1049,533,847,466,868,548,1472,708,528,1148,2102,423,593,2798,421,503,1197,618,903,1218,1644,654,492,1589,1813,574,405,977,508,419,484,3001,1100,571,1105,6509,2448,709,1091,496,672,490,1227,684,578,744,2222,665,753,2478,452,543,1281,847,1151,1173,1860,712,493,707,1638,686,462,943,482,460,478,3907,1162,564,1206,5114,3905,723,1379,492,771,597,1098,881,554,1610,580,741,400
1975,5,466,1233,603,440,814,442,826,974,1406,497,1302,1233,516,883,566,393,691,464,491,497,1426,595,521,931,1969,1443,815,867,431,549,437,453,1343,749,531,498,827,1415,381,479,1296,570,419,976,431,1071,872,1663,495,731,544,970,471,420,669,479,461,502,1715,706,495,854,2831,1385,680,1158,411,541,424,714,510,518,612,1384,526,466,1201,617,442,885,454,1236,907,1340,524,677,506,958,488,397,599,461,501,464,1505,605,472,767,1835,1443,700,820,416,567,470,752,630,2215,931,497,692,366
1975,6,417,594,600,426,491,417,449,600,565,735,602,498,463,540,421,436,506,417,392,406,959,732,468,538,731,965,443,750,394,620,370,370,2691,579,517,482,514,1196,383,412,697,582,500,504,451,440,599,667,493,439,646,539,486,558,539,444,391,407,709,1017,456,669,1091,1163,505,566,390,540,380,1055,492,439,614,1019,476,414,648,515,454,492,425,447,704,526,539,489,636,580,410,452,502,446,423,461,713,670,439,645,644,991,500,804,397,630,384,717,360,969,534,431,475,396
1975,7,623,827,1137,711,729,605,823,1303,886,1873,703,1055,1253,791,1720,568,791,558,1228,596,727,1684,938,1231,876,996,667,1203,1240,1074,550,843,1415,1248,581,1018,525,1483,878,553,780,1376,652,738,570,765,1246,907,1362,708,834,857,1300,527,843,630,1100,571,698,1170,1163,1464,1016,1088,692,810,1221,916,522,695,529,1017,538,1602,985,541,891,1240,668,779,607,762,934,988,1389,767,903,767,1207,500,859,645,1119,620,769,1281,967,1191,974,1008,674,1131,1430,1297,535,1004,866,1514,1229,1050,581,747
1975,8,955,1324,1043,1071,1636,819,800,820,855,1611,930,1111,946,1059,1565,506,1341,837,1229,615,1260,788,1323,1850,1202,583,958,2343,1275,1050,537,605,1985,1943,730,1228,842,2168,771,1043,875,1150,1183,1805,1041,770,749,911,1852,1029,966,1385,1937,472,1038,796,1285,527,1242,768,1105,1958,1142,602,1202,2211,1212,1236,522,986,860,1350,794,1870,1376,968,1067,1203,1048,1865,900,767,827,844,1419,1126,873,1411,2544,491,1274,819,1596,604,1180,971,1167,2510,1014,643,969,2375,1174,1280,504,804,641,1732,1633,1340,880,702
1975,9,1164,1267,1102,1092,1605,2248,1357,790,768,937,411,1957,566,1108,551,378,583,388,773,839,599,983,2296,651,999,525,1120,892,754,1052,427,1155,1529,618,698,2203,3301,1835,407,1462,1891,1017,2749,1266,1752,1057,809,631,915,1023,559,1375,648,370,612,490,906,862,534,819,1656,572,944,859,1055,1338,738,1072,557,1108,1000,3305,3422,1687,610,1000,1279,1015,1919,1243,1560,1470,826,559,802,763,530,932,860,371,462,451,451,847,563,966,2504,503,896,889,1076,919,632,1025,458,989,975,1785,1009,2197,2348,421
1975,10,1329,1206,433,2417,642,661,418,552,552,1001,372,2058,453,2255,805,1027,733,371,798,634,1092,456,2411,753,466,665,487,1228,423,598,534,6130,3333,423,893,543,1111,1393,345,1186,731,556,975,643,574,513,579,843,775,1197,376,2548,685,994,787,383,630,429,1290,425,3034,865,480,391,459,916,439,1447,563,2327,455,452,1313,1159,431,1439,1212,515,1722,459,785,409,575,648,1020,1058,477,1625,738,1061,756,372,695,666,1299,439,2070,881,435,404,712,876,426,1561,685,3432,3403,1899,469,969,1429,334
1975,11,1348,624,455,966,836,596,688,1773,747,2762,398,772,534,1014,1367,613,710,481,1087,432,587,1586,1402,764,437,951,545,1526,371,1681,582,751,979,716,389,708,2326,521,706,3000,823,502,798,811,419,521,564,388,2032,882,491,743,1597,725,568,520,846,515,432,1647,878,818,457,904,589,633,368,556,570,1455,393,633,1944,539,587,2958,891,407,908,470,525,746,1489,430,3171,1202,513,1707,1722,560,686,559,961,495,433,954,1285,972,430,925,657,1368,376,483,410,605,2997,1344,450,668,2091,700
1975,12,2100,1115,1117,646,1511,1414,427,746,646,3485,943,584,682,644,2188,373,1588,687,702,965,1493,2260,709,431,418,482,588,559,425,1364,828,1185,680,567,393,2188,819,516,3135,818,784,963,630,1670,1987,620,1904,572,4007,2588,599,778,1665,391,3046,579,1105,1490,1662,2480,902,416,407,579,499,1531,429,1484,1105,2551,366,2137,780,561,1200,1402,846,955,673,2048,1448,405,950,623,6411,1758,519,771,2053,435,2173,729,998,1393,1616,2676,652,437,397,521,467,644,429,1362,886,3018,1060,709,939,2223,1004,4103
1976,1,2312,597,926,604,1098,922,805,1069,892,6627,469,1243,456,736,2731,368,2280,465,4329,1860,747,1189,1736,4829,1097,713,986,2232,557,1036,1589,826,1295,691,505,1449,1928,1100,1570,1298,555,1488,544,1088,643,946,1516,841,8709,1991,490,943,1685,375,1577,726,3242,1203,669,1178,1822,3067,998,1067,1500,5001,447,848,1278,3901,447,775,1984,907,1499,1532,659,1496,551,998,872,870,1024,599,5043,2860,514,890,1391,373,1265,500,3059,1336,682,1186,1845,4765,1099,719,1700,2528,607,930,2195,2002,858,1435,584,1479,1348,1103
1976,2,1825,1497,1093,546,1223,1087,514,2414,1051,5057,637,1675,1016,1172,3250,558,1531,615,1891,773,796,1088,2478,1833,557,1040,1886,4385,505,1290,2693,1045,2886,646,1393,1569,3371,927,1561,3934,1459,989,521,2240,1057,446,1649,875,8049,3930,1219,773,3455,436,1619,557,1992,856,997,935,1722,3034,534,624,1455,2867,779,1704,1594,1792,1350,1231,2125,1686,1795,3320,1500,773,557,2107,1322,502,2131,1187,7368,2404,1347,947,4311,547,1821,609,2095,705,863,889,2728,1846,430,955,1243,3086,451,1161,1994,1830,1070,2873,536,991,2546,1315
1976,3,4527,949,512,651,4520,1346,438,3097,551,5939,857,1171,774,622,2858,356,1660,1401,1628,599,627,1206,2249,3073,614,929,1245,3594,898,961,2063,889,1387,690,796,1487,2801,1480,2137,5860,1080,543,598,3273,880,472,2781,844,3932,4521,605,565,3162,390,1241,1089,1754,521,596,1190,2771,2641,716,1299,1281,3089,896,793,2535,3430,809,2750,2736,1099,938,6947,1196,682,670,3085,1070,499,2267,588,5362,3776,580,660,3281,365,1677,1246,1753,604,561,1176,1798,1451,549,1237,1543,3344,1193,852,1959,2446,835,1372,771,2938,2844,1798
1976,4,4079,810,553,507,2172,732,459,1573,452,4304,521,692,573,1004,1615,348,1132,646,2304,507,562,1061,1428,2459,462,594,1017,1645,426,679,1939,607,1812,511,561,3316,2821,1158,1514,3123,565,554,535,2556,767,440,1551,442,2831,1510,595,667,1925,350,1178,636,1701,515,571,1112,1242,2014,434,560,901,1562,494,651,1846,2491,443,1835,4257,911,1109,3649,669,610,481,2190,909,424,1365,444,2663,1914,615,936,1818,353,1123,616,1651,572,503,1178,1412,3728,585,561,1040,2469,483,646,1553,1944,601,1802,488,3433,4013,1444
1976,5,1840,673,412,455,1053,918,384,838,412,2532,505,501,590,572,1020,431,899,468,1379,434,451,1044,1294,1558,442,428,755,1217,635,500,1346,514,939,414,424,1559,1278,607,1045,1370,631,427,501,950,834,395,1119,410,2010,836,669,649,843,439,616,493,1516,423,486,1039,1081,1775,466,445,680,1327,749,470,1081,1084,402,1525,1132,608,797,1746,755,430,491,1323,893,391,865,397,1903,1161,510,616,967,437,706,493,1471,433,487,1264,1041,1926,495,445,749,1555,757,475,1121,973,753,1356,410,1201,1565,1036
1976,6,873,432,382,530,769,560,369,467,381,1189,430,427,538,428,504,364,500,470,690,420,558,895,504,665,559,436,573,554,398,575,927,768,644,391,395,535,594,543,505,874,417,388,488,1033,444,370,495,387,1104,556,527,431,568,354,467,456,611,415,624,1041,521,628,580,441,510,654,428,578,804,555,414,588,553,547,446,1031,432,387,526,1336,769,376,493,390,898,562,665,439,535,343,560,424,639,428,530,758,493,643,785,492,693,594,407,522,802,521,512,610,391,521,624,482
1976,7,918,811,578,980,2508,1190,1264,943,649,1256,680,816,993,1120,825,586,919,1177,908,688,673,767,569,724,763,896,984,986,1112,1220,830,608,929,740,623,712,722,1000,771,927,725,596,1017,1945,1422,1222,935,692,1336,939,1024,1195,761,600,844,1115,588,599,691,822,575,719,887,812,1201,922,1211,1479,881,651,617,671,782,835,536,871,853,537,868,2213,1085,1352,980,749,1433,1068,956,1139,854,616,897,1215,862,789,846,794,579,785,887,915,1317,1059,1197,1274,876,679,641,726,890,646,763,725
1976,8,835,788,858,1429,1704,3188,1315,983,1264,1460,630,1135,603,1511,1514,1799,1000,1030,698,1059,814,916,712,875,922,1056,1448,1155,885,1378,996,815,1129,1409,708,1022,1081,719,780,804,926,770,980,2211,3001,1692,1036,954,1306,1057,499,1228,1244,1472,1049,859,878,871,898,921,763,748,933,1204,1185,1676,799,1172,1152,884,765,1085,899,846,582,870,833,822,1321,1715,2150,1295,790,793,1416,1166,622,1197,1480,1883,1237,1274,696,1050,989,909,767,928,1188,1100,1479,1179,853,1223,1001,971,760,870,1166,1178,952,772
1976,9,440,1059,919,1234,1365,1316,1233,419,498,707,876,489,904,479,528,3480,1499,687,741,800,722,2298,1061,1233,1212,552,1221,1545,450,1087,1181,841,558,699,500,636,793,557,483,513,1167,827,1230,1078,1192,992,437,488,805,712,783,476,659,2177,1151,863,797,945,795,3314,764,1261,1000,587,1014,1834,464,944,1271,506,497,457,762,528,1943,536,1061,871,1674,1920,1662,1073,414,591,678,612,774,547,511,1742,1235,823,1041,1165,569,2675,1109,1288,819,735,1029,1593,498,1196,1165,413,877,660,511,633,672,605
1976,10,1078,631,568,1931,2276,550,2036,745,634,443,498,577,1066,9549,1048,2033,1658,532,991,2471,433,451,1634,452,421,1355,945,1126,505,579,612,1505,740,454,425,689,555,429,1297,868,695,1667,1262,652,675,2380,526,586,486,2648,646,5018,907,1628,1564,973,1040,864,434,550,1864,812,409,891,1759,1477,455,404,518,398,424,543,677,433,1675,839,532,2453,1198,1695,616,2072,768,522,473,3206,2163,2356,1221,3106,1753,731,1318,2147,454,525,2483,422,675,1855,560,1362,454,401,517,401,2261,762,418,546,633,886
1976,11,459,429,2284,529,882,530,2289,2991,1140,3603,521,675,1504,699,855,1402,1304,1081,800,741,450,422,2733,552,1845,417,4926,985,616,393,2130,1808,1113,364,353,384,995,2058,1292,649,489,550,1580,2351,624,2005,4243,1483,1952,898,2294,1201,807,2005,1049,438,1182,1859,449,435,1521,957,1365,1043,4114,752,597,384,2098,575,350,722,540,1671,669,830,544,597,1148,1087,558,1088,2856,1325,2690,965,700,6680,845,1538,1140,780,751,693,404,408,1631,807,850,437,6198,1222,482,390,2312,613,633,1557,400,739,759,2114
1976,12,405,1975,1395,948,826,430,6118,669,714,1408,514,480,484,743,1549,638,826,442,1501,774,1189,442,1206,1800,447,898,3562,1426,1298,736,1048,984,3525,400,357,458,1800,2654,723,416,2108,1268,536,955,445,4204,1419,469,2024,820,501,689,1995,641,601,601,1472,814,1069,431,1084,1272,465,1070,1891,1354,1775,692,858,369,350,500,1219,4226,2131,453,2058,1604,797,1029,432,5723,867,460,1130,810,535,684,1032,641,719,508,2235,880,1049,430,1014,1170,646,739,2202,681,1711,609,777,433,1231,2308,379,433,2073,574
1977,1,422,1587,889,513,1461,804,4133,977,478,3304,473,1829,850,698,2200,1570,943,750,2115,523,784,423,2344,1124,527,1101,1739,623,1129,839,1347,1524,3391,799,376,598,1433,2225,1229,470,1280,932,503,1360,736,3588,962,437,2332,1117,711,865,2125,1632,1773,901,2096,520,765,466,1569,744,605,1073,3317,759,563,730,1225,994,350,708,1973,1854,2238,449,1172,639,513,1273,825,2678,1246,550,2173,1058,908,793,1738,1595,2367,514,1302,545,731,431,2067,1131,588,1075,2374,667,883,769,1932,1620,1135,3159,1421,885,1236,837
1977,2,478,2418,632,535,1086,1978,4268,943,1423,4046,508,938,866,869,1554,1065,3143,1322,978,1059,439,459,1861,1016,624,632,2433,1299,554,729,3058,1657,2953,1320,634,1535,843,1204,3052,576,1954,586,509,1109,1953,4492,852,1434,5195,1178,1038,827,1403,1086,2433,859,1227,947,443,492,2766,1801,577,974,2820,821,535,748,3171,1241,637,1411,715,1606,2791,455,1500,601,530,1233,1793,3557,812,1356,4929,1951,1078,994,2221,1246,1492,1425,1153,715,436,427,1746,1299,722,1908,1654,1102,534,797,1919,779,2187,4456,859,1007,892,3985
1977,3,508,2295,1397,530,1705,663,11047,773,932,4734,1405,645,1158,1640,2865,3184,1789,731,1734,1106,1863,466,1696,977,799,2652,2345,2933,618,851,2354,3138,3672,410,485,861,1209,1433,4315,485,2569,1587,556,1535,716,9129,772,1074,3819,1404,1472,2977,1733,2163,1340,704,1454,1095,1845,447,2489,1033,560,2376,2396,2456,528,730,2094,1283,415,583,2306,1126,4300,535,3125,1261,597,1415,699,12896,645,987,5016,938,1185,1688,4073,2246,2333,913,1609,1076,1793,469,2248,839,707,2541,3031,2243,631,616,2584,1575,2343,3788,435,1332,1794,4251
1977,4,405,1628,1484,468,859,544,6347,775,611,2477,531,544,1096,1072,1792,1839,1094,496,1076,885,736,386,1448,729,435,1822,2112,1478,450,465,1495,1930,1658,398,419,454,1716,954,3636,405,1774,982,462,1032,562,7533,829,545,4544,730,791,1225,2590,2015,966,493,1397,869,720,391,1381,744,564,1760,1688,1792,485,433,1936,786,410,452,1116,859,8782,418,1852,1226,472,919,598,10864,771,568,2951,670,849,1069,1649,2343,937,490,1197,1386,641,377,1413,787,428,1710,1722,1528,455,469,1324,706,1574,1951,406,524,968,2857
1977,5,368,1166,601,433,719,478,1955,536,458,2364,444,741,640,953,829,1173,824,404,819,797,512,376,819,647,395,691,1066,1115,418,456,968,712,878,411,343,448,669,815,1999,372,1040,609,429,875,478,2421,529,441,2491,485,959,908,1043,1144,1046,399,946,786,523,378,1011,561,387,794,1186,1072,428,433,866,483,337,452,651,614,3460,376,1091,585,432,646,468,4365,498,429,1914,482,693,1263,761,1356,849,411,775,681,501,369,849,591,389,844,1089,739,429,478,796,522,934,1094,411,475,602,2787
1977,6,537,637,455,428,433,428,931,489,463,824,381,503,954,512,514,578,566,382,676,473,415,415,524,415,509,461,667,490,407,422,507,546,498,451,419,523,506,503,956,487,521,440,403,468,414,1057,494,493,793,463,682,565,550,862,730,382,594,446,404,417,550,470,443,513,654,484,404,467,549,489,391,516,509,456,1568,711,614,454,406,449,478,1564,488,509,900,485,1261,545,529,778,595,434,776,425,411,384,525,416,477,515,754,476,415,545,622,511,527,536,482,542,480,937
1977,7,778,627,1576,1121,638,1038,948,825,863,660,693,1635,1032,595,1073,1190,1911,710,748,929,505,558,678,498,693,707,1317,1029,933,996,875,1300,641,1458,714,495,670,592,757,1150,729,1360,1261,684,1023,1034,889,864,653,944,1025,580,972,1226,1843,914,1198,683,503,563,688,532,700,750,1377,758,848,1124,862,1115,655,568,647,609,2011,1158,646,1348,1170,675,891,1109,865,856,658,1032,1129,588,1198,847,2040,773,1090,754,509,585,656,510,693,757,1060,1153,902,867,799,934,1157,657,1375,513,671,791
1977,8,1676,554,1006,941,1115,1810,926,824,1374,543,535,845,1275,957,1335,1637,2215,1150,1426,910,503,783,630,758,564,867,1310,832,1235,1013,1738,899,1282,741,875,498,1079,665,622,1308,554,1053,1066,1396,2002,757,717,1196,565,1768,1082,994,1311,1504,2986,881,1064,733,519,719,605,780,573,798,1367,1179,1266,1215,1490,1545,737,455,1015,612,1515,1135,552,1143,948,1018,2207,867,812,1168,577,1704,1063,936,1145,2059,2310,1058,1010,814,513,772,626,739,556,994,1413,647,1368,1163,1587,1814,838,1097,717,475,1166,620
1977,9,761,480,2103,950,2460,544,545,844,705,721,360,1338,2038,1838,1323,1373,1698,2264,832,1433,607,635,522,439,766,782,489,855,1943,960,1450,497,815,838,768,1134,744,740,445,572,597,1617,951,2004,533,601,745,804,729,1446,2957,2146,1757,1451,1483,3911,1025,1171,702,740,524,452,571,895,428,806,1570,1035,1771,795,616,873,614,690,2730,840,492,1453,786,2766,455,543,1044,679,680,1112,2014,2485,1680,1138,2150,997,1044,1748,654,665,556,458,630,726,511,758,1508,885,1162,644,542,1018,941,878,980,430
1977,10,5347,442,1123,799,1047,792,628,544,424,433,5727,704,808,1186,508,442,1371,1996,479,459,1081,452,793,366,7726,495,985,407,638,566,2022,373,394,886,909,515,1496,920,517,2634,375,1059,970,2523,685,787,600,397,388,762,593,654,518,485,762,2016,429,896,939,365,605,384,8652,470,689,402,542,525,1404,1484,1188,554,1245,1627,1938,2718,409,1470,1243,2239,956,815,494,418,474,504,801,649,512,549,1102,2859,441,435,1155,380,519,397,2579,494,447,393,566,618,2282,1591,371,389,977,486,1626,675
1977,11,631,361,569,596,2643,810,1002,389,496,375,935,506,751,542,1925,1676,585,582,736,615,654,353,401,422,1339,513,454,381,607,449,930,368,411,958,556,720,691,893,691,3197,417,642,619,2041,933,683,370,477,368,2930,587,452,1610,1324,1036,536,672,429,931,367,371,635,1469,548,947,400,817,611,1904,485,397,608,1331,417,2009,3215,365,689,673,1708,518,881,375,497,371,3862,473,549,1121,1719,758,827,688,498,819,350,443,462,4425,538,1302,372,706,648,906,724,365,401,821,667,565,805
1977,12,696,360,948,993,1530,590,474,372,620,395,861,1064,826,487,689,1215,2208,3390,586,1010,2955,422,364,1358,1863,904,2902,370,840,767,548,598,2362,2075,427,390,1885,587,2092,682,361,942,924,828,748,471,373,740,440,1416,881,669,772,2081,1922,3090,697,1229,2494,437,367,1216,1548,1118,2938,371,647,593,569,2614,392,387,1790,643,2030,715,370,1262,895,796,673,503,370,942,440,1063,1052,502,927,1547,1902,3367,741,897,2435,446,361,1555,1560,705,2535,371,655,665,585,2014,547,3465,1882,388,3096,1808
1978,1,1024,1116,1865,545,1111,860,572,949,854,377,905,1093,519,1586,2166,1808,1692,2802,1010,1431,1492,438,2435,858,2861,1329,2077,688,1353,925,1028,450,3898,894,728,599,2719,1086,591,1235,935,2074,721,982,657,483,782,486,385,2152,515,1712,1944,1725,1665,1511,948,1870,1070,349,1948,811,2523,1785,1315,474,1315,822,829,1307,663,611,3100,929,2946,1005,904,1409,628,986,791,527,929,436,388,2121,639,1392,2440,2202,1688,2180,916,1389,1832,353,2103,823,3047,1257,1394,664,922,735,1059,1478,569,2273,866,593,1237,711
1978,2,1316,521,1144,653,932,1118,1239,447,577,437,1800,3985,603,749,1937,2796,1279,2670,1865,2269,1438,354,801,1088,3628,2069,3212,390,1202,909,2358,2264,1167,1036,612,478,930,1314,936,1047,1540,1115,606,854,1438,1251,780,535,439,2186,767,802,1862,2296,1611,2939,1787,1308,2226,351,781,1149,2914,1778,3323,720,982,1026,1568,3331,795,570,913,1328,2921,1352,1325,959,613,857,1071,1246,749,492,467,2424,740,796,1716,2119,1269,2797,1984,1250,1319,376,802,1183,5394,1545,3343,389,1957,967,3341,2571,2904,1499,1200,570,900,1194
1978,3,900,1308,1541,812,1077,693,777,770,491,493,859,1322,741,632,1703,4146,1945,8300,773,1734,3774,359,2426,1002,8640,1790,4168,508,1190,1495,2578,912,1304,1694,548,771,1393,1085,1376,938,508,2141,1040,1264,709,759,558,431,522,5271,694,611,1958,4253,1628,5436,1330,2176,2571,385,1746,842,10807,1947,4540,446,1373,1240,3054,1913,563,935,1246,1068,2409,867,484,1807,749,905,772,939,484,536,488,4744,908,622,1435,4585,2524,7819,991,1885,3981,396,2394,990,10314,2053,4207,490,971,1368,2322,2973,1020,1196,2323,1130,1286,1119
1978,4,633,455,1253,483,765,509,552,431,462,375,712,937,512,737,1448,1306,1559,5339,869,767,1893,377,1048,738,6364,1818,3171,383,808,708,1506,683,881,1377,509,1010,1478,690,832,636,481,1169,475,712,493,615,421,512,386,2256,541,615,1174,1713,1789,7182,601,989,2075,352,1132,585,5182,1734,3013,388,742,753,1806,1587,563,610,2765,703,1203,674,459,1333,522,699,485,551,463,437,393,2471,575,572,873,2031,1105,5658,625,772,1861,347,1158,584,5400,1864,2664,367,776,714,1308,1519,742,777,1062,689,2390,858
1978,5,2475,407,765,404,529,423,423,380,425,354,532,604,483,509,937,651,671,2304,464,581,1081,349,1023,552,2718,1493,1793,368,646,855,953,430,589,934,482,413,1443,474,598,3216,406,769,413,504,432,427,378,384,358,1414,459,487,875,798,726,2906,452,617,1217,343,1258,466,2581,1634,2505,377,557,786,1010,957,481,397,1030,494,942,2191,406,650,409,498,428,427,376,407,356,1500,471,490,606,1091,633,2120,460,534,937,345,1148,480,2329,1775,1944,368,575,883,1012,1016,438,570,1000,403,1059,589
1978,6,862,410,560,432,478,501,515,405,368,347,524,439,410,407,655,671,557,850,442,503,635,335,434,412,1205,588,1773,471,425,507,524,408,430,545,634,378,516,610,463,720,420,533,403,470,517,435,410,365,357,731,464,418,879,689,633,1194,410,491,592,344,477,423,1133,603,1597,495,413,529,526,599,505,369,538,674,571,1311,420,621,427,456,468,503,407,367,353,866,457,417,560,693,547,821,436,443,556,334,432,446,1293,652,1516,391,419,518,557,604,415,428,499,385,770,481
1978,7,1059,726,1018,837,948,698,637,631,702,655,776,889,988,1036,857,1402,1015,876,612,1042,964,821,955,742,1062,1176,1201,862,1026,838,742,650,698,602,1282,1048,652,1210,582,1185,696,1124,915,917,664,634,687,781,587,881,900,1145,700,1414,902,820,707,1066,831,785,969,653,995,1230,1602,817,878,845,970,952,1798,1170,665,906,727,1145,702,908,972,905,643,577,685,740,601,920,936,992,953,1734,847,863,678,1048,967,916,899,684,973,1124,1396,938,1049,846,1013,910,495,709,632,1126,664,630
1978,8,1601,913,1198,999,1161,513,472,1159,957,588,1023,698,1918,760,1624,1103,770,601,952,1936,1097,954,800,619,982,1196,1231,711,965,712,1020,1091,1076,589,991,1343,619,1093,1231,1926,1132,1099,888,1431,582,494,1422,761,582,1478,1867,955,2052,943,875,872,917,1543,1173,1272,864,723,1052,982,1120,818,948,684,728,1254,848,1305,585,1000,844,1842,983,1528,912,1199,587,479,1029,919,525,1194,1512,810,2077,1025,1037,757,1002,1950,1158,1035,854,657,1191,1095,1135,714,929,681,620,1198,1671,973,568,1291,613,1337
1978,9,1544,432,515,883,611,603,974,823,438,356,472,611,688,424,2011,779,1109,905,645,662,1468,855,1078,534,448,3253,1127,432,521,578,715,978,1064,703,710,726,996,585,1005,1443,389,552,684,493,1111,970,1157,509,358,2615,1075,408,1100,881,748,1000,499,951,1403,1064,813,605,410,3304,1417,447,608,621,832,532,1525,636,793,650,888,1287,446,522,749,783,1060,949,866,496,396,3517,1735,413,1322,867,1041,1081,577,1089,1301,894,1001,610,436,2451,1400,466,590,582,728,629,1334,1428,549,706,789,1317
1978,10,481,623,613,396,404,1438,811,1550,1235,334,416,550,1643,522,861,2339,634,972,910,677,545,2283,660,418,1546,2838,788,430,1457,528,1273,690,1665,671,1162,413,571,498,870,523,807,656,577,445,906,1044,1525,1788,333,1310,1562,567,1239,1094,2534,524,1794,3579,520,2150,788,366,1588,2652,556,448,1595,639,929,457,2528,391,593,429,848,752,551,700,547,416,1122,1001,1601,1461,334,1086,1203,515,1005,1852,2809,1467,1766,2836,817,1264,604,400,1817,4182,584,518,1380,533,1040,437,729,1701,433,420,943,530
1978,11,562,3951,743,617,379,653,5068,481,1067,480,382,515,920,505,711,814,3191,735,1072,4460,502,588,585,467,1006,2187,1210,517,601,450,706,1625,739,530,2360,726,563,485,499,950,3632,676,549,378,940,3888,437,1071,364,1045,817,439,806,2902,869,1144,425,1660,495,1353,696,475,1180,3478,793,415,583,386,473,710,1148,706,797,490,403,1216,4027,699,570,382,595,3830,503,820,433,1110,842,529,863,1494,775,782,478,1363,613,1935,697,496,1049,1564,1121,457,593,397,573,725,561,570,775,694,450,462
1978,12,1380,1816,1075,422,474,942,5343,2360,558,561,739,557,575,2597,981,549,1247,992,429,2148,800,2723,1114,1941,2702,1408,893,538,619,420,525,775,457,467,1173,558,391,378,1661,808,2006,1286,417,500,1336,3307,2625,705,769,682,615,2248,709,558,1418,1500,446,3261,699,2041,1030,2144,2851,1443,1142,564,674,444,712,881,649,537,397,388,391,701,1618,737,398,512,907,3187,1938,875,548,695,460,1834,729,538,1526,1419,444,2858,554,1470,927,2685,2592,1432,972,462,617,421,492,961,1632,476,525,476,410,1666
1979,1,837,1085,708,475,1097,1666,2509,1717,733,518,560,711,1206,1873,575,589,954,1654,1526,3912,1442,1418,685,1286,1121,1057,1162,1113,1042,3098,825,1069,522,715,607,469,645,515,4931,726,1288,868,450,1318,1977,4893,1621,530,484,958,620,1710,546,746,1067,1275,1444,2210,1194,1520,751,1050,1199,1137,1533,1086,1047,2800,804,565,606,487,668,551,716,811,1790,1423,468,1277,2115,5588,1958,862,577,1097,978,1462,567,658,955,837,1535,2646,984,1784,829,1082,1730,1170,1362,1245,1005,3201,788,564,1027,535,1369,633,648,4682
1979,2,1786,2770,1011,840,1559,1130,4416,1452,1363,516,1315,533,729,2160,1010,1047,2359,1508,1489,3315,810,1193,820,657,1030,1155,1848,482,990,1320,1088,1549,533,2061,1058,805,975,1060,3915,1739,1795,721,708,1058,955,4366,1339,1850,715,1416,1399,2304,710,1764,1752,1164,1477,3030,1096,1438,688,913,1065,1415,1894,484,985,1177,1295,673,1144,855,1064,836,1860,1524,1270,549,629,873,918,4726,1482,912,564,1881,648,3763,1028,1771,1320,1823,1933,2431,1193,1784,673,718,1025,1178,1716,557,1407,1029,1084,601,1506,498,1260,820,887,5575
1979,3,983,2405,482,514,1101,867,3199,1785,864,398,951,2072,827,1734,558,2171,1590,1819,1097,6094,959,1455,583,1045,2386,895,1631,685,734,712,791,1582,1709,1907,1653,617,526,705,8198,846,2337,508,766,1079,852,2665,1577,1175,357,1486,1098,1816,802,2395,2074,1602,1107,4876,1288,1655,566,646,2455,873,1218,662,812,651,817,1457,2062,529,541,648,581,1073,2039,484,745,1485,895,3094,1663,1709,367,1511,970,1560,586,1567,1634,1772,926,5078,1600,1499,549,871,1817,917,1366,796,696,723,961,1469,1742,1734,1445,796,737,6789
1979,4,730,1563,489,595,956,638,1360,1691,908,357,473,573,873,1649,454,1203,1004,1806,658,4143,682,1199,666,566,1536,607,836,410,553,581,543,781,778,1633,980,1711,466,498,7245,686,1851,507,489,930,644,1142,1746,915,374,792,895,1285,456,1339,1003,2544,638,2908,814,1262,635,535,1733,631,819,469,590,638,543,712,1098,1385,544,525,565,693,2737,526,444,693,655,1236,1934,834,361,902,637,1254,457,1070,1035,1534,628,3244,768,1123,577,528,1466,610,1026,432,681,673,522,843,903,732,906,956,533,8821
1979,5,712,1179,407,401,493,638,927,1315,558,332,407,466,526,1152,627,589,1020,1265,464,1612,786,874,423,620,1002,490,614,574,485,447,429,619,556,823,621,532,617,433,3288,667,1409,407,407,468,601,1073,1360,588,342,542,549,1205,619,743,952,1294,472,1703,649,772,438,464,1037,506,783,508,460,440,423,544,574,621,687,402,464,638,1455,406,394,501,550,1063,1491,663,334,583,528,1205,554,669,869,1308,478,1671,753,589,443,782,1015,494,628,550,489,457,419,527,695,507,1265,895,770,2556
1979,6,515,830,461,367,972,568,558,726,552,377,414,394,471,599,453,454,624,562,460,1181,454,461,438,571,497,427,431,361,484,391,571,434,616,484,468,400,567,427,2121,465,1020,464,369,849,594,546,920,508,361,550,462,670,428,515,791,674,450,816,522,464,412,814,505,433,430,378,481,392,518,550,496,401,586,396,662,588,831,476,379,556,708,563,730,556,371,500,434,546,438,469,830,546,416,874,491,461,392,529,499,428,432,408,545,389,620,817,432,596,576,396,505,1537
1979,7,1407,851,734,638,1182,800,1002,1021,1174,616,1269,1478,565,768,568,860,1201,1054,626,844,683,660,545,1012,945,1502,924,463,937,729,943,920,603,1100,1163,909,1459,845,1454,1320,769,727,635,1302,751,910,952,856,705,953,528,796,582,776,1168,1093,653,879,655,812,517,1084,822,1278,828,461,1030,654,1100,1272,1280,970,1258,855,1302,1369,983,604,630,1453,701,942,908,1071,602,1109,511,835,570,754,1145,1180,567,860,645,879,554,1270,895,1231,851,451,1082,628,971,1230,909,711,1128,863,1309,1463
1979,8,1239,770,734,541,1408,685,997,1020,931,828,1509,2015,1213,594,906,1011,1263,728,897,614,1090,1362,768,1291,817,984,1177,954,1797,562,1244,692,791,1389,1025,1347,1235,976,1567,1485,895,686,531,1079,768,1265,991,1351,954,1215,1077,657,811,1078,1098,600,923,767,1006,1194,756,1229,925,726,1151,815,1685,684,1134,717,842,1253,1544,1137,1513,1213,761,753,529,1187,658,1224,1148,822,844,960,1073,575,900,1022,1307,881,1002,793,1069,1130,675,1055,722,1173,1169,775,1452,776,1133,614,763,948,1164,1270,1503,2350
1979,9,1054,967,2617,834,1083,1563,744,779,467,754,1224,1419,1220,462,446,525,1255,427,2295,573,1057,840,971,2027,3294,594,556,369,1787,920,647,486,549,1427,845,516,1238,701,1732,1244,988,2230,890,887,1250,551,719,515,619,587,1293,621,534,513,1075,467,1905,655,1104,924,1397,1299,3318,681,613,391,2856,786,713,2172,1183,576,1134,608,993,1340,758,3584,990,1244,1368,780,624,523,895,746,1384,556,465,480,1141,429,1698,588,1042,965,1336,1275,2470,664,533,495,2994,796,699,3329,473,640,1437,765,1085,1052
1979,10,1502,1296,2071,520,717,4176,2185,465,733,826,931,1207,758,1003,941,848,918,480,509,649,513,1074,1487,2030,572,682,373,522,3259,1861,1119,1427,690,937,735,1261,439,1073,852,906,1513,2815,559,1010,10931,1914,576,987,1445,433,1239,675,967,806,1012,1430,580,726,409,864,1165,2622,760,795,371,563,1192,1797,1140,1203,433,715,400,841,1771,1540,1283,2755,541,584,5484,1692,577,702,1304,442,747,898,1107,928,734,1509,543,648,508,769,1468,2713,615,868,396,527,1260,1589,1648,595,1322,631,774,1034,399,637
1979,11,575,407,1182,597,611,3009,697,1227,1217,1372,1194,1002,1548,400,408,499,419,1778,468,914,570,1039,597,693,524,719,582,408,870,593,737,439,3262,2186,464,976,553,1430,554,771,421,1007,430,447,1370,1123,1299,806,761,1960,1245,447,399,588,466,794,396,845,836,1026,704,766,522,500,681,359,1144,586,800,619,488,1392,528,1884,845,563,425,997,429,1055,1554,1104,1105,836,801,1704,1289,490,385,525,505,504,403,913,639,1137,909,894,601,532,678,427,560,619,670,910,541,3135,2705,862,552,547
1979,12,932,954,562,890,2890,3375,735,1438,1238,1077,670,808,1249,429,1407,573,1085,479,555,1107,2493,748,3731,2958,1541,382,1732,390,704,616,450,1275,1424,1555,524,5502,1990,1085,889,888,636,558,849,2463,3177,837,1791,901,962,809,1010,391,1800,596,814,526,590,1068,2807,534,2918,3001,1821,388,1421,547,646,988,435,626,497,3639,2302,1041,1275,961,904,555,953,2251,5135,799,1694,1491,1083,1064,983,408,1142,842,1050,762,530,1169,3474,493,3569,3702,989,394,937,415,951,712,435,815,1147,920,2480,4498,2600,943
1980,1,1733,2085,775,1398,705,6159,2073,647,5240,509,768,995,686,417,1170,628,1712,592,572,1280,1577,527,1771,2039,900,637,1021,576,925,639,643,4235,1505,2087,758,3257,2525,635,1062,1746,2327,667,1019,1096,3235,2142,592,3721,557,1528,666,417,1518,787,1543,602,457,1345,2389,660,1622,2767,782,507,1095,691,1102,464,902,853,588,2830,1857,756,2356,1586,2003,597,1374,819,2876,2785,753,3791,543,1207,862,433,1728,442,1363,611,576,1097,1822,584,1541,2403,1689,649,1551,706,1052,448,928,575,6063,1479,1316,1722,1860,1122
1980,2,1981,964,637,1085,817,1997,1269,653,2698,897,2864,730,839,667,1083,899,751,1847,620,1404,3068,1258,1044,3734,726,588,1717,855,1517,634,1102,1610,1518,1507,1215,3134,2511,869,1107,2418,1243,709,1067,783,1745,1276,674,4084,1051,1524,749,501,726,1423,1026,1804,656,1351,2253,1551,1058,3754,765,754,1549,1373,1443,545,1382,909,1980,3960,1727,1209,2567,2128,1363,765,1286,802,1789,1275,706,2224,1066,1035,725,626,847,1163,923,2229,581,1215,2382,1983,1065,5707,743,640,1733,1066,1253,670,1193,937,2159,1639,2152,4566,1912,898
1980,3,1171,1130,3739,585,870,1486,1436,535,3428,667,1680,1181,2073,1149,536,1178,650,731,508,1123,2641,2278,1335,4300,2294,529,1698,1780,1609,753,2589,2584,1381,2273,1485,4305,1665,1101,1042,1060,893,3032,692,888,1353,1720,612,4144,636,674,1996,1395,603,1496,721,651,465,1811,3336,1819,1155,4108,2150,481,1520,1532,1995,878,1888,1965,1072,4770,1497,868,2871,1171,933,3555,589,750,1318,1923,553,4026,626,682,1675,1131,594,1612,671,637,506,1511,3532,2626,1828,3542,2481,482,1403,1741,1638,638,2018,1911,1869,1635,1621,4107,1582,1206
1980,4,697,823,1239,833,784,1055,1203,528,4077,589,828,879,804,537,1246,674,505,599,437,1638,2598,1096,1026,2714,882,432,938,712,1199,603,911,1617,1218,1214,543,1497,984,605,868,702,833,1368,752,825,983,1348,652,4243,574,577,884,445,1373,651,533,560,429,1610,2317,1081,986,2208,861,415,1036,1013,1238,624,923,814,517,2785,959,891,2250,697,754,1089,688,783,900,1096,622,4681,557,608,927,545,1695,610,514,564,427,1735,2243,867,783,2687,918,405,1313,768,1050,585,1021,813,1520,1311,1005,3053,1225,800
1980,5,573,821,524,480,509,667,1191,486,2536,434,547,528,536,597,822,490,428,618,377,925,1286,785,737,1656,722,375,783,561,684,467,981,1046,826,730,450,1078,960,430,619,605,759,516,441,505,690,1026,449,3019,476,469,537,534,762,532,439,668,374,818,1286,721,712,1257,765,371,657,547,671,475,880,635,441,1360,832,451,1246,677,831,522,455,544,671,989,429,2935,438,485,524,512,659,502,433,672,382,680,1200,702,673,1224,707,375,754,476,690,516,1145,644,1038,628,730,1654,1456,593
1980,6,605,517,676,490,604,553,942,408,1158,481,458,411,442,462,731,460,397,460,380,466,541,551,486,631,432,370,476,433,689,592,528,569,457,490,413,769,616,669,437,548,557,590,577,503,499,630,432,1213,482,404,477,444,483,464,404,413,384,494,555,477,530,622,441,365,439,458,746,617,669,516,417,654,490,721,566,480,473,925,433,546,514,616,449,1858,488,404,501,457,511,450,400,412,387,445,561,617,566,635,454,370,454,503,633,537,485,500,514,538,491,795,507,427
1980,7,1033,973,1162,636,1161,780,578,861,1112,1036,931,1100,901,631,889,593,895,938,967,810,785,633,1173,1060,535,984,896,782,1138,882,1119,898,1372,747,487,1049,1081,805,624,1058,1126,1297,640,1465,710,538,858,1161,890,818,1080,615,1200,602,771,899,1255,684,778,689,1018,1096,533,804,877,839,1037,1010,1108,1135,502,1243,1005,835,754,1274,1061,1061,812,1563,831,640,699,1125,918,738,951,677,1094,594,854,994,1054,820,780,623,943,961,563,897,901,815,1237,629,1061,1045,793,1327,750,1048,876,637
1980,8,1321,1789,2328,1140,1530,631,550,692,869,1372,822,1201,745,763,1240,727,751,1503,956,1144,941,1066,622,1363,1256,1342,694,947,1599,592,1132,968,994,1151,556,1135,1129,834,702,1186,1640,1776,808,1083,686,643,732,995,1470,969,644,744,1397,674,1016,1355,678,1203,857,1355,611,1030,1278,1653,815,960,1789,525,1219,1036,543,1033,931,1034,697,1204,1650,2445,934,1207,544,629,867,1039,1506,956,748,839,2037,640,731,1884,888,1234,943,983,538,1426,1200,1309,771,963,1583,821,1240,947,1006,1087,1275,1041,1246,633
1980,9,1149,1324,3445,725,754,410,688,1119,2968,609,1031,1869,420,405,1126,1368,1141,720,794,944,2367,864,1020,1170,936,1804,570,1389,2008,688,1032,1448,509,1834,1961,513,1610,598,421,1053,1333,1337,752,921,427,796,1109,1078,604,573,398,425,872,1230,863,769,929,1116,2259,952,888,974,783,1646,510,1298,2420,788,1354,534,1493,480,1469,820,431,1426,1704,2824,583,607,422,588,1211,2107,517,493,408,435,775,1203,1318,595,1045,1126,3035,823,842,913,1071,2234,460,1195,3179,798,1195,477,1665,438,2418,495,1356,420
1980,10,1036,1527,1234,410,567,653,1709,849,549,565,1027,942,398,460,603,1931,1258,843,1500,1093,456,701,462,3411,2355,998,772,3077,989,435,615,730,390,1802,487,499,525,3505,374,1262,1334,2894,418,576,572,1070,1249,2027,469,587,377,580,709,2044,2040,748,964,1025,1071,863,735,2383,2978,1276,688,2336,1438,386,426,370,1057,393,553,2784,442,908,1786,1065,455,591,670,1809,1065,687,476,468,387,421,656,2821,1307,471,1077,759,475,862,732,2351,2999,959,686,1273,1438,446,406,376,863,400,999,463,509,378
1980,11,842,735,580,436,874,444,677,4318,629,366,611,1319,1179,629,842,1007,563,673,784,1107,560,896,1181,655,1136,515,2158,1428,1550,518,525,738,603,803,445,373,738,960,369,895,776,733,582,663,559,1338,2427,666,387,471,1088,392,701,839,686,894,895,806,459,670,1167,1031,1177,1059,2277,1353,1127,476,764,1841,460,510,854,874,484,840,708,719,584,721,549,779,2933,655,436,621,1138,629,1210,801,712,1348,754,836,552,811,1079,647,1253,934,1954,2747,1081,565,723,1700,755,592,772,430,884,362
1980,12,661,1344,1122,1268,2869,3631,775,716,674,404,3317,6056,674,748,2636,2498,505,482,495,708,471,1490,582,1343,624,1129,645,3153,615,410,2078,892,431,793,2022,368,1137,721,391,532,1307,1118,986,3350,3386,659,1032,657,416,612,716,1102,2944,2895,474,428,475,963,677,1449,532,1168,785,655,579,3669,655,447,1144,1122,2379,367,1203,640,479,552,1347,1147,741,2319,4032,595,685,652,438,539,568,720,3320,3619,469,423,522,987,468,1520,653,1559,835,598,877,3427,606,403,1955,959,729,369,809,368,1276,381
1981,1,909,947,1708,470,1550,1104,1076,2067,445,851,1487,5720,1511,421,2235,1482,627,738,2192,2142,445,962,1944,1010,637,2559,513,5481,908,617,759,674,1002,1566,1218,456,587,1760,372,1004,932,1916,439,2537,1184,1250,1894,468,855,935,859,399,2840,1999,582,917,2516,1862,491,1063,1476,1076,568,2531,514,3894,814,435,1681,1050,1164,624,618,1623,718,1126,918,1412,681,3819,901,1014,2410,463,1006,874,1585,442,1839,1343,572,731,2628,1596,480,1026,2379,1101,595,1542,531,4208,671,806,701,1055,691,1236,1416,660,620,385
1981,2,854,906,1822,888,1860,1256,1617,3165,514,914,1062,5910,1371,682,1235,1972,454,1451,1818,2396,440,911,1253,2592,736,1095,1006,8648,626,1651,798,465,799,1011,982,652,949,1933,382,990,896,1825,1170,1581,1340,1190,3169,569,1158,779,2283,1118,1541,1974,651,1716,2674,2539,445,957,1964,1558,747,1624,989,5152,725,1918,781,1093,1296,408,749,1305,452,872,978,1827,840,1677,1428,1603,5147,526,798,769,1161,760,2057,1847,558,2203,2858,2566,423,817,1488,2180,997,2004,903,5763,904,1451,910,1153,491,645,1113,421,764,443
1981,3,2242,770,982,1096,3591,2002,1335,3112,1029,670,926,4246,1133,1090,2336,1999,1199,2794,1785,2738,1035,949,1754,2489,625,2176,732,5858,785,719,1986,550,1773,1457,2133,482,944,1415,522,1572,808,1163,834,2682,1891,1955,2867,733,637,2711,1197,970,1601,1824,1108,2522,1904,2240,1375,1089,1703,3776,802,2643,870,7273,684,649,1843,2621,2276,464,951,2270,637,2751,901,1111,970,2295,1651,1392,2625,904,603,2384,1196,931,1478,1893,896,2343,1735,2701,878,1173,1573,2595,856,2093,1002,7775,622,799,1752,3440,651,1816,1124,464,991,487
1981,4,987,612,629,610,1993,967,1058,2263,451,429,1688,2227,688,437,1169,1497,456,1314,1902,1755,577,885,885,1571,1534,3946,650,2051,585,598,1375,427,676,933,1018,367,929,2115,442,1381,577,727,575,1732,1189,1203,2227,475,516,1489,782,466,758,1201,475,1190,1336,1773,488,842,1174,1385,1195,4566,590,3230,607,626,1620,2343,1100,373,829,1653,970,1054,608,661,659,1642,1515,958,1455,513,471,1584,748,412,969,1170,474,1191,1897,1762,731,902,1076,1718,1241,3763,570,3956,652,618,1876,2021,474,741,821,375,848,520
1981,5,623,469,510,786,1263,613,759,1470,558,430,659,1465,527,388,894,786,406,737,1249,1226,443,632,498,2311,496,2063,439,1328,528,3451,1524,410,524,602,767,358,552,1038,628,528,467,569,454,1116,648,759,1380,474,427,794,554,402,562,805,414,723,1706,1192,500,643,653,4583,563,1654,450,1500,594,2870,1150,1380,698,357,594,1057,588,564,461,606,813,1086,708,569,1343,513,429,706,579,382,633,826,404,785,1489,1220,461,626,701,4184,596,2428,458,1696,531,3455,1114,1588,421,504,558,359,568,615
1981,6,848,413,537,470,578,421,535,623,444,378,462,750,420,532,515,604,410,544,578,574,419,475,517,2398,416,795,393,725,486,519,589,386,471,582,535,369,683,482,549,690,412,579,784,636,425,569,719,459,391,515,473,527,504,626,447,514,576,537,445,505,485,2350,420,807,435,689,431,591,503,530,551,368,522,471,475,598,409,453,426,561,430,551,632,473,385,604,471,473,531,502,427,567,580,565,458,466,500,2791,424,723,407,842,444,543,548,578,380,465,495,365,627,654
1981,7,1557,641,803,848,623,839,872,1458,627,606,1070,933,789,758,837,689,750,602,681,1014,1324,765,599,788,629,839,758,1050,926,1234,726,853,758,684,687,1146,1075,622,1302,1307,608,739,1213,628,767,985,1449,825,569,917,934,818,1277,705,822,815,755,1127,1089,769,654,973,650,961,650,1156,1000,927,730,1733,681,986,1118,639,986,1158,609,893,1267,666,794,946,1440,863,610,738,917,1017,966,706,799,740,630,1234,1237,786,648,1027,632,870,690,1174,706,1387,689,1680,840,818,671,1266,1090,1312
1981,8,1774,478,1160,1895,731,1078,1168,912,1239,562,1144,1102,3119,1206,1766,750,1290,790,826,1018,1043,569,949,1288,1178,938,845,1255,971,1303,1062,1171,1357,811,1219,1038,1208,751,1443,2201,462,1001,1157,691,1044,1234,1069,1309,630,590,2478,1212,1439,743,1254,823,968,772,1381,502,870,1146,1276,1102,759,1098,978,1840,1049,1802,1132,964,1004,705,923,2653,501,985,1196,739,1205,1188,1040,1303,573,557,2898,1267,1609,675,1209,627,874,891,1101,553,779,1075,1294,1012,936,1382,1417,1285,1100,3343,973,1454,719,969,984,1007
1981,9,1008,376,2059,1109,583,1075,1562,1014,1083,588,966,1461,705,652,1190,981,1065,426,421,818,858,489,499,1765,1066,856,865,1295,2933,480,660,735,2068,385,621,739,789,990,597,1029,381,2015,2941,467,1391,1513,902,767,599,863,747,640,1282,884,3460,454,436,801,626,514,456,1817,928,846,880,1048,1885,545,801,1299,534,929,1045,1053,662,956,373,3520,3009,595,1128,1629,1058,957,606,927,623,808,1129,978,2064,400,436,851,705,424,490,1231,977,953,727,932,1998,437,646,615,821,1230,457,862,1027,819
1981,10,931,605,1143,4854,534,1195,1227,770,2394,558,1570,811,1190,980,671,1609,2726,474,1674,1506,708,618,1613,2752,1431,445,405,532,536,374,3559,1078,600,812,373,890,639,2481,2579,1009,506,1169,2424,652,1488,1762,709,1879,648,948,912,644,426,3061,1330,434,1118,973,849,600,1673,1292,1850,442,524,518,1072,378,5460,2007,406,956,533,1848,1955,954,509,520,2041,409,1297,1535,553,2378,626,1073,1049,586,441,2334,1169,384,1454,1695,583,687,1683,2118,531,423,733,628,789,376,5977,1607,1067,2076,699,1036,623,1810
1981,11,419,713,880,866,516,514,2629,573,2813,442,562,575,599,755,1064,1988,957,822,823,530,581,422,881,1434,650,389,681,745,675,367,1479,2310,2204,1053,2820,604,750,622,655,426,987,789,1296,815,536,2312,773,2377,415,946,787,1122,1031,1248,941,872,1213,1512,620,461,1080,2648,458,382,444,487,717,370,2932,835,2502,622,638,1710,694,419,1043,724,1587,1044,552,2097,757,2635,375,688,639,1289,1132,1162,724,697,938,605,619,390,713,3072,1646,381,460,722,898,368,925,800,1643,599,571,485,652,673
1981,12,676,793,783,1097,799,3332,2563,871,4407,2160,1688,1933,2720,721,852,959,3090,497,1249,3176,520,1384,730,1927,587,406,370,435,3922,933,1122,1855,2408,806,1902,605,397,3622,459,732,536,1028,965,555,3239,2651,695,2625,2139,1797,1811,623,1088,766,2490,443,1189,3553,558,1510,643,1843,538,408,405,550,3930,1058,1092,635,2549,576,423,2472,2186,599,482,834,947,820,2399,1797,1220,2440,1756,1701,3061,501,1061,1242,3258,636,1454,4363,594,1995,919,2018,563,447,384,407,5838,828,1195,585,2084,2927,1503,589,456,446
1982,1,790,520,934,795,1037,1197,2072,4042,4618,1482,790,812,1883,537,942,1222,1463,480,926,1723,1226,1647,1160,1688,899,555,1458,695,3471,996,1055,1070,2136,952,1529,522,646,2316,448,485,482,739,851,830,1187,2204,3325,6911,1390,1554,2599,553,1058,994,1141,521,1281,2368,1445,1429,1360,1850,933,1035,1475,736,2632,992,984,688,1780,552,636,2164,1085,835,438,836,1006,910,1537,3382,1784,6059,2362,1586,1250,612,1261,1192,1243,463,989,1715,1371,1020,873,1893,1183,1127,1499,510,2825,1011,970,724,1033,2259,725,594,672,435
1982,2,697,1923,571,2305,948,1098,2296,2779,3176,865,790,673,1126,452,2518,1496,1035,592,1523,2853,920,598,828,1712,1065,1233,692,438,2548,507,1951,1978,1842,2198,1190,850,1105,3343,533,1057,981,686,3500,1060,1440,2378,4380,3895,812,2235,1039,446,1900,957,1012,575,1971,4594,664,625,912,2048,736,696,654,509,2714,516,2781,1242,1353,736,832,4409,1040,618,1454,492,2127,717,1086,2111,6422,3815,838,1884,1014,442,1827,1809,1057,588,1706,4781,864,1043,1165,1877,605,700,646,901,2353,621,1464,884,1996,2135,2939,702,709,589
1982,3,1246,1248,486,8773,1738,844,2688,5247,2374,1512,1625,947,895,419,1125,1610,1526,591,1645,6606,801,682,900,6485,1070,437,1722,445,7600,1461,2489,2092,2300,2212,777,1215,880,4194,576,953,1979,503,4783,1663,1006,3076,4726,2452,1469,1460,1152,434,1061,1698,1721,475,1421,5704,811,742,701,6109,1063,447,883,418,5820,1405,2319,624,863,1688,1014,4558,1160,959,1133,462,7899,1991,834,3353,4594,3318,1469,1735,1125,434,1162,1466,1773,426,1456,6135,848,774,866,4761,1409,473,1518,424,3449,1175,2808,725,2083,1867,2502,1577,1032,456
1982,4,745,679,451,2824,797,825,2433,3475,1749,732,956,2225,869,520,1411,1160,1518,425,854,6194,531,545,1619,2516,620,463,676,475,7279,555,1418,1503,1546,1094,676,636,612,3300,411,659,718,478,4277,748,886,2119,3345,1513,834,1035,725,521,1213,897,1166,499,977,4997,556,504,1259,2514,548,467,1245,438,6792,528,1208,821,772,652,545,2269,723,764,694,469,2588,836,745,1484,3577,1687,705,812,738,530,1001,1073,1278,502,941,4805,543,542,1420,2951,622,490,718,474,12107,530,1618,737,1285,2075,995,598,574,401
1982,5,492,475,420,925,528,599,1056,1845,782,552,693,1045,695,442,649,613,561,529,691,2710,906,437,629,1345,662,1614,511,533,2357,466,683,1017,1095,880,505,473,446,4114,398,546,514,424,1034,545,755,1221,1999,851,559,859,698,461,654,509,579,591,760,3464,678,439,639,914,943,1623,495,493,3397,452,705,450,576,464,440,3390,563,486,471,404,1066,511,697,800,1966,795,527,644,688,473,670,589,635,547,692,2548,665,461,591,1265,1138,1820,493,483,2670,452,654,474,1180,1193,1179,480,421,394
1982,6,435,542,392,790,413,610,528,806,493,470,498,530,476,429,677,609,467,486,499,1856,404,444,485,566,885,800,472,393,1547,454,548,503,920,800,624,402,387,1427,836,429,505,400,623,405,505,534,798,521,472,465,492,369,503,673,454,443,551,1580,478,439,433,510,548,711,538,463,1795,468,514,420,630,422,423,1495,495,404,440,388,833,438,560,493,1167,512,444,449,479,372,596,689,451,472,452,1606,462,446,450,524,829,498,466,483,1680,424,694,408,615,871,887,400,386,553
1982,7,500,847,964,659,857,1857,702,697,928,787,910,919,1020,1085,743,531,757,693,1237,802,854,1033,1213,654,1302,1125,1384,778,799,1068,927,1230,879,1444,1750,604,851,953,754,548,899,1090,847,885,1398,704,813,910,773,1248,1041,981,883,525,795,836,1175,624,883,1276,1229,692,1451,941,1303,734,792,895,921,841,1800,670,820,913,984,552,993,903,623,942,1355,697,790,952,787,1097,1055,1188,809,535,811,733,1405,853,828,1011,1036,717,1125,1156,1339,804,675,1137,821,844,918,817,1947,674,902,1034
1982,8,492,789,1485,539,939,824,1214,1303,873,912,1128,1296,1267,715,662,1479,1354,793,1624,725,546,2467,888,683,973,909,1244,877,631,1513,1257,670,927,1113,2219,653,1531,1110,1216,475,903,1069,509,829,861,1107,1737,786,926,1797,1162,794,699,1492,1326,953,2046,725,550,2167,838,619,849,1044,1377,1150,683,1368,1128,1126,1678,570,1213,1059,710,483,1044,1325,556,971,884,1303,1258,770,991,1871,1244,663,579,1462,1374,1384,1486,789,548,2176,966,622,1116,1104,1271,991,722,1243,1498,998,814,1054,1058,575,1484,1225
1982,9,688,1168,1315,397,982,502,2452,629,778,849,491,1358,691,850,1002,2619,1179,639,814,473,456,2216,705,761,2268,618,627,463,426,3966,551,2494,959,1310,651,1127,693,1352,939,743,1155,1800,388,1003,719,2663,634,792,904,910,706,1306,992,3022,1134,564,749,425,441,1170,1203,689,1807,506,533,451,403,3026,559,497,764,1607,829,1754,679,575,1485,2160,391,845,838,2370,602,691,726,1945,707,1454,1330,2510,1518,560,727,431,455,1742,1579,770,1631,450,560,400,452,2578,765,558,2403,968,1359,1165,770,1128
1982,10,463,1124,1664,495,403,1155,1544,502,635,413,416,1717,575,2169,1186,1224,6643,1054,888,878,401,1914,1004,538,1883,426,382,738,1106,2709,383,708,709,1362,397,676,1481,558,1718,484,1334,1338,505,391,527,1245,422,505,390,1289,561,1517,1904,911,1464,844,1362,799,432,3217,587,642,1535,392,423,423,1165,2144,378,1705,399,603,1048,571,870,496,1689,924,537,560,1332,1381,443,566,602,745,522,1436,1047,1463,3746,939,966,765,446,2040,537,713,2233,448,406,930,1131,4562,388,1852,736,890,1250,492,1541,1883
1982,11,1305,849,535,437,655,1293,1020,521,541,1556,1199,1098,486,1933,1085,600,885,392,839,767,544,1460,948,700,691,540,428,414,609,2792,527,567,897,2130,685,636,1480,858,980,1358,577,1041,396,544,1804,887,437,493,1481,467,452,2135,636,599,9150,565,768,562,544,956,912,656,803,567,488,884,541,3926,506,590,907,452,2519,470,479,1190,683,1585,382,641,650,951,496,525,1530,778,471,1797,736,715,2476,422,748,586,540,907,810,551,668,547,486,423,481,1976,584,618,2306,440,2005,669,540,796
1982,12,518,1626,1125,1178,537,449,1590,1299,1157,1381,1652,2190,1162,702,612,752,762,412,4788,456,541,1153,1767,1616,707,671,782,1911,2352,3749,712,3009,593,1112,1534,413,609,1079,733,522,3124,596,1294,771,486,1382,1091,1045,2401,561,1312,699,503,793,789,395,4019,636,502,1205,1362,1477,903,660,754,1718,1749,2410,756,1307,1514,556,560,1316,385,656,1992,611,1148,716,673,1413,1486,1037,2466,590,1567,1070,519,806,873,409,3534,584,473,1688,1151,1544,836,547,837,2061,2174,5782,567,1379,3986,728,1153,396,1304,970
1983,1,1371,2105,1818,612,815,708,1906,1499,1119,1905,1126,1634,1029,1008,1511,722,674,1014,2332,647,390,853,1246,922,1614,547,851,667,1407,5059,1382,3732,1429,1381,1943,1148,719,860,1314,1037,1211,2574,726,615,912,1844,1245,1226,1126,1635,883,802,1586,731,759,1239,1501,888,385,770,1774,848,1486,445,1043,809,1973,7350,1573,745,1351,1151,814,873,895,1268,1597,2286,722,690,512,1861,1468,1363,1345,1998,842,1350,1004,826,732,902,2030,792,364,844,2400,1048,1391,699,1002,644,1234,5426,1559,848,2370,1513,1315,1365,726,831
1983,2,1852,1304,1600,627,476,864,1686,1030,560,1010,1093,2423,1124,1311,1671,1873,712,974,2613,1003,507,1906,1737,1198,1214,947,1078,1567,741,5954,954,4557,1890,1617,1235,816,1342,890,1071,2322,1373,1277,651,452,792,1380,1745,704,2030,780,884,1547,2025,1413,745,963,2835,651,624,1730,1068,1269,1216,1030,1172,1537,719,7270,892,1196,2138,896,1085,729,1405,1498,1395,1564,860,481,1285,1377,1760,624,1556,946,593,868,1913,1762,829,1373,1826,582,675,1539,1131,1001,1178,1112,1292,2958,892,5265,883,1512,2983,2046,1397,901,1265,1106
1983,3,839,2056,881,844,1356,1323,1122,1894,529,4308,1418,2638,551,1178,2178,656,1318,816,2621,488,747,1743,1636,696,3109,531,1661,4223,1087,4923,1808,4707,840,2412,4247,3239,1085,579,2301,780,1923,812,1054,1190,2246,1127,1443,525,4037,1008,635,1097,1844,730,1489,899,3291,459,467,1183,1291,818,2570,451,1741,4230,989,4155,1912,1291,2548,3117,1460,611,1067,894,1765,884,790,1360,1960,939,1201,570,3192,1186,1059,1108,2608,749,1424,981,3983,482,642,2047,1236,953,2481,450,1875,2833,1308,4671,2281,1145,7611,843,2509,2365,1045,1690
1983,4,744,2889,656,572,548,2367,756,826,471,1825,881,1930,471,856,1437,520,908,487,1482,448,466,914,932,617,1404,412,1205,2477,1024,2101,1691,4896,946,1278,1945,2353,760,483,1357,667,2064,580,609,485,1188,717,910,510,2445,1000,467,939,1658,519,883,517,2097,431,585,1216,1174,591,1777,407,946,3099,1033,2556,1239,687,2405,2082,804,480,661,694,2898,690,639,500,1346,666,839,512,2077,741,499,928,1532,550,1010,656,2191,414,402,1116,847,601,1823,418,1072,2230,910,2206,1303,725,4569,759,982,3243,925,1440
1983,5,606,833,611,411,488,650,706,694,553,1421,597,1365,422,959,1243,459,565,582,1117,404,938,813,626,533,1038,378,636,1380,701,882,596,2739,606,666,6034,1291,734,434,802,555,1323,577,424,525,1061,684,622,588,1369,701,421,1451,1375,457,649,739,1391,394,700,957,625,554,992,378,674,1456,663,1080,660,503,4262,1330,755,435,451,600,738,687,420,548,710,709,711,511,1197,717,431,828,1550,464,562,541,1352,389,1008,698,628,540,975,382,716,1307,624,1136,808,584,2107,592,579,1361,671,958
1983,6,605,500,484,377,395,450,500,514,562,749,527,881,436,628,635,496,439,870,767,437,600,642,560,424,548,428,522,683,512,545,531,1431,644,562,1151,546,501,486,468,533,507,485,385,383,454,522,480,417,650,440,414,621,531,452,483,500,767,595,420,553,473,425,504,431,478,717,661,584,496,606,1285,537,483,461,396,546,540,532,385,391,442,508,456,582,700,434,441,998,477,489,465,928,770,404,378,1071,489,413,530,427,450,623,648,568,493,619,979,620,551,576,540,465
1983,7,715,971,840,676,629,576,636,1115,681,774,844,1511,810,1295,740,1072,1034,2014,753,1099,606,900,884,1003,1130,1177,623,765,840,634,661,973,942,768,1204,707,1216,878,1015,865,1001,652,690,702,625,612,1041,785,740,923,793,1227,626,1059,980,1923,921,707,572,763,910,908,1387,1436,686,731,747,642,707,870,1146,646,1229,863,610,984,990,745,675,667,653,588,1056,669,823,881,846,1109,818,1202,926,2125,701,1026,494,771,971,1091,1310,1200,705,749,727,651,729,916,1217,947,829,708,1136,877
1983,8,1467,1220,2047,649,1064,1127,848,1834,538,877,1015,1845,1100,1506,1369,953,961,1382,1428,829,727,995,778,1169,1150,1161,922,577,1572,1193,682,689,1041,1107,1041,1243,1074,972,1028,1134,1015,2380,678,1026,1306,785,1715,579,959,1878,1064,1407,1677,845,1039,1678,1590,1018,970,904,728,1105,1233,993,973,576,1344,1041,717,797,1301,1618,1281,1024,1450,1013,918,1760,719,980,1349,793,1570,570,843,1747,928,1181,1279,807,1514,1242,1411,904,1033,1045,732,1476,1225,906,1183,495,1965,1020,620,814,726,1007,1049,1447,1153,1180
1983,9,637,1025,724,461,666,687,414,542,1245,2260,980,1309,677,632,710,690,701,1719,1058,1010,1444,987,442,955,653,446,1700,862,1064,1394,421,474,677,1374,709,1484,722,728,1699,604,1331,594,507,718,674,471,586,1191,3786,574,541,575,669,664,703,1609,966,1047,1044,798,455,941,675,471,1336,908,1223,1454,451,922,1106,1278,559,1615,889,660,1107,1007,510,840,576,443,610,1464,2719,712,493,827,900,818,732,1669,1220,1061,1136,932,411,695,582,478,1238,990,923,1330,488,543,512,635,921,917,594,1345
1983,10,939,509,2514,978,665,532,664,873,889,1032,1891,598,370,458,534,1264,379,439,408,397,1403,1557,374,454,696,686,689,397,395,472,998,589,1023,3658,1262,2026,464,3214,1166,687,457,1849,701,622,439,917,949,691,1983,516,385,522,583,602,377,446,431,404,1243,2587,375,394,580,995,1066,381,395,473,1199,631,667,2178,439,1695,418,842,580,2086,907,445,445,965,698,618,1581,871,384,458,522,1164,382,463,424,403,859,2585,415,403,801,595,1197,383,392,454,1206,849,589,938,3744,1732,518,739
1983,11,3866,501,533,824,613,469,437,563,401,1915,1387,884,379,477,891,607,418,569,403,583,562,1439,584,1263,557,517,467,949,404,1965,469,492,492,2529,762,537,861,814,664,3206,477,581,1205,645,500,397,409,436,542,1335,378,692,922,1566,598,431,410,481,607,873,431,1141,607,396,483,1313,447,1398,390,564,1226,525,818,1410,2681,2058,538,542,879,779,473,371,579,388,638,437,377,658,433,806,409,566,419,580,1390,893,478,1032,452,779,472,794,441,1141,423,715,484,1039,2348,1149,539,745
1983,12,1521,390,489,435,1015,538,726,390,394,2235,841,1182,396,1293,1853,1012,2095,2626,446,3108,1172,858,541,524,2346,407,1670,684,397,659,824,386,588,1616,1777,1032,951,1367,431,983,436,469,404,1082,488,797,499,385,2013,1288,466,1349,1609,1573,1427,1976,419,2379,1191,694,645,566,1922,477,1451,486,398,932,881,571,1449,835,781,1232,628,2107,391,473,434,1124,552,659,398,384,1474,1967,408,1804,1946,1056,1907,1530,447,2031,1125,661,672,566,1940,437,1384,1128,383,990,1113,613,404,654,1385,852,1043,436
1984,1,1995,483,4903,431,880,511,594,897,1125,1188,618,597,609,1347,1183,755,593,1561,757,1123,1246,2873,543,793,1331,1368,1608,611,599,892,1128,530,935,1185,2054,607,524,2045,1355,2123,482,4166,598,1118,1104,972,824,647,1312,1652,490,1834,1243,743,878,1902,829,1402,1194,2911,706,804,1588,1252,1204,591,634,1062,1087,635,2004,640,513,2574,543,2696,469,4971,740,1226,1055,1247,990,1069,2301,1363,519,1550,1056,554,564,2806,746,2858,1227,2682,578,945,1880,1286,1178,496,617,934,1004,701,628,1067,1030,641,497,1660
1984,2,1265,909,2675,955,1442,1794,1602,516,685,1168,1777,1691,812,1218,1223,866,514,1691,1017,1150,1842,2564,963,788,990,946,966,734,1279,1476,1136,917,1610,988,2053,678,865,1452,772,1720,1065,3993,742,897,1514,938,506,1257,1113,1476,642,966,1280,1073,501,1892,1065,1300,2394,1627,724,564,975,1202,1368,547,1125,1330,784,624,2132,659,883,1447,537,1526,1112,2840,564,865,1528,1154,503,504,1384,1328,688,898,1366,1191,518,1436,1042,748,2417,1955,1111,610,901,1058,1760,963,1485,1265,1401,728,1033,1329,818,601,858,707
1984,3,1134,1118,5161,528,540,914,663,1928,502,1832,2032,980,597,1849,1542,928,593,2559,652,787,3077,1452,634,1826,1866,1066,831,445,942,1212,637,1132,2942,806,4583,516,502,1058,724,1443,985,6896,535,573,956,653,2085,565,1403,1454,837,2106,1613,937,606,3267,651,761,2570,1508,657,1322,2835,1439,923,554,1006,1400,797,2375,3527,535,440,966,484,1453,909,5910,721,592,757,767,1469,627,1828,1413,523,1682,1577,879,573,3370,666,1038,2410,1218,742,1567,2637,831,911,476,782,1187,693,2015,1315,3017,766,621,443,621
1984,4,1005,467,6360,396,728,625,697,1465,665,1407,1382,642,454,1335,981,910,592,2806,506,720,2629,850,475,816,1484,1412,698,445,576,991,528,695,2092,783,1652,497,415,887,486,798,483,4545,404,711,560,698,1312,580,1426,886,571,1551,951,664,697,2623,543,605,2798,948,432,859,1229,1048,749,481,609,770,557,831,1796,476,405,744,432,755,472,4066,409,691,580,841,1723,587,1427,941,497,1464,994,614,758,2649,546,623,2761,676,513,751,1401,1649,730,477,711,936,520,778,790,2000,758,479,404,480
1984,5,599,488,3384,405,865,437,664,849,426,719,566,571,412,943,643,547,491,1422,423,484,1328,566,409,519,1052,563,492,467,439,571,414,480,1035,569,791,533,390,573,424,673,512,2820,422,593,444,618,970,414,707,562,375,932,693,609,452,1277,424,462,1398,588,395,456,949,518,565,439,447,567,416,849,790,569,386,567,420,624,495,3083,414,745,435,571,1171,425,825,621,361,1354,652,577,447,1217,422,486,1551,507,417,477,968,540,517,458,466,710,427,918,496,963,523,526,384,420
1984,6,917,418,1261,452,504,421,605,601,482,532,432,649,437,489,431,424,446,510,409,419,840,439,450,446,481,421,488,376,544,594,395,465,509,459,575,443,416,491,484,615,480,943,436,653,414,854,526,507,542,1097,422,604,433,432,450,573,429,410,876,443,442,504,458,426,508,390,476,613,395,461,522,417,424,495,597,739,489,1334,424,508,421,513,541,541,518,691,451,544,434,406,468,516,460,418,856,433,441,471,462,416,460,390,481,584,414,627,601,518,534,476,426,422
1984,7,969,767,764,615,796,642,614,991,1318,682,727,1171,1110,816,635,760,572,673,970,882,804,586,1066,789,934,658,856,636,1025,909,991,1051,861,1198,791,585,770,690,868,982,775,824,700,794,595,508,781,1262,762,718,1248,809,746,715,579,640,1005,769,861,604,1130,727,894,675,631,677,1027,1031,920,829,835,626,769,591,1667,754,804,860,770,578,626,798,916,1043,786,842,1066,853,671,726,589,613,1065,813,888,566,1031,730,829,675,832,693,1310,976,1101,715,847,814,1114,564,728,895
1984,8,893,921,1216,1401,790,707,865,1905,1472,653,1113,1405,882,732,842,990,803,804,931,1282,1746,711,555,931,1714,689,730,1035,1481,1102,1036,821,661,1001,1048,632,736,1044,684,723,902,927,1731,733,895,945,2435,1235,583,1107,869,801,591,1204,853,833,906,1457,1639,719,496,892,1369,667,916,917,1943,1141,1324,987,901,689,781,1115,1972,868,1107,988,1625,871,850,986,2201,1405,593,1225,1037,731,591,1115,869,873,936,1337,1880,749,565,896,1592,657,750,884,1291,992,1346,996,909,717,900,862,798,757
1984,9,490,1039,723,1249,1271,624,562,1062,515,755,715,1327,515,859,489,932,614,1145,766,722,1054,767,834,770,1944,470,614,636,900,662,848,478,1071,821,432,2431,725,2092,506,458,1057,738,1139,1426,851,571,877,579,760,463,507,772,468,1029,590,1146,803,705,1039,690,728,1004,3323,427,687,804,940,510,763,1242,522,1463,851,1239,933,541,1174,710,1209,1209,799,533,1112,506,677,449,439,774,441,1313,584,1568,676,829,984,691,701,997,2503,421,618,654,1019,505,746,1301,562,832,943,1764,694,527
1984,10,1111,2062,396,515,1273,857,781,637,784,738,1003,507,1690,1023,2129,502,2743,696,731,1015,1296,1486,433,1539,1847,1523,1108,762,582,1267,498,481,2190,1107,1684,2427,471,474,538,654,3253,426,415,1152,641,644,568,692,789,574,2077,1318,2060,544,2411,451,547,1507,749,1182,404,2208,794,1737,801,602,522,1066,412,432,1697,3612,453,888,1046,781,2795,406,476,1236,634,873,514,830,879,940,2039,1171,555,594,1495,442,694,1018,1132,1396,434,2548,798,2135,1226,730,472,754,510,451,370,2215,870,3158,501,550
1984,11,423,2673,2643,376,958,872,932,425,680,937,625,609,1102,597,646,1111,444,461,499,718,547,695,394,3309,687,767,1184,481,1559,1180,404,753,982,681,768,1474,373,424,363,1130,2138,2320,385,839,769,1450,393,3026,824,3037,1182,1327,730,935,454,758,760,807,1112,760,425,2648,674,787,1665,552,1755,1798,413,578,620,749,445,650,676,855,1979,1947,381,1201,676,745,394,3495,471,1594,513,1319,2319,750,1440,423,520,1021,909,687,370,763,671,668,1205,534,1773,837,438,667,804,827,777,846,393,369
1984,12,1923,1306,910,602,1885,504,831,636,3047,1334,400,570,1555,2158,1969,436,913,1306,854,3101,1007,513,1476,1869,564,453,1649,768,2025,3016,382,869,1248,2221,1062,1613,639,930,974,2662,1046,1113,672,1570,539,816,483,1833,994,680,1684,1422,1853,401,1016,1001,804,2502,1155,545,1064,2066,651,445,1964,1134,1889,2455,381,536,835,1609,530,908,1610,1847,1123,1229,543,1072,498,1294,578,2909,1162,1361,2659,1166,1674,519,745,1080,839,2051,627,473,1211,2838,612,624,1773,1227,1823,3635,385,474,900,1593,1561,1144,636,1199
1985,1,1216,2682,1219,1345,2102,1972,685,1360,2713,1098,490,529,1357,1076,1791,614,712,1927,712,1899,684,1793,1452,2073,624,1130,1370,894,632,1393,1036,438,1600,1565,1739,1271,487,1209,1672,960,2136,1506,1113,2732,2343,540,1183,3158,1606,793,1224,1054,1787,538,682,1885,632,1463,710,1667,1446,1710,510,629,1103,566,639,2315,698,393,2035,1502,848,1447,1296,1078,2058,1182,1286,2909,1831,597,724,4010,895,1235,1082,1669,2478,536,1044,918,716,1572,613,1371,1470,1528,508,1352,1254,682,740,1692,1052,451,439,1000,1527,1734,476,1680
1985,2,2126,2117,1380,582,1821,1289,910,977,2264,833,1219,424,1614,897,1995,574,1136,1480,1350,1297,895,4296,1043,1780,1077,1908,3126,1071,1531,1865,800,676,1342,2059,1953,1460,1606,1021,820,2973,2329,1255,512,1972,1424,809,688,2113,888,1197,1365,878,2507,631,754,1331,1195,1510,767,3389,1309,2334,1064,2694,2658,1247,969,2704,1190,470,1505,1251,823,926,1112,2111,1837,1105,739,2334,1149,920,1595,2832,1463,740,2172,891,1984,517,869,2705,1332,2024,1086,3785,1430,1985,1055,1325,3123,1246,1497,1613,748,441,744,1032,3012,1373,1502,946
1985,3,1507,4831,1258,467,3137,1510,592,659,4576,1121,525,656,1922,887,3064,674,780,1089,1069,1219,1452,1895,606,2290,755,1173,4600,668,1459,3759,756,1021,1173,2237,1470,2068,983,1949,905,1433,4481,1312,599,3154,1135,651,622,3479,853,965,2564,865,3588,772,1173,1129,1142,1263,1629,2822,690,2319,599,1667,3277,737,1813,4404,820,1310,1867,1647,953,1433,1130,1983,3642,1286,479,3940,1143,596,815,5108,805,894,1695,840,3608,761,874,1066,876,1450,1383,2137,707,4043,550,1430,4563,676,1517,3974,992,1143,835,1385,2342,1695,830,784
1985,4,1020,2347,1229,543,2218,822,508,707,5232,631,468,400,1244,640,1962,486,616,781,825,816,878,1438,563,2152,550,878,2933,490,1129,3086,799,519,851,1932,1364,1099,570,957,702,1084,2166,1497,580,2641,1011,486,806,5053,604,2077,1379,585,1858,446,759,798,674,835,932,1080,652,1547,485,944,3663,513,1148,2286,887,589,1421,1024,516,1542,765,1310,2299,1201,537,2661,910,542,787,2863,691,1348,1185,593,1975,497,701,848,933,934,845,1465,678,2034,505,1007,4279,519,1072,3865,752,873,518,932,2035,1388,527,638
1985,5,874,955,844,461,970,632,451,496,3131,555,395,381,775,489,1113,487,652,666,515,653,537,901,609,1325,752,1053,1707,418,786,1819,713,401,521,1319,905,580,522,690,495,618,775,1149,421,942,763,494,468,2243,536,792,640,471,1134,488,583,660,522,633,537,691,566,860,875,1276,2024,427,763,1519,1231,480,778,591,497,596,532,627,819,764,433,961,658,444,532,1412,544,1198,828,490,906,523,595,624,498,626,510,744,637,1169,571,1138,1222,440,808,1883,829,505,409,545,1173,766,453,497
1985,6,447,695,672,436,497,472,394,411,1494,434,385,425,589,427,697,682,664,572,527,490,455,728,438,579,528,537,763,391,543,730,669,434,453,737,496,489,565,446,404,461,782,476,447,518,484,403,412,1159,461,892,678,443,657,672,943,648,460,464,458,699,439,560,487,529,847,404,661,684,534,395,537,497,462,451,473,463,882,738,395,509,472,449,412,1057,447,690,872,451,658,521,503,554,446,559,471,532,436,544,691,525,668,400,617,680,441,394,460,462,617,508,619,407
1985,7,765,1358,1367,716,685,734,709,917,1097,666,758,679,1678,890,745,881,778,1018,1112,865,1000,981,1022,845,778,975,1001,907,1732,974,699,671,949,1058,624,1223,1000,686,752,810,1075,1108,709,726,729,787,879,950,699,1568,1783,743,722,946,776,718,977,934,862,950,1040,770,689,1020,780,931,1534,945,710,810,652,1115,883,698,770,831,1169,1476,725,687,729,709,878,1185,680,970,1724,784,654,960,1211,659,1067,958,831,1190,878,852,790,716,979,936,1671,909,778,905,659,923,1126,1218,978,690
1985,8,912,1244,1140,826,1423,622,1206,1553,1631,730,781,1133,1748,2088,803,845,1019,782,1195,1234,865,1421,1464,789,1035,652,1130,1095,1544,1972,1306,615,1007,987,616,1217,624,780,1349,862,1168,2034,788,1225,630,1084,1501,2091,601,857,2961,2747,719,633,910,582,1037,1007,969,1177,1565,734,1029,601,1133,1061,2199,1739,1975,883,590,1091,729,724,745,970,1459,1099,979,1414,577,945,2335,2442,585,1648,1601,1687,873,598,969,756,1277,1053,922,1311,1482,779,963,983,965,1150,2174,1765,2309,755,618,848,1012,1214,616,1395
1985,9,2037,874,1158,936,486,1191,713,1231,1466,891,457,3320,2261,1305,535,713,2635,720,559,1189,600,776,496,1103,1178,400,540,441,2229,748,612,1540,671,686,1943,858,415,758,1899,3312,1061,1202,1143,619,987,763,1233,1849,733,451,2207,1124,550,950,3774,660,699,1365,904,682,557,1192,792,433,636,516,889,676,452,713,2024,883,373,643,838,1814,1168,1124,890,530,1478,890,1259,1577,856,437,2230,1274,530,691,2939,642,546,1026,788,964,505,1078,1007,430,517,509,1011,660,496,719,1203,860,794,892,370,1612
1985,10,487,1374,520,894,914,420,712,727,1388,3127,357,3405,1413,1243,646,779,815,736,1003,420,534,1093,710,409,794,379,402,648,642,661,678,1062,953,1603,2608,564,578,1509,693,463,1343,547,504,649,637,1038,626,947,2691,458,1144,1109,645,1857,1075,720,882,466,437,938,585,423,1667,366,383,1152,1286,1052,808,1238,3867,529,2775,1668,425,1015,952,700,912,701,443,1023,453,1136,2464,454,1966,920,493,1471,818,907,889,602,419,767,422,446,912,366,408,703,1329,1423,1034,639,871,779,990,846,2750,1780
1985,11,413,3433,609,625,415,721,926,400,1044,1939,574,675,880,781,1194,1575,663,879,1532,418,623,879,2478,757,953,359,380,2782,450,1029,583,917,654,1963,2026,697,2817,605,4283,415,2234,521,1279,661,824,691,431,943,1880,687,1184,1831,1294,467,502,1050,1085,412,500,796,1917,1072,609,361,384,1882,444,434,375,638,691,736,491,561,600,424,3822,594,648,757,842,797,391,1027,1559,739,970,2457,1425,779,828,488,809,406,517,781,1672,1099,858,361,382,2523,454,428,397,1062,858,876,1469,571,565,4270
1985,12,530,3893,4288,413,862,1252,408,494,1669,889,377,1128,641,3298,2262,1497,616,490,803,468,402,454,2385,706,428,394,402,1545,433,486,1534,1605,721,742,869,538,1627,742,2286,579,5000,3466,434,451,1606,509,442,1602,964,2051,794,3429,2018,1327,801,477,1143,520,437,510,3099,537,444,377,395,1702,432,467,1287,533,852,519,1607,720,367,638,3372,4205,431,482,1012,507,399,1820,1384,1331,667,3442,2428,1405,585,642,1554,446,547,418,3477,564,422,365,379,1663,437,564,1407,597,1278,560,1496,679,1503,1188
1986,1,4937,8460,1837,940,561,865,677,1729,2071,1234,471,2006,1053,3863,2851,613,794,698,544,392,833,670,1945,540,424,378,1129,1862,1837,951,983,922,4182,774,3464,1243,1987,891,2037,3731,5291,2068,1059,826,652,685,1132,2638,1389,912,1119,5235,2555,665,857,822,512,395,1353,657,2484,500,446,386,1317,2265,1390,810,1099,455,3087,1131,1126,677,461,3525,5113,2179,910,592,1075,699,1444,3177,1026,1573,1092,6001,3516,552,913,577,537,398,1159,790,2004,515,420,472,1053,1189,1401,649,935,434,1622,4487,724,1168,1638,1565
1986,2,1299,4621,2040,753,440,1003,834,612,1976,1354,1454,1731,1133,4742,1611,930,795,929,495,882,1485,1132,4508,987,461,352,465,1428,1162,1053,1208,1231,2276,1817,2282,618,1183,951,1948,2006,6361,1934,849,416,1327,732,1164,2803,1142,1318,938,4421,3318,1073,669,948,488,917,1106,878,4663,1090,446,357,458,1795,2049,879,818,453,2214,662,1260,1279,371,1260,4794,2994,921,411,1066,657,538,3541,1296,1227,1054,5760,2544,1039,862,1019,505,916,877,870,2905,913,444,361,434,2475,1681,1347,1103,482,1042,2780,2225,606,881,1876
1986,3,4386,2606,1767,1221,412,1054,2723,686,4277,1354,397,1834,748,4490,2997,1517,792,916,848,1762,1959,862,4542,566,533,2249,567,1191,1354,898,2570,2316,4254,2879,2049,692,1512,860,1793,2734,3217,1898,1328,411,1423,2246,742,3261,1382,2435,927,5439,1892,1143,963,829,610,2234,2056,1230,4901,568,590,2209,538,1203,1128,700,2488,2234,1813,727,3249,673,390,2900,3828,1706,1413,400,960,2191,627,2935,1230,2417,749,6639,2640,1395,1068,887,790,2858,2012,738,6351,588,524,1933,535,1169,1440,883,2286,2870,2906,4831,3312,693,3392,1641
1986,4,2041,1740,1739,1802,455,712,1499,577,2292,775,548,1468,622,4137,1455,1073,599,490,567,1250,1375,658,2251,481,400,1765,993,1055,897,614,1110,1140,3507,1583,1248,1026,3018,556,907,2601,2318,2750,1011,471,724,1845,539,1840,1012,1307,654,4007,1237,1319,614,477,801,1139,1087,746,2101,460,407,2134,1362,960,877,561,1339,1250,960,1067,1615,681,504,3036,2394,1754,1475,433,683,1560,491,1493,858,1289,667,2709,1163,1534,561,464,698,676,1129,737,2832,442,396,1315,1277,954,805,558,1268,946,1220,3640,1440,1372,1660,1096
1986,5,876,1064,1329,778,510,651,869,431,1338,746,380,676,530,2620,1048,1235,439,457,495,841,651,468,1504,404,396,1467,2535,591,566,449,708,595,1583,884,995,851,732,504,657,1168,1562,1217,1009,525,592,745,439,1182,746,1094,559,2097,899,820,457,454,474,883,745,468,1254,410,403,1070,2060,593,535,424,719,581,650,1180,607,489,355,1390,1548,1184,668,606,627,771,427,1053,737,983,548,1464,920,915,472,441,502,1286,692,438,1298,408,395,1659,3748,554,642,433,731,708,764,1340,1052,885,614,730
1986,6,484,573,549,511,380,521,609,538,538,470,432,573,438,1011,539,547,421,396,544,635,530,434,565,434,378,481,1050,437,437,622,467,632,655,825,509,621,491,486,489,507,734,645,527,388,494,580,424,509,498,458,434,744,527,496,522,404,579,875,517,419,563,428,383,697,849,473,430,595,525,527,477,531,521,413,366,580,783,566,555,369,512,627,443,509,457,440,431,715,542,501,492,443,546,668,529,411,590,412,386,581,631,436,442,726,478,584,499,667,636,518,477,462
1986,7,769,1582,811,574,1155,609,679,833,1611,715,1092,1299,631,653,858,745,1014,1122,667,1376,852,799,1036,848,1424,542,1196,689,781,1103,791,975,596,1269,535,1214,657,908,858,729,1430,833,552,1042,571,630,789,1752,758,580,628,657,905,899,915,1145,778,937,851,763,1086,862,1698,541,1176,715,808,1086,796,1520,512,1343,563,881,999,782,1397,833,561,1211,620,670,817,1404,776,576,655,647,934,1001,974,896,760,1648,900,737,974,868,1173,522,1108,746,767,1091,659,1290,1138,615,1563,1242,644,881
1986,8,604,1046,1265,529,825,565,628,1126,1183,763,1569,1023,557,1635,555,869,1299,1652,751,697,668,718,2486,1922,842,998,902,517,1078,1913,770,1632,836,1366,737,1167,1398,651,1001,631,1110,963,542,900,634,690,952,1585,755,974,644,1280,526,756,1550,2300,899,1098,803,914,1864,2014,739,1116,811,473,907,1721,925,997,794,1250,1860,755,1080,536,833,1178,519,945,523,627,1143,1570,702,865,546,1305,602,709,1162,1601,692,683,672,859,3082,1967,1362,1194,1058,478,1016,1865,1074,1112,1398,893,1187,1540,1237,1127
1986,9,394,1423,664,795,969,482,563,1230,978,996,1223,1542,547,1363,600,888,1941,1638,596,602,430,463,938,1427,651,560,718,649,473,2484,918,1297,976,1048,697,3568,1222,1171,749,403,1112,1530,603,907,436,704,1405,971,740,1648,525,2319,548,687,1924,1778,647,739,424,392,1094,1263,541,478,750,554,480,2899,768,988,741,2612,1293,789,584,413,1665,1194,660,901,475,503,1564,1033,1040,1531,445,2436,572,769,1534,2135,694,777,432,459,911,1579,597,510,813,627,436,2835,809,1940,990,841,979,4043,1431,924
1986,10,367,1864,1978,360,508,394,370,902,536,1064,1220,1293,437,1163,418,829,423,1210,1181,647,1028,465,465,1353,838,1300,610,369,670,1350,964,428,386,462,378,1744,2164,1333,541,366,2697,1525,499,1286,396,369,644,490,951,446,495,784,392,1266,411,1035,1193,1093,825,501,451,1445,744,671,2099,398,728,714,1073,2331,375,1687,1131,1257,767,366,2985,1249,416,1429,400,415,856,476,963,469,555,864,396,906,416,1080,783,808,1209,430,460,2189,896,1113,1656,373,522,1279,1332,1478,530,375,559,1839,2020,433
1986,11,415,1157,1294,482,1779,385,467,794,621,497,602,697,532,1014,543,780,579,529,404,1158,416,797,538,1246,1247,946,2819,359,779,2820,1210,1506,746,517,396,920,732,1134,786,404,781,1666,515,719,537,463,913,633,550,539,457,789,553,600,540,461,405,911,801,873,499,1332,3710,1641,979,359,685,4290,887,717,408,1140,1363,1187,373,407,1351,1060,496,698,567,481,749,573,539,464,483,556,523,979,524,466,491,1056,404,405,515,722,1987,909,981,362,893,2341,776,641,1298,1130,542,891,973,839
1986,12,624,2474,1019,463,530,645,1173,833,2305,1314,792,751,2480,933,361,529,2445,710,568,659,473,409,447,565,1670,1026,2583,466,837,1925,1521,445,827,399,475,3083,619,590,398,611,1617,731,470,511,488,880,675,2282,1336,2516,1878,1030,363,567,2208,630,518,510,580,523,458,533,517,836,2066,562,1270,1838,1785,787,421,4107,846,664,1427,473,2311,1326,413,546,456,853,702,2494,1180,1923,2300,884,367,548,1973,634,574,496,471,901,455,561,1092,836,3097,642,1600,2033,2054,881,518,556,423,2732,530,403
1987,1,823,1765,618,369,846,459,721,750,1508,1045,1043,1628,1185,2119,998,1851,1167,1163,1440,749,3398,564,581,1440,593,627,3099,759,1400,1463,2085,502,815,1398,391,2633,645,1413,1465,790,2530,637,442,916,378,1407,862,1471,982,841,1607,2157,1246,1894,1580,771,1450,773,2838,450,570,1156,560,638,3919,704,894,1554,1411,982,425,2252,630,1490,805,752,2229,616,418,989,385,1141,883,1309,1253,1162,1296,2687,1514,2068,1921,1008,1229,896,2048,431,526,910,622,729,2506,688,879,2480,1166,1013,630,642,1463,1681,548,1499
1987,2,777,2362,3032,750,581,558,920,1359,1112,1115,676,1119,1443,1531,1621,722,1843,1030,1331,602,967,406,1213,745,769,1101,3973,866,1139,3920,861,561,943,887,480,2569,910,975,578,677,3463,3607,730,633,508,794,1349,819,1082,2416,1215,1258,1656,832,1803,1711,1121,684,993,420,1531,859,717,1135,2971,859,1117,2911,1036,1956,504,2963,912,868,599,955,2162,2545,580,654,543,777,949,1092,1419,2344,1617,1477,1758,843,1782,1687,1207,583,1315,491,1487,1187,807,1619,4436,824,927,2719,918,1568,501,846,1003,2020,1123,591
1987,3,1036,2389,2518,545,463,752,497,1649,891,1847,1165,726,2835,1730,1241,876,2595,1053,1152,1405,702,462,1510,635,908,851,5054,1582,1359,3175,1203,795,1012,1827,526,1754,644,782,476,1298,2066,2478,499,447,735,512,1994,1062,2166,1505,3160,1777,1181,978,2221,791,1277,1758,813,485,2074,678,801,1063,4422,1514,877,2564,1182,1177,475,2399,677,891,589,731,2761,2832,588,460,788,674,2189,912,2753,1510,2811,1722,1009,972,1960,718,1351,1245,741,578,1698,624,915,620,5041,1745,1347,2090,1046,1442,593,1123,1208,2549,650,475
1987,4,772,1492,1352,499,467,440,435,2113,677,1520,599,848,1497,1179,892,693,1987,549,734,736,599,432,1112,540,910,541,3561,708,729,1119,935,433,746,783,480,967,645,519,494,718,958,1267,460,448,441,448,1487,694,1387,946,1573,1254,872,715,2299,551,799,684,561,504,878,539,600,540,3154,827,1012,1280,844,786,469,1196,582,539,457,1036,1365,1176,461,503,400,435,1781,690,1376,1050,1204,1046,875,755,2934,550,765,717,547,462,718,515,720,537,3070,679,742,1062,833,866,458,676,1046,1404,628,490
1987,5,441,804,705,404,432,419,394,1077,523,911,587,868,792,912,615,2939,1841,647,481,537,459,454,483,1024,562,462,1463,598,498,706,1057,397,458,706,450,658,646,447,402,437,611,694,434,481,409,400,1344,598,906,753,879,859,568,2900,1712,499,467,546,453,446,482,822,503,464,1570,507,500,914,1534,477,437,907,810,447,414,466,676,580,429,462,437,395,1590,609,996,626,710,906,517,3149,1314,698,461,524,439,425,464,1074,523,445,1645,564,559,628,1481,485,395,467,620,877,727,396
1987,6,432,792,512,600,436,559,380,648,470,760,549,505,483,659,437,686,597,483,408,406,503,432,443,729,461,468,818,699,615,481,1286,494,426,459,406,480,431,435,398,448,667,488,619,424,476,381,581,421,1050,493,553,648,446,990,562,620,405,411,429,434,459,829,416,518,678,705,555,510,910,413,442,527,588,487,388,429,991,499,684,434,554,379,687,426,973,459,519,678,487,680,620,418,394,405,506,521,491,706,544,471,647,641,499,472,1024,419,448,528,451,502,479,436
1987,7,1087,1764,665,1133,1109,718,615,742,1426,1318,710,589,651,1194,1115,1109,840,469,737,659,579,1289,957,847,588,1182,1037,706,918,646,623,697,1048,975,1124,844,970,807,1119,954,1407,668,1041,1062,1186,583,694,1227,1211,631,578,1043,1112,1147,1038,804,721,736,677,1301,998,814,593,1250,1187,725,942,653,689,698,1352,832,1071,734,648,1043,1619,646,1365,1014,908,563,781,1173,1233,668,617,1188,987,1043,886,764,547,658,643,1717,873,821,651,1111,1137,636,1000,615,741,728,665,987,941,796,1061,1067
1987,8,1768,2416,1494,1287,875,1254,692,1552,2555,885,1731,579,1053,1126,977,1071,896,729,706,1144,636,2543,2703,1071,492,2824,1090,715,1536,1059,558,1166,1313,874,1030,850,1829,820,1654,1688,2313,1704,1408,952,965,600,1506,1765,806,613,1054,1180,961,1208,745,710,644,1407,674,1936,1857,1102,522,1744,1180,738,1441,1067,622,1034,838,884,1566,878,827,1664,2366,1178,1407,904,760,626,1823,1901,1167,600,972,997,844,1641,953,701,635,1448,630,1455,1788,1141,504,2457,1134,805,1634,1269,621,925,1031,1572,881,983,1799,1293
1987,9,1936,3377,919,414,562,388,437,1413,1679,933,755,1074,2073,1101,1480,957,1171,446,716,1564,411,1421,821,3318,517,707,2226,571,536,509,494,1702,1916,1147,615,568,818,1338,516,1747,2924,845,429,438,446,462,1091,2757,950,442,1894,1240,1487,875,983,467,773,1087,400,1819,942,2577,509,748,2110,646,586,502,481,643,706,546,900,1264,434,1785,2019,1011,390,542,410,425,986,2911,919,451,1428,776,1463,743,737,443,666,600,418,1052,911,2554,510,862,1821,565,469,519,596,666,1391,1599,1319,549,756,610
1987,10,515,993,438,383,1132,844,440,544,1990,2220,716,1020,947,1487,1168,1064,847,844,478,455,509,2524,810,1466,365,767,500,1543,1141,394,514,483,679,968,434,402,2256,2914,590,883,921,467,375,807,1015,387,633,1978,1784,1426,1170,1305,1512,884,797,994,418,672,464,3488,717,1432,359,603,548,1559,851,403,444,755,414,427,1390,2404,934,479,1782,471,379,1280,923,469,713,2075,1554,939,1571,1654,616,1028,847,1099,405,826,570,5048,1024,2211,360,723,471,2638,679,432,413,678,457,591,738,382,1368,712
1987,11,461,1924,397,1048,2941,582,990,412,852,940,640,3403,1162,488,938,700,927,1160,363,464,503,3005,2730,507,567,872,801,1535,475,529,370,640,714,564,362,378,630,732,859,471,1533,392,529,2000,533,1704,434,972,1368,629,6025,483,1769,860,771,840,362,424,617,743,5113,834,539,1346,912,1322,485,406,414,527,390,405,1219,745,1008,446,1493,399,1221,936,426,1097,448,794,1334,844,3368,476,1914,834,874,929,361,469,370,774,2326,719,621,839,870,865,467,473,457,647,672,632,978,389,1332,645
1987,12,437,783,381,623,656,481,547,1640,1353,554,530,2714,3697,568,1134,2652,1796,664,1625,1086,924,1183,2309,632,1379,672,1218,3061,568,414,838,512,886,711,527,533,594,590,1386,430,939,381,1031,875,436,407,1592,1310,556,759,783,652,712,2380,1722,613,1160,818,764,1869,2572,733,1108,561,1691,3407,685,627,1008,677,550,439,838,625,831,460,949,384,453,1655,564,408,1062,1057,523,611,961,597,874,2545,1872,602,1465,1088,763,1619,3257,885,1299,527,1999,2345,724,457,1118,904,598,1186,582,471,768,1803
1988,1,1071,3687,978,396,1060,387,745,995,1262,1727,1082,2419,934,1940,544,1511,613,497,694,2752,1672,2754,1814,1266,813,801,1568,2697,471,526,1319,548,1392,688,958,417,1652,995,1130,1299,2256,1100,492,927,437,512,1778,1260,1998,702,634,1890,601,1847,677,469,1096,3580,1745,2062,2038,1007,980,877,967,2565,454,479,892,844,1135,637,1739,1636,851,1021,3200,1080,432,1744,369,682,2378,1477,2077,840,866,1938,528,1461,639,486,1471,4579,2200,2900,1904,1423,817,775,828,2392,462,447,755,574,413,827,888,648,1935,1088
1988,2,1083,2399,1433,724,1726,1397,424,2365,1508,2188,1733,2028,964,1663,1650,1243,2201,554,2016,3082,738,2486,2817,1036,464,948,1870,3192,1085,592,1070,422,2276,563,1558,1245,1072,1638,652,1318,3986,800,709,1737,1176,738,1521,1808,1824,869,750,2081,1571,1488,1493,462,1959,3244,820,2605,2097,1403,536,1007,3049,2668,657,543,762,703,1411,622,1173,1610,1185,1270,2750,1217,544,1192,1183,448,1612,3091,2177,1278,992,1228,1115,1260,2098,489,1176,2391,927,2538,2575,978,572,924,3316,2424,722,552,1031,783,414,2096,525,823,931,652
1988,3,1491,1545,856,538,2544,1735,423,1604,2837,2169,746,2618,748,2203,1612,1710,1240,655,1813,2593,979,1581,2128,820,706,1855,3713,4780,1598,449,546,554,1544,456,704,709,1049,1900,1796,1203,1675,1183,658,2014,1645,414,1541,2343,2137,2356,643,2190,1261,2762,1633,970,1536,2893,1048,1682,1442,875,1114,1422,3374,3357,1894,537,543,508,775,899,1274,1841,1366,1178,1725,891,560,2070,1771,415,1547,1807,1952,1528,652,2361,2358,2688,1476,730,1665,2952,1131,1985,2247,791,911,2004,3589,3715,1856,509,529,483,602,1408,469,956,1053,1647
1988,4,1504,864,548,426,1537,615,398,1067,1201,972,491,1332,1228,2792,1010,1488,853,511,1036,2176,626,1296,1260,780,1112,670,1641,2339,1053,476,477,416,967,436,929,498,1024,1424,898,1556,1197,576,423,1477,646,418,1097,1168,1065,834,1003,3613,1569,1223,994,490,881,2081,622,1161,1108,656,817,930,1228,2917,1463,490,451,1546,1084,479,1466,1397,1145,1618,1301,667,393,1378,578,379,1192,1360,1075,789,1258,1785,964,1753,814,594,965,1716,706,1221,1432,612,1139,637,1315,3244,1216,496,485,1455,390,1027,468,458,962,835
1988,5,778,616,457,377,585,428,367,977,918,768,472,1316,622,1687,608,979,792,409,582,1305,461,942,1046,561,651,464,1079,1307,576,468,410,404,651,447,622,436,778,762,548,981,670,466,380,600,427,374,828,980,913,556,490,1403,566,854,824,411,566,1387,443,754,858,576,706,465,953,1582,650,513,404,636,577,432,663,706,660,851,738,457,372,651,429,363,1123,1286,1069,541,505,3052,731,1160,768,425,544,1134,458,790,1064,622,681,449,849,1455,593,377,399,874,430,664,466,468,666,532
1988,6,457,486,445,412,496,424,357,464,903,485,489,662,504,1443,734,1065,523,382,752,818,483,458,525,569,501,443,493,545,420,503,681,430,467,395,531,518,555,489,504,496,535,447,392,516,401,362,503,823,593,447,523,1011,840,544,604,403,704,1020,633,462,536,680,484,422,495,676,428,519,583,528,471,526,523,494,435,470,490,421,370,494,422,354,448,577,481,435,502,1155,497,718,682,401,844,733,602,465,646,632,661,438,480,560,424,566,545,439,424,450,410,400,469,456
1988,7,674,958,1028,1422,1394,778,1068,953,812,689,1197,999,840,1289,699,1019,1371,1189,1004,1080,1248,923,837,652,1594,1008,815,778,1189,1106,1513,1159,931,595,809,858,1084,894,640,635,973,922,1096,1634,739,1105,1118,711,623,620,849,1278,964,1538,1255,1232,1236,1058,1240,1010,680,610,1409,1237,603,783,1197,980,1762,486,819,829,1118,857,549,634,944,1045,1199,1865,722,1019,941,729,680,632,865,1100,1071,1108,1200,1310,989,1384,1165,962,689,628,1343,1080,752,748,1193,888,1780,587,1267,931,571,887,1277,678
1988,8,637,734,834,1411,2095,798,1227,1027,651,853,1395,1156,831,1333,917,1087,1291,952,966,950,935,950,1087,1509,3173,1321,872,857,693,869,1098,1244,820,1641,1741,735,1187,705,707,524,791,911,1926,2739,802,1531,1129,685,1255,960,797,1200,712,1056,1370,813,946,860,884,992,1236,1673,2169,1367,950,985,726,869,1324,793,1676,740,1315,692,597,540,725,801,1372,2554,920,1387,1061,837,824,1081,883,1396,719,1026,1248,974,786,952,858,879,1113,1642,2037,1581,818,1051,694,922,951,696,1842,890,1182,867,1008,794
1988,9,401,1002,721,1073,1462,1130,578,2663,1189,940,1446,871,2014,925,414,1055,908,1378,762,715,689,2076,2307,937,831,1594,1755,786,414,536,808,1088,565,3021,1645,579,1769,696,463,426,1311,552,960,1437,1146,505,2841,960,601,900,1899,1030,402,1175,809,1073,853,1566,1131,1812,1963,1000,1760,1286,3249,728,398,488,683,570,962,474,2679,742,2000,406,960,851,1051,1321,928,603,1158,945,693,813,2039,892,490,1191,1084,1156,828,1564,1161,1672,3079,1064,1484,687,2191,747,416,512,820,601,971,509,2639,521,2748,436
1988,10,436,1208,559,392,476,651,622,1854,513,1149,414,441,496,417,1736,5884,440,654,1092,1155,1038,549,837,402,1427,1332,1651,983,409,472,596,5365,596,2447,526,436,2493,852,366,577,634,798,384,518,659,830,1355,463,1421,437,827,416,1631,1042,554,580,1077,506,565,1012,1330,406,885,920,1333,978,399,483,556,1231,1423,415,2049,507,1119,496,1140,610,457,527,497,767,2386,657,1290,433,494,407,1962,8189,433,687,825,503,485,1211,618,395,814,1539,1358,1036,409,486,532,1163,4481,597,4053,382,2622,363
1988,11,998,580,466,621,456,495,969,618,783,414,503,708,1066,400,810,893,1608,579,665,574,489,1196,492,376,1620,1165,1065,929,429,595,718,728,420,1124,449,366,1900,1097,560,512,778,373,638,450,1438,881,666,921,439,521,1286,399,436,6614,1633,811,656,464,642,1411,480,378,1735,976,682,1183,397,2358,709,619,562,354,1676,1283,661,441,502,378,675,445,1037,704,1905,878,429,519,1496,420,653,991,1807,787,713,517,669,909,469,381,1326,1328,796,1235,371,2263,708,689,749,608,1539,371,777,453
1988,12,672,1370,427,1412,2312,4260,667,632,521,1874,1542,544,2284,412,827,1062,1108,522,497,459,1622,867,869,443,2226,1187,670,831,397,4093,1538,643,864,1606,426,448,3250,782,445,934,1210,491,1058,1287,1930,842,546,485,1164,602,2616,420,869,1582,1218,389,537,434,936,1068,740,440,1247,1955,1114,773,419,2981,1597,903,466,428,2667,711,570,1071,1376,466,1087,1875,3407,831,696,561,2170,551,1674,391,697,1047,921,406,504,524,1637,1175,636,409,1845,1020,871,745,604,3106,1629,853,715,580,1586,455,2331,609
1989,1,956,802,547,1458,1106,1787,446,3197,743,1610,1562,962,2466,1227,881,830,1968,1123,736,1655,891,1346,580,2072,1180,1441,734,562,729,1176,2063,573,413,1491,1740,1201,1759,2086,518,1124,676,430,1684,2137,3067,490,2815,835,2643,411,1750,551,993,884,2408,536,857,1806,1364,810,713,2173,1275,937,997,626,731,1137,1596,3645,2908,1052,1554,2176,759,1479,712,423,1872,1319,1859,477,2951,754,1357,707,2243,1051,1056,761,2529,1120,1048,1145,747,1280,553,1806,1325,841,828,570,792,1489,1821,5897,597,437,1179,1146,2229,672
1989,2,621,2070,445,1888,1345,1774,723,1805,2101,2060,1424,1624,1197,808,847,753,1914,1073,832,1582,996,2047,743,881,1936,1798,706,464,1190,1598,1103,529,1938,1137,2382,1507,1248,1288,1046,593,1580,420,2354,2261,2267,692,2254,1677,3476,382,1466,1688,881,842,2317,1602,1021,1361,865,3302,665,652,1952,1982,634,474,1312,2328,1267,4567,1501,1766,1646,1014,945,668,1413,415,2470,2015,1666,599,1953,2251,2430,392,1159,820,696,708,1755,767,1114,1940,1044,1695,621,634,1850,2966,590,472,1418,2275,1160,2697,565,1555,1138,1671,1408,618
1989,3,652,2505,1486,3133,1336,2214,618,2693,1639,4050,2189,2204,2102,899,779,1756,1973,1047,1450,1396,556,2153,1130,2281,1644,1713,721,514,793,3604,905,579,563,2781,1319,1839,939,2362,709,827,2771,1875,2370,1404,1823,618,3089,1037,2312,434,2096,718,813,1541,2402,1093,1611,1376,628,1850,1126,3243,1485,1437,687,577,761,3829,1056,2518,2041,1660,1094,2125,690,703,3020,1354,3177,1186,2080,666,3173,1043,3416,525,1511,918,773,2251,2298,897,1504,1845,616,3288,1004,2423,1601,1823,647,502,737,3996,1034,2450,609,793,2111,1471,907,877
1989,4,520,765,1327,2562,789,1766,446,2625,564,1727,1874,992,2516,686,541,1119,2151,661,801,1473,778,4086,512,3174,1047,1073,478,985,531,3254,786,1547,556,1815,903,1573,1044,1144,631,568,942,1205,2029,845,1247,471,1697,586,1477,483,4086,814,646,1192,2039,609,722,1444,674,3199,518,2406,979,1211,495,742,516,2274,827,1728,756,1255,916,1036,548,556,877,1400,2299,774,1190,495,2665,570,2299,445,2595,703,547,760,2069,801,639,1391,817,2814,464,3885,1152,1101,467,646,542,2045,848,1416,1028,575,2107,1367,759,774
1989,5,525,517,487,1206,547,1062,431,947,448,816,1094,580,1734,505,495,717,689,448,493,891,509,1562,433,2458,1059,596,425,477,553,1932,543,901,431,1347,563,641,701,1032,509,531,517,470,1242,617,852,446,1027,443,929,365,1777,500,502,766,741,438,493,816,558,1922,446,2237,1080,834,433,513,564,1458,565,883,585,616,547,1083,436,490,531,490,1170,567,895,448,1126,456,1271,366,2076,514,463,697,1044,471,502,810,510,1765,416,1138,1000,574,415,590,535,1493,549,790,1374,421,1105,816,593,452
1989,6,384,533,459,511,604,582,444,528,405,618,773,442,664,426,436,480,528,436,415,459,696,737,738,587,560,465,396,397,454,670,507,673,476,596,483,430,568,514,449,390,640,424,581,684,486,392,551,398,513,358,598,404,429,569,541,405,408,439,588,668,480,745,512,455,412,465,512,680,461,512,498,439,516,529,401,445,626,448,559,553,492,394,546,405,562,362,592,454,434,495,684,400,413,473,1094,584,533,495,522,451,392,396,469,628,516,490,741,402,706,430,481,493
1989,7,535,907,801,1600,995,1283,629,1118,654,1029,745,507,1528,679,1091,1281,1063,754,703,680,1423,687,635,1233,720,670,756,941,929,565,762,1140,653,699,1014,620,1105,721,624,560,722,857,1398,1188,1356,635,1078,754,1463,588,1557,796,965,1447,1086,640,693,574,1305,855,816,1651,734,691,725,982,837,566,704,717,1140,558,1172,735,626,563,867,837,1358,1252,1270,633,1027,700,1207,633,1491,678,1088,1463,1194,729,758,679,1223,862,708,1487,759,688,718,1000,965,565,652,755,1095,714,757,587,1139,596
1989,8,612,859,1504,1173,1238,1646,1209,1933,1206,1532,923,720,1135,1390,867,2817,1025,1628,1137,666,873,778,958,2577,1249,1023,1087,1066,1031,948,822,1589,777,722,1633,471,735,1204,709,581,870,1281,1110,1199,1202,1195,1369,1147,990,673,1359,1739,983,2224,995,1637,1913,607,1059,619,769,2250,1394,1036,1487,873,1211,939,1027,904,1982,513,681,914,1070,538,863,1133,1151,1285,1504,1202,1832,1073,875,634,1258,1170,916,2127,1176,1280,1489,684,922,638,811,1749,1107,1144,1175,912,943,964,868,817,1659,730,603,485,720,762
1989,9,373,684,490,1291,2351,2080,783,471,918,415,786,475,1272,530,1189,734,961,1261,825,436,502,755,416,3899,1803,953,763,1124,491,1926,1065,955,622,622,1549,890,546,1176,449,402,683,612,1298,1040,1541,1051,669,812,433,838,1288,455,1387,909,841,845,728,422,573,921,578,2370,1661,1150,632,1215,429,2569,898,915,1357,1171,606,1119,996,435,563,756,1666,3946,2232,1194,513,774,422,827,1319,620,1042,669,716,1195,707,412,552,831,469,3319,1304,992,1239,1458,484,2665,844,760,827,727,717,870,531,444
1989,10,1738,1394,1145,914,1098,1522,517,388,584,422,476,4564,1049,572,1646,711,420,471,387,516,561,650,736,587,629,421,1473,1715,549,1301,411,3461,4844,368,530,392,487,440,907,1768,1446,1649,1285,3005,2578,540,389,740,399,775,712,632,1975,853,431,451,506,566,669,680,639,841,659,440,1337,1486,572,1222,584,1544,530,435,644,476,484,1424,1614,1631,498,1664,1565,414,392,683,390,681,759,649,2849,977,515,429,473,512,667,507,826,613,835,449,689,597,574,736,582,2124,1780,6219,374,620,554,1060
1989,11,2043,525,1232,1263,924,4751,543,447,449,378,479,902,434,831,1504,693,698,458,458,413,371,552,593,810,494,388,766,1137,2554,881,1554,964,1415,476,461,1110,441,469,687,2179,500,1268,1186,640,1802,556,488,407,385,706,405,493,1385,566,633,507,374,434,368,654,529,619,854,433,557,997,2275,786,834,2051,758,916,675,443,547,2325,534,1533,1819,667,3546,542,690,418,387,679,472,847,1172,513,438,570,368,432,376,730,484,770,891,391,767,2414,2015,793,2243,929,1204,1272,535,1950,625,936
1989,12,660,845,1406,1372,1036,3995,636,858,395,460,1661,2586,637,1643,627,756,551,1494,427,526,867,1992,464,1547,2989,631,647,1128,870,718,2046,1521,1534,1057,2319,635,674,691,1805,593,970,884,1172,983,3881,755,788,418,413,619,632,2361,650,903,635,1524,490,488,656,1306,489,2415,1784,451,809,931,842,906,2376,534,1932,844,384,721,485,592,1013,983,1054,1169,4579,598,492,410,423,515,625,1842,546,594,877,966,427,477,794,2111,405,2019,2318,613,698,1064,1140,580,1808,489,1560,1513,738,436,378,1223
1990,1,798,1939,596,4339,970,3979,448,462,1166,522,1558,1449,904,806,1621,2042,725,581,585,1319,1667,2737,451,1268,2534,491,1136,1026,1819,1646,1401,1110,1102,658,1025,1553,2024,1021,572,741,1296,649,4883,1461,3550,403,620,1152,1196,1821,855,900,886,2701,781,823,496,1334,1621,3917,409,1085,3111,524,1463,1145,1475,1521,1625,661,910,1560,2088,1539,394,585,1874,682,4039,957,3771,444,508,1142,1121,1487,890,696,1148,2352,734,1310,478,1550,828,3778,663,973,1805,523,1469,1033,1863,1883,1624,601,930,1118,992,1419,1498,641
1990,2,622,1655,618,2836,2061,4819,513,792,643,1273,1106,1342,846,994,972,2067,408,866,399,659,660,5839,453,2926,2143,571,2186,1390,1344,1345,1226,826,1014,935,1604,711,571,1017,615,649,2022,647,2459,2322,6145,517,501,749,409,2984,1079,991,2422,2492,412,476,380,867,736,2455,596,1754,2370,544,2008,1372,1379,2003,955,1173,1451,800,595,543,489,738,1585,731,2663,1648,3779,497,680,777,460,2948,945,1139,1983,1995,462,773,416,904,1584,4011,505,2445,1409,489,1712,1385,1408,1267,1366,1264,778,1086,861,677,804,558
1990,3,1760,1287,1404,1966,1186,4086,763,505,468,870,1390,4507,718,3226,1718,2733,873,473,385,666,497,5301,709,1798,2352,668,1230,1164,2409,1553,1035,651,3997,1802,1754,1252,851,2493,642,1493,1841,1315,2193,1364,4313,754,500,582,611,4518,585,3163,1926,2397,746,516,396,466,487,6501,651,3003,2015,597,1217,1144,1641,1674,1120,965,1536,1550,826,1762,494,1955,1642,1492,2389,1415,3386,801,460,537,769,4111,751,3119,2011,2220,830,533,382,477,531,5842,754,2038,2592,714,1334,1330,2008,1565,882,875,676,2786,2760,1589,701,768
1990,4,705,966,1241,1511,633,1571,414,410,419,417,1499,7267,508,2077,1575,1801,558,454,406,425,531,4255,1054,1035,1557,406,732,697,1329,954,782,541,1358,1564,1043,981,612,1077,655,1013,1176,1103,1635,683,1501,405,414,427,406,2732,481,2475,1691,1698,518,434,398,420,525,5140,918,1044,1928,419,803,714,1192,879,784,839,915,855,622,1392,365,747,825,2093,1692,622,1385,423,393,432,467,2852,487,1945,1638,2072,506,445,393,434,582,4312,1114,1137,2037,397,761,708,1434,841,743,1107,557,1722,1158,707,549,558
1990,5,516,564,705,1092,477,1117,369,377,458,410,4895,1481,425,1137,1195,886,521,531,403,403,408,2139,896,725,1036,385,513,761,672,815,730,497,633,859,738,611,478,780,443,517,668,765,1131,504,857,382,374,431,400,1995,422,1912,1000,921,447,492,408,399,407,2997,682,575,1027,377,475,560,750,1241,845,990,607,840,489,627,391,521,577,709,1037,485,976,369,372,418,420,2325,421,1930,1209,901,515,478,389,392,411,2390,708,664,1135,379,486,649,721,836,702,760,502,654,547,602,474,429
1990,6,448,439,473,482,427,642,358,433,512,439,1421,593,551,645,490,521,418,423,349,375,422,757,515,512,505,423,451,643,476,708,441,428,480,578,514,615,515,490,392,536,432,506,491,459,581,366,438,395,384,1334,688,741,493,666,493,461,408,394,410,848,526,578,553,429,465,640,518,530,451,512,493,577,426,534,449,496,425,463,473,445,611,358,418,486,419,763,536,517,541,601,393,447,375,384,423,838,500,534,561,409,464,534,469,705,428,647,413,472,690,659,437,388
1990,7,592,760,674,680,867,678,838,768,1017,766,1361,668,920,1764,481,1202,570,1113,565,643,945,1250,716,642,887,960,672,1757,585,1306,649,637,820,757,925,826,1021,924,804,589,792,694,743,764,733,864,810,927,695,2144,1050,1441,568,1002,619,1073,676,656,943,1172,718,659,746,978,599,1242,560,1289,746,1015,889,961,1111,1024,1098,563,965,689,742,817,674,752,901,901,732,2188,1024,1825,534,1041,675,1041,542,613,1110,1028,705,719,754,929,618,1328,625,1215,789,1007,601,822,919,1038,1026,876
1990,8,1057,993,940,1214,565,1042,874,613,1205,461,1174,783,1608,1093,1214,907,979,1554,525,936,838,693,1690,667,1142,946,681,1091,918,779,787,732,820,796,977,1124,1204,1798,748,947,926,975,960,653,994,919,564,1464,587,2136,1368,1335,943,1018,814,1196,614,1107,803,772,1420,644,928,1039,691,1573,982,628,683,1275,969,724,1176,1718,786,861,894,977,992,613,945,898,624,1557,471,1972,1588,826,1072,1152,990,1112,661,874,865,933,2349,534,788,1001,712,1675,792,721,612,1620,787,808,817,874,1098,764
1990,9,503,617,734,995,431,663,749,492,1067,449,733,452,1333,1061,499,644,463,1207,413,549,391,2995,689,552,454,1227,429,1213,528,674,664,700,509,1053,1038,515,588,1162,980,666,515,694,858,475,815,716,500,798,549,612,1269,984,542,510,456,762,419,398,420,4068,759,580,555,1279,536,1342,959,687,769,1090,1126,469,653,1242,1236,596,692,740,875,485,819,745,463,830,626,712,614,1134,500,488,397,1415,370,400,426,2944,425,590,554,964,512,866,961,644,660,1015,789,516,983,464,643,1150
1990,10,614,371,455,770,375,1100,710,358,1693,685,405,413,1172,851,434,397,373,1849,1587,1410,411,534,901,810,369,438,456,1121,785,456,992,1010,1274,404,845,374,1228,946,552,571,467,415,772,381,1155,793,350,1735,655,504,1112,849,416,412,391,2348,2168,2206,373,780,1171,591,372,408,497,1419,471,397,1150,1515,479,415,1170,1172,509,640,372,408,742,363,1024,652,378,1107,476,512,1829,940,441,424,399,1887,1956,910,389,810,757,742,367,608,380,1701,642,421,1628,1642,1533,1554,379,372,1082,453
1990,11,584,618,453,522,395,397,360,371,1009,756,519,666,887,958,498,395,506,911,776,2389,1090,754,1183,481,474,555,470,1149,886,968,1217,788,658,495,2457,410,534,591,460,705,387,471,545,400,431,374,359,1012,571,1142,864,854,515,383,413,780,1595,646,1600,950,1336,1004,507,409,460,1198,710,935,833,496,2718,367,437,927,429,764,612,415,714,391,504,357,365,1688,766,1198,772,927,491,382,456,807,1900,2564,1170,872,1347,679,387,579,600,879,735,971,778,929,652,585,590,407,497,637
1990,12,544,535,375,2005,604,580,376,485,793,739,1526,572,3761,962,792,846,414,2372,3133,2755,2898,1130,1203,573,368,615,397,773,390,1063,758,1089,479,744,1094,441,687,2065,674,415,730,377,2498,847,642,425,434,723,1074,934,3991,1734,550,551,386,3260,2831,2511,3250,1213,981,482,401,704,382,752,465,921,738,851,1330,455,1023,1910,1046,393,491,476,2471,871,506,434,452,732,804,900,3984,1147,544,674,393,2879,3454,2190,2339,1474,1232,570,495,669,390,833,388,905,713,527,889,445,600,428,1023,1091
1991,1,1057,720,628,3842,1766,644,1002,574,1136,502,616,956,1575,1158,386,1525,413,8849,3089,2858,1142,705,1137,1393,424,561,467,1706,1266,1855,602,2077,893,1057,1182,2469,894,2877,1267,1156,716,578,2505,688,699,1261,681,983,530,1062,1416,1357,683,2233,368,5703,1976,3769,1353,762,1114,1554,722,632,449,1670,1510,1437,693,1274,758,2333,544,3078,1383,899,742,664,2277,1335,866,954,569,1027,556,1394,1455,1162,621,2434,395,6999,2052,4559,1135,736,1161,1302,724,499,426,1704,1252,1079,590,1066,1879,804,1329,1313,544,825
1991,2,587,548,535,2258,812,462,3079,874,631,1968,504,823,2769,1290,697,3576,499,6055,2607,2021,831,1764,731,1315,1570,647,610,1452,1353,931,465,897,515,1221,689,1416,641,1912,678,419,435,570,1780,1356,434,3223,904,674,1419,1063,2150,938,724,2089,534,7319,2842,1747,871,1217,694,1929,1122,545,519,1888,1543,1044,467,1459,678,2270,582,2016,687,793,424,548,1835,655,430,1798,735,685,1623,1006,2042,1007,685,1736,604,6261,3103,2296,1384,1665,626,1625,748,624,579,2055,1059,1497,465,1437,1099,511,1053,4048,676,723
1991,3,556,532,737,1517,1189,1663,1390,557,1124,1577,559,530,1998,746,490,2098,1562,8077,4470,3364,1100,713,4230,1576,522,1767,361,1682,596,946,773,740,1079,868,2213,1589,819,6324,850,531,572,668,1678,1475,1483,1924,688,1383,2111,1093,1877,775,506,2070,1404,5955,6158,3930,1165,805,3969,1472,483,1403,360,1819,606,909,621,867,971,1861,873,4486,910,552,515,615,1512,1249,1708,3023,700,1448,1776,1208,2038,678,555,1811,996,10294,3755,4284,1201,757,2228,1392,870,1477,360,1465,797,1119,582,857,838,1258,858,1483,963,796
1991,4,475,804,540,1104,688,707,1079,408,1344,916,434,482,1463,545,588,1351,406,5824,2864,3887,942,729,1452,727,538,522,408,752,682,597,683,586,2269,571,1060,2382,494,2936,1199,533,626,615,834,524,813,908,480,903,944,989,1326,622,505,1243,477,6075,2430,4134,750,627,1272,893,503,694,373,936,731,586,592,655,1788,1612,485,3955,684,595,521,655,1215,583,835,1169,404,904,896,842,1209,549,482,1391,473,5008,2909,3649,891,730,2562,896,494,649,419,864,618,557,632,730,656,1643,525,1653,453,828
1991,5,390,663,451,646,500,627,626,363,570,749,408,424,1214,443,505,803,531,2517,1302,1082,579,521,839,513,384,464,349,901,627,446,471,652,667,435,672,1458,402,1424,760,387,550,398,598,446,514,584,369,689,827,521,1000,469,586,879,617,3653,1098,2143,520,589,674,579,382,506,369,1132,579,537,457,493,672,1863,396,1623,462,414,596,418,598,456,542,640,359,716,796,538,967,442,493,895,522,2480,1169,1369,527,558,916,536,383,461,349,754,751,514,425,506,643,1010,424,1460,407,1286
1991,6,526,428,482,447,399,472,427,367,791,683,380,533,573,467,385,445,366,1094,746,550,425,423,535,410,412,617,399,497,472,611,462,447,480,459,437,712,384,660,603,646,391,723,445,412,476,437,395,583,493,525,613,427,370,449,369,1336,705,809,418,430,701,418,421,500,348,520,563,489,464,508,427,621,389,628,399,547,401,965,436,420,534,421,380,635,545,623,634,471,402,460,361,869,686,616,445,422,498,433,388,589,401,644,503,555,449,502,441,535,447,587,391,549
1991,7,1206,1176,1169,906,818,836,658,833,659,1182,461,701,1224,1029,863,765,582,999,745,671,864,935,625,771,880,610,957,854,848,897,1153,953,667,854,588,801,835,1186,1063,957,1192,891,995,942,810,647,804,930,1355,995,1202,904,941,833,645,1156,801,785,846,1092,681,822,850,594,862,1206,770,831,1033,1041,583,823,840,1082,981,887,1094,979,957,684,877,673,801,811,1229,1000,1377,830,848,832,608,1125,770,697,772,1039,824,777,829,629,960,1252,819,996,1236,959,936,736,888,740,875,1150
1991,8,639,1945,1581,1331,871,664,616,912,724,1115,1328,584,843,1656,998,1036,725,1188,1217,1065,1164,1049,1033,1330,2658,1014,1594,1790,623,824,865,878,940,1157,623,710,1930,714,828,588,1952,1573,1133,632,700,761,775,780,1104,884,680,2575,945,957,675,940,1288,939,986,1146,1061,925,2624,948,1737,1154,716,944,904,1644,677,729,1612,809,1461,658,1970,1902,1112,1050,770,735,758,733,1095,847,878,1975,798,1094,630,918,1087,849,1241,1074,999,1061,2078,928,1341,1195,631,787,726,2381,1213,1008,936,718,1487,676
1991,9,408,2441,645,528,831,766,667,780,404,2564,1071,801,1040,605,1363,418,492,419,896,2564,558,635,2160,486,899,580,1505,890,894,1655,724,1279,912,398,445,446,1276,747,795,412,2311,748,696,977,800,878,677,433,1690,627,1020,437,1431,405,497,432,843,1865,577,640,1951,548,965,610,920,912,761,1110,726,2674,371,492,1916,834,1324,420,2589,803,642,874,888,667,665,463,1813,789,712,587,1239,407,560,536,919,2003,607,547,1460,550,1329,598,1331,936,848,1471,993,2538,1177,828,439,488,1532,715
1991,10,422,547,524,1022,630,672,493,401,1026,2215,567,1474,417,934,421,996,1053,493,493,1519,947,452,611,635,451,1063,611,4318,1309,1090,1349,1677,1230,366,598,1654,2255,807,419,420,512,442,1515,461,513,418,387,517,2201,2792,765,1379,452,742,1197,1135,409,1347,989,466,597,681,453,1111,831,3396,2179,1529,830,2207,639,1361,1339,647,719,395,510,463,1497,413,518,551,364,1677,1270,2263,637,1255,523,854,1155,1227,507,2156,911,405,821,619,457,882,613,6177,1644,1454,785,2052,1195,1187,367,485,1306,568
1991,11,654,436,679,1159,546,657,632,344,589,764,937,1592,812,905,371,486,682,1552,491,822,963,453,416,474,394,695,456,3787,4515,861,611,634,753,461,607,1437,625,954,382,651,441,653,470,501,837,700,339,1916,618,658,723,752,380,485,581,566,572,833,963,396,407,578,401,587,449,2543,3375,888,833,2057,581,1448,756,918,491,667,448,722,684,521,554,418,344,489,748,673,779,695,371,483,591,506,480,861,709,537,414,588,415,781,546,1380,2755,940,677,2392,1182,626,436,2303,1308,370
1991,12,614,412,418,437,374,381,730,749,1694,546,409,775,542,956,521,2168,1196,480,388,921,630,378,532,584,4802,578,390,4276,1095,659,2976,588,591,403,453,2954,1161,1646,1138,542,417,501,423,403,412,580,631,1467,819,486,461,1131,457,1878,1207,484,432,1213,740,410,452,404,2994,708,392,4606,988,663,2165,3289,415,2956,767,1475,1061,547,424,424,427,398,614,776,904,1146,650,479,516,895,542,2155,1273,533,383,1108,875,388,471,408,2259,689,385,3966,938,581,2778,3057,668,1024,434,2005,920,1289
1992,1,869,403,657,824,1241,1454,1514,509,798,597,881,2106,710,1022,406,971,1324,1292,1181,1236,1635,530,403,397,1117,831,415,3675,957,504,1307,726,1066,540,717,2836,1633,1494,688,763,408,489,679,1007,1342,1811,782,1134,931,1288,733,1052,500,1299,1399,1218,1229,747,1997,496,407,386,1659,919,444,4555,972,546,1903,3604,698,3866,1405,1182,1128,754,416,573,755,1009,1343,1963,415,1536,658,1307,600,1318,380,1089,1372,1250,1104,813,1706,455,408,383,3258,761,461,2656,967,507,1740,3477,548,1075,504,4643,1722,745
1992,2,510,585,428,655,1069,735,830,478,942,1631,654,1489,780,792,473,1071,2059,536,1072,716,1674,846,530,402,2124,542,627,5970,4838,706,1681,874,1190,1311,1684,4064,1601,844,523,792,578,510,635,1370,769,625,455,1204,1128,2033,1174,679,522,911,2084,677,945,756,1260,1167,569,393,2893,595,517,4132,2327,769,1742,5219,1284,2389,1370,1061,793,683,592,451,588,1284,688,919,426,989,1462,1840,815,902,415,785,2611,635,1052,810,1373,1229,608,391,2907,591,605,3650,3003,639,1262,6079,1021,957,1337,3651,1235,554
1992,3,439,1752,471,529,1212,733,1865,799,1204,703,814,1107,623,649,2151,760,1630,733,1347,655,1228,1334,459,368,3244,925,533,4866,4497,941,1381,596,1563,1511,1201,5259,4018,1650,446,424,1875,499,441,863,847,1123,733,1370,656,1320,700,782,1778,726,1448,598,1631,695,1213,798,429,365,3267,762,727,6164,5938,923,1395,4951,1459,5092,3705,1228,535,442,2466,587,533,1124,783,1717,748,1105,596,1093,639,573,2488,759,1440,622,1784,697,1208,875,428,368,3338,729,630,5378,4686,776,1628,4098,700,1677,1403,4597,3568,468
1992,4,905,594,406,500,615,478,770,417,1278,656,452,958,514,518,1582,643,1296,503,707,1337,1015,483,600,737,2007,601,547,2445,2275,593,1060,618,830,609,639,3887,1437,914,417,1511,680,397,462,740,551,1398,415,1241,586,838,468,565,1907,596,1225,458,1002,969,972,539,547,843,2112,628,476,2589,2977,958,952,1538,610,4363,1253,924,698,1234,580,438,486,566,522,826,413,1117,620,882,462,525,1626,627,1071,447,861,1028,1062,479,688,651,1747,605,463,2214,2931,669,1014,1697,706,754,710,5338,1655,428
1992,5,685,418,393,502,445,412,454,419,630,439,504,1013,458,596,711,643,883,474,607,693,747,401,380,381,1244,548,450,1749,1019,679,817,547,661,547,462,1710,948,624,378,574,426,376,577,448,428,453,408,717,458,912,486,516,630,842,756,494,564,866,714,400,392,365,1358,467,419,1375,1505,609,797,1186,453,1652,678,553,486,635,438,403,475,436,420,469,368,854,436,704,468,602,703,619,760,443,566,790,655,407,378,393,1395,485,422,1373,1865,566,801,1360,596,687,502,2084,716,393
1992,6,493,512,434,896,449,384,463,345,443,479,387,535,443,436,529,637,487,443,413,441,524,425,371,359,664,395,491,1405,676,432,462,469,488,394,514,816,499,432,467,443,422,446,562,463,385,529,376,481,488,742,416,512,458,967,444,455,422,435,638,406,369,364,652,405,397,751,798,464,470,623,469,711,478,421,396,439,459,441,786,463,382,529,345,447,417,740,463,441,537,937,457,453,457,437,575,422,373,366,707,382,470,676,705,427,485,622,450,548,397,989,482,468
1992,7,1055,1892,596,1059,1083,541,896,597,914,601,902,1143,608,1238,1182,985,1206,788,1049,692,881,733,791,829,688,828,856,744,785,869,685,838,693,586,667,1091,565,767,687,915,1919,608,1216,1023,641,891,515,748,652,1527,641,835,1147,800,1195,954,915,689,1033,725,666,779,772,819,1060,785,711,913,706,1278,751,1240,550,843,1029,1196,1715,613,1109,1009,656,722,499,867,685,1253,598,1337,1249,841,1162,899,999,626,1274,715,732,844,650,859,902,710,730,871,647,1225,808,684,560,1266,594,733
1992,8,916,1403,700,911,1168,1074,567,674,573,1190,1161,983,926,883,1987,1508,1592,834,772,1120,1248,856,601,1033,797,1267,1116,979,1062,1165,630,761,695,1564,1333,1143,509,1432,933,985,1276,703,960,1134,837,643,719,800,979,1345,999,1456,2521,1328,1197,633,939,1106,788,804,645,1128,795,1434,1394,812,1153,1039,650,1218,1090,1241,545,1366,1186,757,1588,679,985,1226,793,718,789,609,1316,1504,1015,717,1874,1652,1426,853,842,1171,853,808,600,957,882,1088,1316,965,1113,1114,722,1352,922,650,1211,1079,527,687
1992,9,756,1497,494,1624,605,855,592,385,464,1072,768,1552,1316,1172,4038,2601,834,826,1491,664,1657,1094,637,1491,408,1456,1801,577,1197,960,1465,665,733,1174,1143,2986,914,1219,407,756,702,494,1652,778,561,506,383,453,1093,1958,1156,950,2876,3670,1034,840,1030,615,1097,1372,568,1022,405,1365,1153,586,1186,1016,1346,623,919,3140,887,1071,1465,713,1000,544,1877,629,860,474,327,430,1420,2313,1177,1127,4188,2195,897,767,1060,668,1438,948,519,1379,508,1806,1092,563,645,1283,1492,738,613,957,1468,1938,644,537
1992,10,1035,1716,413,1573,1949,393,1134,794,760,2292,2361,617,415,2324,928,1037,546,1184,777,643,1069,2232,364,617,1044,855,464,378,451,1227,1367,533,2313,1082,2434,6617,892,4695,1473,865,2350,425,1893,2139,753,991,723,619,2588,1825,465,2927,903,1202,589,1315,976,1076,1397,2605,361,854,1092,642,685,372,458,753,1305,730,2062,5849,834,2323,398,1348,2066,376,1171,2424,437,562,728,898,1441,1264,425,2279,774,1385,494,1065,936,938,1051,3717,351,769,1050,692,461,395,803,992,1785,506,619,2412,1121,7904,838,1486
1992,11,428,903,361,747,811,583,588,439,386,1494,791,501,656,732,702,526,942,640,715,1306,454,1131,362,993,623,1115,1080,533,399,879,963,2107,633,532,528,1247,552,3701,1820,426,1402,341,543,783,597,682,550,429,1123,1003,490,626,690,498,898,1082,634,480,483,597,358,717,888,945,1046,577,395,1073,660,592,523,1823,479,5872,876,443,1236,379,1259,470,553,1274,490,393,2193,958,414,566,704,553,973,1037,611,692,487,652,357,794,751,869,1112,481,397,774,696,895,3923,492,504,1707,519,1701
1992,12,707,2047,386,1374,455,370,1082,818,365,788,1285,1572,499,781,529,1416,2906,1268,1771,1413,1731,810,462,439,1950,1032,415,1520,907,503,774,1407,2047,447,658,2213,460,4134,606,824,2593,451,1304,474,375,1254,860,411,810,842,674,933,531,1667,3438,1168,1608,2080,1984,760,489,433,1675,894,444,1596,883,460,962,446,677,2535,498,5711,2140,874,2681,405,1182,460,366,1121,780,410,752,823,770,777,511,1748,3021,1252,1541,1712,1543,810,510,400,2079,1030,418,1587,929,468,820,443,1880,3239,443,1689,488,858
1993,1,492,2565,788,975,1170,366,1372,1735,795,889,1110,1350,915,580,699,1442,1052,614,940,1187,4370,1001,595,1112,2266,538,889,1174,751,455,658,1832,3022,901,853,3560,987,5854,1023,555,1714,641,973,1272,373,1158,1566,709,1055,591,1896,546,604,1423,1021,606,926,848,5390,1089,535,951,1509,598,583,1156,685,433,541,649,845,3791,1028,5315,1137,516,1330,479,1460,1195,370,1357,905,751,1043,580,2313,583,621,1745,1097,581,917,884,5623,750,575,961,1714,511,958,1084,826,454,548,773,1170,920,904,5130,709,746
1993,2,2005,2634,1094,1316,1865,613,1204,1628,550,785,1743,1330,2287,1426,1213,1932,992,1631,945,1043,3505,1459,1195,753,1857,806,494,1532,840,735,675,4697,1258,900,784,3855,801,4930,1401,1358,2454,1100,1571,2034,822,1013,1489,581,654,923,1320,1753,1185,2568,921,1276,819,904,2656,1505,775,949,2512,943,891,1259,934,744,874,543,812,4477,768,8977,659,1965,1778,1431,1182,1742,917,857,2040,541,706,951,1241,1277,554,1905,955,1470,1177,708,2768,1611,1071,746,2336,879,454,1533,696,566,672,487,2459,1476,1093,4889,908,1558
1993,3,783,1327,1410,1201,1396,742,2103,3160,441,1812,2175,1446,2992,2116,716,4160,1990,937,1073,645,2723,1172,502,540,3808,2503,1782,1720,556,461,522,2894,1588,1013,2453,2167,1089,10567,1791,772,1320,1277,1278,1327,672,2186,2101,422,1299,662,2053,1885,685,3230,1191,1677,1266,616,2538,1280,509,602,5134,1704,2241,1780,640,428,531,419,2028,2672,968,9007,769,707,1566,1448,1184,1416,534,2486,4416,466,1142,614,2965,1935,1182,4039,1552,1715,805,718,2693,1222,484,564,3989,1112,2174,1554,630,433,537,466,3390,1693,895,2521,951,1988
1993,4,526,839,475,878,864,441,1933,2441,438,739,1306,792,1322,814,703,2181,1612,1036,1368,575,1546,837,586,546,2540,946,1111,974,514,723,507,2219,1143,486,740,1325,669,3161,954,483,759,451,933,847,469,3328,4212,486,920,512,1350,1050,662,2845,2399,840,1243,535,1466,826,493,560,2648,920,889,1074,492,611,484,483,1006,1588,644,3724,532,491,721,457,948,744,431,1924,2241,428,925,488,1196,901,740,2122,1489,900,1102,514,1522,755,511,534,2935,1568,897,1057,486,1054,465,500,2805,1095,497,1395,578,920
1993,5,425,541,415,555,577,475,1503,2054,376,503,935,533,754,552,483,1516,1124,870,912,440,1014,495,374,514,1323,594,624,731,450,659,431,1488,925,439,514,990,484,1316,542,412,549,418,573,656,479,979,1716,365,492,437,691,571,578,1473,1043,809,877,433,1187,500,361,476,1376,580,603,775,423,651,432,393,501,1210,447,1739,424,423,500,431,545,575,466,1347,1537,382,503,426,670,555,547,1544,1025,663,851,427,1056,486,377,464,1847,564,531,842,433,423,429,386,1379,866,442,1232,441,612
1993,6,425,588,434,542,632,548,484,906,358,444,523,636,495,518,435,579,458,500,450,485,661,467,462,517,694,512,422,464,407,462,428,687,734,479,512,1718,477,889,787,402,656,419,535,501,557,527,1337,362,512,398,496,491,456,615,456,430,626,443,577,436,450,527,777,478,475,522,454,481,408,451,484,995,555,1041,391,421,577,413,525,734,765,554,823,371,484,392,518,593,485,596,449,506,502,425,660,449,388,500,1009,493,510,588,446,461,408,449,691,648,503,1591,443,1105
1993,7,520,1128,719,911,1448,1370,1052,1644,493,806,605,888,921,957,974,983,600,712,744,1063,1109,705,630,1113,614,867,1330,773,1036,805,1058,839,1115,769,800,1375,812,545,1995,521,1113,656,917,1777,1406,902,1408,526,745,512,883,992,999,1027,672,662,902,975,1085,761,679,1225,646,923,1276,689,981,652,960,849,939,1356,891,525,568,506,1020,700,1090,1540,1056,720,1432,522,865,507,897,982,917,1080,624,648,746,895,997,728,639,1275,657,868,1559,672,1035,844,1048,883,859,1276,660,1235,922,1863
1993,8,738,1205,962,1528,1418,1448,950,2489,759,671,748,1110,1185,875,1326,798,652,856,742,810,1220,854,1092,1299,972,701,1207,743,892,1071,1406,1525,1731,712,1547,1296,852,774,1894,738,1193,1123,1747,1331,1549,1106,1693,902,679,922,1230,866,1180,699,583,609,918,1083,1415,805,952,1156,691,716,1175,703,822,1160,1191,861,2008,1249,862,856,1982,654,1051,802,2350,1330,1783,1454,2763,711,672,954,1427,1045,1129,689,654,550,848,988,1199,831,1064,1677,837,675,1019,683,719,1039,1184,800,1141,1165,723,1070,710,1434
1993,9,1075,562,394,770,538,1054,440,524,559,436,1275,1310,737,1037,2102,696,2213,1197,699,877,1006,1059,814,1207,459,838,870,481,685,1757,998,830,690,367,1898,493,700,2284,2312,841,523,399,1041,928,770,520,732,459,464,1625,532,899,1670,545,2682,1009,927,991,1035,1188,834,1383,509,1020,853,520,722,1835,1018,720,1357,473,742,2424,944,816,647,441,476,944,919,449,602,480,419,1387,517,756,1716,695,2492,783,940,1116,810,1339,968,932,436,823,922,561,711,1498,989,830,865,680,364,593,770,2864
1993,10,585,616,490,416,2783,912,484,1128,363,1950,1905,857,1034,443,481,476,510,3193,1283,972,2784,955,671,1392,404,429,436,1523,5687,941,523,780,945,569,1058,425,368,2326,1888,545,568,478,401,2254,2068,463,1243,384,1973,2149,1001,452,481,517,655,2764,638,947,1974,918,623,507,390,394,423,1923,5662,1346,654,1028,1004,434,370,2163,1791,688,525,440,507,2509,962,441,1165,400,1928,1956,1281,623,473,473,593,2485,1001,1082,2112,656,688,877,405,479,428,2116,5937,1471,588,747,779,713,407,442,384,1313
1993,11,568,643,521,533,504,514,591,618,598,827,3273,708,637,421,1897,465,2067,970,606,863,1356,677,1018,2448,362,545,884,1147,2158,1983,927,563,3662,461,519,1002,2067,2723,718,650,404,537,688,585,436,583,877,539,826,573,652,643,2141,589,2452,942,1162,586,1904,662,867,3739,382,576,547,571,1074,1936,867,442,988,1481,549,1776,1971,655,526,462,677,505,795,596,962,457,466,643,622,563,1862,643,791,1782,584,1162,1175,669,1032,3074,362,618,744,585,1508,676,1157,634,450,3706,635,1983,1432,1021
1993,12,547,380,1505,817,2908,468,1828,1541,359,1870,3837,430,507,800,909,786,926,1488,517,932,2549,727,1117,2087,361,1737,465,465,4083,2166,514,899,3867,774,3331,2146,1160,1178,2036,540,610,1772,575,2371,454,2610,1189,363,1628,527,477,533,946,531,769,1990,482,1190,2675,787,1448,1659,359,1223,796,477,3444,1987,522,413,1889,1464,2890,1540,1744,494,419,1893,565,2543,502,2677,978,429,2065,517,490,641,1474,545,1982,1378,475,806,1805,695,1517,2176,359,1421,480,466,2648,2767,498,503,1362,2588,768,1356,2118,1417
1994,1,500,1431,638,612,1696,1157,1025,773,465,807,2570,438,1494,701,820,449,768,1130,769,634,2335,651,2537,1706,624,1176,464,1524,2176,1248,1214,824,2372,1122,1595,848,954,2770,2047,614,1321,576,1460,1682,906,1004,1067,446,871,888,1530,636,749,442,773,932,736,487,2140,1540,2000,2268,594,1730,524,1308,1806,1429,1177,490,2946,933,1416,2188,2812,419,1132,501,1319,2092,1258,806,1758,440,859,855,1638,646,667,488,798,1521,603,577,2692,1464,2135,1485,543,1665,531,1442,2568,1048,1189,888,591,2188,1008,833,1137,3544
1994,2,607,644,485,2068,2026,938,1527,1115,781,1655,3398,1461,1295,1532,1008,671,2040,1207,1234,475,1534,2484,2183,2449,757,3737,555,820,1701,1399,825,820,4224,894,1535,1331,1587,3195,3104,602,528,460,1720,2834,894,1166,1494,758,1082,1370,1153,1369,1055,855,1504,1276,2048,467,2328,1443,1867,2620,526,2732,880,958,2391,1855,799,2078,1884,2347,1189,2820,1883,1016,717,464,1480,2042,832,998,1205,654,1597,1998,1241,1514,1130,654,1104,1248,1577,481,1662,1810,1607,2883,530,1536,1251,947,1720,1399,756,1781,1086,3278,978,1320,1055,2432
1994,3,1686,883,591,2694,4890,1218,786,1376,476,1061,8570,1410,981,1802,682,777,3944,952,1562,764,4091,1475,1720,1975,444,1939,1296,647,3391,1747,1766,2426,3999,843,1731,1919,1118,2919,7023,1305,816,719,2383,2143,1344,830,1375,454,1143,1952,933,1898,781,494,5173,919,1226,605,4717,1521,2073,2353,662,1750,613,666,4290,1738,2046,1491,1914,1042,1304,2766,2048,1436,946,581,2462,4649,1495,1028,1624,486,1004,1610,851,1428,772,799,4811,974,1583,770,6309,1347,1926,2029,702,2837,553,640,3814,1959,2737,1221,2751,4608,757,1844,1044,7123
1994,4,540,575,455,1255,2702,1494,584,807,496,806,3801,719,691,1192,554,460,1909,836,885,1047,3636,874,1088,1516,473,1171,480,566,1829,2117,1330,1232,2195,479,1224,839,678,1448,3749,592,499,444,1262,3858,1371,559,1191,514,747,1603,615,1085,542,440,1307,913,665,1387,4451,1005,1094,2007,416,1247,502,558,1725,1964,1222,849,1107,757,869,1742,2430,694,572,472,1246,2524,1365,647,944,439,705,1558,816,1163,586,444,2569,937,592,705,3608,746,1615,1364,410,1543,504,529,1542,1736,1237,806,1048,3019,480,791,782,2504
1994,5,407,408,402,939,1121,578,451,601,376,541,1648,849,553,550,613,384,641,497,721,722,1661,516,954,884,460,697,479,450,983,1760,669,566,1240,406,1255,578,623,635,1655,403,398,408,926,1240,637,441,642,371,467,833,581,549,616,376,626,498,923,636,1604,580,906,1254,506,943,453,442,998,1426,610,548,1106,649,806,829,3254,425,402,402,874,1142,653,494,642,404,524,940,554,539,668,385,910,508,667,1069,1924,577,1062,952,439,1042,450,450,869,2172,579,591,669,1681,401,725,775,1368
1994,6,386,485,375,490,545,443,449,425,357,428,1070,516,468,417,466,373,484,525,851,490,880,612,752,524,420,466,474,423,1057,568,423,505,586,463,1196,588,556,509,698,385,429,377,525,556,453,472,437,382,421,515,436,434,501,372,475,492,646,622,674,591,995,549,416,523,463,422,942,543,423,482,916,453,772,505,1255,383,397,372,671,525,477,465,439,392,426,529,424,446,504,385,507,529,755,505,741,892,801,527,415,524,470,423,652,555,427,469,556,701,438,508,681,623
1994,7,851,1004,1036,1293,696,650,961,1193,926,634,1593,757,669,683,906,599,940,732,712,731,1428,1323,1210,637,666,703,1280,1002,1289,660,944,1388,710,1111,1633,688,1427,556,926,910,974,1216,1141,680,691,1038,1048,750,642,809,662,638,864,606,1076,907,773,711,1313,1175,905,616,636,809,1149,924,1075,652,948,952,1442,883,942,555,1520,850,1101,1067,936,689,680,959,984,838,623,681,688,656,806,644,771,919,700,743,1469,1029,844,585,602,804,1283,835,1388,719,974,994,1113,684,805,889,1299,767
1994,8,777,762,1607,2019,967,650,601,1209,981,723,1136,1285,935,699,572,562,860,2555,1512,916,1667,1460,1116,482,1099,1129,1310,1505,1721,1183,1261,778,678,875,840,997,1882,827,1195,880,730,1649,2055,868,643,735,1134,1192,818,939,778,671,557,513,790,2029,2331,778,1757,1164,1095,546,1270,1167,1090,1230,1583,955,1306,1026,967,826,2360,777,1008,892,712,2195,2311,927,604,596,1326,904,788,1354,824,694,621,543,1202,1792,1716,739,1641,1172,1395,501,979,1269,1148,1060,1830,970,1114,1065,997,776,1546,921,2046,1686
1994,9,853,894,1126,502,2267,409,457,1063,570,687,664,694,618,839,537,1090,576,1228,1961,807,1529,1653,1532,393,722,797,795,1354,757,616,1152,764,1311,1080,818,488,2165,870,836,777,830,2304,605,1138,389,515,1043,481,1040,633,878,653,643,785,654,1010,1189,772,1336,833,1704,388,524,672,1122,1072,813,640,858,791,813,463,2466,491,1067,770,840,1779,583,2563,387,531,1349,576,1259,433,732,780,543,560,582,881,1630,812,1148,2207,1715,417,645,688,719,1082,937,626,881,1582,674,1193,1037,432,1626,738
1994,10,1486,458,2090,913,857,371,769,1035,393,969,545,742,885,1984,789,510,1292,1430,498,389,645,1064,418,576,2119,379,1562,398,633,865,487,515,444,519,1099,610,1271,428,1077,1722,980,1106,676,2304,380,850,1118,409,668,2347,837,1587,702,683,1161,1156,566,371,937,1782,439,732,1793,374,1441,392,773,681,757,1141,1186,654,1571,607,1057,1455,872,1208,747,624,391,563,1102,423,516,2463,717,2108,854,907,1033,992,530,393,875,1173,500,722,1820,381,1223,580,557,581,799,439,582,502,504,409,1112,1257
1994,11,665,1476,764,1545,503,1102,2073,1461,709,892,492,482,632,558,726,478,909,1633,411,1712,1165,916,1866,777,606,386,725,1003,2971,807,381,374,555,828,942,728,850,468,902,720,730,663,534,461,445,1075,1207,473,707,553,572,862,566,476,912,1881,444,1209,602,1172,1965,666,876,377,919,1006,2020,952,460,451,983,419,603,478,433,519,758,720,1364,465,1002,2199,1167,531,433,633,560,752,692,481,956,1585,414,1837,1248,975,1911,399,661,370,1290,1148,2201,1241,392,854,389,470,879,1030,1817,936
1994,12,531,843,499,878,1061,1655,509,1865,336,841,555,1846,476,1008,412,667,1027,1394,1347,581,703,1214,753,423,749,2890,854,1526,975,1352,612,686,435,518,595,375,1138,482,2742,575,840,540,1762,1194,2241,965,2359,441,1042,542,430,904,404,1001,1129,1783,1362,668,1006,1162,607,476,522,3056,1120,1509,1127,1290,863,927,612,720,1189,518,574,766,645,469,1000,945,1803,498,3295,398,1341,675,494,870,434,1173,931,1725,1706,445,556,1109,771,813,771,3615,1315,1342,1078,1057,668,425,743,440,515,392,1191,1788
1995,1,911,1246,474,1201,1307,689,444,4380,776,737,2727,1224,899,892,479,1023,472,1586,1340,748,946,738,735,468,501,1470,2790,1393,1490,1906,749,1555,1491,395,1353,566,701,534,1110,1111,570,486,1099,1134,749,444,2977,556,649,522,833,905,410,826,517,1314,1161,861,708,792,1218,422,603,1476,2972,766,1659,2320,1203,1386,1658,1211,783,444,938,1035,1214,462,943,1306,795,442,2976,676,974,514,816,974,418,839,509,1199,793,776,748,1089,983,415,554,1561,2692,1565,1879,2910,607,1159,683,1138,403,1267,741,2474
1995,2,1056,900,677,1215,1142,617,500,3720,1291,1295,1704,1600,538,1349,403,1080,597,922,3719,667,886,1580,1098,532,659,1078,3392,1417,1405,1401,979,1079,939,647,1069,1567,628,640,1750,697,1290,584,1327,1341,772,549,2695,1417,1170,483,557,1531,380,1113,539,965,2175,542,1176,2203,670,439,758,1253,2956,1742,1863,1101,695,950,720,705,760,755,1288,770,680,696,1415,857,532,556,4232,1326,848,491,532,1252,400,1124,550,815,5103,674,1230,1375,789,430,899,955,3247,1281,1427,1105,1040,920,2006,925,573,542,824,1723
1995,3,753,699,495,1047,1632,483,535,3584,1097,2484,3054,3375,695,999,382,626,500,3094,2872,718,1126,2066,571,401,906,1582,5186,1364,2021,1305,444,1887,976,594,628,1506,813,624,1658,910,683,489,925,1599,548,447,3463,1508,2785,513,586,855,380,798,576,3100,4238,622,879,3427,661,412,755,1399,6207,1603,1606,1118,490,717,655,826,646,489,2858,823,766,456,1264,1632,517,475,2694,1521,2296,509,701,1147,385,752,574,2006,4055,577,900,2478,593,517,653,1348,4301,1574,2190,1436,590,921,1837,708,595,1486,627,1718
1995,4,561,551,451,754,918,490,419,1547,2174,1573,1599,2560,707,559,418,554,432,1323,2238,798,586,1685,531,504,475,1179,3347,914,1318,870,530,1224,552,523,507,594,695,428,871,550,494,465,921,1008,530,425,1655,2019,2339,428,676,547,408,633,436,1373,1877,608,578,1602,590,403,452,1129,4292,1129,1191,843,586,846,521,1104,663,479,1873,535,542,435,766,759,531,445,1478,2087,1687,433,662,575,404,581,437,2569,1912,797,540,1645,551,419,470,945,4459,984,1117,1015,658,600,1345,491,445,682,669,946
1995,5,423,431,403,604,675,430,1834,948,984,1087,1265,1188,413,452,375,474,405,1054,1212,427,519,973,693,400,421,906,2422,564,740,592,452,515,639,413,428,475,683,724,668,422,419,391,667,838,444,1190,1099,749,797,395,427,441,353,538,404,869,1128,459,530,1030,525,394,423,829,2246,561,877,547,490,719,444,480,570,712,685,425,414,401,531,650,432,1876,782,873,1300,397,401,446,380,486,404,838,1131,419,560,1108,572,422,424,900,3405,582,744,665,456,720,522,544,465,453,622,670
1995,6,440,421,475,432,555,575,716,501,515,469,543,646,410,621,354,419,420,865,673,453,508,477,500,482,431,506,1007,438,528,439,399,530,450,369,460,452,589,673,557,453,400,469,435,583,500,928,502,505,493,491,387,553,346,434,419,907,552,469,515,500,566,458,393,464,989,452,486,429,459,873,448,545,596,603,531,456,389,432,518,553,610,838,498,636,514,423,394,580,356,498,430,1154,514,406,559,499,529,572,407,508,1294,446,518,442,413,1267,564,464,370,498,681,547
1995,7,690,634,798,615,721,653,1491,916,840,1447,641,723,725,695,554,942,804,709,693,762,1072,1092,1307,2060,619,623,851,1221,1041,597,1117,992,865,1370,769,1022,1114,1088,1069,778,604,751,577,704,785,1132,816,825,1406,864,777,606,540,1037,843,801,834,818,919,1058,1323,1474,674,598,798,1004,1201,593,1363,952,787,982,1191,1966,795,772,600,837,600,744,723,1940,846,687,1243,738,746,638,587,969,714,811,695,876,986,1315,1308,2024,735,569,1060,1166,978,561,1043,844,1031,843,1248,994,1171,1190
1995,8,755,893,1555,576,1876,654,2253,908,860,2239,613,629,881,585,545,963,711,880,2018,913,3343,1302,1497,1764,816,1159,851,1299,1078,772,902,778,1039,1442,685,1150,1405,2438,1039,601,1266,1900,601,1459,658,3131,1081,720,1763,773,865,572,542,1001,871,948,2106,653,3244,1537,1471,1844,807,1088,803,1393,1167,756,888,872,800,1209,1307,1559,820,603,934,1302,543,1732,637,1672,970,792,1478,1153,957,555,500,815,878,792,1797,817,2300,1081,1270,1205,1011,968,882,1309,1258,732,1332,1103,789,1069,1636,1419,1404,810
1995,9,916,851,1307,845,504,388,557,972,562,1173,852,745,450,688,551,910,920,497,1465,773,982,839,621,1149,983,510,844,1095,1110,740,1093,702,650,1049,475,765,662,762,2174,716,1052,1125,823,659,412,787,1056,545,1292,475,456,656,532,1054,844,550,1263,724,1081,969,628,1110,837,589,983,872,1269,627,1423,667,483,783,932,613,1730,706,588,2138,828,510,387,678,1064,542,1541,472,388,728,634,1123,776,501,1358,680,1395,1019,743,1150,794,616,1076,774,1157,890,1576,797,623,900,827,706,827,3833
1995,10,1281,499,869,1594,1122,474,536,790,357,820,1787,2767,359,519,1394,1056,444,755,1597,5383,880,543,486,744,619,428,902,727,401,392,994,368,2550,565,821,628,563,442,1040,1124,525,1034,1810,904,429,1143,618,381,1133,1447,352,600,1147,1218,489,891,1140,2134,968,577,454,622,538,501,501,692,407,411,2152,398,711,468,443,423,2179,1891,796,1381,1798,898,456,1433,596,427,898,1831,360,544,1220,1055,534,674,1349,4496,1179,551,492,790,580,501,539,769,414,372,1259,396,367,1781,668,608,444,587
1995,11,642,842,1176,508,836,358,1691,766,618,648,919,576,527,594,2254,984,411,716,836,829,874,689,408,996,825,765,811,577,607,453,1693,374,981,801,748,1149,379,1286,709,1036,1643,940,482,709,395,892,439,736,440,859,384,531,3358,471,377,796,1207,6536,851,738,498,520,944,807,1507,771,578,513,884,2002,941,1161,392,985,510,613,1899,956,594,870,369,775,824,844,461,698,535,390,4153,862,468,433,1222,3768,805,687,433,910,579,661,1442,638,468,536,883,2607,397,1178,687,984,391,953
1995,12,404,4366,567,1965,826,911,489,416,577,521,754,1347,565,468,1256,707,1689,1352,1976,1248,460,1338,563,1238,1419,1310,504,633,1538,1264,2142,460,505,641,2014,462,1273,1817,773,432,5300,1110,1823,702,675,493,855,478,455,528,656,588,763,1186,1739,1559,2013,958,467,1533,436,1447,1461,1576,588,475,1279,1420,2249,3354,1922,453,1056,2114,535,407,5740,610,1771,633,839,485,410,490,446,624,550,751,638,954,1270,1641,1550,1076,567,1008,512,847,1363,1042,524,531,1328,1546,2377,3884,504,508,695,534,1121,566
1996,1,1028,2222,1299,667,460,571,605,497,1590,671,509,833,493,2341,1382,590,1194,814,1306,1602,898,1273,664,1383,1718,681,519,477,961,2180,1210,585,623,1116,686,1263,1281,1002,1610,1282,2373,1421,806,438,627,779,513,2124,801,568,612,2928,1383,658,1237,631,1527,1405,850,1616,635,1558,1895,852,578,469,1203,2475,1293,1082,856,881,1000,1175,1786,1141,1794,1476,1133,422,561,807,543,814,710,499,567,2051,1368,498,1426,897,1281,1800,902,1676,674,1910,1331,1402,559,631,1109,2108,1389,1261,1034,954,1223,1213,1479,1515
1996,2,529,3124,1683,1953,1043,710,1843,1694,1120,1095,494,1493,538,2430,927,510,929,1336,1739,1638,512,1119,793,1730,756,1398,737,1903,738,1724,1647,1983,2336,1554,534,1342,1309,1249,1346,536,4517,819,1976,1379,710,1572,1687,651,1019,474,525,1988,1213,523,1035,883,1439,1633,537,1242,849,1711,973,982,740,1586,635,1469,1897,2390,564,1706,2614,1069,1153,639,4018,1466,2325,1233,555,1441,1784,2321,938,468,505,2628,816,576,1014,1378,1359,1428,576,1835,672,1478,826,791,702,1770,638,1459,3310,2296,1484,1620,1294,1667,1330,2233
1996,3,722,7876,1843,1418,572,1184,656,730,1249,2034,577,1126,364,1567,1089,608,772,1145,1214,1052,1013,1223,446,1590,832,1749,1002,1865,548,1048,2374,1889,1071,907,612,1174,2230,767,2968,1006,8035,2560,1131,490,802,681,635,973,1988,416,371,1455,1364,685,716,1385,1085,1127,762,1082,411,1204,950,1372,1165,1829,575,854,2345,3311,760,1310,1618,896,1059,895,6531,2363,1266,515,1125,838,568,965,1724,427,374,1872,1220,672,707,1005,1150,1064,931,1191,472,1620,848,1531,1103,970,516,939,1576,2461,1751,928,1089,1438,1623,1464
1996,4,707,3501,1287,609,490,442,633,585,665,2095,460,671,459,1478,695,455,871,719,790,677,488,797,456,1565,634,859,631,861,440,737,1166,1001,708,751,690,723,1419,828,2260,655,3234,1199,769,508,495,637,565,648,1491,403,414,1443,697,463,859,671,690,712,554,1042,412,1690,760,944,718,673,445,800,1100,1896,1002,790,1575,774,613,632,4190,1501,759,475,433,838,590,628,1404,404,423,1455,687,451,738,692,731,897,558,788,453,1772,626,954,726,1361,431,807,1034,2329,1206,636,797,697,1695,2148
1996,5,419,2163,565,799,416,445,506,423,466,716,408,472,416,910,477,458,572,476,578,528,428,569,520,1002,515,508,578,971,440,672,728,985,716,498,733,504,698,530,907,502,2156,727,886,410,424,555,433,452,947,1970,418,930,530,468,671,487,540,520,417,609,499,1056,510,534,551,1258,443,618,669,1037,533,519,686,583,569,474,2174,638,833,406,447,506,441,444,1195,2003,423,961,496,461,567,503,604,834,425,540,460,965,516,516,567,1328,438,611,671,991,998,720,525,548,875,1006
1996,6,427,1525,436,485,447,557,577,400,434,708,450,416,427,499,908,486,600,421,494,538,410,421,378,549,601,407,444,558,403,418,455,686,585,438,432,441,443,492,567,494,1287,443,506,430,506,581,407,417,490,825,354,493,715,432,558,415,447,482,394,426,365,645,785,403,467,564,405,421,463,603,515,506,439,506,437,424,2358,447,452,429,518,474,426,455,493,658,368,480,931,450,594,404,437,521,395,422,428,642,635,404,500,501,400,418,454,587,753,715,444,496,455,548
1996,7,925,920,927,757,879,1518,841,599,770,1072,771,1180,709,652,730,701,1024,534,876,579,1014,945,712,1026,577,1031,1224,612,530,996,807,1909,940,823,1149,1087,928,1016,699,897,1037,837,843,986,1603,830,650,675,1232,1289,750,673,1099,686,1225,629,656,642,942,981,741,1053,518,785,1531,618,533,995,777,777,1041,1013,901,1236,666,957,862,982,744,887,2092,1146,604,718,1294,1305,748,682,1183,760,1130,604,853,743,954,906,836,1038,491,903,1211,724,450,794,829,683,1597,824,854,985,993,798
1996,8,1037,1380,1071,1311,769,1300,882,617,873,1507,617,1172,565,1036,1341,2970,1985,1057,1095,1104,818,1470,1253,1110,536,745,1170,618,793,2055,1743,1473,1622,972,1286,1442,1453,1150,1173,817,1126,915,875,618,1353,1100,593,1154,1412,708,629,959,1013,2025,1952,842,1370,923,943,2282,919,1023,552,1024,1066,630,839,1666,1376,574,1472,1499,1340,916,1117,944,1191,993,1235,783,1246,937,646,974,1255,794,573,984,977,1658,1456,756,1596,940,926,1278,931,1103,572,790,1314,611,991,2481,1255,667,1807,1738,843,1383,1199,875
1996,9,655,728,555,565,593,1515,721,1801,1183,1386,594,823,660,592,926,1238,1552,3281,1197,3463,704,677,551,853,535,641,752,1295,1072,899,1385,1052,1121,1123,858,1072,1969,1149,1025,954,822,640,631,469,1766,813,1967,1136,917,729,656,601,784,1699,1874,2603,831,2042,718,455,679,852,532,1198,957,1301,1551,1135,1340,565,823,917,2151,1286,760,762,877,576,569,577,1630,932,2104,886,1912,646,621,604,688,1713,2322,2331,1295,3187,635,822,500,953,558,1101,802,1528,1130,807,1727,546,1030,969,1310,703,2337,1163
1996,10,415,1323,1602,620,570,2638,558,1835,908,1010,1413,570,743,375,620,549,1375,1563,468,862,414,379,391,899,845,889,498,830,579,1761,819,1224,1613,1995,456,813,3910,504,838,378,2408,1253,573,585,995,437,5419,970,1529,5084,468,368,825,666,1456,2285,486,1324,396,386,355,902,1047,455,404,807,565,2501,664,422,418,671,4167,473,447,391,633,2032,617,387,2773,439,796,1092,749,5184,720,369,637,570,736,1750,410,710,415,382,414,693,661,463,512,459,703,2474,557,469,885,945,2970,1299,1466,1020
1996,11,434,1704,2467,1192,503,596,399,2497,565,496,746,1967,368,443,738,1310,470,486,3373,601,607,422,556,432,414,675,380,2818,375,1818,494,495,893,1162,424,2464,1358,475,1201,483,946,2707,467,389,1948,376,711,671,559,1499,486,414,423,760,473,515,2405,757,667,416,602,409,437,656,390,1733,492,879,436,390,491,2700,1294,484,624,415,2967,2234,1277,626,1248,393,4457,865,584,1521,369,471,450,886,1406,701,810,702,568,402,645,703,597,588,379,2464,392,581,419,384,1130,872,636,2421,3437,1018
1996,12,876,2085,1424,841,364,2339,1298,850,570,479,605,1651,363,1379,445,482,723,625,676,805,923,368,423,425,2333,452,376,2754,397,527,416,719,801,1187,1148,2294,2292,3637,732,684,1970,896,1588,540,1876,1213,738,556,444,766,369,2046,650,959,1021,651,620,836,787,371,433,406,2608,396,373,2026,435,527,405,1209,1666,1920,1571,3640,751,963,1928,944,669,519,1742,1183,676,462,437,845,351,2513,630,832,829,734,1882,919,926,371,436,405,2161,427,372,1784,424,493,442,1374,496,873,1118,2377,1998,878
1997,1,825,1221,814,501,559,1982,632,634,1120,802,737,1047,527,2674,603,869,1343,1373,578,1197,632,381,1138,692,906,804,375,1089,406,549,437,1259,675,991,1448,1725,2346,1128,917,1032,1339,1005,484,447,2307,572,590,3417,578,1731,451,1095,600,1230,998,1535,691,755,649,383,1206,627,1268,592,372,883,398,517,405,1617,819,2082,2116,1086,1602,702,1506,1265,505,475,1353,705,806,2753,784,2027,623,943,679,1077,1256,1396,605,880,603,384,528,732,911,541,384,916,461,491,423,1393,1477,653,967,1664,1615,678
1997,2,1640,1410,1638,446,636,1999,582,597,3051,482,496,1115,1255,1461,512,1519,768,1120,1312,1102,461,506,1011,727,1322,441,513,2520,612,1532,1012,1446,754,869,1542,2717,2282,906,818,1313,1249,1644,521,560,2061,698,535,1922,612,1965,1690,1103,510,991,875,1034,1290,1867,472,488,929,445,943,520,494,1990,831,1494,1118,811,1632,2440,2747,868,2843,1706,1635,1209,438,567,2620,554,604,1621,469,2173,916,1308,440,982,752,1191,987,1439,515,568,2016,697,1341,645,473,1482,778,1438,718,968,1097,706,682,2486,2371,699
1997,3,848,1414,4571,547,486,1636,682,538,2375,443,437,1376,3339,953,547,857,879,1092,1821,1420,1128,465,1836,721,771,948,427,2394,1487,1009,893,861,858,677,1329,1459,1868,907,698,1098,1390,4899,547,456,1751,737,524,3219,432,1898,1400,880,538,1008,763,1409,1650,1123,1078,370,1880,994,779,898,412,1988,2260,1055,1046,626,1400,1358,2626,1028,1895,841,1146,3722,525,535,1273,572,590,3112,434,1822,4204,1156,527,787,683,1418,1766,1373,1144,404,1656,661,776,912,391,2150,1859,883,1416,667,1220,636,815,1643,2118,784
1997,4,584,1329,2338,502,380,909,1072,527,2528,416,479,1605,748,598,510,650,524,693,719,683,872,379,912,508,661,481,453,1292,543,551,1031,1512,522,502,926,741,948,795,480,539,1598,2891,465,442,963,1367,538,2739,407,1153,2333,782,470,650,523,707,926,769,825,388,755,479,582,542,429,1898,583,555,793,504,866,729,1203,732,1646,687,1730,4813,448,382,753,917,683,2030,408,1366,772,702,442,663,535,729,909,704,866,408,1026,474,610,493,458,1393,666,545,752,546,1005,660,500,732,1204,475
1997,5,787,1091,1899,411,358,554,986,555,1498,440,405,906,466,714,381,454,496,3484,571,546,523,470,471,403,467,587,354,1028,666,532,752,653,468,488,840,570,773,625,497,588,715,2003,408,354,611,1400,542,1415,422,1202,491,546,381,455,475,2481,704,537,506,592,459,486,443,576,355,1578,595,583,993,430,738,590,776,578,2699,777,998,2201,412,356,586,680,524,1651,421,1160,483,724,382,464,510,3300,701,526,498,378,456,430,439,569,355,1036,699,515,853,449,708,474,508,583,894,846
1997,6,427,520,992,469,351,454,557,404,552,398,443,823,455,486,606,456,398,941,456,439,483,517,449,451,450,680,434,654,410,444,517,527,442,478,499,433,634,545,857,557,525,817,409,346,451,487,399,627,404,493,457,553,513,473,416,821,432,427,458,428,443,418,473,622,576,766,422,456,508,507,552,427,693,489,854,455,488,736,400,349,439,1245,420,566,501,497,512,510,500,444,402,1106,511,456,448,648,454,433,489,655,401,739,413,425,627,432,477,478,485,440,567,448
1997,7,824,647,1296,880,639,601,738,1002,968,1075,692,839,635,539,808,1272,677,994,534,746,759,601,1069,798,941,1081,968,1086,680,666,1516,858,1032,885,1113,642,870,1500,757,946,636,1094,833,665,653,729,892,919,1075,505,550,683,736,982,688,855,854,779,747,498,1067,901,1088,1021,1218,1227,669,529,1698,849,911,626,939,1744,1634,964,672,921,872,666,630,685,992,998,961,537,677,681,872,1238,660,602,544,721,767,532,1079,831,955,1026,1304,1055,666,658,1603,794,916,1119,952,683,1024,791
1997,8,1396,633,725,645,838,1124,912,936,1290,1245,836,1121,1038,1122,974,1040,1616,752,678,856,2378,1589,1172,1577,1194,1357,1447,990,495,1055,1748,1466,1217,972,1035,663,878,1195,774,1369,641,896,641,1034,866,1138,1099,1378,944,808,1254,908,1070,1188,1833,612,638,1385,1781,1865,1194,1420,1119,1523,1124,1063,507,1132,1471,1527,1160,731,688,1619,1286,1602,681,1483,662,930,1189,1044,997,1446,1189,728,1308,860,868,1203,2432,1054,615,1192,1632,1672,1231,1441,1162,1404,949,984,511,835,1992,1789,1480,1443,1185,731,812,762
1997,9,1093,847,1467,391,775,997,520,1990,2398,855,381,495,757,1309,742,845,1657,590,472,1256,1139,788,1072,759,1390,1113,846,1711,738,697,1790,758,1249,1467,864,620,1062,2203,665,727,890,1810,385,614,1237,461,1560,2236,1007,1982,670,1869,970,939,1911,572,406,899,1682,765,1027,895,999,781,809,3075,1046,945,1795,1030,787,698,1291,2258,805,807,704,2105,371,674,1094,473,1740,2182,807,1978,722,1436,826,1061,1293,570,492,1295,1710,629,1084,941,993,564,964,2090,752,788,1485,1162,769,591,1507,759,1020,682
1997,10,2071,416,994,842,399,757,1039,759,2260,978,635,1220,1000,1485,1842,669,461,675,669,621,1107,366,720,2055,1021,1314,447,1048,443,470,825,542,447,451,546,988,1134,1078,410,2621,416,664,659,500,784,803,750,3428,962,1510,1512,1151,1694,488,446,913,633,797,1201,385,1040,1415,1326,1038,490,544,1006,414,842,679,1401,1316,954,772,1443,1983,512,704,716,537,755,868,795,2512,982,2365,1339,1565,1995,437,459,1086,851,447,836,365,979,1074,914,1739,403,472,456,450,1138,570,539,795,427,1122,710,475
1997,11,979,575,1489,2233,663,1119,446,689,1346,802,633,739,1081,1936,526,984,1013,721,1400,679,1201,728,1024,812,966,3654,583,1633,2173,474,626,462,400,2740,1945,921,531,484,643,905,498,507,1680,621,1197,456,980,748,474,505,813,1696,420,861,1085,388,1464,764,1223,694,605,1087,689,5561,586,1709,1629,422,522,641,963,752,451,668,627,1158,1336,579,1803,588,1477,467,1096,1367,749,575,838,1218,528,702,1329,423,1325,841,846,725,459,2051,814,815,394,1771,2141,463,461,1143,462,396,710,804,648,626
1997,12,3745,1436,1040,3504,471,973,2382,641,4435,2100,1776,442,444,876,2453,411,463,1620,734,1348,772,496,588,889,611,900,1213,606,672,528,556,2912,433,2041,845,2823,484,469,2596,3542,1310,1625,2570,413,686,2702,540,2110,3367,1436,453,958,1951,395,486,1719,733,1043,799,542,607,929,747,644,1099,618,834,523,575,1835,957,2823,491,443,508,2755,532,1318,3420,474,583,3140,583,3433,1731,1178,449,927,2272,470,463,2035,888,1455,894,476,944,983,737,3871,1857,715,823,490,624,1105,2202,440,3725,2635,458,2334
1998,1,1937,1133,2045,1516,518,502,1190,967,2784,1171,817,912,1079,734,1342,426,856,1279,617,465,857,660,490,968,1321,2088,1406,970,546,446,463,1936,599,3236,1887,2053,909,455,807,2124,1029,2154,3935,578,492,681,1239,4217,794,754,1157,649,1402,413,716,950,541,597,799,688,470,1035,1339,1400,2378,1284,564,492,453,1213,1813,2098,769,445,904,2318,1075,2405,1392,601,508,796,1432,2725,2603,1070,1222,604,1397,414,694,950,629,557,691,611,473,1033,984,1901,1457,1120,642,446,454,1237,1618,601,3662,2014,906,1023
1998,2,3194,509,1815,1661,621,655,656,699,4753,1379,871,722,2202,2114,1340,981,882,623,476,490,829,387,511,2855,1864,1334,1236,2606,528,904,517,3846,961,5163,1337,1739,2007,919,1637,2017,615,2096,1512,541,888,736,794,4593,1107,1039,2179,2103,1183,795,773,643,484,472,968,480,531,2695,2505,1259,900,1422,510,1006,576,842,1122,2233,1691,1225,955,2048,495,1240,1735,454,814,700,618,3768,1024,796,2878,2323,1322,1146,1369,660,530,531,845,433,597,3132,2323,1376,670,1245,512,629,687,699,3934,719,3273,2118,1582,2291
1998,3,2222,545,1575,2626,736,506,594,556,4851,947,1279,1011,2076,2704,1032,499,514,762,1546,973,1218,625,749,2497,3581,984,1347,1118,1005,440,544,2338,501,5811,2583,2054,1104,1121,1426,2137,563,1621,2052,659,473,683,604,4608,965,2671,1287,2810,1041,499,842,742,1389,714,1144,707,980,2595,4095,794,1224,1201,1382,403,430,807,1258,1643,1318,786,1003,2311,498,1723,2092,657,502,655,643,4607,931,2873,971,1884,1257,439,629,819,1468,991,1220,747,577,2213,4438,1033,1568,1164,1121,621,443,1110,2847,701,6840,1612,1203,2070
1998,4,1162,640,1373,1439,485,471,469,460,2465,678,704,680,750,1582,1337,550,514,1143,720,1157,594,410,1017,1127,4068,1394,855,704,885,440,561,1146,425,2946,1215,1337,1012,560,1247,1113,622,1128,1196,490,471,497,479,2088,749,1107,830,1309,1146,474,517,906,678,2441,606,444,1197,1269,2400,1293,862,683,726,449,460,1184,2192,1276,866,622,619,1386,596,1533,1616,452,450,487,488,2258,727,1628,1040,1214,1506,509,557,841,749,1530,603,393,1457,1377,2832,1930,855,702,650,439,507,750,1290,440,4058,1308,950,989
1998,5,653,444,626,1212,401,410,442,475,1473,513,499,593,510,610,882,407,956,544,458,1274,470,467,1194,762,1188,690,583,529,473,368,472,765,412,1439,701,987,917,432,790,663,488,728,736,389,402,499,444,1319,505,669,571,785,896,396,629,569,462,668,457,506,1141,782,1225,649,618,467,453,379,447,545,808,947,1044,438,565,701,445,726,1382,358,413,481,483,1559,509,608,556,546,822,386,1046,787,467,921,442,567,796,907,1034,733,680,474,442,361,500,541,771,394,1601,983,832,596
1998,6,545,471,504,732,407,432,441,451,733,500,466,499,744,472,450,507,404,533,400,707,441,423,516,481,560,525,516,429,438,412,419,449,386,579,466,803,784,507,430,546,440,503,740,377,446,403,474,892,500,456,597,506,450,508,549,465,414,542,480,447,443,491,539,567,475,439,440,493,516,459,469,601,732,616,409,540,459,518,699,438,468,432,476,943,520,483,577,514,456,468,408,523,407,493,454,401,673,495,551,559,495,422,466,427,473,451,474,393,614,691,505,429
1998,7,739,1105,871,1206,954,1016,1147,649,1128,909,1072,938,1106,940,1004,1019,550,1254,697,910,840,768,615,1304,835,1180,1174,687,857,1023,1653,663,640,834,965,1062,824,1330,660,680,971,1016,1245,1059,943,920,618,839,861,1149,845,797,1380,1107,493,1263,847,987,797,803,616,1157,868,1427,1021,773,822,1467,1420,874,1159,1116,828,1211,883,645,1070,1099,1109,957,933,1110,628,887,845,1114,851,894,1180,1207,587,1210,777,1144,733,794,596,1087,790,1269,1041,769,767,1380,1340,753,708,624,878,880,949,690
1998,8,883,1679,1568,2124,788,807,1153,975,1112,850,940,2565,1503,818,1246,1544,699,1263,1219,1130,690,908,948,951,900,2061,1259,1199,963,1924,1723,1046,1173,1126,1290,1050,799,1670,1055,810,1778,1196,2596,801,727,1273,947,1230,848,879,2080,891,1154,1347,799,1688,1098,1186,749,953,1038,1111,713,2162,1459,929,879,1235,2001,1020,1021,1142,1156,1344,627,870,1663,906,2731,753,736,909,809,1189,1195,976,2059,713,1183,1271,772,1349,1115,1321,770,889,1024,1064,764,1899,1301,1319,871,1295,2023,1454,805,1009,1033,1090,790,758
1998,9,390,921,481,3099,844,835,2961,635,1177,521,601,2036,1178,756,2947,1582,418,3312,2185,926,754,426,917,428,797,2845,889,2846,1277,1944,836,900,416,445,466,706,886,690,657,403,1293,607,900,748,744,3305,693,1309,460,1156,783,716,2901,1237,422,3360,3266,683,713,406,841,451,854,2835,1494,2560,1307,1590,1016,751,446,741,775,824,632,417,962,630,1661,745,669,2516,624,1335,435,888,789,838,2684,1278,420,2471,2179,810,881,440,672,491,976,2371,2023,2157,1014,1687,1075,563,1081,543,469,630,852,760
1998,10,471,908,454,1581,1344,1910,3815,589,645,565,441,973,521,900,833,2562,742,3601,1212,1529,481,894,1281,426,595,1525,1147,844,819,1253,834,421,1607,716,409,1948,407,739,801,521,973,381,2877,2209,2930,7917,556,419,393,479,546,752,649,3444,1148,3233,1306,1797,415,727,871,413,937,1942,764,1596,725,943,738,580,476,1759,433,873,362,549,928,415,2415,2225,2430,6632,610,477,473,737,600,600,545,2439,464,4956,1920,2026,403,1073,1016,436,936,1978,423,1457,768,760,669,627,423,1512,786,1963,450,664
1998,11,1082,637,372,805,1739,1643,4298,583,450,575,370,991,402,1719,485,3805,1057,917,554,1103,459,553,578,513,1623,2610,729,1963,425,616,607,701,750,660,747,991,380,704,528,971,705,417,636,1894,532,1177,466,528,872,1146,390,2375,516,2304,2891,1233,510,1026,446,560,1221,532,924,1428,596,713,606,1292,720,509,673,616,369,913,399,989,693,367,758,2012,585,1290,743,474,435,1148,402,1684,624,2425,3920,1038,598,1074,452,576,1102,516,516,1536,687,1166,876,1115,737,433,743,978,626,575,368,1128
1998,12,404,1026,1146,563,1396,1031,884,609,430,489,2319,694,491,1873,1707,1096,3825,2026,1201,1430,376,2887,697,512,673,1778,476,653,666,1728,667,3172,785,2378,462,795,458,451,1292,418,1050,706,542,1049,1222,818,609,426,385,575,467,1616,1545,1076,1617,1885,915,1474,366,3572,743,555,594,2846,509,762,437,983,639,2103,456,1081,512,448,528,411,1024,925,577,1063,816,958,545,389,698,513,459,2395,1491,1379,2357,2086,1401,1234,376,1826,634,561,1206,3013,442,729,421,1159,490,1786,2663,750,2184,1197,464,659
1999,1,1036,1259,787,1272,3716,674,2801,659,527,818,2079,552,864,1109,3049,1067,1462,1217,666,1368,887,1556,2108,434,1023,8334,581,875,1059,930,433,1197,454,886,1308,541,1323,1169,2189,1020,1310,1110,1034,3639,616,3549,1174,521,747,455,877,1190,4892,934,1676,1298,937,1574,717,1890,2907,448,767,2963,602,600,986,1519,438,1765,1530,534,1257,1063,363,1195,981,970,1245,4732,1116,3180,1266,525,869,473,818,1116,3978,1128,1591,1412,754,1753,888,3049,3181,452,879,5266,625,898,1098,1471,434,2185,1194,474,844,523,1444,2006
1999,2,573,1051,975,1331,2280,980,2998,2204,1076,719,1908,700,677,1017,3568,1838,1916,1492,1315,2116,435,2013,3348,902,1354,7341,837,1658,570,2200,434,1335,1678,1957,864,1019,1302,779,1807,643,1374,1557,2103,2717,816,2364,1249,1043,851,1229,794,1023,3480,2312,1940,1284,1495,1814,416,1732,2004,595,1908,8089,793,2030,1237,1264,460,1538,772,1226,976,876,358,569,1077,890,1739,1914,826,3347,1029,805,839,880,1021,871,3127,2071,2330,1477,1445,2166,451,1513,2067,729,1637,4107,778,1961,1029,1273,426,1682,1531,2062,1829,1011,715,1982
1999,3,624,1548,2057,2474,1586,1605,3414,1513,679,1901,2223,901,1116,797,3854,7954,1589,2438,2310,2780,488,2746,5327,383,761,3167,633,1327,1290,1420,933,1602,1448,2781,3798,894,588,820,1573,594,1810,1354,1568,1559,1608,2896,1195,662,1524,594,1318,761,3202,4793,1631,2113,1964,2567,457,3789,5551,705,644,4885,575,1787,653,961,743,1616,3642,742,748,796,528,609,2218,2378,2226,1124,1464,3248,1766,589,1864,1136,1253,709,4410,6330,1680,2385,1956,2362,479,3500,4398,457,941,5513,539,1530,700,892,771,1183,2080,1804,2494,982,679,1232
1999,4,462,920,809,1294,1126,1128,1424,684,524,703,4242,665,798,577,3778,3190,1087,1431,1055,2503,482,2140,3886,477,543,1276,462,1551,544,1383,1312,1282,1494,1486,710,526,791,1335,1096,461,957,816,1805,879,1038,1418,779,623,681,540,643,603,2277,3472,939,1188,1369,2402,482,1737,4041,530,507,2350,478,1250,518,1263,1297,1101,797,537,855,1188,360,451,863,700,1439,671,1086,1605,788,538,680,517,617,560,2950,3552,981,1192,1465,2335,422,2105,3750,505,544,2562,512,2393,552,1381,717,991,1085,1057,1742,567,719,1028
1999,5,395,521,697,839,743,638,694,1972,428,510,1964,710,434,514,1827,995,943,712,609,1440,401,1163,1883,367,483,748,424,1161,591,854,528,1046,772,1015,527,864,645,1082,778,435,548,770,681,648,494,630,4349,410,490,453,429,514,1935,1076,580,661,565,1249,421,1214,2128,373,466,881,402,1138,440,701,486,962,560,832,481,943,352,433,500,721,926,547,511,747,3160,393,518,451,439,507,1780,1084,677,704,572,1679,422,1107,2260,381,469,961,393,1003,549,834,835,886,914,798,1012,898,539,925
1999,6,401,436,475,494,503,587,647,1856,438,567,677,421,424,551,1206,774,525,508,574,736,376,647,571,456,407,640,380,491,422,708,467,609,640,568,465,643,439,466,629,373,468,475,690,480,569,660,628,466,488,405,493,693,631,643,472,477,538,590,371,688,578,554,402,644,401,530,567,801,463,523,473,450,517,506,479,375,452,505,482,489,560,682,1092,427,666,423,425,503,891,739,506,531,587,676,381,628,599,400,402,639,389,485,405,608,436,460,585,473,805,643,526,567
1999,7,730,1014,729,799,1084,1107,865,1322,761,930,880,714,915,1231,1290,828,1002,756,774,680,719,863,780,738,824,1235,778,610,642,893,861,884,805,1332,1023,718,870,978,530,803,1120,678,804,1034,1365,947,1133,707,1049,663,853,794,1860,949,887,780,911,817,687,675,732,765,853,1220,749,635,610,850,964,649,988,727,859,1034,774,772,1101,639,743,1082,1404,886,1210,754,854,653,823,1237,1188,1110,921,695,950,690,752,763,734,882,773,1243,781,646,636,871,986,662,977,857,1197,671,909,497
1999,8,707,972,764,843,1615,2157,846,1419,635,1058,1324,480,928,1252,1351,2068,965,1215,1255,732,770,769,887,798,1794,1659,1726,950,1455,733,920,1500,1107,2048,1570,755,1005,649,804,628,909,689,804,1056,2025,831,1299,700,906,797,927,2433,984,2026,1047,1266,1283,1098,842,1142,879,739,1548,1682,1409,975,917,799,736,626,1637,719,890,741,940,690,969,793,1003,1494,1916,881,1184,680,888,817,1023,1716,1279,1665,1179,1354,1260,850,832,897,912,809,1960,1235,1569,870,1036,902,776,665,1500,834,1938,715,853,785
1999,9,645,1090,509,496,473,2243,2038,494,990,452,595,822,1095,1652,1247,1133,500,1567,751,2072,1920,628,775,1511,516,1591,1380,443,1402,699,2646,661,491,1054,1499,688,426,826,1350,799,1646,460,469,561,1500,1462,490,989,588,740,947,929,983,883,594,1326,806,3440,1772,648,1462,1397,682,2084,1392,447,1211,782,1807,593,1602,694,520,744,601,612,1295,501,491,437,1966,1858,498,547,469,669,945,1185,971,840,382,1214,803,2189,1444,523,1651,1294,604,1512,1796,477,1045,565,2453,630,483,673,958,739,482,1368
1999,10,469,643,675,707,379,519,719,1884,759,576,623,409,628,505,1648,3545,536,569,3071,2353,443,595,1043,1920,670,2303,620,1577,422,825,2007,415,1035,495,1936,1143,364,613,536,400,508,657,512,371,531,1429,1993,1048,552,606,870,599,3363,2662,435,598,2386,3197,415,595,459,2871,781,1710,426,1553,447,786,2266,718,1707,1167,362,532,1209,400,726,603,600,379,740,1245,1090,1140,473,1090,1047,578,1660,2556,459,627,2478,1822,605,851,450,2151,653,2237,439,1580,622,897,2693,856,416,1418,490,953,360,551
1999,11,590,406,617,936,373,1012,1437,821,2318,541,607,400,635,484,1106,518,570,670,869,731,754,422,484,1968,420,3228,679,461,401,377,876,594,2271,471,712,595,549,391,1268,545,425,604,2564,367,3361,706,842,690,513,1091,559,419,850,530,607,978,1182,691,516,432,406,1284,424,2468,660,401,372,384,1003,767,744,572,594,379,692,388,494,548,1882,375,1954,945,1627,1582,542,499,569,415,836,506,406,989,611,875,665,379,437,1346,403,2249,514,462,402,374,1225,609,995,1438,490,569,528,1041
1999,12,1643,523,381,1490,1048,2426,467,2476,1047,714,2950,1651,727,452,1154,1089,545,766,1045,568,565,1191,991,642,1796,2158,635,418,397,839,1038,860,1731,976,3463,1645,910,987,1864,1222,495,367,535,858,924,453,1921,1798,749,1075,678,457,859,1305,440,723,1050,549,779,922,1169,630,1371,2679,663,408,445,629,1153,401,5254,1445,1352,1047,466,1684,629,377,856,696,1341,465,2272,2003,594,1447,884,467,1047,1021,659,660,1215,539,634,1542,1095,594,1554,3071,680,417,405,780,1242,497,490,2554,931,1601,918,3519
2000,1,1235,2058,1369,2010,569,697,1645,1322,2233,811,788,1278,1801,958,2023,723,809,603,1221,1264,486,605,1298,1944,883,1768,688,411,675,441,1756,419,1126,928,5064,830,1217,1298,5862,1430,1187,1514,2763,736,674,1505,1395,1675,812,1375,1912,923,2223,1321,874,525,1311,1295,430,1297,1351,2267,865,1604,648,409,543,2431,1705,394,2362,1544,569,774,451,1141,2334,1342,2456,1004,654,1524,1136,1969,707,1193,1618,1470,1878,1210,766,592,1338,1334,522,449,1548,2086,871,1505,640,410,1600,455,1738,933,450,965,1798,1681,1911,1055
2000,2,1241,894,1034,874,1358,708,913,2834,2901,643,1538,740,1437,461,1836,2263,1211,2002,1009,1590,1539,605,1129,1924,571,3811,870,869,3185,1001,1486,562,1822,2038,3677,1109,540,862,4242,1239,2243,1048,1356,1376,698,803,2576,1400,487,789,1085,455,1713,2040,1237,1972,876,1417,1746,550,1119,1984,541,1929,816,778,750,1276,3931,1302,4158,1183,607,448,411,964,819,996,1334,1180,622,823,2803,2340,793,829,1340,694,1393,1795,1187,1696,819,1563,1127,563,1292,1898,586,2450,706,653,1317,404,1841,1119,434,857,807,1770,576,2434
2000,3,2856,748,1410,1037,701,982,2096,2642,3357,911,3131,998,1596,617,1780,1979,993,1165,2725,1904,512,479,1550,1674,583,2287,486,1393,2136,644,945,1234,1815,1287,4817,869,686,538,6223,1863,721,1536,1019,737,963,1859,3039,3491,1026,1168,1202,694,1488,2255,1011,1161,3990,1999,539,541,1629,1787,583,3080,461,1397,973,1553,4601,654,4421,948,1121,819,630,2518,751,1974,1142,701,784,1542,3644,3990,1081,1683,1907,776,1620,2228,737,1211,4331,1825,1109,503,1228,1620,635,2880,451,1268,909,451,1178,2368,896,845,1044,1200,1088,1133
2000,4,1212,624,859,696,494,737,1427,1732,2685,587,2017,859,820,431,1545,1591,963,934,3678,1552,458,450,929,1097,588,967,477,1984,912,604,666,442,1087,671,1824,906,700,467,3834,1315,708,847,651,515,625,1360,2094,3891,664,685,1142,415,1801,1273,724,890,2115,1217,477,438,784,988,587,1450,531,1611,414,839,2864,1148,4270,758,638,411,427,1324,616,865,675,452,672,1067,1935,3304,561,725,760,495,1359,1270,985,1064,1824,1475,498,454,827,981,593,958,444,1503,955,376,856,1892,477,576,610,828,563,871
2000,5,894,615,480,458,531,575,942,955,1499,428,1198,782,503,468,1037,652,470,525,652,925,421,455,740,588,447,643,552,701,971,508,544,402,1069,474,1203,635,411,540,1717,814,637,545,480,509,530,713,1027,2108,443,471,497,422,982,736,468,554,627,706,417,471,748,570,443,754,640,819,597,560,1794,446,1273,739,554,386,810,943,604,499,503,519,510,842,985,1765,501,467,492,418,954,703,460,593,681,993,409,460,901,588,448,728,481,914,1125,1665,537,737,399,460,520,886,437,530
2000,6,454,648,419,415,418,440,664,486,669,449,510,547,431,474,579,654,445,409,502,545,457,387,555,520,420,785,991,494,514,715,439,586,639,430,665,521,464,458,1164,443,653,410,421,557,533,655,492,670,430,408,433,477,540,806,430,426,474,789,525,411,493,527,432,1544,472,528,471,454,633,384,1242,520,481,516,446,445,662,414,414,422,545,667,554,694,433,404,423,443,607,865,445,417,506,528,631,426,438,543,439,627,906,519,676,660,510,758,682,544,574,435,435,425
2000,7,1222,950,1002,827,870,867,588,534,806,598,1453,2575,1037,1013,1843,889,943,777,763,672,2002,802,809,1004,834,1538,1186,833,878,1038,996,1220,764,775,1834,1006,1483,640,883,1284,966,799,833,1043,852,792,559,815,788,625,1010,954,2138,727,1026,719,1010,648,1521,852,777,889,740,1187,1872,727,1387,769,2577,1284,1274,1049,1716,905,993,1135,1006,934,910,883,775,738,559,876,819,649,1104,742,1892,780,902,731,868,640,1887,800,897,968,748,1944,1369,825,959,1202,691,1064,738,1685,1040,899,634,973
2000,8,1729,929,1055,1083,1525,1089,862,689,762,2014,1141,813,2457,784,1178,1499,1414,1111,954,549,1795,1073,1157,1025,1020,2027,1514,860,1257,3748,933,1044,1592,1751,933,1532,1019,582,1112,1823,1137,1448,997,1033,1142,1013,689,857,1155,862,2367,780,1257,1881,1308,1123,1062,873,2231,1030,1528,1188,1029,1867,1654,843,1346,493,857,1095,1052,1235,1354,1040,1185,1631,992,1190,1298,1141,1309,776,801,765,1001,722,2160,570,1364,1473,1190,946,929,534,1603,960,1487,993,903,1656,1389,820,1971,1305,874,1253,731,1312,1800,1145,1056,1007
2000,9,1279,1138,1145,1420,730,763,885,744,790,1085,1215,409,1374,797,1093,834,781,519,410,605,496,546,796,1221,679,704,1267,2923,484,2692,398,1157,1001,1028,1617,884,520,456,997,1103,922,1306,2028,1319,981,764,982,734,1290,1022,1411,823,1140,1028,728,487,500,734,541,684,487,1415,660,682,1476,2069,1030,405,1305,940,529,2127,1115,1667,865,1297,1192,1194,1718,876,1416,843,824,675,1421,863,1591,471,1369,895,1065,567,481,755,630,595,509,1848,623,820,1072,1937,459,1291,666,524,508,1060,3471,1744,391,432
2000,10,3686,780,504,1076,1345,819,389,374,1806,1385,2002,9172,949,2304,866,7826,1661,368,601,2732,403,725,673,1023,955,1112,480,2288,1597,894,789,1412,722,1285,878,1053,908,386,801,3792,1117,468,631,1039,548,504,375,1192,1610,1071,737,1879,834,7087,1853,373,619,2425,389,921,533,660,1037,922,537,6752,777,622,814,2062,792,918,547,1672,1281,3139,964,481,576,884,502,387,383,1291,951,1823,796,3215,965,7081,2420,369,633,2176,411,840,529,655,620,1110,672,3615,775,803,1116,515,562,537,530,2175,662,390
2000,11,2117,517,371,446,577,833,375,696,540,1882,837,653,1823,559,590,909,604,910,1155,1474,383,495,458,511,386,568,506,1070,488,796,682,1392,403,1179,795,556,490,401,839,1714,591,379,441,586,604,373,717,465,2119,1238,2058,870,1003,1087,793,888,1366,1177,452,383,434,542,403,787,637,722,1314,398,939,665,2608,771,520,1432,1004,1734,651,378,418,848,450,385,734,582,2464,2262,1799,874,492,1032,915,622,698,1715,461,367,432,642,889,474,959,796,407,615,642,595,639,804,1241,733,589,385
2000,12,2683,577,961,535,610,1575,367,383,459,674,2851,2705,3561,641,447,721,1015,391,2673,2001,462,365,498,1001,858,564,1013,750,743,526,642,1599,489,674,1099,3892,452,432,2094,1771,598,1279,547,559,1095,370,478,448,737,2878,2982,676,502,765,913,394,2579,2843,377,371,647,1088,1729,574,751,818,819,1409,451,962,3129,1987,418,888,1378,2593,421,1501,601,609,2033,365,376,447,665,1374,1863,1476,570,760,901,619,3373,2323,379,367,603,680,1355,548,485,851,376,1454,1550,2973,398,2585,775,5557,552,478
2001,1,3200,3567,1343,1602,1438,942,532,614,895,1729,2336,2298,3234,903,481,724,1063,597,1061,2639,1266,376,395,1183,854,534,903,1094,959,506,969,715,493,1634,1141,1164,515,363,1273,4246,12988,1380,3532,526,1212,671,1250,615,2449,1363,3289,766,479,691,732,868,1201,2403,1003,368,1288,646,547,1703,476,1214,655,1263,3046,958,2037,713,436,1126,695,2959,3615,1032,2012,657,1540,390,448,671,2597,1236,2656,986,1131,2504,703,722,1673,2319,1051,362,483,995,1015,1170,836,985,971,963,1718,2001,1221,955,1137,15257,479,483
2001,2,4785,1515,1400,3542,956,672,523,1522,1348,6232,3356,1552,2866,2673,663,861,596,1882,1294,2048,1166,659,1156,823,456,1336,959,937,523,1076,1303,1458,999,1400,676,1265,554,715,1066,2938,4237,2760,1790,828,559,491,786,1523,5350,1104,3133,1228,588,881,1327,1195,2267,3434,492,384,988,1468,623,1174,905,1528,2461,2002,1187,1284,1692,2522,631,3062,1413,2292,1863,491,5312,721,993,490,439,488,2055,1039,4590,3227,829,2574,732,739,1889,3261,1273,738,474,855,659,779,736,1533,809,831,754,1975,678,998,681,8918,654,418
2001,3,4497,1550,629,2715,1418,625,554,1236,1344,3079,5177,1991,5033,2189,1099,1477,924,1826,2029,2489,626,1250,2094,724,555,1588,1947,1437,459,570,2214,2919,1098,921,539,2136,826,525,1092,2883,5887,2028,3068,1339,654,377,698,1056,4005,1141,8743,707,500,970,1171,784,3575,4355,1082,2864,1425,2074,637,921,540,800,2263,998,1831,1635,3549,5040,763,2733,2162,4274,1004,503,2499,1165,2438,360,405,1102,2821,841,2247,6564,1242,2665,1330,423,6175,8051,1061,1220,620,758,859,756,621,775,921,762,727,3720,1102,1748,1286,11279,818,584
2001,4,2975,1123,604,3354,990,497,450,621,635,1293,2259,741,1564,1058,594,799,555,734,1697,2221,483,455,495,529,504,829,876,735,428,607,1383,2403,585,849,483,1230,740,368,762,1867,4247,1912,2428,769,446,368,780,733,1881,948,2181,499,540,615,639,868,1610,7403,446,985,832,1345,777,613,425,1896,928,706,730,813,1452,2667,534,1104,1484,3834,1285,426,1785,541,2058,354,366,594,1846,766,1238,4499,804,1218,747,586,4654,5292,501,480,435,455,506,610,470,530,448,638,846,2204,586,2284,800,6309,1450,373
2001,5,4827,557,2462,1490,488,422,378,445,459,1009,1097,544,786,662,428,545,438,656,759,1268,417,395,478,484,422,457,570,522,415,454,1114,1224,423,815,579,1218,441,394,509,1157,1702,1007,1404,582,409,405,418,480,791,676,694,423,429,511,460,440,1038,2487,510,2448,560,613,445,469,411,727,731,665,490,551,697,996,458,568,711,1416,661,403,736,423,659,350,378,530,749,572,643,1099,548,767,483,458,2537,1658,445,414,388,458,413,440,465,491,469,570,501,1565,529,880,614,2255,2123,434
2001,6,1072,486,522,568,438,436,470,418,442,757,761,439,511,531,474,649,484,441,687,577,691,368,458,403,429,504,494,476,436,456,477,665,398,521,645,668,378,439,479,621,876,477,950,441,390,356,960,468,517,514,498,438,693,487,527,395,463,816,401,470,475,837,384,433,383,496,491,525,636,611,496,539,400,446,540,541,491,454,470,403,609,417,417,482,456,474,524,680,472,478,415,378,1653,817,474,497,384,670,408,398,388,421,406,414,570,727,446,461,521,960,653,376
2001,7,596,1120,854,971,995,538,587,1245,802,892,1014,769,709,734,492,1418,559,642,1286,750,762,516,730,799,1076,728,1009,1339,661,898,680,707,510,827,782,941,578,1337,555,800,813,1209,1270,1230,563,872,721,1018,604,922,845,663,1277,1033,1482,632,667,1072,1289,890,700,1180,766,815,1390,1214,1207,918,1077,708,1013,1045,537,728,674,968,1112,1078,851,804,871,938,1094,1487,549,871,918,842,1054,1024,699,1965,743,689,793,1372,429,937,616,603,1017,929,707,1992,849,1354,905,1018,1197,785,460,836
2001,8,541,944,1075,1833,949,710,650,860,1132,1212,865,744,1689,904,629,1120,1726,1065,720,1501,1116,620,656,574,3256,984,1429,733,860,689,1635,1044,607,1834,638,1135,460,956,536,1580,1303,2839,2652,765,827,876,655,1157,922,493,2088,1201,913,2548,694,641,583,758,2689,1134,1460,1747,565,707,2423,897,1589,755,1163,1431,833,723,443,959,844,966,1133,2132,708,913,700,825,1386,1164,585,520,2204,1206,1682,965,535,2586,666,1312,912,1317,699,1914,649,1449,1127,791,956,1188,1690,1260,1488,1930,1481,1562,982,888
2001,9,449,574,1593,2524,1418,481,895,445,2382,1030,1397,385,1448,591,865,3519,2489,915,2584,408,416,751,420,879,1104,522,1322,394,564,678,745,466,501,3432,851,934,432,533,531,439,450,484,1404,626,480,383,517,657,844,696,929,828,510,967,820,635,438,963,1434,796,1290,1877,773,735,3108,766,754,853,480,1817,792,880,349,739,1201,999,702,1703,2398,783,648,509,1345,896,2341,616,1594,909,464,1447,454,4484,615,1477,625,2356,385,715,528,1475,580,609,465,477,2578,650,890,1381,1202,616,1555,863
2001,10,648,618,4254,663,660,454,437,746,2760,1280,2569,364,903,1695,492,1465,1399,571,452,403,362,455,1522,954,675,366,708,1614,380,434,857,421,627,5902,2751,598,598,767,677,392,473,420,631,720,394,1567,491,904,394,536,682,650,432,4559,388,1661,524,1646,1184,912,679,497,400,451,963,1106,710,416,469,1471,1847,984,2276,824,1572,1494,1755,1015,2824,457,4589,1371,1279,494,742,488,703,1818,2442,480,1144,944,662,1659,519,2633,908,774,363,563,393,1209,648,419,1632,449,1511,1374,474,1401,538,593
2001,11,885,999,1711,839,425,431,339,377,1342,2191,1135,437,989,1010,583,977,1339,3148,594,374,650,1019,581,414,467,463,535,410,856,378,585,856,1250,2907,686,2335,1363,925,520,550,455,397,1353,443,1588,575,732,2042,549,489,1262,1242,1018,594,2131,443,427,805,465,501,1166,519,537,369,493,1316,580,697,367,1709,497,759,765,2057,557,431,1955,835,857,360,1010,486,810,679,1087,422,1666,1430,869,785,612,2037,525,3720,1391,4909,843,1192,383,403,650,10195,1398,473,496,467,734,444,686,1208,646,488
2001,12,594,2094,890,1753,2025,436,443,1204,1990,739,1948,2800,507,1024,1045,599,1947,1010,446,401,2517,1237,760,772,1379,383,7137,2825,590,1153,3086,465,845,5234,983,669,506,1244,710,380,434,548,996,377,400,830,416,1039,502,3002,1357,757,395,776,7181,457,1002,453,460,1488,1135,491,1007,490,529,676,502,1217,363,776,1434,1755,4631,652,1643,826,9946,465,1214,439,1052,502,528,578,709,2477,1000,1455,576,431,389,2746,452,890,556,2051,493,694,641,664,536,2836,920,377,732,697,1831,435,405,4267,453,1208
2002,1,1474,2293,1105,655,3301,1202,832,1370,1437,876,2244,553,471,1161,941,1333,2685,1163,407,444,2053,1037,1437,904,773,715,2734,1161,1669,1633,1489,1354,691,3879,3059,4474,469,2608,901,1030,1100,1149,2319,672,617,809,1921,876,602,738,1610,764,528,625,2301,1115,1048,630,661,2294,1314,1387,2992,544,1196,1089,394,2094,372,624,2214,962,1835,507,3005,806,12942,553,1798,378,714,1168,1123,987,2021,701,1765,1076,888,935,395,4029,580,695,920,3138,1107,612,700,459,818,1663,3048,367,1921,386,3025,847,858,3350,1332,1973
2002,2,1052,1782,1519,744,2807,1250,1173,877,1684,1281,2218,1014,698,1494,583,4397,3431,1075,817,403,1920,1722,715,811,1635,383,2353,2553,1366,1621,1573,529,1200,5282,1433,3612,1477,1460,708,693,1086,1436,6897,566,2506,575,3109,886,707,1224,990,1250,739,759,2600,2075,945,1658,953,1499,1477,643,1192,629,896,1032,1025,2164,472,581,3059,5114,1203,706,4637,2719,14120,626,1585,461,693,1030,1881,1729,995,1133,1875,880,648,1319,1010,3873,448,987,1542,5535,800,795,553,1235,735,1852,4653,818,2475,690,3541,508,1713,2814,1703,1447
2002,3,600,1798,2096,1189,4957,603,1458,696,3726,2105,2325,1401,922,1020,1215,2600,4097,1818,1871,459,1605,1400,1547,849,1144,485,2158,1856,1111,636,1183,734,1231,8112,1709,2863,813,911,442,522,609,2534,4351,489,949,638,1940,1416,649,670,1149,989,746,963,3660,1010,1080,621,1167,1951,1954,1169,1254,426,624,1569,901,1614,398,866,4097,1616,975,1526,13640,1265,12123,1104,2921,395,1037,526,1104,1091,2025,785,1488,1134,1833,1360,989,4109,736,1561,1343,4791,885,537,699,662,774,5061,1577,678,2469,383,4785,473,671,2844,2469,2860
2002,4,763,1485,1476,737,1879,584,639,596,1933,1711,1367,656,692,846,1016,1237,2101,1032,998,507,1198,965,1771,1180,722,385,1366,2428,1475,552,1103,494,673,2663,1098,2043,609,683,468,485,526,879,2396,417,625,462,1334,676,515,669,639,745,902,708,2393,753,578,659,1373,1361,996,1471,831,658,538,796,806,1739,451,583,2251,1075,1059,680,5661,1064,5526,1773,1159,352,607,676,704,688,1230,560,734,643,772,1025,612,2454,436,828,1003,3694,564,442,408,494,517,3507,804,513,1255,384,1748,498,502,1556,8835,2954
2002,5,560,703,882,733,890,492,413,470,775,2204,776,473,543,593,860,574,916,821,534,357,848,714,798,1140,529,360,1094,1508,1019,555,816,412,527,1054,620,1982,420,798,401,385,446,571,931,390,452,410,1499,488,420,507,474,503,569,474,1051,481,444,447,558,1120,842,1046,524,567,488,575,730,1330,390,460,854,1767,565,436,2079,644,2822,523,639,363,490,398,768,449,823,464,572,521,471,583,424,1104,387,598,639,1669,730,475,376,459,460,1998,525,407,697,414,891,479,425,1111,1709,1441
2002,6,524,641,644,530,662,426,392,415,492,1177,483,396,507,442,667,670,518,436,438,359,596,427,493,1112,510,364,676,532,510,417,443,397,419,553,506,810,451,621,545,421,383,442,521,477,440,412,500,413,498,426,452,508,631,407,813,483,493,515,445,914,523,460,429,359,423,524,392,529,450,486,633,1120,488,454,1312,564,1654,445,504,409,456,393,456,405,504,447,484,481,461,428,399,746,431,577,526,738,435,402,390,492,534,890,522,365,977,719,548,432,510,1642,651,630
2002,7,809,1142,927,541,1176,540,665,908,836,1405,808,1479,601,788,802,830,1163,904,651,964,1936,751,876,1019,605,677,1226,1284,1000,903,828,862,1287,939,809,1716,894,1173,551,843,1522,2290,925,690,624,1242,809,697,616,947,485,722,891,848,809,842,695,788,720,1107,456,1136,876,798,592,870,949,691,1250,644,1288,997,1364,754,1785,1115,1311,710,1689,430,1671,1173,624,679,965,921,769,1663,918,835,665,800,935,577,1021,577,723,543,1076,794,1190,816,2315,995,1399,1247,1380,1720,619,2817,746,951
2002,8,524,1040,972,846,1025,937,807,655,994,2245,1045,1117,1043,1704,865,2675,954,1185,1016,924,1642,640,706,1286,563,720,1509,1086,1650,1488,1396,991,1295,1410,1288,1538,1819,664,597,1283,972,2125,981,657,632,1754,1188,2388,557,977,587,925,2551,1113,2032,779,834,779,954,1433,659,1343,1217,1018,1016,852,690,1183,2469,975,893,1747,806,651,1330,985,1011,1067,1416,760,2537,859,853,1511,662,1037,712,1295,2047,2291,1464,614,689,1246,591,825,1043,950,766,1211,1963,735,1717,1996,836,2104,1147,1152,1001,2144,640,749
2002,9,413,811,1376,731,981,643,383,744,889,1387,1008,1076,483,1524,727,1445,424,1441,1420,1063,1079,778,426,801,877,659,1277,607,603,1182,770,673,723,1018,1183,645,431,452,376,2547,705,951,1016,450,376,779,1019,2023,500,389,423,561,1162,1219,694,1116,438,617,991,855,392,1024,988,1269,770,511,412,1865,1436,686,996,1571,486,581,1265,482,640,487,1426,602,1985,1030,412,1142,565,431,909,896,1120,520,2519,539,1530,2259,1048,1097,713,568,1875,1306,491,1154,1930,960,1117,904,421,1262,520,1013,999,457
2002,10,461,1220,605,762,1094,1579,350,536,995,1882,380,2498,720,544,1232,777,920,615,2094,399,411,418,1127,1606,782,3875,567,571,1044,569,1743,436,1959,853,1407,459,10615,407,358,2487,429,468,900,625,407,441,414,628,350,413,628,1410,2597,625,1370,1274,453,488,374,900,580,485,2136,604,505,725,575,781,795,1066,402,595,700,1578,850,425,1125,982,545,659,593,567,522,1160,2053,433,1038,394,1097,466,1208,514,569,1738,760,951,579,398,4169,2259,453,545,1290,602,771,1647,1336,427,2233,3977,1303,374
2002,11,977,980,1071,584,576,731,514,535,403,769,454,3179,573,733,688,559,454,592,3192,397,420,384,818,700,943,2390,502,374,620,695,950,854,1917,411,1592,629,940,2487,589,2059,517,585,526,603,542,398,490,420,1307,366,620,778,755,414,2336,536,461,1077,373,407,570,757,761,561,802,528,472,1510,1208,4123,425,419,451,850,859,538,515,2437,767,947,1305,426,426,1168,1311,368,531,385,831,438,693,526,379,764,2832,994,375,710,1242,979,512,500,748,442,1709,1430,1004,483,905,964,447,437
2002,12,843,2181,511,1943,2502,842,1064,3927,413,822,526,1502,539,1804,450,680,436,832,2007,921,3685,663,419,436,2102,1540,432,506,485,1766,1138,410,1213,569,1942,479,567,3188,737,1923,1451,569,520,871,444,376,398,707,1219,431,417,567,672,1095,764,3322,503,620,767,1017,381,485,758,413,395,413,353,1129,5266,5469,1416,410,371,514,672,1460,1190,1514,534,979,567,501,361,625,2774,430,1262,385,781,661,781,498,829,505,736,1585,362,876,987,2325,401,2170,826,882,510,964,589,512,497,1772,1552,431
2003,1,666,1411,619,768,654,1815,1369,2813,1025,709,561,1643,514,922,449,1391,2942,1289,1563,1160,1520,411,1267,1295,1535,1121,846,1313,1490,1346,1364,414,1577,600,1676,868,767,1087,2811,2645,2362,1526,430,623,1153,1169,417,922,2106,445,446,489,1717,1636,1082,3529,515,510,996,1197,780,485,1939,779,561,754,536,2238,4718,3747,1950,1847,1110,772,1000,1478,1043,1720,1004,1128,1150,475,354,4195,2071,450,1420,921,1132,544,1284,765,614,699,615,789,421,907,986,3401,673,970,1058,1574,561,2083,487,1193,1020,3114,782,1043
2003,2,1269,807,444,1480,836,1344,701,1567,1095,715,462,3302,1679,1377,829,2990,1053,1505,1602,639,2166,931,833,1308,961,1516,1170,1148,746,943,1521,756,1274,459,2448,857,1025,4695,1437,6082,1984,788,471,1669,583,1564,404,2021,1789,672,812,421,2020,1930,1685,1971,1708,1088,734,1699,439,403,1228,1096,590,757,694,3857,2681,3860,1098,1629,1602,1136,1915,830,885,4559,1032,662,971,810,414,3926,2350,744,910,1048,587,618,1251,976,656,1052,1714,687,356,790,1788,1880,1767,895,1170,1342,751,1837,716,1829,1033,4309,676,2467
2003,3,1748,879,539,1231,1712,1119,734,2347,754,639,561,4001,725,1274,1373,2216,920,695,1067,1471,2486,1220,827,1116,1349,1465,768,646,535,688,987,603,1548,432,2614,573,567,5489,3329,3423,1454,1789,503,980,486,564,522,1168,1201,1416,575,512,1701,1613,1348,2435,916,1157,552,1039,372,403,1030,1277,426,1232,476,3912,2630,3327,1257,2098,718,647,2149,788,1475,3525,772,623,713,442,869,3293,2622,1270,745,1205,533,657,1596,441,411,1319,2458,1145,526,1556,1273,1878,2356,912,1532,754,1773,1435,933,1261,508,3927,678,1088
2003,4,870,653,461,946,829,601,747,2563,498,493,397,1892,480,1960,525,2590,640,1340,692,674,1479,572,919,693,1075,1113,674,487,597,534,779,766,1876,460,1839,438,516,2169,2154,1641,1036,2195,389,715,438,473,890,860,1080,407,438,508,766,991,2081,1470,587,619,466,1386,398,421,546,596,865,629,373,2953,1596,1788,939,758,560,477,3145,481,750,2743,1601,1368,504,381,402,1417,1539,406,639,588,642,431,1214,479,417,640,1679,785,352,1081,611,1754,1160,760,954,571,696,941,540,727,556,2123,703,695
2003,5,647,470,388,620,535,463,470,1369,445,436,364,618,445,1197,433,1142,455,929,1291,444,1221,470,481,440,618,672,444,410,427,593,493,377,1719,418,816,548,486,1242,1223,929,755,975,408,492,379,416,438,769,699,403,368,568,538,722,850,831,469,435,508,695,357,413,475,512,425,471,366,1037,871,1483,704,620,2328,463,1145,422,510,1559,621,482,505,396,373,676,934,394,449,489,457,628,738,472,379,472,770,472,347,772,493,1558,821,613,1043,447,464,698,416,455,414,1025,552,475
2003,6,457,476,447,576,431,483,537,709,575,427,368,478,438,491,515,579,403,813,753,462,538,511,486,401,452,454,409,395,539,414,537,445,670,589,826,396,457,526,531,662,1417,449,745,521,362,464,410,596,458,365,433,451,647,438,900,532,399,541,610,514,430,602,433,512,369,389,397,618,604,1032,523,560,922,883,607,415,471,838,435,489,548,498,401,538,593,370,572,408,414,379,580,421,466,413,513,625,397,451,605,630,428,581,655,458,438,515,409,544,408,500,755,460
2003,7,667,926,927,912,619,787,1858,795,1780,910,1038,798,863,894,656,1479,606,1376,973,672,711,904,864,748,477,726,890,857,830,596,847,717,920,767,1321,550,745,819,753,709,1893,1318,901,997,671,999,808,1580,751,564,951,647,587,646,1811,845,639,703,782,834,792,1038,1221,470,894,605,654,1291,1253,959,964,1018,716,1129,838,602,773,1531,1143,647,562,1183,662,696,916,567,1012,987,687,598,1114,860,832,1016,706,734,931,881,786,811,633,1174,1579,787,1084,672,717,1766,731,1026,1050,946
2003,8,831,1510,723,1019,880,1011,1181,1026,1134,1831,853,694,1111,755,579,3453,1025,2978,876,557,556,1101,3193,1785,666,884,920,974,1233,1121,1839,1064,1006,955,1530,662,1252,598,898,751,908,938,1061,822,781,891,713,1668,539,680,1231,610,646,739,1442,1468,676,1251,494,1177,1506,495,693,1065,1170,756,981,1145,985,1028,2087,2082,855,1184,851,702,1030,1231,1260,964,581,1439,581,1086,2323,738,734,735,688,675,1040,3911,962,1243,628,1277,1374,581,839,1041,650,779,1165,1419,2460,1153,1078,1178,1020,1027,1384,872
2003,9,1118,2719,1338,1164,1477,1483,725,607,1232,1221,2640,469,1046,486,663,1924,375,983,597,753,819,2777,1174,790,526,716,720,592,436,765,622,2104,726,901,912,539,1161,511,947,748,469,1518,639,513,2153,885,645,1051,828,682,854,593,631,784,597,937,657,876,803,448,524,360,469,1003,976,778,562,800,502,918,1680,2174,1067,473,845,422,542,1701,629,497,433,1149,615,1338,1236,623,744,509,1038,1511,811,1141,1140,7852,532,974,1739,393,529,599,624,616,1194,750,1196,662,732,1867,940,3821,726,441
2003,10,815,1832,945,441,2171,1345,917,462,410,1773,1096,413,450,1052,405,487,363,2252,379,744,1055,1031,1411,479,417,1123,4013,1551,406,954,1048,5786,1361,2778,420,1537,882,676,1146,460,411,637,654,1419,1075,1628,449,2943,611,1138,682,435,411,970,414,422,370,388,2080,387,1203,399,476,495,364,362,542,871,1493,438,1363,614,1064,489,3141,1119,1346,537,380,771,460,974,691,773,1611,899,766,441,494,752,911,1744,428,6915,376,784,694,805,1876,733,2583,582,1621,592,560,420,465,613,5584,766,982,624
2003,11,1804,2605,538,1025,725,2082,978,902,462,1887,702,714,545,471,355,607,384,800,519,3671,465,822,968,495,547,486,1615,474,529,466,5476,606,454,1745,565,748,683,488,908,370,376,540,368,606,905,1753,344,1033,469,454,645,418,526,378,664,468,351,2712,939,562,384,429,807,721,355,465,726,1383,2341,382,1018,773,499,577,615,392,761,795,383,1672,791,528,1244,849,511,596,475,357,556,520,752,559,608,4050,380,2136,549,1157,504,586,653,1255,3941,765,580,529,535,593,671,951,465,645
2003,12,2116,3325,466,427,833,799,461,1327,474,746,698,533,667,5817,353,810,560,3678,856,1063,586,1197,812,423,1435,621,682,1301,2247,2951,1536,622,618,1352,1090,703,530,2737,539,371,748,1338,432,775,879,605,459,4018,596,3072,413,351,1517,447,1162,423,1139,670,516,1624,496,1071,682,754,802,646,589,691,539,566,715,1671,1632,429,484,383,430,1246,452,1358,481,610,393,459,1684,1858,440,445,386,562,1081,517,908,2625,661,558,1065,611,1120,1318,944,870,2811,508,466,393,370,667,857,616,1988,4486
2004,1,2004,1909,1269,1324,2162,628,481,636,1259,1018,700,593,1606,1140,1383,829,359,3162,617,809,659,803,2408,1179,3876,616,587,998,867,950,2451,561,1602,2406,694,819,950,970,472,565,442,1379,375,503,2010,817,1145,4561,511,1698,418,863,1632,713,989,412,1273,1301,731,1443,390,1574,891,680,2146,404,453,540,586,716,880,910,2049,791,2034,429,439,871,1618,1558,375,546,911,1088,631,2216,714,475,596,438,1194,966,1329,2056,553,1667,1042,729,1970,1016,510,1069,1883,2168,934,758,452,726,1118,1182,619,7136
2004,2,2824,1616,755,851,1760,1244,1308,659,2145,1156,592,1918,867,3534,2332,1364,480,4073,2065,1549,2104,970,2408,684,1724,1287,711,1269,1540,2266,2474,742,3875,2372,777,631,2903,1154,742,573,447,1006,404,886,896,1216,996,4859,390,1148,883,642,973,1431,4128,399,706,1575,1584,1264,392,1265,543,870,1607,471,1494,646,875,741,1671,1206,810,980,856,451,488,972,455,816,428,509,687,1421,595,1149,1588,600,480,979,821,1740,2821,2162,452,1917,1330,1227,1130,1636,609,1710,2810,2626,593,1345,745,2284,733,1458,583,5770
2004,3,8942,1184,457,497,2308,1015,953,719,901,2677,528,851,798,6015,3598,1206,638,7344,756,923,620,2177,3266,1263,1487,868,3618,3623,1390,877,1777,868,1820,1530,1546,896,2425,1971,527,645,428,1239,414,623,829,886,561,4286,377,1091,1314,441,745,1117,1773,367,979,1871,1252,1142,378,3054,612,596,1884,394,696,479,1879,710,3070,922,897,864,1020,570,409,2078,906,766,935,582,1117,1708,536,826,976,624,641,712,578,1406,2317,2706,405,3707,735,1138,2261,1212,540,1001,2730,1978,493,472,702,730,658,1112,1261,3863
2004,4,8689,1082,472,566,1135,659,504,548,701,1502,611,657,488,2742,3616,617,899,3696,2325,635,511,4300,2651,954,1579,498,2545,2096,857,632,871,766,1018,717,662,457,1302,957,431,620,433,626,407,627,632,693,478,5096,366,859,463,383,1000,764,1413,360,489,1190,733,861,364,1650,408,438,1229,777,922,489,769,534,1382,668,896,449,743,383,429,833,540,614,871,518,464,5156,469,591,563,527,527,585,495,653,1478,1432,443,1341,539,575,1189,776,487,729,1587,1481,462,647,616,505,827,835,746,3779
2004,5,2743,645,412,408,560,549,427,412,515,793,490,509,423,1329,1148,476,468,1714,972,511,514,623,1221,491,2900,476,977,1008,720,462,652,466,572,818,510,423,846,858,395,500,369,494,367,466,480,485,401,1610,357,482,410,385,575,446,712,410,605,683,652,3981,404,864,395,399,711,409,520,400,654,551,718,548,564,736,486,356,511,527,414,487,501,398,403,1166,415,448,415,406,745,574,634,488,1024,652,415,591,443,501,640,538,412,582,848,627,531,411,457,559,484,545,548,2588
2004,6,1200,1066,522,408,466,467,503,397,553,497,410,453,628,731,511,473,402,598,1316,447,393,635,622,461,1493,502,581,530,491,504,455,436,680,526,497,436,568,618,398,457,476,437,651,452,409,453,467,1317,364,404,1356,380,570,549,999,372,398,502,799,601,351,435,391,418,448,379,400,522,416,434,1043,417,596,504,442,372,389,550,398,724,433,536,427,655,453,454,409,442,427,414,442,424,527,666,403,629,492,424,462,470,442,440,511,436,641,446,411,486,731,507,441,1515
2004,7,771,542,1064,919,659,613,498,532,674,1219,710,982,1107,586,495,1098,664,1046,840,596,470,1092,797,724,774,670,641,614,1663,1342,776,521,717,898,1632,742,777,1049,776,1080,773,1152,563,628,874,1015,519,609,924,578,1808,599,843,1288,935,680,1014,658,596,1036,640,552,936,850,522,1409,635,947,823,733,1164,900,1026,981,989,583,520,1504,2060,647,2977,518,860,649,623,487,742,763,911,1126,801,647,872,963,777,672,869,500,781,1105,550,761,1243,631,1066,1032,636,527,704,1117,729,704
2004,8,1223,695,1809,1681,839,1642,647,736,851,1165,781,763,636,863,568,1425,643,1018,763,929,768,613,3218,1131,1109,1010,568,999,1082,624,3000,1528,803,1085,1212,919,563,1293,584,933,1218,1221,552,572,1192,1002,613,866,1051,1498,694,967,602,1455,900,672,1430,1013,867,1767,1019,992,829,1341,1084,1147,1148,1253,1183,721,1086,1176,1663,894,1248,920,472,658,2073,808,1872,501,1342,1021,1121,655,859,512,1288,1346,1046,1317,625,1223,685,1114,1063,734,1502,1416,743,1276,1828,977,1349,871,952,450,1711,1358,765,901
2004,9,1016,1021,3111,2307,666,1306,537,1419,1075,1444,760,580,427,723,728,1102,999,938,669,570,1020,1020,1575,760,1512,581,387,568,671,429,614,668,967,578,1261,657,409,3679,446,1720,554,1400,701,557,705,1129,507,2492,769,777,881,484,513,1165,417,705,1253,1425,1031,1159,2091,946,558,1779,1487,1548,1315,1183,710,567,813,558,1077,486,644,754,702,816,2326,637,860,396,502,513,611,805,882,553,1354,2774,2819,2028,652,1324,489,730,995,628,897,946,1119,542,1181,624,2148,786,633,577,839,735,1826,747
2004,10,1836,972,856,2700,799,494,1590,509,4001,918,525,698,400,498,788,664,927,1486,494,849,378,388,472,447,2142,1164,462,905,517,386,1187,414,650,450,2053,430,393,793,419,897,513,1108,855,1427,938,878,349,1257,808,383,496,1881,720,2278,579,354,1133,2787,1520,733,420,746,413,5680,762,388,2834,617,824,360,578,690,971,533,718,524,411,608,2260,449,627,1001,456,501,470,499,721,368,635,996,528,2473,711,729,351,385,1128,841,562,1158,1340,714,789,586,605,393,1052,539,485,387,469,373
2004,11,660,653,649,807,376,772,616,498,514,1333,446,2024,497,2557,564,428,479,1900,2378,933,470,527,1171,744,814,458,377,562,460,490,463,768,373,3034,793,360,375,1701,483,2693,352,487,839,2201,629,497,486,460,653,405,546,406,666,848,2391,503,661,836,662,786,926,444,1774,1619,610,2454,1695,645,457,553,1648,490,1283,1105,488,565,1423,377,2165,1213,778,746,451,413,1211,361,972,411,540,2196,482,692,489,407,997,2903,2766,2212,6132,412,906,425,674,656,638,478,1188,514,967,455,390,574
2004,12,764,516,2815,4214,405,1369,1959,997,495,905,2865,642,2006,1336,960,1351,550,763,796,1652,562,2209,497,692,826,1336,2290,501,466,527,1003,961,1040,1076,3151,354,394,726,885,557,1287,1032,445,3204,488,974,384,800,1563,468,1618,823,403,937,527,614,2102,1995,500,509,1552,379,3661,1225,455,2691,732,2410,383,595,1390,472,955,641,372,3007,2985,450,1190,1214,1032,1828,358,535,491,1260,1626,1977,403,845,844,1415,922,1198,560,1033,1178,2700,790,2084,1713,381,1126,533,635,486,533,1061,5810,834,828,417
2005,1,843,833,6068,1963,724,1801,1927,673,791,656,537,501,2281,1991,927,622,1062,792,2014,1587,1008,854,1549,588,601,1608,924,865,409,683,1495,533,1791,1061,3017,356,469,1586,439,573,838,494,427,2684,575,728,785,4110,493,653,880,822,415,907,1215,357,1207,2066,582,862,1656,376,1781,2390,1123,4622,1800,1088,457,1603,629,920,589,826,373,3759,1563,1963,977,923,1041,703,355,420,873,632,2442,4508,675,999,1509,793,592,1397,445,1424,841,1545,859,1321,3529,1589,653,663,713,916,821,1538,1481,779,1002,418
2005,2,1023,1329,4503,1465,912,1202,1304,711,490,611,649,666,2841,1536,1486,1203,692,2381,1605,1847,1734,1825,1509,471,1254,2497,2779,426,3355,720,1864,2139,1056,698,3079,559,1062,5184,908,959,1749,533,440,2226,1374,953,702,3320,941,713,2243,514,1413,939,1202,409,2693,3160,867,602,872,388,1620,1829,739,4591,1972,1251,909,663,689,658,2112,2615,733,2267,752,2783,914,990,992,1146,467,691,1048,593,735,960,758,1014,1364,1466,491,1352,1796,3996,2026,1598,1276,1450,1736,1327,1612,430,1728,1080,1202,1822,3339,640,818,772
2005,3,663,572,3640,3621,568,1278,1072,534,784,618,736,542,1718,1207,1101,691,632,1170,3077,1890,1319,1046,1279,1142,842,2408,3311,477,664,1462,1233,781,4272,1310,3839,1158,661,4498,1269,1058,704,1106,375,2295,503,1333,873,4620,708,468,3420,646,740,961,860,373,1344,4360,496,457,789,481,1116,1499,620,6133,1983,771,392,561,1677,891,3099,2876,580,2411,717,2676,1600,802,735,717,526,985,519,1458,1528,2214,525,959,765,1696,892,1577,3082,1716,2234,1349,625,1926,3213,2109,1658,430,998,670,1229,1312,1285,656,890,502
2005,4,488,837,1597,2500,438,861,851,569,505,458,518,466,1312,715,903,758,463,671,1813,1706,1976,858,718,476,523,1746,2262,398,545,528,1065,644,1229,654,2446,509,568,1544,515,539,965,876,366,1381,484,694,600,2321,493,434,1541,537,721,634,605,467,974,3517,491,549,688,373,1030,1052,452,2660,1133,760,383,525,778,1626,1695,1082,385,1214,731,1449,1531,673,601,576,353,446,460,542,683,1356,406,670,545,897,574,1186,2222,1091,1754,819,565,3595,1446,1071,850,382,674,643,888,738,874,475,491,403
2005,5,468,858,1178,1343,428,575,507,402,419,414,415,405,735,614,532,511,424,470,1075,1438,559,557,552,523,460,964,1961,396,429,547,899,721,746,530,1440,448,416,784,403,439,783,779,371,741,457,491,468,5905,790,568,601,398,462,452,617,354,624,1559,608,416,551,360,660,713,419,1100,607,500,437,457,501,1353,1081,557,374,739,493,829,1234,623,444,450,399,403,408,429,497,1016,382,511,468,577,416,902,755,645,1012,885,510,3185,778,1109,593,373,494,410,653,510,682,404,429,364
2005,6,564,426,590,557,411,952,419,448,580,398,400,470,512,508,636,423,622,415,763,523,443,460,465,394,601,505,951,390,445,532,590,969,446,526,899,361,365,599,486,495,525,478,374,654,415,596,487,1780,570,472,493,380,385,409,468,333,474,722,726,400,914,397,610,557,452,657,459,456,419,500,495,495,542,593,363,553,401,445,1117,446,465,503,364,499,384,396,475,695,367,461,449,443,443,1651,486,490,553,457,459,798,470,480,449,402,811,397,408,501,613,436,395,437
2005,7,1502,1050,755,1022,660,1196,734,1174,1213,697,444,950,1045,764,1036,837,1150,753,941,697,697,559,1237,738,1177,660,1029,1245,1552,1220,1194,938,666,632,1181,671,805,702,1093,674,928,733,1274,1228,519,960,1265,1328,1084,716,758,710,871,670,787,538,790,836,1110,655,733,801,618,1452,869,722,818,729,747,1054,730,813,1080,852,839,724,858,744,1111,720,2419,1128,1050,1031,807,1161,838,1037,804,1033,770,731,734,1275,547,616,798,845,995,1560,656,671,918,842,944,533,1030,617,759,685,1105,595
2005,8,1088,1579,1561,816,1281,698,982,1389,680,1114,499,607,754,1138,903,2287,943,660,983,936,715,1090,944,947,1135,1177,1244,1177,1422,835,1701,1698,827,1007,1293,1051,587,802,670,1071,1819,1207,1141,1183,622,1713,1825,1111,1078,948,1371,914,632,880,1333,577,632,786,2668,537,1010,519,796,1766,512,477,721,1174,532,1052,1709,1065,1589,752,777,796,600,986,919,1024,1662,800,2140,988,696,1393,981,1153,1258,1390,1948,948,790,3457,864,1135,1646,1144,1264,2824,1109,622,872,807,3230,736,1518,1138,2182,575,1909,1243
2005,9,479,1334,1124,860,718,528,1270,1256,2018,845,419,990,591,1231,762,1734,874,859,3094,377,505,1279,944,964,1457,960,975,3252,823,1120,1330,1163,770,816,1087,841,1695,403,435,1047,1073,3610,1208,616,427,1100,1155,902,1282,1087,453,926,836,907,580,607,537,452,1630,1058,994,748,488,2016,2093,414,419,603,840,728,398,571,1803,463,373,786,430,1144,834,673,1706,1162,2897,606,398,696,706,1110,2531,1918,788,537,1441,4825,840,999,1052,1603,1236,3815,1080,560,474,483,783,2619,785,3130,881,761,594,1530
2005,10,556,3156,1350,774,556,532,487,634,1642,529,623,842,380,2128,623,1218,1358,1065,2426,370,508,1310,1222,493,1138,732,1129,591,397,612,554,625,401,3050,1142,433,1196,573,607,704,976,1858,1093,731,537,1847,745,431,738,769,382,1131,470,545,1425,940,426,454,2030,1049,5169,835,1319,2974,1607,582,392,803,541,756,634,1192,1279,861,379,1266,1365,3414,426,2276,924,1638,727,504,361,438,1653,987,628,6063,710,1204,2382,3676,626,1033,1561,740,787,843,477,2845,902,562,597,3596,667,567,784,444,423,5977
2005,11,633,673,1126,703,446,478,669,743,2543,447,1645,486,428,1642,540,587,926,450,1492,361,508,2825,712,357,1994,632,1597,617,422,963,432,2457,522,1059,3681,371,1683,1412,841,386,770,1547,4195,2317,356,583,1041,593,817,939,460,585,539,955,604,815,411,563,1568,638,1214,353,1374,921,477,2222,2515,665,658,500,701,1516,2636,742,573,581,699,2561,489,456,2643,550,489,373,419,819,411,822,635,1347,849,870,1244,9581,1528,822,3563,1365,1858,542,769,547,400,636,635,796,959,663,1335,647,382,2855
2005,12,2445,1044,3838,511,572,508,937,432,830,786,2488,1825,514,948,849,743,729,1376,2834,575,499,1503,469,2688,1017,1105,1810,654,915,447,676,3414,4345,2402,953,456,1598,570,488,1692,1276,1466,966,1002,937,1063,1654,401,1062,473,415,765,1608,1551,1207,780,1448,801,2306,611,4540,590,814,2630,647,1189,770,476,834,509,1944,548,1644,398,395,663,1998,2109,3628,840,1265,483,2724,354,1295,2443,741,529,530,770,708,1191,664,6318,1449,671,2138,2055,2602,743,545,730,521,458,1233,605,719,479,2552,470,398,2479
2006,1,808,1198,1883,2592,1353,373,1019,680,2390,1291,1359,1368,799,2055,1187,1908,1952,1778,1722,631,995,1387,663,966,4351,568,766,1657,2390,910,859,2669,982,1420,734,484,792,518,1038,520,1174,2600,732,1058,552,546,3260,844,1019,560,678,1221,493,1083,2404,685,597,703,1029,686,9628,977,1584,2303,1760,887,613,482,2575,517,1914,2372,2528,463,530,561,1539,1211,872,552,1580,489,1908,529,698,1352,1828,938,1397,875,1621,624,823,5440,1949,663,3022,768,2831,1245,1225,477,416,437,1396,1020,1168,884,2026,1004,445,6470
2006,2,535,1109,1670,3890,1484,366,1446,551,1444,1536,1095,859,912,2182,1039,3965,1411,3020,1502,1083,2287,3076,1041,836,3461,447,1000,1015,1207,1054,973,4910,1317,1505,1050,865,785,1063,1518,1673,1375,2352,619,758,1560,888,1797,1024,686,683,1443,1002,1638,917,2100,473,1225,1647,873,1598,7852,874,1758,3362,1064,1531,2079,763,1232,1062,1538,1883,5949,2603,942,1560,943,1850,1349,1019,3422,698,1867,358,570,1626,570,1124,997,1981,714,1479,735,7803,2688,1281,3205,629,2025,1507,587,573,1294,477,1765,666,675,874,2003,498,594,5424
2006,3,626,806,2212,2844,3071,1406,1727,1270,2940,941,1695,631,995,4005,746,2822,1385,3221,1377,4866,910,6544,1021,669,6550,518,1120,1606,760,885,505,7872,2115,1537,753,448,2158,1477,1150,615,2435,5851,555,1191,469,662,1184,474,742,592,1022,600,1200,1438,1955,653,746,887,1082,3754,10524,1268,2754,3053,1035,3548,916,412,1954,834,1673,1566,5638,2985,770,2230,2244,921,1394,944,3288,505,2318,609,1050,1942,889,794,1609,2729,993,568,943,10595,2296,929,2830,789,1528,1749,591,453,2523,1493,3311,667,963,616,3656,448,534,2676
2006,4,577,728,1911,1989,2572,499,770,601,1320,596,984,484,475,3486,651,1117,1088,1873,946,4877,764,4109,485,603,4415,430,666,764,581,592,438,3397,1176,1288,701,361,817,953,593,603,2059,2392,643,710,474,523,778,419,515,784,523,520,712,627,1185,1386,617,702,771,2775,4868,831,1372,1801,858,2422,656,429,1393,448,792,1061,4809,975,1133,1203,1215,600,1121,722,1811,397,1973,382,794,1503,554,485,702,1068,579,535,2374,3566,1662,1380,1309,608,1093,1231,439,439,954,544,2132,678,733,436,1970,396,404,2133
2006,5,637,474,960,957,1193,440,525,490,620,477,918,416,396,1176,483,706,1596,1218,614,2207,468,777,420,455,2473,394,576,677,453,454,411,1628,645,884,3403,458,598,495,456,479,1129,840,645,498,961,439,594,390,474,566,405,414,458,562,809,463,463,435,513,3397,2252,468,804,1132,581,1285,496,447,952,412,620,695,2212,554,415,536,610,500,741,440,1124,378,1118,349,702,816,525,462,473,662,439,416,704,1728,1078,896,783,457,830,667,403,412,587,429,1063,549,453,410,1312,375,397,1241
2006,6,836,419,551,1085,533,419,590,465,526,444,559,386,422,722,483,538,2472,494,772,800,416,644,537,393,776,462,418,527,501,402,420,593,430,540,831,565,425,435,481,485,549,695,449,451,527,404,629,384,473,394,425,403,988,491,914,639,451,447,711,1190,1136,435,523,694,524,689,418,424,527,431,573,603,917,433,366,446,536,435,438,455,944,429,549,427,763,568,427,437,427,526,410,509,525,612,549,645,755,402,515,465,525,390,449,401,540,448,413,479,594,405,468,599
2006,7,701,804,650,1560,1350,1099,1152,643,771,491,749,1358,620,1286,1257,979,1622,944,4690,1283,1177,1135,547,837,722,623,1781,477,1182,736,978,865,885,850,1549,1024,1217,533,647,982,763,569,1045,705,591,701,906,753,753,918,868,807,1058,882,975,670,894,755,820,1484,898,596,623,1080,794,1872,771,808,1032,752,587,964,1088,870,652,602,974,1255,585,626,986,973,834,639,1377,638,578,921,729,941,623,736,670,1294,796,1282,1350,614,1066,1457,1351,758,1464,528,601,707,976,864,989,820,839,606
2006,8,1064,770,520,1261,2149,1090,1030,1004,958,793,1944,800,1406,587,1185,772,2108,2505,5686,1146,680,3029,634,1048,601,792,1293,570,1119,685,1412,990,1649,1081,1632,2048,1253,543,1095,1471,1046,1203,4269,808,1082,786,1105,937,700,1273,887,1015,1440,1064,1139,2031,764,635,563,2060,1429,1639,880,2161,882,1146,819,1247,810,848,827,1051,809,940,1014,1088,646,1320,552,533,774,1431,1617,1009,1228,826,877,601,985,1176,897,1062,642,935,1103,1892,1268,716,1240,1060,1036,722,706,712,551,1193,929,1525,1742,905,832,1199
2006,9,1013,434,399,555,1415,718,980,1237,638,2232,863,607,1210,631,1650,471,882,4821,726,810,18087,570,587,1026,738,593,800,429,764,491,579,1022,3203,666,2952,3107,1648,382,817,764,642,1135,2304,533,767,3317,1719,899,809,516,464,1217,1435,1435,723,899,1703,440,616,978,1221,1172,1156,1090,556,618,1281,404,2154,583,499,648,645,812,1037,592,1925,1124,521,527,645,989,1028,557,973,820,765,651,846,861,1216,1240,401,437,1938,1777,1004,763,1481,740,420,533,1043,383,1024,1057,706,786,1576,1023,4013,1055
2006,10,530,577,536,1799,1392,2109,1089,609,1082,2933,700,1439,1167,436,422,1045,620,907,508,4020,6384,1747,402,421,515,442,592,407,700,718,1344,875,1459,562,868,592,880,4037,728,743,397,935,1108,501,364,550,816,639,3518,444,368,1020,843,547,471,512,779,1806,684,2370,517,1328,466,749,865,659,492,393,1621,1073,365,392,3029,442,1350,382,7593,1136,4325,384,384,1432,898,860,1056,1077,423,2557,580,2111,563,1956,421,1121,3036,821,4171,573,434,496,473,817,519,493,1124,1210,473,498,3568,364,981,390
2006,11,676,652,508,449,1230,783,533,422,537,2067,815,671,583,370,589,475,460,1713,2221,10361,3244,1187,511,844,675,680,814,453,480,442,1042,589,500,1651,515,535,434,2916,1803,689,423,1548,618,396,637,967,540,582,844,1232,538,399,2195,2199,544,660,1103,4963,541,3294,1544,1108,1980,443,619,455,631,470,514,649,2144,480,2848,367,625,413,1375,1130,1448,462,636,688,753,1120,672,531,980,1536,1794,559,597,839,632,537,695,563,1396,1005,654,537,713,1009,1611,785,727,999,366,583,1003,460,1544,541
2006,12,792,1145,2046,2793,775,768,1629,1536,975,3080,2686,1722,505,364,1297,463,989,1130,1219,1499,2602,704,360,385,953,521,1729,669,562,467,670,420,507,2469,1669,1151,565,883,824,405,1138,2722,1542,1585,436,1218,2576,369,590,1983,382,403,663,495,370,1448,656,1689,3118,3060,1043,779,748,559,567,2642,615,709,632,1297,580,1461,1652,565,1308,462,972,2025,703,376,3430,455,745,3361,574,1154,1529,1053,903,499,729,692,406,1926,2751,585,1587,540,577,391,2362,2667,699,394,612,699,511,383,1616,2811,1046,752
2007,1,474,2335,2649,940,1053,862,3036,1096,782,4122,2166,835,1095,954,622,649,991,1846,1071,3464,3136,607,373,1835,931,374,1561,518,684,826,460,407,1402,2377,2534,554,461,691,1532,407,491,1257,1435,1229,1658,530,1689,470,514,1028,908,1444,881,1177,371,3306,862,1939,1467,6321,1273,1549,513,501,504,5455,1265,594,682,531,1800,522,1116,468,1756,700,1011,4650,1432,652,844,874,451,1133,2763,1407,544,1304,1684,502,2757,513,684,624,1949,894,1996,516,659,413,1333,5473,1394,417,1486,1688,1986,679,1216,1463,1737,433
2007,2,926,985,2876,1024,1745,515,5045,2081,1046,3263,1622,864,1010,1118,937,1525,1908,2981,1060,3841,7545,780,918,823,796,907,1502,401,1169,1706,459,732,2169,2141,1823,618,915,3066,1360,548,1056,2049,1480,766,575,1721,2124,760,616,614,1273,645,1784,1932,373,2618,677,1775,1488,6365,1436,1537,467,418,563,2449,642,404,651,1041,685,463,1864,1427,2641,555,1217,9362,3703,708,922,504,436,1621,1585,2359,545,967,1292,467,2372,1359,654,1487,1991,725,1334,767,783,1933,1136,6226,1165,1095,1425,2353,1184,434,997,775,1170,1152
2007,3,876,1282,1567,932,1265,1364,3599,3034,989,1949,2201,565,1017,745,1848,980,1200,1943,816,7298,10850,1451,402,846,875,828,2167,604,614,597,465,940,1071,1914,2642,527,845,6372,1266,391,931,1243,1379,618,537,2664,3460,487,490,1170,1533,719,1347,1514,426,2646,470,1481,1465,4335,4906,817,653,786,888,3887,944,369,1025,1112,827,1447,3391,458,4836,709,1160,6070,3897,568,976,560,1855,1332,1693,2580,673,977,679,493,1777,901,1018,1673,1146,848,2855,806,543,2650,778,6103,2074,442,1049,4256,1070,976,1411,621,5202,535
2007,4,613,805,1408,794,654,651,2534,1571,626,1465,1605,503,935,463,928,481,688,1362,685,4103,2322,908,520,616,598,567,1480,393,493,510,1277,440,724,1198,1449,627,548,2305,1371,411,657,826,753,733,816,1619,2072,1105,451,1046,919,478,890,2601,428,1525,433,1265,1130,2407,3054,616,581,477,538,3670,524,362,529,973,583,611,1516,493,2108,469,634,3106,2907,537,796,444,663,1029,1973,1377,447,1736,847,425,949,536,568,1233,878,484,2015,448,446,883,554,3258,1496,379,783,2502,790,615,656,789,3382,413
2007,5,437,534,675,595,532,428,994,1108,511,925,3449,494,470,432,562,563,602,710,517,1577,876,518,359,449,471,483,1110,369,483,401,415,428,503,668,895,654,410,998,1027,402,417,664,669,472,455,823,1300,452,408,469,490,410,3300,1225,523,903,396,781,666,1459,920,446,482,411,449,2219,432,365,452,508,444,435,754,913,1192,373,497,961,806,434,525,406,491,785,1203,713,429,929,540,477,945,518,482,785,617,432,712,404,391,683,434,1864,648,356,571,1620,489,700,602,540,1698,389
2007,6,400,546,498,444,460,646,495,609,435,516,1059,444,399,371,443,423,699,473,495,708,535,472,603,470,424,457,484,362,395,424,462,390,419,493,618,476,383,823,503,540,422,473,683,458,636,455,657,512,383,395,681,378,887,537,641,505,400,456,787,651,604,399,468,394,378,1019,436,470,406,457,476,428,588,422,709,464,433,594,735,381,441,442,450,618,1304,451,404,480,431,384,479,407,509,461,477,534,701,442,392,569,420,745,484,345,467,598,418,619,458,431,676,393
2007,7,800,699,998,526,658,931,1017,723,555,745,1380,803,699,734,626,1209,926,1217,685,714,846,631,960,515,994,917,1260,455,554,791,1107,915,694,1228,1619,726,464,806,818,496,1061,1222,1353,553,1528,789,800,1320,629,705,1057,479,1260,1070,888,871,1563,718,976,638,924,994,532,576,1016,988,1119,954,834,1358,1167,994,715,1221,1047,632,643,998,909,809,784,798,1148,740,1135,1419,800,800,958,791,664,628,1053,634,1066,1437,855,776,707,1218,532,1104,882,847,924,679,655,1271,687,632,1125,952
2007,8,1507,1085,1614,1513,702,510,922,1391,915,1464,1111,744,895,645,840,1890,1054,780,585,1068,690,466,1513,637,1847,1348,985,904,743,911,1149,1291,501,2469,1462,621,621,704,880,1177,1222,644,1587,528,1174,763,880,1725,1408,710,907,863,2205,1052,634,870,1106,676,599,640,941,940,637,768,906,1733,675,1083,858,1412,1240,913,961,1302,586,623,956,1999,2532,761,652,852,1179,1271,946,1107,929,845,900,1050,796,807,1278,1207,614,1212,1141,802,1228,1153,1205,752,1200,1264,743,1060,1151,2424,587,869,1409,964
2007,9,1447,947,1224,608,782,812,563,736,1249,720,802,422,935,517,805,764,490,427,404,441,409,846,1718,830,1034,787,519,1128,872,711,490,1148,1876,1050,692,897,951,731,1022,611,1328,487,1118,736,591,712,503,3166,728,663,2096,673,1855,3942,415,402,1148,646,558,1871,789,1189,611,848,540,1032,957,435,895,901,653,598,387,846,392,1002,2347,712,2290,364,888,604,760,1807,750,1326,421,453,1647,1050,600,2333,1224,1660,739,868,1214,515,1156,975,734,407,3040,560,380,533,3075,1030,434,910,3021,417
2007,10,609,1692,479,8396,478,423,1071,485,489,519,549,743,525,478,434,622,474,390,543,646,374,419,1191,445,499,716,511,768,1228,1288,539,515,458,637,918,1033,385,374,1528,879,1687,409,1014,1293,420,1206,382,1760,859,843,2821,883,1594,5797,889,722,393,393,2739,1633,617,1011,440,2129,525,945,714,716,1072,729,787,404,587,436,369,5745,1241,542,706,698,1390,466,644,613,976,624,359,375,5503,722,515,2007,401,1300,1214,448,6085,1471,635,726,501,418,4454,962,450,1566,2367,471,3847,487,536,409
2007,11,5170,744,1057,2618,761,583,530,607,566,373,426,932,549,354,590,2384,583,1375,706,395,367,369,820,785,605,1388,2119,596,2862,932,1747,724,631,963,999,608,474,1047,968,897,660,651,442,4860,2114,408,1134,3120,641,756,1099,918,971,2623,665,480,477,640,757,922,493,2042,610,1037,1336,529,537,468,738,1093,2272,365,454,1177,362,751,1676,584,560,380,825,363,584,519,1393,2771,423,368,787,425,426,2815,844,2739,914,868,1214,583,1096,638,432,410,6962,1062,396,581,1982,394,608,3061,879,647
2007,12,1372,2299,2367,2581,453,382,1860,434,388,1324,862,1279,488,348,1847,1383,367,904,366,518,2879,491,1064,600,1700,645,1115,559,2320,436,494,1942,1651,443,1129,6358,382,927,1003,1791,514,1531,530,2868,530,466,897,1189,485,2071,686,674,3345,1499,1670,566,922,977,929,2202,412,610,425,713,403,621,2037,474,1095,1153,3259,1183,387,1561,373,614,3815,996,566,1323,625,351,1546,415,539,788,1878,359,2770,753,359,1577,396,782,691,496,791,1000,481,552,364,928,3242,926,2190,923,1957,1179,4276,9699,600,360
2008,1,2317,958,1470,2480,595,380,1907,654,403,1926,496,1040,954,528,1246,1398,948,945,1055,813,1497,790,5601,1250,1274,455,576,1053,1349,420,1713,625,830,578,1190,2223,917,577,2014,800,738,673,733,3370,939,1605,1957,2455,644,738,869,826,2185,1169,2133,1322,420,470,1247,1560,579,992,464,765,470,1231,1134,443,753,1100,3411,2106,1282,1894,789,570,3211,832,532,916,816,374,1651,1075,497,1390,1709,467,4256,1547,537,1466,810,881,1142,733,2000,514,768,563,366,646,5025,784,3826,696,2161,2118,5236,5360,1051,1216
2008,2,2360,1316,2285,3679,410,679,1145,430,759,1280,454,1956,547,619,824,3448,769,1513,2205,454,2064,1180,2680,1509,900,1360,1129,1529,2432,1339,1220,846,1132,745,1580,2244,1478,1439,3167,1404,1432,1176,743,9689,1333,530,1220,2856,552,1493,2427,918,2394,1704,1366,1705,1085,674,1896,1603,1264,1966,413,1260,860,1454,1702,1576,1245,1092,3581,808,781,3899,457,893,3397,524,1154,678,1033,752,858,805,649,1339,1543,629,5347,1440,852,2408,680,1042,1084,1071,2382,1146,670,810,746,528,4592,573,3484,723,3086,1013,6023,2878,1203,557
2008,3,2343,943,3195,3045,653,492,1894,722,1005,989,581,1158,1666,491,2176,3070,1284,741,1439,677,2581,872,2897,876,816,508,660,1040,1487,630,922,770,806,1230,1064,1641,1036,787,5160,646,1055,1497,481,7539,1825,954,2714,4151,1131,632,1592,1075,3821,1347,1672,826,2390,1272,1472,1866,980,2524,553,1295,978,738,1264,1404,844,745,5492,759,1901,1792,647,613,4009,628,641,2253,679,539,692,888,720,1155,2446,464,2656,844,397,3859,462,954,867,1229,2902,872,612,1130,565,840,1958,670,2263,1356,2495,1094,4326,4710,1937,488
2008,4,1351,1175,2336,1600,454,512,1140,567,790,720,470,750,781,474,972,1427,1979,629,767,468,2246,532,1422,572,649,476,707,682,1052,490,817,562,550,718,600,1072,1175,1159,3216,557,582,690,409,5621,1862,513,2011,2469,435,484,826,693,2890,704,972,654,1253,715,1216,1206,538,2095,362,712,636,1830,860,577,693,588,2975,641,568,918,514,540,1886,485,496,1002,558,416,656,558,458,654,1312,411,1087,788,660,2201,400,549,544,618,1853,545,414,477,422,459,927,684,1898,834,1606,831,3365,1974,1508,446
2008,5,1008,541,971,2715,367,360,3965,400,451,509,446,652,510,401,813,564,481,1806,464,453,1451,419,798,440,500,2113,478,453,710,807,514,440,800,436,548,778,520,2575,1780,436,485,853,387,2792,616,426,1755,685,416,439,853,587,1069,532,733,542,856,498,848,836,519,1189,351,1160,851,656,833,479,598,450,1342,916,2122,828,519,461,809,399,419,609,437,370,474,437,575,556,558,361,690,521,453,879,387,522,541,673,634,2314,406,447,429,382,942,411,1389,683,1783,890,1293,732,558,392
2008,6,547,421,847,2102,391,348,632,412,639,460,448,604,433,371,444,468,442,457,1342,417,630,378,482,454,452,681,1080,474,500,419,415,591,504,405,438,526,432,620,917,414,694,438,420,1059,598,494,563,489,588,430,837,397,579,451,442,409,474,396,456,498,578,476,345,569,405,544,461,438,551,399,749,435,1234,643,563,443,888,466,636,471,686,457,444,860,1053,539,831,375,551,439,357,531,375,442,720,410,568,1241,423,392,399,375,559,379,998,470,661,476,713,655,461,467
2008,7,655,525,914,1112,874,547,1076,1169,1720,617,1217,971,767,679,841,981,817,775,1116,694,1014,574,658,898,997,901,786,1199,1335,854,724,987,973,926,641,663,721,1177,1061,951,635,670,1033,1027,562,979,794,722,1481,762,626,786,768,889,919,632,1561,867,544,1004,1607,870,759,719,2447,1126,887,728,1230,774,676,648,1836,1070,657,515,675,704,1058,973,694,638,798,910,1301,1693,818,825,695,529,447,985,953,686,1740,844,784,581,994,867,746,1102,802,1345,945,1220,1042,692,1244,2002,687,791
2008,8,696,827,1035,741,467,1098,1507,694,892,1018,1808,1800,612,1762,702,2428,957,655,1249,1419,826,1350,1518,648,1092,855,640,698,1227,1475,980,1779,1491,1381,464,752,514,800,914,2234,957,911,1695,607,482,1414,816,841,1405,1117,912,1494,915,677,2287,1646,1974,1239,1275,1185,849,973,648,947,2941,873,1881,696,904,891,833,836,1682,967,697,691,845,518,745,3544,520,731,712,941,1543,1428,714,730,1232,571,474,808,1253,977,1828,767,581,878,946,610,957,1887,739,1293,896,1098,1272,1003,2413,1412,875,1367
2008,9,457,897,785,880,376,2072,4746,856,410,785,699,975,803,1091,412,2227,640,577,468,1863,1060,1087,2984,725,429,1024,498,513,962,1233,2032,1716,653,1331,878,614,464,460,705,902,465,441,1153,528,436,722,451,391,1340,1237,1514,897,2099,409,626,663,1383,1423,1018,1220,921,756,942,4347,680,556,2159,1062,974,888,2275,1331,1376,1542,576,867,904,919,470,2466,545,847,412,1843,1585,1503,490,456,1536,613,370,1022,518,785,557,576,749,449,762,1010,504,1728,2879,2103,1365,683,646,469,1206,1150,398,2287
2008,10,367,1001,2062,388,633,1267,2360,2550,1034,375,511,479,569,2037,427,5994,403,681,710,765,2058,939,3359,487,377,1827,456,900,1545,1462,769,5526,526,645,1170,1226,912,819,389,597,801,370,2941,415,1276,453,748,697,1326,1681,470,380,1264,436,387,570,2099,2091,436,682,393,605,1601,2111,580,422,533,921,831,536,2517,1809,1331,634,467,729,487,389,632,2246,781,403,1439,411,759,1189,432,583,1256,361,339,1386,370,411,1502,419,370,2807,1022,425,778,1862,1967,1020,490,932,2961,379,900,763,388,795
2008,11,365,1681,1810,384,687,1272,1355,765,419,366,673,744,2794,878,1039,1522,395,1441,379,5906,644,500,4077,724,435,863,360,1303,474,1160,1482,1163,377,407,1775,409,728,1830,658,521,612,508,921,433,956,1287,485,462,962,706,605,549,748,478,449,868,1122,1763,378,835,622,1098,465,589,486,1299,826,1617,884,427,581,909,906,1410,663,1012,1530,366,629,901,792,509,2038,519,419,1559,1265,729,822,357,442,3277,1621,379,2605,1254,1343,841,496,620,934,563,2896,565,459,1946,749,524,1896,921,565,803
2008,12,369,919,895,1231,479,1182,1199,469,2590,361,1524,950,545,2021,375,763,488,484,917,2355,3054,446,1063,976,419,1699,754,2894,1280,2243,575,874,1567,658,1327,1524,1768,923,397,1138,2237,1853,721,435,1301,1709,982,366,480,501,994,578,577,945,1760,1455,1339,4657,1392,458,1563,654,1961,511,781,1447,3985,1157,579,530,1127,4253,1988,608,1959,650,431,360,437,898,521,1618,560,468,549,554,406,876,1724,363,411,668,479,890,1068,732,1008,1075,1110,526,2156,958,3815,761,506,870,2321,426,1635,4777,460,451
2009,1,676,698,2332,904,506,791,1560,483,1543,372,614,1133,1010,1071,1038,1457,771,485,1155,1613,2775,500,1004,693,1193,1067,965,1751,1908,1815,621,713,1024,1553,1587,698,609,1583,806,962,958,1365,1011,700,567,1157,2331,369,791,481,1396,424,1138,744,1621,1536,678,2551,535,472,1929,1840,601,905,1642,773,1034,1303,637,1361,781,1998,926,595,1182,1367,1041,497,1218,1651,781,460,615,859,474,524,510,478,2150,686,608,953,1123,423,1026,462,660,730,1312,1225,1432,2130,3999,567,1200,810,1672,418,919,1728,524,1141
2009,2,883,2029,2772,1256,489,826,3153,583,2699,435,1357,913,2514,2846,1541,1447,979,445,1121,1267,1880,425,2019,1110,593,1665,805,2774,1457,2033,598,1559,1011,1687,1211,2154,2565,1394,1110,1226,723,773,615,1276,541,1103,2788,922,754,663,1332,376,696,2477,2679,1755,2183,2883,640,931,906,1212,677,831,1010,2527,983,1967,596,770,1651,2665,1360,470,1335,1173,763,703,1370,2366,1183,646,527,812,1670,1412,555,485,3698,1037,1035,2248,1541,1130,935,650,551,745,723,908,1825,1305,5526,923,2444,1307,1545,1249,808,1483,1081,731
2009,3,489,1506,3753,1267,1746,1553,2708,459,1881,460,791,1289,831,1990,1694,2286,735,664,1568,2287,2025,2073,3597,2246,598,1007,1635,4926,1130,2112,2003,1627,856,1053,1462,1243,1356,1234,785,792,572,709,521,1159,473,863,1865,679,679,610,1349,381,745,614,1389,1894,3201,2688,550,852,1754,2839,564,1058,603,1919,1285,1346,441,650,1268,4331,1221,1234,1549,670,474,1245,772,2993,635,672,661,722,834,720,1471,434,2275,427,1272,5752,676,1340,760,652,694,915,785,1383,3872,1701,7137,1984,1159,1240,3382,486,1461,2194,866,1304
2009,4,581,852,1207,716,640,993,1649,438,1241,350,1363,819,674,950,1129,1068,409,450,598,1974,1357,1039,1454,865,407,953,581,5421,805,1128,810,1322,651,1261,1041,1141,1609,1380,494,618,586,2118,500,541,474,668,1412,390,715,430,732,365,610,507,1079,3713,1403,1356,421,1278,1340,1357,573,852,487,2655,795,970,795,487,781,2449,1027,1379,929,570,574,451,565,2724,484,525,502,568,482,560,645,460,1221,386,589,2311,496,503,735,531,442,535,918,701,5018,1123,2388,1140,719,2438,2270,404,1085,1949,543,584
2009,5,377,508,591,750,568,639,707,417,864,390,705,709,471,584,760,589,408,384,492,864,735,547,734,478,484,586,430,2493,485,778,587,568,1014,597,603,646,858,5232,405,540,497,889,516,457,832,489,764,448,475,412,488,425,445,431,781,1575,562,1002,416,1318,919,950,467,465,412,980,560,627,485,467,500,854,578,743,661,940,417,2596,411,949,413,384,414,397,428,2227,423,375,784,566,458,1066,421,885,644,392,431,446,507,503,1713,701,1340,2965,527,898,902,370,569,2199,521,448
2009,6,380,514,604,966,1605,536,481,500,533,614,437,507,496,505,457,462,378,418,402,530,551,439,647,423,416,434,391,671,496,526,676,569,522,644,432,431,435,1092,386,446,437,417,484,428,584,569,467,471,392,481,465,480,515,474,476,603,477,886,758,427,634,464,441,909,412,564,475,542,550,409,420,660,602,466,493,643,393,517,461,495,390,489,533,377,519,764,617,351,600,382,387,575,403,564,451,399,404,411,417,550,595,529,809,1275,414,579,483,361,452,1560,447,397
2009,7,751,671,1386,982,815,830,875,1045,864,774,1022,1000,718,2256,529,813,707,1016,836,671,681,436,1010,1071,1285,635,695,824,1560,1336,1177,557,474,1070,595,719,798,1358,622,649,620,816,629,732,995,933,729,1149,610,1744,722,867,605,678,916,865,837,854,1127,666,680,895,856,1374,723,507,1366,839,882,790,640,818,981,568,725,828,583,839,727,767,665,940,696,540,952,1420,1046,500,615,1084,755,556,936,714,815,941,871,1973,678,853,958,812,1092,1144,676,684,1010,911,941,1216,780,875
2009,8,621,755,1157,651,1725,1157,949,1390,1405,1470,2400,621,641,903,546,971,601,2403,763,577,828,426,1178,1160,862,704,874,828,1563,1464,1279,640,601,1027,976,723,2241,2084,1028,652,1345,1008,580,1189,949,465,1044,1082,1039,920,843,727,803,804,773,1184,855,739,911,940,1319,1071,833,860,696,567,813,1799,1041,1043,1083,494,1253,718,1980,920,534,1550,624,568,887,775,1004,712,978,3216,714,765,677,1009,864,641,1142,997,2314,1791,1051,1403,760,1591,876,686,966,1129,486,727,1390,992,872,2242,862,1088
2009,9,955,623,618,438,1656,701,627,788,1003,728,1317,580,620,573,744,1743,973,1868,622,1068,492,542,514,870,1288,493,872,690,574,607,2158,632,947,1385,520,837,635,1528,786,470,4216,1549,580,850,1325,562,537,474,1337,426,995,536,921,957,825,893,938,536,681,1819,995,584,507,551,555,722,1120,1632,635,2257,644,957,5132,1060,693,553,830,547,1412,527,612,1021,1053,402,1037,771,712,596,1112,1111,567,1357,565,557,2514,1071,669,1316,624,428,467,420,475,1205,596,1847,1422,606,873,720,856,744
2009,10,387,842,413,377,631,517,395,800,1020,1587,435,3018,915,1109,426,698,375,780,426,1105,1244,412,1124,635,2171,428,1244,426,546,545,1340,558,419,1764,1996,469,499,1023,751,417,2239,1307,399,801,645,429,773,603,4070,853,397,526,421,425,453,391,603,1030,410,517,440,457,674,461,820,633,1487,463,950,762,1229,1027,1168,374,467,384,543,2216,919,532,610,374,1308,373,1047,2095,580,369,3946,516,1507,1090,416,1128,936,888,447,407,1070,1497,376,368,623,1007,642,909,1403,412,748,409,1774,2653
2009,11,777,485,392,511,626,426,367,660,765,841,737,670,909,667,362,411,649,781,783,473,1697,372,468,1539,1437,359,625,378,689,1757,859,868,405,978,918,1743,379,1706,650,438,973,766,915,427,984,1685,428,1606,778,1249,542,1248,546,560,549,742,941,761,405,4553,549,397,2724,367,728,407,3625,429,537,915,886,1030,651,1071,580,412,565,2250,1327,1346,370,358,451,384,2590,1495,1272,341,1500,376,765,1739,392,542,964,780,405,460,1075,845,364,362,584,1491,1073,428,2219,448,693,1597,2817,533
2009,12,380,1569,895,544,415,3269,842,474,637,1661,673,665,411,452,1274,408,354,731,2379,592,484,351,548,3486,767,510,542,414,841,706,1038,1070,365,524,714,1759,461,2359,435,573,1860,1914,3443,394,484,831,1036,448,826,587,436,542,380,704,376,938,538,486,738,2074,692,2649,779,1097,485,1166,823,1921,418,691,466,1479,1373,1721,524,1143,1893,1638,664,1757,375,809,722,483,802,2265,822,2708,581,381,727,2909,541,769,478,431,820,396,2029,2169,529,532,373,816,1390,446,873,460,516,454,1584,530
2010,1,1781,559,1433,1210,434,861,1538,742,697,703,896,610,760,986,1410,889,1244,1054,810,1194,1455,347,458,1559,2031,418,509,965,1554,1292,1688,610,576,992,475,761,749,8192,391,870,2275,1055,2732,1347,418,654,849,431,603,687,379,4294,358,1232,765,5484,659,1529,1631,2517,808,1125,1966,1494,1365,1026,691,1650,1150,530,1055,2311,1587,1255,881,2172,1099,1383,479,1133,402,1305,560,505,2043,4384,1193,1353,887,720,466,4627,643,2110,511,1037,714,696,2158,2632,518,406,455,558,605,1286,1274,380,412,1606,2486,746
2010,2,1375,887,1022,721,571,1434,681,443,844,1443,521,1611,507,993,2569,1810,795,1008,741,1176,707,794,914,960,1040,363,925,790,1268,1325,1604,952,1337,974,1016,950,694,11339,590,628,2966,1335,2325,1618,1019,468,753,428,512,487,480,2329,489,696,985,4398,569,2620,1505,1893,851,1421,1150,1793,627,3025,2182,1520,1301,814,1600,1156,1604,1937,1190,1267,1302,1339,569,894,600,1061,419,353,2930,6319,1213,2457,875,452,1085,6007,708,1003,718,934,1173,622,1619,1360,977,706,1118,1968,492,2372,917,407,516,896,2054,1135
2010,3,616,1390,537,572,802,768,486,425,945,1164,785,1305,415,619,792,621,707,1032,580,1021,1540,1288,707,960,1061,349,813,428,2504,1689,1010,1322,396,712,551,719,410,4729,916,548,1854,1209,5695,1364,711,471,562,963,506,461,648,2106,421,491,742,2881,1283,982,1208,1532,515,2206,1032,1471,2377,837,2010,1254,701,553,1587,1155,5726,2212,1062,1505,924,1211,511,764,816,459,429,400,2014,5066,859,3420,690,513,517,10418,1639,1985,2145,600,516,392,2856,2909,487,572,934,921,476,1864,668,416,846,2120,2102,1304
2010,4,595,855,628,767,437,600,452,408,647,629,433,1523,411,442,1046,573,404,645,974,623,847,709,469,782,783,383,536,413,1026,758,729,1030,387,557,824,644,608,1297,412,398,1086,2005,5175,648,435,436,607,580,473,566,499,1368,657,431,569,1865,613,603,958,1216,407,1824,703,1289,2186,713,849,831,560,474,963,971,1756,1200,583,1046,836,994,422,576,529,493,576,370,1118,4198,513,3026,536,925,439,3207,650,742,853,636,531,480,1509,1192,386,384,502,989,499,945,529,372,601,1256,1687,861
2010,5,458,566,740,451,378,506,407,464,442,478,396,492,405,419,681,465,452,458,899,477,511,380,540,583,803,351,445,379,1004,484,482,590,601,465,806,589,529,830,429,608,752,2078,2338,455,494,400,467,400,432,493,374,1124,516,399,410,981,510,464,567,956,593,1134,491,745,605,668,595,556,481,1942,681,506,685,716,428,682,488,685,449,466,417,438,391,369,690,1791,594,1309,519,489,412,1408,441,781,791,1136,406,391,790,731,369,355,400,634,480,632,623,338,397,569,943,504
2010,6,403,471,443,410,451,488,410,444,466,530,520,429,396,504,460,407,599,570,401,501,417,372,499,407,482,374,410,372,609,418,441,450,453,415,407,422,418,615,408,509,475,590,814,438,538,423,446,393,612,377,412,471,354,391,475,521,426,451,420,560,587,658,427,462,490,520,607,761,429,937,432,424,540,442,393,585,623,648,389,459,358,513,444,548,455,583,507,638,477,367,436,515,394,467,458,445,418,442,499,516,462,353,456,430,413,428,430,391,367,495,562,412
2010,7,652,724,793,698,931,739,706,800,652,543,890,940,1021,657,1007,764,1169,850,889,1414,930,634,786,947,1047,772,795,691,1114,864,927,1004,707,1096,847,536,1596,1482,681,575,749,1009,1052,679,609,855,1055,746,1704,532,870,1082,492,775,1523,666,1068,968,968,890,1632,511,1094,844,688,571,1355,880,1248,1027,858,818,507,590,655,1038,1272,995,996,879,661,1153,864,1549,703,682,1005,756,667,492,646,1158,653,736,1114,759,816,861,890,908,711,653,924,685,792,693,1299,764,872,716,1289,676
2010,8,896,661,996,997,1091,882,729,700,569,512,1325,781,1050,970,834,1078,936,693,955,766,1109,459,1417,1509,1509,1178,722,863,1760,1264,1109,1507,2180,1003,953,698,850,1352,610,709,861,2016,1134,859,955,1644,945,781,1088,783,564,1210,755,1934,1469,690,1543,930,1868,1255,992,648,1061,927,804,878,1479,1082,1739,1401,586,1249,860,681,562,859,1666,1132,1522,1264,796,937,1064,1662,1024,733,1145,1996,893,426,678,1100,2102,1100,792,831,724,2295,1054,1508,753,1696,1181,1039,1850,1142,1218,1495,1068,421,1064,1197
2010,9,659,734,475,747,686,702,767,447,652,417,1138,442,861,790,524,659,761,1114,923,3276,837,563,1052,1145,1202,1459,605,1017,2462,1112,1353,1296,518,1394,1043,640,770,3703,786,1152,535,1259,908,831,1286,772,712,566,1914,382,2293,661,751,1250,601,853,719,521,530,1306,1076,536,739,686,3246,676,511,415,588,1030,387,724,689,1642,1267,1038,436,653,1568,854,8305,756,1317,1036,1470,473,458,613,1451,596,408,1098,1716,1670,5403,999,1017,403,829,1665,426,613,516,490,515,890,1366,1252,496,453,543,659
2010,10,488,1868,450,2206,656,553,710,518,1415,707,1524,365,2887,455,1476,656,1279,689,1074,2673,654,1083,1582,1405,961,657,592,758,510,526,624,437,430,1140,1181,686,609,558,469,938,1183,947,507,463,1405,830,554,502,653,1663,512,1567,951,431,564,2342,913,460,450,1459,1841,1250,542,863,1894,744,1057,647,976,1596,379,1519,420,648,2562,967,387,423,579,585,2018,623,443,444,747,954,574,383,474,344,556,1411,864,948,700,518,1826,938,1097,931,421,675,687,368,1022,673,555,415,401,364,444,773
2010,11,505,717,614,1093,1618,885,524,1558,753,1013,431,1095,814,706,538,487,865,551,559,1282,2552,1127,718,671,1842,1009,475,377,434,525,468,698,381,603,651,975,2819,475,722,544,572,911,579,370,1785,486,619,450,427,900,1112,718,586,703,1989,909,838,2264,596,471,940,734,421,563,749,462,1269,555,856,1209,410,574,641,1806,1132,3647,431,690,595,1341,802,594,423,407,789,617,921,429,563,427,613,644,2259,1934,787,368,910,1206,1108,755,342,614,509,365,664,436,404,636,662,1192,545,652
2010,12,2498,1423,1534,1305,1008,935,651,1200,745,1683,757,1478,878,1470,395,643,945,837,2765,2358,676,2569,657,1664,895,1419,358,1323,688,2919,591,1166,1082,3424,935,4145,965,550,369,1252,450,469,442,1092,1018,457,498,1319,419,1604,580,1379,687,1642,843,693,564,2079,1377,809,480,1665,1029,381,587,1289,585,738,544,2145,716,519,3616,1156,634,873,1270,1717,760,1310,690,608,580,922,523,890,708,409,746,362,362,782,2003,3332,3070,376,449,1541,465,1481,352,483,2609,1090,448,1698,391,551,416,537,3946,444
2011,1,1403,518,839,1513,3139,556,1351,1272,1320,3067,1276,777,1332,637,458,727,2853,2559,2443,1665,1049,4440,1486,2534,1268,1298,378,551,833,836,630,525,1232,1163,676,1745,679,460,983,1299,411,2969,4243,2812,970,1595,847,591,534,1288,457,917,781,507,2260,566,1530,1072,1642,518,1528,771,920,778,1199,1062,485,490,791,2178,722,1334,1746,804,681,1003,801,1414,1065,2164,1018,468,396,1138,1167,819,728,1016,1766,1282,795,895,3986,6673,3953,368,1171,1366,453,2072,609,1151,1709,4128,473,1536,3717,1089,1203,757,1206,513
2011,2,934,541,540,1276,1984,1320,1035,4930,1011,2764,1306,1209,2495,3378,904,548,1622,2722,6894,3685,1553,3709,1049,1693,967,876,564,1359,479,1269,738,436,701,1172,869,1183,1082,931,1774,2708,1090,2682,3040,995,1779,601,753,760,1132,2221,940,740,1949,1132,1127,2756,2287,746,1375,756,1114,942,1352,627,883,870,473,653,1110,1590,5383,2677,3573,1394,1391,968,735,1358,544,1282,1591,759,461,1329,916,1684,1061,843,2392,767,707,727,3214,5162,5828,528,1087,2173,439,2022,1809,450,1213,1761,399,1985,2285,1362,709,1197,3654,1261
2011,3,1336,2228,561,807,2662,2003,1045,2901,646,2942,758,896,1435,1281,949,425,1577,4388,4672,4375,1057,3982,2405,1361,623,940,425,560,437,1915,1383,445,1134,1029,577,1103,2384,544,1016,1235,1363,3662,7983,1294,4087,526,894,705,648,3216,581,1364,753,1406,1565,1603,2535,884,910,1070,942,628,2201,1256,2809,577,448,1012,942,1809,1563,2090,3098,2574,1023,697,1192,2083,910,941,803,885,615,1268,1004,691,571,858,2426,715,519,591,7253,3492,6835,797,1243,1696,1035,3618,1336,993,1084,2714,423,877,1381,530,446,641,5733,1982
2011,4,914,705,539,532,2704,1370,606,1404,490,1305,534,612,1862,829,523,545,936,2363,3489,1789,650,2971,1148,1453,525,678,763,446,437,1047,472,426,557,875,652,810,962,429,1101,782,875,2666,7417,806,2538,430,714,412,429,2626,578,1790,729,733,1067,2903,1951,677,1190,592,739,532,1569,733,880,470,815,857,644,1288,1067,1467,2522,3332,584,523,622,1176,687,669,586,440,659,1031,528,812,437,423,1280,759,462,560,5682,1593,7127,683,623,1242,472,2605,803,934,833,1671,440,718,1097,449,412,426,4092,653
2011,5,787,461,703,446,1082,605,439,1045,421,648,462,458,1058,577,407,401,809,1264,2314,1370,487,1453,622,799,439,527,366,442,705,733,785,397,655,615,487,617,549,445,513,622,877,1791,1732,550,1942,434,582,433,394,994,430,676,603,457,628,1091,890,545,687,425,611,429,805,438,523,462,601,442,457,778,624,1202,2119,844,538,469,432,743,501,464,479,480,408,1195,770,1074,404,462,847,398,381,573,2608,1346,2206,703,465,724,504,1446,1687,505,849,819,510,535,780,399,374,395,1894,441
2011,6,450,460,383,576,572,434,536,529,467,446,411,401,619,642,461,437,453,487,874,816,471,563,508,519,467,404,678,388,556,422,446,457,467,626,393,548,427,387,511,457,989,622,668,568,584,547,435,402,573,477,427,482,427,474,457,581,470,413,437,424,486,442,521,389,444,405,393,470,438,552,457,636,917,648,429,525,512,458,443,407,446,422,387,499,625,1312,447,376,863,431,478,438,978,572,795,437,527,437,457,635,755,511,497,481,785,466,646,512,380,504,824,448
2011,7,1126,945,937,1618,921,672,872,1045,804,803,931,573,1120,862,1132,1007,685,713,975,4076,1359,643,696,871,896,439,798,685,1067,1252,1159,596,733,857,638,1079,945,1180,988,1319,1411,592,1168,657,1066,1103,708,793,566,646,689,730,974,887,960,783,895,645,685,563,722,926,998,690,832,739,548,906,866,710,1051,878,1397,1367,1074,648,803,888,894,688,575,1201,840,735,963,1068,816,573,1234,778,497,835,1331,788,926,663,763,989,602,756,689,815,802,801,1168,648,824,1118,780,1145,1418,803
2011,8,1469,689,948,1046,1308,508,977,1049,684,791,1007,1663,1133,584,851,1319,890,824,651,1858,848,614,727,955,1106,384,1216,1061,1465,563,1357,810,845,1786,784,1922,1264,1517,1375,1911,1290,519,1690,762,1180,1272,1303,1242,730,908,1010,864,1076,1054,824,1235,1419,606,747,758,537,915,1023,816,648,519,1094,723,794,1091,1879,1001,1154,1523,1188,1243,710,1231,1152,952,457,1674,662,673,888,750,816,687,979,1363,511,626,1076,672,698,1488,824,865,486,1093,698,1066,1253,591,1367,1148,2027,1100,920,1206,1281,648
2011,9,539,1287,410,393,916,372,808,629,767,1729,800,1294,645,547,580,1219,1029,980,614,612,439,378,658,594,448,1023,746,592,4661,694,655,538,2257,882,589,2359,597,459,1022,1351,592,2211,1190,975,694,914,941,623,594,681,797,525,791,1237,409,1252,1252,739,425,472,1716,817,438,1299,598,468,610,775,1297,2850,1009,4023,761,1194,406,803,544,731,1599,774,808,2081,837,2093,1756,819,1867,601,591,1140,1120,569,552,492,442,738,1912,1294,1203,467,934,1049,989,671,633,643,1145,1332,1378,1127,506,1538
2011,10,1820,534,366,604,1140,408,6931,628,557,861,534,3351,831,387,588,5978,494,769,645,504,1650,504,1142,531,396,9196,454,980,666,484,1354,413,496,596,623,517,503,967,656,1048,902,741,407,383,1286,1382,1052,1385,708,786,682,364,1138,554,1399,1490,773,3525,363,393,1151,393,430,1100,602,635,398,1303,948,626,442,746,1252,1194,838,1172,544,1203,1878,3376,444,1377,812,1344,979,850,930,357,593,3418,386,638,377,599,371,1773,2055,417,955,1095,803,1664,417,484,939,801,485,446,1396,3032,399,8711
2011,11,1043,1057,425,596,425,452,1165,1296,855,2175,529,665,625,360,364,630,400,538,2344,425,1650,362,1137,542,392,4025,437,1189,505,558,429,578,549,386,1259,906,406,875,474,1339,1371,1201,475,414,1095,558,412,1398,373,432,485,376,1802,459,684,755,1827,667,360,356,1586,388,682,432,360,551,662,891,866,829,682,550,558,1239,614,769,643,2567,524,781,1141,952,1076,3152,1634,614,747,353,523,7329,470,483,1315,377,490,1153,1325,392,847,898,534,3041,439,1309,470,918,540,380,861,612,946,763
2011,12,3058,450,1129,1007,2147,360,928,2462,769,1193,603,623,1575,357,360,1015,374,654,950,1087,519,463,4527,551,1846,1748,1661,1169,1049,723,426,483,420,503,1143,457,484,2178,582,526,619,515,1138,772,834,511,567,630,1615,1189,739,704,555,478,1130,544,1154,625,397,481,692,367,479,643,739,388,368,526,673,1254,1266,633,534,1899,426,877,4747,2986,467,1931,1670,717,2242,623,1236,1824,645,858,413,773,545,1440,704,1738,615,3975,1629,509,2205,416,622,2227,374,690,558,416,1953,372,1766,5195,524,2412
2012,1,1184,1521,850,665,1923,576,2028,2285,1020,1954,811,585,1065,662,358,1405,1613,918,822,865,745,421,2579,2184,4173,2573,2019,1036,1898,1107,1384,1659,962,518,1268,1180,410,713,388,507,642,534,5456,1112,1629,752,893,962,1895,2598,986,851,1518,1452,692,648,2295,789,398,373,890,364,704,428,615,394,522,1374,518,1353,1089,760,800,1668,4512,542,1651,3505,554,4182,1027,497,879,1224,1050,1099,442,1442,572,781,470,850,637,1732,1097,2309,1465,705,5154,422,721,3263,404,517,712,863,1036,419,1748,3027,599,3126
2012,2,2301,919,974,1921,1335,440,2542,1810,1281,2075,1329,553,2558,386,440,2509,1097,1297,928,496,762,714,3940,1551,2751,1641,2177,665,1233,754,1940,1054,1260,892,802,801,551,1753,402,1123,731,480,1722,708,1127,1298,947,923,1553,1331,868,806,848,1107,991,1055,1955,632,536,807,1273,646,597,555,555,2182,874,1768,545,1075,1009,1159,1555,3433,2010,968,2977,2540,996,4276,1214,1100,664,2544,1522,955,1853,583,461,1037,873,3531,1055,1332,1410,2771,1172,448,3975,891,716,4531,880,448,789,533,1299,1303,2968,4210,1154,4749
2012,3,1653,1013,671,959,1478,362,3492,1207,3015,4943,962,744,1264,1313,413,2071,1502,727,922,828,692,933,2088,1906,4684,1274,3565,1310,1553,591,1197,2767,903,1003,962,802,1215,1170,389,1242,546,434,2459,929,1062,561,504,870,1537,1534,961,766,574,635,1912,592,1773,1667,385,641,804,434,386,730,469,1029,569,1213,790,881,767,1674,903,2351,1323,704,4801,2259,793,2194,4150,1296,579,1038,2241,1305,699,706,822,630,2450,2599,1173,708,903,3784,1338,793,2777,1107,547,4049,1299,447,473,609,1153,561,1587,2555,878,6414
2012,4,1120,1527,529,1191,1693,418,1725,720,1122,4481,777,516,826,783,413,828,955,1679,1270,478,481,580,1547,1274,5215,736,2218,1375,827,485,909,2403,760,498,1016,694,689,926,497,745,433,411,1459,507,744,466,426,575,1108,1226,726,448,477,554,743,590,1036,620,346,475,1071,356,384,419,488,897,759,2061,609,786,566,715,766,1562,974,454,2340,1283,529,1052,1680,773,474,1287,1473,914,1696,508,446,521,680,2245,1056,534,653,3655,705,481,2303,671,414,2018,736,411,468,729,1037,624,1006,1749,828,8375
2012,5,696,648,441,594,1922,361,913,674,637,1978,479,437,674,469,348,682,675,751,559,442,428,369,652,802,3083,540,1129,534,491,402,625,858,590,2823,690,497,520,576,362,486,397,392,953,1751,676,413,420,427,725,875,498,486,429,431,468,420,508,448,343,388,674,797,376,424,377,600,578,815,408,491,3017,576,554,889,789,410,1455,703,418,686,1033,2976,435,796,1039,706,1036,480,1015,509,446,2111,561,454,702,2101,598,419,1298,564,383,1188,563,1885,455,527,643,528,557,781,557,3215
2012,6,502,437,418,593,526,348,609,520,478,986,507,454,428,435,382,495,518,498,419,417,411,418,849,566,1680,490,487,483,552,532,623,647,649,531,424,591,503,420,458,488,403,402,530,945,423,502,801,444,508,487,496,433,392,467,416,446,443,420,468,353,438,389,379,373,369,549,570,913,456,530,559,466,466,593,470,1403,634,533,450,819,726,537,389,498,928,765,435,424,633,726,645,558,447,471,409,686,795,442,626,560,404,545,427,539,430,449,442,463,445,488,410,921
2012,7,644,1017,696,1189,1134,546,739,774,1188,1044,977,646,717,607,441,1048,562,1093,1196,1211,796,464,1187,639,1075,701,959,843,1005,842,1603,1273,802,967,622,876,585,590,734,747,1083,548,991,857,721,1285,1128,859,510,1187,995,848,469,1342,449,923,762,576,538,500,1329,848,807,621,1063,751,538,1979,1584,1141,665,630,803,1148,1021,716,731,1354,1106,1171,606,1142,752,1242,823,1403,676,762,687,756,830,770,847,1002,753,892,499,731,668,966,456,848,1886,954,1482,581,950,695,1238,722,643,885
2012,8,885,1047,760,2035,744,740,878,1064,1278,794,744,1507,900,613,425,1137,602,1183,2064,1149,443,842,1867,779,3055,921,1608,2047,910,2345,2325,3085,1261,1518,497,1461,1328,532,1014,853,1907,675,687,1170,1053,1162,1180,1258,634,558,1196,1016,1324,2256,1013,920,1293,856,1537,1220,737,597,1400,762,628,1016,738,1263,1453,958,985,668,753,1224,1118,983,1633,1451,1314,548,763,946,1776,1746,1786,1756,996,1114,769,1048,667,1009,736,1439,415,1054,1531,1014,961,1595,595,618,2387,1073,1466,849,1102,678,1643,848,845,1014
2012,9,955,1070,404,1553,386,401,457,663,1523,1279,1083,671,1450,1127,1346,591,608,662,1292,768,487,912,1357,614,839,1482,452,562,934,1339,1143,1462,1395,1366,607,859,394,505,1943,547,737,1897,593,437,540,1359,2199,576,721,813,1152,2481,850,2337,534,1088,1245,847,418,446,962,366,1078,612,415,450,1086,1697,1240,426,385,2414,1259,1089,863,709,942,1404,852,775,687,869,810,440,2160,866,921,487,849,993,832,2172,479,2206,737,913,1413,367,553,834,996,780,4835,797,1231,795,1355,749,1914,499,808,1073
2012,10,756,1544,358,475,456,430,367,434,483,865,1326,750,2371,1171,900,10775,470,518,568,4282,1020,1171,1668,478,1161,1495,383,679,433,632,659,537,1112,827,449,813,396,601,2798,619,1738,1366,439,422,408,2996,740,778,1052,1196,792,957,1549,2859,660,400,2867,601,354,605,510,1225,412,693,779,518,365,1127,452,410,414,515,1078,587,379,1429,1670,2089,1943,757,649,2387,386,408,626,575,610,895,3206,1490,403,2418,413,8740,425,1045,4026,804,694,501,444,627,791,945,806,390,397,406,717,383,554,860
2012,11,447,1112,439,502,786,623,396,605,512,802,2310,442,670,410,935,989,381,678,2286,2256,540,764,720,472,758,696,398,481,371,449,801,655,555,1347,367,1628,353,1056,905,733,494,499,572,416,380,3868,454,1049,694,490,780,649,577,2961,450,2057,724,574,558,344,1895,932,406,1632,910,752,360,621,895,494,1188,899,516,424,386,1217,839,977,440,1586,1111,633,516,416,1467,886,372,795,821,903,608,855,744,3127,391,718,2663,374,706,462,1018,483,846,730,405,806,474,348,475,564,1848,516
2012,12,531,521,1131,1854,842,906,426,1145,1994,638,999,1061,726,587,1529,748,734,451,673,1902,636,471,1927,446,450,1157,371,377,904,1036,470,438,2821,489,354,3167,573,394,6053,474,494,2010,1763,787,594,1548,433,684,882,2949,515,792,666,2242,420,1355,1716,538,662,376,895,442,2491,1422,419,816,349,1839,595,376,694,1692,510,392,903,514,1787,1617,433,1633,1139,1207,1936,1182,584,405,489,1763,1170,561,986,1560,1616,3312,684,1563,748,494,1118,402,632,819,2073,493,446,1558,1996,643,1011,970,3823,559
2013,1,439,512,2217,689,1005,1468,519,958,1519,520,2311,726,2058,3859,796,871,1217,893,741,3358,1801,413,1514,1693,863,936,367,498,1703,533,2264,414,2212,683,373,1358,464,787,4799,748,440,2752,1173,674,1509,1661,656,600,2024,1599,1059,475,793,1712,422,1482,897,643,652,526,526,2144,3720,1188,390,932,378,735,920,980,1255,561,644,1145,971,476,960,2108,3535,4180,1875,718,1006,930,1174,876,642,591,1164,1722,2830,1466,1533,3948,863,2483,1152,1315,744,402,488,651,1259,1641,646,670,1857,1621,636,766,1966,403
2013,2,387,533,3904,854,741,1145,720,1149,2916,512,3059,1865,2975,1125,688,603,468,898,1423,2556,1550,798,1546,785,2378,1280,597,1008,1194,470,1506,827,1471,1989,443,3553,567,485,3966,714,1513,3161,595,833,2149,1690,423,870,1349,2000,521,2637,521,2770,857,2687,1208,969,643,2089,490,2034,1141,2056,622,965,1469,2241,1430,722,645,1878,676,1610,568,685,674,6696,1642,4776,776,707,922,1532,1251,478,1402,538,952,1533,1047,1786,901,3376,543,1376,1406,707,1193,771,709,737,987,994,583,809,1317,598,847,516,1687,432
2013,3,665,1031,1412,626,475,713,598,2879,1747,450,6038,1022,1947,1703,558,700,467,629,5121,2608,897,1728,950,862,1799,2143,420,1009,676,557,1635,445,1701,722,474,3756,575,420,11586,434,1676,1748,710,616,930,1464,438,999,1687,1523,653,1255,449,7111,733,3438,2237,761,2771,1409,462,4204,996,2623,1219,739,1864,1600,569,899,932,1361,1710,1211,469,1110,1487,6242,2103,2394,1758,540,1372,965,721,1073,761,613,1409,933,710,1737,596,3743,551,1946,2023,639,903,1076,475,1001,1001,724,552,1071,1509,494,654,696,3119,1130
2013,4,392,723,1022,460,463,642,837,1314,1689,484,1882,643,2201,950,464,686,423,603,2881,1219,605,895,841,2471,1106,968,407,460,710,1337,837,432,1747,501,397,3003,441,398,5020,438,950,1091,655,639,699,1023,421,468,1201,844,626,795,584,2732,621,1907,820,426,811,971,600,1974,823,1265,679,576,506,1005,477,753,671,727,631,723,398,481,776,5212,1705,3874,1447,480,1304,596,580,741,1626,491,909,1497,622,1199,752,3532,388,1531,972,474,577,513,408,498,689,482,453,3351,876,503,484,1133,1452,424
2013,5,448,454,735,474,463,493,793,886,1044,386,765,516,724,2481,411,728,379,527,1071,650,464,583,622,4541,581,516,458,400,441,441,611,482,4508,450,360,1629,780,402,1299,496,516,606,441,460,517,724,374,424,794,517,422,542,405,821,389,1929,502,392,519,502,407,1161,696,934,431,444,441,762,418,446,546,581,446,498,398,413,509,2090,1099,2325,754,665,739,520,534,464,594,467,483,617,463,606,445,1102,409,1218,794,387,456,417,375,682,558,413,386,796,655,466,408,705,945,452
2013,6,370,439,551,490,463,393,513,508,459,410,486,429,481,1624,383,509,449,520,589,481,403,960,581,1171,445,465,381,425,508,394,431,544,927,422,347,734,525,371,623,399,456,477,427,542,405,700,727,561,452,484,390,549,623,687,370,1069,486,399,409,411,502,544,542,487,411,486,532,474,386,398,476,452,482,494,791,439,592,839,543,818,483,475,412,440,471,424,424,557,482,440,790,504,401,578,366,2699,539,373,509,396,363,455,502,398,411,590,435,722,384,389,537,408
2013,7,1179,963,663,841,782,657,556,1043,562,738,850,720,684,1182,943,2079,1101,768,1185,1249,774,896,864,2060,1047,923,1022,865,1499,531,1290,875,991,851,599,1110,879,646,867,1150,912,877,578,796,675,647,862,1029,871,881,910,590,938,1325,605,5525,784,851,526,774,890,762,892,748,926,1057,1006,980,1005,927,928,940,596,848,1104,878,1184,735,1379,802,601,1200,721,614,1163,536,815,705,539,644,1159,765,621,729,1220,1179,818,520,1249,905,1014,891,1057,632,1053,1559,1094,698,695,635,993,856
2013,8,2429,1145,1017,1240,2432,1274,718,1488,1044,874,942,999,1092,1359,869,2326,947,1296,1208,1319,508,1365,890,1968,871,1281,1086,550,1392,648,1051,1382,4119,931,1375,1588,1599,777,1448,1277,1195,533,645,944,1426,968,896,1520,1276,1625,1368,531,1490,1183,892,2342,672,796,781,886,486,962,1135,997,1045,607,962,1221,1881,968,1095,3290,428,906,603,1893,734,934,1114,1495,1055,1423,856,668,1056,1026,2201,555,540,1538,1573,595,1037,1008,1777,1031,730,1005,1322,1051,989,959,1043,761,783,1601,2084,1489,974,909,1308,1605
2013,9,634,1243,1343,722,1630,1126,502,1183,1325,493,500,1203,415,1150,386,2712,618,750,806,1027,372,1354,1188,895,554,1594,1210,377,1155,749,1485,1199,1861,1639,683,1759,1255,1589,891,1019,381,396,1083,2245,1849,781,731,800,959,1119,2838,414,942,2331,1850,2197,406,603,737,755,385,1103,853,995,2391,1069,727,818,487,1169,461,667,525,935,659,1218,490,485,1639,867,785,1252,823,845,796,933,1051,604,765,2900,1278,518,550,827,1473,718,459,1235,1106,2055,670,1324,1159,458,1077,1336,1815,425,545,511,1641,837
2013,10,697,596,1558,386,731,1091,419,1412,660,1373,781,764,1196,665,411,3669,802,746,639,591,382,439,542,1449,1470,1613,3545,380,902,1944,516,7165,779,473,435,538,1103,3219,503,1233,366,402,1468,1423,551,1078,885,9101,1861,1067,1075,446,496,601,403,4200,487,611,543,388,473,1600,3510,744,625,566,4957,2102,417,1990,644,450,385,1077,403,519,2342,864,1301,2231,408,1257,383,1391,861,928,1774,610,481,572,443,946,364,490,1779,1579,864,375,433,2324,495,648,1505,432,801,2696,485,714,483,623,639,1111
2013,11,639,818,969,367,498,1153,381,856,2713,524,380,599,2191,648,448,3449,368,744,1478,441,363,2831,635,606,1075,455,880,414,487,2152,788,950,657,526,1487,425,513,823,699,591,470,515,728,1498,1104,1153,3369,716,707,416,1978,507,507,2952,674,1195,594,379,525,511,585,864,902,419,1288,1576,2557,1794,365,715,3177,2975,501,958,392,400,873,554,959,723,398,622,415,777,481,1613,644,642,429,440,783,792,1784,394,650,1488,628,503,631,1461,392,1047,505,883,472,893,702,2128,534,819,1192,540
2013,12,1332,10176,496,505,975,486,813,796,669,924,372,611,941,1501,371,1636,1182,625,747,977,437,1371,511,1402,1185,1513,659,612,1171,1911,1845,738,918,979,669,413,456,1425,397,1822,1776,505,1252,2485,933,547,1565,970,933,4364,2576,670,798,882,940,1024,571,378,732,1544,362,1538,3656,379,521,2191,1907,953,364,691,1969,3429,366,440,1977,811,3041,2674,548,3909,613,1004,434,443,1144,1505,615,866,2503,473,586,501,1100,1647,588,595,1725,1495,1547,1570,811,529,444,1507,1153,1002,3538,660,2123,411,958,938
2014,1,906,2134,925,1823,619,1703,541,3125,1033,690,384,853,1590,752,858,2935,888,1136,886,598,450,1260,444,2992,1003,780,1146,382,897,1961,2967,961,1920,1347,1592,462,1262,757,3577,1866,898,1983,585,1364,1229,2180,803,1792,1762,7275,2498,789,1636,1200,1012,7574,911,733,693,512,455,681,2131,388,509,1360,1259,965,913,1247,832,1816,1564,440,1646,999,4259,1945,3668,3500,1425,1056,702,2018,465,1432,543,680,1140,479,2726,873,904,913,598,986,633,963,3522,1594,1224,457,998,2156,475,1337,3364,624,1302,695,1550,1145
2014,2,1374,1716,605,462,912,1502,1223,3536,1927,562,809,3214,1881,712,1268,2785,1058,727,901,844,2465,1578,403,5477,776,1296,817,607,1313,1617,2111,1346,1449,637,995,2476,1014,2011,1174,1082,827,697,3475,2302,632,1339,714,1344,1778,7751,2471,447,612,1355,526,5562,1493,565,1411,991,1959,825,3725,420,467,3000,1257,1259,635,1867,1397,1827,687,1180,1334,1118,3635,1774,3775,1915,764,2804,745,1129,587,1124,986,490,748,409,1588,1032,606,1557,477,1619,563,676,1748,1205,934,1018,1431,1777,507,1070,4708,1121,779,554,833,3696
2014,3,1125,1743,1025,1198,517,2554,643,2838,1846,561,2116,1883,2956,1049,414,2665,795,752,507,523,1604,2637,1207,2808,750,637,769,1053,601,1438,2781,805,1133,928,3160,965,685,1023,975,2871,577,1175,3631,1618,1138,1763,792,1302,1127,6341,2835,377,1623,1423,548,4587,625,568,1007,1097,990,2615,6943,409,766,1948,1329,2333,397,1282,931,2996,1038,1253,2208,854,5360,2601,3867,1495,599,2267,1189,1447,645,928,591,643,1391,777,1038,1995,642,2669,661,2012,641,1328,2460,4540,1263,2040,851,5941,837,1054,4291,1293,1233,393,1097,1633
2014,4,756,1446,594,486,450,1090,394,2530,1154,440,627,1210,807,613,401,1144,487,488,501,579,833,1357,420,1538,2551,594,530,1009,541,1268,1561,575,602,543,1309,555,620,690,900,2024,718,713,1272,1196,697,803,555,907,753,3168,1142,393,1714,852,476,2430,523,404,548,473,433,1928,5591,368,504,1020,900,1065,371,761,809,1746,481,2883,1210,538,2107,2074,1953,1075,567,1153,759,901,492,752,525,474,1256,436,710,1164,605,4059,462,936,489,566,1629,2323,608,671,811,4534,496,786,5097,703,781,380,1018,1033
2014,5,626,956,516,535,467,533,372,945,718,413,592,798,546,448,376,876,573,397,798,656,758,944,402,981,910,450,458,546,485,682,967,481,499,548,728,434,598,502,548,2161,482,458,634,710,629,512,469,598,553,1367,585,365,586,513,454,1917,420,490,498,423,406,1161,2750,357,464,611,539,776,408,499,513,619,436,1136,1010,449,837,1143,692,688,423,514,497,583,394,1389,516,390,605,575,539,4074,810,1504,433,566,417,512,1211,690,717,549,472,1805,395,531,2536,458,490,367,573,593
2014,6,616,516,437,432,458,465,413,561,459,410,403,455,504,411,385,567,550,395,579,415,557,529,456,1005,553,411,579,390,713,466,622,612,436,392,461,425,481,426,472,534,449,411,490,626,656,496,480,454,475,655,926,370,448,562,433,676,544,354,559,467,406,835,986,432,487,441,463,480,676,437,436,613,466,540,558,515,635,499,525,638,501,464,389,432,412,586,448,502,414,396,616,696,1868,562,496,448,416,405,559,552,433,421,429,693,379,443,850,456,464,406,870,836
2014,7,524,909,724,526,682,708,790,903,645,823,727,586,1090,871,902,1860,823,849,1170,654,444,900,906,595,1169,803,1087,596,1393,833,1034,1016,1325,787,853,724,751,823,681,1366,639,730,817,656,770,626,543,735,1023,1247,860,550,929,701,811,1280,641,975,1221,868,641,1169,755,809,947,705,731,885,1243,932,891,1845,476,1407,1113,1390,1112,907,1058,960,1033,708,746,1073,573,1657,985,678,517,715,677,763,7305,735,824,1262,775,514,962,807,643,945,830,2370,893,1211,676,926,835,928,718,1423
2014,8,952,1555,886,984,852,940,2096,934,548,950,1115,1141,1332,1067,965,2203,761,1105,856,975,560,498,2685,857,729,570,1820,831,1911,700,1382,1519,1339,963,551,968,601,1022,1010,1401,610,735,737,956,2088,974,700,1072,1115,2426,747,1001,1435,1413,1835,763,822,701,1007,1336,608,1008,452,909,951,691,1133,868,2004,1531,1090,1504,466,1315,738,596,4599,914,1937,1177,684,565,982,1113,835,1369,989,657,544,805,748,887,4060,1205,869,2585,692,942,989,947,910,697,734,1469,1652,870,611,4981,625,1079,620,864
2014,9,2776,649,1036,701,430,863,1289,1140,382,496,963,1526,717,951,794,2207,652,677,411,2409,1102,852,1033,2982,404,661,544,610,542,475,707,1532,597,1106,782,388,715,650,878,526,475,746,498,406,1019,629,1200,823,1596,4389,703,587,395,2918,1456,662,1510,811,724,1086,387,716,881,810,1179,896,1841,397,877,936,1034,1018,436,730,704,606,1112,380,654,807,3198,545,579,1241,465,463,396,1043,371,834,935,698,1566,997,953,2342,1100,639,1348,1120,417,449,458,865,619,1255,460,2353,435,632,1074,2091
2014,10,943,784,610,438,381,404,945,856,393,392,838,1988,576,400,617,2048,478,426,954,1850,421,1183,1306,2434,389,467,428,389,537,435,626,554,430,447,584,396,1410,1403,456,754,441,362,399,433,821,379,373,426,602,4125,984,1193,972,508,697,466,474,1446,998,455,412,2344,727,2990,1284,482,532,594,1147,6249,1156,989,367,878,666,713,1642,651,9724,397,2013,874,563,539,1117,427,360,427,469,900,1588,407,2519,1073,435,921,515,412,1028,1219,415,363,796,1739,895,2484,437,729,1328,837,932,2934
2014,11,448,540,413,1262,464,559,517,651,375,673,385,1395,538,2900,1262,1597,942,449,1194,3236,364,1054,1930,632,463,2006,395,614,2770,523,584,651,372,423,2238,515,1598,1322,641,770,466,359,460,1137,399,368,614,505,2226,2062,556,2116,1015,427,881,437,519,1076,460,769,1122,2097,1080,812,481,398,408,628,517,2258,938,661,351,654,702,371,2330,585,748,377,657,1140,884,428,1974,372,452,2994,818,968,581,1085,1413,1376,547,477,557,363,967,443,364,358,1000,912,804,1842,687,570,782,615,646,704
2014,12,1374,522,914,730,461,1018,712,572,370,1106,413,1197,809,3181,1093,2049,548,1399,1751,1083,369,1160,1918,915,643,1009,398,497,3732,358,1472,590,367,478,4464,505,1092,1540,1209,1960,525,1227,482,776,1550,401,673,373,1145,3878,2111,670,1486,827,1762,1581,917,1462,586,1689,716,2075,425,647,639,397,385,557,1770,2471,1872,514,428,605,427,1669,2625,643,789,556,1603,2962,621,910,499,368,409,1704,459,1054,459,1616,1603,462,608,881,415,360,1271,429,362,426,535,2595,850,2404,470,1506,498,3350,2438,5205
2015,1,2231,1652,586,918,362,872,1440,728,497,616,1035,730,1410,1962,489,1775,529,820,4160,913,572,1934,873,1737,1514,1855,705,591,4413,491,1305,424,419,389,2343,458,770,2165,616,802,373,1464,3472,1062,1161,534,1394,1971,1072,4176,1268,715,685,830,809,780,1534,1015,438,1001,905,1472,4545,717,938,721,391,382,3236,1804,856,1683,401,7264,418,2222,2419,970,757,1213,779,2105,501,1359,4496,622,663,1016,1262,1982,656,3233,1813,545,432,1247,1519,664,964,699,506,524,433,1379,567,2997,397,1549,564,2101,1374,3060
2015,2,2403,1298,446,577,839,1077,640,1751,479,817,675,1236,2668,2984,649,1090,390,1101,1845,868,947,794,1550,1031,1475,1861,848,1792,5425,415,1089,442,543,419,2312,854,828,1793,873,828,589,588,1184,1007,3543,1059,1393,2319,965,5088,1093,658,1005,773,890,870,603,1754,451,878,864,2034,1593,974,1859,396,388,488,2641,1540,1019,5005,1057,2300,1167,978,3519,650,1561,1570,1923,2072,703,1143,3029,554,2592,2131,629,1066,845,2829,3705,951,653,914,1866,640,847,567,967,1482,1193,1366,1169,2831,863,958,1880,1568,973,2738
2015,3,3450,1115,650,769,1039,850,715,2472,516,526,774,1279,1215,3349,530,737,457,1796,3586,1799,428,3320,2111,1424,638,2884,753,761,5921,375,1645,1784,453,1142,4997,549,807,2745,1231,734,412,829,1196,1271,4606,892,1543,2820,909,7736,927,718,597,576,1437,643,534,1853,429,1120,970,7612,1277,661,973,502,469,1745,3737,2346,2133,1684,1220,1343,1124,1081,3604,1811,2698,897,3474,2013,430,1174,4879,487,1421,1299,1438,995,702,2429,8661,1961,582,679,1830,631,803,690,517,1130,493,2115,576,1481,1286,825,920,1645,1169,1762
2015,4,882,1145,402,466,687,565,475,1554,449,416,425,899,825,1909,465,566,479,1766,1345,2838,405,4049,1411,918,647,2052,513,558,4819,349,3170,666,526,414,3537,421,763,1141,623,928,693,548,992,1311,2202,404,2927,1656,622,1984,805,577,794,477,1453,526,445,1095,388,839,529,3751,979,496,623,372,389,438,3543,2180,1069,1015,450,893,534,639,3472,816,1677,596,1685,856,385,1098,1763,362,675,1217,684,588,747,1230,2916,1176,740,1565,944,382,767,677,382,1232,417,1088,508,836,635,574,542,1253,1058,1322
2015,5,574,612,378,1994,885,436,414,894,359,387,389,515,507,1531,474,477,368,726,906,1215,429,1365,1278,540,468,805,477,470,2493,366,970,509,439,436,1540,374,834,709,496,461,371,423,1028,639,1569,397,1284,1230,479,921,501,413,492,666,558,424,473,717,396,613,464,2082,529,419,477,359,780,491,1602,894,597,609,387,747,407,556,1523,542,755,461,792,528,369,508,827,358,467,957,487,479,442,795,676,639,614,857,619,360,695,559,353,815,496,757,461,603,429,467,511,1003,605,696
2015,6,449,414,373,1408,828,516,399,585,390,372,371,423,433,622,597,433,396,444,506,495,437,919,760,462,427,474,383,402,708,383,577,479,413,469,651,363,578,587,495,477,413,399,585,500,629,417,551,501,407,774,414,387,485,564,422,469,499,460,833,735,515,1123,421,427,409,412,973,696,666,568,567,436,363,539,479,413,710,400,791,405,694,529,465,743,720,353,456,504,438,420,414,565,666,513,483,449,483,356,457,394,407,417,531,608,391,501,403,406,608,647,489,495
2015,7,886,1206,694,1223,1103,701,588,1009,1024,548,1058,790,996,1213,915,570,710,1027,800,671,1761,1109,837,872,723,965,880,659,667,925,1354,1051,819,990,848,1116,921,1219,957,922,1001,787,1483,902,639,981,692,830,1081,1037,544,812,1584,799,650,658,719,725,822,734,719,1043,841,639,1364,712,1177,2160,1051,1377,903,804,588,793,607,868,887,811,1117,636,1062,1032,773,932,1100,437,1085,1030,868,548,639,779,1417,638,740,1035,1923,1009,1085,786,716,649,610,934,925,757,922,624,1011,764,585,783
2015,8,978,1241,1140,1075,1063,924,1337,1254,1060,1440,666,668,872,900,755,964,638,805,715,2830,1087,846,1018,915,478,893,800,706,1443,2650,1207,925,594,1045,975,1525,1365,608,1068,833,1028,806,905,1461,458,646,1757,1149,1009,1080,1146,1094,1467,805,1467,1134,929,839,998,1683,743,1496,731,632,1370,570,1829,1557,1794,1003,1196,1551,1535,772,1082,1071,683,912,683,812,1174,1479,1327,2002,1170,681,861,710,717,728,1542,3178,1501,991,816,1637,1582,1270,1161,906,641,765,983,1993,1290,767,1364,1706,2053,932,1415,749
2015,9,519,655,1160,1038,770,556,874,1717,732,1202,552,446,678,415,638,2228,446,613,683,1831,1061,859,1462,891,700,728,427,501,468,842,442,910,711,1035,901,1234,3689,1059,2208,431,2681,848,899,1207,550,942,805,814,601,837,1579,977,2618,644,419,555,2113,1679,1106,674,1118,700,985,576,444,732,1476,615,1185,1337,564,1036,586,1102,401,1307,661,691,498,783,1003,996,495,1747,458,1938,589,676,421,688,1047,3929,1444,680,2445,774,837,1226,899,1022,550,553,859,1465,1305,447,648,1190,710,962,593,981
2015,10,379,1593,522,386,846,409,1328,3152,1677,620,374,852,688,376,1019,608,500,810,1291,824,410,552,1384,850,437,374,1471,351,583,437,704,1171,422,569,1122,390,1459,430,1340,615,600,514,764,1010,452,487,390,388,506,1989,536,5634,621,445,806,845,1243,1214,748,404,438,457,1142,369,504,1536,521,516,1073,1165,2432,488,625,1095,530,1713,1372,858,670,524,491,948,989,1855,529,907,2630,1476,391,430,1793,1806,1228,3193,1352,1018,724,942,1745,537,582,392,786,430,508,927,1386,521,1816,1428,598,3508
2015,11,565,723,797,378,374,940,489,2378,664,389,380,377,963,365,797,401,389,469,562,672,567,508,470,796,387,424,420,350,1171,805,393,628,594,524,1042,423,1139,505,838,1247,2584,742,483,2302,1151,522,1427,463,620,490,1004,645,3901,358,385,990,1643,535,384,515,1920,395,609,1590,368,870,3395,490,522,457,802,389,1602,835,610,468,439,990,444,479,380,1368,1134,584,431,401,729,682,503,404,802,1067,1274,745,1057,1250,695,1025,1231,887,343,462,649,603,673,372,1560,785,656,686,596,9637
2015,12,384,2798,1737,425,369,502,1469,714,1004,1328,2069,662,1067,363,2031,1686,380,592,533,840,474,504,1373,905,624,475,627,740,532,2607,468,6390,522,1484,1194,449,616,563,630,974,2779,1517,447,3990,396,417,788,973,1050,745,606,2166,2249,360,369,717,967,498,539,1431,9292,571,881,3084,486,3267,714,441,421,1015,1879,381,1790,741,394,3853,546,605,706,2239,497,1462,2013,477,1665,1446,1734,802,607,433,1159,1087,510,1165,619,1517,1390,3528,878,2644,559,531,480,613,2403,515,567,1535,1144,524,2649,5101
2016,1,461,1032,1369,370,810,1557,1102,601,879,5387,3998,546,611,448,985,862,483,669,442,3221,370,633,1829,960,1427,880,1136,676,2384,782,932,3817,406,1919,2136,409,722,1675,1006,469,2132,665,446,4004,435,359,4447,1141,1812,997,1522,4876,1311,1274,546,1998,634,489,1002,1754,2838,698,1890,1219,1205,2122,1303,438,467,722,2313,915,2529,1238,596,1027,545,551,705,725,1242,1433,1148,479,454,1212,1396,640,411,605,1511,2709,838,1187,954,715,1649,985,1385,683,378,396,392,404,1137,411,1574,2466,1062,734,855,5773
2016,2,413,986,924,377,449,711,1063,679,1558,1358,3964,656,491,794,2148,794,571,590,1036,1722,1035,546,1526,995,655,503,2691,2097,1290,1307,1689,6071,1233,1364,1252,391,885,1750,964,504,7624,489,799,2062,688,507,2097,452,962,892,1665,3198,3269,612,2467,1143,756,507,2406,1372,3540,1367,1133,911,460,2254,1672,997,427,755,3268,652,1123,595,1163,923,1501,438,435,675,969,848,976,621,647,982,1683,499,489,469,887,5856,2324,1987,2324,2033,1257,1315,1809,990,499,714,874,431,1265,385,1128,725,771,798,806,4037
2016,3,374,1817,942,420,638,2146,648,743,679,1932,3125,938,1456,490,1171,1465,403,723,564,2667,672,449,1313,1300,564,620,1411,516,1161,872,747,3853,553,1278,3673,854,833,1429,916,429,2976,555,605,2264,707,354,3476,511,995,1681,1230,1742,2858,1019,590,5348,823,2119,763,1743,3096,923,990,658,1233,3680,1049,542,531,624,1573,735,1736,592,477,1627,550,429,393,2135,1704,629,735,747,632,1428,1493,1070,856,381,1217,11366,1051,1951,1669,1636,1160,1797,1134,898,480,1834,481,421,903,590,726,1361,629,536,1234,6366
2016,4,355,938,781,952,388,1151,555,514,664,1596,2078,418,582,493,664,1279,835,412,431,2245,470,399,1012,802,582,410,1069,1277,682,659,462,1813,384,811,1484,960,633,1035,553,399,2129,441,526,1301,413,385,2987,425,718,692,868,1242,1255,1208,1076,1982,624,1209,646,2730,3903,574,886,489,731,2045,1058,809,493,587,999,507,1214,523,429,815,493,1268,376,967,1226,582,712,522,437,862,968,750,477,359,820,6396,1424,1197,923,1016,1027,1154,751,653,338,915,389,696,792,431,1786,740,488,731,633,2539
2016,5,350,588,621,417,361,544,451,440,484,1197,1267,392,457,380,680,610,449,377,492,1175,393,372,600,594,406,378,551,916,765,811,843,864,432,853,603,421,481,694,428,380,1484,395,521,922,394,378,1833,401,491,488,601,781,751,554,496,893,459,577,664,1120,1797,1309,589,425,454,1341,622,778,425,552,1095,995,644,574,407,608,641,543,466,600,520,1833,546,425,393,490,515,498,412,379,488,3913,863,596,548,906,834,743,495,533,336,481,368,652,558,471,574,588,443,544,481,915
2016,6,406,428,465,829,398,924,431,422,465,717,577,373,550,404,505,420,357,528,409,507,392,369,442,483,453,432,474,391,434,436,392,526,395,493,546,381,675,625,446,577,631,392,418,556,400,419,809,405,473,474,515,485,536,476,541,491,424,717,434,550,822,1563,435,397,398,644,427,470,446,476,547,430,427,414,519,514,404,379,413,612,511,819,674,599,385,421,490,569,501,386,451,1524,443,508,601,461,681,547,669,540,369,448,436,622,708,394,485,724,580,566,403,732
2016,7,483,1034,570,1046,585,1023,642,677,699,967,783,919,1048,852,1054,812,1558,984,821,673,975,811,1140,730,546,1250,553,936,1166,790,831,1075,990,931,1322,885,2703,999,648,997,618,807,1073,683,588,633,1175,1040,976,640,1138,586,1618,1049,1880,1058,826,859,812,594,731,1198,707,751,956,799,873,809,862,773,981,1101,669,890,907,1312,970,1105,901,784,513,1261,1287,588,592,964,1311,812,598,666,1047,1457,687,1070,1733,863,644,820,1012,659,896,1443,672,1120,1056,955,959,651,908,811,696,830
2016,8,929,948,1005,1303,662,1315,446,744,1107,964,857,860,1671,1349,1226,1457,2082,1112,654,1651,900,2533,601,916,674,1176,479,1265,1177,970,1181,1644,797,858,2484,1126,1585,1757,909,1549,613,1125,1032,1130,1096,894,835,1096,1200,737,874,1099,3585,708,2771,809,650,1023,443,949,710,1089,485,1482,1705,546,620,1503,1333,896,967,841,892,851,2180,894,997,748,861,479,1079,1147,1395,1248,1133,998,1063,727,659,1129,1208,846,641,2391,1173,1021,1336,977,1290,1439,568,1387,719,1567,1177,1117,2988,2120,1748,1472,1050,1218
2016,9,1581,744,2841,1677,648,804,395,406,4315,684,484,821,864,1266,513,560,1055,1017,895,537,691,1691,477,778,1087,1087,399,768,2640,778,545,4136,640,656,967,1547,464,1640,2632,1273,425,915,1398,1207,911,3274,681,2285,1902,1082,647,791,1153,1135,2351,1009,2092,1288,513,1106,3124,1135,530,1125,6721,378,855,971,1860,929,730,568,1072,879,954,595,405,620,459,568,922,2297,1453,1503,1219,859,673,531,1307,653,548,1458,394,1291,11830,1006,1100,3638,581,2215,547,868,1374,1174,787,480,1716,1561,2099,2100,409,845
2016,10,543,1035,1050,1895,837,1451,544,359,1854,433,1544,880,400,400,2036,431,795,2538,1303,425,596,510,681,457,1196,851,585,418,940,954,506,4944,492,842,3356,519,542,586,6590,786,857,614,3599,779,699,963,1896,1270,2186,461,790,380,572,817,1176,673,776,936,1164,728,786,2271,370,549,1066,401,428,1034,746,389,583,369,843,677,451,382,615,357,448,1841,756,3414,1067,2122,387,1011,865,371,988,3167,520,1868,399,2612,957,4215,2651,666,372,1845,795,1714,3998,1276,2277,648,637,854,507,589,396,1757
2016,11,728,583,1319,483,353,923,493,359,553,875,992,832,733,369,581,439,580,654,576,578,476,614,365,1125,767,651,422,896,656,1173,372,1266,347,1497,791,386,407,772,1447,543,691,385,625,471,792,437,705,4231,1276,622,834,473,613,422,1061,397,501,616,447,533,755,602,523,735,1203,988,2871,517,452,1006,1014,377,593,823,652,2439,368,353,817,428,749,877,1221,597,370,624,400,376,1207,5493,558,687,507,872,828,2671,826,1464,373,1611,400,939,521,2482,485,452,641,410,596,423,360,1008
2016,12,2217,597,584,2777,1206,1395,528,403,539,719,492,627,1424,366,625,529,881,742,3411,2610,2096,635,786,1793,783,964,2217,1090,1186,1619,1102,1050,1499,1392,2175,382,444,462,1485,1117,714,1317,550,1436,1400,431,1254,623,931,1117,732,755,477,379,545,640,628,565,1084,1535,1393,699,1076,457,1959,1750,648,859,981,462,1441,1045,6421,984,451,1489,398,352,442,1198,431,3958,1222,1528,1824,3682,507,391,439,2091,912,588,1058,1842,566,1175,558,870,439,1084,818,973,486,930,1971,676,597,422,1769,1420,3308,913
2017,1,748,530,771,1310,1472,920,1348,391,607,2056,1279,935,678,1346,1990,524,1034,532,1090,1667,673,924,966,925,802,752,1627,517,1530,933,766,2233,821,895,1725,654,653,1229,4148,2092,445,4932,854,1187,506,702,1013,2144,1156,526,776,1711,4517,597,1696,425,502,1378,1515,1705,790,883,1039,505,1714,3293,1402,474,582,1362,1813,769,1894,811,407,733,1375,403,1522,1230,421,3021,1137,2377,842,4932,1278,373,822,2034,942,628,853,2154,630,3736,581,1366,963,901,569,627,678,938,775,413,1174,1315,562,1282,903,533
2017,2,735,424,799,1048,1149,1274,623,348,1229,869,989,937,935,607,1037,780,559,2062,1792,1403,678,1445,1755,674,496,2239,835,506,954,676,899,2313,816,1771,2086,1435,1196,852,5015,4269,1003,2386,1224,1647,883,514,850,2928,1599,1112,497,1229,2861,657,1466,433,468,975,820,2899,1771,1055,462,1444,1795,2814,959,685,442,1877,887,623,2399,3574,635,1626,779,372,1887,935,702,1830,890,2147,820,3176,612,426,1360,1983,1148,900,2037,3012,520,3262,620,3322,676,779,1190,867,523,1717,586,526,980,529,1084,1184,771,1197
2017,3,1389,570,918,1194,1965,940,510,346,1126,1785,584,667,672,766,1923,1455,1083,1760,1775,974,776,574,827,575,581,808,674,643,675,580,492,3056,482,1029,4265,922,1143,1025,13567,1772,1535,2110,843,1033,687,417,1570,4017,1351,1408,1200,1415,3824,578,3605,553,409,767,961,1265,989,977,428,1846,1674,3617,1196,713,427,2741,792,777,2021,1420,625,1150,571,343,1403,2288,3853,1469,727,2701,1229,2108,692,369,656,1304,587,679,933,4039,518,9962,901,2506,720,745,608,685,769,2231,688,474,891,473,768,1826,1365,1335
2017,4,819,467,560,792,1207,562,415,341,742,2257,502,445,559,417,1093,503,582,1013,942,752,915,485,602,497,460,676,1068,551,563,588,470,1763,539,625,3485,528,561,884,4940,1288,760,1220,591,775,455,399,866,2410,1435,845,632,697,9471,397,1988,508,579,617,746,877,700,1855,423,2071,938,3371,833,534,504,1949,625,436,1202,829,481,898,463,491,967,905,3207,1080,804,1336,591,1160,544,355,474,1176,940,1242,571,3292,495,4651,536,2635,415,703,779,494,449,1142,664,368,1294,447,528,2196,951,1436
2017,5,528,385,434,516,704,462,444,353,475,769,457,397,474,527,718,497,418,826,593,499,558,664,486,587,447,461,759,422,521,548,553,740,422,580,1015,601,407,470,3994,583,428,3804,465,549,433,377,514,912,846,625,452,595,1888,369,852,644,496,487,513,650,482,1582,380,964,569,1803,553,399,416,1363,616,401,958,636,373,1112,403,462,614,615,569,765,526,958,454,926,403,380,440,1058,598,918,435,1679,477,2733,479,1123,439,485,414,424,584,585,484,387,531,426,669,674,511,637
2017,6,426,364,450,676,538,591,414,402,448,526,431,380,498,426,474,432,387,670,470,506,457,669,409,538,427,465,568,409,428,418,507,576,433,439,591,457,452,513,732,463,408,899,438,438,394,425,484,674,457,537,440,411,714,432,579,816,472,449,396,439,429,781,450,499,480,656,449,475,694,510,622,436,516,470,390,520,386,389,654,850,580,659,474,464,412,534,481,343,421,491,418,457,419,592,761,771,428,568,446,430,381,431,404,540,436,355,439,394,437,477,465,467
2017,7,725,486,799,1062,1241,625,696,580,3544,1079,913,601,3493,631,790,970,422,1966,699,761,659,878,473,710,560,638,614,1014,1198,961,1001,865,642,1245,926,672,894,701,912,662,1043,736,660,658,1097,974,887,1276,1058,974,859,927,1611,509,1128,945,2915,762,604,1245,1142,593,748,709,662,961,1266,2625,2368,946,1092,604,757,752,813,676,872,1201,1440,991,755,773,684,1137,659,1777,928,733,980,904,697,681,3492,879,1176,811,1121,1025,899,763,522,738,686,793,1021,936,687,882,935,1252,695,644
2017,8,838,569,921,3697,866,880,563,508,1759,947,2974,618,1444,808,994,1357,762,4726,2053,823,831,664,735,1151,646,955,855,1238,2460,1839,922,1035,1195,1254,902,1066,836,761,1056,681,967,591,598,763,894,902,1487,1138,1444,1111,781,1688,1189,1469,739,1401,1539,1763,689,1298,1098,589,723,601,771,1852,1497,1438,1327,1109,1021,1046,1182,824,1192,1179,765,1178,1048,895,792,765,903,2049,1459,1387,725,449,1129,935,1757,1162,1588,993,2591,698,1201,662,638,780,689,917,770,802,879,1478,823,1145,1068,1173,725,880
2017,9,692,538,2796,1462,520,933,385,366,791,755,1220,656,1159,460,1036,1513,505,1174,597,8330,648,1156,550,1941,522,1008,841,1408,1194,974,916,1083,1129,525,435,533,1544,1548,851,431,439,762,1003,643,926,508,897,1457,2745,928,1558,1397,2064,1223,519,1938,2415,2860,653,1095,815,438,663,665,415,1342,1249,794,536,526,520,503,842,761,842,1380,414,3423,761,803,404,513,689,1153,1102,731,1883,376,2742,597,894,629,1982,745,588,577,665,510,824,670,1101,611,502,395,803,2605,2530,388,690,989,545,957
2017,10,461,1086,729,3175,765,929,1164,530,1663,806,949,1603,797,361,509,1108,1352,494,431,3063,395,713,674,1089,447,1397,1015,1683,1045,3069,1441,410,407,464,775,440,1732,634,394,696,441,513,441,754,1331,369,439,1407,2532,1536,522,430,1311,410,861,925,1336,1314,1132,2345,1628,459,943,1016,409,572,429,1146,529,695,3959,402,924,764,2634,409,1348,976,1288,2501,6419,379,689,1665,1353,3777,1393,344,1352,644,1972,690,810,512,1018,691,780,429,685,452,1630,429,1068,2039,704,3490,1357,2891,596,1688,381,851
2017,11,422,842,893,2189,426,951,437,321,2576,387,864,819,926,395,2720,448,438,806,385,1169,466,2470,715,573,405,463,876,1605,439,804,2134,444,366,368,1637,449,450,413,528,699,433,666,422,592,802,408,503,691,1717,691,433,392,823,825,871,2072,989,525,650,994,1064,2651,417,705,428,607,521,698,513,731,938,652,778,763,571,836,395,1982,528,640,717,440,411,988,720,847,571,1186,734,3635,1695,382,514,377,738,400,1393,627,540,546,681,1185,383,780,1070,3768,664,442,374,472,892,578
2017,12,483,557,691,850,1449,952,1359,421,1346,799,1693,1999,833,765,948,1511,1224,1345,2881,1146,455,1143,455,428,391,408,2012,658,1073,1533,815,574,415,701,1016,878,759,405,525,996,386,567,1104,1636,551,762,415,634,3153,1681,1063,465,1674,2415,720,1186,4456,987,2070,2226,744,482,877,1954,1386,1790,449,437,2086,510,3381,966,5671,1864,768,468,587,946,400,657,1524,897,1556,3321,529,1047,1244,1021,504,1269,4194,954,1571,365,447,1693,1468,371,964,370,803,729,869,1765,1244,1341,1186,1281,711,445,3481,1393
2018,1,448,739,573,2965,680,1155,3063,551,1192,534,5658,1129,559,1442,956,865,1557,1202,1371,1470,1702,1756,1042,420,742,804,693,672,1340,1378,751,757,434,1276,508,871,844,1295,391,469,873,594,794,4521,909,958,1213,1046,1372,2463,1002,434,743,1584,708,899,1844,651,1004,2989,696,905,601,1399,1889,2808,412,457,1582,768,2069,860,1993,919,713,768,1383,970,437,1466,1921,1533,2419,3205,1103,1318,1583,1193,1452,854,5091,812,874,427,463,672,1362,451,2270,734,448,1227,1784,758,533,1439,1329,1336,1427,914,2103,940
2018,2,613,440,1192,3611,1368,563,10815,330,2048,740,4640,1169,867,735,1057,1032,1387,841,1602,2010,786,4663,1049,743,1257,536,1509,811,541,969,2035,966,457,950,1385,560,668,1304,390,709,1264,1359,1756,3107,1968,718,808,1602,1231,1047,1686,2193,793,1234,834,2837,4555,1074,696,2983,483,987,438,1459,1066,1041,1436,524,1444,437,5012,928,2602,1502,574,579,715,655,810,1345,2487,1387,944,3870,793,1719,1375,1132,1323,2676,6596,1426,1646,421,803,2381,1216,401,5003,578,1237,1609,1986,620,1843,1715,1901,1546,2855,1743,2052,785
2018,3,905,552,2162,2185,1034,576,1643,417,3922,498,4251,1758,1273,483,977,1444,625,1150,1593,3108,610,4135,492,2083,452,823,1286,1370,543,1244,1103,1528,371,880,2859,598,800,2336,624,1063,1607,600,639,4412,3994,798,634,2564,1052,829,1606,2495,1589,1183,1071,8859,2276,1212,1764,3500,461,645,456,949,651,1687,695,779,891,532,2061,451,3854,1112,665,582,1257,821,1020,980,1512,696,896,3350,2841,1341,1390,813,1780,1038,4158,1426,994,1092,790,1968,2998,521,4264,1296,748,1043,2130,547,1891,960,1032,1144,3032,770,1928,702
2018,4,614,976,839,940,686,533,1025,376,2025,406,2030,1090,776,487,827,677,481,637,1247,1487,433,2292,432,724,411,494,939,1712,451,1669,752,854,502,607,1060,434,611,826,422,530,718,550,523,4561,1275,454,607,1308,835,603,757,785,803,773,448,4251,1230,713,818,1882,429,540,405,718,586,959,518,441,807,390,1855,653,1938,696,472,437,777,551,451,712,806,475,1072,1585,1286,790,640,526,2034,668,1586,1167,621,584,516,1404,1378,494,2339,525,497,807,1295,611,948,728,767,632,1792,1002,1181,556
2018,5,504,471,572,676,476,419,549,326,746,539,1583,517,517,383,758,488,438,511,783,673,513,1052,407,484,588,392,631,1424,408,649,626,463,552,476,4627,498,719,690,361,477,452,1766,419,2519,610,448,548,835,689,462,629,480,488,524,521,1027,604,526,524,2317,398,417,394,518,439,652,404,386,1101,398,990,512,921,449,424,443,450,463,390,474,574,427,647,715,718,526,519,493,1067,508,1213,506,457,669,404,714,831,355,1228,391,433,544,1084,759,666,556,506,546,719,614,571,883
2018,6,506,526,625,875,407,445,663,334,534,451,588,516,428,376,476,413,412,423,491,546,667,603,551,721,396,420,496,704,397,517,437,459,362,388,764,459,1114,1028,458,445,864,695,409,2452,452,456,450,578,508,465,475,638,430,440,612,518,485,531,437,699,490,422,365,417,393,457,394,392,602,394,675,602,493,550,399,415,442,615,405,495,522,401,481,536,465,741,426,404,591,425,615,420,416,788,437,464,593,411,710,523,391,474,505,496,615,470,444,508,467,491,831,493
2018,7,1155,1238,2193,712,789,671,1157,822,692,431,866,732,795,769,718,869,472,764,698,1026,874,692,683,1641,897,610,581,997,1080,894,708,1424,549,961,1117,994,1387,1797,512,535,711,1308,1132,986,994,747,955,1022,1062,812,635,935,969,1417,1250,737,1069,809,519,918,782,740,524,651,688,741,850,801,1005,875,816,774,729,687,1135,1176,1062,1638,986,794,846,971,1073,808,560,737,1031,601,867,595,863,740,1169,700,904,799,1127,1471,696,792,631,1257,850,2195,979,514,851,853,759,584,982,921
2018,8,1976,1229,1287,1381,568,1086,1172,648,556,792,853,1140,1184,671,558,874,468,932,700,1289,1076,1044,1003,2077,714,594,503,852,880,1096,1049,2681,1353,684,654,977,1430,2086,909,565,899,614,731,1176,714,1058,736,781,1271,1050,794,636,920,1373,992,6383,806,685,1133,973,1374,896,457,528,1125,1038,1445,1750,841,730,1120,1206,1167,654,1306,1417,929,1400,800,450,1039,1293,1300,861,977,1364,1311,764,1606,770,1099,1188,1568,1111,639,514,1173,1415,811,846,1202,1155,867,2133,1018,1624,865,781,1619,943,551,827
2018,9,959,1466,1718,1021,887,895,520,504,420,1044,2666,558,692,378,485,670,381,1079,1320,1150,634,1071,1099,1884,4354,385,836,863,1379,717,1400,1296,1274,877,390,1062,1529,1344,778,679,852,2550,759,625,651,1914,650,1187,716,424,871,1981,862,761,831,1953,819,565,428,1497,1567,505,449,657,7028,671,2381,648,409,716,1381,615,653,648,615,1088,465,928,1034,910,460,638,866,932,949,473,434,450,1946,802,746,1275,783,736,607,737,1156,1796,828,1141,1241,592,533,1074,838,862,2235,842,1267,501,1202,925
2018,10,786,854,1534,436,590,475,425,620,476,969,856,373,388,1486,396,589,559,393,816,454,467,810,666,10866,937,513,1310,430,607,428,502,1173,562,543,471,1786,3053,2600,451,452,466,423,454,1729,1715,1108,3948,985,759,796,1733,2308,571,811,890,502,623,414,423,2092,1303,952,776,577,832,2177,486,451,390,598,941,613,1558,530,1095,599,1678,1186,761,1001,367,722,644,3668,3582,2475,439,445,511,449,488,2048,1285,421,471,1641,2212,509,1463,1029,1158,380,850,884,567,622,2810,1239,565,382,747,1300
2018,11,404,3257,1040,690,618,453,1272,509,620,412,2674,482,536,466,473,363,408,703,2690,390,950,1228,1988,5400,913,554,636,4488,450,959,438,524,1086,460,666,632,773,651,359,573,440,541,382,1878,570,558,528,1187,1459,588,691,1180,492,631,785,470,804,782,554,755,1091,635,1147,494,1463,597,464,608,596,356,1086,533,935,501,2005,3862,923,725,544,862,581,650,908,1935,733,886,605,421,672,420,395,604,824,559,1214,1072,845,1843,1236,589,853,387,1051,870,377,725,982,525,611,460,595,920
2018,12,390,4159,755,549,433,1028,619,314,373,381,807,1874,1047,952,1094,378,1469,375,2134,386,456,785,484,4671,1430,406,569,826,669,1736,904,1492,1517,1552,530,1726,860,1307,349,2035,518,436,2226,1825,501,1524,584,453,570,450,1016,569,505,566,553,599,391,1371,513,1323,3452,426,522,1322,651,2929,416,887,647,451,1077,388,458,2115,974,651,1314,442,961,1797,575,939,786,1060,1419,1572,482,908,429,432,682,761,3447,368,560,1572,524,701,468,723,755,2045,740,496,3696,1638,684,1784,3062,3484,589,665
2019,1,420,3444,782,432,1830,1338,497,345,785,666,1049,1321,1125,751,1470,1356,821,1109,995,640,400,873,1371,3987,1822,495,766,2502,442,1249,754,2100,1559,676,390,1420,646,1873,340,1830,814,1725,1200,1390,516,2020,1939,657,459,724,762,894,810,886,459,2020,385,617,455,993,1278,1122,408,2098,1559,1362,441,2216,640,711,5868,612,1070,5710,646,1752,527,2085,464,1601,550,628,1327,2011,5611,789,1155,1793,528,379,873,521,1020,1164,2155,873,639,1656,452,428,1519,2273,1388,496,2129,877,668,699,824,1719,977,456
2019,2,1391,7478,1455,583,822,585,677,861,949,856,1011,1395,942,880,938,2125,505,806,1282,1575,1108,944,1034,3878,1299,439,755,1442,933,1554,497,1204,1282,2011,598,5215,1292,1944,358,1396,856,664,632,1508,826,3360,1029,1882,1135,480,606,3033,726,826,935,1741,478,682,938,847,1282,971,511,1143,1436,1045,727,758,450,950,4413,1613,539,4615,837,1264,1051,3658,722,1050,967,655,1695,1840,4235,1211,981,683,981,667,620,706,2251,918,1437,1423,1915,1762,650,415,1330,1217,1239,582,1546,617,656,1011,1210,4122,1306,747
2019,3,674,6943,1430,606,604,487,543,832,916,758,1192,1003,1502,637,1046,935,495,2094,2070,848,1249,1454,972,4836,1595,417,510,2307,438,4812,408,2014,757,2333,451,3404,1055,3231,357,1697,490,538,692,1019,920,3505,1285,619,599,485,680,1468,463,922,532,906,1245,600,513,754,2034,724,404,1309,1307,985,482,1311,450,617,4983,614,581,2486,572,893,1066,1368,476,1301,729,897,1546,1198,4409,1853,1221,497,979,449,453,637,1346,768,3131,1153,1558,1266,442,461,1024,915,1756,806,2176,562,579,686,938,2609,679,637
2019,4,515,3344,630,402,448,801,413,988,426,482,707,717,780,771,574,647,468,1447,1072,533,954,591,700,2615,1176,440,437,2145,413,2404,409,1305,568,1114,467,4245,613,1239,335,1403,446,539,627,675,580,1865,975,548,620,424,648,788,441,500,471,1223,733,514,398,541,1079,429,410,636,837,1683,1321,717,460,383,1493,481,557,1245,497,646,639,1175,510,697,1467,483,947,802,3111,831,588,470,523,364,434,650,674,620,2265,1595,753,906,440,396,739,796,848,582,1460,764,485,532,620,2485,493,424
2019,5,643,2399,467,463,451,420,437,401,396,465,496,552,474,477,436,690,420,923,675,692,498,491,540,1429,783,364,537,944,400,907,484,643,453,675,366,2247,822,627,326,992,370,442,589,522,420,1096,594,438,452,465,431,511,396,420,462,883,407,395,450,447,584,414,373,487,549,803,465,533,480,395,1043,436,415,1065,435,482,453,601,492,642,548,401,834,520,1475,526,468,462,420,352,380,439,608,545,862,661,741,821,407,426,501,525,575,406,770,466,528,434,455,1586,417,525
2019,6,399,1221,500,374,553,428,474,347,369,467,561,421,894,442,394,430,668,526,513,461,480,396,462,698,483,352,586,975,374,659,450,494,668,459,426,759,2233,480,383,581,374,438,499,417,433,607,424,407,555,404,407,450,519,384,393,458,485,408,378,416,547,403,620,434,440,477,474,443,843,368,1065,466,432,621,525,475,559,431,771,453,416,635,463,451,707,482,727,894,572,428,403,400,602,421,546,463,421,508,399,380,454,469,494,391,589,529,425,738,431,659,389,502
2019,7,2234,1204,1209,956,763,720,1305,812,602,706,723,921,1808,793,548,1107,697,743,692,642,508,865,729,1419,1015,528,1444,1105,709,1476,799,696,1012,996,992,677,1301,1156,598,1409,690,1412,1383,770,609,637,791,815,863,596,815,603,613,515,1014,1117,1213,686,386,530,1065,1067,745,610,841,1154,901,631,1144,852,1254,1118,850,894,699,745,1180,839,1906,566,553,1266,780,620,609,820,614,1528,899,775,797,602,852,726,1315,902,709,860,1196,880,629,920,1072,813,789,1384,703,1147,3014,702,987,968
2019,8,4067,1171,1742,1270,2487,926,836,747,915,791,1719,1267,1319,2486,566,1429,943,1061,1156,951,718,1327,728,663,970,617,1579,732,856,2763,1176,1204,562,5819,1813,741,921,1390,656,1127,897,2237,999,720,715,1400,752,1186,2605,578,971,618,550,948,1060,1734,1067,1775,1314,516,1576,1682,978,807,754,1597,1101,693,1418,1458,719,818,1933,925,927,667,1016,737,1288,536,468,1670,1789,769,841,830,777,1175,683,1256,1032,1056,1225,994,1163,2053,1182,1968,2078,1226,483,801,1087,1246,1434,1499,1688,882,1419,640,721,1746
2019,9,1452,662,1349,460,1435,1314,1176,933,801,1235,1014,770,1269,712,600,2257,426,682,1689,709,370,1257,1041,862,514,822,3339,415,815,965,750,1069,750,1159,622,397,832,1225,603,770,847,915,1851,494,1061,1067,1161,2401,1566,694,2572,453,495,401,464,4512,800,1011,530,781,1699,2192,884,2235,523,1128,1545,896,1437,1006,392,724,751,1133,1009,943,536,428,451,782,489,1876,1396,532,635,376,1185,823,1070,466,588,1975,830,663,1319,1810,2160,1020,1747,1342,417,572,665,446,1262,783,880,449,917,384,882,1542
2019,10,599,427,925,1308,737,858,1629,949,1308,848,3022,1714,585,1118,1130,2386,503,763,609,2433,786,1067,404,660,501,415,1047,619,2673,612,1531,3081,985,2154,555,390,1378,634,329,465,566,548,789,1809,949,1155,382,1631,2738,2014,546,382,685,410,366,852,1230,408,1768,444,1045,1449,382,1451,403,578,565,787,514,1002,1074,362,1364,1012,1031,936,1969,433,985,735,375,1685,892,458,574,546,1404,638,1319,3144,408,1276,1260,429,1576,2346,1236,574,1064,1339,762,2836,493,405,390,2424,1017,2118,4183,667,1101,1179
2019,11,556,575,450,2205,689,460,872,601,427,870,1301,1336,1100,628,571,1263,2665,580,2601,4637,1750,637,582,1279,391,679,760,418,556,588,923,589,1685,5006,865,410,622,810,521,521,613,412,422,2721,965,982,378,853,933,2455,650,653,474,386,392,1204,506,380,920,401,1203,920,635,870,381,742,908,453,607,834,2778,562,466,519,672,2177,1778,579,395,473,2057,515,1485,439,366,2236,1376,615,1349,675,538,2096,411,917,631,562,589,714,3653,480,1508,574,763,824,473,976,430,1141,1484,368,1922,1003
2019,12,2376,2751,426,1396,528,641,686,2893,402,1556,584,584,1030,429,1048,828,2671,1239,1415,1918,2441,1554,517,469,710,794,997,495,487,841,461,3848,2228,2357,1386,394,510,737,314,576,2451,400,590,1301,939,1211,412,747,1780,1687,967,514,415,878,682,1120,1743,432,565,1498,515,590,460,1742,1317,425,648,664,439,1107,1522,788,568,642,597,605,1342,4296,854,1393,3420,945,899,414,386,2160,1078,537,676,656,467,632,1495,373,765,1303,560,1546,2061,568,1171,889,3210,368,1086,1153,2032,618,729,811,519,596
2020,1,1637,1064,1663,1910,1221,406,644,3446,802,1536,641,1118,720,665,1053,1111,1672,4028,1158,3451,1961,1596,761,731,372,1874,956,551,1529,997,897,3369,1651,2427,1699,588,742,629,315,415,1019,772,661,1429,591,2193,387,607,1220,1383,1169,840,464,1823,725,1388,5536,428,1631,841,535,2079,368,1576,707,442,1726,2103,475,609,2760,471,1840,1012,631,501,1163,2121,915,726,1743,1730,5592,1431,407,3073,3235,464,630,2228,428,737,959,377,1224,1711,764,610,3933,1288,644,903,963,684,736,1038,1067,500,1340,1646,555,782
2020,2,2049,1401,561,2468,889,457,482,3902,1713,1076,650,1471,1747,645,854,1195,1645,4139,1122,4942,2156,965,1006,620,1149,1071,2762,477,952,1000,602,3344,1907,1725,667,1672,664,1389,318,870,948,466,781,1044,486,3103,680,4303,1548,885,1504,1769,626,622,1173,2292,5416,718,1262,733,693,1479,923,2129,1500,492,1225,580,504,508,1214,749,918,3193,496,615,1233,1214,2647,494,2778,1221,6792,1051,394,4906,1445,1298,587,1621,1388,1013,2090,743,1596,2601,1054,1107,3114,775,1126,1093,3599,1204,1108,1149,749,661,989,1639,1186,1207
2020,3,3442,1337,776,1582,936,643,827,3147,1539,1164,1295,1161,1145,1852,595,1521,1077,6438,1431,4228,2316,808,515,633,1213,1064,2689,402,2367,532,675,7164,1830,2775,724,3093,2335,563,302,416,2219,1375,645,945,1489,3389,530,2719,2308,731,1526,518,488,837,1619,3217,3805,710,1007,1096,527,2256,448,1351,2235,470,769,602,531,506,1962,2271,4800,1337,425,462,3589,1112,860,1279,2930,604,5419,856,355,7214,1409,725,1625,1171,752,2110,1247,944,1184,1935,776,668,3303,1766,580,1496,1614,2552,720,869,783,1052,940,2449,671,2481
2020,4,1655,916,512,2008,549,587,508,2638,612,676,2059,717,702,612,472,1166,1251,3183,1165,2381,2677,523,443,600,491,924,2404,377,1167,749,532,3946,1312,2430,506,2844,1706,511,299,431,962,433,474,1056,492,2069,433,1452,1287,642,1194,524,464,553,884,1696,3533,830,762,571,481,1324,925,969,964,459,605,501,378,459,1204,672,1821,870,423,431,1151,753,584,582,2741,551,3085,523,355,4196,756,577,1202,645,548,1817,1514,445,613,1256,1190,563,2025,768,652,1030,1164,1676,511,534,607,500,2037,1594,654,1262
2020,5,1213,543,420,1299,548,419,416,1713,537,1076,740,566,472,464,418,898,551,1390,595,1219,1619,434,741,445,430,704,775,384,938,542,420,1776,749,895,484,2157,1094,477,304,378,651,464,466,797,429,1205,632,923,636,494,3235,535,373,498,437,1000,1782,386,565,421,405,763,567,590,838,415,508,407,459,436,694,488,645,577,598,406,1032,576,606,423,3857,449,1080,417,354,1775,857,491,521,519,492,1164,711,475,462,571,529,487,1071,511,436,484,713,912,419,450,456,572,1422,1019,471,700
2020,6,513,509,405,645,537,474,1081,642,397,1335,489,411,421,392,437,826,430,528,442,544,906,458,2378,478,417,634,630,519,618,482,442,671,627,536,439,608,481,403,382,449,723,555,410,556,382,628,487,958,524,439,802,612,346,496,455,604,684,586,432,426,411,458,383,484,440,369,506,393,431,421,698,390,663,501,406,463,483,534,553,393,1684,539,526,386,369,530,874,388,411,472,361,532,474,981,405,446,701,482,572,585,393,635,583,491,387,483,460,388,516,458,570,462
2020,7,657,1024,750,1383,679,795,1170,816,721,822,690,988,769,1014,884,997,862,726,790,852,1142,930,1304,1401,881,958,633,626,832,1208,1486,1685,661,616,1061,949,543,1177,895,845,789,806,779,636,975,657,900,500,1321,687,1491,1056,643,967,608,930,2705,716,444,972,912,676,1012,899,568,559,684,668,928,610,1191,515,507,1310,655,1167,718,1402,1032,896,885,609,785,844,553,957,5009,815,549,966,435,1226,888,824,771,985,768,675,1003,829,873,1093,1062,863,908,586,803,973,1022,1024,910,1091
2020,8,686,639,550,3781,1283,1101,865,1387,670,794,670,1545,737,707,859,2069,1264,1080,912,1527,1130,917,1823,2136,495,884,767,1322,1125,2046,930,3737,1110,740,830,1201,793,1391,841,1480,581,2291,1036,899,760,536,1150,662,1896,733,1189,1215,634,872,531,989,8462,946,443,708,1269,1470,1397,996,539,789,1778,803,1607,520,1390,537,472,960,567,1266,852,939,1915,870,777,765,705,1176,679,1555,3795,477,600,768,447,880,624,896,1509,614,2920,1802,731,1132,753,1014,1382,2399,1629,894,1535,1275,1950,1760,2159,1335
2020,9,907,793,942,1343,637,734,670,1228,454,988,596,1256,1109,617,1826,2264,1415,1059,496,598,606,1373,628,3100,384,1213,474,493,2621,481,778,1699,495,862,1444,654,643,859,2858,524,1043,859,513,655,524,410,816,544,717,1028,1040,1220,476,560,398,996,3881,417,377,1319,1158,1487,1188,1231,587,2201,1510,676,1532,523,828,442,449,1147,627,747,657,1717,464,478,420,1081,1113,495,1226,891,970,618,780,376,391,675,470,2717,799,828,4182,1524,504,1226,671,1206,1432,961,611,492,2516,658,1173,608,1107,1157
2020,10,1332,1932,1323,3625,1034,400,642,735,565,973,695,839,2465,465,461,1766,411,2095,416,1936,477,2136,658,1344,410,915,433,1991,633,1019,432,533,421,678,1360,406,780,2261,1075,395,1150,1030,380,660,428,365,920,370,762,2471,999,569,1227,715,1173,769,740,1093,376,792,2633,491,578,390,401,1288,837,655,964,357,507,414,481,390,1505,545,423,572,512,371,375,1040,1019,405,513,1011,504,1277,362,970,364,788,1032,2927,474,1260,1683,873,1213,1216,775,863,1885,471,2752,473,2078,887,824,736,1373,2684
2020,11,574,1317,679,5215,677,392,605,559,366,531,370,827,776,400,592,1885,398,843,579,556,459,590,816,532,3741,771,373,2943,711,2798,455,628,484,568,896,758,717,1091,839,370,1272,908,367,2174,1425,735,1649,429,714,1770,853,484,505,401,548,564,1105,417,367,859,1066,756,373,375,469,473,1271,600,504,4904,1129,414,440,389,1013,985,501,676,688,498,1668,554,459,454,352,421,737,491,358,1009,392,1172,2521,1895,381,1972,892,3280,1209,436,587,399,1339,473,763,383,970,923,546,396,2926,793
2020,12,2393,2262,425,1993,934,799,571,959,363,1612,1873,3101,641,784,2585,916,1008,1531,366,2307,679,874,482,483,1046,483,935,2497,948,1013,710,2413,459,392,465,2908,1247,1772,3632,1866,1396,554,372,2101,731,1672,542,374,1826,2582,605,603,381,1508,1483,812,1139,2509,2492,981,541,1221,690,1166,2127,1847,844,585,1301,1576,593,2559,682,382,598,947,2430,1036,517,468,1736,1991,630,1249,434,554,655,888,398,405,1007,2838,1346,1170,565,5823,973,4564,639,590,463,548,2302,917,1173,367,635,569,1114,1307,871,2826
2021,1,2192,2326,571,1231,575,1457,681,567,1260,1685,604,1073,839,375,1214,1676,843,1478,751,872,657,1050,774,845,1395,517,380,3804,1401,749,1222,1296,368,414,528,1121,1008,958,3741,1808,884,1051,407,2358,576,1694,879,384,2701,1793,706,1000,950,2900,685,1213,1180,1895,1915,565,788,906,382,548,1045,1622,1463,655,1323,535,874,1937,717,456,439,1395,1235,4035,1352,407,1975,1185,422,6120,359,791,2552,1020,445,1491,1583,810,878,3486,583,3839,1331,4667,752,597,1188,1139,1581,876,2584,599,3069,525,1387,734,1504,1948
2021,2,2260,1502,593,1507,1044,1501,440,448,658,1443,1033,1755,798,598,891,1142,1012,1142,1429,700,1002,632,499,990,1669,1138,407,5102,1509,593,1003,920,1179,986,1110,4034,907,799,3292,4494,991,934,1352,2774,1036,1843,1125,386,1192,3565,2870,1616,1140,1106,517,8949,885,2024,1497,1024,634,721,384,463,862,966,1656,1333,1493,644,566,1046,428,912,3106,1217,1103,3879,707,363,1100,894,713,1452,599,636,1358,1677,957,746,537,724,740,4228,726,1699,2598,6083,575,510,1177,974,1350,957,1678,552,2217,775,673,494,1766,1646
2021,3,1423,3445,566,2757,601,944,412,853,807,1943,606,4176,967,889,617,790,655,2390,1618,2304,464,675,1156,1116,4242,505,401,2535,1515,1772,1360,1101,785,942,1856,4672,895,1940,3520,1412,1296,955,428,3724,715,4190,1934,349,1311,2667,1165,1670,1411,799,865,7183,789,1530,1477,488,975,569,1117,534,937,919,970,465,1906,524,1421,1069,455,427,2524,636,850,5018,1981,363,1314,1516,863,1697,739,749,2192,1694,674,691,499,1452,2011,6662,429,1176,2754,3643,1354,416,1573,628,1636,1264,2824,563,2315,572,542,468,6595,2156
2021,4,1257,1355,518,1933,491,2847,385,519,481,953,684,1830,571,459,494,564,477,1408,1940,860,502,759,561,587,2228,431,465,1272,1567,1416,612,728,670,606,567,3147,725,1506,2482,1247,699,575,385,2800,480,2974,1864,345,859,1259,706,608,616,677,489,5933,1462,1062,848,484,534,505,391,398,667,1032,680,505,959,447,790,1025,393,392,1288,499,574,2558,1002,347,1091,935,757,1354,420,434,866,871,398,651,443,1118,1549,3249,486,779,1544,1858,548,407,962,464,1066,1575,3028,774,1091,657,619,429,3886,1927
2021,5,585,1105,398,1412,938,977,370,408,442,1015,416,1140,447,494,428,470,431,614,882,508,610,444,434,439,1150,406,452,1050,761,585,419,481,384,408,452,2784,594,609,1665,893,482,429,365,999,410,1315,707,396,598,718,840,470,418,643,465,2270,1150,739,584,464,438,485,373,377,490,591,479,781,616,402,657,747,365,501,869,427,458,990,449,349,804,498,491,970,376,409,1634,501,534,459,390,849,1163,1944,408,652,635,945,429,377,608,581,603,737,1565,444,552,474,428,420,2866,775
2021,6,434,505,537,1553,514,972,389,632,369,484,384,535,421,443,396,426,483,474,423,559,375,476,380,467,664,379,426,471,508,512,396,457,383,385,582,718,488,470,621,648,407,463,485,480,461,592,445,359,585,504,457,553,479,431,422,924,515,445,508,416,410,408,377,404,639,510,422,796,492,407,425,467,396,405,536,438,506,497,887,399,527,598,1124,477,359,375,1526,437,1136,387,370,440,646,974,370,473,567,926,431,394,562,395,444,501,524,412,882,498,445,409,706,512
2021,7,1030,781,549,1204,600,1440,757,700,631,901,677,664,480,988,909,551,685,1205,832,829,1256,709,620,714,915,531,737,747,1460,595,750,599,834,854,1017,1088,1023,1276,1013,625,557,707,1316,1184,785,1129,582,765,781,890,847,768,1091,553,555,739,984,734,1013,625,663,899,550,728,677,944,886,2511,947,627,1559,1117,589,995,928,785,640,898,1048,556,1081,770,648,1120,668,985,1558,536,1077,745,674,758,1037,1269,480,887,873,1186,714,654,836,976,696,797,582,982,875,1332,1187,616,1063,622
2021,8,1262,913,1104,905,1386,1475,754,1986,1426,932,934,1666,1197,1283,771,905,510,1432,677,770,979,1005,985,931,609,764,650,845,1332,957,1101,973,2460,1012,1456,1730,709,634,1666,586,837,819,1049,1109,574,1060,737,609,1389,706,774,1729,640,919,556,1037,608,685,2755,604,651,950,486,988,421,431,1453,1510,1132,1598,1810,970,896,797,879,648,1016,733,1573,1102,1055,1472,652,1783,1215,779,963,983,845,1474,597,826,3070,1837,463,787,776,1167,741,815,995,1306,1232,866,1366,1083,1004,2084,2391,1468,1136,559
2021,9,386,829,913,706,1301,841,418,830,1547,630,898,634,846,2538,741,794,717,1660,1030,1010,1118,2510,611,431,469,575,859,1287,1483,1059,2017,1027,676,766,742,3245,379,725,527,511,551,555,1319,1118,542,504,1106,1472,1443,776,732,401,1122,1459,553,829,392,1210,2422,1051,665,434,464,769,540,447,420,901,439,601,486,634,381,670,717,388,412,977,1272,487,747,611,1043,2290,1370,1411,1389,403,1509,1066,598,408,1147,9076,620,2413,2135,758,806,802,953,883,716,440,470,1379,938,608,1070,933,954,639
2021,10,1069,1803,536,408,1187,1547,502,483,1476,525,860,7067,692,2216,2896,1510,443,568,1400,483,494,733,473,1939,365,471,1307,640,1818,1281,1559,471,413,668,383,1296,387,956,828,511,1226,359,828,2455,844,1201,979,518,1652,408,368,378,1197,1913,363,2762,581,714,1939,957,711,377,346,372,385,690,504,579,1289,944,998,428,886,838,1635,859,1344,856,1451,533,517,750,432,506,878,1141,1005,372,1445,635,977,427,799,9593,353,2171,473,1405,522,1867,897,3882,479,398,411,977,513,446,1299,409,652,376
2021,11,404,511,541,428,2662,458,861,385,437,402,573,1758,647,518,654,1009,440,803,726,740,565,439,496,570,592,757,513,388,1919,483,1401,564,919,584,1927,2394,361,1322,4385,401,1592,658,785,1025,2161,741,1766,1567,881,363,522,480,412,520,485,597,379,488,1001,1260,598,750,394,362,371,1787,370,648,1952,903,673,366,524,837,952,1332,638,635,714,2204,563,895,431,815,607,526,492,448,688,406,548,651,1829,3307,464,1156,616,1443,2212,1327,2701,1126,822,806,719,743,677,386,465,523,758,422
2021,12,576,2081,1174,828,3698,1132,439,693,594,669,523,2976,566,505,599,1523,818,420,444,709,457,928,984,1188,529,1019,2228,844,1330,600,531,640,1870,836,822,1945,356,1231,904,483,2202,1508,1753,650,1422,501,1950,5753,1040,2314,420,2009,504,476,846,760,452,479,3769,4857,487,2370,562,415,604,685,368,627,5474,839,807,373,657,757,1225,2924,2541,894,1299,626,429,423,1797,5303,608,1091,881,410,974,676,459,807,1494,7080,605,1780,536,3018,1634,618,761,1290,1811,586,1624,1258,1722,2070,431,8441,520,375
2022,1,501,1313,4354,6122,8968,1759,385,875,1490,444,520,2865,696,1377,668,1421,606,1436,420,449,476,973,1155,648,1344,1643,705,790,711,660,576,880,1918,1583,795,2101,1140,1475,1372,592,1256,1928,1709,905,1514,831,1486,5559,1018,933,1155,1221,1484,1787,435,558,366,1859,4426,2385,482,1526,487,1370,359,1043,360,464,5688,1566,1140,1144,1972,909,1436,1597,1236,996,2706,639,770,422,506,6314,411,680,6269,511,567,2173,565,1330,2022,13960,1498,2527,1069,1792,971,521,973,809,2445,727,591,2129,1850,958,843,10143,646,373
2022,2,777,2593,2300,1449,9649,862,1156,441,1103,468,1235,1783,2237,1275,2257,967,845,1210,624,616,1466,863,1799,1444,508,1517,642,806,612,858,657,779,1568,974,751,1211,1207,1657,2274,733,1037,1116,1141,1491,1156,1364,1184,5262,1227,1695,4378,1370,1612,1057,534,590,442,931,3490,1950,377,937,702,940,488,1469,622,1160,3325,1060,1537,1762,1367,807,1683,1017,1570,3199,2075,1032,1010,1023,1017,6495,489,706,1999,353,1489,1798,407,2456,2201,6743,2141,2244,1486,2639,793,497,2355,1093,2771,557,465,1852,1316,702,609,9369,667,404
2022,3,1315,2336,1655,1425,4379,737,453,699,1254,407,811,1854,1017,635,1076,992,2669,822,1439,882,495,766,794,945,450,845,905,1707,648,469,719,1455,1452,859,1313,1634,1757,1777,5712,479,1017,1071,2221,927,1498,1238,1286,2263,917,1151,770,828,920,831,1415,654,357,1005,2249,2723,396,2748,480,1480,367,1456,430,1038,2363,876,1086,1578,1636,1052,2126,904,2388,1418,7447,1414,659,553,760,4832,396,1515,2995,453,5082,1224,491,1026,3072,3837,1091,3437,1960,4019,797,1115,1110,852,1259,838,776,1281,1030,650,446,5028,508,1329
2022,4,1091,1297,1034,1094,1805,542,400,390,1248,373,455,794,1126,556,739,731,1001,814,589,1740,412,522,539,653,423,624,791,525,555,418,468,561,911,539,1032,1012,823,1110,2402,462,846,943,1496,581,1130,772,715,996,541,776,691,662,795,690,498,698,419,745,978,1502,367,1689,382,549,406,824,370,564,1303,600,986,755,1806,581,3044,752,1781,844,3717,835,650,450,451,3740,405,1546,1576,443,2190,710,390,835,2782,2103,715,1961,1240,2729,765,764,841,651,828,817,469,838,991,849,456,2061,415,816
2022,5,442,798,677,628,815,438,519,385,598,362,406,716,703,492,523,496,894,456,414,527,420,426,451,503,379,506,556,455,441,388,408,2500,535,456,469,598,583,528,1305,362,511,510,720,628,614,568,616,670,489,558,585,543,726,487,636,2764,350,688,603,844,357,1253,343,414,352,548,558,437,748,483,587,685,907,511,1967,469,861,511,1562,721,877,2755,454,1896,454,3629,682,349,1215,473,553,666,894,1133,609,1715,710,898,487,425,521,530,647,400,409,905,526,516,397,1418,442,372
2022,6,424,674,460,553,515,1022,370,410,420,400,424,544,438,445,431,469,967,415,434,609,392,442,415,597,370,828,412,431,446,394,386,929,544,390,683,531,395,442,602,364,532,495,509,508,488,665,441,530,494,416,665,411,801,474,379,448,406,441,481,847,373,518,350,405,430,444,763,383,482,466,418,632,439,611,605,399,548,468,866,431,523,475,470,632,378,1670,489,343,488,432,383,471,496,629,734,702,463,540,565,386,420,806,524,431,651,473,460,842,499,799,481,405
2022,7,648,884,572,861,657,1320,794,850,754,783,567,1252,1291,953,1000,1137,785,791,604,682,678,845,667,961,765,714,593,791,780,987,476,1666,774,757,1259,707,498,773,776,1106,823,729,1314,805,703,914,725,836,957,1099,1310,613,1146,1071,652,1126,652,898,1066,697,603,765,688,1212,569,879,969,843,877,687,1383,1063,806,962,871,603,755,784,1431,677,683,1725,1218,902,736,1101,762,635,1147,485,649,1465,921,788,1260,968,645,980,1063,819,662,2144,1027,749,1350,795,1098,698,611,896,826,763
2022,8,889,553,954,1090,654,1220,704,695,684,955,683,1600,2047,908,1123,1547,666,845,793,927,1357,855,449,1164,576,1281,586,609,1077,1558,980,2119,1535,1323,1305,542,825,716,863,2435,652,676,1118,963,1161,595,1614,1375,951,790,2259,1228,1388,1317,949,1956,459,725,875,641,1019,461,445,1403,974,736,956,625,792,725,2022,1287,876,767,846,688,890,1338,2308,698,733,1039,1346,1464,799,1415,1041,852,685,609,644,1016,861,1082,1219,712,892,598,508,702,578,1183,1158,765,2295,1102,962,1307,1865,1163,949,1026
2022,9,1115,403,5031,401,1319,669,750,2265,695,909,722,1394,698,1076,924,2883,786,684,420,668,1115,824,823,712,394,723,538,380,994,1719,718,527,1652,756,1380,513,564,545,853,1353,398,864,1752,3647,1784,601,627,518,840,673,1270,442,607,2051,643,721,391,1206,1256,1031,563,1024,448,1263,493,639,453,507,413,1129,1965,2433,784,971,802,462,497,1162,1003,474,416,1622,1262,765,2473,732,577,1227,1049,663,548,1784,2353,687,882,630,2207,488,1063,1549,419,439,549,425,1446,1791,642,4964,743,981,549,738
2022,10,810,1026,848,1147,2059,442,873,3033,822,1808,1330,2052,557,502,4936,551,515,770,569,379,1068,590,1208,376,1065,602,1273,2049,683,582,728,766,2358,583,509,1108,375,492,535,453,395,839,1356,908,466,375,1592,445,977,697,675,389,586,2066,456,2391,366,1023,907,424,413,531,322,809,396,448,730,943,669,780,453,1088,1573,715,456,366,403,855,532,394,394,421,1220,384,895,1932,373,418,453,1323,574,1071,4855,4971,1192,1101,2227,580,1134,461,427,491,4934,391,1130,1049,3817,529,422,764,377,2024
2022,11,379,2074,692,475,765,658,597,810,970,2418,571,608,493,373,628,519,656,650,599,566,846,635,2082,1073,462,569,989,1944,855,1948,583,3998,760,605,974,458,885,1482,529,697,579,436,1260,639,438,467,2126,930,590,850,1245,437,406,1826,424,822,557,450,1297,370,907,563,389,608,354,373,392,470,537,372,2350,567,1511,500,498,1600,392,7089,580,371,1888,606,739,414,452,5514,2449,381,566,760,2000,652,1472,925,895,845,697,556,1145,444,363,445,733,384,651,520,808,534,577,1151,353,626
2022,12,459,11887,1753,973,1272,859,405,958,5119,618,2938,1964,377,827,4193,721,520,828,480,903,488,483,634,554,1171,925,521,1730,697,939,1110,1705,806,1563,1086,1354,1522,1478,375,643,563,948,1243,467,458,521,1699,2519,756,396,858,444,683,628,800,622,1390,769,464,1136,437,385,428,402,393,1560,422,2183,399,2670,691,463,589,486,1956,1283,658,1035,679,534,1245,728,2689,383,494,4302,2127,391,2380,586,538,2200,1154,625,3383,2103,640,438,2503,718,355,991,1033,666,507,598,901,1878,418,6143,665,618
2023,1,1132,12754,1072,515,1335,1266,451,897,1618,2089,717,1028,936,874,2616,748,1357,1638,423,753,721,465,944,976,1504,555,518,2841,782,521,601,800,604,1115,1462,631,2008,1343,452,814,432,592,827,922,430,496,935,1013,481,408,479,1085,750,2155,575,870,759,1538,809,761,409,651,470,674,509,2004,921,1138,1326,3762,4922,650,562,383,1827,685,584,2536,1464,357,686,923,1425,426,413,4813,3506,361,2174,846,1121,3257,896,772,3299,1103,525,1715,1065,1816,424,1254,1378,676,1264,834,2909,1981,462,2893,595,2037
2023,2,965,18085,879,540,891,564,1000,1968,1802,1183,1120,1867,541,509,2015,547,1178,591,498,504,579,990,1475,1884,982,798,1313,2640,891,550,548,1826,1330,1114,1537,1059,3168,1108,1467,488,1226,474,2736,491,503,1069,2566,1763,439,428,926,784,541,2199,404,4231,472,1488,2191,496,379,702,408,2044,775,1375,602,999,612,1089,4862,963,498,1096,1005,514,684,9327,1040,772,726,2607,1090,519,459,3379,1566,1607,1587,1909,1452,2649,1512,2510,4690,1335,868,2618,840,1265,832,1671,1425,957,854,1045,4139,6618,478,5439,596,2342
2023,3,755,20108,645,460,858,541,406,2038,1679,4099,809,1428,478,495,3093,457,818,902,367,1194,455,1096,1616,1641,1207,543,614,3446,495,480,437,925,722,601,969,979,1623,2019,684,486,985,412,1521,476,456,1044,4337,2022,508,1003,783,745,443,2506,648,3382,441,1509,811,639,528,2273,896,1080,502,2653,601,1366,654,1046,3742,2722,483,641,3331,623,455,4870,609,1009,957,715,989,703,436,3785,2562,538,1082,1797,1661,2406,1124,1432,3996,1394,908,2194,1126,640,901,739,954,504,809,646,6009,3034,690,9027,928,1309
2023,4,535,9429,625,414,626,512,448,877,1185,2026,585,949,454,686,1666,554,702,700,354,481,501,515,1491,858,838,467,645,1978,425,487,452,698,492,469,883,725,3067,1035,472,499,544,434,1810,556,395,549,2012,1105,390,472,1583,446,393,1421,487,1541,1215,1003,815,564,404,776,399,701,447,1055,416,786,480,745,1769,896,437,436,2390,499,443,1614,483,391,497,540,700,441,423,1450,1048,474,688,884,1008,1433,748,656,4315,953,525,1247,1025,664,394,559,622,531,553,806,3486,1850,504,5318,544,792
2023,5,478,3316,448,385,536,435,371,940,739,700,450,589,396,396,1064,388,980,485,365,454,442,399,672,602,512,469,519,1205,392,433,405,695,464,539,614,1303,1291,563,396,403,448,447,1053,413,564,403,1257,579,379,380,735,530,440,631,401,757,534,582,571,521,346,721,335,479,341,954,383,462,502,501,815,548,2523,430,1777,409,431,782,437,387,563,462,481,362,426,755,567,391,482,503,484,844,495,501,1058,709,466,772,686,463,421,429,475,415,445,713,1028,943,413,2361,375,517
2023,6,508,1800,431,411,606,1047,454,474,449,611,413,577,1747,403,1468,376,413,473,460,423,380,392,444,541,408,481,403,588,375,512,444,471,407,385,558,578,776,531,393,382,458,402,495,379,772,644,531,431,420,609,525,528,377,490,392,477,482,535,412,467,387,405,353,394,331,494,384,415,666,498,603,494,606,410,843,504,384,491,541,353,652,472,524,402,375,633,488,429,514,469,408,503,459,536,630,555,418,434,442,500,367,635,448,406,479,498,586,485,379,1404,442,423
2023,7,558,937,575,930,831,1111,948,1073,651,1042,687,1225,860,782,1142,1059,679,1336,1421,728,639,633,874,1710,593,761,915,703,692,917,707,1012,653,980,914,1020,733,1132,611,919,1017,1273,942,836,1250,1056,699,1558,927,1031,633,2200,989,781,607,585,1095,888,593,663,522,881,651,678,881,713,538,1199,1032,864,790,631,1052,1490,878,629,724,979,994,637,608,1065,620,573,897,1077,806,529,624,766,542,759,704,691,1228,736,771,1107,570,624,1003,1054,1219,564,1615,656,1033,1171,1271,1202,779,976
2023,8,913,1071,706,1979,882,1185,1607,1108,589,1224,648,1252,708,451,1106,517,986,896,1115,929,804,1134,1004,894,497,925,853,829,1355,1383,703,1921,688,2724,996,715,1029,1106,965,1022,856,832,815,831,1138,1905,929,882,974,1123,1342,1701,1326,624,682,828,815,1141,442,1627,649,1215,424,420,1563,744,700,1630,647,651,550,920,606,1166,1212,862,499,804,840,687,979,788,1134,635,1179,1757,477,955,625,2872,1518,967,1048,1161,763,608,897,1277,450,800,1239,1861,984,1057,1060,955,1036,1532,3272,961,1033,1193
2023,9,483,826,588,637,682,1308,1228,1073,497,1049,544,1204,420,756,1074,411,751,1118,1432,4584,628,939,947,481,419,1065,851,615,2206,1424,814,2049,1191,713,1116,648,739,921,966,1068,731,899,1170,988,1224,724,760,997,1658,405,1130,608,1213,385,811,1014,541,561,2771,520,988,891,642,623,504,560,5106,668,542,768,829,1004,379,637,830,1071,393,416,524,622,1685,473,2195,546,520,1715,1007,1389,1251,712,1058,523,1023,1367,847,556,1260,584,375,1220,1504,2251,402,713,930,451,1210,447,610,1467,643,570
2023,10,485,1657,363,388,2530,4931,1260,1740,575,1732,533,2912,378,361,1395,415,424,1031,950,975,5519,1073,551,1002,428,656,373,392,1201,821,741,3035,1098,1288,3889,552,781,406,530,4304,960,686,1279,473,851,522,1341,1989,384,2066,1250,453,1405,484,770,1489,2409,499,2142,1963,1235,705,592,546,397,614,617,674,411,460,920,470,397,1584,468,777,544,934,1164,447,856,1558,1944,472,891,721,492,1289,976,694,1587,711,661,544,6688,405,567,2542,769,941,1430,899,795,380,963,1330,468,449,524,628,1212,420
2023,11,424,467,381,488,600,2099,661,666,457,1807,814,570,420,349,674,529,365,489,1007,1135,1105,2582,639,1690,360,677,499,1760,535,463,734,898,566,792,575,502,425,650,521,1464,2233,574,470,378,718,569,459,723,2085,1523,860,393,478,698,3109,569,2622,1023,1208,1461,412,414,967,799,631,361,672,766,804,748,1257,435,404,478,529,750,603,844,493,579,699,504,678,477,384,1695,463,605,509,555,8214,588,668,400,2060,427,535,904,640,424,2184,793,1288,464,412,1300,1058,1160,534,431,834,651
2023,12,1139,1719,601,371,4400,1966,490,510,783,1193,419,1806,1347,694,997,393,702,447,552,522,1263,1247,420,857,559,401,628,1720,1075,1339,796,586,518,1697,693,3974,820,3204,549,615,2596,384,1518,700,647,649,1901,660,989,3978,520,446,2707,410,678,429,862,449,873,1493,400,618,648,446,402,525,448,1056,768,1077,2025,401,1264,629,1456,459,616,1859,1222,455,524,2675,673,347,801,3746,390,1457,435,701,2561,446,1180,1298,768,473,3555,532,2699,1837,2570,1443,795,3934,1108,720,893,1474,1416,3693,410,947
2024,1,958,960,765,869,1938,2462,957,963,2234,2041,384,1230,443,535,906,1127,1266,485,476,875,1604,2275,1356,698,430,422,740,512,1689,748,1740,576,419,1115,1854,1898,1226,2078,391,1090,1593,1870,1055,372,444,1056,2256,1465,579,1177,1369,587,1911,688,924,822,2839,1743,1232,1005,1007,503,1492,412,627,2198,498,666,423,901,9386,763,654,658,750,434,1485,1707,668,665,1697,2577,1041,595,4584,2372,558,947,397,454,5359,1685,903,1027,1270,365,1453,1315,3851,2007,1993,2123,2005,1103,1231,1388,615,1661,721,1183,409,671
2024,2,1368,605,726,878,2694,2021,647,1084,2051,2582,597,1761,2336,846,3236,3409,1127,1036,688,810,2462,1456,1149,895,467,698,589,684,1480,776,751,939,615,705,1787,2046,1155,4012,490,1011,2471,2139,704,399,941,1390,2360,827,650,2337,799,1147,3482,730,1821,1839,3279,2320,2102,1515,426,1292,822,696,474,2933,1015,1429,611,1169,6840,2055,1210,917,2588,731,1282,2800,578,1118,1098,2531,1406,462,2332,2624,416,1243,936,457,5837,1383,1865,1553,1804,1215,2766,667,2999,1001,9024,3125,1208,1541,650,1058,649,1057,691,3876,914,2455
2024,3,602,540,916,712,4455,2177,874,2030,2518,2375,1527,2695,1193,406,1856,1071,866,1000,1792,705,2322,1629,1037,1276,353,493,642,1133,754,1230,689,1529,576,1019,1497,1817,1606,2788,510,1010,1400,1101,987,494,764,1074,8279,1038,2021,3320,1737,761,6313,427,832,565,4406,1523,1441,6946,547,432,2081,696,441,2541,680,675,802,512,5861,4269,536,615,2365,1000,1088,2287,1160,544,2925,3021,1250,585,1829,5224,695,689,414,436,4688,1179,963,1897,2390,619,1365,757,2670,759,11222,3803,802,2158,945,1403,720,1404,1125,2044,988,1321
2024,4,461,593,399,933,1863,1873,434,1231,1280,1221,455,1008,698,365,1062,744,501,570,1125,673,901,1026,581,892,347,399,419,735,642,642,485,723,398,554,815,956,778,2175,410,682,799,791,607,378,524,754,6034,556,865,1438,597,500,2913,406,560,553,6874,984,1002,2574,515,407,725,388,346,2711,501,586,486,459,2193,1976,507,461,1428,599,1191,1272,656,403,929,1863,682,455,2615,1735,600,1210,407,392,2089,761,778,1233,953,395,764,534,2207,1256,6937,1575,564,1719,565,708,622,1419,625,2538,578,2199
2024,5,408,489,384,408,1015,647,2485,906,699,658,498,545,477,430,580,587,400,450,511,587,1189,930,2468,443,399,370,381,547,589,690,484,473,390,463,544,656,550,2568,360,493,561,533,492,402,417,509,2600,439,524,1139,472,405,1366,519,509,432,1742,822,600,2932,415,383,453,376,375,1605,411,436,456,427,841,919,416,410,774,419,976,777,451,379,509,996,476,409,1791,690,374,708,408,590,953,580,503,890,844,367,576,448,1449,561,2504,808,439,960,431,584,1004,909,450,1078,418,593
2024,6,382,429,436,425,635,504,1251,558,447,463,386,476,396,359,489,457,444,435,460,423,493,470,967,901,461,370,388,471,507,498,467,437,372,454,448,451,495,754,425,549,637,462,497,539,480,819,900,400,503,544,1078,458,592,382,511,455,753,521,443,2919,391,406,408,363,747,663,406,396,383,497,679,525,470,404,528,391,738,449,387,376,458,570,459,360,558,551,452,460,388,385,519,438,442,641,509,657,435,404,673,410,1137,472,404,439,484,432,506,799,523,729,410,475
2024,7,636,952,516,1077,1143,889,1036,1177,814,1387,633,1022,2134,604,622,981,814,1082,888,691,657,526,1378,980,886,618,472,613,752,986,1167,975,899,1000,731,1054,797,1574,832,1251,868,660,1013,1382,644,837,982,889,835,1694,863,677,1097,647,937,669,910,1398,937,927,969,669,598,890,571,632,1170,1073,969,965,1115,1034,1052,835,779,675,1430,595,652,627,876,723,806,501,952,1770,1224,881,687,717,1343,1117,712,968,685,1109,1016,632,696,623,715,829,966,1215,830,1077,536,1203,905,1120,504,1145
2024,8,592,888,504,1376,806,994,1262,1362,932,1389,484,886,1605,717,553,1290,1032,3528,843,1100,856,890,1065,1313,500,1094,929,898,785,1223,717,1668,1853,1307,649,1385,1094,1497,997,1228,1626,621,1548,1420,695,1823,847,1100,666,1296,1138,593,879,1323,675,632,1146,1994,655,820,565,838,930,750,939,718,1867,1447,1038,1564,1326,1257,757,1424,1360,604,683,835,620,620,927,759,1238,823,774,1177,1279,1143,710,1251,1232,919,1000,1683,719,992,840,420,421,730,689,574,756,2047,1228,1025,1960,1855,836,1225,442,2241
2024,9,815,604,775,2087,1051,822,898,852,427,1120,391,1134,2240,720,385,1077,682,1546,935,838,853,1495,1183,444,1098,572,834,512,403,720,653,826,677,1077,392,808,473,968,951,918,801,1041,1210,399,877,2124,909,2222,1363,986,1549,551,927,1357,670,828,1292,724,871,3396,1050,455,886,647,577,454,1140,1066,1082,748,1816,702,1066,1277,2087,389,596,1338,558,812,652,735,445,347,682,523,1376,467,515,2875,524,693,1117,1370,574,2255,483,407,378,675,747,2099,488,838,1009,709,2694,782,605,824,350,1324
2024,10,391,547,1104,830,4870,541,2441,888,364,682,466,4294,2025,389,1112,530,417,3022,509,913,784,580,734,372,403,407,421,527,709,503,1232,411,542,1191,413,1488,738,447,535,954,1878,367,544,2603,776,619,383,1132,2371,3648,1147,448,993,4690,462,961,716,677,390,1604,763,866,735,667,750,1204,1650,1019,585,3266,457,411,589,1608,1589,565,639,796,419,814,1465,587,775,372,447,518,1693,1586,689,690,1251,395,1742,5557,951,1153,1136,416,586,436,369,576,627,427,927,538,1127,593,2545,1225,477,1071
2024,11,601,2381,3402,720,4027,593,1825,628,519,517,484,943,2907,393,1057,785,486,935,561,460,587,439,863,518,382,3277,468,376,4750,1174,581,462,1835,1079,564,505,378,465,744,762,859,372,393,527,2194,529,586,627,2378,1141,950,1300,440,3101,420,867,1719,827,1316,1059,1401,558,562,2205,591,408,576,879,724,567,836,372,483,550,871,704,566,929,670,705,4452,1442,444,344,378,431,746,966,1337,734,493,776,702,627,471,732,668,933,427,795,365,491,502,890,2051,1110,631,412,783,525,429,522
2024,12,711,465,1083,1603,1647,536,1942,453,359,442,1121,2822,1015,330,754,905,723,1037,473,522,2455,412,496,1494,335,2847,612,371,564,604,406,510,1018,483,471,432,366,393,375,1964,2232,370,406,585,494,937,378,460,1407,756,1837,383,480,634,586,2726,532,553,507,1602,451,1600,1388,1001,498,3081,447,552,1661,634,414,8780,494,2338,513,1255,725,433,465,407,980,865,1744,368,898,1635,631,2306,949,475,1111,1359,1228,636,482,1202,421,447,551,720,444,758,927,891,1531,1925,515,1650,1302,725,431,1452
2025,1,489,947,1365,1329,1766,401,2988,544,433,1140,986,1208,879,330,695,905,784,957,1622,708,638,931,993,690,735,2572,454,778,586,497,458,511,1023,1427,508,1588,726,398,426,1247,1711,416,389,1291,560,964,1056,445,815,834,1271,667,725,706,2701,2458,475,958,1344,2752,1226,1531,929,848,524,1678,1243,863,1863,853,810,2121,423,2202,1457,1596,393,563,2200,1476,785,695,1552,666,1576,1210,567,737,958,903,1093,1103,724,698,1041,1027,559,370,1848,960,368,1371,1126,1600,1189,1849,525,652,1201,526,894,566
2025,2,454,1174,1171,1592,2183,419,2502,873,360,760,778,3501,1198,324,623,707,499,1285,1569,660,1164,444,707,900,358,2881,783,800,678,426,540,1592,940,578,695,3039,1112,626,413,921,1421,368,381,1117,666,924,1683,501,969,1156,2637,570,930,1424,1609,1896,513,1110,594,2052,1331,1171,805,4353,2310,1982,1015,516,1049,963,586,2537,830,2651,935,1569,2169,538,3526,1688,1698,1362,1119,808,648,1160,550,949,838,1119,687,923,786,1705,539,1265,1309,369,1552,1122,434,495,427,646,1231,1126,647,508,4637,1681,819,1071
2025,3,1056,1949,1860,2370,1639,375,2040,773,351,494,783,3216,1067,448,707,533,570,2991,1906,1439,791,1788,601,3072,836,4056,385,689,1142,472,415,2550,758,711,574,2518,444,1105,578,1416,1528,1022,984,1834,1242,3721,2959,981,809,2202,1638,1753,555,632,1495,2104,443,597,718,2363,1705,1624,710,3227,2817,2544,545,779,881,1521,961,1926,853,2246,2511,952,936,803,936,636,3475,741,1317,987,517,2259,1013,1121,844,594,637,636,557,1746,420,3691,547,1116,1901,1522,389,875,631,638,1155,1137,522,492,2576,576,1398,1521
2025,4,394,809,1603,1607,764,572,1140,606,346,423,718,1408,691,508,540,437,887,2820,1120,558,656,1486,509,1716,649,2543,372,676,689,397,507,1118,748,505,412,807,647,822,443,882,1327,609,638,1004,703,2496,1160,675,613,1048,692,517,411,610,941,1822,475,742,630,1467,777,1023,552,2170,1359,1996,473,459,676,1816,782,1049,574,1607,1641,792,1640,506,1021,624,1648,587,887,431,463,1407,565,718,538,457,455,542,467,744,419,1399,450,470,1437,577,377,504,483,474,1146,764,443,500,1336,473,921,1615
2025,5,379,503,847,831,1843,423,588,418,343,389,461,677,500,402,410,515,791,752,663,419,487,520,411,657,356,985,422,823,423,389,397,536,645,519,408,515,437,1292,406,578,650,419,422,553,441,647,1008,473,485,868,532,451,388,541,553,1020,500,516,428,807,477,538,410,1218,929,1153,426,444,702,724,475,630,517,1529,592,773,491,392,489,490,1063,435,803,353,401,613,770,497,464,413,413,448,412,497,382,538,439,415,727,436,352,519,387,453,704,476,395,401,762,416,450,725
2025,6,528,549,508,507,845,449,511,546,341,385,478,486,481,445,533,551,584,543,443,395,463,498,443,438,356,488,423,375,441,372,378,496,407,410,417,429,499,612,460,584,551,485,452,526,496,543,477,406,511,563,507,550,377,574,450,836,409,410,406,575,520,489,442,570,470,543,451,507,445,799,415,493,454,542,532,497,472,401,535,593,482,424,592,347,427,615,940,482,538,388,440,415,388,420,533,545,394,399,436,399,347,644,409,415,451,635,627,602,494,469,401,432
2025,7,1313,653,1151,889,876,644,1272,804,459,952,1438,680,907,564,978,992,2798,972,721,933,570,709,827,733,889,1040,971,893,810,1204,852,835,823,1236,614,514,796,999,728,1336,1078,638,948,847,934,961,580,755,699,888,867,1523,571,798,1035,916,650,828,592,828,748,624,1668,1137,600,1050,1236,1374,1137,891,1104,1020,1188,989,1028,665,906,764,650,725,704,758,871,1051,706,985,2049,966,2215,721,622,1059,690,660,620,895,683,1333,653,1200,841,667,1170,1034,1177,1081,843,2475,740,864,960,616
2025,8,1028,1059,1717,840,3041,885,1928,1543,967,1349,1538,654,992,844,762,981,1371,1910,716,741,823,822,952,879,913,868,1071,894,898,1166,1370,697,672,790,1124,843,993,1496,531,1468,1340,651,1063,1016,1104,781,811,1591,976,2274,1076,859,1230,1322,800,884,746,655,879,1339,1244,441,980,699,465,1609,755,3083,1543,1341,1098,1911,942,1270,894,689,890,1026,682,553,789,799,1279,2216,1234,1076,1350,1208,1090,609,496,1010,1408,1176,1116,586,644,916,503,979,1517,739,3173,1046,933,944,1011,1282,1268,1888,1017,760
2025,9,1907,2109,898,469,1484,359,1510,578,407,630,462,833,1167,431,1127,897,918,3680,703,599,1334,622,1139,564,406,1075,632,470,478,1094,1693,951,493,552,1302,829,2319,1034,818,644,787,559,744,2221,907,853,613,1906,1056,1341,649,600,1025,1178,647,511,643,601,392,2636,1010,502,402,1006,460,946,821,1792,1516,926,1297,665,707,1315,1113,471,1246,808,1153,525,864,1104,719,1186,497,1229,396,559,576,774,669,861,827,437,489,491,1282,1014,445,896,890,386,988,1244,444,493,516,533,1070,1530,1186,456
2025,10,1242,1451,1022,402,480,451,975,588,723,939,386,4402,461,1220,902,544,2124,832,842,358,5979,1145,888,392,649,493,895,374,1679,461,698,533,363,415,6548,385,799,1381,336,1325,445,1907,4812,1031,459,1418,1699,1819,609,598,678,550,717,2893,711,454,940,762,359,481,1582,1374,692,479,443,400,860,741,1176,1108,6814,2055,432,8196,439,470,784,934,728,442,527,3028,609,655,402,1065,1166,525,822,463,1400,672,457,1843,1166,873,902,1037,405,411,2186,1339,1047,1604,427,516,419,441,410,1206,1120,436
2025,11,3042,1509,1183,2149,541,467,755,2361,460,488,745,3225,1043,10043,383,502,1569,779,2971,365,4401,706,399,2479,2687,390,1029,604,778,440,1256,4455,469,361,782,391,1370,1655,332,1357,4017,719,3346,693,427,2087,2371,3380,428,495,554,450,872,808,699,401,369,482,591,564,666,576,2203,737,412,568,495,697,769,929,4501,540,361,1518,831,544,702,707,501,1521,376,484,462,850,402,891,1100,860,1530,579,529,1768,1384,767,1133,616,524,1054,826,443,3196,2756,649,740,617,1475,1273,482,721,515,441,650
2025,12,3732,1718,634,1065,436,430,982,470,491,701,373,6595,1092,1994,377,744,1122,815,3865,2928,774,430,512,1601,4516,369,1143,485,686,1258,512,1202,606,857,2625,962,4313,934,370,523,5276,429,804,2681,1751,962,1108,1035,378,638,380,2533,1061,518,387,1112,949,889,1228,2209,2268,957,912,1551,366,405,628,1827,537,666,3662,2897,520,1050,396,1087,497,1381,6482,1349,1235,571,561,414,368,480,1303,2243,535,464,430,3252,765,2579,528,5684,1091,613,795,458,1194,3056,444,1954,825,548,428,495,1418,605,1334,367
2026,1,1941,2443,532,897,451,640,716,871,1086,1089,705,6289,1465,4842,763,637,1129,532,12176,1638,1138,487,1040,2254,2077,440,524,369,779,1757,851,640,487,552,1900,1109,1833,6999,408,573,6382,1881,688,1339,1021,1020,768,776,1356,956,1233,1341,818,1012,377,481,563,1585,654,3451,747,532,1076,2072,361,428,914,647,928,1156,2871,1288,352,1179,1292,505,674,1116,1519,874,949,722,744,1530,448,1016,2186,517,791,370,504,9061,1282,1299,488,5450,3286,453,391,628,1309,1596,902,1333,538,1293,399,475,739,919,1807,366
2026,2,1768,1847,687,1232,648,653,860,501,1141,627,543,7142,1745,2266,393,557,1860,785,12167,2858,1956,878,867,2407,1821,746,613,1109,816,1368,579,594,367,863,3104,1180,1783,3447,938,775,2206,635,796,1885,1601,1050,994,812,2238,1333,454,1338,468,988,728,411,575,2631,1106,4291,718,893,1560,2455,349,1613,3283,761,942,580,3162,2581,780,1747,1413,701,1004,1052,1271,1544,583,3243,470,551,367,878,1536,601,1346,942,784,12529,735,1032,945,3942,2102,1457,408,616,1512,3625,1804,1082,1744,1079,1728,685,1354,751,1395,642
2026,3,1261,3809,710,1099,465,444,976,462,1072,519,450,2967,1611,1221,382,426,2839,1106,7947,3172,1698,602,1052,3042,1154,370,856,1247,521,1543,624,487,381,707,5836,2007,1738,4979,362,503,2255,925,679,1223,869,1178,903,693,2187,1074,1364,821,668,797,2599,960,922,1732,2413,2824,3304,564,1830,3125,487,520,2050,2103,3435,525,3166,6252,1311,1227,589,531,1372,962,1363,910,1354,3781,447,483,431,2436,912,774,769,423,449,8858,1572,1810,989,8081,3076,575,708,2396,2388,3300,2156,2904,552,879,872,428,1399,538,1786,589
2026,4,974,1660,661,714,428,481,513,507,589,505,493,1485,767,820,420,392,905,600,3660,2459,1186,648,543,2011,802,535,613,650,448,1425,437,443,391,515,1972,942,1317,2175,340,440,1438,552,617,872,660,582,592,549,1259,954,486,714,442,508,2906,425,979,1232,792,1880,2592,1562,970,1983,385,405,1226,1100,2216,446,1900,2579,539,655,538,453,1860,590,990,813,652,1255,438,442,347,1205,613,524,495,403,446,4640,1937,901,683,5356,1948,651,461,689,705,1796,1638,1884,496,631,564,431,821,610,1157,371
2026,5,573,612,414,524,441,359,432,399,468,413,649,831,489,701,372,367,586,450,2199,1571,710,478,568,1232,506,370,423,416,530,757,551,403,443,383,703,1071,598,901,331,395,743,478,506,578,622,489,464,454,592,4342,547,518,444,598,846,419,749,851,505,1151,657,606,607,1325,342,559,634,582,628,418,3033,1579,418,566,412,391,806,1072,615,533,512,553,379,409,358,518,505,434,433,382,389,2595,914,599,458,4508,1454,418,406,428,534,884,732,887,427,451,1100,364,613,443,694,352
2026,6,461,555,440,428,824,358,393,493,497,426,418,600,424,597,496,404,439,618,761,571,501,638,406,512,433,406,426,383,396,442,797,400,381,498,670,505,535,543,348,980,1376,693,428,482,445,460,413,448,537,566,703,444,396,431,493,390,874,551,405,800,1101,423,455,541,343,396,439,457,702,382,1058,587,407,451,407,368,424,532,469,394,397,602,408,395,350,798,446,402,549,358,471,1170,592,448,471,1143,559,458,475,470,457,478,441,586,443,511,696,381,475,588,472,350
2026,7,968,1139,894,1869,1403,720,953,511,940,572,855,991,828,1366,795,987,814,874,696,761,1201,1400,851,1393,670,1012,747,1377,658,1015,1188,943,909,1327,1059,1063,703,567,731,788,834,1834,798,878,531,1000,1234,623,1145,1129,875,578,697,731,965,841,1208,747,511,2057,1183,865,1210,502,783,1815,641,1201,1424,743,1790,857,1008,625,932,919,761,1061,841,677,946,1178,1066,470,745,1131,468,656,815,515,1128,930,1583,857,957,1209,1687,662,427,655,929,714,754,762,1125,912,1077,788,656,860,505,645
2026,8,1099,1406,1061,1361,3267,1429,2189,804,960,457,953,2655,926,767,631,673,811,1022,2842,746,1268,875,661,2360,800,1118,718,1729,738,581,903,1531,916,1894,1058,1385,498,1190,917,768,707,635,770,1108,962,3444,796,745,3112,1215,845,1016,913,894,1104,2992,1628,914,909,1608,1562,2536,1260,413,807,1561,1065,1826,1966,1005,2204,1013,1190,1026,938,1456,821,1086,844,1376,1055,997,1223,1544,771,895,1027,965,3332,755,831,631,1324,950,699,772,1362,1136,480,839,1145,632,1439,853,1304,1249,1047,1618,1099,717,770,825
2026,9,574,463,1793,1472,1139,648,1551,585,598,588,796,466,1448,512,571,978,1101,1620,491,1492,763,845,805,823,560,599,863,838,458,681,523,3443,1090,2050,2968,588,602,384,1007,551,687,1946,612,653,2955,1099,402,607,1480,790,850,782,1119,504,534,2627,2157,1940,463,582,901,1335,1502,578,576,1405,535,1148,1628,579,1379,1000,924,1353,940,799,440,491,1258,757,894,643,1720,2742,1168,745,529,722,1608,1500,655,471,3124,746,394,781,1117,802,863,957,665,653,2828,778,2203,837,916,749,622,591,1211,3428
2026,10,431,927,1308,3870,4759,1057,1175,382,1156,784,607,392,1085,545,2162,1903,430,2362,445,409,481,3476,899,523,907,452,2551,1676,636,458,908,1976,2456,718,961,543,555,408,360,1423,886,1964,1543,751,2613,781,611,823,1950,2958,1666,907,1053,1002,369,2037,631,3187,1031,9034,1437,460,431,375,390,1749,371,799,1051,790,1439,391,845,439,1032,423,456,393,525,388,822,907,712,4631,407,2083,912,1343,1020,733,456,1336,666,408,359,409,3475,833,377,551,555,371,670,1846,772,944,1951,1297,483,473,738,650
2026,11,373,612,868,3154,4003,2783,1095,368,2289,798,809,461,928,461,588,1480,407,640,859,393,372,866,640,386,397,367,449,1102,5101,3996,1905,977,507,457,1478,708,2088,514,607,1134,379,674,1295,1877,1241,631,582,821,786,1171,2264,678,616,2514,1604,2834,660,876,508,6050,4526,1080,521,391,451,2387,415,1000,876,448,972,749,655,675,562,384,733,1195,765,458,884,412,423,3777,617,2730,691,2533,724,790,1026,1107,471,521,413,1066,2871,724,362,758,515,400,574,662,608,1847,495,1762,391,674,1530,604
2026,12,369,528,1310,804,915,842,1023,978,1528,817,667,1795,1105,811,435,578,386,560,948,378,1543,1289,424,391,635,496,542,603,6494,2052,536,1529,562,512,837,447,2451,380,2408,779,409,682,504,3747,3960,1185,366,4403,598,739,1025,1799,580,476,463,1912,458,2319,3685,2293,1716,1189,410,365,340,2780,362,891,469,1108,730,1393,1316,687,663,1138,382,2295,1232,831,415,578,431,1299,457,1361,738,1263,744,480,1567,889,541,2940,991,1815,1866,1061,358,540,925,709,594,2186,556,1939,1836,612,503,1824,589,1014
2027,1,2654,4541,2020,720,728,1099,2064,2205,2419,1034,615,1162,675,762,833,740,600,1423,1213,509,1153,1785,1006,738,1761,2372,1125,658,4017,1197,533,1329,1960,1755,936,912,1437,945,2997,818,1472,2887,515,1513,2294,1863,707,2666,808,1184,3059,968,424,843,1087,1735,2091,7152,1292,2997,2405,1886,511,582,323,2033,387,2960,490,1869,1157,1013,1229,773,1966,747,1112,1462,687,1016,1150,447,470,2031,363,991,1565,712,485,403,863,2328,474,1825,535,2749,3137,913,344,604,808,371,4911,1781,548,1879,1008,617,504,1309,1995,1633
2027,2,776,1683,968,672,920,1149,2215,725,2693,1273,717,1353,998,1594,681,1902,460,1054,910,480,2031,876,2412,899,784,1096,719,523,7099,1680,1271,2467,1227,877,1430,1548,1556,2370,1126,838,1004,967,700,1153,1959,2570,693,3107,629,1316,3804,1928,596,573,1173,3538,617,3309,1347,2266,3387,1400,913,546,412,1948,536,2381,458,1183,2190,1483,900,2151,1407,452,1180,3797,1116,684,1346,396,1400,3952,684,1576,783,696,884,843,1205,1537,1386,998,700,3166,3100,1206,346,648,877,681,3106,1690,436,1328,890,507,445,1468,1240,779
2027,3,889,1140,1887,678,2465,1083,1785,1197,2871,642,625,1564,1813,658,697,1791,1528,632,2001,601,1278,1319,1603,749,961,1164,591,913,3625,2511,907,1475,1436,613,2106,507,2912,904,901,986,937,1623,1676,737,2830,1433,387,7746,514,859,3644,3108,423,462,744,1498,495,4971,1003,2302,6188,2261,595,744,476,1700,691,1219,521,650,3191,745,761,961,1193,844,447,5378,611,565,893,533,791,2671,1160,1329,923,747,1035,1739,671,1914,1651,2533,630,4576,2711,1209,579,1535,663,1553,2195,1223,659,1002,999,455,422,1315,1938,1011
2027,4,1350,979,1181,554,988,709,1132,703,1463,741,398,1895,853,502,537,656,576,1221,939,429,617,975,907,411,650,1068,465,534,1309,1685,492,955,1124,512,1506,450,1800,644,888,1798,532,1350,915,673,1221,955,388,7278,444,962,1383,2001,389,517,547,868,571,2800,598,1889,3960,1632,432,462,323,1051,396,941,499,550,1304,725,1015,531,791,520,534,1952,700,439,565,454,492,1543,524,691,581,730,515,500,638,1534,6132,2833,475,2436,1734,774,524,867,562,520,1243,1003,512,681,670,524,373,696,974,679
2027,5,1452,694,555,467,557,491,677,459,694,486,375,976,865,529,400,767,552,982,578,439,546,552,683,396,463,480,408,474,749,930,823,615,716,446,691,461,771,446,912,640,609,567,486,524,610,611,374,3376,455,502,763,1101,372,454,419,563,469,1460,532,819,1093,709,384,370,344,668,428,594,402,431,709,885,609,436,517,397,438,1384,528,394,477,371,442,888,550,507,427,520,438,420,485,643,1540,1435,438,1178,979,469,438,681,410,553,798,773,425,1158,484,2382,366,582,504,441
2027,6,440,1649,481,838,454,407,707,727,460,563,451,546,528,430,490,438,579,448,430,415,410,430,437,397,478,399,385,420,530,485,400,816,646,389,557,413,505,452,606,546,551,436,459,515,680,444,390,750,459,456,469,479,365,440,412,471,428,691,503,708,533,468,373,422,436,475,355,423,591,388,727,515,411,489,672,378,422,607,434,437,571,540,575,518,371,429,979,416,512,378,573,491,581,592,368,554,496,419,409,510,440,412,486,465,498,1408,1159,469,409,488,465,406
2027,7,688,858,2242,986,782,919,1093,1147,780,1229,1111,1211,507,665,1646,549,768,677,770,708,800,723,639,852,870,660,592,708,1395,647,961,1920,967,684,945,933,2594,1018,933,860,651,903,822,746,990,704,673,951,1239,970,647,682,886,907,617,913,738,1096,594,1947,934,899,945,1110,551,969,608,847,1562,562,807,1448,1120,805,1528,867,1137,729,919,1107,1223,979,1319,688,815,1336,1326,836,607,489,649,1181,784,1207,660,482,1079,791,693,1112,637,831,702,1727,833,837,671,725,959,1026,1109,836
2027,8,866,551,2525,717,1085,695,990,1248,1093,1135,1175,1470,1063,1108,2184,1627,905,977,552,704,911,544,1244,672,596,1513,567,908,1777,852,1975,1321,1459,780,1142,892,1384,1139,706,1013,490,960,1968,1062,1017,869,917,1422,879,1058,817,701,904,1354,1016,619,672,687,618,1051,642,1048,896,693,1089,1218,1623,775,1684,568,753,2261,1128,1037,2713,1161,953,963,797,1937,1203,1118,1774,815,794,866,1047,827,704,644,1919,1834,1593,1831,853,684,837,960,521,1580,439,499,908,1893,800,1232,609,1065,1851,1721,649,1066
2027,9,588,458,1378,439,1103,1997,708,895,2199,1398,1779,1639,898,670,1173,1171,423,2589,563,606,1222,546,3235,682,945,1723,615,1158,739,669,1414,721,1417,601,702,567,831,668,599,932,413,516,1411,876,821,1294,851,1062,2039,868,540,955,729,867,985,1353,1369,604,421,629,865,2004,480,665,432,1624,866,1346,449,376,755,828,2095,632,2025,769,410,578,1138,966,745,568,1605,505,409,511,957,690,1046,1186,1556,1510,2697,802,3291,752,664,3548,786,2285,485,854,1840,1444,646,1290,782,1134,1652,1029,757,1982
2027,10,366,679,2404,425,1652,469,435,523,1012,1630,534,2663,482,595,2073,407,652,946,843,573,911,389,1290,1055,606,814,413,811,448,382,464,456,473,985,611,392,742,847,371,1076,397,367,429,432,501,528,833,476,1440,601,769,460,434,482,602,840,1174,2285,1483,456,757,1099,1582,451,863,442,971,1107,3875,403,530,903,748,2196,1442,465,1492,433,1450,442,530,1607,2738,743,2436,1503,855,1609,1266,5289,1885,693,519,2041,2881,865,1154,1457,1117,467,370,446,2357,2060,626,2539,8334,2038,1628,996,1309,481
2027,11,546,523,1067,685,900,1790,1380,447,868,992,510,917,512,375,1752,684,399,1225,1285,536,1303,610,724,2076,509,1043,727,384,2025,1839,572,415,395,464,1407,376,584,509,361,1272,357,733,395,5051,556,569,429,560,459,868,424,378,791,404,738,642,869,810,2111,835,1041,755,969,572,923,403,1589,526,1657,356,1221,3043,569,809,1004,485,1588,799,1008,598,465,1449,864,367,9035,1829,680,733,1871,2412,564,715,651,2261,731,995,407,846,1002,429,401,422,1381,898,577,2027,1241,959,909,534,2254,646
2027,12,379,755,1043,526,1718,566,681,1210,462,675,1924,2109,477,363,1351,395,491,481,1143,522,2211,424,1358,1775,773,1859,354,2368,5070,1723,627,632,1531,923,561,569,517,514,557,1731,541,516,389,532,1560,563,3430,2264,1046,1898,859,726,1068,959,2084,515,1793,1676,711,3387,1400,927,1149,360,617,396,570,464,631,364,681,5701,848,3334,4493,1305,2305,1355,1116,555,611,1680,2027,2298,2307,550,449,2726,1652,952,890,2424,544,1955,556,756,532,3185,748,871,409,862,4722,665,979,690,638,1117,1261,1485,2220,4273
2028,1,409,4379,950,1024,4001,1570,1573,1319,601,552,1132,2844,1102,417,1386,755,645,468,5108,1109,1673,807,1340,653,825,763,357,1316,2862,1087,873,1530,1784,704,690,391,538,2091,1209,1740,971,405,398,643,756,770,1578,679,578,1852,1093,1936,1209,1536,1207,1329,660,820,679,1123,517,493,716,825,1494,588,480,597,697,586,1114,3274,1224,2250,7548,663,1756,919,1976,476,1146,4447,3217,2109,2258,939,495,1464,874,744,852,2410,3170,1783,1027,907,426,2254,1529,1740,748,503,3796,1383,1141,845,1210,633,1902,2109,1123,1359
2028,2,368,2525,2903,631,2398,1659,1026,816,1482,1364,2477,2701,1551,964,1054,823,1754,910,3043,1334,2763,775,1328,1876,810,997,433,1661,3096,1338,707,1553,998,1528,540,1046,572,1783,1074,2035,1334,1991,743,1334,825,471,1996,736,1127,1126,826,4531,787,541,650,701,1141,888,902,2857,778,1512,679,873,975,1174,560,1179,762,446,611,5838,772,9655,6436,814,2498,627,3260,414,472,5319,4655,1088,3753,722,572,1872,1129,1208,1157,2157,2219,1563,3119,1096,649,2037,998,1489,689,1012,4555,1495,686,1928,1004,672,893,1760,2118,1245
2028,3,434,2431,2711,573,2624,865,2868,979,918,2203,1314,2106,2980,1074,1735,786,485,2484,1594,2831,3621,614,815,4068,675,1182,391,999,2345,1176,1509,961,753,1239,484,1259,1601,949,1269,1123,640,853,578,1130,1079,666,4188,629,772,889,506,1220,2228,575,585,862,7436,2491,1895,5895,1158,1123,1480,783,549,962,486,721,559,1226,579,5344,1023,9716,10855,662,3525,678,5067,434,726,5351,6623,801,7894,703,672,5985,1429,2178,1970,2082,1467,2799,1150,3796,650,1956,1095,873,663,846,2744,1191,466,2162,829,504,799,1817,1917,1123
2028,4,448,1197,2009,476,1671,692,1223,871,512,1692,791,1530,768,453,2324,406,462,1107,924,1037,1167,531,594,1909,1502,584,386,828,1178,1771,1367,899,609,1969,539,880,3051,638,533,919,440,619,589,629,636,561,3930,497,475,793,818,768,1405,452,521,650,4325,1172,1036,2374,497,617,1036,414,473,469,425,540,564,546,460,2170,1170,3451,6587,429,1935,521,1563,375,455,2556,3964,770,2956,588,447,1697,1430,914,2744,1576,1206,1601,851,1653,385,1709,730,602,1541,509,1721,974,424,1580,628,805,573,991,1695,868
2028,5,400,577,1037,434,627,668,487,628,423,796,587,971,501,380,795,461,443,1351,540,750,704,394,494,927,436,464,342,531,700,657,514,439,452,891,1689,493,830,453,450,530,392,3150,419,516,507,540,1959,430,420,564,432,540,633,467,440,630,1564,582,737,1527,415,482,502,386,464,518,424,471,614,478,491,1589,499,1645,2623,407,1433,470,706,396,393,1712,2248,495,1784,428,396,613,640,663,762,2186,797,752,586,768,376,746,515,457,534,394,1617,546,403,672,552,929,438,619,818,572
2028,6,435,1659,490,413,496,607,432,491,434,461,432,489,492,373,488,411,382,582,652,546,492,421,440,455,401,494,361,425,487,434,459,584,526,1108,1740,424,592,438,394,471,439,599,428,721,546,580,785,487,500,519,387,428,594,425,396,406,886,467,506,831,385,450,524,400,446,435,459,387,692,388,406,792,612,748,862,409,562,521,472,667,380,626,1022,424,1074,587,573,512,444,442,451,629,499,663,449,641,404,523,418,475,510,419,532,788,561,566,583,496,499,523,526,422
2028,7,563,1185,656,680,786,793,1562,919,653,1138,576,961,722,514,760,647,1254,1390,1357,902,861,690,426,1365,579,815,845,440,785,778,1089,1065,1053,1095,2961,867,1296,792,1026,978,880,1294,1047,837,785,925,766,1574,646,769,717,666,1913,646,565,772,828,1393,875,1099,963,527,591,1000,1086,828,1473,888,1068,921,937,716,1299,788,996,948,924,722,684,639,580,1212,626,1173,2621,1072,3972,666,673,875,1109,1039,733,1418,570,770,833,1533,530,755,843,782,957,1136,774,904,960,552,1000,896,670,564
2028,8,674,1710,866,902,888,1330,1352,965,1051,941,521,922,1293,699,728,738,1516,1273,1379,980,691,586,692,949,629,879,747,491,841,629,1388,1246,2946,1336,1269,1101,1311,754,1356,623,1202,939,731,706,1234,717,1266,1296,769,951,1310,940,1329,1889,796,1318,832,1318,901,977,1115,472,994,1373,843,633,2858,958,1249,1536,1164,946,599,950,763,1787,646,1196,795,1030,768,1543,661,2155,1004,1292,2346,1169,580,1557,1243,1647,701,1356,665,1126,853,2132,1372,1002,753,808,1731,1105,1046,1190,1362,1655,1933,667,698,669
2028,9,440,1100,2275,893,907,387,817,617,795,638,758,820,694,794,706,744,3230,1329,1386,1031,1908,964,596,482,430,798,1273,458,637,394,2392,1003,1013,557,1317,480,1121,481,1411,490,758,1409,661,693,702,374,1207,755,1386,429,1572,1291,691,1058,1119,955,739,2938,1871,1492,1087,796,569,1354,896,552,1288,856,820,850,1157,2236,2299,666,631,974,520,2436,2060,771,801,1158,1334,839,852,618,1371,482,523,1211,834,1231,491,426,951,805,1209,1272,991,601,838,399,2993,673,701,955,744,1811,1973,496,497,841
2028,10,748,552,3629,533,627,997,1319,1829,1938,779,775,578,804,356,382,577,1646,508,1576,881,2243,4130,504,1957,1018,1766,684,476,475,622,3393,699,1986,1348,476,359,841,622,496,445,600,490,445,1969,1525,546,724,501,1173,825,648,682,2721,462,393,2977,396,4204,581,874,606,1068,392,1503,533,656,760,468,993,400,428,2734,1006,1084,1001,481,1371,1171,446,597,503,427,542,1080,8978,952,1131,425,462,494,1366,1897,368,997,372,638,806,440,813,1036,885,459,1417,1076,856,391,577,432,3965,590,383,6904
2028,11,638,940,1496,373,401,1290,828,672,1277,652,495,866,659,1337,422,787,2991,917,600,433,701,1162,815,911,394,511,723,551,397,720,781,804,579,1066,1335,1579,3336,502,1572,423,1146,950,453,996,1207,436,745,1609,933,444,712,1526,754,896,1489,1550,2544,1295,1057,419,823,1015,361,682,600,3490,918,1037,1119,505,512,3327,568,491,411,542,550,824,389,547,745,396,555,1538,6167,425,752,420,438,452,470,508,363,546,365,524,811,976,1068,1728,726,354,869,681,940,485,805,393,3318,646,378,708
2028,12,491,459,2122,360,557,1851,2935,812,1233,886,640,415,631,427,406,387,2418,669,1201,552,578,1066,390,1021,668,4595,746,862,367,1540,1085,541,486,1399,2726,392,924,1269,446,379,510,430,509,1724,474,709,522,721,467,1102,1967,659,553,814,1706,1167,1045,932,2096,413,407,688,1017,1911,759,1390,1006,751,3154,6038,752,2251,1064,2320,798,511,1243,594,609,495,369,1900,443,1294,6663,388,1186,393,385,382,1338,934,361,653,363,551,816,3249,723,2692,566,513,735,1115,2267,512,1288,406,907,548,363,1344
2029,1,354,459,1540,887,864,996,1937,2880,805,763,1213,704,761,743,614,369,1295,2154,545,1520,1793,2193,443,608,460,1582,1292,821,405,2472,3432,2544,463,736,2247,731,706,1114,2369,718,744,428,409,1113,501,2022,602,652,1707,687,2028,499,1888,542,807,1318,986,2053,1015,1342,785,533,456,2200,1402,541,1543,410,1524,3397,831,2327,1832,1530,877,544,829,546,996,1119,1012,681,398,839,8007,1200,1578,1245,518,2117,1152,1119,355,621,521,395,555,2576,463,1505,492,917,589,1621,5205,409,721,436,932,384,634,5816
2029,2,489,421,1354,398,942,1650,2764,1062,2157,1548,1500,901,846,895,543,1349,1061,3055,524,1101,1253,1664,412,670,775,1550,1061,1575,740,1649,2416,1516,470,878,2087,1579,2012,2543,1335,470,793,1384,448,646,512,1682,1042,819,998,1242,2169,734,1764,1189,730,1620,1030,2580,979,1023,1038,532,803,5015,699,1206,712,1536,2025,3522,621,3883,810,1260,1323,1374,858,461,737,540,1138,1109,680,6507,3789,644,1879,2491,772,763,1396,1188,961,648,931,1132,471,2113,827,2880,792,369,499,1297,2789,464,1451,394,741,1641,1747,9885
2029,3,422,400,931,579,423,2654,2512,804,1723,623,615,792,642,647,1335,520,2261,3088,617,1334,879,5905,376,1314,442,1553,1289,1423,567,3241,3000,1409,471,552,1803,1160,5352,1357,2467,475,577,1002,385,1137,1098,1591,1673,1769,668,2007,2633,651,1389,1599,806,951,2002,3484,1251,617,662,653,644,5554,620,1487,634,1322,2938,2955,2033,7026,688,1370,842,649,1377,483,775,669,1023,983,941,2006,4695,947,2682,1132,736,713,742,2243,2932,551,673,453,448,3861,612,4727,702,398,644,1053,2916,1283,1769,388,628,626,619,7469
2029,4,367,390,639,410,1072,1840,1266,584,791,486,621,455,495,465,469,446,2363,4749,463,917,566,3519,369,635,1159,1164,2823,671,492,2019,1715,674,431,470,1774,610,2297,983,1853,392,630,540,396,787,489,978,952,705,1387,1002,1470,618,802,677,518,629,1197,1591,672,582,432,532,653,4355,524,749,490,817,1377,2395,867,2961,564,862,565,438,771,416,1221,632,620,627,540,1330,1789,489,1324,992,376,516,855,1487,901,463,662,460,448,3581,739,6178,604,600,510,874,1627,557,790,506,547,566,512,3243
2029,5,340,375,594,501,467,879,3432,540,665,417,601,402,515,382,432,389,682,1776,424,789,453,1338,392,537,424,714,725,445,634,951,842,580,386,423,6830,484,898,702,800,354,1440,469,339,460,414,537,531,508,615,613,872,533,513,482,432,508,536,799,483,416,399,400,466,2302,465,597,523,705,1060,1012,574,1583,463,609,438,401,727,401,446,754,1494,460,448,614,1325,405,533,990,365,557,784,795,438,415,476,1170,385,1610,568,2776,454,680,421,492,914,864,2723,627,522,560,422,1491
2029,6,448,507,484,454,420,456,1055,417,782,412,423,493,485,399,501,383,477,614,1401,1028,675,1075,410,448,388,480,468,481,491,643,757,491,447,608,859,441,544,526,465,373,728,388,356,412,408,436,427,443,563,494,637,440,450,404,469,528,471,591,461,498,377,438,397,817,468,457,468,467,616,547,526,580,416,446,620,393,492,417,550,432,771,720,447,464,630,383,576,642,461,390,418,749,393,384,472,474,442,617,508,1339,551,350,467,430,559,544,847,361,508,472,434,615
2029,7,751,825,1130,850,1338,551,1016,652,715,510,683,726,1055,659,1366,740,536,763,1380,750,899,768,1474,795,764,1061,880,440,968,808,4258,1638,643,779,1383,718,1355,1182,806,943,857,672,526,1417,1477,1082,711,799,1174,1270,1122,602,651,1112,963,850,1010,811,668,958,804,887,835,1823,654,748,1199,1041,1004,909,844,951,755,1242,1021,693,603,872,630,915,1171,1144,791,1093,626,854,812,887,1291,489,533,768,691,1208,741,992,544,1065,785,741,1049,854,1183,669,1079,1062,1002,680,1257,663,2023,1005
2029,8,1188,1001,1287,522,1076,510,1670,599,856,726,763,1353,964,865,1227,1210,1596,765,622,1104,931,771,1105,993,506,698,873,493,847,1911,2095,1560,821,851,688,979,894,1262,890,886,2786,449,709,4228,1257,971,745,971,2235,1107,1010,908,570,1208,1830,1660,687,774,573,1383,859,1713,671,1140,1100,673,3093,1087,1252,1294,1016,1499,951,1914,1325,513,844,1586,1177,1147,1749,751,915,2181,809,1048,1816,774,1659,605,603,681,897,1449,804,749,551,1206,1158,977,943,800,1699,1117,785,1113,1057,1260,2076,999,1704,1273
2029,9,2399,861,1067,408,708,724,1061,535,1022,1700,549,642,1249,757,1272,688,707,588,547,707,919,673,617,1201,354,618,576,790,684,1480,1129,533,868,1364,2987,1491,435,700,1531,1969,1668,703,620,711,1372,657,764,2495,1125,1206,521,559,1001,1901,632,715,486,3776,429,812,729,908,1560,1170,944,713,1390,1106,984,2036,979,501,417,1641,873,1241,987,1015,1259,1658,966,669,1174,5713,945,928,1007,387,852,920,502,1221,430,851,469,530,411,1251,592,692,429,3068,450,782,423,666,1143,1053,1102,860,1625,759
2029,10,771,401,1494,345,945,562,884,1510,615,3200,384,1606,413,415,728,366,377,554,690,1679,2371,664,1255,710,858,512,1144,469,355,1218,963,432,372,1103,1692,2447,431,1084,399,837,606,485,409,969,838,770,436,1348,860,933,435,4570,554,482,852,845,396,1401,545,1906,1472,532,1759,407,1575,654,448,1291,471,628,1215,400,472,805,1071,930,777,3525,905,446,751,860,1340,800,1115,1676,478,1770,476,734,1211,380,855,1380,345,1347,363,1935,745,413,511,765,443,2336,486,514,595,510,659,904,904,735
2029,11,1001,505,1540,361,566,553,625,764,2170,1628,407,3379,918,356,2155,612,490,424,557,2089,504,400,642,642,377,421,685,761,403,1038,800,615,673,495,570,1182,370,500,448,701,457,560,763,1037,679,1102,392,1247,688,578,849,821,728,417,631,555,1089,468,714,1148,719,922,675,724,544,379,439,515,563,525,1384,2925,433,2012,722,875,462,683,405,664,397,810,780,865,1351,613,403,2791,608,375,1833,433,521,484,504,1188,697,715,368,597,608,702,371,716,540,1070,2593,1973,610,399,808,842
2029,12,438,1610,2049,1672,581,518,604,695,602,2034,914,829,385,410,513,547,464,411,402,1476,722,1017,564,656,1531,458,457,396,374,613,1087,588,1348,396,511,919,403,717,1477,499,492,1706,849,949,1044,1077,642,1334,1012,425,1083,532,497,1674,592,665,412,595,926,634,1073,1210,1327,442,1753,864,426,1047,992,771,1354,2369,511,1571,860,412,479,5223,1517,1801,725,552,9253,940,2361,639,431,3131,773,409,1906,377,447,1075,416,837,490,1006,472,628,436,815,382,1400,5974,3180,798,1900,2066,467,607,3274
2030,1,623,1816,3266,724,1816,1031,754,867,1080,1231,2663,689,384,727,1638,426,636,731,702,2470,791,2285,1261,868,421,499,577,542,377,573,656,667,1753,402,1563,1669,2009,2027,892,769,970,1150,2038,539,803,607,385,1048,1475,687,1420,672,1446,2455,514,1046,455,1734,966,597,535,1122,945,701,1712,1507,447,1774,447,957,1067,6318,631,808,443,459,835,3945,1449,1276,1127,827,4143,1367,1376,520,456,800,543,812,4215,643,480,821,890,757,4562,1833,690,1194,824,997,663,686,1833,1158,986,764,1305,551,543,1456
2030,2,1691,1494,8603,1226,919,483,444,2546,1548,963,4339,792,722,461,810,431,890,1006,1339,1589,744,1126,847,836,496,1134,480,468,351,752,745,1248,705,385,1584,1093,1631,1332,1109,1880,674,767,784,521,1181,1227,523,1379,1106,2036,1350,492,766,894,903,902,459,1431,655,583,472,637,826,731,843,1123,503,1374,572,468,1253,6502,1049,1111,522,1988,649,3137,853,1359,1590,561,3839,1432,2655,1346,387,660,416,833,3123,683,1280,724,578,949,2414,1833,1789,1641,1043,1545,641,729,2645,1374,923,1121,3462,1461,828,1588
2030,3,1531,1573,4188,3391,709,520,459,2642,1251,1634,2040,632,388,354,553,375,985,1940,430,3545,604,1248,1704,1768,693,505,415,654,421,858,518,533,661,578,1689,1739,1103,4066,598,699,1326,829,1371,492,2624,876,390,1457,954,1005,1490,471,1199,1882,1196,1074,454,1125,711,594,559,735,2525,1834,1015,551,390,1192,451,432,1211,3850,1379,1439,685,1065,441,2311,1029,1438,810,1373,2608,1631,1842,1320,1050,666,728,740,1274,978,2398,667,549,818,1616,1443,1228,2546,1207,929,375,660,3994,3064,1549,1245,6392,859,776,3994
2030,4,1324,1529,1815,2038,663,470,467,1550,1701,768,1233,522,375,400,584,351,412,997,643,1575,443,1104,1286,1130,462,789,475,398,348,514,514,422,575,760,725,1606,3107,2165,493,503,968,742,777,425,974,568,357,720,1066,629,907,432,691,1120,783,747,481,881,546,474,445,594,1519,602,929,533,390,650,406,485,1537,1922,1007,1435,427,579,555,1764,653,740,538,563,2327,983,1381,2175,598,709,397,420,762,520,770,755,459,656,1052,920,790,1593,1008,605,364,491,2616,1679,1561,850,1894,526,642,2409
2030,5,898,548,793,1263,443,895,1705,931,862,695,918,445,364,377,590,354,404,585,455,572,460,836,535,795,495,1172,386,375,384,426,418,552,424,577,472,1062,1038,992,432,500,490,516,479,403,690,630,351,512,655,581,477,398,456,683,506,520,368,617,462,612,424,572,672,447,594,596,646,532,434,427,749,1352,881,989,384,437,564,696,464,986,423,423,1289,593,1145,757,465,506,378,394,584,382,617,497,492,465,586,522,527,4510,445,459,362,423,1442,1326,593,483,1328,490,513,1570
2030,6,431,670,664,471,511,708,413,515,537,467,591,393,401,363,409,342,377,486,388,492,459,673,422,415,529,509,454,358,509,461,522,416,470,590,507,582,549,487,441,407,404,528,406,480,472,429,406,421,505,408,428,713,398,439,805,407,365,464,415,444,448,456,474,394,418,463,402,475,428,465,533,617,556,485,385,416,380,524,553,568,570,501,526,459,885,431,447,421,454,408,442,384,495,391,370,392,436,456,444,1352,448,532,355,772,573,600,537,628,606,396,558,666
2030,7,802,1204,621,883,1672,606,810,592,926,883,557,772,1186,481,714,965,556,1033,1575,777,913,815,694,668,569,1373,713,703,925,606,647,706,563,930,1071,941,1321,849,1686,605,583,515,678,844,650,615,616,471,2406,667,488,527,486,560,931,635,620,721,542,1112,674,764,620,940,856,913,887,578,811,1756,856,1002,957,772,480,630,1020,985,944,800,714,1060,839,743,1251,720,1970,752,1177,872,478,675,895,951,774,529,1254,593,800,795,2230,835,786,1528,752,625,1013,1096,1003,775,760,1119
2030,8,750,1476,582,679,2192,644,1891,676,1599,733,937,658,1349,867,691,830,532,1044,1123,644,1013,694,811,1532,879,2043,576,1246,978,1094,1391,984,3167,1559,1621,710,1237,1069,983,1220,896,1072,777,1284,1189,603,557,659,1708,963,803,984,588,852,1639,1306,752,892,602,2845,739,626,493,720,1107,659,1349,1150,634,1409,899,1486,689,809,630,673,956,721,886,626,489,725,672,624,1806,2271,1680,1081,1233,494,705,984,853,897,480,608,1063,1072,1048,513,978,764,1294,3871,7473,798,2274,926,1375,599,1080,755
2030,9,2098,690,481,729,1318,720,1721,701,1455,1337,1282,1021,969,484,2168,865,549,1125,1540,598,834,434,469,466,777,1116,395,1239,1497,981,456,611,2339,801,2986,398,619,1356,3379,680,1111,669,471,2252,1072,681,628,369,954,491,707,649,800,699,593,922,360,1159,439,1200,866,439,496,520,1156,429,798,484,782,832,440,964,880,1805,6669,1581,557,2325,805,3150,515,780,895,902,1043,1433,1051,967,452,2381,489,1577,996,1260,981,1303,1446,541,586,489,436,614,430,685,2833,564,610,1380,1641,423,1169,983
2030,10,603,867,427,1377,651,484,1331,1759,1516,751,486,771,638,336,1579,1335,355,444,559,3063,871,954,2237,422,441,1241,607,406,907,1277,403,1102,731,430,1775,471,445,2826,542,603,1607,682,526,2095,494,648,360,363,2673,1298,1008,435,670,3935,424,745,445,857,755,588,552,451,395,867,1520,595,1078,369,498,1128,532,1696,615,548,3677,510,471,1452,594,1069,4138,507,551,487,828,660,1104,2518,833,1828,653,666,597,750,528,809,1406,534,1513,396,511,741,962,488,1515,856,479,1149,515,863,493,617
2030,11,1393,726,511,684,461,1051,3185,3492,1002,402,787,490,519,400,891,420,593,622,1337,553,767,381,938,525,792,746,711,383,470,663,477,1039,453,822,836,1928,560,846,853,597,460,634,361,1021,629,3524,371,357,595,1773,1189,446,694,640,565,489,474,926,398,798,477,438,394,900,462,744,456,1571,574,682,406,488,690,577,1041,721,779,5087,634,1597,968,556,395,415,935,810,1706,772,397,827,888,740,405,920,474,2308,606,2114,2118,675,656,613,452,477,727,384,647,1297,441,636,802,819
2030,12,546,1727,366,3271,421,714,3057,1503,502,386,2148,1065,529,396,661,380,1635,551,636,605,2054,384,1705,603,676,668,382,432,836,444,428,1136,472,428,1244,5364,771,2895,448,1009,464,793,411,621,431,936,381,354,540,734,576,1258,382,1523,1028,524,444,1277,1321,1544,423,366,521,510,2381,421,1331,409,469,753,906,454,795,902,1165,884,2773,1552,589,2921,1462,447,373,893,964,1529,672,805,590,1640,686,1979,739,418,895,2168,1148,789,894,586,1597,490,543,458,576,7724,450,770,440,1742,853,835
2031,1,514,1875,852,1407,935,462,1450,922,608,1026,1789,1689,390,540,4590,621,701,395,939,564,1140,368,1864,817,424,2454,367,363,517,1202,1156,1912,821,745,1240,1973,1332,3774,490,1628,471,528,404,2437,661,813,1090,377,523,1534,537,642,532,687,1551,4284,397,3249,833,860,371,466,940,817,1196,478,487,472,509,443,434,750,1150,1471,2701,4138,1465,2485,633,1746,2415,665,650,1243,564,1072,1252,558,1005,936,894,1522,378,1318,435,2361,1364,1653,1380,388,942,767,766,404,583,3005,850,637,558,1654,2718,1085
2031,2,1001,1149,519,1235,868,746,1028,2038,1484,513,1014,1055,797,2635,2066,1097,486,577,579,453,2447,407,1928,783,452,1170,705,571,562,1134,1211,2216,1120,2769,1419,2982,631,2795,497,986,1634,1022,999,1827,863,1068,602,366,472,1202,614,535,919,999,2184,2460,461,1110,1149,805,442,443,752,1209,1245,1150,448,1783,1606,444,388,601,564,1611,2393,1571,1418,2750,645,1548,1368,1328,709,584,925,993,777,1022,1549,1298,633,819,489,839,2817,3230,2058,1135,1574,497,859,958,2523,714,530,2192,895,519,632,1728,1266,987
2031,3,821,1529,498,957,724,1712,991,1978,948,976,864,2362,672,718,2071,538,616,1301,841,439,826,421,1816,573,1048,2696,710,485,413,1623,506,1235,679,5378,2055,7138,3974,2013,431,878,534,1190,523,2258,459,1102,2224,375,452,2603,533,532,1491,690,1368,3202,430,1232,949,1286,382,369,1539,1664,1111,902,573,670,439,779,423,765,890,2648,1426,1227,1108,4108,432,1317,1668,774,403,652,711,700,762,551,1969,1445,1978,2111,711,1704,1278,5617,1491,1494,1014,667,908,578,1124,529,672,1762,982,739,505,2331,1030,2221
2031,4,570,1008,385,1612,525,557,609,1182,625,546,751,1408,419,514,1548,433,520,587,538,425,855,364,1651,444,1057,3866,667,1308,384,976,432,707,507,1795,1164,2817,1343,1278,393,608,447,710,386,1717,396,664,1045,350,426,1239,465,547,1169,731,1057,3493,346,885,593,810,380,352,925,771,926,502,420,629,414,409,476,1881,1366,1781,805,836,928,7587,388,914,778,505,377,453,548,537,742,467,868,952,940,1178,1420,1068,956,2196,1015,1768,824,418,553,425,608,1305,529,1025,453,492,477,1518,1644,1219
2031,5,422,515,602,867,412,437,487,752,486,681,487,561,549,390,678,375,384,409,553,503,591,350,1084,383,574,2157,376,431,369,834,412,558,420,963,655,1758,571,819,378,513,405,418,399,651,391,511,649,342,428,526,399,429,507,549,708,1454,339,770,556,525,441,345,536,482,628,402,440,502,435,491,405,692,601,646,560,597,625,1266,472,1289,524,407,365,412,468,495,607,457,457,662,549,940,782,745,846,1617,593,868,622,361,485,389,512,411,435,543,412,407,1791,996,642,753
2031,6,443,526,380,431,634,1068,423,470,470,627,404,746,600,368,471,381,395,384,781,499,419,398,533,373,501,937,352,440,376,437,539,542,428,633,581,868,451,550,404,411,411,396,375,595,454,451,589,583,382,557,460,406,417,403,425,509,369,458,509,430,625,417,431,419,433,408,423,387,466,443,419,481,473,524,462,447,505,615,403,621,420,382,398,423,397,427,510,437,396,511,470,455,417,524,433,991,475,501,419,465,387,401,434,401,426,447,426,418,2408,465,453,516
2031,7,1221,918,1321,1089,1373,755,868,865,937,1090,497,1284,1116,631,963,1109,812,1032,891,866,1075,616,1020,552,916,1068,632,790,694,1826,954,546,866,2148,642,884,675,1896,1176,570,700,681,680,913,528,834,717,844,533,591,796,614,989,799,475,737,785,732,903,1076,1115,789,1063,766,968,711,1027,739,932,947,725,698,994,1273,1158,708,990,787,598,1406,1003,511,620,679,851,774,617,1137,938,586,822,620,1217,1128,667,570,817,967,627,803,666,634,617,942,779,751,827,904,1175,689,1170,756
2031,8,828,716,1071,636,2403,1721,1083,1295,1010,866,533,945,1105,980,741,805,772,1182,889,598,1079,1306,967,791,759,1083,508,1140,979,1951,1200,710,1215,1699,1870,1255,1243,1096,1207,870,802,751,1608,1306,976,2356,841,1113,1794,784,1206,1988,717,775,589,1266,577,687,896,1791,1376,663,903,517,1078,815,1252,1120,1034,821,555,1537,1021,1087,1146,798,1129,927,545,1750,733,758,568,586,1722,648,639,1431,910,1273,1147,641,1478,1861,474,771,784,500,463,1393,793,612,1048,954,1346,1311,1039,1097,1372,829,1080,790
2031,9,715,701,504,430,764,919,3513,895,1156,644,1106,1717,1339,842,1199,1367,759,822,1552,755,904,2853,703,371,1896,518,450,1630,498,838,2208,2517,631,1805,1006,1261,896,1292,764,1137,436,848,2554,1603,654,441,562,539,1688,381,821,899,1272,626,739,2880,1312,663,513,1217,904,463,464,884,860,800,885,961,910,540,473,2395,539,763,1426,391,483,891,374,762,1718,954,954,853,1011,466,889,7909,526,1350,787,398,1054,1259,630,388,2056,377,417,2927,671,819,933,864,904,755,515,3207,1287,465,610,491
2031,10,401,425,424,414,755,616,1644,1190,422,390,900,644,476,402,976,1547,1500,650,1481,2306,1089,2137,1117,352,959,512,911,942,349,426,1180,1320,736,537,789,797,705,1720,5153,631,376,596,2222,2044,1608,388,630,1604,736,1133,1240,768,1695,384,374,977,454,2996,2247,586,480,397,376,1470,567,1379,639,427,478,978,396,1196,394,1038,765,2533,468,1143,6444,679,471,363,956,5172,1298,503,1122,1764,1313,395,533,401,557,797,1199,406,559,391,629,1973,382,1688,941,400,1287,377,421,2570,5764,419,1176,364
2031,11,378,899,991,417,3705,3048,2166,593,4722,393,867,867,1198,363,1426,1688,658,670,1607,2541,421,1457,734,412,598,530,805,412,472,532,526,1240,2588,459,1660,505,1228,1317,7045,927,1938,552,1518,1996,1878,621,574,1529,1242,536,2059,616,2982,1376,411,792,1692,670,2439,1856,455,578,638,908,904,423,566,735,364,986,355,680,607,799,607,1288,712,698,1216,1235,620,553,520,549,555,391,761,1079,899,441,393,441,679,2027,654,461,813,1150,624,1418,356,767,713,558,767,477,421,619,3823,619,632,360
2031,12,1210,1077,1317,358,1547,626,1930,1958,1897,1973,420,1610,566,436,540,633,1158,1205,1657,2947,524,3169,498,346,738,424,619,1440,642,1230,987,509,2303,542,694,4720,712,538,2463,3085,398,1871,2181,2489,604,440,1109,694,672,961,2736,435,841,475,1152,1312,592,1683,1617,1672,373,430,720,924,436,1176,2581,628,355,424,923,3346,392,1095,557,534,531,627,1453,460,569,2981,372,927,419,1400,660,1873,435,709,509,604,1153,1499,1927,852,6708,424,1587,621,430,843,1569,1412,929,654,359,811,623,579,1642,357
2032,1,1038,1100,1303,383,735,1275,1435,598,2611,1045,441,1078,1117,392,733,1593,919,720,5687,1698,501,2701,444,354,459,559,679,1140,1918,2996,536,551,1100,734,776,2295,475,554,1516,2080,1006,557,3534,1121,815,1250,862,836,837,490,2804,399,713,748,1079,2752,1091,1737,2363,2084,417,588,424,1386,537,653,1496,950,365,411,504,2996,963,1159,1387,602,531,1002,1872,526,482,1092,518,1079,792,1241,476,3735,935,703,933,7691,590,1084,1558,1173,2728,701,897,828,467,991,3176,3139,744,754,396,538,814,872,1027,2720
2032,2,619,585,619,425,1125,918,1457,1921,3462,3252,969,1851,1735,856,743,2232,1077,1276,2709,2204,569,2523,1081,352,447,567,676,1140,1026,2668,663,1382,932,1741,641,1754,1387,967,1021,3131,507,1696,4431,3000,671,639,1447,811,614,527,2666,713,747,1407,875,3351,2756,2794,2414,3129,732,452,417,795,650,637,3912,2520,938,484,4787,2749,1155,1333,908,568,694,1146,1942,1719,833,3246,1997,1793,451,809,955,3156,501,785,1071,1027,2009,1740,1073,676,2931,944,1644,2859,379,1925,1938,1844,680,1074,628,523,901,675,960,4012
2032,3,486,1212,550,626,1181,1969,1186,869,5443,1032,857,1091,756,1250,688,1195,952,1005,4242,1567,473,5739,545,336,2734,400,671,2487,648,2389,615,983,731,2542,1816,1489,1019,613,1277,3458,746,1572,2383,3886,795,844,1962,846,484,1559,2585,2248,933,612,953,2058,3735,1505,2773,11860,382,707,376,1317,601,447,1971,625,588,470,1914,2848,1681,804,537,488,1166,718,1800,664,424,1620,783,1438,473,1909,1834,2980,1748,1373,710,1333,807,1420,1281,444,2518,568,1441,2258,666,892,2942,1556,636,802,1966,600,666,416,1007,4717
2032,4,419,873,439,402,615,1504,777,649,2134,694,626,753,725,587,555,1146,591,655,2281,1243,407,5347,457,334,976,399,411,1649,602,1506,472,893,533,962,618,1248,722,497,747,2053,923,572,1661,2125,742,604,1103,589,439,667,1098,656,671,1107,532,1108,4258,957,1683,8680,396,444,399,644,480,412,951,664,386,592,956,1613,620,577,483,432,646,776,824,511,461,1402,539,902,403,976,2363,4458,540,496,414,975,973,808,1219,420,2067,601,1119,919,865,641,3085,1574,516,450,2688,445,508,470,940,3732
2032,5,397,718,480,410,492,539,537,598,974,472,444,525,458,421,412,609,478,443,1284,1097,498,934,425,401,473,393,415,948,416,656,413,1950,447,705,466,641,490,577,571,991,400,486,697,1388,451,638,909,430,440,443,588,523,480,681,416,595,2974,633,962,2319,386,396,354,462,419,385,517,448,385,444,1117,999,459,451,427,499,408,442,525,437,381,1041,432,539,417,523,661,827,446,621,414,588,709,524,649,447,1039,405,593,691,359,469,1114,1371,608,411,839,415,2282,836,555,1595
2032,6,569,405,460,597,414,452,465,429,545,414,424,499,416,493,389,449,397,669,557,506,501,538,487,423,404,445,478,534,411,480,382,1792,452,771,469,510,531,409,435,539,579,565,557,654,442,432,507,552,382,390,510,403,400,419,460,529,1145,541,492,807,406,861,462,525,428,378,431,391,390,370,597,535,547,633,420,871,384,525,442,416,434,511,407,431,378,487,615,586,427,477,521,424,454,463,446,500,699,377,480,987,352,426,650,516,456,464,1654,386,706,506,666,546
2032,7,1271,908,1303,1081,551,710,684,710,740,707,527,877,827,1362,871,817,556,897,651,908,602,587,1114,598,771,556,783,850,924,636,1170,1631,1067,907,1561,974,1462,568,772,928,1150,963,1714,794,961,967,603,1679,608,693,939,1017,632,1001,851,1163,1134,702,1094,1029,668,530,757,864,656,1036,624,759,977,943,1031,1046,795,948,540,1107,976,1369,617,878,864,664,1030,694,601,995,614,1567,785,677,826,983,1012,757,610,1213,1471,891,742,1059,535,730,1332,1149,601,1194,1626,770,795,1116,889,665
2032,8,1484,821,1719,1078,725,757,819,730,833,814,476,838,1501,869,772,806,1015,656,1387,990,1600,539,1345,555,1020,388,804,977,1078,996,697,1420,1604,2379,1655,1077,830,812,1966,1289,938,1863,804,562,1706,2035,513,2669,846,1042,1399,946,637,2600,1578,3591,1551,847,791,927,2408,646,848,637,883,481,1866,2214,2837,1966,1084,1465,1314,1174,597,1181,1930,1206,519,1200,899,925,692,1074,1127,824,728,1233,679,895,1447,847,772,632,1997,829,1026,1133,1441,2370,568,905,2181,1526,1238,1331,1471,955,753,1400,932,750
2032,9,1206,424,3077,1554,495,441,510,1030,1106,720,720,416,507,541,548,950,973,814,867,835,1280,1224,1129,337,507,464,352,2142,373,606,489,3046,1057,1419,623,3951,592,771,1095,1195,651,3431,1096,403,1017,3460,819,1586,1758,665,985,620,388,1574,1140,910,1121,426,720,632,399,979,524,430,1626,640,1648,1748,1635,934,552,2330,2961,2007,445,383,952,549,1220,590,1143,1413,766,3426,755,594,737,678,1421,368,843,782,644,1736,1200,1149,1166,1057,2446,1010,396,578,1364,800,1284,1014,903,782,1025,541,773,828
2032,10,1639,845,1146,22884,1423,1317,379,1064,1153,1714,920,419,402,396,557,2679,385,681,506,397,887,822,886,318,360,494,390,851,378,797,781,668,383,501,406,711,1341,791,583,1547,867,3142,1071,882,1397,1677,601,2236,1333,395,634,825,652,2010,1332,480,705,496,905,3198,502,388,441,381,4547,474,1112,1532,564,945,502,462,775,543,487,521,444,510,944,391,3778,2881,362,1593,1052,1027,651,649,424,368,1545,2524,1522,713,737,1763,875,553,677,519,1131,371,1551,659,1014,539,627,641,484,567,730,1946
2032,11,996,1130,592,1299,430,767,358,784,563,2784,373,1421,399,672,448,947,929,728,640,375,436,1866,1089,740,359,846,568,655,677,389,404,1499,452,424,441,633,969,1708,795,932,677,1261,621,388,865,3003,361,1695,765,1915,466,3188,634,760,1560,962,488,405,1017,1319,1305,530,366,1310,1023,450,1644,1270,1249,633,1219,787,3425,856,467,396,516,529,472,692,903,555,355,799,438,405,665,1372,667,355,1188,2938,529,2667,407,731,1074,404,415,1650,782,512,733,570,735,380,607,784,547,464,1763,2055
2032,12,1534,457,535,1142,686,605,749,518,478,2652,395,3196,429,376,464,571,537,2584,422,1334,444,472,1852,356,377,1100,421,417,358,600,383,805,1004,928,1577,993,904,621,7281,1779,2306,1940,1726,2525,1234,2314,525,659,7468,1077,1396,882,411,619,1091,608,404,371,1299,1700,1304,485,338,1644,1497,402,1130,691,803,725,790,786,2718,2003,407,361,775,1529,984,821,981,1341,352,623,559,1551,1399,1127,509,844,482,2608,448,651,425,3955,1349,642,419,889,738,1670,649,1038,671,594,835,426,2122,1510,617,2028
2033,1,2013,1523,748,12870,640,764,1113,453,4312,2532,367,1388,812,348,863,840,1478,1672,377,1359,495,597,1202,639,1069,1662,940,926,2420,490,363,682,1034,2209,1937,1465,668,1105,3863,740,1701,2135,2629,2072,1171,3820,383,717,2504,1667,653,986,1087,773,1077,1492,974,1112,1202,1947,738,641,358,605,2097,770,892,581,1153,449,1759,876,2719,1941,363,1220,522,999,1775,425,842,887,964,616,425,1160,1104,2395,815,621,516,1633,456,599,939,1935,1933,387,628,871,455,870,609,1408,1676,410,762,1308,2241,591,620,1767
2033,2,1168,694,1336,7107,538,521,550,650,1744,2320,783,2617,1575,363,1684,1768,761,1164,696,1456,1081,795,1780,1187,636,1579,895,1909,1328,483,390,745,3156,2386,757,1779,635,914,4064,1005,1032,1695,1155,1321,1290,5439,487,1557,3278,1159,1282,1135,796,628,2005,1402,1429,448,1236,2448,863,361,416,569,1061,831,776,726,3120,704,1396,1110,3095,2255,348,1560,587,709,929,644,2176,733,1073,1704,389,1482,2718,1731,704,1884,700,3709,1116,660,771,2077,2592,376,689,744,492,1066,617,1006,945,971,1175,1337,4432,1597,488,3090
2033,3,834,586,1907,2468,719,602,433,732,2401,4014,855,1196,1369,343,1840,1198,491,1171,2168,728,1814,2409,1367,630,631,749,495,757,1158,1978,498,1655,2217,1779,2054,1463,834,1411,2985,1400,838,1145,1743,1903,762,6478,1118,942,4003,822,885,2215,418,716,1767,2277,2366,1006,2714,1620,556,453,978,892,7220,1496,876,1560,2157,827,1960,574,2280,1802,344,1187,710,3192,760,420,3085,626,603,1271,521,2192,924,4041,406,1700,986,2022,661,531,575,3373,1119,377,1515,612,843,1019,615,952,595,460,1086,1612,2848,1019,1170,5642
2033,4,677,449,825,1137,550,507,424,533,1440,1568,519,917,2360,337,543,699,466,937,1579,757,600,934,642,712,459,638,414,641,785,777,364,694,1435,885,836,1174,493,542,1402,735,715,779,1206,1635,603,3060,1895,654,2429,676,535,1301,689,542,868,2694,2444,566,1219,1436,449,344,354,2207,4580,576,504,1591,1502,559,914,478,1619,1923,349,606,442,1500,613,383,1082,486,1370,725,380,763,601,2392,440,575,519,1416,419,445,531,2194,771,369,517,472,626,860,534,1597,527,552,661,676,1246,855,819,2425
2033,5,548,415,540,712,4169,410,380,406,836,725,393,850,533,388,433,492,472,474,612,502,451,510,489,441,376,452,377,453,486,2541,524,556,864,639,706,809,439,467,1905,552,502,717,550,764,467,1860,569,463,1077,544,2288,579,543,456,516,803,1113,423,681,649,412,366,422,902,1732,436,435,594,605,461,489,614,7362,895,339,527,409,713,503,379,551,421,934,484,396,502,496,822,376,442,445,771,407,600,455,783,558,363,433,418,377,586,571,1199,511,728,1525,607,952,480,477,903
2033,6,441,894,436,505,687,422,501,396,457,974,364,471,2165,413,408,433,541,849,494,483,397,471,438,435,385,445,691,407,483,527,392,673,473,774,487,475,438,481,638,440,439,472,509,600,453,707,549,425,1194,423,815,480,406,402,476,485,476,449,432,477,383,322,380,471,700,576,503,416,510,441,776,419,1853,479,349,477,474,439,445,461,456,387,509,462,515,455,675,612,377,399,421,656,380,424,397,553,521,399,524,456,369,1017,420,485,397,568,545,462,555,416,422,867
2033,7,669,1158,1609,605,2815,815,646,696,1084,633,610,722,1256,699,936,864,722,789,1136,1185,429,799,682,1178,879,729,1026,1296,2638,2089,667,1051,694,675,1091,1089,650,1208,720,620,1031,994,1087,1102,733,992,678,830,2495,764,740,568,934,905,696,676,703,943,990,944,705,589,411,525,1060,453,724,952,1177,551,1301,881,1482,1429,732,730,1100,702,615,682,675,920,865,989,668,637,1062,741,412,639,605,1789,737,1029,677,921,652,601,588,1284,706,1022,563,662,792,724,1512,1293,722,892,657,1253
2033,8,636,1363,2291,1506,1527,1731,470,501,1188,932,459,1269,1608,539,1302,1275,1009,2281,1501,1022,948,597,645,958,607,1053,1526,1030,1836,1954,1387,2037,748,1219,1194,2585,875,1063,981,502,895,1036,1881,1348,1496,1484,864,794,1520,899,816,541,1467,1358,1530,944,1688,3482,1151,991,927,706,414,1003,616,514,2413,815,2146,983,1561,685,1262,1737,1191,862,1016,706,1229,603,735,880,1355,2035,426,931,1430,1111,957,835,680,1317,1447,686,746,825,2484,928,769,1475,866,760,693,1228,738,987,904,2813,1475,1176,1028,1130
2033,9,792,819,903,1140,1373,965,356,525,974,480,648,1334,636,659,1228,1335,638,649,1386,1195,915,623,904,1204,698,1089,996,484,756,1983,1124,783,1499,962,984,465,617,468,1045,420,693,884,849,641,570,530,1027,413,1787,476,416,446,1729,3812,483,1942,1178,1370,1192,956,968,391,481,520,417,948,700,607,1249,523,643,1005,2602,697,521,1689,1643,2307,659,649,680,1463,1262,4131,371,658,499,1289,674,703,527,1085,2151,736,710,890,543,586,854,739,693,1217,384,718,1115,462,919,574,1544,1040,529,1016
2033,10,427,3392,1161,783,6949,1057,351,1201,3102,445,1623,801,986,328,638,411,816,419,1204,616,952,575,2545,9109,438,375,2025,634,455,713,402,1013,1746,462,780,478,528,401,667,388,695,1186,514,883,435,386,361,527,4670,825,374,770,853,643,597,1609,421,457,640,953,801,1706,659,635,369,2439,1478,468,695,972,388,425,802,11006,633,426,1018,9137,428,982,440,943,1152,2773,1383,832,708,795,1439,2507,420,1738,1241,1896,786,592,4786,1114,843,392,346,730,710,1436,866,2753,8106,1030,3549,791,2111,720
2033,11,361,548,475,4149,1508,651,380,423,1055,364,2455,1720,1701,422,396,506,745,417,769,2372,1288,779,1447,6704,385,1444,1233,734,571,708,662,1019,551,382,4709,421,434,660,492,378,434,896,394,962,1139,372,414,605,1970,489,361,360,1471,1263,540,1471,750,469,636,1035,773,641,579,538,1203,595,577,598,556,395,717,792,3348,699,885,659,509,593,373,753,779,879,577,21063,1085,549,746,617,427,922,393,461,668,791,836,1148,1998,1692,456,779,473,513,898,1007,404,863,771,607,2213,2658,546,1011
2033,12,611,955,427,806,2473,508,347,3020,789,363,1478,1975,873,336,416,1119,1565,705,828,865,787,741,1500,7501,901,2455,1222,749,478,443,824,908,447,471,1328,935,3342,442,539,440,1909,709,378,3591,772,2332,400,377,2600,2626,387,494,2562,564,1280,684,392,1735,512,1806,453,1104,787,509,695,1953,811,572,1535,1108,1028,1020,3869,847,752,395,3056,571,2120,456,1028,620,1814,4642,762,1213,2589,688,404,659,626,1182,505,597,521,931,2880,1358,890,610,341,3336,515,1178,2864,1021,1766,797,1391,1517,513,3463
2034,1,391,864,1021,2033,1907,534,436,1871,3642,674,2099,893,1583,437,383,1433,619,422,888,2051,753,460,1491,4660,1179,1304,835,3577,949,651,874,621,496,1030,1932,1008,840,1463,616,387,462,517,703,1545,1267,1069,1096,1870,3441,814,1411,1391,1226,987,1908,556,3614,821,477,667,998,1315,1804,486,1289,2621,1837,389,952,3182,2989,496,4512,1520,1759,449,892,969,1185,587,521,636,1389,9919,1955,748,682,3900,389,569,689,882,459,3591,736,916,4673,1329,405,1882,1569,1345,936,799,2659,1715,2324,422,2928,1215,9129,4544
2034,2,717,726,688,1943,2113,939,338,1108,3336,725,2441,1000,2464,432,904,1753,662,567,1691,2895,628,560,3503,6933,3161,923,1552,2073,450,1632,1788,561,680,665,2218,698,895,3469,1091,795,1041,774,1168,1120,1218,1400,1893,1114,4991,1102,620,545,911,2367,1094,1040,2617,584,2014,759,723,1464,858,371,634,3384,763,963,961,1606,3338,507,4565,1168,1030,540,1241,1245,983,934,1278,472,2516,6356,675,1044,688,1966,427,824,750,1694,532,5418,1397,1129,5159,6679,558,712,875,1458,1143,1592,2609,2525,1823,502,3620,8124,3967,7184
2034,3,744,550,499,3679,2319,1371,336,859,3148,375,2154,782,1222,372,401,1143,1130,414,1016,4421,933,846,6113,5584,1994,695,1128,2033,406,4762,1320,579,434,479,5532,1281,806,2648,603,1500,1932,565,647,1351,1070,5477,1511,2073,3288,1379,4827,427,612,953,835,768,1971,1397,1136,818,685,786,1455,368,1916,2431,931,605,570,1336,4015,502,4120,1531,2323,580,2287,1095,1626,698,638,607,3563,15620,607,678,555,1173,624,809,488,1001,625,6182,1389,1076,8681,5230,732,2491,2166,1937,562,869,3288,2126,2644,460,8682,5196,4171,8238
2034,4,401,455,416,1401,1086,532,332,626,4046,365,1076,611,1209,345,401,921,554,450,594,2150,618,617,2737,3570,1080,553,858,1006,426,2038,732,441,883,530,1749,794,717,1149,420,774,989,557,426,1096,711,1486,859,861,2134,971,860,393,512,708,680,484,1130,691,523,1200,475,562,667,390,938,1379,666,493,537,962,2667,835,1611,849,1471,409,1510,657,753,564,535,425,5624,6030,479,535,519,727,370,624,379,724,432,1942,934,732,3868,3282,393,1846,745,1360,490,702,2002,1039,1459,392,4654,2781,1997,10331
2034,5,428,716,461,618,575,454,329,478,1358,360,673,456,574,500,368,486,415,430,479,1049,537,617,1471,1854,884,431,499,639,374,908,449,502,420,397,606,933,512,757,400,399,725,404,650,750,456,785,445,498,1342,644,485,561,436,1077,745,501,828,659,432,771,393,446,483,360,576,689,502,381,521,494,1627,404,839,643,1086,420,707,455,543,405,498,394,2223,1852,459,862,487,550,357,438,536,471,390,740,545,442,1387,3178,385,711,447,843,522,474,990,571,668,442,1490,1006,813,3053
2034,6,380,396,420,738,526,459,375,551,522,404,577,401,503,371,365,634,395,400,445,509,421,417,845,728,836,612,427,448,375,566,461,414,475,473,634,409,481,505,523,382,510,505,379,426,402,551,889,542,688,449,492,417,469,522,448,447,573,438,527,521,403,411,411,383,412,551,414,379,442,418,870,462,560,595,452,376,472,442,431,583,393,406,1675,756,449,444,414,583,469,390,370,427,433,549,840,464,620,1241,374,488,404,537,511,402,546,615,740,523,593,623,500,1275
2034,7,618,1077,884,766,721,554,914,1101,1365,633,1340,577,4921,978,811,1142,841,689,735,994,1033,690,1800,2218,944,733,595,991,2359,651,1342,926,1551,809,1555,687,579,812,883,882,917,754,651,655,511,1136,1642,1005,1799,874,999,663,937,1442,1014,890,650,811,566,667,1092,781,1132,1114,647,841,1087,663,859,896,1004,887,857,1661,1027,1232,674,741,1065,1032,507,1222,1200,634,892,1013,600,694,952,644,682,754,702,694,692,788,849,1569,985,814,551,1500,964,1157,1043,1576,737,1031,772,1153,1170,1117
2034,8,1489,1046,1074,658,1625,867,646,1417,1324,737,1175,3081,2174,1853,646,1054,1097,626,583,881,605,731,1201,1533,591,1115,872,672,1463,654,906,1224,1350,1554,1021,696,985,1024,1062,2924,823,1095,643,2089,608,1816,1540,1368,1080,865,1533,1394,1657,888,868,879,1051,3572,722,904,748,737,798,986,740,764,775,993,1141,1450,1340,1888,1001,1596,856,874,642,512,1033,1752,559,1262,1229,660,647,1347,1169,1674,1114,1014,1366,1132,729,1043,933,805,691,1517,1112,1292,805,1984,802,2013,1208,1783,1009,994,963,948,788,1106
2034,9,849,3017,1434,837,664,504,415,1074,590,464,1210,1179,837,1166,680,789,1066,601,479,818,793,2208,668,1273,400,887,924,515,515,456,764,1248,670,1449,1111,1124,453,571,738,775,2478,420,1010,872,565,783,1608,598,628,424,1206,699,750,2921,1088,431,2830,2309,406,933,663,525,518,829,435,452,903,734,1049,1611,1220,537,1273,1513,3912,383,438,381,1813,1903,393,548,849,604,726,791,1484,485,922,1794,1050,1109,415,1437,2169,558,693,605,765,968,435,840,461,648,1256,1555,1512,998,864,483,759,1368
2034,10,2348,2550,724,1731,500,447,347,466,477,839,1440,2903,3073,675,760,2705,1323,1716,443,1630,916,561,743,909,369,2557,450,837,692,901,497,445,385,946,453,882,701,810,523,476,1283,876,1278,1326,425,3532,1165,424,2501,369,1454,423,427,1410,1443,391,536,694,363,373,1231,414,1061,1183,386,525,1363,431,992,13401,952,3981,2115,639,461,384,1153,457,2302,813,400,1578,1361,1036,785,700,1155,693,399,2556,372,659,470,3505,783,941,631,536,496,789,736,582,387,836,418,708,467,675,418,397,525,1500
2034,11,1235,788,512,2184,377,472,354,385,589,533,743,508,788,1078,809,575,882,796,448,1022,1103,3884,827,527,879,717,464,480,461,2601,366,529,1153,897,606,552,575,662,568,387,528,442,1400,560,392,2970,8973,489,955,525,464,361,399,2805,413,583,781,1053,357,577,488,570,538,709,394,503,1954,465,591,1913,2533,532,1008,732,648,351,431,543,491,430,522,673,964,778,1072,954,560,1202,501,589,418,386,686,1079,538,608,1398,631,2780,1601,687,419,1335,502,415,535,404,721,537,368,546,517
2034,12,762,644,5736,2238,618,462,2368,3004,674,714,693,525,747,449,966,513,1009,748,551,1909,978,723,516,1764,377,521,452,2600,613,610,424,385,847,1747,430,3471,3095,739,484,397,898,435,1582,1173,480,1867,1344,1388,669,1884,1698,465,373,2383,504,665,1449,1402,354,491,444,366,593,1741,361,793,659,374,2200,2881,1859,1123,506,2099,1194,592,658,2023,2841,858,2355,674,2288,892,1550,612,870,552,650,508,2820,4689,1415,613,3047,1182,1121,453,1405,1345,1332,550,387,2957,2630,429,456,716,3420,1030,2304,824
2035,1,1136,965,4107,2041,692,1555,684,1413,1128,814,656,700,876,812,1764,514,602,1882,1032,2447,1526,896,445,1095,1026,860,1533,925,1846,609,1887,409,475,637,430,1814,1439,1136,658,548,1679,550,1433,3959,410,2737,1910,1778,2323,1136,1727,1198,507,2850,722,726,2163,1473,354,818,642,1306,544,914,441,3208,985,409,844,5812,3691,1359,569,1530,1155,625,575,624,797,786,916,1288,2416,1588,2754,1151,443,657,398,1615,3386,1763,1173,1477,1255,1259,1306,507,1493,1231,1055,464,603,957,2603,499,479,904,1347,1030,704,560
2035,2,1416,857,2407,1205,1857,670,461,1198,1249,546,1480,1362,1225,897,1147,657,632,1491,477,2201,1179,2057,969,740,409,522,1584,1498,1412,523,2043,861,437,611,677,1500,2214,923,396,569,1235,380,1177,2316,1635,2199,1526,936,3059,2537,1791,841,1764,1852,596,401,3086,1546,862,1585,3150,776,584,1689,382,1655,702,541,670,6274,3266,707,528,1095,1483,543,750,559,1500,460,1868,749,2772,903,2552,1015,762,496,450,809,923,3034,592,1711,1787,1736,3933,448,1305,2047,1558,754,1591,1269,2544,474,1262,1763,1385,1127,877,643
2035,3,958,1223,3788,1440,790,578,601,1385,1867,456,1081,1201,2667,617,1074,1063,1298,753,628,4336,1430,2249,1030,623,1406,586,956,941,1494,1163,1494,625,421,539,393,5967,1901,2298,518,1417,1625,398,4978,3897,544,1180,2584,1263,1180,833,1771,475,571,1561,562,513,2286,2171,386,982,5616,926,1255,1049,365,1712,840,1375,551,4115,1465,971,632,5507,2372,814,1673,1234,2897,474,1269,977,3245,826,3909,1700,1451,692,590,612,1727,4615,607,3095,4674,2414,2802,408,992,2678,906,406,984,2855,3472,499,3294,839,1423,1332,1461,558
2035,4,631,740,2646,886,463,699,437,825,1179,395,756,759,1738,468,595,470,652,629,391,1356,881,816,492,518,675,533,525,629,923,518,1462,453,412,489,381,4511,1682,701,449,591,730,394,1883,1921,405,753,1120,602,674,572,857,583,409,755,406,446,960,1491,351,586,2006,457,526,624,478,1038,493,592,479,1462,777,966,771,1685,1641,523,654,741,1422,466,1273,590,1757,1071,1782,684,504,696,617,624,1335,4301,439,994,3605,984,1390,380,991,1421,569,395,497,1827,1823,614,1282,525,912,650,660,455
2035,5,552,478,1503,527,490,700,391,604,589,372,520,484,649,619,435,520,438,618,373,797,590,492,503,440,438,618,425,467,613,810,955,402,450,415,429,2791,944,832,383,394,493,356,608,699,391,584,731,554,503,434,578,404,387,527,383,363,554,1158,482,458,1001,407,401,475,347,686,420,398,458,683,627,475,481,1083,856,391,497,523,777,397,539,437,1039,497,894,472,460,420,2902,471,660,1680,684,577,1715,840,1568,372,1079,1269,466,460,539,839,694,422,648,721,633,453,507,405
2035,6,585,828,526,520,459,462,528,564,435,363,496,406,477,503,466,464,397,834,384,474,415,535,465,406,470,623,427,497,555,665,454,454,368,401,368,754,567,464,508,473,623,389,459,565,404,457,553,463,432,611,512,388,467,529,375,365,444,557,369,467,491,428,597,456,346,475,566,360,412,553,647,417,532,682,438,509,418,393,568,403,451,434,536,557,723,405,553,401,1567,440,462,571,593,452,766,465,501,520,516,509,444,487,432,592,720,394,437,559,468,441,570,406
2035,7,576,1271,1129,893,747,905,837,794,1148,561,612,691,1177,933,1019,961,723,861,1089,965,432,1023,1551,793,615,1140,953,805,713,1272,889,1127,525,1009,994,1167,1032,524,835,856,896,944,829,660,562,908,675,742,561,638,988,1250,981,977,860,981,721,1070,874,1066,1061,523,864,1307,936,740,1926,840,790,1007,1326,696,1253,1245,1301,1427,668,982,998,757,802,807,492,867,839,2142,792,662,1300,994,868,894,873,1300,1175,777,685,720,1340,962,758,870,975,634,857,710,888,822,1120,956,678,878
2035,8,1010,711,2101,1405,773,927,1393,2313,627,422,2003,854,1488,892,1595,1662,561,1072,953,1335,521,669,1191,1321,733,1204,1265,575,1129,773,899,1320,1388,680,1591,1523,1020,575,731,511,844,1032,986,702,556,977,868,932,1378,805,1244,1450,892,1514,542,943,1055,1215,1121,1183,713,828,543,1591,884,673,1167,1441,2045,1266,935,2149,624,768,1641,1084,998,1050,1235,596,1053,1262,937,1353,937,1174,985,757,1061,1941,1179,945,694,926,787,836,1274,1292,637,948,915,985,685,1168,676,677,1050,987,934,1482,907,951
2035,9,711,2398,1914,1298,377,1057,607,771,634,449,1381,1027,1073,602,1408,1141,1395,596,962,805,1041,381,1011,566,479,1189,1450,541,571,1225,595,1249,888,995,1364,502,1039,372,1193,1210,1012,1160,1005,583,2044,469,2591,627,1739,952,718,657,619,780,991,729,1367,1261,750,1332,1615,584,402,1626,788,469,642,1375,1623,2709,2668,496,833,542,644,1583,482,2330,1009,1217,782,796,850,578,996,2467,837,831,1505,1712,993,830,419,1433,426,1225,7466,1959,776,729,703,696,425,1090,1587,488,423,452,481,606,834,1135
2035,10,698,3107,723,661,506,851,1443,647,4647,1055,641,714,1722,1284,2098,450,904,620,701,4675,1797,1626,1281,370,589,793,992,391,404,1217,713,445,596,718,2350,414,882,918,462,536,2577,820,823,455,519,655,671,396,3724,3946,1032,593,733,1328,1008,387,566,2049,1874,4071,1743,355,379,948,989,887,1239,937,1026,1384,1765,496,1623,438,3053,769,364,440,927,557,986,491,498,715,1127,1789,1180,819,907,582,1610,2933,2117,404,405,445,1539,810,1598,1237,531,531,409,1313,1278,352,925,755,369,386,1023,14171
2035,11,513,1523,609,702,874,630,834,881,4268,645,553,667,800,2101,643,427,775,555,699,829,852,497,798,556,1186,571,846,368,446,567,400,577,574,858,4066,378,411,410,352,1582,639,482,1106,471,397,636,466,514,712,1026,813,600,1502,832,443,512,1191,1281,1013,989,2079,350,596,565,915,567,1307,512,446,632,1064,552,763,371,802,1082,412,2100,541,1171,1278,934,458,430,521,1675,1233,542,742,972,3204,648,966,747,404,374,733,5173,541,501,507,369,883,684,1085,377,437,445,363,369,955,1209
2035,12,485,2483,440,637,827,498,605,551,965,628,1698,2043,664,582,607,450,914,1003,2954,1574,4056,1898,648,473,645,516,5348,524,460,1012,1129,370,1172,1237,1531,385,1339,497,349,566,652,1744,1347,392,1052,2428,697,507,665,649,782,381,529,737,633,2122,612,755,755,1223,1967,349,387,700,3022,5113,2683,401,440,617,1818,7473,555,1439,1542,586,2667,1042,1060,2560,1404,397,1253,564,393,2291,699,1674,1244,2209,1840,1910,793,2536,432,596,1031,831,582,647,749,1003,368,2515,688,638,403,367,1130,1262,598,5737
2036,1,379,4792,943,1521,1273,1660,1796,1576,1043,1958,589,1810,1288,686,839,853,797,3140,2505,1914,2158,1260,531,733,2092,460,3652,1014,1639,777,1599,441,661,514,1065,509,7163,431,616,541,2141,875,728,617,1482,1488,492,371,700,930,3413,1374,608,2357,913,3169,4628,1029,606,2376,927,347,1248,511,3086,978,1544,741,866,1553,1380,3390,669,1134,5701,586,1950,990,3641,774,2154,630,549,1970,1098,1904,552,2650,1177,2107,1250,1332,915,1360,876,732,1719,1391,1137,489,1610,819,565,1803,523,1296,378,663,1533,900,1003,3820
2036,2,412,4076,623,529,1204,1088,846,1021,1822,1186,515,2343,1240,977,1905,744,1033,2379,1251,1427,4247,1436,654,756,1053,514,4593,1458,1975,531,577,388,473,1015,1463,379,1870,622,702,689,2000,1276,810,1115,908,1119,1002,853,639,642,2779,1047,481,2777,1424,4168,1809,652,658,3121,1629,375,540,1017,2399,1292,1065,1177,636,1481,1031,1541,1316,650,9956,549,1379,652,7018,869,3794,470,650,1100,856,1508,520,6872,1614,1673,1653,1788,1137,3370,574,1149,1408,2803,1007,1259,2969,1327,976,1612,1062,1018,656,1533,1225,1684,705,4682
2036,3,577,5390,1041,563,626,814,571,871,2712,1190,504,1300,2009,626,665,1348,1915,1313,934,1715,1684,1360,658,2180,1170,945,8906,970,1088,725,521,494,1337,635,2088,628,2778,381,865,1199,1008,898,855,622,655,1454,1391,1076,1668,1121,2659,2034,723,2375,759,4452,3656,1201,784,5398,1184,338,1235,540,1645,1021,862,604,868,1509,1348,1536,1503,1069,10936,541,1743,573,4522,919,4552,526,431,796,584,4718,684,2626,1662,1408,2866,1461,3621,3881,377,693,2554,1744,880,578,1129,1205,443,2897,1121,600,472,1258,622,1522,1811,8964
2036,4,369,2192,509,434,551,641,464,646,903,586,435,1330,1188,822,1071,437,902,1013,896,854,1172,1292,424,559,757,842,5462,559,722,1281,435,475,706,485,1444,572,1627,371,697,616,627,736,517,524,597,1047,718,427,735,678,1217,905,434,945,512,2203,1928,614,496,2918,834,336,708,579,1100,1440,703,666,576,767,1068,3443,755,510,4032,430,1033,474,2364,686,4377,391,428,513,479,1579,435,1296,1190,1106,2603,1221,1314,2427,397,610,1417,1984,586,488,761,589,379,1299,507,464,592,1288,550,685,669,4085
2036,5,361,865,408,579,519,474,416,478,665,794,404,757,1016,682,481,404,536,594,530,670,667,1343,394,457,599,410,2105,480,467,441,433,633,525,743,543,362,618,506,459,422,572,464,522,563,562,664,457,420,629,1645,570,623,385,586,783,1229,1003,453,430,1214,518,337,466,396,775,1030,625,403,500,489,524,928,471,424,1831,394,946,436,962,529,1224,378,391,429,394,660,401,682,632,628,1401,584,546,1090,359,481,557,1081,450,427,536,436,380,628,469,580,466,442,2376,546,474,1158
2036,6,355,614,504,647,409,404,543,523,453,439,384,447,501,740,562,384,415,447,719,509,626,530,445,400,513,404,939,406,546,475,492,478,384,419,494,396,514,358,364,379,1352,431,400,630,485,412,441,414,877,1584,510,434,370,469,473,554,476,402,400,526,635,391,403,391,466,483,426,389,381,444,487,503,425,397,670,471,449,396,683,567,614,378,418,394,389,646,400,481,731,482,550,448,439,492,728,484,457,580,582,434,520,413,374,467,400,441,379,444,498,451,483,613
2036,7,776,1016,832,1136,571,563,611,670,711,890,1093,668,1077,603,1112,744,846,984,1085,988,1085,594,803,553,615,757,1327,664,678,2585,568,827,740,985,907,805,582,913,901,811,2222,549,792,671,1096,476,959,1005,1833,884,748,808,463,1281,825,968,763,728,683,660,711,711,886,883,696,895,782,1014,790,712,768,721,960,950,1132,639,641,482,928,783,1015,698,571,949,707,900,457,868,773,912,1082,699,907,827,530,754,1239,1038,1813,688,1067,609,3521,1140,861,590,631,803,993,771,666,668
2036,8,937,663,968,1167,707,1060,699,1179,872,1071,2016,751,1280,616,1487,606,1122,1123,2733,1090,512,582,2647,1046,505,1042,1574,850,1768,1892,1324,1180,1143,1530,1831,810,860,693,939,1276,1132,472,1123,612,1291,674,1047,789,1538,1155,2651,1191,643,1178,831,1195,1356,740,590,634,2108,1167,633,665,845,1583,1471,998,1701,1524,1049,591,1309,922,1561,2444,674,736,1578,690,953,921,611,681,766,1034,1034,1317,1191,2237,1698,681,2436,681,690,702,1757,718,3260,677,1748,1057,1907,1061,2804,1690,1728,669,1200,531,770,1061
2036,9,1117,521,1285,954,405,910,452,2081,573,633,1365,968,2891,474,1417,821,791,576,549,1090,847,927,2332,700,550,931,1337,491,405,982,685,365,1036,1525,954,490,1446,495,989,933,3253,2977,1899,1221,2789,444,415,423,852,545,1152,629,582,1030,649,1326,1975,1109,496,394,537,1596,487,2065,1191,667,3895,1084,1309,1153,551,476,4975,1104,2655,1163,2344,964,1861,738,1096,1018,1011,654,1021,1898,1004,1638,748,762,1295,708,3007,420,458,1269,1101,783,3167,412,1911,668,668,1106,1368,1554,529,823,1265,496,427,996
2036,10,2389,555,1905,550,719,6416,666,597,1614,370,1396,648,1031,497,977,425,623,1902,585,691,393,1783,511,2897,755,714,733,834,738,818,687,398,673,569,577,549,603,423,747,839,1377,1659,1453,2459,887,404,800,451,684,1124,1502,974,439,1804,1062,999,1800,1036,2929,1357,384,861,895,487,1396,639,511,950,1670,2493,1406,1409,588,1219,726,965,1045,726,665,489,675,1386,491,2506,367,920,1119,1824,846,2149,1205,1038,1732,1404,374,1743,553,990,770,704,895,472,463,1782,484,1056,682,445,644,419,772,1031
2036,11,485,369,1030,868,376,2447,366,876,439,373,516,2322,893,348,806,1214,618,528,1983,591,430,927,3280,570,1244,664,418,387,873,1547,380,378,504,435,932,629,792,654,404,627,1547,627,461,853,1709,508,1047,433,1202,559,691,861,349,1700,1049,1574,3046,840,896,798,418,409,411,796,458,718,439,941,716,1174,559,988,2960,560,1334,1310,975,804,610,475,438,1045,412,780,537,675,912,1498,839,820,1126,563,3079,5992,396,989,999,809,552,625,461,383,625,451,581,577,1049,737,587,585,360,748
2036,12,530,878,673,1920,533,1418,604,425,414,485,458,2923,538,342,1148,434,426,1038,900,526,503,481,885,695,685,667,592,700,406,1233,992,432,737,1783,1092,540,1784,457,373,408,3517,3103,1859,1151,1171,1615,1706,387,682,3046,1449,3020,617,562,649,1241,772,557,757,432,2713,407,1148,748,1086,472,603,1052,807,939,423,2385,982,429,518,1606,507,1598,1037,488,431,2564,860,677,896,984,813,537,1972,490,632,1288,3350,2030,1161,474,447,473,621,1091,529,2283,1085,826,1941,709,632,507,944,375,3267,932
2037,1,779,488,700,1150,933,3112,1125,1234,1323,371,470,1751,1461,350,838,1211,381,1951,1091,529,1032,1051,916,2375,4853,481,1642,1359,398,1785,1242,6186,739,784,844,402,573,358,519,821,1818,1664,2932,943,788,549,501,2920,539,1098,1274,1027,584,652,822,621,657,466,575,1230,1127,1099,1029,1641,1945,1066,748,1729,1785,936,433,3323,4424,643,1009,1978,533,2497,621,368,401,2761,419,646,496,1092,1443,745,588,589,508,1107,2721,2144,569,493,1439,915,600,611,1891,1200,770,1901,2022,1637,917,1001,1175,410,1396,1122
2037,2,750,770,759,1871,537,2048,941,1444,804,875,1732,4952,2661,341,603,560,426,2007,618,1079,468,493,1733,1352,1447,1425,621,607,807,1078,2619,1515,1047,578,1781,475,1331,1107,560,2058,1568,1570,1667,1134,854,526,476,1307,1476,974,759,1946,848,847,949,858,1379,909,689,476,916,1037,489,907,1895,992,941,846,1630,928,1919,1212,5633,638,1400,1984,697,1581,1270,565,830,2124,381,518,388,994,986,841,787,1505,791,1055,4995,2711,514,586,2026,1673,667,576,1274,3437,570,722,1601,982,1265,952,674,356,804,1285
2037,3,1116,867,1241,2898,485,2650,750,988,465,575,878,3024,2044,433,590,452,1298,1639,812,1175,420,784,849,1322,2032,1246,544,896,1574,931,808,1016,1307,471,890,656,819,392,429,879,4083,1656,1108,1289,886,476,794,1686,2580,904,989,1384,459,623,1495,1146,1711,1713,528,1082,749,1055,541,572,1810,899,516,978,911,735,643,2846,10525,551,794,1300,1065,1254,600,1760,2100,1618,423,658,387,870,1000,729,618,1336,575,3191,4241,3543,506,1147,765,692,644,515,1034,1707,1266,648,1288,571,2185,1019,576,371,1258,2341
2037,4,587,403,616,1403,523,1014,499,617,437,378,808,1978,1566,363,448,581,484,761,494,558,502,463,604,873,1259,968,446,505,626,1080,600,782,1090,491,724,387,601,407,358,478,1609,1634,754,638,552,400,443,1292,1568,686,676,679,386,509,860,697,621,858,453,1579,573,808,407,741,1129,569,468,571,676,657,498,1316,4318,587,574,841,503,959,609,1160,577,785,366,497,401,551,650,493,445,607,523,2758,2894,1467,371,523,573,681,688,423,1491,1353,551,582,1025,523,1439,485,1091,351,826,858
2037,5,424,380,453,678,372,589,398,450,408,444,729,1023,652,362,429,577,665,489,462,485,379,400,447,668,586,685,407,435,1415,557,456,501,514,554,520,346,470,367,2386,411,747,762,490,485,461,382,562,1076,639,479,465,562,356,426,531,475,485,615,407,596,430,583,481,433,871,452,1104,757,558,563,417,876,3093,411,449,617,423,737,440,982,621,500,356,454,405,452,442,478,470,520,429,1224,1795,793,459,412,555,466,408,401,779,1113,801,549,656,580,509,421,684,343,573,509
2037,6,445,368,395,745,452,461,381,469,422,683,721,581,496,341,524,382,438,464,462,453,395,397,426,429,547,571,397,389,463,428,443,587,655,388,441,352,458,384,432,436,512,471,431,447,447,406,457,439,537,487,660,548,595,429,457,647,445,462,399,560,395,468,476,457,613,450,675,702,435,978,418,842,1327,424,408,434,418,712,751,611,421,550,373,404,535,474,544,415,702,427,468,528,1025,507,364,387,462,433,420,447,949,560,1066,405,824,664,410,403,755,450,421,457
2037,7,625,481,637,944,636,872,813,563,907,1256,425,1686,911,641,813,610,606,663,829,738,911,631,777,519,1168,983,634,559,1594,1101,1629,601,811,568,1227,757,969,1031,1542,514,957,665,1241,761,556,680,1195,648,843,1035,824,1227,683,1130,708,809,2913,810,539,1145,936,784,884,674,930,881,881,696,619,1209,855,886,1405,1049,768,1064,915,1050,2526,745,522,961,485,609,953,1467,965,784,1672,679,840,1643,787,805,509,682,543,642,981,825,1011,796,737,967,1489,1061,699,924,1222,811,1004,803
2037,8,908,573,964,599,619,1061,693,787,727,976,541,1382,1422,1050,1143,595,722,542,817,655,1178,916,701,676,2124,704,932,731,1490,1563,2035,1119,911,2949,1858,1139,1095,1136,1221,1331,836,792,1124,657,524,864,1366,883,639,954,1994,1134,871,1317,721,758,1696,1090,657,1005,680,833,488,735,1395,496,1703,779,2138,1009,640,694,1375,1394,766,1807,593,852,1105,702,762,1070,753,871,1320,1828,1425,2526,1541,1609,1207,2063,820,985,586,680,775,1020,581,1798,1002,1270,1381,2248,3340,1154,1384,1167,1160,1023,788,942
2037,9,1665,562,1391,982,377,896,521,815,952,742,465,1700,1042,348,623,740,816,662,950,3076,414,2930,927,419,1808,1039,787,667,690,1072,896,624,4500,2229,1522,423,867,1423,642,1092,1502,399,910,1366,781,904,1384,562,509,491,2324,707,664,864,895,2429,1491,872,1378,1824,905,481,864,1223,516,557,1144,582,2041,1475,530,695,553,819,649,1009,658,1433,525,416,1182,1848,772,610,493,1167,829,504,904,1005,1198,1010,570,1326,557,563,959,1042,897,1207,1217,556,801,1532,1298,795,1504,566,829,719,420,972
2037,10,507,663,1024,382,361,430,1129,812,421,390,409,770,1043,461,438,1660,1586,750,1953,948,984,445,806,917,1319,468,376,377,452,897,586,438,1181,551,535,2051,668,4892,1145,792,395,590,739,638,1032,556,3894,381,633,875,515,1622,1182,5052,677,1505,669,2839,862,1240,710,358,351,1280,453,397,1071,910,1093,770,520,1431,762,436,1100,2978,844,1557,603,684,1055,1085,1791,612,435,1548,420,1860,743,1312,832,2858,3363,1788,464,516,1050,671,842,579,1473,412,523,1954,473,429,539,1042,669,436,395,10997
2037,11,621,591,1240,639,370,1328,978,805,472,1702,359,481,602,373,467,447,464,379,504,1070,682,657,604,663,491,949,378,421,755,528,765,1089,838,597,1663,412,1159,1458,726,550,600,945,389,1009,475,361,1006,416,1656,1118,628,969,388,1423,397,1611,1971,887,864,473,912,610,480,873,378,443,421,1357,441,616,647,625,864,391,611,2090,532,1146,514,693,400,2214,1461,496,2053,1794,454,1310,669,488,4991,1139,560,875,338,1963,686,441,458,729,1117,441,482,762,833,379,627,859,1389,491,466,1157
2037,12,385,474,2712,539,2112,1061,1227,758,362,753,408,726,2645,863,368,498,1018,480,440,530,494,436,457,461,1648,442,579,1860,1571,2316,508,888,1411,1751,559,3257,648,844,5593,1598,426,740,1122,1206,418,797,1203,517,741,562,427,1487,1404,578,801,1198,2226,636,1437,659,885,463,559,480,370,643,706,4964,759,476,410,820,1284,2363,405,1308,2232,1337,1452,2346,1033,1559,822,535,1666,634,935,786,567,911,1430,4070,1189,658,526,909,897,1087,1393,4148,2131,1017,2238,1491,1132,366,839,1612,960,2146,362,1576
2038,1,947,369,1222,1048,4402,531,1511,1249,367,465,1111,827,1574,2699,431,714,1651,381,702,1348,503,621,398,946,715,484,358,1056,1058,1640,724,598,1196,1008,575,1406,1360,7451,4394,1690,3448,2433,2117,556,376,1024,843,586,2279,906,1223,784,504,761,1643,2466,5542,926,979,1369,536,577,2895,475,1488,473,799,2248,462,1114,915,3517,625,1139,832,2343,898,1388,611,1523,1588,1149,1887,408,1361,1877,552,511,679,632,1201,1878,3191,716,490,550,1302,1442,784,2027,1794,3930,1875,1009,1532,869,772,1353,570,4102,1393,1084
2038,2,667,586,3832,1702,1662,486,1730,806,458,1242,880,1523,1076,1109,772,909,1070,1120,911,1821,740,1671,670,705,788,405,471,1452,708,1178,600,469,2311,998,745,900,1434,4542,4094,945,1820,5648,736,467,473,517,730,579,1499,649,1615,4999,432,1006,1428,2737,5893,755,1451,1360,951,538,2154,606,1520,1109,741,3207,798,1309,1089,2537,1309,1761,547,3382,2249,1640,3593,789,674,4468,2971,505,1075,1950,1021,651,646,2052,1250,3243,1600,498,1370,545,1391,555,1518,1496,1210,1303,1065,1306,791,566,737,1872,1484,2973,928,1510
2038,3,456,754,7197,1024,2681,491,1528,1629,565,911,706,1852,1239,798,745,686,641,1270,3611,1719,686,2049,622,1184,711,470,693,1006,697,1500,437,1476,1061,962,1029,1828,1210,3118,7676,881,4038,3348,839,1825,569,597,686,1014,2576,624,1468,1793,418,1262,651,1837,4819,1504,2623,806,595,1932,864,492,1027,789,777,5023,698,2495,786,1996,2263,960,471,1852,884,852,2214,1018,1840,1502,3135,844,798,1328,1000,997,1016,604,1120,2824,967,506,1208,758,785,830,1452,2341,3398,2241,1531,941,908,386,440,1739,704,2267,479,912
2038,4,403,435,2547,1085,2186,414,1557,749,387,559,626,1221,682,511,481,426,508,424,2323,644,552,1134,469,703,557,468,475,652,566,1204,512,570,751,701,1085,1278,770,1740,5301,796,1891,1624,616,546,413,402,539,732,1422,463,771,814,590,590,510,1006,2257,650,1644,586,460,589,689,476,727,462,445,2389,501,1183,528,1176,884,1078,393,893,705,588,1151,645,791,921,1893,378,719,840,492,587,462,505,653,1747,602,447,431,525,961,482,846,1087,4936,1166,973,578,1031,438,472,1299,466,1279,470,914
2038,5,381,438,900,776,1348,399,597,507,418,434,452,562,493,934,371,409,418,829,1329,473,729,468,379,575,438,443,2304,485,618,747,501,432,902,686,510,910,462,918,1988,757,769,1140,691,480,441,412,484,429,604,411,496,500,400,447,2615,915,955,451,668,449,411,433,478,550,502,386,535,733,671,721,415,707,648,648,397,627,456,502,550,594,536,2705,1609,382,491,1731,410,519,400,490,499,761,544,537,387,526,650,479,552,586,1394,2280,517,443,817,369,442,1271,413,1097,537,549
2038,6,397,464,596,667,525,398,534,429,367,388,461,439,535,473,491,433,567,472,467,524,369,407,365,854,398,375,634,438,510,437,422,629,629,454,409,678,431,703,691,732,527,727,485,409,621,370,493,499,453,396,431,525,407,405,485,518,494,411,506,405,430,420,641,405,401,367,403,520,540,441,461,712,504,618,393,580,416,950,494,574,451,589,649,385,407,693,408,427,379,579,429,556,424,446,434,598,496,481,463,442,631,756,432,423,476,375,788,572,399,563,473,549
2038,7,944,773,594,1165,877,869,1069,678,744,680,882,684,1849,552,922,1138,1249,699,829,2137,1220,977,632,1106,1051,658,1149,607,1084,939,1025,722,2276,790,2431,1313,949,1442,1056,739,1091,1288,828,839,627,800,950,593,724,652,978,710,507,1168,723,921,948,1098,853,674,766,758,1009,627,774,1090,773,1752,760,1016,510,1175,1484,1465,579,1278,934,1598,844,599,1004,1205,671,733,866,929,1184,1320,671,993,702,1332,758,687,582,1274,526,940,773,693,676,713,742,999,1240,1218,1079,861,765,973,1534,664
2038,8,1071,893,562,675,533,810,2191,758,905,651,1078,988,1122,690,927,767,1754,674,1580,2228,953,731,772,1000,1533,1137,740,1316,2108,1063,1749,2785,1297,1569,3076,956,2328,1281,1297,680,907,1409,556,653,968,936,931,974,1292,662,1561,1014,717,1399,627,640,1081,2744,1509,923,3205,591,593,896,1494,1032,1361,1115,697,1116,613,1041,999,1894,522,877,726,1252,1128,578,1591,861,538,1207,501,1561,3488,1121,1248,809,1069,1238,779,768,655,884,571,541,903,586,847,693,680,1145,1726,1104,1000,927,1197,883,1910,940
2038,9,1186,1200,455,713,1157,677,1696,519,2946,470,1552,834,535,549,718,837,1506,790,868,1178,616,1124,384,417,1162,900,1157,607,1528,685,862,490,1245,584,2047,810,1699,758,1051,432,754,1075,446,665,1578,446,1528,1038,2209,709,1226,722,864,3411,835,541,807,3094,934,667,843,369,919,654,515,385,443,900,594,1203,1138,551,460,556,941,971,738,2377,5699,518,746,478,542,516,635,671,1766,502,1567,961,602,545,1230,442,2233,523,823,472,669,1007,544,1147,737,1075,2606,481,776,1321,1020,768,463,1011
2038,10,1164,937,397,522,2126,416,432,669,1106,626,1042,781,1001,1202,446,386,454,719,1347,693,1538,402,664,368,729,1742,394,1213,690,738,1111,644,410,527,648,843,1975,642,1850,583,925,603,692,980,768,378,1569,1446,415,488,1119,572,483,2441,1414,758,757,687,1004,1317,882,921,396,442,408,359,487,1026,1139,706,1623,641,445,479,1314,486,465,581,8772,1154,585,463,1223,1559,388,619,1072,501,472,538,471,741,477,1206,589,567,1234,1679,2019,404,554,517,459,685,1699,541,432,1146,924,879,585,564
2038,11,448,551,593,812,577,474,527,423,1075,1261,455,552,545,446,538,360,564,585,596,961,1158,418,4154,360,1225,687,650,576,706,3007,417,430,658,371,890,563,557,551,1466,686,684,812,786,500,3902,538,823,896,1575,1419,2473,1624,570,6887,454,533,993,823,402,550,1151,1839,418,424,645,359,1351,975,612,2230,818,848,1807,459,460,404,422,841,4937,607,945,411,524,389,854,1893,792,369,521,555,692,1660,404,419,430,367,724,1939,485,514,1075,399,1540,471,554,506,552,1347,829,706,918,382
2038,12,3767,376,484,4494,1064,842,2973,377,738,826,2170,3157,1039,472,430,369,1843,695,1202,622,822,2004,836,411,504,653,436,827,1286,678,531,471,1169,421,2251,1145,483,488,812,537,676,427,491,2370,599,460,1859,459,918,466,614,1034,696,1251,476,940,604,1435,1924,1812,455,3986,379,462,1516,1121,705,2386,2320,1071,536,1613,7223,868,1634,980,840,562,5546,935,497,587,801,536,405,932,641,661,420,1127,897,860,573,603,478,959,1696,989,517,387,696,937,2595,701,507,626,863,516,476,770,1707,432
2039,1,1250,420,419,782,555,493,920,451,1669,646,1194,607,2744,1181,408,598,979,1709,915,674,1599,877,1865,584,523,767,762,541,2072,1001,1220,647,2151,590,1654,6539,751,476,1913,1491,1526,775,441,1036,1718,544,2293,746,883,889,995,1224,379,813,488,1907,1038,699,1425,1792,999,3843,603,858,816,1967,724,1093,1844,2159,1609,1645,5450,1102,1324,513,1469,442,8632,931,1379,1697,1608,1428,458,561,2336,906,786,2119,674,1010,1251,519,1242,1813,1256,3079,555,378,1242,1228,2195,479,1368,1035,1222,502,825,784,798,607
2039,2,1106,561,757,1327,579,1169,921,607,2169,842,1746,878,2130,1062,365,383,719,613,540,457,2139,988,2285,439,802,516,1022,532,1847,815,591,1130,2735,482,3573,9280,758,1769,1994,1402,1194,1529,415,705,2335,680,1914,2036,891,586,1711,3204,409,830,841,1102,790,879,1718,1818,1148,4288,734,850,2404,1642,1162,1179,2158,2364,1232,1188,3415,1105,1404,2348,997,2017,4325,469,697,1103,661,1714,753,755,2915,2419,881,1047,637,1153,627,1383,2286,1803,1074,1760,773,805,845,1022,6168,474,1791,424,849,918,659,567,886,581
2039,3,2027,877,436,887,585,582,1048,418,3255,545,1640,1530,3061,725,1172,514,650,1437,1295,681,2805,2091,2265,982,1062,477,661,1004,1572,1009,424,410,2187,411,4863,10680,2511,1017,3493,858,1144,647,524,1779,1238,397,2436,718,1178,818,1034,2149,2076,818,595,672,737,784,1579,7730,898,4066,619,539,821,1685,496,1469,4581,4620,927,5096,3286,2579,2740,1318,740,818,3533,800,1530,1103,1105,1451,974,2453,7987,1374,1067,776,608,2059,437,1094,1030,1234,1504,6536,825,584,701,864,4536,497,5238,421,1356,841,452,878,1513,449
2039,4,1094,447,442,793,490,614,716,447,1613,447,1030,950,1172,430,396,486,538,584,753,541,1394,1193,2174,536,1330,507,440,1269,900,684,462,391,1414,432,2564,3375,833,564,2191,1145,858,457,718,2589,630,361,1533,539,682,669,620,1298,762,599,442,554,573,518,1010,4516,556,2741,398,1217,657,1234,446,658,1617,2507,798,2334,1536,916,1294,738,589,605,2223,608,833,587,540,847,405,781,1695,594,576,531,500,1346,402,596,928,926,928,8285,491,444,515,545,1850,506,1531,380,639,667,770,529,918,381
2039,5,588,373,382,612,455,464,461,637,1006,398,1119,494,542,515,355,371,407,437,582,406,640,526,720,457,538,667,395,547,517,503,427,524,912,367,2412,1397,480,472,751,460,638,1872,382,1073,507,347,916,444,474,419,639,713,806,600,386,425,440,436,632,2076,557,1770,375,408,563,1156,416,451,693,1482,595,1092,799,543,589,522,627,439,963,402,500,423,434,555,376,812,649,552,451,480,456,604,383,487,569,503,475,2136,428,364,2523,430,1047,401,578,431,743,496,483,533,683,365
2039,6,485,405,355,485,475,370,465,549,495,389,2120,976,547,498,394,370,450,486,506,394,671,460,520,455,504,442,369,446,413,472,403,384,500,425,799,1017,438,756,1112,394,558,958,389,514,472,348,479,395,405,391,458,557,387,536,387,400,416,446,428,906,423,762,373,491,608,492,384,672,546,591,493,493,842,497,467,438,432,400,564,688,429,410,482,417,401,436,530,475,478,414,384,452,395,400,428,424,515,930,417,456,1340,461,544,393,455,380,419,450,489,424,664,422
2039,7,640,834,818,757,719,635,865,875,600,943,888,1061,1762,764,1376,1892,549,1522,698,961,2126,625,1150,1060,1062,881,683,2189,1314,1036,1001,971,889,855,853,1206,621,1303,1099,827,1100,692,682,612,1248,965,891,582,499,614,1068,810,577,677,540,682,668,881,793,858,746,1094,510,745,865,1220,640,2822,1176,979,1112,761,1347,1291,748,988,2667,674,883,1757,569,873,1168,741,714,738,1034,955,823,922,494,733,1369,785,847,610,1936,2720,661,658,1338,531,1233,598,883,958,911,1838,1109,844,763,518
2039,8,858,1131,568,595,464,917,792,1549,1191,1171,740,917,822,768,908,2015,658,1023,1628,2023,1344,1054,1903,1324,549,922,1035,631,1906,1720,834,1977,923,1633,1794,1989,444,801,1257,1272,814,1650,743,581,1163,1020,852,566,576,882,648,849,957,1644,722,3832,561,890,651,968,618,1017,915,523,2212,696,1386,1313,2078,1182,603,1306,1276,1125,1366,1163,1777,731,817,1092,551,522,1025,693,1590,625,1706,1218,1127,1582,738,1061,2065,1217,629,714,1450,2860,726,569,659,821,1549,944,1257,1892,726,1362,3583,581,934,887
2039,9,504,683,15497,1503,827,885,400,943,615,1986,591,729,691,389,943,1560,593,879,1133,1848,775,1532,1662,826,517,473,456,792,855,1166,1046,1535,1016,634,1582,1009,381,485,2430,543,721,1145,407,405,612,800,827,660,506,627,816,388,653,556,459,1561,953,803,1037,1597,949,475,631,735,514,812,1237,2436,455,747,523,777,521,1205,1320,1577,899,614,430,3736,443,636,592,995,3326,635,505,734,1002,528,484,1000,2167,1273,700,694,1795,1118,1257,591,468,1163,698,977,569,828,613,835,1223,624,1167,570
2039,10,402,407,4281,717,623,555,405,2070,1188,393,435,665,1146,1354,1001,2002,1633,686,495,1143,419,509,1040,420,934,529,364,459,1443,471,733,527,499,740,750,437,1841,406,2084,377,471,438,419,545,601,369,1461,506,1682,1465,617,2436,582,522,909,927,1787,771,808,577,1421,382,1043,365,574,691,1150,953,478,912,503,429,391,471,651,943,758,591,426,2921,380,684,632,1164,1439,859,1931,852,1088,1688,352,2588,539,398,975,1115,1163,741,472,852,421,2196,1347,664,438,6120,381,432,1607,1041,468,1146
2039,11,366,1036,4979,570,715,643,358,1097,651,472,379,3882,1252,1165,882,913,450,463,485,864,481,759,719,884,624,537,406,367,507,427,654,558,664,379,5623,1521,724,366,1034,616,596,379,774,776,1802,387,899,372,2262,601,908,603,352,612,578,1739,501,402,378,420,1368,433,1676,372,1218,382,950,742,1692,828,686,415,918,384,664,594,922,497,533,1267,414,713,656,396,548,579,860,487,461,440,792,559,2289,419,1230,605,807,798,547,454,520,511,1948,404,660,860,391,467,1640,493,1403,947
2039,12,374,1830,2314,2017,1005,1058,434,906,567,495,402,3551,1866,2653,653,670,482,1095,541,3310,375,854,1133,818,377,1216,345,1220,485,1844,1698,918,458,2582,4989,4851,596,465,870,494,914,495,505,449,587,463,3221,494,2196,3102,785,1936,1419,434,396,2575,704,418,374,1087,1439,395,672,356,520,2379,4492,566,4371,2236,693,5246,13478,940,708,524,948,3643,431,1520,543,742,398,395,1068,661,714,417,1416,505,791,1746,3965,673,1880,1011,1976,465,385,432,2211,451,2398,583,561,1126,461,450,624,2272,1849,4356
2040,1,734,3422,2494,2007,2043,1094,1616,783,1582,432,760,2958,1565,1376,863,503,1175,1876,1409,5422,436,603,1897,1712,435,1538,735,1829,868,1642,669,1019,380,776,6506,5237,803,1420,2154,1015,1055,473,745,1074,1824,407,7467,368,2311,937,1593,1005,503,417,701,1869,419,867,545,1520,1205,1161,816,345,594,3043,3611,536,3805,680,430,2276,8008,1360,415,461,1709,1733,742,892,901,987,738,584,958,480,574,1302,904,843,387,863,1509,484,2140,909,1117,1866,468,355,2253,1447,1117,365,464,1542,391,508,3269,1744,1429,1261
2040,2,643,2143,6927,1484,5474,483,664,1815,1092,527,1251,2488,2346,2161,911,810,679,3667,710,2922,513,1045,2322,836,620,882,673,1734,554,1358,674,958,672,652,5001,6362,856,569,2127,1362,1355,3485,486,860,1004,977,12220,510,1739,1733,2807,2336,436,948,408,1841,622,863,2156,1505,1022,480,765,350,471,2101,2415,1120,2110,854,1335,3353,5393,767,666,545,1395,3689,510,931,915,990,1279,821,690,1256,1194,613,776,1909,1210,1403,1430,715,1402,1341,1685,1086,482,866,1121,3433,1361,976,389,2531,368,1012,2983,2304,1166,1371
2040,3,383,1692,5194,2354,2427,939,723,1550,603,416,562,2013,1884,2440,909,574,667,2225,490,7505,367,667,1279,1249,614,1127,433,980,569,927,665,3126,801,505,4044,2164,946,963,1097,711,933,767,374,1105,775,448,5588,392,1571,1969,1149,2742,572,994,387,2622,564,1111,662,2266,1249,666,637,600,829,2455,1308,6018,1378,1082,918,2264,2485,1763,436,464,1042,2593,373,758,545,698,575,2419,530,588,1794,527,832,616,559,965,968,715,1566,2437,2140,1301,369,591,866,1593,1260,2514,920,1158,794,1676,1514,2662,1453,1755
2040,4,357,1098,1587,1119,2290,798,458,851,494,373,410,922,1053,2004,459,453,452,823,874,3756,361,523,823,794,441,663,354,738,416,692,1548,1714,432,561,2053,1001,515,425,641,466,489,957,371,501,493,352,2126,386,1285,1467,688,1114,386,2396,384,1361,468,705,567,985,2308,530,450,338,417,1803,760,2139,979,602,499,1675,1496,997,407,741,1031,2849,383,572,468,444,458,841,471,425,678,574,598,506,418,1007,679,438,949,2321,1164,1856,492,1147,712,994,1010,883,805,639,406,2312,687,1065,1113,1449
2040,5,362,589,681,727,3265,690,385,522,428,357,415,669,678,846,656,437,397,508,725,1537,355,483,547,575,373,567,357,484,620,477,1043,765,402,471,957,632,478,438,483,1061,436,465,535,507,419,338,1086,399,689,745,489,546,411,985,402,723,383,446,405,689,689,491,448,381,491,1147,554,643,1190,537,445,1014,1018,456,422,401,756,1043,436,478,381,401,493,445,415,396,555,474,419,446,386,502,487,476,791,560,690,659,363,392,563,696,551,529,454,541,460,1061,537,716,629,3080
2040,6,382,469,590,464,1224,602,452,561,427,411,443,497,466,514,1463,412,386,430,754,635,351,394,432,405,459,435,359,482,447,412,438,455,461,397,609,590,581,371,467,451,665,508,582,419,398,387,632,456,494,573,501,448,368,439,385,487,487,395,422,687,481,381,455,473,382,491,483,463,515,486,401,552,543,460,424,387,477,827,372,587,407,404,467,811,426,521,589,495,416,437,435,564,444,478,465,488,432,434,359,355,482,461,411,406,373,764,388,598,580,516,500,817
2040,7,880,640,825,997,886,853,733,796,702,901,713,720,1073,622,1359,931,520,893,919,859,393,654,629,837,605,643,540,827,1118,880,1198,644,785,648,984,1088,770,491,771,701,946,690,1328,1209,713,1100,688,931,601,824,1065,1022,622,1372,757,921,847,592,549,1261,1002,951,683,924,577,860,824,1228,845,880,968,928,1317,574,911,614,671,733,1272,688,697,1242,1262,830,758,632,883,780,732,631,613,1864,767,793,1050,861,951,642,520,937,489,1576,688,1473,910,1566,904,739,954,1285,1542,670
2040,8,742,791,1044,2397,1627,1142,1340,600,509,992,848,670,1097,657,736,676,726,1636,651,914,481,852,613,1131,538,659,1102,841,1113,1959,1224,1241,1079,1314,1136,808,849,471,1036,790,1240,955,1284,939,530,1276,1296,883,805,875,1273,512,650,1462,785,844,610,713,531,1156,931,1582,856,693,435,612,928,1283,1268,1447,987,1011,2332,727,550,1043,1687,1068,784,905,1508,1102,1177,1320,981,719,1747,886,1019,690,850,1144,1712,1126,851,939,1370,986,811,1665,621,1631,553,1898,1617,2115,3547,1005,1613,1325,1414,1642
2040,9,2269,1805,795,2595,606,2730,804,574,517,1410,700,789,562,1093,1691,924,789,738,513,1600,482,690,2174,1063,1719,996,1292,461,577,1148,2975,753,999,573,2160,2446,781,607,1130,1048,561,846,819,644,1121,1670,973,860,1179,2107,1271,413,360,1043,1548,1300,834,580,700,538,1707,661,909,2261,603,413,811,1041,969,813,538,426,633,899,734,639,991,566,710,750,835,660,834,858,1446,917,1954,1009,1048,739,407,766,2720,1451,918,770,1038,538,1142,1506,465,1545,724,595,633,1448,2132,1778,2438,1369,1170,1267
2040,10,491,545,1548,909,723,713,892,437,409,3966,573,2121,470,454,3071,414,730,720,3974,790,1149,415,6317,1105,750,379,484,1479,572,491,848,417,370,602,9581,711,760,821,480,459,1004,669,726,469,1925,1760,426,1901,1000,1865,1893,380,366,5562,1349,608,1000,660,522,1021,1692,18927,481,5569,362,383,1197,1360,572,3026,746,917,962,1196,2742,742,470,805,1041,590,1796,2790,675,1320,1158,363,1775,799,754,1317,364,956,701,3425,812,451,1614,628,552,1016,444,1220,417,481,810,870,1249,1402,450,673,1037,1297
2040,11,479,1249,1165,3098,1779,1939,1436,428,361,985,1151,639,905,708,590,373,553,988,826,407,398,410,1187,717,405,667,596,690,1509,586,455,428,400,727,1990,2354,1604,490,1444,1241,502,560,643,578,721,823,628,1105,1515,1247,801,508,411,3152,490,576,397,359,2161,407,1823,2048,545,741,354,427,1066,543,459,812,1989,879,489,1511,898,3019,428,1063,1600,510,835,731,722,438,523,425,3219,517,505,558,453,767,789,709,1577,641,1883,1132,418,628,366,486,361,3324,556,493,587,475,785,879,644,2863
2040,12,442,548,1277,1889,591,646,501,522,417,934,426,3310,2628,1574,922,361,1251,496,1054,1282,358,854,1096,461,398,588,1229,2029,2326,1833,713,933,476,400,2685,589,496,2919,468,1113,1797,2237,1163,1417,904,2915,795,450,1884,1823,2802,837,341,5387,833,380,578,736,3747,1052,607,1618,1427,1492,681,773,921,1431,465,716,521,511,423,2327,2214,867,697,1494,456,600,615,604,959,847,621,657,2183,959,1217,425,678,763,2031,2035,6445,779,829,2241,458,650,1323,786,363,797,2491,1722,609,1106,640,1820,563,2475
2041,1,563,1036,845,1250,1428,901,1383,519,953,1669,519,1170,832,1678,1557,687,790,1981,1851,682,372,481,784,967,1119,736,627,1241,1285,1310,1308,695,371,569,3239,1961,450,803,6589,1578,1833,1307,826,2269,669,1911,1950,443,2850,3722,865,1535,633,7766,439,865,494,430,3889,546,1522,2380,2042,1176,1130,1121,2643,785,588,2300,760,864,1498,1972,1255,503,495,3617,1066,784,1833,884,658,1445,1050,752,1284,1235,751,1545,1099,713,935,1080,2069,425,1706,1788,517,1009,881,766,375,629,1729,677,1314,641,984,1885,1637,3432
2041,2,1147,976,1135,867,1157,674,712,379,654,1673,565,3026,1699,1177,1715,619,496,3878,1174,896,399,855,967,523,1174,401,1228,1207,1485,1115,1952,1276,368,649,3922,2903,521,701,2549,1827,1852,3802,2165,996,783,4305,794,756,4135,3115,2521,966,821,5323,722,528,489,385,6671,664,2266,4317,2545,1087,1125,640,1103,516,391,1918,525,820,782,1610,2324,477,732,2883,2106,869,1487,3073,1427,1351,1308,805,983,1136,862,618,1504,590,779,905,4019,923,2118,2041,398,783,787,557,368,973,1720,668,1577,856,676,1098,1191,3070
2041,3,421,1865,822,1140,2124,529,649,786,415,2133,458,1272,1252,1777,1858,405,641,3411,906,540,396,471,3609,438,1874,1310,793,2710,1902,1587,792,1072,458,506,5667,3759,460,591,2071,714,1271,3326,3870,798,2309,2548,584,489,1704,3405,1255,472,460,2353,1170,394,384,562,2322,1066,2182,6585,1255,1147,570,1243,1282,534,376,1079,817,1343,1651,2725,3203,823,510,1855,1340,713,2894,2263,775,1387,1147,973,1059,1473,492,1083,1256,883,654,1358,3001,829,1436,1757,517,1042,560,1753,364,843,1425,771,1697,2037,591,3241,3638,11535
2041,4,395,1207,540,758,1327,454,449,436,371,1024,415,948,749,725,813,366,438,3062,576,743,390,445,1414,412,774,647,565,2917,1173,1448,663,546,345,383,2024,1518,432,545,2557,637,798,1277,1537,622,1228,1187,481,405,1010,1714,1817,570,352,2756,474,402,466,455,1145,589,1814,1775,751,989,468,639,871,466,429,761,474,1736,746,1565,1478,475,416,1264,792,446,1227,985,560,600,752,670,696,593,425,538,718,643,679,763,1266,468,931,1042,1412,590,441,1491,350,589,1584,457,905,879,522,1424,1586,3753
2041,5,377,661,482,666,696,429,403,383,395,541,373,997,548,499,507,1225,389,1388,472,433,413,439,567,408,524,385,431,1281,573,1676,666,1958,340,457,919,556,472,423,707,489,514,672,638,803,944,1875,599,378,639,904,823,434,493,1295,397,389,379,371,1042,424,829,791,580,790,410,480,569,401,385,485,412,586,487,762,750,399,422,7687,539,417,554,3160,430,467,467,386,510,512,474,420,495,441,627,500,879,468,543,920,787,646,433,718,346,427,653,438,513,544,460,960,959,1921
2041,6,377,490,398,575,637,437,434,398,554,486,372,541,471,459,421,1082,396,487,444,477,502,368,649,453,448,409,416,603,455,645,417,1109,339,441,553,563,372,389,610,428,568,501,890,425,898,1858,413,377,798,549,1219,406,417,598,647,718,410,422,538,434,497,527,544,502,490,582,514,382,375,416,382,417,435,481,505,619,421,1822,467,515,442,851,423,565,512,416,581,410,420,438,455,421,442,459,533,456,632,483,373,537,448,526,350,388,746,671,479,456,704,508,735,613
2041,7,1174,947,681,785,750,715,885,1424,911,985,737,925,1144,653,2755,1248,914,795,1099,656,1032,627,949,931,1100,686,1174,776,1172,1317,2821,1641,571,629,1546,583,1900,884,1150,711,915,980,706,665,1375,1247,528,868,2228,1365,1266,787,775,673,687,826,1530,626,916,564,735,570,1099,1122,846,974,941,775,911,752,758,868,794,923,856,782,1087,708,808,1058,1007,1280,674,824,1117,386,870,726,507,816,893,827,1050,1176,954,1021,748,800,1459,995,692,811,1555,800,2082,1485,913,567,1338,796,1082,872
2041,8,730,1083,628,597,872,689,1979,831,1644,847,1038,1829,2041,835,2471,1248,616,1248,1318,2436,818,989,1150,897,805,631,2294,625,1385,1460,1869,2368,839,970,770,884,706,905,1154,742,902,791,889,1262,683,2907,960,1396,1210,1147,757,2650,836,1103,854,731,1945,687,1262,913,889,457,1315,2324,727,2500,990,1337,1348,1490,791,1133,552,1116,783,762,1340,998,792,759,994,1925,1077,870,1381,639,1747,978,478,858,1076,1305,1613,2431,2035,1108,642,899,1135,800,645,721,1655,1225,1464,2446,860,1049,1415,999,1582,1513
2041,9,365,744,533,1797,642,1704,1255,672,1721,1061,1239,646,989,440,1140,1489,706,2198,1386,864,653,1442,1218,383,515,688,1424,770,5140,475,1270,823,3019,1386,517,910,602,416,846,400,676,2214,420,545,386,999,996,2926,1287,1418,2209,914,759,900,523,547,2768,921,663,1405,669,386,538,1303,433,906,1102,1506,1444,521,459,799,521,1305,1011,511,1000,515,641,461,1764,824,475,391,532,776,1112,521,1714,1206,619,1661,3136,6112,773,493,399,968,1476,2186,419,522,5115,615,505,992,741,546,1369,667,542,1011
2041,10,1195,484,943,930,926,1614,1617,437,1018,1000,1285,1076,780,1648,811,415,948,434,2746,1370,854,1009,719,488,838,452,578,795,1338,668,889,728,492,432,376,2071,608,1071,1365,360,1400,895,508,430,536,1550,555,1526,7832,1679,1753,1562,565,1176,602,389,4415,3326,2148,387,369,387,500,855,384,763,423,589,852,619,1033,385,376,472,500,2321,1297,928,4620,374,1551,814,389,472,511,919,976,786,1999,1249,1095,826,951,9412,583,473,1012,685,898,2460,379,363,2899,866,689,857,2915,414,449,379,847,478
2041,11,491,389,474,409,1627,1030,813,590,547,1306,609,397,828,551,796,417,370,621,3962,808,437,608,685,489,792,1005,1139,1480,489,1013,512,481,390,549,524,649,1402,784,1296,393,1587,517,362,2993,1159,497,413,656,1010,8669,1987,635,424,407,768,505,971,992,993,470,678,430,1658,820,401,795,1587,1763,590,496,557,520,4007,435,369,3799,485,3480,1353,1996,3840,427,417,374,1933,733,559,528,1207,1916,415,1531,4523,3281,384,427,404,587,529,790,540,381,809,3295,405,540,1434,380,650,705,959,522
2041,12,567,4020,3127,1202,1121,620,1646,452,2963,1174,2746,2030,543,518,1737,431,385,576,1614,1819,388,933,1257,356,468,450,682,817,474,2191,522,524,663,392,1111,561,5969,2284,476,359,1226,415,358,2686,846,1008,1150,786,908,2174,783,558,475,429,1113,508,8788,521,1562,434,460,1016,589,1758,434,1285,772,655,4948,3294,1578,950,551,1341,383,666,2922,1128,1616,3012,620,537,4313,421,470,1254,968,477,539,1875,559,1044,1173,1444,2332,1563,382,1457,420,1417,479,1698,1407,1656,1232,667,623,998,568,1796,2332,386
2042,1,861,1546,1208,570,2038,899,1220,617,1715,2486,1247,869,743,425,603,636,1143,670,2164,1842,804,779,1362,353,742,643,453,716,654,938,529,412,435,630,1708,2384,10238,1239,481,366,2454,792,458,1705,1215,2307,492,711,954,7623,731,1923,541,390,546,389,8945,986,1274,746,1237,739,1276,3236,352,1199,1197,591,1967,3002,2979,901,1016,882,1320,2677,1354,2235,1250,1827,636,1992,2090,606,1355,645,3490,455,837,2659,536,745,1642,2457,723,968,498,1029,586,2658,781,2535,1181,1040,468,712,648,2043,435,667,1481,617
2042,2,770,1131,1076,1118,1552,758,860,362,1682,1697,824,688,3066,405,566,653,621,512,5292,1874,897,1116,938,885,681,691,981,713,780,2274,630,469,1020,430,805,4175,5025,1921,474,477,2237,772,818,1944,666,1283,452,1106,2262,8627,1113,996,646,930,587,1243,6060,1359,2387,783,448,775,722,1511,401,4318,1510,879,1834,1687,950,528,967,920,499,1289,4396,3049,1444,2083,586,686,1214,983,763,618,2002,393,698,3141,683,638,1904,3280,997,2201,1098,1831,1676,2163,368,1571,3048,1634,433,756,746,1913,453,842,2429,431
2042,3,676,963,873,926,3057,582,706,401,2031,1940,935,812,968,603,501,563,1232,534,2632,4304,844,2043,1227,1052,712,1241,1416,1187,898,1855,1202,545,427,396,1004,8695,3280,1930,434,708,2799,734,520,1142,752,1639,478,519,1801,4295,2336,3114,634,954,740,632,6224,1295,3167,536,1768,928,707,1543,337,1692,1022,555,2945,1381,967,727,4223,1230,1112,1162,2860,2160,2405,1711,1121,500,3135,380,970,625,2189,367,919,3290,883,690,1783,3393,840,1992,590,2189,726,5052,367,1133,1328,1375,631,868,586,901,947,507,2890,530
2042,4,654,735,630,474,1749,515,518,384,2062,1254,1042,503,756,421,482,377,438,409,1345,1893,526,1368,606,498,450,1183,521,597,477,630,937,482,522,389,731,3289,1651,1107,517,471,1186,1048,369,636,509,810,476,447,1375,1158,2542,1720,381,455,530,588,6094,664,1312,438,861,580,527,1052,350,1658,604,536,1691,901,888,495,1615,775,435,598,1902,811,896,1247,686,497,1729,370,761,516,1107,406,531,1942,409,689,1419,3698,486,701,391,2641,479,3187,373,971,654,1422,445,568,457,619,436,538,1506,378
2042,5,536,503,631,463,707,750,509,369,1905,625,592,456,446,386,407,423,570,383,728,958,684,498,626,368,463,755,633,422,449,469,690,454,384,499,607,810,1000,724,486,365,571,437,360,679,433,528,405,403,921,754,619,573,366,406,406,385,2354,627,597,672,450,454,498,580,331,1498,478,424,990,533,553,537,827,463,411,502,1072,559,531,847,445,509,1359,367,444,406,565,393,467,962,381,614,905,1080,613,473,570,1018,426,1676,350,630,599,570,425,452,431,468,378,416,1104,383
2042,6,388,1530,475,511,464,531,411,349,773,453,926,454,424,377,490,402,842,371,508,553,362,411,478,375,460,450,424,480,472,408,955,423,386,473,504,525,721,480,379,396,522,401,1336,552,429,496,389,486,531,621,543,663,388,400,688,362,660,458,565,385,405,395,411,492,329,796,416,386,729,535,505,612,538,440,483,456,567,444,492,497,428,400,493,353,404,391,500,432,406,561,426,474,560,678,412,425,405,493,380,605,364,510,449,421,391,431,584,437,379,392,472,432
2042,7,725,1042,991,559,633,782,604,628,1893,654,603,1227,841,659,607,823,1301,703,726,814,761,835,1123,761,1118,1411,624,1054,1266,966,1051,791,1897,1085,1444,901,673,894,1178,678,892,581,1091,805,759,996,562,1135,1056,1293,975,745,833,665,680,1786,868,1186,960,1070,620,494,1065,1006,460,1420,1230,968,1493,672,2167,873,851,1041,835,663,841,685,1034,924,1194,806,906,998,762,673,3035,740,1547,774,1203,684,1320,968,742,748,531,724,719,810,651,582,1012,761,846,1170,2468,1210,1060,908,1186,1375
2042,8,605,679,1011,857,1201,591,1209,683,1134,1165,862,2076,1161,827,644,935,1275,728,1765,851,890,751,639,1388,1167,985,1891,1292,1737,897,1231,906,1580,908,3144,2002,680,794,1182,732,663,569,1356,1106,523,1653,655,1360,1130,1154,1223,1093,599,618,816,1357,1312,1348,841,604,912,485,617,910,476,1210,622,1026,1516,742,1593,1029,610,619,860,1247,1405,650,803,1238,2528,2135,2171,1122,1333,817,1980,1262,820,1600,980,1651,2283,1138,837,779,731,432,1065,715,633,861,1153,1393,887,1737,4969,1408,810,1095,1398,1164
2042,9,1817,758,1336,1389,802,839,1133,1091,1465,911,611,478,784,529,903,980,583,665,1207,783,791,1445,685,917,1138,846,1607,3194,4683,1175,2527,398,615,660,1470,430,731,754,1000,487,400,869,689,682,420,669,687,954,444,669,836,590,884,667,2658,1404,1774,813,3378,1191,590,652,722,907,361,884,874,449,1060,561,606,861,494,831,1575,1545,993,1018,443,2456,1843,1220,693,1361,722,724,740,772,1156,2130,696,968,1435,1294,1425,650,741,392,661,1088,431,3269,3165,1183,945,536,640,975,1038,869,7161,2597
2042,10,482,1213,1571,2030,1470,684,844,338,2550,602,736,579,533,477,1017,853,1626,356,1011,674,665,429,748,972,3567,561,496,489,556,408,479,399,742,731,2503,899,1290,1674,1340,747,562,360,375,508,392,793,470,933,882,3550,952,1387,461,595,777,1732,1678,385,2382,1332,611,375,798,400,316,624,2369,2109,1202,1163,419,774,470,1657,411,479,1233,454,419,2011,958,734,1064,924,1024,563,537,954,2663,624,606,453,463,1915,410,2853,368,495,936,874,1056,4396,715,2207,717,1501,536,1013,396,757,1966,1787
2042,11,478,1672,481,878,604,1278,3182,335,745,1098,912,1517,382,387,805,369,520,777,621,486,753,377,639,441,738,2022,408,510,528,510,667,542,639,555,741,446,561,785,428,433,367,355,383,616,444,906,358,1275,505,683,674,649,399,551,500,1368,516,524,889,1024,889,430,851,431,324,446,590,471,421,638,1953,656,600,1292,586,529,443,368,384,819,2253,418,1379,436,547,784,1673,1985,819,754,376,2152,454,2054,449,1461,448,726,733,484,539,911,1249,582,731,407,510,711,772,438,837,513
2042,12,2216,1011,447,493,1804,3022,2584,342,881,2597,6251,3253,896,761,435,490,597,939,3613,1437,1361,860,1397,728,1096,652,391,492,578,540,476,373,880,2626,750,7067,722,843,2273,411,446,1380,453,2011,361,820,706,1947,599,1091,1133,1829,369,410,1390,709,513,748,694,1639,1504,369,437,993,328,1953,4553,694,403,509,1227,844,616,2091,3641,536,1283,364,1396,525,4093,386,1260,392,402,2193,455,1696,765,512,1193,842,633,1421,480,911,671,1625,487,477,734,3511,659,1498,2588,400,558,579,2164,526,972,1838
2043,1,1972,2346,782,502,1220,827,2390,7581,1492,697,11428,1343,532,383,405,872,728,1853,1720,1769,1218,547,824,628,983,639,727,597,651,402,436,1258,1999,1575,1010,1894,1346,856,851,920,1177,717,907,831,604,1419,442,1158,456,528,3027,1632,1777,443,488,1691,665,691,1283,1030,1038,564,447,426,637,2285,2189,5626,771,1087,1208,1352,1862,2308,1500,1357,528,4551,1016,506,8740,499,2439,400,1421,2307,453,1786,1171,880,731,739,411,778,723,927,1514,3419,975,1326,1457,2717,528,851,2357,606,921,1500,1337,390,1663,5843
2043,2,978,5641,446,609,2345,759,1751,5892,949,1014,6438,1732,730,488,471,582,620,1791,1266,716,2048,1046,467,1349,1224,714,1121,469,842,1157,726,1289,914,1542,3145,4171,1886,2060,1396,497,1024,439,512,634,535,1338,805,1746,387,799,1466,1468,960,384,839,877,702,806,1646,1231,1782,2100,547,393,746,2304,1935,2528,994,503,926,1222,757,2341,978,554,1386,1544,566,1061,6138,1539,1619,381,735,1460,759,678,1283,1862,434,1511,1009,607,902,1194,1048,1793,1302,868,840,2825,489,3576,1331,1108,484,806,1311,749,4302,3767
2043,3,1248,1547,445,700,1495,742,1270,3959,660,967,8874,1924,583,414,391,531,992,805,1061,4942,1442,610,1339,667,1237,1323,426,459,1524,531,1365,679,1567,1156,1736,3002,2176,1137,1018,368,566,639,1345,557,919,1412,953,1327,377,1030,1393,2564,1264,547,596,938,562,1354,3838,3128,2298,612,771,614,349,3337,2618,3414,1350,627,1565,1906,1242,1787,1469,1324,696,1104,519,2608,3669,757,2411,1160,584,1999,2231,557,911,640,446,944,3773,722,2298,1644,1416,1796,784,505,598,6107,472,2427,1795,501,803,663,1163,401,5884,1478
2043,4,873,1067,398,446,903,654,1016,1784,523,617,3898,1514,476,430,377,386,509,572,627,2068,811,406,562,452,700,748,450,388,550,509,636,575,737,885,783,1950,1606,732,758,357,640,841,1106,533,405,888,647,866,368,613,749,1630,800,366,432,541,979,649,1572,1332,1158,551,491,759,408,1673,1126,1885,1808,428,643,1425,720,1006,792,1048,566,1020,420,868,1958,438,1098,699,522,1338,898,508,530,611,406,658,1930,512,699,1079,734,2440,479,439,602,3013,488,1201,1150,458,644,588,676,394,1868,1047
2043,5,563,575,391,404,500,469,1029,1174,444,446,1216,961,444,355,366,375,426,454,487,792,512,587,421,538,526,422,521,829,569,441,628,438,3057,570,619,856,652,491,457,347,410,408,474,400,399,485,388,529,360,451,526,678,452,353,399,505,548,418,612,700,539,437,384,384,344,863,554,604,622,392,533,591,644,576,535,440,424,595,426,514,914,407,666,427,417,759,517,475,463,429,374,462,894,514,523,526,466,1296,402,398,449,1608,418,638,532,642,474,422,460,400,954,608
2043,6,507,765,381,411,706,410,536,486,410,848,679,993,491,343,360,403,396,420,466,506,566,380,391,548,467,383,811,473,502,520,458,434,870,431,569,496,504,426,443,399,396,389,551,490,403,408,498,418,403,401,513,760,374,340,378,406,399,576,513,665,454,402,418,366,362,519,492,468,421,467,565,425,828,576,419,408,453,422,538,477,606,380,479,573,397,603,660,490,810,391,604,551,544,406,403,435,417,480,378,386,483,944,426,482,432,380,688,531,405,368,805,539
2043,7,955,1220,637,729,661,649,844,613,568,615,694,849,926,450,689,690,660,945,975,528,1017,613,756,806,874,675,839,3152,799,807,974,1537,2218,687,1255,1060,1304,907,723,581,646,541,628,1313,672,1064,1171,822,574,1027,932,1618,435,445,528,945,751,1919,625,703,741,608,747,633,820,728,750,1354,726,1681,1159,833,1167,953,913,788,725,698,630,702,873,659,700,1262,992,896,2474,676,1146,661,655,1621,7853,684,439,697,563,615,813,688,611,1009,882,1972,833,1020,1036,1000,721,660,2837,830
2043,8,1040,1198,543,584,784,753,1426,828,1230,802,1503,1000,1092,1373,635,1031,1169,1884,866,687,937,1382,623,934,538,825,846,2679,1912,633,1261,1881,2774,997,1024,2357,1618,1124,784,583,524,511,736,1368,794,1085,1263,1008,1017,1834,919,828,602,648,498,961,666,1447,675,922,1044,466,663,600,856,974,1529,862,1745,1193,891,1039,1076,845,1178,899,793,554,1258,961,996,1449,969,2555,1199,1703,1214,1358,2276,828,1246,2006,2114,622,664,815,710,651,932,1448,1216,1107,1043,2595,1171,1956,1096,1036,1441,536,3522,743
2043,9,879,516,373,1379,663,588,457,866,1064,503,1183,599,462,629,937,726,698,1784,3043,1388,1239,963,793,370,941,1100,556,2211,1146,411,997,966,1172,802,493,607,887,528,708,497,1090,722,791,391,814,656,2134,1434,655,567,839,613,812,706,1789,974,1793,486,1526,778,2255,927,674,356,941,441,1218,505,868,661,779,851,554,398,862,399,3136,424,622,477,393,464,1339,1282,524,608,1193,2125,1518,1071,574,1060,929,617,752,2459,2285,473,675,1670,669,500,630,1077,1681,1385,725,1081,2227,635,838,1842
2043,10,583,438,364,539,1331,477,378,1443,482,958,2284,2001,409,374,878,808,1038,1173,2967,436,411,1232,562,521,391,422,1165,2957,431,363,780,426,543,622,1366,445,1332,469,1056,840,3686,382,600,2838,1916,475,1246,937,930,822,392,393,1131,384,770,375,664,2116,907,427,893,984,1025,348,1674,445,520,376,915,1457,1015,530,541,366,657,701,3685,517,3821,384,376,1048,511,2251,834,502,1080,4177,5674,459,390,1244,1407,1037,933,535,1746,370,1567,1480,3120,430,530,508,649,1467,630,630,602,1504,1192,4924
2043,11,804,425,391,382,461,361,376,1287,371,714,559,1714,610,365,761,437,1368,653,777,397,1760,442,490,700,1593,524,420,977,394,446,458,483,416,366,859,535,537,571,1009,751,825,966,419,2416,1370,369,526,783,447,1307,557,396,536,328,396,2120,2096,880,899,650,917,890,570,378,524,482,403,365,769,494,732,404,1615,971,843,664,748,560,1405,360,509,3370,1371,655,1558,509,712,1112,700,459,434,742,5890,517,2015,428,805,471,1183,590,491,1070,401,873,731,829,819,514,871,3760,841,3750
2043,12,2086,831,348,422,2659,900,538,876,366,2096,858,750,941,3264,1639,388,610,535,525,368,1585,867,800,425,1519,458,1022,7319,528,1340,958,400,514,402,425,488,523,704,1099,402,571,2690,941,724,2431,655,1420,1131,386,427,1036,405,531,373,2276,2569,579,828,574,395,1158,1372,528,344,566,705,801,1180,2922,667,2357,2305,1799,2232,1419,724,3749,362,653,889,474,3391,625,551,2660,420,542,3876,1267,1713,568,648,5121,1564,579,411,1094,1094,470,576,454,656,367,544,3253,692,419,932,500,2922,471,1770
2044,1,1592,933,421,852,5438,1537,1833,2502,434,697,1266,4212,557,1595,544,394,697,1954,1046,498,1436,1193,1101,616,834,528,2134,11709,430,1967,1202,1237,437,1884,852,861,499,1800,786,641,497,1257,508,3189,1580,864,1728,2023,732,818,1658,506,616,348,1691,2279,1456,587,644,743,1500,2230,643,522,1311,1040,609,1855,2029,636,1152,722,1770,2288,912,396,4631,914,1621,572,381,1611,658,738,1478,1160,1085,4001,2025,3843,373,1381,8366,1421,792,485,532,659,898,1435,450,1522,375,636,1056,615,479,853,630,7710,484,1689
2044,2,1021,880,733,1620,6818,1098,786,1078,385,534,1086,3987,859,3880,934,368,1393,1355,655,380,1065,1775,432,1640,618,1521,991,9668,520,834,746,974,743,674,1162,528,1030,733,1056,463,498,1002,432,1297,961,685,1470,1808,1027,1085,811,555,640,744,1392,2171,1059,746,1087,563,2736,1208,446,848,695,1694,659,1209,1151,661,1086,1646,1256,1457,1032,734,5442,1300,1092,453,893,3148,708,1968,1365,943,3644,2925,1358,1678,479,2742,12495,1006,1409,1055,1308,2662,1226,1204,467,651,725,1142,1997,887,605,828,1085,9526,474,2049
2044,3,1745,447,426,1714,5433,1211,734,857,371,883,1833,3398,1181,1956,673,370,584,1597,501,855,1011,5894,1535,654,1250,1544,1685,4465,502,645,498,1359,433,1153,572,468,493,480,2165,550,997,2117,400,1096,694,407,4541,921,425,717,1258,538,1109,327,1097,1337,2090,848,1320,1773,2993,1737,421,1555,668,1208,812,685,1181,657,1240,1456,2155,1912,903,593,3264,1794,2335,1230,1883,2497,1073,1218,984,1108,1624,4598,2512,1418,352,1266,7650,1057,1975,992,602,1874,1149,806,645,1326,1230,533,3061,1629,1791,768,614,5730,468,1402
2044,4,1602,411,376,1596,2949,714,631,594,352,510,761,1492,2021,686,446,347,464,673,456,410,654,1892,518,1950,1565,578,740,1919,418,594,480,936,572,998,469,570,446,437,1321,370,493,831,373,711,552,500,1260,687,394,542,726,574,436,325,878,644,723,588,778,609,1394,2167,529,400,782,1083,1821,503,739,492,1043,1185,1175,1451,539,402,1319,714,763,593,497,1343,975,660,666,759,1478,2959,1462,987,381,820,3616,749,694,470,489,891,756,1110,472,844,428,564,3674,640,569,469,438,2178,496,1059
2044,5,699,531,412,552,1386,469,413,477,351,426,482,715,738,488,411,541,524,478,409,379,477,695,485,591,538,586,463,1242,385,609,623,907,376,850,1084,418,580,402,710,353,420,496,364,550,452,377,882,519,719,520,438,791,394,328,507,488,483,424,458,708,706,684,402,379,427,534,484,527,733,527,706,834,638,749,494,376,740,483,602,443,447,798,694,504,1019,450,865,797,617,602,588,698,2415,500,541,428,481,707,1025,490,407,545,519,462,1789,499,530,405,405,1141,473,589
2044,6,430,490,458,497,792,417,444,787,355,437,479,526,1033,418,406,337,547,441,403,397,525,521,542,411,447,487,485,575,373,585,487,489,502,515,433,384,392,442,435,343,406,446,350,502,497,364,490,500,595,403,524,365,380,415,764,440,444,399,435,700,578,439,357,393,465,535,399,408,542,494,472,537,468,479,492,458,599,457,848,425,504,1091,462,423,429,416,457,515,501,430,560,880,1039,468,585,420,517,449,541,661,425,463,455,507,714,459,548,424,458,571,399,481
2044,7,658,1449,1869,894,827,597,910,1095,760,991,642,1025,1117,777,947,900,824,1054,753,1015,1103,691,1195,785,1055,1283,618,840,603,1960,1238,1184,708,938,1258,600,583,770,807,574,919,740,620,660,775,720,986,1023,868,555,925,570,943,827,598,714,852,969,668,793,712,1154,932,746,662,694,1273,1123,1228,1147,549,699,654,1253,1035,936,695,641,1471,687,749,777,733,456,993,542,726,772,1057,682,795,651,1250,753,681,825,698,1270,738,691,910,575,1019,960,1254,842,851,981,1248,1267,595,1663
2044,8,433,1413,2802,1146,670,1117,740,1087,1194,1508,746,1459,959,1474,882,805,779,1038,752,1195,1909,2403,1015,530,1123,1015,2374,1040,971,1943,920,1251,781,2223,2443,819,816,660,1396,522,1421,914,677,1010,1073,785,1230,993,572,627,1681,1014,814,928,1005,694,760,1180,1061,1051,474,637,630,1015,825,1057,1126,1516,2138,1342,1392,695,623,1561,663,1013,1137,1353,782,748,758,1694,925,684,889,664,1346,687,1039,683,879,657,1681,735,654,845,1315,687,1875,531,1795,713,808,1059,970,863,2256,1672,1147,3088,806,2346
2044,9,383,2235,1048,413,458,825,741,475,1930,659,997,1305,951,1594,1010,551,614,680,799,503,602,1796,1079,364,956,526,1043,695,817,1504,1069,1084,620,1678,3148,2389,468,440,1071,438,601,598,733,1065,2707,1103,420,2156,619,483,1218,914,368,1248,2059,1072,508,494,545,845,1090,905,482,2341,393,1185,877,1609,546,559,614,792,795,445,6767,1528,894,2100,496,527,630,905,972,436,538,1041,533,650,715,420,1158,1045,541,753,478,1975,913,543,615,601,1254,384,833,803,916,678,831,896,546,961,2197,2895
2044,10,638,3835,538,498,544,469,2830,649,3403,1522,397,6095,1134,1316,557,484,453,1565,443,386,524,486,8434,1034,504,1252,874,1024,707,841,467,4581,841,469,1255,418,409,1057,1972,432,483,537,526,1953,721,1660,373,1049,597,513,1357,385,464,390,2920,1492,489,432,676,2786,1455,678,1149,2138,375,887,861,456,519,1562,419,1352,517,908,2581,715,1088,1175,1279,376,686,1161,1226,454,404,565,927,480,473,461,396,1070,395,979,421,1220,877,413,825,1303,668,499,2409,937,1727,526,485,1112,404,1031,2419,1343
2044,11,397,1217,591,407,436,2101,567,2690,1072,480,783,1493,717,442,547,514,408,690,500,475,372,497,720,649,601,580,605,391,358,1239,753,504,650,438,839,1756,727,2013,1660,331,367,2352,391,923,2116,479,568,588,1703,3123,604,492,439,343,752,608,611,365,368,503,615,631,773,3040,411,552,3424,698,1011,1178,368,960,2130,419,893,557,787,2328,984,394,1249,723,1149,466,1334,597,1138,363,763,358,747,2251,1643,2024,1481,713,3682,525,382,1420,1170,374,536,440,1138,866,741,1014,456,1211,1810,505
2044,12,1130,1167,1028,879,901,2227,991,1412,1991,542,536,863,1158,1146,449,394,504,512,4122,1482,1182,870,585,818,795,427,3294,389,405,840,1115,487,593,459,1937,1780,736,1608,677,379,364,1065,379,500,1309,635,381,513,522,2516,900,834,628,1325,733,576,1220,2195,4075,786,431,1310,732,1000,574,633,863,412,837,955,914,464,2381,1481,3311,2702,457,1055,3043,353,439,660,495,490,822,2161,1339,362,398,356,1106,1886,440,809,1226,447,757,1695,882,958,1551,826,1684,505,3912,3660,507,524,1481,516,691,605
2045,1,2448,821,434,848,527,1382,1240,2437,3173,2919,807,1349,2476,1059,427,393,643,772,4240,655,568,2659,556,2913,506,854,1524,1124,445,768,2521,471,917,469,1020,1356,388,709,1680,942,3242,887,1322,508,1771,1802,458,996,954,2516,717,499,467,751,1066,617,600,1219,1481,1024,1283,1502,781,1851,600,1515,782,467,731,2728,821,741,1833,2214,2713,1022,1356,1196,1498,447,569,2454,490,681,716,814,636,363,389,903,596,878,754,523,1066,1913,2839,2289,578,1473,769,1201,1843,406,2258,1311,435,1384,2053,605,1309,504
2045,2,946,1027,465,1168,464,1030,1373,3297,8555,1060,1333,2024,1384,2744,472,1021,781,1146,3645,772,1462,1139,1007,882,575,574,1885,726,1397,2913,1292,781,721,945,1241,1095,450,694,1567,1094,2634,530,736,829,1180,2186,488,495,877,2382,803,442,478,1795,599,1387,794,2567,2836,1059,1750,1420,700,1350,569,780,2326,631,1115,4423,697,1197,2276,1239,5723,1290,1127,1597,1628,381,516,1767,1096,375,1370,1156,534,362,752,914,441,1406,913,656,3353,2283,2837,1382,1086,3078,1032,715,2073,579,1589,1719,694,913,2162,1349,951,483
2045,3,1130,691,448,616,756,772,2019,3176,8051,1517,655,1795,1025,1826,868,681,465,2444,3626,2405,787,1597,1521,1373,651,2291,1475,1010,455,2159,1034,964,466,493,3149,1327,968,2066,2521,654,1837,459,531,1483,1024,875,958,792,1172,1734,621,428,479,597,528,516,1748,991,1873,785,1683,1019,1007,1668,405,571,1611,505,1622,1952,2141,1742,1217,3504,8426,1659,2088,964,1781,872,447,1375,791,371,1188,834,1365,744,1092,977,875,836,1695,734,964,5229,2561,1263,690,1987,653,588,3324,527,1013,1219,803,1245,1543,1181,1106,454
2045,4,762,543,825,445,431,657,723,1830,3659,774,448,1460,691,695,381,349,377,822,1808,879,503,1058,892,722,410,853,1302,514,386,1375,1200,542,403,389,2921,1045,492,1078,863,443,2018,515,409,579,692,612,942,458,925,891,470,528,466,450,535,563,1809,835,1397,559,1420,803,530,991,359,570,677,384,899,876,1606,2138,717,2476,2789,1260,725,740,1072,385,492,721,554,352,623,539,601,461,500,476,410,587,774,483,656,1992,1053,809,432,1801,537,413,2146,377,726,890,493,675,1115,679,808,424
2045,5,468,664,419,390,502,458,467,690,1469,469,453,1419,604,505,388,381,373,465,1031,462,467,579,474,901,430,453,765,411,411,627,838,441,556,410,1072,534,372,656,537,362,855,400,382,2531,595,454,985,412,493,524,482,378,401,536,435,444,1065,502,1017,483,524,523,392,591,345,432,481,381,502,537,919,804,590,931,833,864,592,561,677,377,440,511,441,357,485,429,452,578,435,463,376,462,511,629,513,1074,620,637,396,838,461,435,767,369,496,498,428,465,574,491,919,398
2045,6,428,501,500,381,533,429,558,542,566,409,410,811,467,512,401,348,517,435,470,447,436,485,414,425,655,393,453,475,669,492,780,465,477,589,496,438,483,451,439,343,504,488,436,584,637,411,404,441,399,525,521,479,825,393,401,450,461,558,593,429,428,1363,367,523,350,406,608,387,476,452,760,519,424,532,732,511,504,793,906,720,467,419,491,456,604,398,430,376,369,397,367,519,567,466,428,583,510,474,375,491,615,624,471,423,435,690,392,484,624,430,449,402
2045,7,798,1325,893,847,984,704,1023,939,810,989,737,1183,928,1030,2545,1086,577,1070,900,923,936,1058,844,748,1170,609,569,703,1054,1167,1409,2206,755,1134,538,1234,763,1149,672,854,760,757,574,959,649,951,657,586,860,1905,1470,527,979,596,690,665,824,1080,805,758,465,933,924,838,677,638,1442,605,1213,1026,1091,903,1052,562,635,794,631,1211,774,868,620,939,944,698,1170,1034,843,634,580,685,571,1495,828,664,899,832,712,2822,685,530,1339,878,1180,831,1168,829,885,972,1339,1169,967,929
2045,8,900,1440,824,938,797,844,950,761,1000,942,959,2059,975,1376,1687,1179,947,980,680,729,998,1040,843,738,897,576,560,1025,1116,1986,1284,2645,900,1176,590,2091,638,937,893,610,908,857,1237,914,833,616,1383,1217,901,1488,1234,876,1508,1259,1035,1036,631,1959,1743,889,622,1015,517,1199,1027,968,1184,900,930,1013,771,1063,574,797,811,865,899,721,1136,858,626,635,739,824,1313,1117,1553,871,767,516,1034,1007,594,774,918,879,541,2356,1322,567,1231,722,2379,934,1273,1190,1937,1698,1198,3163,626,1317
2045,9,1942,538,3064,633,853,603,765,605,602,573,846,1022,1157,993,4238,936,995,897,649,637,848,2254,1793,516,1089,497,419,1160,788,1228,1033,1262,514,856,541,958,886,472,508,770,3007,809,1542,921,1063,579,607,1886,486,878,760,677,992,997,528,556,449,1601,689,4095,667,1615,926,504,627,570,1442,416,1012,691,1046,815,1122,931,1217,999,906,890,1674,478,391,842,1098,951,981,1156,670,867,975,479,455,1684,613,704,792,452,535,944,637,387,1029,699,731,358,2516,444,1813,1420,548,1469,610,1027
2045,10,1047,1307,1060,975,1508,938,455,1944,509,1344,699,1128,1206,3761,641,1821,955,596,437,629,2794,1607,1119,370,1590,564,514,412,1453,1292,564,504,422,582,496,645,1403,471,386,579,973,934,379,729,1945,688,424,436,1273,513,1407,712,1287,2484,414,1123,415,8250,15960,575,1088,711,2047,480,1381,603,980,375,710,1299,714,1114,943,991,4447,379,738,632,2277,334,371,716,394,732,5034,439,979,373,1200,747,381,665,630,470,369,1989,5171,570,376,373,583,389,489,637,667,374,494,1454,1071,1157,369,441
2045,11,1544,740,454,387,660,655,587,2195,3111,594,608,532,914,579,557,747,399,437,397,1061,1794,966,2249,2553,574,471,773,507,905,475,453,1162,1555,367,713,640,797,515,362,572,529,378,365,599,483,598,806,518,524,544,999,347,603,580,430,1097,564,1389,847,1398,3117,493,421,635,600,654,3334,354,915,6525,623,1073,434,1374,692,435,758,371,853,428,1266,620,483,380,1507,430,966,411,890,618,792,2561,483,449,364,2449,4323,665,368,725,498,378,1236,449,568,541,1898,667,1516,2956,366,860
2045,12,582,1749,662,403,3257,561,474,542,963,685,900,621,1165,480,531,3056,749,486,359,1550,1093,602,1672,1164,526,441,2838,3476,904,2111,753,511,571,369,990,662,453,638,358,3408,1128,9943,454,788,429,1093,4613,406,500,1543,495,348,438,472,433,580,582,1324,3661,4254,2785,413,404,367,545,2335,1033,397,2334,946,788,453,527,512,2922,602,475,377,1292,467,558,763,833,1347,5278,2110,484,418,1535,777,967,928,936,388,405,1198,3704,732,529,1893,477,2024,491,1860,595,364,3032,455,1632,1109,1979,386
2046,1,786,1908,1569,771,1717,586,704,560,1426,2845,3602,1336,3241,638,851,1796,458,2987,359,685,1611,1306,1408,1658,847,1145,1898,753,485,607,488,453,1039,437,1487,1346,1319,1180,596,952,1521,20415,399,2379,426,1112,2368,642,1357,546,468,1182,1235,517,369,961,454,1326,7092,3273,1987,812,529,659,910,763,1156,419,1489,738,1155,591,1316,817,2189,1569,410,388,1047,3220,762,1634,877,1180,7623,654,846,640,744,536,780,1608,1332,1600,375,1751,2993,764,1127,683,1023,2233,1805,870,532,383,1894,1522,1005,1547,873,607
2046,2,1097,1949,1461,1112,1501,996,2516,511,1683,938,1842,1058,3001,482,1143,2248,388,3745,383,508,1880,989,1241,1406,930,780,1411,1000,854,1190,494,585,625,517,936,1106,1185,1237,381,1071,1104,9461,357,855,895,769,3833,821,628,805,771,1302,507,660,569,1065,457,1733,4522,2352,1520,561,400,537,675,779,1503,506,1459,716,515,841,917,480,8636,1052,1632,440,832,3607,2141,825,1082,2121,5550,516,1370,866,589,559,1261,3382,818,1864,380,1086,2865,1078,1288,1024,1170,1836,1466,1217,489,495,1497,667,943,1267,1277,733
2046,3,540,2238,2504,658,2391,490,1854,508,2257,1039,4622,1878,3204,468,732,1579,555,14037,373,525,1707,773,1378,1224,738,2181,1499,1792,599,616,610,1114,1994,414,677,2010,1609,2845,366,863,4172,6625,363,3480,563,936,3929,720,639,1147,2659,707,1168,741,371,2016,1030,1846,2527,1908,1562,1509,577,606,771,2462,998,720,912,653,467,726,653,580,5357,540,1852,381,1522,4338,849,1012,997,1410,4725,641,1250,367,1527,382,1367,5695,2256,1918,424,2822,4070,1220,914,611,1089,2772,1805,751,747,759,1342,688,833,1606,1533,1084
2046,4,1068,859,874,453,829,404,951,450,794,732,1946,999,1137,410,733,661,370,5939,376,585,1192,580,1369,814,644,893,1268,913,505,537,410,682,1173,379,583,1196,1360,2340,347,700,2438,3419,342,981,465,605,1695,418,456,640,762,455,639,479,349,714,658,900,1613,1475,957,842,425,401,503,826,766,382,599,502,455,504,1181,438,2105,467,565,355,1090,1925,517,970,573,993,3001,797,1066,360,1203,376,2309,3594,1113,968,365,1873,2475,583,514,578,496,1753,953,643,519,935,955,534,577,1122,769,930
2046,5,442,516,2359,403,577,401,449,419,499,534,968,529,549,439,453,603,358,2010,366,421,590,590,653,536,469,479,926,485,480,427,614,435,705,350,424,531,562,685,343,454,753,1403,347,501,393,438,789,385,417,459,513,503,693,401,347,459,374,736,899,608,612,422,359,393,655,627,539,612,501,449,398,402,644,468,988,404,460,1184,783,915,441,491,676,690,1554,462,512,345,512,358,636,1286,726,541,412,579,1202,744,450,743,426,997,703,3199,400,378,569,709,448,618,494,406
2046,6,416,580,553,379,458,392,447,382,419,414,541,438,557,385,503,559,364,741,512,553,466,512,456,418,387,395,589,433,392,492,400,393,454,355,421,640,433,433,461,454,479,542,344,432,463,464,918,498,390,626,399,533,536,466,344,405,568,586,498,771,508,387,355,433,383,551,580,351,551,420,381,378,413,584,601,383,512,1541,443,490,517,402,626,606,712,387,420,420,462,362,436,578,982,927,513,487,521,566,514,478,546,452,445,486,472,365,458,499,410,450,412,409
2046,7,1193,638,1290,612,783,475,1015,847,655,656,609,792,1000,964,2136,2049,649,848,568,1425,1031,850,613,706,411,818,1049,864,1197,934,569,650,1568,718,835,1427,543,584,1026,836,709,633,754,794,603,583,1137,1315,759,850,585,826,800,709,606,671,779,603,741,865,1233,601,698,657,744,693,749,1109,973,679,604,814,535,820,1003,731,1054,1129,1011,649,893,957,1155,857,632,590,542,854,1077,720,699,1487,1090,1665,1075,1033,803,1086,1709,470,637,838,798,1225,651,1256,945,1052,650,872,628,997
2046,8,1304,523,1903,808,973,602,781,1304,991,1344,471,1011,751,1029,3790,996,503,1226,651,2075,1004,1174,1082,1208,455,1223,1707,1003,1571,1569,757,475,1042,2762,863,1410,667,581,1286,785,1013,473,1556,625,753,1067,1352,1047,1024,1724,716,1899,977,754,1106,686,712,887,1226,637,2080,476,1141,1824,481,1860,684,970,2158,916,1013,1032,836,1818,701,799,960,826,2089,771,1344,1529,1162,1295,681,1238,660,960,643,851,614,6343,2718,888,1149,1223,915,1548,1086,715,1231,650,689,705,659,1405,1497,1055,923,859,538,1120
2046,9,639,388,1587,441,998,588,793,685,617,639,771,1195,532,490,3938,835,367,457,1599,4095,547,3341,719,960,478,437,1285,887,2187,1018,387,753,2204,1104,1081,1211,690,743,2052,601,961,769,603,1114,1027,764,1811,1027,1411,3761,721,6836,704,1078,991,751,1303,816,1930,738,2488,454,561,856,364,1142,394,704,1101,559,2594,485,880,778,1311,1066,1239,971,2410,594,887,2710,1985,1809,666,1046,2733,1356,738,942,1052,6240,943,534,509,1419,746,1014,1317,418,550,3314,5628,460,429,1035,1789,1003,1087,1254,386,1306
2046,10,923,452,1270,358,1829,1303,848,1028,382,374,3674,449,1346,674,686,671,1485,733,855,755,1977,1681,646,386,579,548,1720,1678,1766,462,371,534,531,592,1161,828,362,867,891,1497,477,1114,684,520,498,2025,879,759,721,2715,365,1103,631,1043,843,2292,428,567,1108,605,605,618,798,1280,414,614,468,434,545,5194,965,482,401,929,1897,561,3754,2632,5314,604,546,1521,1068,467,801,3051,458,361,1456,394,909,3035,552,802,395,594,1178,447,402,1041,3084,1614,1242,417,731,1331,1390,1877,440,815,756,1379
2046,11,1404,1355,4733,602,2211,456,841,2690,469,554,730,707,1717,450,649,486,411,450,751,720,1612,786,1148,424,350,594,2289,1157,2084,481,557,465,403,420,719,604,355,733,484,402,2355,850,357,752,1642,682,439,522,605,1216,454,897,533,434,1406,692,938,367,546,367,761,440,822,674,359,861,363,378,733,573,662,517,420,435,1365,415,1281,2399,2837,1327,1494,677,436,466,633,1776,762,511,919,360,1337,14831,398,715,354,407,441,1143,376,367,1049,749,2368,759,669,441,1176,2329,660,436,524,1707
2046,12,677,1170,939,411,583,500,866,2144,367,764,2294,1130,806,472,508,396,1213,435,529,520,1216,506,924,521,686,886,1353,653,3190,517,397,353,1747,433,1066,667,356,1011,535,3200,508,583,406,637,682,2310,534,1952,635,682,594,916,1537,1502,9473,623,373,478,453,369,536,542,535,3124,456,692,356,363,714,462,620,4422,1262,435,490,444,10599,1722,1445,592,3327,544,428,1428,1063,1063,614,1613,842,2151,455,28867,455,539,982,1193,696,475,983,552,777,798,542,717,394,415,563,767,979,1504,440,1933
2047,1,1710,496,4961,349,613,1121,1004,1349,472,432,2633,572,1003,891,507,486,713,523,558,1199,1536,480,851,867,1766,507,1328,1331,2545,459,458,1116,859,1047,904,470,993,649,414,828,481,1909,3137,2347,796,5071,662,1671,2679,979,2533,1294,1654,2449,2620,581,726,443,781,580,2716,447,807,1343,371,1054,388,426,846,460,917,2148,683,710,678,1244,8147,873,5217,864,1657,824,2229,624,557,1382,1280,1873,1176,2142,584,28856,767,1410,1109,1286,4268,1378,410,602,556,680,1306,500,1300,1484,559,1118,1144,1593,722,1585
2047,2,1004,710,3808,400,1169,1147,1162,1482,373,818,1358,963,716,877,491,465,460,2067,419,2847,3562,1403,726,1020,497,1367,1710,1330,1357,502,405,831,1222,1026,939,512,636,460,399,1209,642,806,1773,1937,543,2738,499,1485,2491,1804,1672,780,908,1153,3214,453,1466,830,1377,424,1857,474,463,2622,638,497,699,539,516,1065,2440,1466,1526,458,1915,688,3729,1025,21531,681,945,3038,1892,1601,451,2403,1006,767,897,719,414,11475,468,1433,647,628,903,725,789,376,1350,629,1557,522,1141,773,490,897,540,1139,652,1948
2047,3,605,576,1685,997,848,1007,554,1589,505,654,1611,1382,936,1212,4409,370,464,542,534,1858,2417,2548,1662,676,446,518,3734,1622,1280,853,356,559,862,1366,1558,1376,1173,690,408,954,471,1527,1904,1162,595,2395,441,2726,1077,2965,1188,2953,798,1189,2411,569,1244,959,960,1578,2152,1090,418,1343,477,850,970,1020,438,470,1181,1958,2989,422,920,443,3351,661,7123,493,934,1611,1776,1275,409,1748,969,693,543,988,772,17662,815,588,480,571,928,554,491,1238,1497,2199,2854,554,487,467,480,610,640,2321,1760,1256
2047,4,471,439,1218,655,532,1755,500,855,349,407,975,1678,634,821,1704,376,402,430,410,1414,1501,879,786,677,562,420,4402,2294,711,464,347,433,805,706,836,723,494,480,377,524,435,1373,915,823,541,1351,415,1267,735,1635,593,937,540,724,1631,440,571,636,566,409,1172,433,444,1044,377,1799,473,480,425,449,643,1260,1316,406,1442,453,1278,513,2372,428,869,858,1384,821,407,1050,693,618,500,675,523,10329,600,481,557,445,620,513,440,621,620,864,1016,391,459,492,767,560,675,1161,792,830
2047,5,419,451,695,353,483,659,416,541,356,420,534,1133,443,452,553,360,425,395,746,705,736,839,544,424,437,400,1269,1368,675,388,363,382,444,452,857,647,417,510,367,446,413,593,663,552,426,809,419,581,500,668,475,487,493,525,949,399,427,396,571,381,710,408,455,653,340,597,455,636,384,408,541,657,606,372,508,449,1091,583,938,487,517,495,1260,479,382,544,462,1493,504,494,455,4987,392,471,459,408,453,422,519,421,452,639,545,404,575,419,640,442,581,720,594,826
2047,6,384,391,498,353,520,418,394,499,387,474,497,454,571,388,435,457,538,380,370,462,496,569,431,479,445,371,572,590,528,370,353,406,500,1302,500,397,404,534,435,420,457,479,523,409,1255,486,439,438,412,468,483,420,472,478,474,405,422,402,392,396,544,393,506,483,335,514,464,523,517,486,430,462,755,366,457,376,612,734,751,379,429,462,493,422,398,443,503,1743,690,458,375,2622,396,410,769,645,1324,431,394,373,414,496,447,500,534,441,473,435,421,597,455,524
2047,7,579,612,628,953,845,582,963,1016,1145,895,603,968,847,993,1027,2439,917,711,634,921,683,684,631,816,1613,589,1131,2085,2017,1224,760,1133,675,2484,1060,639,824,1566,669,646,923,1258,1089,587,2737,958,654,614,612,1243,766,553,599,554,1106,789,796,1010,598,528,1031,725,889,1042,546,974,822,826,1299,1027,586,1211,1111,546,664,694,1017,765,2664,621,575,822,1139,1165,598,859,657,845,1198,1135,625,1186,701,763,869,939,1581,966,1324,786,650,882,679,1301,1627,615,1128,961,819,1012,1333,1026
2047,8,816,1102,1154,488,2085,1206,1015,1463,949,1040,1036,1277,769,1563,840,1395,1069,1041,602,1529,511,696,997,1507,2661,517,1299,2016,757,2144,1684,1215,1075,2530,980,583,848,1625,945,832,950,1667,1612,466,2810,842,643,792,1155,2161,917,1042,596,602,942,829,1129,1236,859,614,1239,1159,582,624,626,847,1315,1168,913,1187,1075,1110,1159,668,649,1009,883,513,2432,532,855,1442,1617,1087,945,768,804,1163,869,1023,1087,870,632,772,1414,770,785,1144,1499,976,504,412,1332,3140,1123,854,1222,718,1146,1346,833,1084
2047,9,770,1957,1182,403,1396,936,537,420,1142,3355,787,3502,882,644,514,1684,1161,577,528,1052,1308,878,1840,434,1951,697,600,752,443,1228,1354,508,1105,836,572,516,618,1881,910,1527,893,1405,927,1880,2571,679,564,395,1303,832,3197,1217,1057,738,1327,660,527,742,676,610,460,626,367,999,350,741,1758,1612,1482,1012,442,563,412,2153,911,1034,744,382,704,477,921,1192,1186,1079,1117,806,1155,2364,658,715,416,2463,463,731,1688,507,738,423,1695,457,521,589,784,2470,864,1217,662,644,658,1074,637,1231
2047,10,382,1813,1031,676,978,678,363,385,1030,619,1237,2089,2193,506,505,3295,385,823,656,3644,385,1451,629,509,683,480,492,3387,986,1277,1099,1275,2485,1237,427,432,486,819,1657,2860,869,442,842,2140,2027,802,362,1312,1423,1444,1015,3138,614,392,390,485,444,969,3434,1647,625,1128,1100,540,430,2614,876,406,891,929,490,458,673,1210,567,2911,691,440,5072,626,550,1647,515,1106,2113,2824,1037,807,634,941,350,2785,1864,1561,1049,365,632,752,520,684,756,3148,526,517,722,561,1055,677,688,886,1847,841
2047,11,365,618,2152,342,640,573,360,1174,696,1916,878,985,873,993,538,612,375,366,552,2588,512,404,474,388,731,467,1234,631,611,2419,686,555,479,498,377,3144,588,849,595,640,1322,1273,501,1153,1070,561,897,490,2298,541,792,481,399,417,414,359,1048,400,561,560,498,612,876,445,2407,711,558,535,491,785,485,400,534,958,1502,673,1168,369,2199,532,561,761,700,576,646,975,1534,481,519,496,346,1342,3610,413,1750,358,562,695,422,983,899,752,476,602,463,378,990,634,515,502,1761,1078
2047,12,360,723,1718,331,604,523,1110,436,481,929,552,1861,476,450,437,639,435,2106,1566,3014,441,1534,2040,478,426,534,1358,651,622,1224,472,1702,657,932,361,2035,1350,2439,1476,4100,960,722,525,3592,2281,664,1174,459,2171,2079,1131,673,435,364,593,2996,478,1311,950,2693,557,1041,1646,367,419,522,1031,519,1027,428,460,376,980,573,1223,528,1662,358,868,1245,530,635,1425,493,769,1228,1273,529,372,461,476,761,1658,1076,2563,637,536,538,430,575,2596,617,1221,491,1631,388,1647,865,439,427,732,1122
2048,1,1319,662,998,1140,873,433,883,741,1777,642,868,3152,1082,667,538,2242,1208,653,520,2717,1298,1704,1923,600,507,926,3474,1809,407,2763,437,1842,634,994,500,1321,997,2627,7405,2219,534,646,459,5585,2018,1223,501,1255,1189,924,813,504,577,424,1515,1558,492,1799,1647,1706,751,921,1561,1157,505,504,1298,361,839,936,472,723,1627,1106,1336,481,590,427,1531,3747,390,1117,573,1247,1260,557,1091,429,425,446,501,753,878,885,2700,1026,1278,1005,1147,560,860,857,649,868,1020,957,1216,1007,416,1312,2786,3584
2048,2,826,833,4534,430,701,512,483,2747,1126,772,601,1150,5196,410,719,990,1621,943,573,4101,827,3570,1081,1080,554,582,4503,1931,401,3129,971,940,802,1923,465,2160,616,2288,3802,1983,531,1584,1096,4742,2293,662,443,1320,1781,1477,692,553,1035,439,639,1183,470,856,3084,1972,766,609,3332,1068,557,1398,1472,877,1582,1127,396,988,1112,1212,1227,793,1051,511,2906,1937,951,600,526,1599,607,908,3836,427,453,694,393,681,930,798,3684,2385,1503,1245,529,759,1061,1103,595,524,1128,466,1760,478,1331,2018,11451,2236
2048,3,463,1139,1826,412,479,1058,415,1780,644,709,605,716,2110,445,388,1176,525,543,843,4702,775,3830,2421,1193,409,464,3309,1286,489,4177,449,2016,488,1397,2907,4515,1378,1722,8351,1344,2340,682,650,2783,1734,453,407,1215,2834,2893,2269,532,436,389,1626,1822,469,4789,1450,1279,446,754,1976,652,525,1080,1064,1164,1212,677,937,1281,1776,5921,1782,1367,940,887,2410,4342,970,710,461,1185,792,588,1928,451,374,687,341,1400,691,691,3584,1183,612,898,619,1107,849,1772,736,1207,593,1317,2222,454,696,952,6867,3046
2048,4,391,654,732,357,440,478,381,2526,493,721,483,833,1106,392,368,682,437,508,714,1672,524,1563,1422,583,452,430,1489,714,423,2052,531,1014,537,881,724,2846,974,808,9241,919,857,601,411,1206,1457,415,434,575,1511,1960,753,415,429,345,624,1601,373,1251,963,729,397,538,1683,488,418,776,608,420,579,538,440,948,1181,2236,759,683,624,366,936,2575,459,528,410,2159,554,461,1087,576,440,445,335,841,515,488,2212,832,529,547,494,1182,661,731,1046,2110,565,830,1354,411,530,587,2953,2292
2048,5,376,538,512,342,421,380,370,1148,426,556,420,517,615,367,396,510,506,411,410,723,652,1062,593,644,371,412,633,584,410,949,767,528,459,502,449,735,2811,651,1670,506,443,1545,406,607,857,403,387,536,671,1244,503,431,385,420,447,692,388,538,601,609,457,578,2040,425,447,453,507,400,446,659,429,559,694,1365,478,432,463,359,726,964,414,1562,388,830,430,415,559,428,352,424,363,581,440,501,1501,907,488,415,437,717,479,522,607,584,453,447,761,427,414,472,2001,724
2048,6,461,465,437,363,399,371,361,898,674,493,445,443,945,360,386,403,387,383,391,536,418,523,512,1082,602,449,483,500,400,646,545,440,418,411,412,655,646,541,761,486,487,428,426,515,479,520,1053,405,569,806,454,405,419,382,394,520,444,438,502,605,369,576,532,447,378,395,528,416,459,590,374,408,566,568,421,405,492,400,757,484,484,594,426,447,392,384,436,889,350,372,338,454,415,422,532,409,541,403,384,420,506,474,398,442,394,414,467,433,613,422,667,598
2048,7,1221,917,702,572,872,837,829,1617,591,1037,812,659,1698,795,604,626,685,547,864,850,684,658,760,890,1254,525,975,1079,1502,1035,1338,710,977,891,873,1025,1155,914,957,1170,621,1131,981,913,688,584,946,1058,1506,990,527,1113,534,532,715,819,831,740,1184,1091,696,851,600,599,555,596,3280,1034,1114,1043,1124,692,1030,1356,805,967,1289,692,1832,754,631,1349,788,842,860,689,851,815,609,787,613,1260,856,735,545,675,1494,711,911,1637,2045,570,754,1070,844,1044,1021,811,1150,1124,1214,1148
2048,8,1209,1312,885,404,910,676,576,1618,1241,2194,824,728,579,849,464,1303,1329,1097,2399,871,499,607,958,952,1934,811,815,703,1627,625,1356,836,632,953,639,652,1334,773,1074,965,876,2291,2127,1195,610,1860,872,2243,1039,1381,716,1529,484,821,707,822,1429,1326,555,849,1536,903,834,1486,588,484,2744,602,1820,1345,1990,965,1058,1278,1070,756,609,455,1164,2751,467,1308,1015,1551,756,692,791,1056,586,936,1866,1135,1255,563,469,577,1165,1802,1186,1342,1343,620,1066,949,1439,1266,1908,1637,1713,933,1416,1241
2048,9,1165,793,495,539,402,713,426,587,645,758,1366,485,669,1199,555,1547,598,1077,2287,694,1782,1190,1560,854,961,533,910,602,581,815,931,947,442,1076,1054,549,576,538,963,1132,383,4393,698,464,606,618,451,3491,655,915,437,454,456,583,676,1859,546,1827,733,2218,1953,645,724,1754,376,453,4574,606,1016,1107,1044,840,745,3700,508,612,416,769,835,1855,639,505,511,408,813,548,685,627,1227,1208,441,2451,2222,416,598,890,867,1417,393,1468,1637,528,752,465,1240,1485,533,1269,1717,539,462,1225
2048,10,1773,860,364,393,463,448,716,1348,888,446,1659,925,430,1269,356,915,433,1006,2302,396,1548,381,871,881,1044,696,975,950,2158,1242,945,1473,360,767,684,1434,976,2505,796,620,528,1936,409,1275,756,375,2209,979,743,689,401,1888,525,500,360,741,1761,446,397,755,1887,1413,893,1514,530,417,991,762,404,1942,2828,385,645,931,1096,489,617,633,1198,858,549,1273,361,422,487,857,489,482,410,399,350,674,1945,528,374,1040,2917,7622,360,1092,474,406,7600,393,535,883,444,6241,453,665,488,836
2048,11,869,1316,477,314,500,573,403,719,515,872,684,371,505,491,408,794,578,571,835,559,444,370,1204,1548,469,865,398,611,1215,639,1059,439,1968,386,707,965,854,468,758,434,360,812,2676,1011,387,387,549,1059,484,456,878,549,535,663,396,406,604,397,762,967,1037,594,1188,524,1167,535,584,464,378,863,1229,357,458,1037,536,520,781,417,1131,839,553,1031,913,520,612,770,405,365,351,836,367,1096,603,443,409,959,1898,1125,500,1218,556,468,4196,407,565,473,741,1061,401,776,1471,946
2048,12,3637,2162,360,364,1714,775,417,468,3773,1236,649,2279,721,1076,684,2447,462,692,1766,372,429,802,490,2331,702,509,439,438,583,1230,460,440,694,613,432,3939,551,1133,657,381,366,604,587,3594,396,780,1553,513,1674,647,958,1223,741,365,906,1174,453,533,1281,2047,588,431,692,3051,2744,459,580,351,374,1461,773,581,728,683,410,1130,1726,341,693,876,671,631,571,729,687,472,515,1104,391,497,971,579,897,762,834,3709,1971,2437,480,504,910,1086,3697,392,390,1373,411,600,540,1479,885,435
2049,1,2274,767,385,2170,872,683,504,703,3094,2208,521,809,788,2870,622,872,1059,1432,1284,511,499,999,563,1792,931,400,708,392,1477,789,532,705,1467,1412,393,2918,1185,547,2318,1061,529,594,1439,1376,360,2574,987,1468,2704,929,1674,804,535,640,385,640,1084,452,958,1532,779,542,753,1245,877,416,1588,380,461,1001,931,592,925,572,478,725,596,350,1002,968,1552,1831,819,676,500,918,712,584,1620,994,648,922,621,1316,1942,1103,2142,2262,868,1064,431,1474,3991,773,430,732,771,624,1099,641,968,756
2049,2,1763,1406,1292,2607,690,494,718,542,1722,1677,1021,675,1065,1303,683,970,1706,2730,888,1460,408,556,743,2920,1100,955,2831,1084,1542,519,422,1125,972,611,536,17143,664,806,1355,463,505,931,882,1536,357,1215,801,1051,3724,832,1125,989,375,683,373,917,1744,406,818,3620,723,1986,961,2118,1206,351,984,699,507,1327,776,718,563,1817,497,608,933,748,662,536,557,2422,417,523,400,472,399,405,578,1217,679,858,551,1130,759,1379,1821,2466,559,1288,567,1288,4684,995,1108,648,1319,1086,2419,559,660,783
2049,3,1459,1083,809,1102,684,731,414,481,1375,1128,3058,1591,1409,1344,405,1429,527,1336,661,958,434,1040,570,5560,1814,1699,1840,570,712,561,407,2129,1252,459,1594,13593,1188,699,831,860,352,1757,1189,4782,674,1247,1138,637,5582,640,845,1662,725,469,359,1654,4582,574,618,3491,543,2180,503,2109,1424,682,2095,518,475,1139,1215,758,1143,3400,556,456,866,1097,1268,684,1006,1303,393,1588,393,528,1323,396,413,702,438,941,593,954,653,1605,1809,3268,667,1992,446,1691,2363,523,590,1703,767,1192,1233,514,732,760
2049,4,794,949,1025,625,461,422,351,1177,884,864,1169,613,698,673,354,723,489,819,502,563,409,457,476,3226,1118,484,1013,391,519,447,524,928,614,419,469,4788,598,507,530,413,382,982,787,2300,392,853,740,501,4138,426,503,689,372,391,362,567,1659,516,490,1760,526,943,425,2275,1811,421,727,490,538,662,670,386,488,1153,389,570,462,533,635,479,693,761,905,596,401,458,555,378,619,466,410,640,1364,656,573,1647,1239,1336,697,4292,455,1235,1335,467,443,1293,589,848,934,659,550,491
2049,5,514,832,463,467,417,367,343,579,561,464,514,448,548,509,344,512,417,478,430,400,398,562,424,866,512,431,696,411,452,454,516,565,541,466,620,2276,428,956,436,445,546,592,467,1058,365,524,631,425,1141,679,421,638,381,350,684,445,662,418,454,1011,566,480,393,1126,1287,347,505,414,465,537,560,369,480,685,373,465,438,366,975,2350,478,891,520,471,461,393,472,430,561,405,418,499,658,475,534,924,607,587,375,892,380,671,727,489,573,459,689,660,797,406,521,431
2049,6,431,566,373,1044,604,371,503,398,516,443,451,467,434,445,500,438,403,426,419,385,465,761,426,883,526,445,471,383,462,406,372,586,432,1337,488,670,499,569,438,461,341,567,439,807,460,409,822,390,516,629,471,459,411,366,439,534,563,446,388,554,458,416,378,599,860,348,513,379,713,481,759,440,489,564,404,386,490,382,462,962,445,475,400,548,363,486,438,379,477,378,350,411,402,413,454,433,459,605,406,542,402,443,764,391,927,489,622,502,641,380,417,405
2049,7,972,796,1161,778,1015,765,848,704,1226,645,1087,799,1601,520,830,1007,1058,627,1017,729,1110,540,474,616,980,1048,755,821,810,685,2467,939,763,905,866,613,1346,780,848,618,745,1014,564,760,685,513,662,698,921,1004,635,759,950,639,620,1184,919,892,921,1040,1208,703,576,786,834,645,2397,931,713,1223,1159,1109,1326,851,928,883,1243,898,983,734,666,966,881,1346,658,1148,814,1041,1096,912,558,676,680,694,522,616,575,563,708,706,610,910,1262,1088,1000,914,921,600,977,940,1094,1099
2049,8,3556,1253,961,540,601,880,1086,1027,1187,944,2161,1718,1222,653,638,1137,888,665,1194,579,696,622,658,636,814,1152,1196,1049,924,1027,1624,1168,716,1053,657,486,954,1051,1426,1321,757,1218,561,1002,651,502,900,745,1252,964,766,940,994,535,696,1127,708,686,1014,1395,917,1472,664,855,798,1458,3896,1078,1314,902,1346,1158,702,1056,890,870,1016,781,1934,1119,861,1106,713,1064,601,815,994,755,1602,1559,828,1172,582,651,598,1245,807,958,967,1018,767,853,1285,1177,1118,1098,1395,955,2230,1275,1321,1040
2049,9,3235,1785,420,851,2540,729,2014,612,1002,1120,999,936,753,777,943,1412,872,1426,853,857,475,938,1013,419,425,2683,2192,498,502,1176,1051,660,726,2558,635,512,449,719,2976,649,2808,574,896,521,571,366,691,499,678,1077,1054,517,1058,448,555,544,825,1823,498,875,1314,765,628,711,698,834,1488,557,2200,2188,1310,446,381,611,961,2998,1697,564,2708,844,717,1019,2443,629,803,636,577,435,617,723,2161,3038,374,396,425,670,693,1131,2329,1014,416,776,5902,694,2258,1013,2340,1702,3500,1058,409,1272
2049,10,1920,1473,1285,598,456,400,3616,375,630,737,2942,3518,1467,811,716,764,453,641,1003,429,778,764,1318,397,363,1335,1392,440,549,672,867,657,406,1183,456,4287,416,461,439,543,754,427,785,750,611,359,1082,923,1045,1306,421,451,369,436,1860,503,405,705,1121,691,12252,934,778,368,448,467,757,425,1120,483,759,411,693,5135,480,857,702,410,1510,1317,1728,658,1161,950,471,2384,990,1013,493,912,1608,2486,1128,1167,857,405,1055,1390,2053,789,384,669,3084,603,1857,488,575,462,930,381,693,828
2049,11,870,601,1191,586,454,346,2883,365,728,828,588,2687,1753,670,518,814,419,465,2388,469,868,2422,691,568,363,1137,876,379,374,767,655,1347,452,429,465,6137,388,487,468,809,412,365,709,453,711,362,839,624,630,745,549,359,338,434,1351,932,631,757,1470,550,2449,1242,362,380,366,522,588,405,591,560,455,394,701,801,563,441,548,340,2259,2694,981,434,2565,736,449,821,502,463,512,2154,517,713,539,12769,1846,371,1221,650,539,776,394,895,768,495,991,747,1550,419,786,371,543,856
2049,12,3024,663,804,520,2460,615,836,356,464,564,636,2970,1053,464,378,553,1099,422,987,362,468,486,1520,514,385,522,1255,1521,362,631,4975,631,626,644,1491,2139,731,366,408,1530,485,386,717,475,443,376,837,442,540,449,1199,386,351,697,887,665,410,1240,586,1487,2308,761,495,486,371,444,1477,1290,2787,706,1918,348,446,3017,398,432,2752,330,1870,725,666,655,1715,998,615,539,414,369,375,1443,561,525,455,938,1573,400,1270,660,1333,410,2133,464,528,1760,500,936,571,677,550,1201,906,440
2050,1,1616,462,2263,939,1492,709,764,352,558,2010,508,3368,813,760,346,431,724,378,1209,774,383,526,763,367,452,512,1220,2013,499,4038,1230,1659,1097,1659,4254,3696,392,611,524,871,405,479,840,944,350,728,1713,2057,527,679,591,558,381,628,1024,943,1192,1118,461,838,2639,586,714,715,633,1095,1046,380,2852,1085,1928,392,863,2006,909,557,806,939,5999,674,706,1630,817,1709,861,1345,427,889,621,1435,575,2508,397,1248,584,545,699,561,736,488,1425,991,768,4619,668,1308,515,499,546,1038,610,419
2050,2,1642,445,1556,492,789,571,849,470,1370,720,641,2364,1146,620,534,606,569,1506,1105,840,600,738,2372,630,690,623,1116,749,2223,2768,763,1259,543,1008,3199,3119,369,472,405,1650,757,376,1377,843,645,851,1116,1148,778,1853,696,379,569,1237,596,425,779,1733,1034,2386,7794,461,398,481,389,3103,1971,648,3906,1469,1875,494,404,6572,1258,988,643,1051,9102,786,604,840,1443,703,806,1259,686,2084,502,1695,725,1350,563,719,770,622,643,510,1332,421,1033,2324,620,2667,1050,883,1167,705,1181,1329,977,444
2050,3,1412,464,1604,399,1192,512,787,408,990,661,794,1756,4567,816,387,459,402,1019,627,1585,384,807,2190,2362,365,1171,831,1616,1053,1731,595,1182,450,676,2091,4133,481,1571,381,1161,689,478,988,530,835,449,1541,667,506,651,526,362,383,442,659,775,3154,867,667,5248,4423,2354,471,367,377,1448,1063,707,2704,503,1267,1565,696,4343,1187,929,1885,534,7922,2513,681,955,1659,1030,450,1592,1294,680,642,1110,433,900,478,617,597,623,517,928,967,510,1064,1252,925,1428,1178,1036,833,836,641,781,465,447
2050,4,1140,410,808,385,899,405,579,373,711,463,494,1340,1179,507,426,392,384,586,1077,886,438,492,1193,1184,348,952,608,964,530,801,504,915,902,870,1171,2008,505,730,375,658,466,352,539,423,388,365,2091,475,407,695,507,347,428,398,557,551,603,510,459,2753,2358,904,402,370,378,635,681,386,882,472,690,658,502,1148,543,442,1413,465,4111,881,503,910,3354,633,468,2090,1310,499,379,858,428,686,384,511,483,385,452,600,597,468,708,673,710,1131,730,595,1427,414,472,665,419,385
2050,5,639,390,472,397,485,423,529,425,425,526,486,582,885,402,372,398,389,425,505,733,384,717,553,549,343,464,463,518,523,503,456,457,394,557,663,1104,607,435,365,451,395,364,536,444,380,356,914,409,385,451,399,424,608,372,434,391,474,431,400,950,915,586,422,372,371,466,470,438,591,412,518,531,457,642,402,404,767,424,1755,941,399,499,781,430,513,830,1235,494,362,472,420,484,360,460,441,358,655,435,669,382,468,450,613,681,676,425,488,460,520,756,422,372
2050,6,489,558,504,429,435,338,524,378,462,498,545,505,539,415,349,390,386,390,406,461,358,613,465,443,556,616,427,447,495,416,420,577,379,406,550,536,361,385,458,403,702,366,491,513,462,351,576,436,430,523,375,358,329,344,440,447,407,442,500,540,545,1113,456,391,492,628,510,373,456,476,517,586,434,477,559,388,521,345,906,581,420,432,557,469,555,1004,534,449,349,429,387,450,364,484,457,354,476,438,481,433,396,526,468,488,460,412,757,374,415,408,528,407
2050,7,686,1032,702,1046,626,568,1018,645,1366,824,744,726,942,637,804,670,976,816,706,775,667,935,1791,758,989,1475,469,726,646,708,1120,787,943,743,1163,861,766,1000,1045,603,1184,795,582,584,800,965,778,791,892,1488,1210,630,572,604,527,630,721,822,798,836,512,1088,1262,566,805,1405,1043,1031,746,659,1446,1073,884,847,748,620,889,547,2126,611,771,1171,619,1086,845,1183,926,786,831,846,667,923,707,711,589,683,587,660,1033,1068,484,833,4302,706,1136,838,1196,620,589,790,1449,654
2050,8,675,1091,852,759,1104,699,1206,1044,1723,837,1138,906,645,878,904,741,833,615,838,920,821,1391,1361,489,1199,1052,788,485,1776,948,1799,1541,982,878,1736,1115,688,1006,1022,934,775,923,819,484,1260,820,790,845,1261,2144,1711,966,812,573,436,1253,806,991,1366,532,417,643,1991,667,419,860,2769,1031,1300,1207,1104,1009,997,1568,620,527,770,419,1039,863,603,1428,626,965,2041,1778,1213,592,1312,1568,957,1031,575,865,551,1017,925,888,923,1024,621,1339,1793,3682,1926,759,2203,1132,1179,945,1023,702
2050,9,1763,651,602,401,1746,890,831,526,1420,536,635,707,715,518,958,811,620,381,2789,729,730,861,1003,439,1092,723,662,489,692,740,1213,995,455,460,1341,1670,596,1012,1519,990,452,1610,439,448,1139,607,1026,505,637,3724,756,442,752,1209,811,514,564,998,635,1102,1024,473,570,717,597,817,703,527,685,585,940,436,590,554,2156,647,430,353,472,552,1639,584,487,2462,1113,873,806,404,944,1157,1042,1407,397,2114,1199,502,1818,1339,731,2019,622,567,466,578,478,572,1741,858,450,665,2615,490
2050,10,1510,1026,917,544,1328,501,391,550,1017,696,815,1943,1146,377,758,4930,1576,420,2605,592,2112,1369,898,415,539,756,1451,749,430,832,614,602,487,535,411,1871,1650,917,1100,382,362,537,2609,355,2235,391,376,832,524,1281,932,514,531,2183,2558,591,1519,6549,430,1293,1503,433,630,801,507,1982,422,616,1902,817,998,593,654,1034,3752,543,442,449,539,895,1435,1178,491,1766,585,900,988,2115,870,431,1004,1212,9221,789,377,352,573,436,544,1192,575,2029,457,432,958,487,2929,889,5646,533,832,350
2050,11,645,399,435,930,1184,690,385,1789,422,572,517,1920,1895,649,476,843,2716,1071,1395,603,1347,546,541,358,369,595,1424,482,455,467,583,814,692,681,393,953,1870,2714,2513,507,368,698,876,384,639,389,517,808,363,854,627,499,518,688,494,793,890,1597,875,3580,1398,382,947,833,504,888,1174,999,576,500,2123,470,896,409,8422,1141,575,615,1016,651,444,431,4963,789,2900,876,1135,2459,783,629,1026,509,978,589,468,513,460,1435,512,478,1418,714,385,415,400,678,1147,938,3053,544,440,496
2050,12,480,695,990,1291,1698,378,460,1558,1025,474,600,2980,576,685,343,1433,1051,911,1269,1687,3828,812,415,589,2013,427,948,527,422,397,666,425,1263,452,605,3640,955,976,605,1730,759,376,746,609,1045,373,1493,892,841,1905,587,352,1919,567,445,805,4754,2628,856,584,616,455,1695,431,1211,1947,1671,798,986,1998,2020,3131,785,1339,819,814,13737,1228,2435,813,551,399,678,944,2115,1175,688,1272,2863,1055,507,723,986,526,418,340,508,424,588,1972,457,521,616,707,496,521,1980,408,1733,570,969,391
2051,1,523,499,477,460,2189,339,2223,1587,587,1286,414,1607,529,1000,459,2063,2976,5230,969,1606,1557,533,546,882,3330,375,529,422,491,2142,425,1566,804,602,926,2971,601,2242,573,849,762,1577,1192,432,1217,407,1008,2145,571,1531,943,333,2277,659,427,756,7631,2744,833,909,1604,689,960,1179,1863,2215,707,1169,518,1307,1997,2780,1303,1136,1442,483,7368,1264,1379,2666,425,621,1301,1280,1067,1545,1781,1409,1075,829,734,507,545,1467,417,1144,787,445,1753,757,958,678,1548,2330,562,1566,989,846,2638,1999,1306,1173
2051,2,526,1094,969,472,1881,869,851,1224,1594,1667,2213,4274,1569,394,730,1193,2206,2921,845,889,2938,513,584,501,1612,654,789,369,387,1613,2028,873,792,1598,1783,3032,500,2951,634,1388,1197,1383,718,619,774,838,1742,1283,1217,2584,2025,391,1152,471,410,876,9989,1448,2440,799,1371,492,718,550,632,1463,1381,1021,580,981,1634,2068,737,1346,1087,500,4380,1010,1290,3685,841,631,1783,1241,809,801,1087,1773,849,974,646,1219,806,1413,830,1047,401,508,1267,764,960,1491,796,1143,671,578,2178,465,1874,641,844,960
2051,3,680,435,1292,462,1437,409,831,1098,988,637,2700,2122,1153,383,1399,943,4449,4983,848,1424,1811,1000,861,1483,2656,783,542,372,493,1154,524,775,1144,3553,1169,3213,475,2537,549,619,1485,1048,1049,722,608,363,679,1469,794,2133,970,325,1188,529,426,894,6953,1674,2278,861,812,804,575,734,632,1304,811,1083,516,821,1139,1967,607,902,1012,729,4731,1251,5665,2114,1605,404,2560,1847,1180,1558,781,1429,700,522,596,4484,555,1656,705,862,636,666,846,1144,1997,621,583,1146,674,2774,6004,437,930,505,1148,963
2051,4,412,416,1227,402,795,346,551,665,537,479,735,975,555,402,460,593,3043,3260,545,884,876,511,408,504,1336,501,513,434,455,692,468,659,525,1047,891,1370,529,1429,438,504,573,503,587,446,484,345,591,1002,434,908,601,338,916,668,435,464,3201,1042,1613,570,557,459,488,469,614,919,549,603,474,637,987,1477,593,1117,641,407,2106,795,1592,1884,574,419,1802,865,749,1067,567,926,499,451,458,1640,469,1199,383,899,533,432,606,710,924,569,521,667,443,1318,3000,396,614,511,1462,503
2051,5,394,383,530,416,511,330,409,464,424,424,610,619,466,394,382,723,788,1583,530,530,600,410,383,422,738,370,410,353,411,458,479,432,469,620,771,825,996,634,399,457,431,433,487,2688,431,515,424,612,393,523,489,387,675,393,389,397,1860,602,1892,453,479,362,411,441,762,636,473,476,455,518,555,1004,513,523,508,645,1077,558,722,2086,457,417,912,521,501,756,527,526,1188,458,388,592,414,588,516,774,380,388,644,456,473,545,488,2112,413,514,949,426,570,1275,845,543
2051,6,384,474,497,457,464,331,594,492,518,459,464,529,395,413,940,429,562,560,442,417,444,457,467,423,463,359,388,375,355,413,430,415,491,566,654,558,789,1396,389,398,381,487,508,461,414,482,394,803,401,458,416,349,433,431,379,640,638,456,537,442,401,520,452,385,532,526,437,399,675,582,705,654,387,481,512,490,970,420,530,833,430,484,652,423,723,441,598,543,564,408,366,452,389,473,471,451,398,430,680,410,405,501,434,521,465,498,579,367,542,502,431,404
2051,7,1504,1586,2451,667,721,726,1505,761,563,991,539,776,1670,825,644,1065,1837,655,1152,840,567,673,635,849,1077,1362,761,1036,719,791,663,718,846,963,1209,696,1154,3706,653,657,553,850,616,550,511,1128,704,771,846,872,665,587,999,962,568,918,909,700,843,869,733,835,750,644,629,872,793,450,2249,1109,956,1044,1045,1071,718,1088,1154,893,1064,1186,699,700,864,756,767,1602,6183,986,937,1086,478,898,1137,723,1035,748,1469,1003,1141,805,586,823,981,1166,842,675,1153,1130,898,1102,794,561
2051,8,915,1392,1378,486,526,870,2159,875,985,921,2024,1258,1912,1036,595,1987,2190,711,756,1125,497,893,837,1092,527,974,914,1527,800,623,1333,1464,2134,3438,1116,1049,2069,3678,2001,1007,640,970,1090,475,571,1839,1240,1765,748,967,816,1131,735,816,454,732,927,834,488,1971,639,939,1061,602,773,869,1324,922,2972,1115,1196,707,531,1292,937,601,1109,683,3372,986,954,1032,1006,1520,965,1982,2270,993,1130,1460,647,1372,1305,3204,1124,955,748,1200,1652,914,930,836,1047,1772,964,1280,1514,1549,1152,941,1327,599
2051,9,591,531,608,392,2947,399,3513,394,491,543,446,665,1200,587,659,1372,1545,779,1166,4189,513,933,721,1654,690,1002,533,614,920,410,920,931,1005,947,1443,982,1198,1163,1070,792,389,561,2088,378,410,619,1022,1082,971,624,819,2648,1146,866,669,753,482,477,698,762,790,776,1106,397,1944,574,394,514,1425,2065,1256,712,823,574,1633,404,398,2279,1128,1035,640,1503,1263,707,2087,709,1438,893,2315,2020,738,1171,456,1843,515,741,789,931,1133,569,665,447,2791,1680,941,490,864,890,470,2409,3483,925
2051,10,572,1173,603,348,671,344,704,360,395,370,610,540,410,1987,707,1473,792,685,893,924,655,454,482,2643,367,1697,1836,822,397,381,802,571,448,1240,556,895,943,595,631,413,382,1636,2628,974,699,417,2491,1681,589,697,403,1984,2252,498,1335,1224,432,566,491,702,775,486,703,451,475,423,367,531,887,668,1697,434,1064,534,1121,475,426,427,815,882,382,394,2920,740,2324,729,958,937,1268,817,606,431,700,2322,474,462,2053,532,1327,649,1015,924,542,925,735,1046,3512,560,534,672,458,354
2051,11,405,454,2467,345,638,471,439,655,356,568,911,761,534,674,432,506,840,634,413,1270,484,552,534,647,482,695,796,601,1856,443,817,763,766,732,965,736,729,627,542,363,417,540,544,961,882,549,1136,616,445,1193,565,507,983,376,455,878,377,564,3940,401,638,526,540,537,522,459,366,1127,661,835,3496,442,762,378,475,490,497,755,1077,956,1034,446,621,463,716,1017,1271,596,1046,960,451,586,617,1041,365,359,880,794,848,596,1100,378,2902,579,855,645,7770,453,822,1027,1303,521
2051,12,410,507,753,350,424,356,522,574,645,645,1389,635,757,468,361,1111,839,624,406,4121,2666,405,411,521,2880,550,1777,884,1044,379,945,418,1514,591,1019,463,4763,1643,1700,895,348,556,684,395,491,448,4045,877,1238,489,546,570,1193,623,448,813,367,373,1742,376,377,368,484,359,825,645,364,2201,449,455,9535,631,1561,874,410,3312,1003,1387,794,640,707,602,854,492,622,1228,1956,1147,766,682,462,995,674,586,372,1218,594,1650,1271,655,632,2208,899,1070,829,517,6386,1529,468,600,1040,4199
2052,1,386,837,985,492,2360,537,1149,2244,519,1061,2390,657,763,440,338,1357,547,686,4509,3089,1319,387,579,489,941,560,869,887,543,6865,771,729,609,481,1783,1380,1189,1572,1041,769,345,2863,597,834,1176,408,10706,1387,613,667,1242,487,1045,660,518,1469,461,533,2150,1296,423,348,683,376,540,3018,410,2717,1484,569,4779,941,2165,4548,595,1324,1981,2978,698,452,549,689,1078,1322,1086,558,4323,805,2140,507,1808,618,1965,924,1644,1195,558,794,1334,825,832,1154,816,622,1599,566,3864,885,544,1721,735,1538
2052,2,694,978,797,393,1245,985,2126,1421,818,1472,1870,527,1346,442,581,774,474,427,1340,3568,1671,1386,878,1138,1232,2334,1305,742,603,2185,647,2041,1403,666,933,1065,1663,1353,1432,627,393,970,510,541,498,623,13507,1469,1137,792,1297,470,846,399,642,688,1328,423,1630,738,483,756,460,364,560,1536,457,3724,982,1063,5043,1617,1231,2051,484,810,1517,2566,1175,721,485,633,1688,669,1805,848,3618,515,2239,1494,1405,822,880,989,450,1078,540,900,1306,437,2929,1885,676,549,917,1707,5705,732,690,1254,890,1302
2052,3,382,458,845,444,925,1771,784,826,767,2101,1436,422,559,507,344,586,447,1440,1737,3197,911,446,452,743,2714,962,1176,1280,472,3536,589,763,717,446,807,1384,1027,1739,794,1130,604,1132,741,1562,470,373,6460,632,517,440,532,425,929,381,387,2155,2033,697,1709,452,597,417,383,337,1545,2483,414,4841,561,432,2684,1808,1671,1728,446,650,1371,1787,631,658,1737,507,1123,486,845,1343,1851,529,1568,733,586,1044,869,933,559,867,2051,834,1063,427,1711,1440,581,1333,905,818,3314,521,819,832,914,5887
2052,4,360,605,572,335,628,622,518,640,413,1091,963,425,1522,416,377,460,408,443,2228,2013,657,419,364,482,1588,579,1210,1503,414,2072,438,662,596,403,537,886,715,889,602,505,368,617,437,494,413,351,2582,496,415,436,533,459,567,365,375,1723,1042,408,972,585,485,367,381,334,938,1643,436,2155,564,476,1100,1265,807,1358,404,479,843,969,725,416,601,387,2000,409,663,685,913,421,774,472,700,451,534,619,415,737,682,1592,965,451,951,1170,710,863,511,635,1495,574,402,677,504,4394
2052,5,361,429,543,369,489,383,435,441,369,632,595,570,668,473,317,412,397,428,1551,807,476,419,354,456,961,459,600,556,388,799,500,439,2201,554,481,2280,499,2051,499,875,677,539,414,399,388,346,1115,426,385,2020,424,394,455,442,364,563,514,442,691,444,362,377,393,365,510,987,369,898,505,669,676,580,494,612,435,418,474,685,456,409,427,375,1088,383,509,434,600,450,551,412,431,412,423,440,399,489,663,1149,523,392,697,841,491,846,418,516,4539,486,429,446,1891,1674
2052,6,386,453,464,439,524,417,457,460,357,489,459,413,539,752,313,400,425,417,539,581,520,444,412,407,590,552,439,426,381,709,449,493,809,446,441,759,554,644,799,397,334,410,565,430,366,352,590,468,387,601,469,419,578,354,622,460,468,375,429,508,359,346,449,441,408,444,369,998,404,560,490,440,479,439,416,403,442,492,461,391,390,374,498,397,542,431,548,379,492,383,419,416,437,435,598,528,753,465,445,440,423,672,412,525,393,804,926,401,464,422,1019,648
2052,7,905,1159,1327,990,706,707,615,545,908,818,890,1042,980,1905,585,1069,1059,864,815,682,668,827,708,527,1142,774,1195,720,1408,1000,1271,662,835,1008,697,1004,1312,965,1357,667,1117,588,746,727,773,558,719,826,538,1111,881,1459,649,746,849,805,683,876,490,911,515,913,1093,922,1010,652,1168,1621,804,738,1152,1112,1225,1267,736,706,1265,516,709,698,555,641,740,778,615,1331,2375,1245,720,523,514,688,2988,983,2820,701,1113,967,834,680,880,468,2149,1000,1548,761,923,914,979,1054,1040,1215
2052,8,860,884,966,715,497,496,1655,519,930,616,727,754,1802,1349,586,1131,2287,666,952,1000,1090,766,800,790,1089,1153,798,970,828,1341,3891,535,1701,1343,760,1913,1187,1164,1511,2363,704,584,576,594,1003,615,1158,1945,614,1788,1422,783,933,1013,1096,617,541,802,926,686,588,878,2222,517,1574,779,2015,1096,989,1318,1425,2474,1467,1471,1404,488,705,684,1027,644,550,757,1025,903,842,796,1977,755,708,783,765,1045,1422,807,988,664,933,1832,1055,532,947,391,1585,939,1462,606,1234,1330,1513,863,1162,1217
2052,9,401,484,882,678,1119,346,874,616,874,865,697,911,648,3144,779,1939,1607,735,1032,3257,946,1252,857,959,1304,1848,404,527,820,868,1675,1190,864,618,1181,3543,412,2510,3646,2604,900,460,654,594,490,344,1013,503,428,2383,1283,819,1828,1003,440,469,686,435,705,581,1310,422,905,528,2642,430,567,1985,535,1918,613,738,1388,674,2406,846,583,425,459,751,466,810,1014,536,409,398,1532,738,543,631,425,1333,1484,575,1646,732,615,1437,1786,627,394,374,470,625,483,566,782,1293,1009,544,984,3195
2052,10,524,762,797,346,751,764,1283,446,491,552,889,2347,821,2053,1489,464,969,1126,3082,1261,1198,491,1237,386,430,1197,426,1165,842,429,1321,1789,547,495,376,1086,437,1380,531,1169,922,531,12571,349,481,324,401,448,1157,1045,708,670,1113,1411,753,914,9026,1411,3303,368,423,376,417,1289,1886,405,2117,2004,928,1017,654,1216,3023,587,1460,1032,431,393,4666,395,617,356,2648,542,479,414,1481,884,488,432,412,1626,665,512,1104,937,420,842,434,499,366,370,520,4354,827,574,1479,613,375,423,1492,843
2052,11,449,358,381,591,930,581,876,575,1811,735,6168,1382,820,624,376,1147,775,661,701,476,3187,402,706,1915,556,1891,490,467,2662,587,614,1388,1018,672,694,531,425,505,718,523,3388,765,744,1857,878,521,443,472,2152,3276,1023,2020,969,1386,507,518,2881,690,666,543,989,905,391,826,1228,830,626,622,455,674,2373,640,624,750,1688,569,416,632,995,1592,758,946,581,435,787,920,680,450,911,360,351,3017,498,376,1893,484,484,1272,470,1487,1557,361,377,1621,746,810,941,662,423,361,622,1224
2052,12,1983,1199,450,384,1915,738,492,704,1615,834,842,1948,516,724,422,1077,1173,2327,506,744,704,356,480,1170,849,3743,429,2884,479,2166,813,491,2069,2386,459,499,560,980,692,655,760,1292,1846,1062,369,1191,795,545,1070,4405,903,828,2455,933,1039,640,2917,888,496,779,1093,1227,575,539,643,842,2350,1370,626,436,2365,3320,1025,734,1378,528,363,677,847,2698,428,726,701,696,509,819,531,471,749,368,1191,5082,509,615,3730,709,426,1602,451,574,540,363,398,596,647,800,519,885,860,360,528,1821
2053,1,1291,948,513,448,2498,395,463,3909,671,1139,1103,2823,537,833,341,919,1621,1918,1424,978,620,360,588,768,983,2542,385,1950,1227,1595,1299,633,1073,2673,623,1985,391,702,505,767,814,591,745,566,377,1484,694,1201,1879,4305,952,680,903,1680,1775,1822,1764,513,566,1028,557,996,1556,462,1058,902,2274,624,459,942,13761,1492,1815,805,2391,1315,497,897,1333,1240,695,2773,3683,477,1205,864,2899,410,1545,459,532,2344,1512,1126,3382,848,1223,1201,1489,1646,454,919,1001,1200,1401,573,732,1181,377,398,2034,1051
2053,2,539,529,463,874,1376,360,558,2103,947,688,1813,1698,1096,668,438,1149,893,3637,2120,1722,684,1542,759,545,1499,1668,614,1623,1123,1589,1576,742,1103,1543,1046,1392,739,548,606,2228,1525,684,651,1707,1306,717,987,1138,1625,3032,2339,1756,713,1330,1205,763,1682,888,494,1222,1146,1305,568,601,960,863,1411,1474,596,839,15931,1139,2215,2103,13602,1074,709,852,1035,1206,439,914,3878,381,686,704,1855,486,641,630,744,2082,1317,1532,3547,1024,1299,1816,616,1154,424,1166,717,794,844,567,1387,910,624,653,1129,3893
2053,3,496,1625,1603,530,2075,448,864,2522,817,657,1459,1593,656,1309,395,724,1892,4236,1776,974,509,1133,804,897,805,1136,673,2460,962,1143,1103,896,825,1875,1571,3010,582,1942,500,948,2418,1332,1147,1166,399,543,745,547,1614,2377,872,2083,850,861,606,912,2158,4102,560,659,1522,2466,656,492,1070,698,1203,2775,741,855,6638,848,4261,1120,4806,2372,636,642,726,963,423,625,4492,403,452,1056,1514,374,811,432,1356,2152,616,3003,5776,6017,534,1946,493,768,520,534,674,898,651,1198,660,631,929,715,1444,5199
2053,4,439,555,412,386,1278,434,477,1821,523,541,605,1602,500,585,365,558,934,2519,853,610,471,537,408,481,476,748,1105,2369,582,602,779,480,652,1700,822,2167,402,634,439,573,2484,634,2185,726,380,423,508,434,766,1486,558,1148,549,590,483,546,1027,734,423,941,865,1415,446,455,611,662,742,1232,544,670,2015,880,4811,673,1793,1652,505,533,714,668,390,472,2533,356,419,564,771,386,447,357,955,1691,476,1127,1426,5503,464,1105,632,537,425,1128,417,835,488,477,564,496,421,442,932,3227
2053,5,420,412,384,408,570,403,391,1568,441,538,468,737,588,453,335,521,735,1640,486,484,484,525,383,418,445,573,394,1172,529,467,484,489,504,830,454,776,413,469,428,454,808,483,841,495,372,384,414,397,491,1214,765,715,442,465,420,526,852,464,459,420,489,550,414,361,460,797,838,502,457,497,1440,492,1458,491,1035,685,385,1953,518,466,573,433,1249,353,403,438,531,356,406,348,915,735,427,544,686,739,416,580,413,413,374,459,431,536,431,474,455,473,369,368,495,1551
2053,6,443,480,395,320,520,328,410,544,472,912,432,623,394,476,365,455,477,523,493,656,676,420,474,2824,471,449,368,787,445,552,541,433,594,547,960,567,419,414,447,559,453,452,433,524,750,457,448,399,407,505,792,739,400,402,391,393,463,409,392,730,445,441,450,433,565,578,456,543,626,473,883,456,524,399,523,444,717,876,715,457,797,413,568,618,450,436,481,366,454,362,445,447,411,466,1046,532,378,555,434,490,364,386,386,503,430,373,393,510,399,519,621,770
2053,7,606,1002,615,472,1029,391,970,771,892,1978,662,904,1202,821,714,768,1057,1033,1046,1218,953,607,923,1474,1086,1040,975,738,2052,2511,1108,750,1129,682,1263,765,629,580,627,1680,710,594,803,609,817,1142,661,1077,601,709,729,1541,506,535,595,716,1193,720,634,563,687,1098,636,465,891,1391,819,774,913,1586,1270,921,909,607,1384,872,1265,1149,673,770,1148,927,1038,865,885,1287,899,499,575,1542,673,784,794,888,733,674,1202,1102,994,736,617,729,1159,648,959,618,868,1415,865,867,1162,1022
2053,8,2063,1181,772,928,1983,559,1424,980,1041,1200,943,678,1226,1058,492,567,1420,993,792,793,1022,793,799,1338,1286,559,1088,903,2170,2332,1131,1601,1291,1673,1971,989,1061,627,582,2706,508,504,888,467,1664,781,828,1244,770,1164,1609,1027,483,571,474,620,966,901,1175,527,867,1256,550,697,882,1403,1042,931,1501,1420,1940,807,564,780,1391,2665,952,1247,1030,992,1407,1380,811,737,1154,1063,665,700,534,1979,562,1680,1635,1311,627,741,1167,1606,942,1109,1044,906,1650,700,683,871,1281,1655,1185,541,1228,1169
2053,9,1610,2432,2215,470,1492,509,391,480,422,1169,492,868,2163,1329,839,672,1088,561,457,2821,671,1896,1096,1426,1750,720,907,730,1407,711,914,1381,2158,639,1354,2726,728,1004,762,1424,383,869,610,622,926,770,801,476,819,430,581,476,446,2059,376,404,540,575,539,727,517,612,465,508,457,560,662,435,3475,481,1494,1035,572,535,1236,610,696,1317,1132,1188,441,3654,2632,613,530,430,614,601,527,1829,376,3766,787,809,502,1434,1264,482,507,1090,877,411,1035,639,2486,480,1227,2967,524,443,715,1267
2053,10,473,637,510,493,442,1148,366,406,1215,890,422,811,596,738,1832,412,562,1618,1379,2272,908,503,3040,477,414,772,675,600,560,879,393,543,1989,520,2782,2112,1462,696,1322,1193,524,864,519,748,1560,416,1273,567,1067,664,1496,2124,943,541,355,531,389,508,389,963,1396,372,388,335,416,545,504,422,544,377,1014,377,746,631,2542,396,1402,1284,397,1034,840,525,2253,817,24483,1824,444,431,379,1914,398,1041,2641,1203,2315,1839,1199,1370,858,1145,484,502,714,1256,810,793,486,616,437,489,384,481
2053,11,390,867,801,365,3309,381,447,1059,527,842,470,651,1250,903,584,416,519,457,1545,571,933,3544,3835,417,391,4931,718,428,407,496,380,413,550,371,3275,1220,674,958,450,1466,413,376,1510,1269,1870,405,431,486,1240,1209,1290,502,457,1588,491,1228,1600,665,408,424,686,400,363,463,433,620,370,620,634,620,1042,3338,374,793,737,1592,718,664,458,408,386,473,617,1130,714,994,511,471,596,1120,375,514,2066,2922,956,5068,778,836,1739,900,560,564,434,738,578,653,561,1366,513,420,434,1043
2053,12,2808,822,887,311,974,540,361,1763,413,5629,2087,1453,644,923,411,518,1013,412,3973,1541,1229,2609,980,427,1287,1523,381,968,436,843,367,385,477,981,1397,623,464,1039,389,4235,1291,1206,9014,950,639,445,642,2323,796,3142,834,442,1680,1017,930,790,2176,378,940,414,505,803,347,2619,484,1759,586,858,413,467,1535,574,1138,385,611,1322,628,455,3435,1292,776,1446,547,1265,2379,2130,377,345,355,678,353,1340,1470,2678,1325,590,437,848,683,447,420,815,469,645,1460,542,461,485,359,1458,1224,3615
2054,1,3860,536,980,631,1669,353,640,725,894,866,516,912,741,769,423,365,1265,1027,3026,1773,1406,1799,2000,665,2589,1444,386,1209,488,546,762,1599,485,588,845,559,482,696,636,3208,2374,1744,3901,499,496,445,848,5555,2860,1705,1083,516,515,1007,404,991,2249,392,1426,691,575,397,356,554,1415,4155,1535,876,1836,375,2281,868,1991,507,522,2617,1448,689,1141,2390,1395,1018,1556,600,1807,1740,1946,654,777,1589,370,3163,954,1175,712,659,801,1904,4822,456,3681,491,1361,504,1626,587,681,1591,828,976,1651,1078
2054,2,1241,450,739,938,1458,384,1156,697,983,1003,885,1024,675,1385,387,359,830,3603,2449,1048,651,1134,1490,1572,881,2509,467,680,605,445,433,1503,523,663,718,616,563,613,510,3577,603,621,2075,658,687,927,433,1542,2431,4132,1638,422,611,1388,381,2610,2310,556,543,1681,937,489,491,1442,1035,2179,1017,1087,632,368,3707,841,752,1222,496,1401,1081,872,800,958,903,1142,2819,3859,3569,1690,2454,643,1867,972,393,2630,1000,1597,1167,1484,677,1745,2137,1212,2311,1175,648,614,955,1092,966,813,730,464,684,1389
2054,3,614,570,545,1083,978,605,628,2517,2592,996,500,524,1272,1366,372,348,1021,772,1501,1641,1214,776,1552,1042,3473,1863,702,671,549,478,397,1526,1999,671,1349,885,567,504,566,2871,566,1309,2164,1697,2283,459,535,1990,2991,11529,1005,397,706,606,709,4029,3367,375,835,543,933,583,662,1044,4049,5598,1185,525,505,368,4788,576,1452,1521,578,1234,1290,854,1980,1034,2916,620,1522,2001,2520,1961,640,527,1384,709,673,2750,1508,1424,801,744,2046,1745,1663,524,1246,454,513,470,1815,1402,2596,725,518,511,790,2409
2054,4,490,475,483,435,628,341,463,972,616,634,540,554,1055,566,371,359,545,872,944,730,552,680,841,639,1173,2251,483,441,476,405,430,695,787,442,921,596,440,441,417,1242,672,692,1222,537,1021,359,472,1392,1684,2952,760,416,456,515,436,2045,1325,361,432,572,602,434,354,760,1713,3204,770,500,456,501,1525,579,989,1326,439,999,578,465,1085,720,1634,509,960,968,1498,1176,493,360,1365,641,346,2083,698,814,561,561,613,1396,3349,432,1012,436,680,412,1259,590,904,701,432,443,741,2691
2054,5,443,391,461,371,538,374,383,803,440,465,409,430,553,469,357,466,422,494,528,490,474,895,519,439,673,729,366,562,634,533,398,548,531,659,489,751,611,398,413,600,400,609,1070,417,475,371,411,604,862,1382,519,448,394,429,392,734,651,355,396,597,481,408,337,493,954,1917,821,402,1575,363,714,791,610,445,396,1480,438,447,591,494,576,430,577,694,648,604,432,349,929,603,362,1169,536,644,464,734,560,652,1633,403,745,389,672,400,865,470,474,502,574,393,500,644
2054,6,475,381,403,375,511,510,580,678,542,508,377,461,838,399,495,370,580,968,446,425,411,543,430,656,476,503,359,458,542,838,355,539,463,557,525,866,621,378,527,528,468,596,939,402,567,489,399,875,510,581,431,427,402,427,360,467,452,421,601,406,454,498,344,401,590,859,561,478,1309,424,557,423,523,396,421,460,478,445,526,619,458,413,451,612,515,460,390,340,476,543,492,593,433,426,415,518,700,442,604,469,503,485,494,427,543,401,426,544,426,389,429,467
2054,7,879,633,668,624,638,913,738,824,2663,867,400,1282,822,1121,802,460,1283,1038,1226,973,800,568,722,1595,539,1448,888,942,572,1143,915,1370,748,1002,1380,1238,726,595,937,630,1034,798,766,656,517,1507,1156,1308,836,716,692,627,751,727,794,939,1070,645,775,576,624,963,766,773,1113,790,1124,972,1156,1321,993,982,1076,658,867,1124,764,744,1153,791,884,1048,857,1787,710,761,639,600,904,891,1167,1059,608,817,418,558,667,868,934,1122,888,583,604,780,830,586,741,1451,606,623,752,751
2054,8,1027,894,651,1119,610,990,1300,853,1017,1181,661,1985,751,779,590,587,2091,1470,2629,2022,1639,629,803,3182,1262,1469,529,1427,904,1137,676,1188,2616,1738,1146,1662,581,571,980,2090,1018,819,906,483,445,831,1051,6183,773,1399,1183,775,744,602,552,1104,1156,1090,466,534,682,797,921,657,795,1014,2431,881,1880,1389,954,1101,788,629,911,2073,1080,1202,791,725,1040,1055,1069,1355,581,786,477,831,1172,1072,1366,8216,673,1632,874,783,899,510,672,944,904,766,660,1256,631,1455,1932,2128,1667,507,1018,1196
2054,9,952,492,2540,1140,428,827,975,1008,497,914,1453,942,1082,401,807,413,715,1084,2237,1883,1092,1734,1894,1126,720,901,380,806,412,942,539,857,886,4795,2028,889,749,608,2357,1259,978,1478,1305,2209,506,791,2614,1107,1008,761,917,626,585,657,410,2153,734,933,792,472,492,825,1164,650,555,392,525,908,576,1489,884,1194,764,750,492,618,1910,1532,441,1221,987,978,1001,771,479,998,845,490,1829,999,682,4308,783,468,682,414,2550,376,685,608,2037,4915,2787,490,1614,857,769,1315,1138,468,545,1359
2054,10,684,487,857,704,738,1748,1146,1716,471,6433,2236,417,725,366,3163,818,1112,1731,1382,635,547,519,1195,1932,381,400,931,1192,362,693,434,534,769,676,1403,549,388,643,1477,777,995,708,393,3222,651,599,513,517,1437,1436,717,364,1186,768,859,1336,410,841,11494,972,995,426,527,365,723,369,414,682,865,815,10182,1165,466,4809,1003,1082,678,973,671,1069,772,1319,1272,3868,408,1337,446,591,2078,10690,1371,3144,561,459,471,496,724,1346,438,711,1644,988,459,786,1066,483,1463,425,440,455,683,1051
2054,11,965,2236,3728,554,847,384,397,758,1388,706,511,1154,525,400,748,1896,2583,1950,829,626,552,7188,491,3264,725,578,793,802,370,553,676,431,404,739,725,429,361,5087,806,428,1186,397,424,2034,1983,425,578,540,535,912,545,420,721,485,591,628,389,660,656,376,489,485,422,691,383,366,382,471,421,1452,1002,11731,460,886,768,424,768,663,484,1095,496,623,557,920,409,2123,453,444,638,962,673,3204,993,478,361,517,656,694,520,530,484,1713,659,926,862,536,457,389,380,1248,1373,814
2054,12,461,2120,3179,1329,715,452,564,923,507,2683,1823,886,539,1024,2756,678,930,4474,568,462,1245,2873,862,1310,984,503,2307,548,361,438,354,4824,459,599,600,2460,2571,2127,488,2592,861,383,1396,1191,447,635,599,938,1040,3360,670,2924,451,382,371,2854,453,1735,1493,1426,549,393,637,1422,1527,491,1057,1213,2625,821,1242,3498,1242,1454,1395,1304,544,421,403,442,713,1209,450,1019,1126,634,3416,424,750,731,632,4525,2917,1191,2366,457,598,792,3901,1635,480,680,660,409,6262,406,428,491,3486,1652,486,807
2055,1,436,1508,2465,463,3833,413,972,629,1392,2375,3581,600,445,397,1813,454,532,4947,486,567,6860,1950,531,3015,1982,781,2112,454,751,471,1348,5502,452,1448,463,1383,6128,2144,448,1003,1755,637,626,839,725,1350,1454,2113,797,1434,422,538,569,362,415,2242,2059,1369,1479,692,627,936,524,1778,1654,720,2108,2023,1872,918,3940,1876,1720,703,2626,3289,943,805,818,782,611,1541,589,1865,565,624,677,1042,1893,2628,671,2387,4869,728,909,571,861,590,1776,878,923,1733,2583,511,1699,815,417,971,737,2283,1031,757
2055,2,964,1543,1992,645,3235,403,485,556,1994,1218,4622,1679,1591,565,1368,707,1051,6234,495,4113,2182,1648,475,3216,921,706,1387,912,474,459,711,7479,524,678,561,934,1811,1433,515,921,680,435,1211,906,1483,1644,3620,1464,727,875,954,1012,596,1491,953,2514,1299,2079,1495,1874,1092,456,367,1235,1277,1058,894,3478,1566,519,3887,2162,1016,940,1145,1933,736,1596,1317,1051,742,1047,877,4028,395,903,2950,476,1584,2441,1022,1474,2705,2412,850,523,2176,932,819,874,2468,1415,819,466,1695,1013,2765,965,765,1097,923,1312
2055,3,776,1686,1868,526,2684,623,874,660,950,1881,2754,591,1177,633,1870,536,663,3214,559,2412,1180,1300,527,2025,609,1067,821,2349,2000,869,1239,3106,430,632,633,2966,1979,1208,424,908,2096,934,525,643,624,650,3131,2071,473,795,1271,1302,578,490,789,1549,607,1417,1760,1254,587,590,454,950,1267,639,680,1806,1073,580,3718,2376,2023,1909,922,2941,1489,2511,1728,469,479,1519,937,2566,408,1516,1210,521,1332,3208,570,1037,2430,2921,686,563,821,1206,1510,1236,987,1397,1058,527,3155,460,4446,1110,1213,1054,1807,711
2055,4,412,1438,1420,521,1601,476,430,456,650,833,1117,460,885,378,1197,440,582,1539,412,1060,940,751,447,897,562,648,677,1062,1252,492,543,1334,371,475,483,2389,1464,800,412,539,749,736,459,528,552,513,1767,1295,430,643,703,518,558,398,412,990,485,614,1446,678,445,426,409,1054,970,997,507,1300,775,1097,1391,1462,1261,1118,681,1840,499,1036,580,433,416,771,457,1611,377,589,966,391,860,1556,471,717,1726,1270,493,416,552,739,1769,762,774,898,624,381,1793,646,1571,580,728,1270,673,553
2055,5,407,612,1140,477,890,408,419,401,451,532,738,415,475,373,513,515,472,1278,396,522,571,521,386,632,697,454,496,564,440,376,562,630,365,649,461,976,2305,649,394,437,463,451,463,496,461,425,792,521,394,473,462,1739,381,377,366,732,421,532,539,671,401,643,457,789,498,412,427,550,508,709,757,822,619,543,479,998,421,801,558,405,386,480,433,784,382,1390,772,350,510,749,413,530,1057,520,440,401,452,439,1839,464,483,556,573,375,709,405,611,463,556,737,539,458
2055,6,517,606,616,835,495,408,476,432,475,431,486,454,781,357,426,368,517,577,378,466,625,449,373,548,468,527,406,447,582,383,547,466,384,453,563,574,1130,679,389,392,540,435,380,508,467,428,536,609,458,443,420,658,454,383,354,579,397,520,769,426,393,371,912,520,413,376,413,450,413,533,490,629,477,442,781,493,521,453,502,394,419,478,420,518,406,474,575,339,424,469,387,445,487,434,444,401,508,393,739,530,429,478,468,547,502,485,483,532,430,595,502,400
2055,7,807,824,609,874,803,681,595,512,1009,658,667,668,867,1201,535,1280,549,899,982,701,595,527,457,903,547,1248,1004,762,718,616,1973,530,724,1105,1021,1031,1249,1131,648,712,866,1102,526,985,668,574,1088,1236,974,964,930,1019,496,635,591,725,1028,1119,799,594,476,672,1108,544,619,763,916,1151,685,1030,791,744,770,549,1623,847,910,696,843,812,591,939,1043,553,871,626,745,1012,566,746,528,782,908,962,791,886,855,861,726,750,627,768,751,1017,1529,905,859,966,1160,782,820,785
2055,8,1097,897,489,891,693,765,1199,438,1255,804,659,891,1034,1125,607,977,521,882,1015,1041,768,737,574,1076,1084,1289,1359,907,1177,1433,4672,1499,1290,1607,460,1084,1168,676,788,877,740,656,933,3174,564,716,1495,2439,1676,1180,1721,1397,593,1494,596,675,1479,920,1444,1059,697,659,1999,1008,957,734,1302,1334,2333,1113,965,1337,1305,848,2079,588,1954,945,604,597,939,919,759,822,775,927,858,1244,874,606,1256,1179,745,698,675,660,878,502,709,760,515,553,907,1283,2319,679,1606,3113,1559,1285,934,911
2055,9,568,740,705,555,490,6206,785,1100,1554,973,563,1252,813,716,880,438,594,700,840,895,393,754,569,1156,798,1857,812,534,1544,936,1803,1903,478,1471,1173,2354,1021,698,2168,1974,964,1060,1065,3187,431,687,1040,604,1280,938,1461,570,697,1265,867,514,2493,419,1528,1445,657,569,1060,485,643,629,805,950,806,1176,1494,571,1197,540,1219,394,2921,1036,813,616,549,787,1787,1099,642,527,1345,748,736,745,840,972,1073,573,597,1689,444,474,1098,581,373,394,427,998,448,671,1482,551,1421,631,492,676
2055,10,586,431,643,2922,471,2366,1577,1044,1014,1286,503,1034,799,365,701,648,1159,487,2320,699,366,1555,596,625,391,986,835,384,794,1246,806,2216,399,546,480,527,564,375,830,863,1061,681,904,890,389,677,556,389,432,752,549,398,875,776,404,924,1117,3589,928,1722,1506,1781,764,615,902,350,1161,2329,400,583,454,410,420,367,447,731,1453,852,716,620,596,2976,555,1530,430,548,853,1292,1744,619,533,538,710,649,516,828,404,392,1662,1707,439,411,680,538,995,411,1451,391,1265,373,961,366
2055,11,1012,419,753,847,409,765,542,686,600,609,466,953,582,2573,920,408,747,417,4543,486,392,790,355,2459,532,513,1605,4772,848,1026,743,472,414,607,373,407,754,1477,450,767,421,733,1223,633,355,381,392,389,790,569,539,371,682,388,639,1429,686,530,639,448,1233,611,423,2861,387,366,588,587,592,813,995,429,405,973,530,367,2045,404,594,503,808,1254,835,2216,830,385,702,424,587,403,377,498,871,2017,357,695,501,1945,2107,1679,543,1150,445,914,1087,370,1051,377,2975,518,689,360
2055,12,570,1626,375,775,553,1455,577,1055,533,1409,3704,2120,455,1199,506,456,450,2128,1129,632,1808,1653,584,1206,2435,421,597,1210,3010,1966,3299,469,624,2433,1238,403,567,558,616,718,557,565,848,593,348,404,844,439,424,409,531,364,368,1913,6463,1332,958,443,1880,1349,485,903,631,2203,424,373,655,815,485,547,741,384,798,2986,403,1772,7475,1250,488,388,567,657,490,643,679,463,9565,520,674,607,360,981,877,963,420,1067,387,3402,632,696,2235,512,366,405,1879,1941,664,520,1119,425,418,493
2056,1,824,509,1287,573,855,1424,785,1175,500,1099,1163,2103,808,590,942,853,1491,594,1657,887,977,2064,383,997,970,1471,454,907,1599,748,2165,487,417,3116,619,739,615,1056,554,781,521,1200,1589,1391,346,2613,625,1280,617,1635,436,582,368,1393,1462,737,587,540,1804,590,556,1265,540,1349,502,384,535,500,1062,1658,448,412,409,1185,395,3102,6108,2263,1189,948,1476,796,987,690,379,473,5388,408,521,369,366,577,2210,1856,1029,1076,1044,1137,2425,863,1358,661,4278,401,975,2711,670,574,3717,1229,700,427
2056,2,2087,547,503,964,1027,3107,615,506,509,875,791,3420,980,580,1022,691,813,1018,3084,993,1537,1854,361,1794,1575,789,920,1538,1623,833,2105,514,678,1424,1966,450,561,1227,427,1244,433,1578,1063,734,522,984,1151,928,670,819,617,802,386,685,1320,581,687,700,2552,500,1112,2884,2039,3172,1165,353,553,563,731,748,513,1287,1177,1033,581,1465,4418,1489,639,684,1357,966,509,568,514,739,3709,402,536,478,391,847,2195,3799,1199,517,1265,788,2044,1322,1346,705,1045,488,934,775,596,1173,2485,980,859,417
2056,3,795,454,635,1043,891,1836,571,644,492,1217,664,3698,1544,687,540,445,578,684,1977,2392,936,1062,376,2322,1387,543,670,764,967,650,1367,720,879,878,1060,947,1235,1651,459,578,816,2103,653,1743,342,643,466,1227,532,1459,2054,565,440,612,1689,567,1001,511,2660,483,1634,3356,776,2279,401,379,452,463,434,887,425,461,1545,885,681,1190,6976,774,415,1132,968,648,496,2575,482,637,2439,364,1320,407,505,1589,1378,1536,426,686,2543,1023,2773,843,1040,1119,1358,2900,2393,992,584,1966,1053,705,1973,357
2056,4,507,426,410,497,450,951,438,491,386,686,983,1283,573,442,426,386,446,435,1041,967,786,835,414,1414,806,499,450,674,559,555,770,406,1522,858,719,913,528,1277,384,541,482,757,485,623,336,459,435,754,428,599,732,419,385,517,970,462,460,405,1754,537,638,1550,471,1606,384,333,398,426,475,881,403,397,763,791,395,759,4369,566,440,614,718,465,431,1019,405,404,1264,355,1248,362,361,2187,881,908,403,504,694,782,1568,669,787,604,817,1068,2637,750,576,662,677,491,659,353
2056,5,479,562,599,412,588,549,405,408,372,512,456,762,542,415,394,479,389,447,559,705,593,515,355,529,491,440,404,496,499,501,717,411,1118,535,736,458,447,677,396,464,430,772,432,449,444,408,395,434,375,451,479,369,355,416,567,457,402,500,1076,438,735,707,418,1039,371,362,379,569,549,508,384,454,496,473,369,493,1644,485,427,403,1077,420,443,459,445,380,646,353,871,372,342,555,505,593,403,458,465,476,667,462,484,487,509,941,811,566,498,538,522,403,551,342
2056,6,383,575,381,407,467,658,447,393,434,466,396,482,568,379,502,356,377,386,437,517,457,455,375,474,444,588,404,411,452,410,608,409,462,550,668,423,438,486,385,419,368,445,501,405,341,376,487,388,397,404,535,363,405,437,562,654,504,388,662,527,690,484,374,670,601,365,371,615,399,573,510,559,496,541,450,410,682,502,727,650,920,485,489,412,364,355,1143,341,441,383,343,477,426,573,424,448,417,497,458,489,511,466,431,430,520,416,473,570,515,443,567,377
2056,7,1001,1110,525,656,809,1061,642,562,828,886,613,1382,1683,705,1311,1582,584,1041,705,677,458,434,619,1017,653,968,675,704,1176,1110,991,609,1482,795,988,556,1153,1442,696,893,947,696,570,674,461,723,592,805,593,1114,684,626,756,703,848,2278,689,928,782,1006,1062,749,993,1002,555,848,817,1202,944,1639,855,564,603,1636,1288,1284,759,593,715,1284,910,1173,598,665,559,545,1045,702,671,679,874,835,1086,694,506,592,806,1117,604,831,634,590,846,978,1013,918,679,681,904,696,1107,641
2056,8,1192,1216,473,1687,731,907,899,801,915,705,1153,1619,910,1191,1686,1379,580,1549,1325,1302,497,803,635,1519,517,1474,885,1150,1275,1991,1211,1614,1242,1766,921,739,899,1413,1812,866,1453,888,667,653,755,665,496,929,602,2066,970,1085,843,744,1034,639,1574,798,747,1498,1871,1229,774,672,813,948,1081,1576,1307,1535,821,583,761,956,1147,1581,692,594,1370,945,916,836,553,962,701,386,1548,1004,791,880,702,1446,697,808,737,993,983,962,807,1305,757,1850,1064,844,1816,788,500,796,2530,1263,898,668
2056,9,866,1164,372,1896,461,2355,649,1916,809,620,2396,1235,751,582,970,3979,508,12443,532,1156,383,792,1006,1134,484,1764,464,1080,502,1068,882,2152,2274,482,528,580,701,1575,998,471,1183,1268,686,643,1123,508,628,1141,560,1230,868,518,519,1026,405,426,574,380,1494,549,1150,1280,596,522,1479,706,648,646,1074,4928,479,878,406,714,3886,1290,866,537,995,496,531,403,843,838,675,704,795,402,1046,709,578,2537,388,1047,400,1079,1530,645,1599,1270,625,770,559,524,614,5780,835,1070,955,2603,471,1290
2056,10,6388,973,431,449,785,1055,1244,918,468,878,674,1564,522,517,441,1076,394,1356,679,456,1915,515,1620,5473,396,2257,2564,880,381,838,1810,3327,1322,1448,369,442,395,827,613,964,596,650,497,398,602,360,602,733,1094,493,381,672,5484,992,457,1198,436,2212,1624,459,1307,1490,1473,1606,975,1185,383,827,1627,2336,664,2681,364,395,1160,1610,1423,489,774,694,421,1114,543,743,511,3157,524,378,472,458,426,2180,424,375,856,1051,1519,1222,474,804,718,385,400,1416,429,1012,528,455,498,711,1174,1980
2056,11,848,1005,352,769,596,696,394,2217,1360,375,761,1451,396,360,418,513,538,710,572,634,897,656,595,1192,686,531,630,484,485,503,1113,820,1031,598,638,425,1153,861,381,612,1347,403,622,489,530,409,451,555,526,1251,627,344,666,2090,608,1031,1534,559,1293,389,7256,480,740,647,4925,368,587,566,2793,720,1224,1280,420,440,1614,2241,411,656,653,371,1281,555,647,424,414,445,1131,514,476,578,440,903,523,408,798,830,1331,823,397,3246,1927,492,455,613,525,788,376,451,395,2929,890,663
2056,12,1177,699,346,404,462,452,3386,1577,416,417,518,2499,1533,2619,706,478,851,6196,891,1490,1699,950,1057,1910,3378,874,1718,2425,435,497,640,777,909,1335,457,376,2011,6614,436,1573,474,604,508,763,499,381,406,437,534,2005,478,477,556,532,3529,965,507,430,706,2218,624,682,470,893,1086,468,415,396,609,579,1333,496,375,908,1114,962,433,398,393,355,577,3240,455,593,1665,1800,2638,401,469,503,612,5064,500,1325,1784,530,490,460,393,1639,497,1963,1663,630,2617,668,409,470,827,1266,1690,465
2057,1,3754,585,477,586,693,854,2570,5967,694,464,790,1259,778,911,499,471,511,9773,447,2178,2643,1044,492,2688,1374,556,826,1661,774,717,845,1127,731,1643,535,835,4995,7485,380,4752,433,643,512,10279,650,603,1440,792,1225,1133,1384,396,689,482,2516,1275,688,746,941,704,1181,1139,1704,862,1980,1425,379,627,1055,763,1090,482,786,947,900,776,409,715,395,714,1262,1025,851,838,531,724,1790,422,524,428,1458,2726,360,699,1526,748,498,457,1469,2924,502,907,728,514,1366,734,410,554,1708,795,2348,505
2057,2,2597,951,571,403,930,670,1585,4140,2468,737,761,2251,723,553,783,457,611,5801,797,1645,1639,1825,1017,2026,1894,988,1191,1780,812,1523,673,805,549,1331,1725,358,3327,4159,695,2238,511,919,555,3049,638,502,682,504,574,739,1185,704,555,495,1894,2703,583,534,797,884,790,1578,891,641,1984,1237,611,414,645,1294,692,1119,764,2698,2169,682,571,690,575,511,1058,2425,475,1155,1645,2221,2359,803,399,523,803,2674,357,431,3141,1468,873,759,756,2425,2307,1202,571,1023,1810,657,490,415,665,1802,1280,1116
2057,3,1751,2472,587,397,955,657,1566,4574,1379,446,866,1977,1698,1223,1313,960,458,3269,419,1094,1395,1162,533,3132,1207,1040,973,1625,468,1014,563,1578,629,1395,937,496,2915,4311,503,2130,482,744,441,1881,580,500,1024,402,517,1489,716,460,476,475,1433,1266,490,1132,548,825,1227,1883,862,2700,4201,876,545,404,655,1135,1945,636,386,1453,2860,562,802,493,1247,1503,945,3085,467,515,1987,856,2146,411,781,604,767,2805,386,1603,1271,4019,608,819,608,1261,1192,1326,978,836,930,516,478,542,682,1535,1561,447
2057,4,749,668,543,377,563,498,800,2078,540,372,505,969,668,747,496,493,387,1530,393,557,673,788,489,1665,1932,534,532,925,609,501,538,712,616,682,645,381,2440,1826,367,987,393,442,483,1522,410,349,1099,391,434,747,666,345,428,404,1026,739,547,466,466,561,1339,1492,518,667,2795,582,404,500,545,883,1336,479,828,697,2453,528,448,377,503,658,789,1942,427,434,1419,537,1439,379,407,412,490,1934,403,492,705,1576,495,561,436,721,740,699,752,621,969,465,634,459,520,757,1105,443
2057,5,543,849,390,363,430,416,1958,907,489,382,409,512,493,2387,397,398,571,771,391,541,495,451,413,768,488,431,441,749,721,430,449,688,488,666,418,362,817,1409,365,594,376,403,467,757,352,377,873,375,542,588,444,341,400,390,575,664,382,418,416,468,1643,699,420,494,1170,459,576,367,433,524,874,607,1138,722,801,436,591,368,390,406,476,796,485,389,867,450,676,327,366,343,402,942,358,588,488,572,431,928,497,546,769,480,427,510,653,411,503,394,521,631,698,793
2057,6,456,972,389,407,447,393,640,501,390,518,502,432,734,935,475,378,611,496,398,403,431,516,420,529,514,453,394,675,523,416,463,665,433,439,482,393,512,774,377,485,366,394,360,449,414,375,803,398,383,553,429,371,523,395,480,424,388,380,696,501,463,819,406,439,562,409,430,372,492,679,496,416,539,439,636,513,741,582,797,409,407,458,436,580,2523,541,455,387,357,367,383,507,406,408,443,714,419,574,521,431,432,424,496,465,542,493,435,470,739,523,439,426
2057,7,959,908,447,1093,750,781,855,712,873,806,960,444,741,648,841,560,997,592,1071,618,568,636,1327,832,853,726,818,979,1100,469,1083,1339,463,659,1150,825,635,1155,628,1806,638,644,823,617,650,601,1090,755,469,1100,914,654,687,820,928,774,813,765,841,775,813,1430,659,745,1090,919,668,640,809,1069,644,634,810,499,637,972,558,521,1345,610,857,897,766,717,1484,904,1200,541,673,944,429,742,982,833,1273,504,551,816,694,1003,555,671,590,961,1080,912,1392,1878,1126,1137,1212,777
2057,8,633,1242,562,1163,1420,756,1112,1715,1100,1001,827,837,759,1115,1427,492,644,965,967,1106,1254,576,867,931,913,957,1114,1060,989,1085,1829,775,1041,1526,668,1291,650,1467,878,4154,788,535,651,666,741,1483,1260,718,876,1111,2003,1408,730,1197,1820,1264,718,611,1466,978,675,3482,579,689,485,689,1084,1089,1961,1172,684,624,971,426,880,1230,727,898,760,610,724,1543,682,683,1045,839,1130,688,685,474,630,676,1469,822,1824,563,528,1438,1607,1917,865,944,1118,1053,1098,1451,1478,1796,1255,1216,1517,845
2057,9,718,1566,1495,617,573,1329,943,755,1844,1032,563,844,377,421,2650,837,510,1006,2564,451,1396,542,802,1455,696,896,1212,842,860,592,2039,691,5317,1314,462,1246,1767,2477,1982,829,387,480,834,1125,451,416,542,1263,448,883,1140,498,872,850,1028,1879,421,385,702,586,874,1757,390,437,663,487,725,1596,1125,3004,428,400,2144,635,461,563,741,1249,1408,950,493,914,827,1359,1094,1102,1338,626,397,738,650,3967,1176,1263,591,553,764,404,1469,1770,813,401,724,470,965,2871,968,644,1805,1473,1964,734
2057,10,384,543,3639,410,527,1708,382,537,1221,2350,560,754,361,517,802,5658,1140,794,1003,388,1290,368,3075,420,372,481,725,1874,943,503,560,388,1110,395,427,562,2450,1142,853,1984,418,510,686,608,2993,340,370,2183,1728,1110,458,614,369,1857,601,423,578,357,505,431,1090,503,383,369,383,355,601,1407,403,869,1684,360,527,730,636,893,1301,407,814,997,738,1099,502,1139,745,750,2359,573,810,483,1470,1814,562,946,1906,582,3839,401,1253,3113,592,406,437,479,841,1222,1189,522,485,503,514,693
2057,11,387,401,1053,632,579,1367,379,385,779,1365,491,762,396,395,660,843,675,494,530,392,978,365,1354,381,658,802,514,904,872,457,643,377,499,710,431,424,1260,2067,676,5954,348,606,533,585,3740,901,501,514,426,458,724,6339,509,825,551,613,642,696,402,548,997,702,396,359,444,534,364,655,377,992,807,355,387,390,649,939,609,374,405,697,795,468,417,940,774,664,942,656,446,743,689,689,1688,421,7231,1855,1976,1312,2079,958,589,363,430,1126,395,961,739,443,452,745,814,849
2057,12,1499,728,2605,542,1711,604,624,378,1423,3624,2750,416,1069,361,454,563,1095,1910,652,704,1346,887,570,386,939,1302,387,510,430,1458,423,381,466,538,779,430,561,1090,461,2024,372,434,968,932,965,3011,362,516,586,1477,1149,9935,506,727,493,1748,595,377,419,2288,1281,760,527,707,394,701,341,647,377,626,505,2990,383,432,505,1415,448,1220,829,1026,498,910,435,515,820,1182,2089,516,387,1459,3433,509,8090,1542,1395,1021,691,1154,2116,2504,389,514,483,3302,396,3839,522,522,770,986,439,505
2058,1,1246,703,1515,1851,5109,1530,2697,4227,2151,2247,3427,804,1823,393,615,2470,603,688,937,688,2242,1117,938,388,3262,2616,720,455,472,571,559,496,700,437,1019,396,1373,2878,1544,1299,1218,786,1243,1159,1114,777,397,1596,684,3013,504,12179,687,1275,746,643,455,390,797,971,1850,1046,391,821,542,716,368,478,573,591,822,1001,393,818,418,1418,476,962,1154,794,676,907,955,1061,748,691,1443,462,515,2321,1442,1573,5560,867,1143,1205,2167,772,1722,1103,739,1293,408,3219,422,3259,776,801,863,451,526,655
2058,2,751,502,1960,798,2383,1180,723,2787,2144,2281,5680,434,2485,524,726,2750,808,1888,899,2127,955,855,942,608,845,1630,1008,1145,402,1987,632,1089,789,500,442,2062,1110,2448,1476,1729,645,461,659,1069,1268,694,859,1278,927,1521,675,5314,1385,729,801,744,361,348,504,2045,2017,873,361,674,485,1449,774,1187,368,463,905,754,518,987,662,1336,1534,517,1158,1074,999,1335,425,2260,984,483,1064,1064,356,834,1029,3826,5881,1331,928,678,1760,576,2017,993,428,463,396,2853,1300,2875,602,1228,476,438,953,790
2058,3,539,533,1438,642,2509,1658,555,4407,2167,6572,3014,622,2980,592,627,1344,667,1118,518,2657,1120,1806,614,1735,671,3704,907,921,418,595,404,1223,455,473,587,643,1177,3091,3745,1226,675,371,572,1204,1361,532,441,630,1245,1301,1208,3998,1551,884,458,846,357,418,611,7307,1209,635,539,1065,778,759,602,541,365,486,640,938,965,527,381,774,672,469,527,527,1610,1020,462,1399,754,699,1588,495,345,944,1157,4044,8008,873,1204,1135,1541,553,932,2322,1343,496,420,1988,751,5173,1953,470,519,484,1167,2715
2058,4,453,397,742,510,918,648,470,2127,1109,5157,1844,688,1106,364,512,718,426,748,426,814,563,1005,482,544,513,2863,521,1879,459,574,484,668,489,379,671,433,1036,1657,1740,708,385,358,465,650,664,448,368,482,451,1346,1840,2385,548,530,684,484,365,422,433,1439,784,488,348,653,435,609,460,791,370,503,935,868,434,409,369,483,842,415,690,448,947,490,892,1007,471,515,1901,366,339,502,804,3193,3491,615,724,570,866,488,654,1123,640,608,391,1049,474,3097,2475,477,459,518,862,811
2058,5,400,378,528,456,656,750,413,1019,592,973,1023,403,1446,347,408,557,439,459,395,545,450,508,423,387,429,2051,638,514,703,422,417,522,391,387,394,436,667,651,898,500,412,354,413,439,463,400,445,428,394,597,517,812,444,426,387,403,356,356,483,1012,529,427,355,397,498,443,437,411,436,446,439,532,416,429,365,449,517,413,867,438,442,430,469,615,406,409,643,350,349,446,527,1515,1788,480,528,425,722,431,486,943,392,389,502,557,451,1500,692,519,449,551,485,494
2058,6,402,432,566,398,484,503,471,481,777,521,495,812,2137,343,400,543,372,555,408,437,405,715,387,631,388,680,441,479,449,405,404,571,475,372,413,404,519,563,455,438,434,484,399,403,609,399,593,453,391,434,638,631,454,412,377,516,356,1116,382,787,411,427,335,447,776,401,359,386,361,451,403,398,466,733,400,453,449,723,470,401,397,409,395,632,394,392,439,326,436,397,596,542,634,434,501,416,523,417,434,489,389,470,353,449,377,675,470,529,429,480,452,422
2058,7,797,777,1525,619,852,684,1003,607,867,848,932,1330,733,627,470,544,637,868,721,710,710,1101,780,1346,760,1254,1013,771,974,765,1591,1292,1016,1042,608,822,690,669,831,852,527,828,645,1167,3008,805,1197,984,820,596,954,733,851,961,940,1024,719,1128,753,1190,844,808,598,839,1515,500,1023,1526,3131,851,1168,658,902,593,747,1336,1089,689,681,855,689,945,777,679,747,931,799,897,452,939,650,839,915,1119,933,654,761,1060,1152,855,1042,1414,697,896,982,1120,1128,968,1002,1146,879,802
2058,8,1582,830,687,745,966,688,887,832,1015,988,1401,1190,905,699,705,1887,1388,661,2255,1048,1006,863,879,756,1383,1015,806,704,1417,1311,1625,1373,1674,1427,1133,1006,597,872,1408,868,497,705,510,2004,1988,858,1058,946,884,857,1672,1123,1245,1633,875,1286,514,887,462,1338,637,809,603,1060,1629,561,2101,1885,2524,1018,1319,778,513,737,662,1520,963,847,823,882,1471,1001,1045,531,1001,524,672,994,454,1568,758,643,1413,1075,1752,669,1562,1988,1187,782,1063,801,627,1535,1832,1771,2396,916,1055,1939,526,1443
2058,9,1535,790,761,1034,403,791,676,1344,432,3303,1081,610,814,607,807,539,2269,458,1746,4552,483,520,1127,422,3403,568,451,438,2085,733,1237,1378,517,897,811,540,477,719,1067,1229,715,668,503,716,646,572,586,466,1489,445,969,549,480,837,597,2716,1692,904,500,1216,967,536,848,606,7799,394,790,1223,1154,674,898,556,363,507,725,552,1053,4085,921,893,1036,1341,840,367,980,415,523,840,615,4032,1054,2149,956,797,1390,925,825,1045,2475,608,571,1355,568,1389,958,1006,1390,711,1232,1069,385,873
2058,10,461,414,673,803,493,828,806,2982,367,984,2613,3328,1298,1272,665,1262,476,627,466,3476,398,1062,884,366,1536,579,608,613,952,664,434,619,530,519,992,469,540,369,2069,563,781,334,393,579,417,2319,359,483,439,627,415,1013,494,1111,443,464,793,449,375,1465,1130,416,330,402,1949,363,447,1192,613,9167,625,5913,474,724,421,1012,956,457,415,1626,824,620,443,475,535,855,403,1175,459,4314,442,1093,872,517,1291,431,3310,1654,2020,621,820,830,358,579,712,1211,1617,459,712,1014,603,1205
2058,11,713,353,1480,379,2256,616,1014,581,458,1704,1046,943,1078,511,364,917,580,1892,580,1155,438,1071,470,463,499,533,817,362,1010,596,593,434,638,640,781,368,882,689,2473,694,1155,1860,601,398,477,528,375,420,543,625,1389,486,572,576,383,1708,469,2881,402,784,414,759,474,459,678,533,367,602,404,1201,1287,1271,1859,374,584,420,3768,974,367,503,494,695,1445,553,1577,947,956,369,638,4585,413,519,468,448,532,442,932,750,709,958,683,1403,2733,394,602,966,1600,381,583,2187,450,685
2058,12,1588,2320,431,559,3026,1570,465,1714,370,598,1920,768,2173,1507,2497,817,2179,488,1459,640,401,1484,391,363,1422,374,523,514,961,372,1478,538,619,370,3002,1418,629,10424,1253,673,489,407,707,496,442,849,362,409,380,465,535,1242,1941,481,394,874,407,629,343,447,485,781,520,571,897,536,374,3143,620,1223,1118,2225,839,425,441,800,926,2833,1165,892,2230,2722,1872,718,598,413,514,467,863,1869,745,429,3146,490,760,358,1378,2022,630,2760,654,456,1726,598,636,631,683,611,512,4201,2455,667
2059,1,749,658,429,665,1068,623,630,3425,363,919,1824,724,2363,466,1504,1147,521,1275,868,4246,1263,578,410,383,747,1164,772,377,893,389,1055,1220,2735,399,973,3917,555,3272,834,426,1434,706,1078,997,1641,717,877,1060,1271,1108,2627,458,1587,650,421,2017,1217,1091,338,747,460,1786,949,656,3378,425,421,1925,1109,695,1861,3923,2195,719,1000,921,2148,1521,523,727,921,1128,2063,496,462,902,444,834,1368,2321,648,460,1298,1378,1317,966,2309,2034,967,738,933,566,1893,601,3080,1410,996,374,1343,3819,503,784
2059,2,774,1180,1554,740,861,476,1014,2270,469,811,1706,807,1850,1106,815,1045,938,727,487,1838,925,827,375,451,749,723,508,488,1233,400,845,953,1526,612,723,1032,1463,6527,661,673,1157,428,1425,1050,2133,604,621,1146,1219,549,2381,712,861,1052,399,978,562,2196,417,981,459,1213,1506,449,3392,719,425,1432,1073,639,2452,2688,1924,2873,2563,976,2084,1098,540,885,766,846,3723,481,1112,1587,653,622,548,2505,809,1984,2944,599,690,468,5307,1578,539,2454,770,562,1842,729,1605,1388,763,399,3637,4374,596,1029
2059,3,1517,2118,1409,466,692,723,514,1997,479,727,1638,824,1938,598,675,876,562,616,615,4164,1514,2058,395,399,1689,685,587,411,1023,365,1217,1682,1986,733,2715,1914,1685,7539,745,447,718,1525,646,1353,2682,586,399,1357,1012,679,3871,568,851,580,356,878,1220,2635,433,1372,380,1116,605,719,3836,758,367,1143,476,545,2295,2385,2057,779,753,892,2002,1052,727,552,755,1286,6199,506,964,2124,725,2253,421,1331,612,2303,2040,501,611,638,1685,2962,488,1615,485,449,966,465,2612,911,701,589,1652,2470,1037,645
2059,4,969,892,809,538,525,437,415,1156,349,531,921,542,795,507,583,491,490,505,477,1450,617,758,395,407,840,447,469,378,702,361,878,617,1113,921,951,1005,845,3011,528,397,537,484,980,681,708,441,361,575,489,523,1337,529,521,514,341,661,582,1083,420,692,371,865,696,393,2479,890,346,564,422,479,1433,1874,1503,674,501,503,1080,887,455,436,660,702,3119,373,590,1293,440,539,783,825,408,954,1885,411,484,506,1143,2031,472,1201,427,819,944,495,1182,669,585,543,993,1946,617,771
2059,5,507,590,661,2183,453,394,387,671,378,527,2274,428,505,410,428,419,426,445,407,585,463,453,355,377,485,486,374,344,696,383,543,493,638,415,564,560,651,1583,920,379,428,424,480,416,483,405,373,411,450,452,1112,421,592,390,338,501,417,618,540,444,364,528,410,362,1187,411,2712,534,541,422,548,667,815,546,419,415,877,518,377,425,509,484,1542,365,487,547,386,439,473,569,388,2434,1311,436,1426,611,601,643,410,553,401,419,917,404,626,481,523,413,2139,1052,543,426
2059,6,469,412,403,1157,430,443,464,474,361,930,727,452,480,413,395,389,381,691,474,490,527,514,420,371,497,438,524,352,457,559,402,422,521,558,463,455,473,791,582,408,391,479,472,382,908,423,356,842,399,559,827,669,405,420,338,405,430,430,576,443,410,697,429,391,742,388,473,521,460,391,444,664,510,474,452,443,523,460,372,385,416,640,740,421,561,416,405,1390,608,529,373,544,768,383,1833,420,483,596,402,424,379,387,708,398,433,424,414,421,1063,504,393,390
2059,7,1271,633,682,894,827,705,900,1035,779,1969,765,980,944,646,779,654,844,841,758,767,666,546,697,835,1010,765,493,735,1421,1086,657,527,722,873,1106,962,779,1675,1262,856,1162,1015,966,619,718,910,633,1917,616,1616,974,841,862,774,577,820,1212,899,601,603,1139,1115,795,796,911,842,1133,951,1090,785,951,1057,1067,934,876,1104,974,979,594,693,659,760,729,934,668,617,1317,637,706,806,806,779,922,763,725,844,652,913,689,502,773,987,1220,1066,1146,1228,733,1288,686,589,586,642
2059,8,1127,894,711,749,704,980,1152,1100,1072,624,889,893,897,946,709,843,629,1012,743,759,946,912,453,674,812,677,886,810,1199,1135,1300,797,976,681,1548,1285,999,2038,903,1335,1145,542,940,715,600,1313,1190,887,976,1452,1850,1141,825,1120,1051,1875,1747,693,511,927,1142,959,575,2120,908,3343,2334,1985,1261,1270,545,1545,1397,919,2522,1023,886,653,549,931,711,1416,637,1382,764,625,1604,1195,783,956,841,814,1153,602,727,1338,750,611,1020,960,679,1078,2960,2199,2636,2400,1120,2745,973,903,856,900
2059,9,1296,1395,1160,828,942,437,1064,1571,2464,1131,445,421,1295,987,510,1028,799,826,519,1291,432,3666,1078,5089,664,814,660,453,525,947,596,728,742,824,3819,1391,836,952,2642,742,872,454,993,1974,768,670,477,967,1174,965,898,956,706,1256,890,2444,1170,663,830,665,1435,474,464,1297,389,2014,3207,1254,834,8070,3504,1462,1380,1142,1971,925,653,689,620,738,473,751,596,800,1482,396,578,894,642,1219,1100,1078,2687,468,2044,1041,1182,650,1730,1128,411,603,645,545,2188,1703,1241,1138,1238,6238,395,1103
2059,10,937,1775,1102,1093,631,381,746,903,1038,1437,423,1068,559,1544,518,1355,489,3224,402,7763,419,1058,372,696,579,1113,510,661,394,429,476,463,505,374,1219,3848,1119,2943,1238,421,982,626,871,2286,1239,1203,402,376,1565,403,1785,442,493,1181,506,2418,798,752,350,479,915,427,377,436,400,496,2579,2888,406,2176,2365,1008,862,1022,1502,621,1109,674,1043,566,1384,530,612,587,1122,775,648,710,1551,2522,919,671,2503,1129,632,677,1030,2083,856,2073,2015,1260,412,457,1006,616,1978,499,1154,929,632,393
2059,11,771,662,1176,374,785,554,712,762,747,488,920,3182,981,559,436,780,419,1699,654,6391,367,2343,347,1101,367,379,1579,483,659,494,576,443,445,1012,755,897,2366,601,1294,658,737,825,779,1556,416,397,369,428,871,798,564,3248,434,523,361,613,723,720,347,359,649,912,692,565,661,595,1331,1576,375,1925,1307,3440,1120,2694,2269,949,1106,563,363,607,1075,2585,403,1575,533,452,385,566,561,668,711,682,3869,1228,1093,466,1152,949,3099,569,728,524,406,455,928,826,1664,769,887,562,452,566
2059,12,486,779,2335,1540,1042,357,1733,3186,576,741,578,677,749,1360,446,1836,899,6309,554,7085,755,686,884,1654,1224,511,1479,1931,483,476,492,1037,428,771,1213,5202,562,944,681,405,446,384,455,3039,686,427,573,457,3990,2171,699,803,480,410,360,897,3161,492,1249,368,480,605,754,386,766,679,1193,2625,1584,3289,5071,2712,450,787,734,1180,598,492,362,1360,734,591,520,541,460,870,440,415,2416,2147,489,1861,2274,1636,489,1075,1328,494,2226,444,2101,541,825,367,704,1083,1168,577,1286,835,3087,660
2060,1,734,1214,746,736,1948,1241,1051,1166,1641,1330,858,825,1353,821,364,1027,377,4744,1579,8700,2632,528,594,1141,926,410,582,829,544,461,464,554,416,452,828,2290,531,597,1397,1090,827,451,460,7509,538,499,436,3644,4159,1125,954,1042,462,1270,357,539,1654,683,630,1031,1492,1082,745,416,443,537,1556,1913,749,3122,3911,1802,444,869,902,683,769,1965,861,532,660,993,443,856,1883,1342,451,451,1392,3437,1188,1612,2210,1405,990,2355,1232,1265,1925,788,707,981,873,367,841,2437,2321,440,611,2150,2235,682
2060,2,1788,740,843,603,1197,558,1326,1629,758,621,1057,2456,617,511,407,735,903,8126,860,5525,3145,912,589,1563,1669,519,1144,835,513,706,448,1063,1218,964,2160,3488,611,1004,1409,823,1360,871,431,5611,417,474,551,2946,3502,1808,647,692,378,1020,733,1450,1293,662,487,1417,1327,1673,737,1103,849,929,1718,2949,787,3272,1997,4242,478,1449,1157,676,1008,1435,521,684,768,717,1208,670,1000,1809,435,1042,1087,1408,518,728,2090,1432,1224,1390,1757,951,1674,474,2915,1532,480,373,2204,1081,2413,645,682,1373,1314,644
2060,3,1398,642,779,1925,641,484,930,1200,1720,828,498,5162,1315,474,1082,583,428,10077,857,7302,1787,936,536,1673,1126,722,1069,772,408,1243,534,940,1437,1035,1460,2444,569,921,798,559,714,609,381,3784,2035,520,817,2077,4253,1053,1498,1517,509,1079,405,921,2235,542,437,1504,700,729,1085,454,566,1360,2414,3529,749,2806,2475,2852,899,1611,3212,469,890,694,1028,498,939,580,463,469,928,1458,410,528,872,980,468,746,1168,1511,1655,5505,828,721,2433,1662,1172,1246,671,1042,2275,850,2979,718,509,1042,2750,729
2060,4,751,455,578,825,557,412,579,822,761,461,437,2767,647,420,364,555,381,5850,501,2222,1776,499,402,1067,575,418,567,512,1582,463,363,562,1033,648,701,887,875,665,506,414,642,476,370,1620,520,446,526,962,1776,598,562,665,437,500,344,638,1345,442,379,575,573,608,461,395,1100,1618,880,1097,469,1026,1330,1244,465,825,1429,447,749,667,714,465,524,473,563,463,860,965,370,502,624,640,473,522,802,1487,893,2466,855,488,1850,1050,863,693,428,572,1141,682,1280,576,610,825,1705,392
2060,5,512,410,475,632,417,377,435,495,797,743,406,856,442,386,359,426,363,2129,427,851,1142,511,375,490,429,365,475,416,568,409,380,445,470,412,488,594,438,668,462,381,407,358,365,945,415,364,408,534,655,708,440,558,515,522,329,446,618,411,484,415,501,1742,397,437,607,506,515,746,398,582,711,656,435,560,599,450,487,2688,376,392,569,425,542,420,533,650,465,668,450,486,417,509,821,659,467,818,850,446,1102,463,587,596,398,375,559,462,694,464,524,648,2258,613
2060,6,430,407,563,435,476,446,392,458,448,392,378,499,424,374,349,450,510,613,381,545,480,435,349,1076,441,541,500,404,380,470,837,545,418,383,458,576,444,782,426,365,466,353,361,529,387,358,421,434,518,456,398,417,979,410,482,412,531,440,371,399,424,425,389,421,384,402,461,624,568,769,629,486,375,416,466,457,431,486,507,422,948,396,554,372,458,405,1191,370,428,490,420,400,459,459,448,647,427,425,472,401,420,458,435,364,564,474,544,613,643,494,669,408
2060,7,947,811,761,701,672,978,756,839,726,734,511,661,1050,563,480,1049,574,935,913,832,800,677,790,1400,713,844,645,807,972,1033,1032,814,615,1213,1013,996,1689,1217,544,1025,661,573,617,995,880,629,1034,707,1072,1207,1527,609,860,1058,655,850,923,756,728,853,481,577,1241,659,879,617,850,1105,1491,1057,1168,1014,721,1176,1232,1372,888,887,1037,620,1586,660,1349,903,464,1453,2542,1295,882,1364,1327,889,826,1191,482,1159,830,902,1089,803,569,697,2109,811,1154,1521,1674,3273,1125,2121,1141,605
2060,8,1013,1574,506,2098,1030,706,911,888,692,780,539,838,1149,1124,551,1575,758,909,6300,848,862,590,537,2649,497,685,753,689,689,1203,2888,1684,1471,1573,1664,904,1508,584,1199,863,1286,545,792,2280,713,762,972,658,795,1508,663,1003,755,1750,713,1219,1446,597,566,1401,790,1340,761,751,1132,1155,1737,1180,2837,1034,771,825,726,789,1391,1808,1032,730,782,618,841,889,1504,1495,647,1481,2069,1664,790,1204,1418,1224,952,1519,2100,750,1294,1238,941,964,772,885,2768,2409,1311,1413,1366,2917,2238,2104,1129,905
2060,9,1005,420,375,451,542,503,498,2494,402,691,856,766,1444,1096,745,1815,1078,772,958,417,618,643,741,532,472,947,473,441,1690,684,2214,685,2336,1013,927,748,630,1025,1210,771,798,1336,1187,1293,1091,791,403,431,4780,817,718,560,590,1584,991,1527,830,973,897,447,668,2105,483,731,631,406,1829,1664,2408,775,968,740,1012,436,1580,1657,939,558,441,1985,831,507,1031,1416,1088,542,1025,1101,411,2889,510,876,3266,821,792,1090,1209,2185,758,666,634,474,1389,724,544,1352,1341,1307,714,1201,587,629
2060,10,1648,419,485,629,718,559,1679,599,1183,2989,830,1121,1006,2756,411,459,1051,1044,3318,522,413,4514,1770,395,638,349,1191,1122,1490,500,1113,813,433,411,2191,850,554,2341,1237,1650,1873,1319,2312,509,399,516,329,749,750,699,2060,546,1161,888,1060,1309,403,7411,889,449,818,540,453,685,420,359,483,431,874,431,873,513,555,624,1652,750,912,1720,709,851,1636,583,1042,606,371,457,551,420,400,1572,1666,836,702,398,726,1539,1062,1888,489,455,378,465,677,487,807,751,972,1027,771,514,951,2801
2060,11,1846,383,1355,425,446,360,612,1551,985,884,889,775,498,512,529,557,482,386,764,363,598,3176,1010,492,517,375,375,2258,564,376,1129,695,730,421,1127,3735,3624,1549,949,416,523,771,443,676,577,474,413,1979,3221,1047,529,413,376,474,540,937,372,3292,2425,1305,862,1103,349,391,574,369,583,407,892,596,927,365,1315,1665,596,445,795,1439,351,436,513,385,537,398,561,553,437,359,389,563,436,716,520,459,2388,977,791,754,1467,508,1110,373,1024,693,473,400,811,1636,1164,798,1122,641
2060,12,685,1076,406,365,651,508,1017,647,425,612,842,2378,420,518,1373,500,386,636,1520,380,375,865,1038,593,459,415,1232,897,1027,541,3049,1969,1057,641,1915,1628,776,586,1011,426,1124,2268,1213,894,371,489,1914,666,1434,635,716,383,1422,640,399,826,2105,917,2320,426,757,1690,459,413,368,447,480,955,3238,1572,514,639,1416,441,472,692,3160,1816,1067,611,2514,1395,664,441,536,444,742,371,481,508,463,719,481,2668,2450,1503,604,781,1707,540,651,674,2229,879,1885,1412,441,1879,998,450,2402,519
2061,1,2311,463,822,965,1062,1233,976,1681,438,493,441,1721,1073,522,2470,743,381,1419,1076,594,470,853,1449,2759,550,381,839,2045,499,1389,2529,781,1135,904,1169,651,1314,572,994,764,778,1865,1588,441,371,3562,794,486,916,815,458,1174,535,508,356,1636,691,3336,5011,1295,2224,1139,361,572,354,1011,413,779,1821,1158,545,678,660,713,774,1292,964,1126,1111,511,2080,3004,796,1568,445,368,1424,1006,351,1599,1510,1986,1094,784,1120,1177,725,572,1931,390,651,614,779,494,1340,734,1259,928,520,428,2649,2790
2061,2,2449,861,855,1057,1909,762,2984,1367,572,502,1249,894,3143,807,1439,703,553,932,1090,430,904,1308,3953,1113,494,847,1102,3244,592,980,4713,1209,1042,408,2802,652,2001,899,725,1778,564,1604,1148,413,2057,806,3930,934,1388,618,1216,891,1706,915,402,814,984,2603,3585,970,1333,2189,416,1145,443,2023,800,773,1334,529,557,458,710,2760,3768,942,1715,1528,1245,1266,2520,990,586,643,389,407,467,731,374,1029,848,846,1374,685,1552,1830,1755,1559,2193,760,426,1456,1263,703,1163,751,955,656,461,649,3759,1931
2061,3,1136,403,669,828,1057,562,1317,947,607,487,563,1329,979,529,2285,578,478,556,648,387,565,1244,1826,1062,874,504,2500,3196,567,2504,3012,730,961,435,2808,549,5188,1108,1440,659,515,2922,1045,561,2392,593,1923,738,1403,1192,1660,587,1244,493,349,1324,1016,3579,2264,795,2055,1273,723,1163,372,810,930,886,846,469,1025,402,897,2866,2014,531,1555,3002,625,856,1438,1177,436,448,701,565,491,935,585,1032,525,664,1568,1364,2163,1466,1367,1022,2799,473,1363,1293,1634,802,731,573,1773,577,1443,584,4372,4706
2061,4,978,481,415,482,714,408,633,689,418,425,437,1316,1092,475,815,438,480,572,712,381,440,687,1325,1057,457,388,1610,2942,425,1197,1379,666,685,375,1320,469,1345,511,996,448,1571,1370,574,425,1516,458,1159,437,664,527,615,507,628,407,373,783,540,1073,1259,561,972,803,464,580,423,461,705,696,653,467,592,371,665,1528,1328,438,1131,1558,1236,608,908,877,409,437,473,416,438,600,470,640,474,701,751,951,862,884,665,639,1853,475,478,1402,1299,418,548,473,947,610,971,581,2479,1527
2061,5,537,376,400,398,459,385,467,457,375,386,388,727,487,385,466,384,377,397,453,383,370,587,766,508,361,538,507,1287,704,594,654,634,476,378,834,423,597,491,467,410,533,523,443,579,539,416,996,416,473,419,495,395,431,380,362,463,523,600,715,640,657,526,416,394,348,422,493,402,490,441,452,373,460,872,597,431,544,847,488,777,536,489,391,397,888,402,392,456,354,588,405,450,473,2215,681,660,526,464,642,360,674,652,673,389,482,410,831,1045,690,390,1039,713
2061,6,539,399,379,394,431,470,505,439,406,524,396,438,408,378,487,429,354,391,410,398,486,640,587,482,405,895,464,650,523,419,489,574,562,543,1190,424,558,392,461,429,568,513,450,632,801,547,477,463,450,389,463,399,406,418,371,413,442,471,492,430,426,419,426,469,356,399,490,378,522,424,450,386,427,502,508,568,480,1172,451,715,471,402,492,417,715,360,471,436,464,422,383,400,409,793,430,464,459,505,460,383,402,887,501,539,470,411,557,504,479,404,894,550
2061,7,658,1274,658,715,849,763,965,1063,898,560,627,906,751,598,824,616,587,890,928,708,726,779,1004,554,655,1127,1267,1225,1551,2121,1226,908,1098,1293,1218,1016,682,592,695,1539,647,835,597,1031,1065,1049,725,791,1112,1010,884,667,674,915,533,787,694,732,1488,565,644,508,725,684,893,575,1674,647,1117,547,664,1028,1205,596,1083,963,898,1253,1214,1184,556,837,981,981,754,599,619,654,1133,812,562,940,1093,764,696,572,1067,939,1146,732,512,1507,1774,1157,919,953,1311,1145,973,877,1197,905
2061,8,1393,572,1239,753,817,908,1142,1035,1054,606,947,762,650,779,1010,485,606,729,1010,1351,885,1026,1234,619,503,1834,4146,735,1327,1896,1109,1706,1247,1051,1174,2155,911,1253,1372,1500,809,876,784,1468,990,1409,957,780,1321,857,1381,1180,844,807,790,902,693,812,1327,509,1097,487,1143,555,782,456,1487,763,929,815,699,1164,1097,948,972,835,636,1575,1964,825,478,767,1085,1216,1020,769,1225,844,1019,728,1600,4198,2441,1732,793,1152,623,768,790,852,444,1365,1975,988,1547,1986,1005,1195,969,1344,1589,1605
2061,9,1116,571,2292,1357,737,849,672,920,962,995,392,602,1511,476,398,689,452,421,900,5606,1146,1095,2306,433,843,1130,806,514,696,1035,799,999,887,853,1111,747,524,836,666,773,547,445,499,945,1380,1327,496,1261,1238,1499,2570,855,1690,751,586,573,1010,628,1115,980,885,761,1244,929,1061,428,708,630,1212,694,365,717,540,704,1527,1173,410,853,623,414,477,720,1076,819,551,360,1010,685,471,708,484,1357,1435,3590,778,601,1442,448,510,1215,394,1263,701,418,503,2729,718,1711,896,626,909,606
2061,10,1889,1269,466,734,777,595,625,699,440,2464,564,577,410,544,769,819,1217,573,397,3879,431,1922,668,365,347,444,612,409,722,1790,487,2285,614,1613,1086,435,453,523,371,452,408,525,428,1173,1747,586,629,407,801,470,1347,624,726,1242,530,1334,615,367,642,969,1573,390,354,346,573,454,397,472,1429,943,957,468,441,376,583,409,1140,3264,476,360,554,470,1579,1854,584,639,610,365,735,517,416,3723,807,646,2116,409,569,365,2386,3077,753,517,730,398,400,1666,1126,612,437,1462,695,2250
2061,11,625,652,417,881,442,3544,386,641,383,3036,514,780,520,426,1003,357,377,432,549,26549,357,4036,669,422,726,531,403,375,510,1336,625,2159,871,1020,786,659,372,2668,481,689,406,521,356,553,1086,1524,2146,394,1425,754,722,477,732,459,344,535,4040,362,499,793,687,471,1687,540,339,1690,594,518,422,371,1734,404,507,373,529,2372,530,1058,1185,383,586,429,3493,2928,2723,532,614,337,783,360,363,1631,929,564,613,412,530,554,593,705,406,597,1301,394,605,887,868,3217,442,3152,1899,1465
2061,12,479,395,446,395,710,1871,372,408,363,907,2710,707,488,349,1882,796,1071,863,2124,4497,363,2018,506,406,425,427,449,583,1029,1892,565,1761,428,914,519,380,2766,875,441,825,2963,745,768,3306,787,479,1494,381,695,721,655,396,409,573,693,545,1177,375,711,7060,431,528,596,363,1780,1886,4309,449,536,368,1672,372,372,365,3925,2038,1252,2659,537,614,750,401,4603,566,588,1007,731,336,1400,442,358,885,527,1033,2139,710,1013,1289,1682,529,503,425,1082,470,401,696,480,1466,600,996,2536,649
2062,1,1632,778,1125,523,437,3082,554,912,579,4077,751,709,926,604,903,684,737,7978,642,14056,1295,3871,1219,435,813,1475,2323,658,1417,800,572,922,400,1534,434,496,2958,2820,1345,539,1037,800,1064,3058,2207,453,1904,622,543,1229,493,378,397,449,338,590,1238,414,503,6916,448,419,649,613,1310,631,2428,418,469,462,831,414,927,1021,914,1395,1602,1713,1722,352,449,505,4690,1323,457,1503,508,340,603,391,356,904,1024,1520,720,539,851,946,2210,1355,358,606,1376,540,583,864,526,1110,368,669,2012,571
2062,2,601,580,1202,986,503,4877,942,1648,2858,4594,601,531,1744,751,739,455,777,2214,890,7890,514,8049,2325,706,603,897,726,701,1640,628,560,745,390,1271,565,1522,3865,5446,909,661,1398,556,435,6424,1121,463,996,679,1463,667,901,357,403,427,436,3018,711,634,415,2872,1068,772,653,1148,693,1680,3082,616,1075,597,1707,492,882,669,2600,1243,753,2346,635,552,964,376,4973,1253,472,709,1309,350,554,671,632,878,3233,1424,945,559,1667,624,825,631,387,613,633,358,886,524,670,1987,637,875,1267,753
2062,3,689,457,501,429,1112,5209,443,884,448,2382,730,557,2797,660,528,473,2371,3487,671,9159,872,3982,1179,1093,399,841,732,1518,2250,2706,537,2144,461,799,813,727,3479,6533,622,772,1628,560,456,2651,909,419,966,1070,1785,745,1429,378,432,370,798,684,1010,572,420,1401,607,398,749,532,860,1361,1771,379,523,482,1300,348,479,1126,2324,989,600,1635,559,749,646,356,3608,1790,491,890,553,377,927,561,978,704,2573,712,1969,627,1464,696,2447,503,671,1106,579,1287,457,731,646,2231,854,1083,2786,607
2062,4,477,386,625,443,772,1964,431,552,418,879,542,415,917,374,565,371,737,1930,452,4210,430,4622,735,1672,552,447,534,819,1295,1532,917,1008,404,530,724,445,4723,3449,469,464,720,607,394,1704,727,393,954,407,640,481,545,347,386,365,347,489,690,430,389,1019,408,363,487,421,490,636,967,460,1160,381,1208,381,578,764,1401,635,487,992,450,360,439,352,1916,754,415,502,481,355,440,359,413,546,755,496,1224,557,640,458,2132,563,400,659,562,512,591,487,501,975,872,1113,1270,685
2062,5,413,368,467,397,651,894,393,511,385,869,427,396,458,514,444,356,449,702,417,1803,402,1388,717,489,383,462,427,435,728,553,387,575,373,599,424,509,3380,915,390,426,467,407,370,716,475,375,561,379,501,405,456,343,378,371,366,521,449,442,375,702,383,1267,381,362,507,500,772,352,1073,573,598,345,471,3113,886,464,419,570,709,419,394,489,932,531,413,405,430,521,404,351,408,478,936,606,581,507,465,550,786,578,403,430,511,378,374,418,435,582,651,526,5445,460
2062,6,513,518,653,444,441,594,409,434,372,504,384,412,486,382,516,354,446,529,385,627,517,547,625,382,890,461,439,398,526,496,375,475,368,549,494,478,1640,600,385,426,400,418,376,704,461,451,660,398,442,592,393,341,364,360,338,397,409,350,386,582,424,1298,467,658,394,580,620,352,507,394,689,363,565,729,461,409,530,441,414,419,367,475,543,424,386,506,417,321,390,408,434,404,473,433,521,597,479,552,525,504,340,433,420,386,382,407,464,555,371,442,721,590
2062,7,1238,1837,723,685,1528,578,868,1065,1435,763,663,1071,711,476,602,671,835,748,750,1547,1060,572,662,996,1143,483,847,595,705,1138,798,1476,576,803,2232,1061,1358,1706,553,919,600,724,975,649,707,866,1184,688,543,615,823,568,475,765,784,1033,744,643,577,874,981,524,1071,1011,642,984,1176,924,1404,753,971,740,492,1478,693,547,702,854,635,467,636,1224,908,854,849,645,1150,589,731,1999,666,798,882,831,717,1069,726,832,1226,968,489,1029,661,541,963,1325,967,2126,1110,1108,765,867
2062,8,823,1243,515,850,1485,571,737,1038,1310,1074,1638,626,1275,913,624,750,1151,1011,12016,738,1248,649,776,1163,1943,737,856,592,981,1680,658,2322,3876,2481,2551,1167,1730,1019,849,830,609,554,666,937,1260,766,2538,792,518,969,654,1419,510,624,649,864,1158,594,715,1379,2098,666,1458,1023,1327,1026,1315,1650,3104,992,1154,719,622,1177,999,1442,659,683,632,834,570,1107,1138,1676,1552,2072,1979,1131,686,1583,1896,1028,577,925,713,1115,671,646,2129,541,492,768,1654,805,2118,1087,3012,2366,1236,801,655,1736
2062,9,680,2096,476,445,1185,459,513,560,1139,1567,652,364,853,543,741,470,1120,838,2264,1118,1281,927,1008,686,551,984,404,380,516,890,1069,803,1609,703,1254,511,1376,3513,1333,1490,990,713,388,741,951,397,798,442,495,417,589,425,730,766,699,968,544,354,1889,1367,1517,713,483,1393,623,509,646,1465,1805,383,1806,570,369,874,1012,522,617,4633,451,874,720,773,1198,473,647,1243,1012,460,948,1281,691,3350,596,488,651,463,646,706,1786,501,464,912,589,1153,848,522,791,1532,1428,512,1157,674
2062,10,639,688,522,696,771,418,446,1515,420,1823,995,389,675,727,1342,474,569,414,2732,645,557,933,1026,543,1029,522,388,355,1065,1138,515,682,458,505,1168,1092,910,1469,1220,833,1414,478,381,2026,5318,362,1812,380,859,783,951,624,1352,533,537,389,375,787,1058,537,1297,1385,440,825,795,397,387,566,776,363,515,406,407,5245,559,614,382,987,523,596,709,565,1147,1458,637,622,1222,333,631,433,475,977,686,2706,963,4496,1057,422,1059,1343,455,404,5044,454,426,453,1798,795,1733,407,468,878
2062,11,898,466,366,360,936,588,455,432,629,602,500,411,539,360,463,337,1502,484,2114,386,583,390,727,851,421,912,358,448,1808,1589,820,1024,592,376,4413,882,629,475,1673,555,719,341,631,809,3549,428,1059,349,687,544,704,545,408,349,413,371,651,714,424,1181,957,502,429,760,385,530,628,1523,526,379,715,493,344,2920,751,594,364,856,380,490,1136,425,542,2182,648,2117,532,316,2771,382,474,1736,718,1459,1365,844,1749,605,2651,414,348,386,603,730,378,627,498,837,492,361,388,2639
2062,12,2520,649,468,417,458,790,394,3161,1071,457,555,1230,437,1071,795,472,1162,421,2023,924,505,482,508,2581,1112,565,524,365,2401,462,411,443,651,396,1111,817,1353,471,4485,3432,1240,1289,365,2049,1605,364,2887,343,592,1809,497,635,386,902,789,2354,395,1140,1910,946,1185,549,346,1507,1265,410,1590,600,1163,1153,1632,335,842,1963,414,821,697,604,461,490,890,433,538,1119,586,589,747,352,779,721,844,843,976,1458,2759,587,802,514,1735,1043,743,485,540,418,407,443,3800,648,1405,1680,390,530
2063,1,1043,747,482,394,469,595,519,1089,1736,595,558,1699,902,712,793,353,559,367,1602,1370,1787,379,730,1320,665,466,577,381,2233,546,1405,428,945,709,738,2954,2151,485,11205,762,741,493,413,848,1160,961,2414,901,1217,1463,2676,391,435,1419,1409,608,853,798,2693,767,796,510,678,1022,668,406,1175,471,5153,2501,1513,742,1251,1258,614,561,417,509,370,1229,464,364,587,2356,644,786,1006,339,605,1844,1448,893,1225,1226,1091,1788,690,899,1739,1349,548,1087,1212,390,1289,395,2849,602,1927,3860,603,553
2063,2,706,642,459,547,776,983,1152,1573,715,515,1100,861,612,606,555,460,699,770,1520,1542,2153,467,1201,1370,872,982,783,354,1839,660,452,415,924,507,758,1442,6757,465,6302,1025,877,504,397,1296,1186,464,2037,699,1231,1150,2267,355,2560,970,1119,889,496,628,1461,612,878,798,404,808,912,370,1452,1679,3041,941,1334,721,1674,6791,740,643,601,654,382,686,462,495,1063,3235,521,586,1999,413,1008,867,737,908,689,1018,1425,855,748,556,1518,1330,822,1005,1173,374,453,1107,2568,776,1875,853,2019,971
2063,3,635,510,533,363,770,842,410,1856,875,618,443,2210,1187,406,569,410,470,512,1100,1222,2517,984,515,1144,636,554,631,687,955,2585,483,1372,1007,390,687,1434,2343,742,7406,1048,790,858,916,973,3410,498,2054,899,852,1419,2261,359,1164,853,892,874,940,467,864,730,658,1619,370,770,925,1255,2241,1262,4096,1182,2041,358,1215,9374,428,568,573,1222,375,579,414,956,488,1745,457,490,1545,303,573,667,756,1075,613,2491,1447,1056,1117,641,1966,1222,439,453,710,378,568,1385,1723,720,1321,665,959,625
2063,4,464,414,348,373,414,518,366,985,546,412,403,700,564,489,456,349,462,370,626,1089,1195,554,453,697,442,425,411,402,677,791,630,569,563,630,519,905,4735,576,1878,675,636,473,416,528,1032,430,1133,388,633,729,1089,369,586,580,462,559,463,407,577,535,473,3033,353,558,456,500,1054,1993,1754,707,1196,369,787,3001,392,403,443,604,344,476,431,408,459,1028,387,454,745,652,472,518,440,697,449,1208,1645,578,653,436,869,896,440,465,577,527,391,554,1153,904,944,621,595,496
2063,5,448,384,380,352,387,407,351,567,417,391,441,455,414,522,385,323,409,358,539,521,598,454,428,487,479,371,363,356,517,482,405,467,922,625,448,534,833,632,723,623,423,377,381,455,537,431,621,359,420,465,538,338,428,415,409,414,372,375,564,417,526,764,536,477,459,428,583,1412,751,460,566,333,638,974,384,379,365,424,356,389,370,359,397,530,367,418,473,680,443,411,426,531,393,601,766,508,431,504,552,651,409,517,460,736,409,567,720,426,569,557,553,731
2063,6,394,489,354,387,373,398,344,452,527,389,398,516,435,369,423,549,398,366,466,442,448,810,383,434,405,355,363,447,612,422,371,641,994,462,400,545,592,796,576,416,648,462,417,407,555,518,478,354,466,513,440,378,410,452,359,408,379,590,896,380,525,488,498,482,396,377,417,725,515,486,433,328,424,619,375,420,416,417,797,433,361,355,410,523,403,460,594,968,411,475,416,525,388,479,432,429,407,514,468,409,424,419,423,391,484,527,467,390,452,444,579,413
2063,7,833,920,1280,762,974,629,852,738,570,724,586,841,916,468,563,639,598,696,1426,749,605,1229,840,1042,1064,979,1002,638,1431,998,735,772,1153,1912,972,663,1558,1454,1011,1581,711,780,964,629,799,1366,608,567,744,834,854,576,716,719,475,794,754,1326,1541,493,750,1453,1606,815,693,1275,715,1436,589,1042,1031,698,465,1093,707,459,710,722,707,495,674,736,843,1258,617,519,1121,1170,914,903,733,805,728,749,1102,694,725,610,1109,932,1011,947,746,760,1149,1785,1033,1465,916,1091,1319,631
2063,8,1118,1049,2422,599,1219,601,861,580,1301,906,629,1443,1167,751,861,1085,565,826,847,579,485,1661,1576,1387,1033,811,1052,962,3625,1985,1248,875,1958,2078,572,739,1594,777,1423,748,600,619,599,713,665,1164,1292,764,762,1085,865,717,515,546,877,751,810,700,1102,1069,727,3798,2235,522,478,1479,717,1194,671,1653,817,714,978,1014,802,616,498,610,506,613,576,988,1121,1035,962,371,1038,1413,716,1748,1457,589,858,1518,565,656,645,790,669,930,1195,1002,1021,1898,1303,949,1343,1859,1044,675,809,983
2063,9,866,1233,1360,336,1569,2366,549,391,650,903,639,639,1756,719,769,1268,388,1219,429,410,502,1587,1182,798,539,848,3605,454,1471,755,1329,1545,728,768,412,567,1175,548,1066,408,433,511,1578,783,563,749,985,655,475,521,1939,422,740,499,370,553,950,898,1126,791,1086,610,459,447,808,1001,391,395,380,1660,487,418,931,706,652,354,1802,416,339,572,1190,617,815,1010,1543,361,731,906,564,915,1295,591,763,3017,418,609,749,833,1069,861,455,935,609,1580,1417,1245,2842,1798,669,380,1276,1560
2063,10,629,1555,1209,395,1311,583,672,430,623,1046,4187,681,727,1182,590,1353,394,1681,558,576,1839,1251,454,714,1529,429,625,1548,488,398,428,458,464,1645,1319,429,1348,412,1428,412,891,1812,7710,813,456,458,1067,383,3813,369,777,335,1550,3625,336,1823,404,819,2589,916,369,481,416,374,2005,729,713,643,833,959,1054,556,1796,825,676,378,1501,368,1724,743,560,411,468,552,844,633,487,1842,554,1926,667,939,1356,1351,1513,1978,5017,388,954,389,365,728,917,967,1101,744,1216,487,391,410,401,2762
2063,11,668,564,751,374,575,463,890,597,731,1026,1386,414,927,1579,434,481,370,740,3356,360,812,999,604,521,813,1098,517,396,653,385,569,565,376,731,720,711,924,860,603,623,410,809,1239,374,675,1306,816,334,1383,666,1036,334,1088,3265,331,1165,467,495,1871,1380,450,395,730,593,1147,1013,495,394,1004,1656,1039,677,703,701,481,572,570,491,710,446,2231,463,1490,438,520,486,420,751,526,2364,504,1560,2133,700,470,1262,897,927,3728,378,336,1297,1205,488,778,598,692,518,566,1808,385,719
2063,12,402,430,3977,543,443,388,689,462,599,486,878,902,593,964,428,1215,389,1016,2050,963,943,1042,415,985,1523,404,511,446,415,371,496,1901,376,953,466,880,2281,914,433,506,3159,495,850,630,639,1081,458,335,2091,1632,1721,314,714,819,329,1310,664,968,628,466,899,1204,1074,669,1381,819,375,563,477,636,1437,524,666,792,430,982,1724,589,3521,932,1363,1173,857,490,702,504,603,540,451,524,462,934,784,1213,592,705,873,704,1589,501,498,2264,1156,546,3844,4624,1425,933,655,796,2636,1044
2064,1,968,815,2443,392,519,949,1190,1434,442,907,1192,1290,962,1847,409,654,870,714,1104,1691,870,707,398,1959,707,440,1683,525,974,431,835,1167,372,875,573,395,1639,414,939,392,706,527,1931,1622,587,1443,509,332,4479,772,2421,418,510,712,327,1660,484,1620,850,621,1198,798,561,505,827,1617,385,1068,708,1278,906,939,571,1616,1247,1331,3286,432,727,1324,862,983,789,538,792,611,1515,3342,1243,992,397,634,1297,998,570,4723,2678,4002,1369,720,1401,787,754,1217,1548,3264,1749,4131,2669,715,1140,1015
2064,2,1810,1356,2409,339,545,1039,798,547,798,655,946,2265,1608,1967,856,764,954,607,3306,949,1263,1162,512,603,1145,512,767,1452,820,770,1249,1307,405,516,522,1168,1329,540,621,449,655,1008,2082,1064,404,712,464,337,5222,464,1257,338,644,2661,341,2821,430,2374,902,1417,3634,717,1801,485,2075,1453,447,428,550,962,806,689,785,822,1679,1491,2068,1128,1014,1640,585,752,690,1034,518,461,2104,1088,1044,1160,1123,1462,1015,689,651,1973,2444,5771,1324,791,3196,1287,2769,1191,3528,2536,1003,2833,1718,2477,1338,1494
2064,3,1451,1182,4487,379,614,672,815,403,1532,461,862,1365,1105,1322,364,731,523,471,1637,600,554,867,434,2375,1497,491,543,433,588,596,2040,2316,601,580,631,429,2448,447,443,360,541,701,1004,775,379,484,464,328,3275,1353,824,341,618,1496,486,1201,355,3311,5405,3366,1233,1086,629,460,2436,783,522,835,403,579,1602,1652,1644,1580,939,675,1471,423,645,756,1136,669,3746,494,570,481,2094,1180,1379,1235,975,1494,636,757,682,3387,2100,3212,1589,616,1309,2021,904,589,4064,2059,727,2497,902,1152,1332,1012
2064,4,797,754,1417,448,402,425,649,659,512,574,526,1467,592,632,360,451,385,424,864,507,454,606,368,780,690,386,595,430,469,387,630,1235,410,804,521,410,1161,388,418,353,457,452,615,471,400,429,531,319,2533,513,593,303,409,613,588,590,346,884,4842,1097,648,495,540,356,879,525,371,497,656,473,853,673,928,782,1556,501,1155,457,680,522,669,456,1927,388,412,389,775,822,615,642,437,639,541,529,529,1750,1387,2098,873,649,1644,1104,659,504,1829,1558,629,1601,761,737,1051,654
2064,5,465,569,626,370,387,428,441,474,414,521,443,588,455,454,382,405,361,392,503,457,404,437,551,443,532,389,418,426,437,385,596,805,390,623,447,382,566,439,406,452,416,469,530,424,379,392,416,315,1459,408,456,301,391,688,325,468,342,499,962,504,491,600,405,347,528,443,370,430,417,510,460,450,441,467,826,412,564,511,553,492,469,453,1088,372,390,373,466,621,422,461,414,438,437,449,399,826,636,1135,556,388,685,501,493,446,1779,1319,707,6196,480,543,1293,463
2064,6,470,388,617,782,496,457,587,409,374,642,477,507,643,449,372,381,351,376,431,454,427,451,390,459,436,773,414,560,475,422,537,435,461,391,472,375,449,440,451,596,421,507,467,455,389,508,411,323,520,380,449,309,381,440,324,407,352,438,667,488,398,512,384,435,449,429,414,437,415,397,401,524,442,532,426,438,497,373,507,455,433,416,547,669,392,350,411,480,385,403,400,406,409,465,383,494,469,486,489,372,533,494,487,385,522,681,534,882,718,473,614,533
2064,7,1407,1077,922,550,723,1594,1103,995,584,839,839,932,1104,962,522,891,539,1021,1377,740,785,879,791,1142,708,1143,1821,516,1041,1215,1083,804,1707,1042,669,1210,1017,878,613,1015,611,604,659,1196,746,1032,860,790,743,686,915,510,496,767,499,588,665,1272,1064,625,966,1059,1229,1037,529,463,694,930,1040,759,884,1161,645,1199,764,661,848,2267,1078,734,914,699,1073,1203,1075,564,445,478,511,602,1272,831,821,636,620,683,893,834,643,443,976,755,1175,1214,1268,1149,1988,1553,1311,869,1151,1033
2064,8,1353,653,857,501,855,1662,760,981,935,1101,2042,1555,1322,1599,1095,1381,512,2570,2086,767,1305,1049,1279,1522,819,885,734,469,939,2625,1771,782,1411,680,937,1297,660,1116,830,954,685,1163,525,667,953,1148,1005,1423,809,782,813,365,691,831,1230,1399,1125,1598,501,975,2380,1148,1641,1017,525,542,1023,1189,982,1040,1414,1904,458,956,938,1334,1499,1336,1085,851,1826,1947,1801,1410,1308,746,844,542,800,1984,861,1346,906,646,510,614,806,1573,673,786,660,578,903,3220,1786,1394,1961,3896,1079,1661,888,1362
2064,9,2659,700,632,502,783,1323,870,2159,1042,978,852,1087,1110,768,626,1543,509,639,570,505,703,545,1829,884,439,644,417,475,706,528,4056,435,5528,941,2657,1564,887,1632,1106,972,549,1056,422,536,652,515,895,2194,989,412,730,576,995,1066,574,1193,1682,513,427,772,1630,597,438,1281,411,460,751,563,2516,773,1225,1723,609,2341,3996,2336,886,4258,1047,1149,791,725,1463,418,826,688,971,459,715,805,509,3010,1563,427,901,391,717,804,870,391,1190,396,507,585,1271,440,8090,758,631,2069,414,673
2064,10,3405,594,1289,606,771,506,443,430,382,1715,1124,668,391,499,375,1094,566,883,661,637,1551,366,2341,1342,753,371,422,383,533,1377,553,365,789,474,924,451,798,9080,641,1091,463,1916,405,423,1131,392,365,2121,1202,694,1078,322,449,489,411,980,580,2471,414,556,665,371,411,927,484,357,1703,632,1430,968,435,854,429,719,2088,1106,451,1259,741,762,609,2288,449,874,584,653,2757,542,1395,395,1073,788,1422,8666,2963,1216,1356,521,426,1970,1092,619,583,406,1308,617,12504,506,822,496,813,377
2064,11,2496,418,4089,1133,978,436,350,396,356,2341,1073,411,561,420,539,943,660,567,453,503,474,713,724,786,439,935,427,660,897,906,587,480,1019,385,752,664,2709,2610,429,547,358,782,694,1090,386,398,361,4404,2348,1362,747,567,668,568,476,457,2616,924,362,508,709,363,858,400,686,360,413,893,561,605,837,620,359,3240,1675,893,494,1370,727,628,666,689,473,399,581,404,965,349,592,383,662,610,449,1155,638,867,650,585,392,544,2922,671,404,652,686,1269,5840,927,624,1429,657,836
2064,12,2275,366,732,1482,419,488,365,396,361,1537,953,998,2731,657,367,479,412,1395,1525,964,1497,1706,1065,2651,812,535,379,1568,898,526,515,365,685,619,861,416,1377,2130,1147,626,1440,2649,375,485,2064,746,360,3275,2230,1091,408,785,379,461,320,413,2585,1385,661,1447,650,581,900,562,1861,350,519,580,437,4851,2956,2435,1705,710,2615,453,1358,1138,2402,1930,500,1211,454,505,1032,894,1790,638,3086,619,450,1159,2189,964,499,833,414,382,842,4085,809,394,460,739,562,3026,3707,598,1953,1184,2846,1024
2065,1,1739,990,643,1329,1759,1275,1052,407,374,2876,875,1541,672,1588,753,1132,537,5172,1789,615,708,1147,1163,1042,582,1621,559,1136,1281,1527,1187,367,727,798,735,403,798,1902,1349,413,456,1252,382,424,987,738,353,18512,1394,2432,729,481,568,421,314,433,3505,3595,671,1390,541,836,528,447,771,397,763,1148,1808,2313,4816,1178,926,583,1992,475,1076,972,1077,1855,1362,2701,1716,520,4899,1109,2152,4251,978,371,1020,488,1199,1196,725,873,411,396,966,4298,843,448,379,505,518,2175,2527,1277,1154,1209,3032,621
2065,2,10172,737,817,919,1500,455,686,374,348,1629,1435,1171,1236,2197,1783,508,493,2644,529,1597,547,1764,1748,2074,521,2121,686,1939,1390,1027,807,349,754,1009,1344,881,1172,3007,1245,430,794,4230,352,383,578,390,588,10681,1445,860,1402,314,399,550,419,596,9912,2897,2178,1357,883,1919,620,426,725,800,536,475,585,2983,5479,1679,652,1383,2528,598,1887,2785,1063,786,875,3494,680,955,3428,564,2112,1681,929,418,415,517,1411,1405,1238,1194,530,703,789,3283,786,419,1780,1065,817,1492,1304,853,973,1439,3184,735
2065,3,4474,539,638,897,2206,535,736,969,414,2193,1101,1410,1239,1396,426,564,347,1859,578,601,717,4092,811,1232,780,1905,533,1291,636,562,519,441,1306,1163,1664,644,1015,4904,654,386,482,1752,485,587,647,373,371,5756,1314,947,707,313,748,705,515,550,5540,3035,731,1689,858,621,475,451,1488,480,410,425,470,1323,2107,1662,1168,992,3966,837,836,1677,922,2246,857,4540,864,861,2700,456,7567,1223,860,399,2651,1772,1161,1771,602,1308,444,604,3562,2011,1131,395,841,1755,1321,4506,904,1132,1648,934,4636,525
2065,4,1055,470,499,492,1625,399,384,941,340,1054,614,564,550,560,392,467,341,1383,489,443,463,1454,654,768,422,4168,372,637,930,642,470,356,638,506,701,575,701,1385,480,422,500,887,371,505,539,366,346,2146,759,530,628,307,628,546,322,432,2907,1447,445,787,461,471,381,392,1436,378,384,438,565,739,849,1307,480,593,1372,461,765,870,778,2355,621,2309,808,492,1452,402,2329,1212,647,399,1453,659,746,1075,602,1097,383,417,883,1520,755,366,526,702,1648,2447,759,706,870,767,2589,456
2065,5,628,396,468,471,768,386,363,1011,337,586,434,434,441,612,403,443,349,600,624,406,437,623,618,625,376,731,354,452,519,518,637,345,1601,455,500,395,476,661,501,363,406,547,349,444,428,353,451,754,494,450,515,360,379,366,310,425,812,605,437,570,412,471,367,358,734,372,460,395,704,525,555,1760,409,495,678,437,668,649,541,684,455,803,521,514,686,691,1561,549,446,358,652,487,581,545,468,463,648,367,530,989,569,377,422,449,554,675,548,463,482,484,1060,401
2065,6,534,524,622,512,663,402,380,424,358,519,592,390,426,473,362,422,353,493,443,390,418,438,448,635,455,500,485,392,557,419,462,515,1940,557,540,368,410,595,407,352,431,475,498,360,428,389,392,858,458,432,491,360,356,416,352,385,513,452,466,419,488,448,390,399,419,540,390,463,629,433,446,951,472,508,489,760,1148,524,530,449,407,850,441,532,612,528,685,425,422,443,474,407,737,454,619,409,372,414,410,498,540,421,507,450,515,491,525,458,424,448,510,562
2065,7,1058,613,642,509,900,545,698,868,615,870,1116,827,1010,779,809,534,563,730,1028,728,827,854,721,556,742,750,782,654,709,1051,1032,924,1592,1723,1174,964,580,608,729,675,1049,696,706,886,765,1166,839,853,1138,2174,1185,670,643,636,442,850,1012,846,556,647,891,977,715,513,530,736,676,1153,1181,1169,722,985,1142,926,493,1216,1233,703,949,743,703,997,865,3212,961,853,908,1306,535,515,1539,538,921,1114,967,525,1288,1309,1255,540,1279,1109,758,1041,906,1164,784,594,641,685,886,712
2065,8,1137,437,530,570,653,724,1003,1035,777,720,1047,1134,1723,703,643,685,487,877,745,957,959,884,666,596,1785,761,1005,437,1857,1016,1902,1978,2132,915,3074,1215,454,587,755,1081,667,669,1092,756,855,1002,1081,746,849,1689,1182,512,551,515,491,2450,908,729,806,756,1810,633,1539,795,505,964,1236,1691,2271,2325,1570,1011,1032,1057,1756,817,678,678,4805,1036,533,1324,1266,2107,1046,959,630,1251,651,582,1404,761,669,1816,611,868,705,1051,1073,490,1345,1571,1035,1880,1964,1186,844,1128,1970,750,2153,1700
2065,9,883,389,1804,490,478,804,1496,673,542,1098,500,629,2087,909,356,1310,362,1921,1146,875,1117,1193,1176,379,494,462,522,441,798,803,967,538,945,804,9060,797,385,534,393,1958,504,1056,1590,372,461,1708,1276,560,620,405,1656,338,629,521,362,4781,402,703,1105,380,3907,870,802,2638,372,2608,848,740,472,575,1041,588,425,1044,486,1321,1311,486,518,1180,1154,1021,987,825,950,1945,1032,523,1163,581,1030,402,377,595,415,1372,1048,513,1193,378,430,1424,414,1313,3074,1700,2035,1005,995,739,797,754
2065,10,4434,422,851,601,800,645,383,367,806,991,642,2954,1523,421,910,10147,659,952,427,2065,2639,524,1245,383,1311,977,547,840,423,451,961,392,566,387,4441,510,398,496,1180,1086,395,775,5134,898,385,439,588,772,370,648,749,296,6667,398,335,3426,422,382,477,433,1122,451,450,1040,523,478,1994,1186,423,450,1379,382,581,1021,686,1052,5465,418,420,412,1044,1312,1150,1591,457,509,2995,424,1001,378,899,1567,397,436,1242,1103,1406,653,1398,1946,579,1349,420,1466,3558,989,2645,441,563,690,1952,408
2065,11,558,341,447,504,841,433,466,355,711,1371,655,2585,498,361,682,650,380,796,407,577,696,563,973,536,573,1433,347,452,912,468,999,847,794,542,2110,5424,740,482,972,445,453,869,959,640,373,1261,485,926,361,493,407,357,919,566,316,3076,380,361,366,404,794,847,443,651,669,418,1085,448,409,458,740,426,614,510,1001,2409,687,411,1308,417,1970,452,417,1171,1761,3415,691,364,472,426,711,747,2148,507,723,693,526,503,665,507,373,683,1982,956,1393,1049,974,621,762,367,649,698
2065,12,2272,406,615,433,1248,362,978,535,359,1149,414,1831,830,360,600,2149,1492,475,1171,534,545,737,698,648,405,497,381,483,1202,366,699,395,602,537,3628,717,2617,647,547,414,1315,3402,1379,1065,372,3076,484,619,437,1094,435,291,581,355,445,1361,425,503,451,354,3217,913,2263,1386,375,413,1153,408,386,1705,703,400,527,418,3464,524,1313,722,1125,461,596,738,459,916,792,2791,639,3165,419,453,938,546,436,1410,699,729,472,1194,595,727,374,1526,1083,529,3473,3084,704,593,2026,1359,1925,391
2066,1,1673,497,567,365,529,361,2469,727,363,585,2053,1623,1778,387,718,798,449,572,1822,507,825,1420,740,480,2420,445,635,1528,758,434,568,436,1504,1025,2567,691,1152,970,445,503,615,830,1688,508,374,1184,771,465,766,952,544,303,565,1224,476,1513,431,363,552,765,2019,530,888,1117,501,430,641,398,380,962,574,455,426,426,6313,990,2037,1250,1065,711,1630,928,436,588,505,2220,628,1131,380,508,656,1410,418,562,477,506,726,890,857,471,426,600,502,475,2504,2045,668,391,1207,1123,831,376
2066,2,1751,1454,834,595,446,791,1277,1068,936,554,1213,1028,809,401,904,937,833,459,696,527,2111,846,680,1138,893,900,456,1172,898,810,740,803,976,585,1928,588,872,2391,979,426,615,1126,1900,481,355,1217,682,547,503,503,1657,426,593,638,599,1310,432,2434,561,734,1334,883,640,1182,582,958,691,649,369,1570,468,588,541,407,6303,531,3533,3142,1555,934,985,1006,616,1432,477,1747,533,712,1048,868,1094,1238,1171,433,776,1060,1428,3247,761,1176,835,1306,702,531,2710,1580,1346,501,3922,1490,1012,698
2066,3,1731,1267,744,1747,510,857,859,607,632,626,836,1393,989,358,427,1042,1385,474,516,553,702,532,504,855,1178,537,1320,808,487,657,567,471,1137,711,1230,757,2826,3832,424,477,898,2576,1252,1251,361,910,834,407,611,746,993,277,536,636,298,2876,511,443,661,802,1671,454,1955,1426,681,801,499,4180,409,1503,439,555,2122,574,4659,495,2192,863,1156,563,957,603,458,1103,435,1250,1162,687,622,953,1020,636,852,3188,895,813,1388,1395,583,846,377,1884,826,494,2397,6633,658,427,4072,723,1134,401
2066,4,1126,560,447,675,418,393,710,430,496,571,521,808,608,345,394,672,655,482,451,393,526,452,436,760,873,458,780,473,536,468,565,435,612,1066,758,543,1450,1217,414,403,463,1902,682,450,345,704,507,387,391,559,634,272,479,394,319,2166,354,417,388,401,790,413,931,733,371,467,458,772,799,892,411,425,484,384,1806,792,966,635,626,397,652,454,437,737,406,853,603,497,452,414,476,504,554,894,432,486,773,2378,467,509,364,672,505,453,958,3067,1056,477,1424,1113,666,609
2066,5,545,437,390,467,703,599,454,427,398,483,421,630,584,355,375,455,463,396,397,384,448,398,405,733,793,437,385,401,414,2985,532,423,617,584,1498,440,556,550,387,373,409,785,523,397,338,466,449,374,569,395,429,271,404,536,287,988,462,393,434,362,535,399,600,496,363,390,435,564,366,589,447,364,2056,390,1836,431,586,461,454,737,433,516,377,475,402,536,511,565,389,362,408,415,400,489,429,434,497,664,419,415,376,758,419,404,726,849,489,372,761,491,513,442
2066,6,448,366,404,508,400,444,464,432,395,436,401,547,392,340,364,406,374,590,410,370,457,402,430,854,643,445,360,397,488,471,555,385,450,618,496,490,526,1036,367,381,599,454,498,485,338,431,590,367,385,909,756,273,421,366,374,585,372,376,367,361,486,390,652,428,373,412,395,406,375,947,458,364,1119,403,527,406,502,534,454,368,433,496,449,586,402,504,624,394,416,350,384,401,399,1177,474,439,498,507,382,385,513,486,405,439,571,536,456,426,614,606,597,410
2066,7,671,764,1063,778,520,911,728,695,644,1041,685,841,985,685,851,626,590,1090,794,713,946,673,1051,1565,1157,513,708,832,801,1061,1432,1150,832,1124,1010,886,699,1263,558,648,640,1116,678,978,488,722,1446,675,897,665,1730,643,502,680,420,824,738,941,687,546,1270,676,721,1175,883,784,857,1030,1374,1320,611,685,1019,966,698,1029,944,758,1120,714,540,827,630,1823,617,746,1386,740,510,499,626,648,893,3360,641,464,1308,916,572,467,1078,776,770,997,800,774,1034,566,1196,1100,686,667
2066,8,1016,1330,651,712,901,1064,899,1036,900,784,729,1092,1113,816,612,927,1303,1138,853,1005,1681,1103,1071,2419,687,516,1473,707,794,1421,2111,1239,937,3172,665,867,496,1719,587,781,666,676,835,923,468,652,978,828,837,776,2036,684,705,476,696,808,519,670,616,1115,812,742,541,934,851,659,1478,901,972,1941,484,1140,1432,1174,874,1104,880,1425,1922,716,576,824,623,1071,828,1484,747,1263,742,751,701,843,856,1732,733,1190,2403,1596,625,787,1552,878,1613,1184,1035,1517,1086,974,1128,1822,1080,819
2066,9,1267,923,411,600,1383,957,879,873,693,988,401,473,1199,450,552,2528,594,6974,1098,2406,1753,678,1354,1137,886,398,1092,2236,622,1092,1054,443,1726,567,1461,511,769,684,801,637,891,745,2178,672,992,527,647,3183,1392,390,585,735,1858,1000,286,1144,359,589,590,808,936,1215,689,2800,1287,1648,3688,1016,1009,926,483,1161,462,902,1318,1009,637,2426,964,1205,693,698,638,542,1039,1113,1016,919,569,598,488,1124,1824,2347,542,1251,946,1851,444,751,1786,2125,681,1513,773,404,645,654,1053,6018,402,1608
2066,10,3173,951,459,509,2382,1019,1307,489,611,1578,644,495,1158,607,348,534,876,968,635,990,848,1424,575,1435,473,453,398,1771,2411,423,519,358,455,669,2134,650,865,919,416,485,3605,592,960,603,677,392,426,660,805,1218,810,550,2707,454,2036,850,594,794,2318,2376,1229,661,392,1743,837,396,815,435,691,1088,363,937,2700,682,681,1024,552,1410,1497,731,464,483,1187,8187,4380,470,1693,1467,448,1787,606,2181,500,768,2193,1510,434,838,788,428,444,1145,410,579,562,883,452,390,2512,2756,928,1557
2066,11,2389,505,391,770,734,686,3340,362,336,822,778,655,1391,951,389,531,3694,590,1739,679,607,1552,702,430,1340,572,359,463,639,408,500,373,963,447,6331,537,510,1753,715,381,1674,971,411,511,340,599,1795,577,464,3824,638,335,1032,368,484,1954,487,892,696,505,1978,362,353,1693,916,483,679,557,457,786,793,449,585,552,862,690,741,608,560,449,1560,402,1413,927,2592,426,456,578,419,456,479,706,519,1595,1503,1303,634,766,377,655,621,1511,365,486,459,561,534,973,613,1228,1493,2064
2066,12,1864,419,1994,2105,1020,497,1296,1057,512,2382,1596,1609,571,898,375,517,1425,580,740,486,2551,485,1394,766,1363,399,356,5413,525,3063,693,563,594,398,700,1027,497,3034,808,423,7162,413,441,583,341,724,430,496,882,4030,588,953,536,443,476,1401,402,530,585,429,752,2975,350,823,402,521,1077,383,402,564,831,396,815,1558,451,2836,526,898,1654,1292,2310,405,1084,786,1134,981,683,546,344,768,568,496,1520,1170,2249,1024,682,2641,587,401,444,669,532,568,570,398,377,1994,1150,5437,511,1292
2067,1,1243,1565,821,726,4903,555,7301,681,486,2847,1076,693,977,1660,621,401,1110,620,1924,673,1167,534,1833,754,2273,635,387,2885,743,1866,5734,1157,628,539,666,1285,1048,2721,623,991,4455,546,1133,1021,345,814,898,1442,753,3801,650,625,936,351,1198,1287,490,423,1020,421,535,1058,466,1670,973,1152,2083,1210,594,920,625,388,705,2426,2144,1903,588,2178,956,716,1324,519,495,1364,744,4203,709,777,567,530,463,1221,481,1047,2802,2216,2573,1016,504,449,490,735,396,539,822,586,876,578,2072,3945,464,2005
2067,2,1170,1387,666,1549,4297,870,6693,764,952,1872,787,887,1296,1622,387,575,1256,1051,1301,996,1041,754,1680,474,920,1885,384,3162,1103,1203,1210,1078,593,2733,1920,1012,2238,2432,609,506,3187,551,508,613,782,918,697,570,2254,3921,1050,355,900,346,2245,820,1492,426,868,567,713,731,842,1774,449,540,3017,1006,366,701,1298,499,1610,835,1192,1198,913,1113,1070,904,1057,454,479,1260,653,1423,680,1072,465,502,393,936,535,927,3743,2280,1044,1936,364,805,709,956,1104,2421,768,475,682,656,1459,2969,565,1088
2067,3,1019,1488,461,2512,3241,709,3238,445,2241,1310,810,716,1272,1159,505,500,867,797,1000,439,1222,621,2123,502,630,1162,355,1782,552,1835,1347,536,608,1062,1597,803,1520,1900,542,460,2252,632,504,417,1152,429,924,474,687,3699,1061,445,596,416,553,621,880,1326,2680,720,651,1396,361,1758,426,407,2200,854,372,455,648,781,3830,1276,582,890,623,1553,1051,1516,3043,400,454,3170,602,1603,592,961,443,824,356,1085,466,2206,2422,3325,772,1133,529,497,747,659,1180,1907,1762,569,1235,1082,1406,4303,787,778
2067,4,1122,817,414,1278,1386,532,847,400,565,706,1019,713,530,576,346,406,526,536,675,409,1560,432,1191,415,503,664,354,813,929,833,953,546,405,1443,1151,595,854,2052,416,408,1217,381,407,395,1592,395,570,413,475,2265,1977,334,469,365,432,505,537,583,672,440,465,676,356,1098,705,389,879,1236,366,502,894,378,2181,601,471,786,458,732,818,1154,1273,350,426,1338,527,1138,469,459,345,428,359,537,487,1366,983,2229,558,923,372,549,460,481,415,1146,568,379,501,566,1750,3201,470,552
2067,5,587,455,509,640,691,424,589,377,403,474,507,440,436,554,332,394,436,483,452,521,736,504,574,394,433,465,467,701,2521,477,746,444,381,565,610,702,653,728,368,410,625,432,430,395,411,377,407,386,412,1385,1059,325,414,340,403,517,431,646,450,376,429,716,403,593,395,436,495,427,363,492,413,503,874,447,415,543,384,3093,736,667,580,347,486,618,455,528,521,403,335,397,387,429,389,864,627,891,426,571,447,364,392,422,393,1460,452,399,448,549,805,1066,490,443
2067,6,603,469,430,550,625,407,480,510,370,430,396,785,418,415,321,422,416,430,416,405,453,431,417,397,402,1742,443,592,616,466,520,376,370,443,501,956,405,457,420,402,627,462,512,598,369,462,459,508,388,528,557,370,540,371,478,421,391,604,416,410,422,460,530,437,370,436,501,911,604,510,404,383,556,412,412,450,461,1029,434,402,534,419,435,556,416,469,534,382,350,370,351,467,494,479,481,474,405,562,481,368,392,391,584,730,581,432,447,407,517,561,535,459
2067,7,1275,730,592,703,902,679,1063,686,969,721,513,1326,1108,854,488,1405,1263,705,762,865,562,584,1057,1080,590,1085,629,1239,1873,1258,1073,1454,879,565,830,1249,770,665,593,609,657,822,1193,854,510,592,631,1304,485,823,914,586,1234,599,758,779,859,895,618,512,894,905,1033,1227,535,829,770,948,1091,828,1061,902,970,748,1174,875,909,1044,600,945,563,650,961,2871,772,683,816,1332,644,535,530,981,740,817,665,513,741,952,1442,660,949,870,1260,1411,911,984,972,570,1161,778,702,1308
2067,8,2006,1447,628,638,599,915,1727,751,1729,784,865,989,1222,1307,524,1439,943,558,1436,2022,837,721,961,1052,919,848,2128,1466,1896,1425,1826,2166,1688,990,546,1990,892,951,1160,1207,509,698,1241,1137,927,551,800,1335,575,765,1288,524,949,540,882,1249,727,879,508,773,879,1553,893,1969,625,814,1237,1623,1826,3393,610,1158,1078,881,1114,1012,950,1538,599,701,689,1392,1449,3355,510,676,846,1052,783,575,906,1077,918,6373,963,1513,1207,614,1085,556,747,571,832,3473,732,1053,904,791,1102,1062,1430,1192
2067,9,999,1073,3047,426,709,765,1327,816,1552,1384,1354,3857,1281,749,344,1860,473,459,911,570,1137,732,726,461,797,1041,439,799,1505,1736,1332,1360,785,1738,1290,688,2761,4133,671,858,388,396,882,745,553,380,468,401,439,417,1620,417,717,451,835,3580,539,412,404,498,1070,740,1050,1646,353,396,1821,1433,775,1533,3817,609,449,1230,1016,2238,401,1447,400,395,728,594,2807,918,642,439,514,605,684,1132,992,450,404,5059,1184,791,2095,387,943,364,436,494,533,1219,898,864,473,593,870,1262,838,1451
2067,10,480,441,824,610,581,428,959,1563,449,3821,1167,2152,1038,370,489,618,710,399,3485,629,562,2583,496,375,375,736,641,399,1404,871,578,3038,855,1924,1451,393,2870,11588,2647,679,515,378,429,356,393,428,614,2612,1589,651,1294,328,726,1783,1695,810,595,390,976,1067,1216,639,1082,609,1499,2157,690,884,598,453,1431,941,488,737,827,538,435,1154,4694,1064,1249,365,2996,1288,398,1082,456,469,469,1199,646,453,372,1565,1652,2465,474,772,1034,377,676,454,578,1441,2413,877,383,547,569,689,1097,648
2067,11,807,961,540,686,578,419,434,454,1288,970,967,660,1567,365,311,515,618,381,782,375,810,481,547,544,360,1230,590,373,564,1238,709,2427,389,789,861,442,924,1291,480,677,2810,706,673,397,432,348,533,1237,2084,393,1672,301,495,486,633,1923,837,554,2010,956,711,423,425,469,768,1288,444,413,1196,607,2663,1961,661,1977,1780,478,938,1947,713,1880,833,549,858,949,465,802,680,425,627,12175,787,503,1614,707,467,649,698,422,495,416,617,364,1204,2796,652,1479,742,434,647,656,1220,643
2067,12,1797,454,526,480,661,345,439,419,687,3428,1704,2183,627,367,305,523,402,629,534,373,1113,2511,785,679,617,1811,2271,371,431,1093,561,1032,663,633,536,972,582,1642,634,365,618,428,821,374,428,369,657,604,2544,423,3512,315,433,812,569,976,622,750,856,1786,1187,3760,393,600,517,857,917,521,1925,2427,2299,5448,479,456,2282,1077,392,788,584,543,1050,453,1278,626,1019,1305,565,374,834,1060,1019,865,2964,1411,434,2099,1258,752,1019,367,374,774,1176,3123,5246,451,385,868,437,1677,1630,502
2068,1,7147,510,497,1191,969,415,1928,657,1093,1692,1175,755,952,394,317,1828,370,471,862,787,558,903,898,643,509,716,860,378,760,1199,473,1704,604,809,474,473,753,8240,529,470,629,670,1216,1696,1356,573,864,980,1740,718,2772,471,375,558,894,1034,684,833,653,1781,1003,4089,623,1338,455,510,640,395,2642,1589,3007,12037,731,462,1439,680,364,707,840,1967,512,493,1045,1375,619,2188,632,840,531,721,863,1267,1650,1474,439,992,743,1326,1296,1267,372,1433,794,1902,3784,1365,1016,431,622,648,1279,1146
2068,2,4309,501,433,696,476,1184,1257,454,760,1369,1761,1270,862,380,340,911,766,1337,1270,884,571,1972,950,431,418,1268,991,772,703,2049,483,2085,1418,510,1409,1505,1346,14143,464,381,537,778,710,839,1163,358,1024,1642,1307,940,1762,593,505,697,495,2224,596,410,758,1558,886,2376,408,981,1077,634,512,1177,4195,1255,2122,5780,869,1212,1125,970,800,887,573,2076,527,779,856,827,1380,848,1716,416,1468,1055,1148,1653,2838,964,512,3056,1014,927,1565,1055,1025,1596,768,1419,4807,1537,859,1007,1665,714,1018,705
2068,3,2572,389,436,931,574,572,686,453,716,1019,1752,650,1295,421,496,530,1911,488,1186,392,565,864,2448,724,464,726,679,518,539,1932,754,1190,911,651,621,1703,1509,2985,741,476,458,709,1064,666,3191,337,688,1428,2548,654,1058,504,369,484,421,934,382,489,545,1387,828,2677,1331,620,881,862,516,594,1969,1797,1260,2380,618,1316,689,1417,1363,919,485,1344,483,492,636,2155,983,1406,581,462,881,798,709,600,6045,1373,428,7546,523,2023,2604,667,473,626,543,1940,2258,739,987,1167,1076,880,1014,970
2068,4,1276,414,479,500,437,366,546,403,492,691,1177,620,965,367,315,460,440,438,610,382,414,578,817,382,365,530,540,437,456,840,489,627,768,557,466,742,713,865,624,353,434,376,486,411,943,333,519,811,1079,465,669,406,364,394,440,551,378,425,442,579,514,1232,465,564,566,533,403,542,1012,990,1048,1367,501,515,530,553,435,499,819,1014,420,365,604,880,494,891,459,508,527,560,465,506,2964,810,396,1788,443,1238,1703,474,372,520,469,1417,1077,576,778,1943,579,622,710,443
2068,5,590,398,380,427,380,389,484,468,410,486,645,469,486,361,297,1615,393,374,462,483,399,659,486,361,374,471,413,423,413,482,446,491,501,477,417,572,471,643,395,342,390,383,440,429,465,331,413,470,512,384,541,283,363,451,390,988,355,454,460,965,428,534,372,441,405,424,485,382,532,565,531,1139,393,472,449,440,380,430,616,541,403,444,471,526,408,857,413,2869,450,480,512,701,971,513,475,696,402,680,681,380,501,417,430,575,572,649,1380,502,1951,439,480,399
2068,6,440,373,451,458,417,403,495,447,501,416,469,601,494,371,292,438,401,361,439,407,393,445,397,362,472,390,423,423,428,465,447,633,529,440,384,429,465,796,394,396,425,401,878,469,440,354,419,406,424,386,542,371,448,372,366,787,363,506,387,501,385,468,814,383,389,406,454,413,477,486,451,739,408,405,482,413,401,449,422,466,377,395,409,515,488,1116,397,517,452,407,392,518,632,488,581,777,407,430,454,488,374,385,532,455,809,493,1922,436,927,463,528,445
2068,7,617,810,967,663,806,679,731,624,806,812,1151,766,1008,832,406,2081,584,1026,796,918,514,900,582,721,940,918,646,1214,1549,738,1044,1249,835,688,521,966,809,970,611,768,586,632,1011,704,963,1091,671,670,754,554,910,514,1190,724,591,1028,600,606,568,676,932,1006,929,949,888,943,692,680,777,961,807,1377,995,497,974,1591,644,825,575,650,539,1311,681,1182,956,916,783,643,982,703,578,684,1179,716,402,1205,658,934,664,692,829,925,926,654,1476,760,1067,751,2198,624,1914,767
2068,8,610,1113,657,745,1382,674,1741,815,686,834,795,1073,2187,800,333,1594,783,1261,554,1322,472,886,800,973,1307,1186,663,986,943,2814,1456,2069,1105,1815,896,1058,1136,1071,642,649,847,755,840,730,877,1027,785,1415,1501,1019,1086,600,755,762,860,781,608,530,981,884,1212,1030,1317,602,994,785,1403,1512,1380,1614,1367,3794,845,456,795,1563,751,567,563,972,545,526,673,1763,1134,1333,1387,1423,1157,1128,1060,1459,2603,1098,377,1111,466,1225,830,1005,1095,1541,1418,1388,1133,1804,926,1282,2818,1110,1046,924
2068,9,2478,786,821,1410,696,2690,2754,592,1694,541,374,1013,1512,709,463,1364,862,1072,465,1958,372,872,617,966,517,1226,465,8115,551,1062,1394,1534,1399,1097,2224,597,423,1192,605,394,772,795,530,554,571,596,1199,1174,1787,389,1183,500,977,480,734,549,727,391,627,693,2954,645,397,694,691,448,451,1055,2184,884,843,723,739,374,502,1308,432,926,755,714,540,831,722,1241,930,707,969,954,834,1471,558,563,4842,4629,685,713,465,603,1281,5143,583,1893,1285,1151,3411,798,965,1078,1133,576,396,758
2068,10,864,488,366,2813,431,583,2222,397,1677,703,395,1044,399,349,774,1263,922,519,472,680,1160,509,1096,383,911,556,356,1684,1707,502,662,1150,477,395,564,978,373,429,980,1104,1732,469,386,569,476,504,397,1756,1267,805,1775,264,919,1242,551,1002,1276,592,472,1030,10288,510,396,534,399,743,418,647,1325,3021,3580,573,494,1458,1134,701,341,509,6193,902,412,1277,654,1171,368,503,607,2970,1371,420,1844,1047,2648,531,1061,423,948,1827,714,1740,462,959,448,390,941,1054,428,626,4424,395,417,1652
2068,11,2061,521,355,840,484,398,5758,428,1218,698,601,1364,686,403,333,1724,519,620,1071,390,531,381,3157,906,360,459,361,809,1439,918,467,985,1084,825,547,863,415,740,967,390,524,339,991,434,509,875,447,883,938,1220,983,261,380,438,369,809,1009,2321,385,459,1010,368,367,510,351,363,426,514,619,763,926,937,988,5683,1015,1044,447,488,679,483,536,423,1887,1152,780,741,630,596,575,543,634,777,3362,633,5861,529,629,1916,543,988,351,487,403,380,616,746,851,569,2063,369,370,477
2068,12,594,1977,352,1987,426,745,4782,408,847,385,491,729,563,333,386,559,401,596,1497,1248,484,7920,1988,412,509,375,660,8131,1205,1736,415,465,2725,2829,2376,4333,2415,782,389,697,431,1871,830,1276,781,689,353,547,2433,1173,5187,266,430,984,830,7754,1184,1663,730,379,915,1668,438,566,348,446,2888,1380,949,1642,2952,1934,619,1229,619,1029,2082,1889,1857,474,831,693,1285,533,1336,625,380,2724,489,792,4791,434,3919,2394,2051,1424,545,897,519,696,735,1225,377,477,956,4678,487,802,5526,3733,417,1794
2069,1,1720,1064,612,900,623,1798,8804,751,2479,422,2780,1144,391,937,292,1005,1228,4102,2128,804,534,1854,1976,389,1211,688,393,8673,5022,571,963,868,828,7787,1984,3785,610,467,1766,1632,735,1027,2903,1974,917,732,362,1072,1134,1833,1840,330,416,820,538,1837,3374,738,539,418,4859,588,714,700,356,364,2311,533,2012,2942,2735,3369,733,1101,422,550,1186,784,2050,1133,1469,625,921,537,1250,749,815,1155,434,794,1591,417,5041,2420,1475,660,1966,556,392,1409,381,566,1574,372,1642,4061,1123,2564,22547,1053,1210,1121
2069,2,1033,2108,360,757,472,824,5533,763,2419,455,710,895,698,705,647,571,1289,2087,1090,477,1141,1265,4752,381,476,978,447,6278,2667,759,504,1737,739,1768,1259,2276,752,894,692,1199,736,676,2280,467,619,1217,346,2447,894,2850,1644,517,396,790,649,3987,1797,2086,543,1637,2700,450,383,803,401,1235,2771,931,1161,4211,5166,1880,919,996,1079,481,694,1592,1832,1230,1181,719,663,653,1482,496,677,719,445,665,1657,387,5834,3481,2047,624,717,1022,379,4212,391,783,1249,1068,1403,3226,667,1256,7299,847,3064,931
2069,3,2438,1933,483,1285,799,702,2659,808,2199,381,910,609,795,418,285,544,960,1326,1124,909,589,1666,1963,380,415,586,357,6417,1883,1380,621,976,825,1083,1949,2276,786,421,704,684,545,757,1259,1523,534,442,348,1264,1220,1793,3107,263,367,488,428,4599,3140,867,555,2225,1540,1207,390,1341,424,771,3753,895,827,3265,9641,2029,457,3644,757,646,651,707,1601,708,669,624,782,693,1161,491,2645,603,486,1401,1890,394,6673,3116,2017,471,2940,971,375,3364,2002,1534,807,1682,879,2033,648,1712,7892,938,758,913
2069,4,663,1118,361,546,403,686,921,469,1189,357,607,462,575,361,286,437,451,1781,674,462,432,817,983,399,385,474,345,4282,932,2677,426,1523,656,948,1262,1060,562,450,462,660,450,448,574,728,419,396,340,1090,668,1414,1554,250,394,437,365,3090,906,534,416,920,818,600,341,454,717,462,2010,1215,566,1282,3214,1106,774,1125,437,466,519,523,1501,510,477,489,492,467,810,411,569,1364,468,728,1264,461,2006,1421,1036,453,891,869,370,1835,856,705,807,794,831,1260,440,3212,2087,768,539,890
2069,5,473,590,357,480,373,530,602,464,616,358,437,438,398,343,305,397,392,1031,437,464,370,807,567,343,367,378,340,1178,2387,624,387,506,457,707,639,607,444,387,401,457,478,400,445,451,396,373,336,479,448,711,1265,247,343,444,360,816,519,431,358,467,561,567,346,397,403,430,904,577,442,785,1177,561,442,558,393,407,410,603,748,576,500,397,442,419,716,377,428,567,377,447,739,437,733,629,591,682,551,449,485,982,394,463,491,641,507,847,406,1292,694,518,499,477
2069,6,428,496,361,434,549,425,541,352,432,658,399,387,412,336,284,428,395,461,410,387,441,517,445,347,383,455,422,648,1017,430,419,427,497,641,637,456,509,402,405,627,609,595,465,709,373,573,439,423,469,735,502,272,381,365,387,534,470,388,353,607,472,517,441,442,360,378,513,456,409,479,533,503,411,575,394,430,390,532,552,445,538,583,483,381,428,387,425,419,448,395,490,376,507,475,495,382,451,468,414,669,545,433,417,414,600,530,512,763,538,408,462,436
2069,7,594,935,978,1320,738,791,1664,594,1753,650,1025,578,1255,517,356,938,1107,661,750,600,1077,697,488,949,680,725,932,520,1180,833,2245,1668,772,1244,1473,976,1259,920,683,651,592,608,725,1270,740,895,578,823,800,1065,686,507,671,1003,547,1020,800,630,552,1239,680,903,1239,649,1011,845,1446,973,1077,1237,641,919,1016,874,723,706,547,803,913,1051,674,1127,1084,736,652,769,1494,930,489,838,574,868,736,771,481,431,919,716,975,2958,1029,831,782,847,765,1657,1005,731,840,928,1200,1017
2069,8,782,1205,1728,1454,475,727,957,1940,1133,659,1665,492,2477,967,532,632,1277,600,627,703,1007,688,723,933,1037,602,759,563,1512,1787,2039,2588,1653,1811,3092,597,995,729,786,802,659,898,658,830,987,1193,660,1328,1235,566,636,887,604,644,1419,704,760,669,749,737,925,811,1062,530,939,1231,1061,1046,905,1349,535,1425,523,597,869,1945,787,809,658,1564,642,533,1071,740,832,809,1718,881,582,841,946,8254,1824,885,553,749,1071,1116,892,1837,1157,1148,2470,854,1280,1632,2092,871,788,1316,1377,797
2069,9,2240,2241,1626,888,2334,381,405,1514,4373,471,1506,715,1813,798,452,811,572,1105,502,561,966,788,656,483,735,879,405,407,908,2397,1563,772,677,468,874,542,1077,458,541,567,406,413,616,642,621,550,746,550,1124,483,582,648,872,1261,636,541,523,694,2925,556,988,514,1063,379,2505,2280,413,4730,652,1376,702,737,1102,505,801,729,481,1509,932,1509,747,649,1005,927,1057,805,3280,472,728,580,1012,4329,730,1113,522,697,1338,1018,1011,951,1196,702,1509,1188,946,643,1337,1041,912,649,1953,396
2069,10,546,989,1510,425,1246,774,404,462,1293,521,406,726,1241,338,309,924,1301,474,563,7843,1323,3106,1368,519,473,1740,329,458,498,1307,2414,727,647,926,1358,412,401,1045,2170,580,485,432,374,2739,791,425,446,1236,1799,672,486,268,1362,455,693,850,2414,357,500,749,386,479,1046,1044,2412,3644,2819,710,396,1110,972,378,539,726,878,701,1002,485,669,787,467,387,1351,639,421,606,1300,367,1230,855,573,2518,2884,1192,365,426,5475,2924,2410,718,2367,923,1008,619,1913,898,631,549,379,444,1174,695
2069,11,651,633,844,392,1878,355,440,907,558,2138,597,3088,614,325,401,641,1176,715,460,2145,872,1311,759,365,423,579,327,612,749,745,991,395,710,419,1900,1330,1711,380,538,408,390,499,366,721,1313,448,326,481,1887,1119,522,241,366,691,354,781,4090,5700,534,616,527,511,373,577,754,956,1492,740,367,416,2287,442,1322,1040,1515,377,1017,754,567,403,426,653,490,958,369,576,747,362,1023,368,587,2217,563,410,359,475,1644,1315,760,579,542,614,1075,433,844,451,424,409,594,782,1667,442
2069,12,577,1526,1945,579,2247,1789,840,479,2996,461,686,1050,680,1071,303,471,611,2884,505,750,4612,638,436,568,653,2839,324,959,808,820,1103,753,645,1376,2677,777,1795,1763,1013,657,1680,480,357,1448,699,408,759,817,654,1048,926,698,376,812,1852,404,566,1182,932,890,418,362,363,533,1180,3128,562,1102,1156,414,2297,3723,449,679,1117,647,478,1300,996,894,360,476,874,472,511,2355,2329,361,741,400,822,1759,522,419,982,355,1332,772,2726,692,590,624,751,767,684,480,478,1823,437,1113,1455,389
2070,1,1387,645,1412,449,1119,2399,2035,398,987,777,1425,1839,607,382,544,483,1600,668,997,2371,791,702,983,508,631,1444,324,580,928,1016,983,412,438,943,1698,1563,7711,572,471,1433,1249,575,456,1964,466,345,1897,1510,1030,1065,1220,922,901,400,525,391,590,1280,475,1486,541,422,448,366,1445,3730,572,1049,777,607,2282,1536,495,638,1048,469,748,847,444,1602,382,853,455,708,599,1188,1719,574,495,793,1204,1499,509,398,1544,1048,5572,1441,1882,1522,3286,574,1465,4032,1147,404,489,3462,371,1760,2168,2473
2070,2,675,517,1042,974,1649,1046,538,493,1079,698,585,1323,474,360,1245,663,826,2003,1468,2697,664,622,438,350,1173,983,433,939,534,559,2163,508,724,1376,1050,1025,3826,579,1022,981,1022,693,490,1890,736,454,619,884,623,525,830,305,466,1059,769,477,794,1796,1648,937,622,423,491,625,2303,2215,945,815,792,395,4538,2355,1250,451,1220,684,555,1765,480,783,858,966,439,436,395,766,1310,702,519,507,504,2785,486,469,1773,463,6081,1599,1145,1539,5056,679,1570,2350,1027,502,441,1086,364,1975,2110,3258
2070,3,1587,484,834,469,2877,2089,462,393,1177,589,712,860,484,367,626,843,1275,754,559,4010,2705,776,454,495,1180,3306,314,1046,444,582,3204,468,983,1248,961,1490,3324,1267,1570,524,2018,649,849,2839,806,493,462,529,599,662,3437,399,550,542,753,1264,516,3628,670,1435,1127,536,371,454,3768,1538,495,630,566,558,9287,2104,1418,526,1074,565,561,1058,417,1353,374,604,1044,582,364,1230,1533,376,419,542,617,2851,477,1522,887,1916,2818,2795,882,808,3157,636,1096,2799,3995,724,1086,1089,928,2219,3129,2819
2070,4,639,490,714,401,986,889,422,371,652,439,1093,521,876,334,328,403,637,549,1403,2378,893,538,402,339,500,1100,469,518,437,482,824,435,484,2019,672,961,1927,667,696,416,842,409,463,2218,418,382,480,516,526,440,803,432,402,388,411,422,454,1229,477,628,638,444,469,414,2346,1268,475,1013,413,378,3287,1249,492,403,530,629,418,502,391,796,358,445,602,397,360,832,968,488,397,538,468,1430,947,464,647,549,1208,1479,589,553,2038,413,713,1081,2921,430,556,711,493,1134,1588,1176
2070,5,438,546,463,407,555,646,430,368,471,481,459,435,456,358,310,372,447,410,743,694,463,488,497,330,432,979,431,445,440,438,606,423,493,582,561,556,851,434,478,382,626,2880,370,641,391,1461,481,422,437,395,538,365,451,357,398,380,462,669,407,483,377,566,357,415,854,760,408,587,595,486,1356,1066,461,456,483,406,444,439,376,500,363,371,899,375,388,561,593,389,381,553,463,694,509,398,467,446,806,566,652,458,1310,384,548,618,1812,383,569,583,434,749,1026,569
2070,6,405,417,425,454,441,428,424,372,425,522,413,390,463,570,300,524,748,392,440,551,423,421,463,474,685,2699,333,432,406,494,446,391,716,444,428,510,555,411,443,534,554,680,419,497,372,841,400,437,1098,393,438,268,460,348,435,383,537,515,381,502,397,393,334,465,500,470,545,427,372,478,561,486,423,519,395,582,654,433,367,417,437,505,451,436,353,433,508,403,417,404,395,479,406,478,591,379,577,547,429,459,546,374,452,528,551,374,914,448,429,589,700,469
2070,7,611,513,957,617,847,827,1019,571,1364,631,413,520,1104,1427,750,884,1226,813,946,847,497,899,520,761,696,1782,873,1362,1292,1528,926,945,877,823,1635,1092,1112,947,721,603,992,1218,848,722,686,1496,695,886,1722,880,1070,900,556,547,574,645,1148,719,619,692,487,1205,755,632,1236,837,872,1165,1073,638,1272,993,624,651,507,885,1126,1030,801,967,1140,1154,1053,706,802,1043,1097,689,864,865,825,655,4134,828,1652,572,1098,989,512,959,587,689,776,1686,995,524,659,1323,897,1004,1187,1124
2070,8,652,487,963,553,687,661,762,1084,2479,670,512,554,1541,1846,486,659,1078,1246,5643,794,709,1190,822,803,552,2105,857,864,1271,1444,2397,1195,1555,860,538,1526,2450,1327,978,769,772,1233,822,823,1020,1129,762,909,1352,1082,1472,585,794,677,679,597,961,897,760,1167,512,890,911,1148,1768,1399,1009,1147,1187,2982,985,1402,1002,575,796,1227,903,660,561,1125,922,804,1293,582,1134,1049,1024,1249,658,1129,836,726,2093,731,1192,1481,1178,1123,425,961,661,1226,1112,3346,1109,862,1081,1841,1031,711,1141,1236
2070,9,491,475,1213,715,880,620,616,1043,1199,718,636,610,1037,1298,805,543,687,565,5156,431,430,1776,2844,468,516,2385,687,1498,872,734,1187,752,1437,1062,475,1235,677,789,709,482,616,1448,383,773,832,713,933,594,1869,824,545,279,2267,518,402,1119,1675,834,739,1774,764,3213,708,727,405,519,572,4660,1322,940,761,599,616,820,1156,950,729,391,426,1260,593,3142,2264,412,623,1243,753,734,836,1771,537,1272,1686,2481,410,611,555,662,487,625,492,670,533,2378,996,721,928,1442,811,969,1049,520
2070,10,384,418,538,1089,401,532,446,1104,1727,664,1053,423,1041,507,320,402,926,547,3493,410,4754,778,504,313,1418,822,610,1300,475,476,534,1339,389,716,1499,838,749,1295,565,1120,543,638,354,647,449,416,382,368,1022,2899,393,262,881,789,1405,1898,2902,476,2553,428,1190,3052,1852,503,376,390,567,6786,659,408,471,596,581,365,1197,420,1466,362,380,513,661,2319,513,657,942,728,747,2177,506,576,884,4141,728,644,429,1307,1217,636,387,406,430,484,1176,640,532,566,392,713,357,513,672,378
2070,11,385,533,392,889,2328,1098,374,2604,642,943,396,415,408,466,409,512,839,484,3577,556,707,776,443,314,723,666,311,526,432,581,468,717,446,721,1015,643,693,628,1710,839,390,945,1323,667,682,748,346,768,716,1282,425,257,667,1741,550,665,1763,437,971,383,629,641,547,646,369,1661,451,4806,547,415,874,2608,373,353,814,742,517,380,458,427,374,659,1604,346,919,596,790,544,436,493,1305,740,631,579,376,452,860,381,363,503,396,807,436,727,683,533,387,2040,491,681,1976,606
2070,12,423,1448,1692,480,2293,1895,356,918,699,436,405,380,1278,1043,293,359,445,365,2337,375,889,416,706,1417,805,916,823,1345,570,1140,427,1144,383,424,1586,2841,3520,2116,486,634,365,554,665,821,409,415,2774,382,717,2258,519,255,966,485,672,675,3545,2180,535,792,455,1093,641,347,508,1086,1326,1349,506,646,392,570,587,374,596,567,678,1091,418,380,579,526,573,1338,814,955,1085,1545,378,506,950,6712,1424,755,717,1000,494,552,354,508,452,719,1824,1068,402,360,438,665,4576,536,738,387
2071,1,633,1546,806,1205,1831,1022,1084,985,1591,1192,439,366,2160,447,592,363,821,372,3541,408,2160,405,769,680,1014,597,372,580,876,1227,685,3920,462,1064,930,1488,1031,1396,481,761,626,495,532,530,2583,786,1812,566,982,2284,1067,254,681,399,401,1426,1526,2325,537,887,853,2099,713,377,397,754,5011,956,1255,829,864,639,1406,365,534,476,950,2104,661,398,1363,815,2518,852,1496,1355,1878,2164,345,397,464,3464,2167,2258,1523,1156,806,370,374,1102,1137,1017,1621,513,429,510,740,1302,6016,392,2165,1359
2071,2,563,1225,701,543,1236,678,384,2503,940,1663,918,772,2134,388,351,449,419,2367,4199,624,1059,1220,572,546,1002,792,459,541,619,536,550,1280,383,2408,890,1034,1418,1784,966,919,810,431,461,401,1364,380,672,418,495,2901,606,257,877,448,846,1849,1621,2202,1608,903,792,3806,618,799,592,684,2971,949,825,574,2277,827,886,2722,481,892,587,637,867,533,602,1706,1213,723,936,670,1840,1561,495,572,778,6607,2078,1078,1275,904,773,966,389,819,551,1077,1245,595,601,1278,918,830,2555,497,2168,1002
2071,3,381,2022,461,653,813,902,420,2007,977,856,881,842,995,387,334,349,481,1263,4739,698,669,1223,743,824,801,635,374,840,391,596,399,786,1140,924,1271,800,1388,2533,3141,450,732,610,823,553,1075,374,591,366,595,2232,642,248,496,381,486,1754,2083,4414,1904,978,1202,6498,624,515,618,525,1399,789,524,637,673,616,464,780,411,968,616,1210,634,509,673,804,2154,607,555,562,2560,1216,374,419,1086,4495,1502,797,656,1022,734,535,346,739,528,759,3227,1446,1894,800,447,1246,4425,1261,1338,687
2071,4,352,2013,784,478,524,769,362,1378,573,597,393,423,881,367,321,351,396,508,1245,594,527,713,441,436,478,481,333,522,377,497,433,595,498,597,956,590,1929,1587,751,393,458,394,407,450,668,360,543,357,424,1204,417,246,426,362,390,742,991,3303,641,541,775,3119,422,392,422,463,937,581,611,453,508,795,413,515,396,685,468,486,372,559,422,569,1003,572,480,433,1145,719,410,510,584,1216,731,581,491,626,612,457,354,549,489,475,1441,1215,482,506,386,885,2155,742,791,786
2071,5,346,762,711,417,483,477,358,749,446,423,378,356,535,357,325,341,372,408,638,662,584,427,448,378,514,419,318,411,482,397,1694,460,407,494,514,444,1905,2499,461,494,605,391,641,383,435,564,425,374,412,544,383,252,385,350,366,476,649,903,448,404,413,1065,381,353,366,406,523,661,456,381,978,445,599,685,1706,438,387,411,423,383,548,450,907,408,514,396,678,637,430,370,410,667,521,486,474,543,450,412,397,400,390,429,937,563,418,427,431,1056,1460,515,552,411
2071,6,342,433,450,442,460,400,397,486,499,415,428,362,418,556,280,332,364,398,504,453,429,403,393,397,400,438,314,478,384,527,537,888,485,421,478,458,2426,1286,536,376,1418,926,361,412,481,352,460,347,383,434,670,257,371,346,361,408,522,732,398,380,437,578,496,353,354,396,416,713,765,389,669,438,484,677,434,391,416,398,443,586,364,456,660,388,638,409,515,478,709,400,388,492,484,456,633,433,425,398,476,583,374,403,609,442,392,529,640,507,611,608,490,400
2071,7,763,836,1103,739,1246,704,947,741,837,625,620,508,1095,1275,547,919,565,1362,699,858,947,923,762,663,679,1194,763,1080,893,1152,822,1046,570,931,808,743,1682,2495,584,600,1160,988,513,1130,1082,836,644,787,631,679,899,422,670,491,574,850,934,782,754,644,850,582,1081,839,721,449,752,1028,465,1238,1821,727,719,1045,650,1170,784,1102,681,780,597,966,877,610,828,1047,1219,643,1181,1179,988,862,1070,876,1093,867,764,989,1009,1154,668,988,838,734,859,794,1076,1480,788,735,1177,911
2071,8,1248,1368,2076,1572,953,1057,881,534,714,848,862,516,1966,1031,1161,1045,657,687,590,1237,1510,1387,526,417,721,1135,391,2060,949,3337,1544,1068,1303,2006,781,1004,1284,1466,1179,724,1134,612,659,548,1202,598,584,1016,776,874,779,487,846,458,804,2313,937,853,520,1083,637,464,1320,983,709,916,1484,4368,1305,1809,1640,667,1117,2406,852,1761,670,1058,435,1227,902,1342,918,566,1262,1016,1457,812,1966,1607,1479,655,703,1046,937,640,684,1133,997,1703,1082,1484,1462,1179,1524,1517,1864,2098,1634,863,1413,858
2071,9,1160,654,427,2223,481,817,422,1350,1516,528,887,724,497,642,961,1049,609,487,385,1343,714,1437,480,373,614,693,426,1637,418,753,6198,707,440,1004,1329,551,1351,1175,2210,649,2368,385,1123,888,859,810,1289,1253,730,450,538,384,881,973,1120,690,474,512,1579,758,941,594,1308,1026,507,886,1023,1077,1506,1374,622,520,846,676,1061,809,537,1377,728,974,1481,678,852,388,469,820,1387,652,1727,815,1236,612,2851,6555,1405,1305,689,462,561,1543,2212,684,883,708,1377,597,1679,1160,1313,415,2306,676
2071,10,568,738,788,8073,411,555,950,2471,391,688,1723,2481,378,2222,473,12466,433,1316,402,8919,478,1562,604,686,871,396,704,558,656,493,3710,1169,498,1236,427,365,2372,934,1081,472,1480,449,427,456,2522,542,562,2219,883,1203,995,269,1066,430,3079,2170,413,366,1531,898,604,372,1232,1039,526,1032,393,2025,1057,397,1512,569,445,2093,554,482,502,1555,834,1151,2041,838,1169,582,1833,3011,1587,377,958,2163,457,467,647,9954,1232,1364,925,416,1340,1169,2756,830,559,871,902,1433,3124,575,653,536,1355,1002
2071,11,372,648,558,2295,447,645,384,1186,384,382,914,733,1513,556,309,929,410,894,371,770,407,957,729,503,548,475,489,987,411,2968,815,809,438,1038,721,810,2592,574,1795,3620,3976,609,387,1104,2574,619,457,1984,888,465,990,381,657,645,2248,758,362,5271,3881,4367,828,390,719,1102,478,799,378,1756,689,858,5122,3432,692,1034,573,717,359,692,577,1163,6098,841,2607,1305,1418,658,2670,576,426,796,689,849,494,3873,936,1452,545,673,378,525,674,663,395,1201,504,829,576,1120,440,2977,628,419
2071,12,416,408,382,1280,8320,545,363,1985,911,367,680,1094,1965,429,292,525,395,450,366,1748,1878,736,361,784,532,430,495,5440,349,504,2313,1587,458,1558,1150,371,2506,443,691,1942,968,502,891,573,809,399,1074,565,964,395,1142,231,389,395,1281,1559,9793,1266,1010,712,4624,558,605,547,397,829,522,1044,1411,492,3535,4294,473,871,453,1104,406,683,404,750,951,401,1351,482,493,526,607,424,1503,614,391,1215,1422,1398,1480,578,603,516,372,529,1586,1595,2607,443,486,525,2501,466,624,1039,1327,796
2072,1,496,606,467,1594,4952,1020,469,1248,1633,422,1011,831,5282,423,291,575,423,1501,1055,4611,722,532,842,954,541,501,720,6077,763,476,2092,1087,623,3414,1086,366,1894,649,786,2263,802,407,1015,425,715,423,2786,7342,500,404,740,227,1177,405,915,1139,1425,1080,674,639,2331,514,563,1801,541,460,1211,1189,648,1261,4550,2182,480,1482,483,664,996,1374,354,839,875,597,1350,551,485,1539,647,1401,629,543,449,3341,559,1593,1564,590,454,926,1146,769,3840,744,1084,3014,732,635,1761,500,1129,1184,689,386
2072,2,485,1023,544,4963,4212,1556,494,1115,1081,744,842,888,2729,475,471,1030,477,718,1498,3818,2328,1220,988,1093,988,502,1174,3518,479,567,2001,874,847,3430,1437,519,1587,1251,2546,1503,749,971,1191,450,698,350,1439,3577,583,396,1152,705,562,413,778,1539,2535,676,607,930,3744,652,950,1341,422,1233,2288,1265,648,759,3990,5074,1770,3283,1170,882,900,1120,738,1834,689,1053,3771,889,958,604,1428,648,486,465,1546,1814,766,1739,762,1974,690,404,620,497,1320,975,1317,1465,1355,1233,1412,1383,823,682,851,537
2072,3,1047,454,1662,2870,2441,808,389,929,706,380,1084,1590,1187,537,315,1030,588,708,516,2266,3974,4030,861,698,776,409,1152,2847,444,1444,1346,1718,562,3468,2046,754,986,986,862,1002,705,538,1350,378,1003,662,1561,1413,522,418,2286,374,580,364,621,915,1775,571,544,738,3842,1657,624,814,714,902,757,912,969,442,4455,5255,722,1792,1102,560,1461,803,737,2398,1414,520,1493,934,1536,524,1498,1236,756,421,424,1868,458,11704,809,721,1369,2065,655,440,1558,735,650,1681,1142,1079,1615,650,974,535,1681,407
2072,4,373,436,625,993,1229,588,342,631,520,354,519,835,672,471,301,621,340,444,526,1176,1180,963,990,965,538,361,1240,1317,455,507,655,790,612,1564,1066,576,707,1482,522,689,538,484,646,366,600,343,1541,664,409,366,924,340,422,332,497,530,791,508,499,640,2305,476,429,594,513,832,510,593,960,474,4291,2757,429,1165,445,434,1215,626,1624,1087,954,414,827,544,650,473,795,508,448,407,402,1179,427,11453,547,553,605,896,738,447,760,568,512,1294,1505,620,1288,442,2383,502,1043,391
2072,5,384,383,416,582,790,779,347,580,412,345,421,470,558,412,345,434,343,397,426,660,613,491,398,453,396,352,624,876,495,606,526,585,405,638,1385,534,521,460,442,528,975,362,439,448,447,328,629,580,386,358,871,281,380,361,441,453,530,474,454,723,637,423,388,427,343,462,422,506,661,385,866,1252,406,564,395,737,972,474,528,591,514,469,889,1535,520,419,512,1758,402,479,391,517,389,2218,430,2631,585,478,411,383,710,428,455,560,563,422,634,404,3892,423,523,364
2072,6,352,433,397,555,677,390,354,419,448,346,411,411,481,465,273,478,595,385,854,533,631,500,409,410,384,577,467,498,396,413,486,756,402,594,846,440,441,468,425,540,459,345,569,388,575,362,443,459,407,356,622,331,427,405,387,395,435,438,520,413,469,402,367,398,361,391,565,413,586,452,528,559,381,664,524,414,1740,447,522,450,728,509,539,2348,528,388,462,1804,395,375,456,420,453,667,404,488,398,385,563,369,462,455,444,538,664,499,478,390,637,437,664,356
2072,7,800,679,651,722,1486,955,658,853,775,436,717,430,764,993,382,1193,1165,987,1462,1110,991,565,986,811,745,777,1678,826,2473,800,905,1027,1411,968,1158,645,1148,578,862,919,1219,627,1079,666,1168,1091,718,1070,839,792,861,681,685,712,588,886,840,1006,595,552,703,715,796,1197,830,644,1515,768,1163,1134,1028,900,947,1452,1054,897,1373,894,863,978,1058,931,1184,999,657,771,842,2357,484,705,921,1133,954,746,585,909,771,568,1159,953,694,1240,1259,1180,1091,857,818,1007,1050,838,934,1013
2072,8,1990,569,485,474,706,2465,558,1158,1764,651,939,546,959,1582,604,1023,1225,764,1619,870,1918,737,1061,530,822,857,1848,1121,2119,590,2196,1527,2445,818,1227,1168,1712,1050,1457,797,875,1050,1006,529,669,960,966,2100,706,799,831,620,974,1163,497,819,1567,1786,1021,448,599,786,1178,1479,1110,578,1005,801,1720,1821,977,597,922,707,1645,1381,1564,629,897,1360,1767,1193,1620,731,523,1295,580,1782,738,878,2154,4110,2003,893,620,1173,900,487,2891,1174,585,1325,1527,1501,6081,1316,1330,947,1219,961,964,1045
2072,9,2114,623,534,415,888,639,360,1103,2256,617,588,763,474,892,561,1041,901,802,477,2178,1276,716,579,846,510,777,1285,521,1225,441,921,1341,511,1272,672,922,2206,868,1934,464,490,1390,1027,471,378,1123,1482,3178,529,493,779,542,868,604,676,446,417,1652,1278,1393,629,633,677,423,1019,425,416,1256,562,929,1022,594,685,440,1041,749,591,453,728,625,1066,2196,608,864,406,1253,554,783,809,1123,1018,1545,3584,1206,894,500,955,858,1309,870,467,570,1301,1553,5345,1993,857,666,530,672,876,1413
2072,10,928,780,645,374,980,990,318,1513,1516,1163,416,814,1300,722,393,720,1037,416,374,796,1334,436,437,2983,883,358,4041,374,464,589,1890,597,439,644,824,420,507,1202,1399,7864,558,1169,456,412,365,421,898,1705,847,617,528,290,406,703,710,559,2219,5827,1721,1614,4700,413,407,368,1512,504,415,932,542,1886,1973,2230,726,1299,1521,1183,1370,465,430,422,729,823,461,2273,1273,3459,821,487,546,7956,511,1757,1051,624,617,3845,718,761,2036,448,1722,383,401,781,2303,448,636,435,549,413,2021,1416
2072,11,1125,367,491,359,614,1847,397,427,656,363,1451,377,917,1340,271,541,1670,783,637,445,628,714,362,462,356,462,1201,377,505,1209,607,617,371,550,1229,351,570,541,912,670,519,1632,786,392,479,458,754,1015,7800,2364,630,581,1193,710,419,489,2040,720,663,1553,1158,536,622,392,659,485,449,1286,378,1462,486,459,969,554,1013,730,1005,445,1080,378,717,429,1475,520,501,913,438,472,536,701,448,1966,2304,464,390,2040,670,655,920,1095,2342,519,728,997,1312,394,807,402,1317,361,1005,638
2072,12,472,532,777,387,530,1637,571,574,674,344,807,1548,4289,583,371,1274,880,1041,880,963,2001,462,381,873,744,335,1192,665,395,1381,1385,514,367,1389,609,368,1621,592,441,717,522,2826,434,550,563,1470,704,940,848,4606,420,259,6605,2629,355,532,1946,655,739,1041,568,1214,1464,510,526,731,919,1884,378,609,765,435,1441,498,479,431,3389,622,563,589,634,435,728,468,398,1858,608,1139,425,585,418,1819,1201,387,833,2290,887,686,3485,691,692,379,689,464,1254,388,500,429,413,975,620,612
2073,1,1369,366,506,367,498,844,843,540,488,365,508,980,2179,566,287,2225,902,787,2432,1676,681,371,603,1328,1023,707,1396,525,1160,754,944,1230,363,774,447,363,1196,1055,753,568,400,11055,1162,574,425,2909,1968,1771,1022,1738,1044,283,2015,2632,356,429,1940,1368,1037,642,682,479,864,1250,452,398,845,986,528,771,1039,884,882,468,1500,457,8487,481,671,1277,687,792,773,495,757,1147,485,2651,449,781,1043,2365,1671,411,528,6020,783,980,1453,535,1252,559,1560,833,2283,951,535,362,419,2740,1149,468
2073,2,786,410,588,403,560,862,1308,990,529,755,484,769,1331,424,337,1083,539,693,1398,1309,937,797,586,1212,527,731,2287,430,531,1619,2185,922,395,757,747,344,775,1779,584,846,729,9727,1009,366,1533,1938,868,3001,1444,1319,1604,265,1949,1764,667,878,1850,1515,1229,564,1835,520,441,747,1150,400,1222,1429,400,827,780,1957,669,1171,694,1073,7077,435,595,3062,807,1590,797,437,683,1143,1237,1178,670,704,450,3002,3441,689,886,2814,4935,609,1803,549,1192,956,846,887,3921,731,916,959,652,4535,1178,453
2073,3,601,838,609,354,446,863,521,1172,553,844,707,791,1396,407,276,681,492,2444,1315,2980,860,493,506,586,573,838,3603,388,702,1346,1477,1319,397,805,447,342,1433,4152,441,724,752,4552,634,481,910,2391,698,2410,1242,1951,673,237,2909,1267,1219,831,1629,1628,1828,511,740,1903,567,2079,1256,404,512,848,1216,734,1167,4011,775,710,617,1042,6529,367,562,716,2373,572,626,404,401,799,550,644,628,596,1507,1440,1767,4780,893,2373,2773,600,1141,581,1003,1387,733,3059,2118,531,442,398,503,1490,1750,539
2073,4,461,538,444,369,504,563,380,573,483,376,422,529,933,388,296,475,422,843,602,812,1012,369,404,470,413,446,1205,427,539,732,820,922,545,541,434,349,892,1451,403,563,471,2329,565,423,479,855,504,789,688,1179,442,365,1037,645,380,397,844,1098,1816,526,588,834,435,1068,473,355,509,927,471,550,599,1690,513,465,454,453,3690,399,388,635,706,446,1111,499,418,543,406,516,489,495,463,686,988,1264,550,1037,918,493,800,415,668,734,519,1132,858,527,425,390,472,1012,910,429
2073,5,448,368,379,343,430,453,355,424,391,399,386,410,532,561,260,439,402,482,451,770,497,367,352,410,367,414,601,375,773,456,771,477,391,444,465,341,460,529,382,435,374,1342,408,494,399,474,435,591,483,504,401,248,686,459,376,376,502,610,1180,413,451,436,405,453,413,516,405,515,377,455,449,758,550,491,410,402,850,508,365,480,452,403,543,392,406,476,385,447,385,494,710,569,627,564,410,833,578,402,511,379,684,452,442,728,556,573,819,2463,383,590,2711,381
2073,6,399,443,357,440,552,485,495,418,376,437,484,381,482,384,256,460,503,438,440,434,419,354,373,401,355,352,533,353,441,447,664,458,377,685,386,332,422,497,430,392,367,597,434,329,391,762,488,609,503,419,418,300,515,397,465,378,446,445,507,397,481,527,397,424,391,467,404,645,421,412,408,527,432,431,386,601,599,390,349,423,419,392,407,373,401,481,390,403,352,441,410,595,731,425,398,497,488,371,474,481,491,511,460,506,585,506,739,598,400,545,1285,481
2073,7,678,1048,539,592,727,1882,1086,694,815,669,911,587,998,1191,496,1008,1077,683,727,1136,851,551,701,687,676,953,583,698,1025,1024,1017,1226,943,1104,760,864,555,692,790,1179,676,752,747,823,724,948,600,1146,1487,1098,668,720,1266,520,679,554,804,834,1105,702,960,591,580,654,526,589,834,855,852,822,651,767,862,600,542,873,1009,594,488,657,836,749,935,1080,737,646,780,1024,500,755,616,1049,1326,670,979,708,1025,686,982,867,1120,1354,1245,1844,1070,619,1359,1037,888,2994,1534,707
2073,8,615,786,853,1873,1274,1663,990,681,657,939,814,1031,938,1049,540,1150,1044,568,630,800,561,1369,838,1023,674,592,652,540,1868,1196,1012,1151,1334,1686,901,666,914,718,957,958,944,652,880,1759,519,1343,1139,1077,1737,747,661,2059,1740,534,785,1808,885,879,1263,978,1018,728,701,2399,754,942,1278,997,1279,644,651,800,1222,804,734,809,758,884,1528,989,935,697,958,1087,502,594,759,903,580,1229,541,630,1997,1935,904,1019,998,790,1384,2197,1019,1365,1186,1077,1126,912,865,1107,1878,1106,932,2193
2073,9,2331,499,734,2088,479,552,2060,675,626,1085,396,472,517,958,316,2533,755,399,14189,457,454,1206,807,1190,424,430,479,434,525,1346,629,2060,849,709,380,437,713,945,908,1177,420,519,1268,503,384,698,1910,532,1589,844,411,1321,1637,551,392,1002,632,1343,2225,2436,594,658,1015,1987,387,492,468,523,1275,445,948,702,452,762,540,582,767,2737,1258,1126,480,447,550,1033,489,480,458,419,773,1134,772,1236,678,3335,1878,598,701,741,592,976,1312,659,435,1245,747,573,859,528,691,595,507,1219
2073,10,720,774,1211,1212,634,1086,389,641,917,3325,869,1271,1293,759,320,452,483,1727,2116,435,910,1091,1575,446,375,330,426,344,409,472,392,580,418,515,848,1062,549,386,1467,1915,971,365,593,1570,374,906,1033,396,2188,1185,885,819,450,572,343,723,1690,407,437,1090,5753,364,715,679,426,841,396,418,404,692,1231,744,998,4775,492,1844,407,703,15508,412,369,367,1313,2486,1615,1370,1827,484,361,497,388,444,2445,661,2458,948,384,615,634,396,1144,659,382,487,989,354,387,372,1426,962,1454,458
2073,11,484,345,543,1401,486,3239,538,365,899,945,474,3435,1262,505,1453,719,581,673,1484,1072,839,541,584,421,361,463,358,458,1183,382,480,490,605,603,400,360,377,377,442,1039,597,361,411,1118,798,2939,583,423,2222,823,448,507,2981,367,1395,619,825,1935,447,761,618,517,365,839,489,408,366,448,564,1425,748,388,565,1173,450,1245,2022,609,1097,434,360,403,654,914,602,630,563,431,415,630,563,381,2143,939,731,833,1292,730,619,409,783,390,380,524,552,491,448,377,535,1213,552,751
2073,12,2682,2294,660,916,524,651,385,632,410,1154,2534,593,1302,475,961,457,363,1281,1926,1371,622,397,390,529,349,788,356,2306,2594,377,397,430,1376,797,1252,443,361,418,3747,2881,2022,358,369,923,417,596,4982,374,4213,1020,1055,2215,718,444,751,451,995,894,1861,1607,1034,351,447,594,368,449,358,521,388,1452,4473,372,407,631,404,743,561,1463,876,699,408,724,3713,664,2530,725,467,777,364,2011,906,1021,891,466,1311,618,2499,647,1898,370,570,421,2004,557,695,494,369,576,440,436,639,492
2074,1,1558,1373,466,759,641,1295,485,3249,1142,2613,576,536,2268,682,359,616,363,1827,3019,458,648,1048,3616,513,728,372,785,1295,1939,373,707,460,537,520,5826,337,417,1264,1170,1482,1541,407,454,572,1339,1520,3025,558,3921,1103,493,3766,1011,611,449,390,1127,673,677,543,1142,1736,358,722,387,511,353,1107,712,512,1859,457,446,579,456,573,1139,2080,1279,929,494,1130,1035,840,775,859,492,776,384,3001,1793,2353,661,628,2191,539,1298,715,1856,1634,416,429,678,398,2234,932,354,371,793,575,3369,670
2074,2,1065,769,1617,635,590,2896,504,1530,2161,2214,2179,946,1547,1031,478,1409,808,992,3365,1115,1181,810,2552,577,394,334,965,782,2249,369,410,1166,513,1268,1942,381,405,1154,1516,2656,1075,394,2119,542,592,1579,2075,503,2533,601,670,591,723,556,1205,383,564,1045,1114,978,1048,1014,367,906,682,562,468,1099,1403,743,4672,2675,501,1395,355,556,579,1228,1396,417,506,562,1406,2231,840,1982,671,443,797,2559,2457,1013,1479,496,1534,431,3152,913,744,573,1043,772,873,391,4036,1295,957,382,1729,855,2207,873
2074,3,1251,1177,2014,1044,574,1605,362,956,1053,3872,640,550,2523,1084,330,495,386,701,7629,863,506,701,1191,654,645,340,536,876,1951,475,365,1272,644,594,3773,526,638,593,2606,4506,3165,414,598,523,425,969,3955,496,1347,1345,1123,527,544,402,532,382,486,785,814,1727,3489,1023,354,1394,472,435,482,456,643,769,2376,937,443,1279,347,1021,722,2987,2014,445,1123,405,829,2514,1354,1065,619,389,333,1010,1069,629,1115,1917,1306,550,1678,461,1034,614,1219,939,1337,639,5560,600,1119,686,554,533,4774,712
2074,4,569,615,540,563,374,1321,358,720,585,2738,574,472,1965,423,312,433,358,647,2834,512,443,604,652,412,371,758,383,1253,943,423,408,722,433,431,2421,362,364,513,1522,1939,857,349,433,528,384,524,1550,375,789,568,1275,464,455,349,424,851,455,516,480,882,2066,578,348,672,412,357,355,428,443,508,1394,491,508,689,343,507,484,1187,1075,387,393,399,777,1275,1650,581,447,371,335,794,628,490,556,776,752,413,1102,429,753,752,704,490,792,581,2891,505,545,468,494,875,3640,698
2074,5,537,533,432,447,709,814,352,795,441,642,433,411,1303,464,299,391,377,472,731,498,406,403,508,360,333,633,489,491,985,386,365,502,427,416,901,355,347,450,717,2523,506,351,392,384,367,425,672,393,498,432,505,450,408,358,417,703,398,411,422,466,528,451,382,431,343,593,391,546,393,882,646,525,396,502,346,565,600,639,541,461,377,371,512,562,3902,443,386,366,422,499,445,420,491,522,567,376,840,395,500,473,439,387,641,774,1371,379,444,438,413,412,1260,487
2074,6,502,457,393,418,366,529,344,491,441,456,420,384,919,376,330,373,359,398,640,495,380,383,526,532,379,421,368,420,546,511,667,448,395,538,692,359,366,469,475,686,459,395,375,383,383,388,590,397,428,388,509,386,432,343,370,372,407,384,385,434,548,385,383,431,341,542,339,591,428,488,680,416,396,435,341,540,567,589,817,562,422,439,496,438,720,543,417,364,352,428,396,393,461,469,451,406,435,367,521,471,436,366,423,549,683,385,506,457,567,417,534,503
2074,7,1093,512,629,585,840,789,935,965,571,860,1156,790,2436,446,621,839,790,829,929,1676,525,693,447,1381,790,926,843,569,1232,1008,1138,655,533,623,1156,908,625,868,691,1624,898,876,602,732,1068,857,538,697,634,1139,1012,521,902,679,628,761,1000,712,838,836,1696,645,699,1172,603,1403,628,1114,808,1278,1004,825,613,911,841,1290,1001,1005,659,589,871,742,841,968,1216,2555,628,695,1052,977,683,983,639,1000,894,623,432,1291,898,596,743,616,1152,1072,1426,1082,1263,835,1068,1086,1014,519
2074,8,1268,471,637,1122,982,657,932,1101,1154,795,1007,749,1118,1186,656,1257,1121,838,2012,994,628,1744,767,841,1027,781,818,718,2016,1605,1711,2148,1054,794,890,1087,519,1072,978,1304,617,1777,857,646,836,1215,601,1594,767,1032,3846,487,713,776,633,724,663,834,779,1349,729,599,1101,1018,922,3040,1001,1794,798,2186,714,870,851,699,1922,1664,662,1136,564,594,837,1877,796,2109,1403,1940,1169,567,1085,1614,560,717,791,1442,1056,821,509,981,1102,768,887,652,1188,2647,1378,725,1787,1997,1429,1086,1423,788
2074,9,1822,464,673,513,666,433,416,1115,901,1302,1054,368,1332,387,640,731,1046,1296,488,925,2544,1025,698,706,472,1060,689,487,594,1564,1496,886,644,573,491,883,804,405,2312,1095,397,1338,447,475,942,1631,559,1668,864,390,997,564,950,673,641,421,1504,1056,523,1051,1475,1211,1277,2266,954,1126,1402,932,380,1537,650,536,1819,728,3678,685,859,658,394,414,738,1275,890,1875,952,1493,676,578,1596,1196,371,1211,539,1013,540,854,646,1239,484,4056,1232,813,484,3935,2149,875,949,977,886,533,591,991
2074,10,1082,1053,3685,391,707,388,428,1572,3289,9658,1981,980,997,386,649,1079,482,2059,552,414,762,1500,527,433,707,2460,785,433,484,1802,430,561,680,1530,499,799,1210,474,538,733,387,560,1655,551,1180,531,708,3410,502,896,1054,395,2530,503,689,383,689,639,695,647,1840,447,2360,532,1088,543,531,1081,358,423,378,564,617,410,1031,2651,1090,690,392,957,373,1629,2011,1046,2007,1927,372,350,1874,554,597,446,2238,1480,440,1714,377,473,366,608,1223,1022,529,949,1234,795,1240,929,429,389,961,1028
2074,11,925,626,961,538,402,552,1013,545,935,573,1120,405,706,353,462,508,390,715,683,446,539,1142,524,361,1373,758,2904,2128,475,616,465,911,357,1224,2986,346,1006,369,419,1051,392,438,1051,867,822,2375,442,2434,1085,396,541,399,528,398,578,361,415,1526,836,722,597,364,1163,1291,383,2023,802,856,565,800,944,458,407,1533,462,1020,1103,1795,395,883,498,789,1255,504,2373,3095,515,409,530,404,361,1098,1816,850,493,1064,452,387,736,674,1300,395,681,593,583,417,641,696,565,1318,387,548
2074,12,2232,380,1972,492,378,682,776,1053,1211,1336,783,532,438,375,1803,569,992,720,472,1108,1708,554,989,371,404,528,1668,2288,372,1976,1350,1786,418,1367,584,344,1392,516,702,1024,412,1840,635,638,539,1795,370,1049,438,511,420,411,822,5552,990,410,507,1606,577,1844,983,360,663,1869,472,3060,601,517,353,584,3363,1153,707,1153,928,626,3223,1222,643,1492,583,440,675,455,943,1139,431,3576,703,451,413,580,2629,1433,504,1747,694,362,2607,510,882,1446,1449,471,552,1072,1351,490,536,396,1008,638
2075,1,2792,1420,2862,360,536,839,3320,534,1689,796,2180,408,1179,462,525,1047,443,1411,1497,586,879,499,1127,499,2185,470,2105,2917,1923,945,523,1066,354,879,754,1926,913,753,453,515,431,645,815,1240,1150,1430,545,2085,429,416,657,1560,496,1959,1436,666,1475,2152,1139,1543,503,644,493,817,1316,3852,468,900,347,610,2134,2115,1206,807,558,1462,2249,1222,764,628,894,435,852,439,1296,3313,358,4554,579,872,558,993,932,684,676,518,646,507,1347,728,1852,1406,1723,822,583,1592,1967,1304,447,783,488,1344
2075,2,1536,1513,1085,649,598,406,1372,634,1242,1125,1113,792,1111,339,1315,1168,731,1079,860,1643,501,650,906,1003,798,537,2711,2150,1098,613,439,1173,464,723,778,1735,826,784,651,732,398,553,710,2303,1235,1167,496,1120,392,441,842,726,693,2234,1083,2498,602,1393,447,2320,607,417,1328,1418,698,4883,1014,488,376,491,1297,2363,1128,1071,1095,969,3168,2531,1359,734,1089,2054,764,975,1017,3980,989,2054,557,1110,445,694,2702,659,2247,572,434,509,1050,512,1698,1306,1237,851,592,1045,1178,2625,660,517,586,587
2075,3,1818,661,795,996,1136,827,1328,1038,840,839,1589,521,818,1267,972,548,607,3161,1017,1035,462,719,576,701,672,478,1439,2427,634,564,409,966,1315,781,2442,2773,1177,424,853,947,482,1075,1633,1408,604,786,360,1099,386,446,607,1817,1642,3042,832,506,653,1159,1323,1639,458,359,1465,1122,497,3504,419,572,339,1132,1353,1223,1786,927,1355,1078,3684,1715,1557,1159,3889,1565,603,738,1325,3066,3188,1194,682,483,386,496,1751,674,602,745,446,429,3051,430,1227,835,1190,834,662,817,2013,1505,600,419,678,566
2075,4,740,632,671,388,384,387,873,1192,549,558,936,421,525,395,507,440,378,1654,546,467,411,417,441,1045,784,471,657,1244,588,513,473,1345,558,488,864,1370,575,373,415,477,396,616,806,574,495,515,906,646,369,355,509,529,784,1469,452,475,416,653,568,926,424,353,821,1493,474,2133,480,475,566,513,2139,821,708,658,958,500,1626,1012,612,624,892,645,623,441,822,1286,705,626,511,411,354,422,844,467,468,558,373,396,1899,415,663,571,766,518,656,609,3485,791,409,423,419,431
2075,5,552,415,581,364,371,393,488,638,451,446,504,363,464,441,393,426,379,608,407,454,763,387,393,2008,422,385,489,589,408,420,458,750,404,455,575,544,441,361,461,399,344,599,469,466,401,628,376,481,362,351,394,437,501,690,403,396,439,499,428,2978,402,350,462,527,418,968,562,646,341,894,650,513,463,462,504,425,664,585,430,440,560,453,461,403,601,580,575,563,387,417,344,428,535,430,538,446,356,348,789,387,471,441,749,543,492,448,709,819,368,377,653,389
2075,6,446,485,502,540,452,486,489,417,552,403,452,494,458,421,348,474,453,435,409,403,394,649,383,2356,433,413,714,509,429,431,426,596,418,387,485,419,471,465,409,381,383,496,450,396,458,696,351,417,407,349,496,406,400,456,392,379,384,452,378,856,502,498,476,440,434,495,375,422,913,588,512,463,421,469,482,416,603,513,437,424,500,515,463,375,490,468,529,452,375,441,407,377,450,418,445,435,395,349,551,454,420,477,442,439,451,433,553,441,373,519,416,556
2075,7,690,626,795,775,917,546,831,793,1043,715,1000,669,1222,652,774,756,652,599,624,939,644,899,1019,1560,1012,993,1236,1228,739,880,919,659,795,702,1355,818,1210,3323,592,1001,589,1172,661,1135,746,1190,648,623,556,471,1012,708,857,638,545,709,590,690,888,916,1241,945,735,1003,923,877,1281,928,926,1075,717,983,655,939,1057,724,976,655,971,736,854,849,630,710,1244,569,3145,550,829,838,872,768,1245,930,948,1456,617,984,945,790,1043,869,1045,685,1084,886,729,1495,1146,864,920,976
2075,8,878,1043,892,1433,1570,611,859,1629,2173,750,669,1892,736,900,1175,1280,698,2559,683,1018,869,649,730,1489,484,1777,1281,2894,1181,1860,1036,1609,1497,1100,1486,1339,798,1594,792,1049,722,879,740,2521,1135,1833,1005,807,471,925,2022,857,1582,713,594,1030,601,537,569,1392,2422,981,997,1523,1195,789,2589,1241,905,1399,1267,934,1100,904,1470,998,910,1718,1210,645,569,713,1551,730,800,1126,1270,890,845,1000,630,1038,779,1452,1414,856,758,1071,905,1136,1507,527,1351,680,2074,1450,1017,2820,835,970,655,847
2075,9,685,815,759,504,2708,851,746,1415,1687,2146,524,1254,1311,611,689,1457,898,2128,1859,398,726,928,375,1628,416,1980,648,3129,412,1287,2856,780,1002,812,542,706,1133,551,842,1121,1504,1047,691,1017,1024,1556,442,1781,539,783,532,417,1176,787,411,1474,2004,440,403,945,851,443,403,1428,558,427,1137,1281,882,786,2511,427,1946,978,1291,1444,796,631,1075,756,905,1983,544,879,1026,446,1802,573,1067,791,358,866,405,871,1773,1090,1170,501,758,1608,3707,406,2040,451,1079,912,692,4263,650,477,385,3105
2075,10,539,1177,664,1027,1403,516,850,520,1674,1323,4267,398,778,387,403,3207,1320,951,1171,445,364,1550,1701,589,468,503,510,3370,1311,1821,666,1609,2716,542,835,456,816,829,769,5372,745,946,494,485,715,1938,378,1265,366,540,462,363,521,890,352,439,535,812,366,610,602,356,367,451,412,395,402,425,1036,399,3187,616,928,588,16102,1186,755,885,476,414,692,421,1185,360,1291,622,974,452,479,5534,369,1395,795,6614,1937,692,1308,730,465,1639,1057,1567,451,401,1150,750,443,1925,446,980,406,545
2075,11,391,798,382,573,1603,1098,544,490,539,509,703,388,1060,358,1414,1104,418,1001,705,361,485,631,5283,958,1378,653,389,2237,3405,1228,788,563,1903,488,492,530,487,1866,466,696,610,775,1198,1677,425,491,376,590,443,549,704,348,486,741,348,653,908,369,400,385,1116,576,523,552,398,368,386,713,1168,386,690,527,494,749,887,409,393,966,774,1105,752,519,1027,598,454,825,1933,360,1344,759,592,406,976,2261,1508,769,428,4182,555,1121,574,2327,1007,493,681,386,470,2854,455,879,443,431
2075,12,1276,424,924,574,549,983,381,3903,1267,498,565,932,2343,469,392,647,825,665,1982,393,440,438,829,1666,382,457,677,1735,1016,743,501,2330,971,1782,1491,615,386,2481,2410,687,2198,1331,1910,471,1029,475,389,843,816,5437,1784,348,378,388,357,393,1246,1811,1001,1020,1627,468,430,481,1731,362,490,410,416,721,799,679,679,888,956,441,377,1313,1586,895,836,547,945,368,617,2297,617,382,958,581,339,667,409,5464,525,623,423,981,575,583,876,1590,887,430,1631,1408,401,4728,509,418,356,482
2076,1,993,453,934,1105,1105,1426,1074,991,560,664,927,593,872,494,661,1163,618,4955,1483,558,1165,520,922,1174,382,837,665,1832,690,1012,475,600,622,3590,752,659,423,921,3256,904,984,734,995,594,483,465,330,1898,1430,1238,799,440,473,646,490,371,517,513,581,576,1293,1041,5558,467,1222,391,418,718,483,1927,4783,2986,726,758,1182,947,380,550,2833,507,417,535,809,375,1504,912,989,359,505,559,348,1152,850,7327,577,404,453,1461,378,593,907,984,817,975,810,1217,482,3821,351,810,939,1564
2076,2,999,1129,1059,1075,903,1288,724,913,856,477,1607,612,824,976,884,802,437,5367,2606,582,801,2586,1052,1224,1188,825,577,1714,1115,2389,1088,762,656,822,760,696,574,905,1684,1090,2367,935,2092,784,1047,632,398,948,492,954,1334,348,790,588,586,513,510,492,387,538,1757,1158,725,826,1894,397,445,1833,602,1294,4490,3708,513,465,986,795,378,1339,1852,429,1132,810,666,487,646,667,1162,388,618,780,880,1098,610,6336,1079,493,668,870,536,1563,2388,2295,1459,1154,938,2186,506,2638,362,1179,1508,924
2076,3,876,491,477,700,1590,986,839,2400,693,416,1161,428,690,365,717,692,399,4055,3703,508,793,1416,799,1220,578,752,795,1061,787,737,1553,1145,739,839,484,1501,465,3019,5854,634,825,842,1298,693,1220,543,1063,599,729,1699,1388,514,886,443,340,815,739,1116,366,624,1126,2014,819,911,1233,377,657,842,404,1043,4753,1006,1082,429,692,575,376,1071,902,651,451,624,478,436,859,1313,5153,459,528,1209,655,2151,509,6610,756,501,1061,1302,1440,1523,1675,1358,676,510,717,824,2470,1925,453,3199,674,596
2076,4,494,497,422,465,651,745,427,1546,588,398,581,390,532,437,394,471,419,1556,1537,503,412,919,543,682,411,446,426,1322,722,651,647,610,655,723,438,561,409,1034,1619,515,521,488,710,478,657,411,364,474,426,646,670,339,600,386,336,409,598,520,370,398,643,875,719,476,694,367,588,490,441,532,2128,884,554,408,526,472,366,542,661,396,403,390,434,373,703,593,1217,353,437,925,471,5169,490,4730,631,661,522,3387,460,731,1318,1176,505,424,553,579,1237,3837,409,4441,813,451
2076,5,422,419,391,467,498,473,388,599,418,410,455,371,458,326,549,415,379,862,592,377,382,487,451,716,373,392,375,580,527,1656,493,526,511,922,438,416,377,683,782,441,665,408,452,414,663,383,345,421,373,453,769,328,378,441,332,382,401,405,457,452,527,438,448,398,452,371,360,414,1140,456,1186,524,500,377,470,403,401,458,615,399,398,376,407,351,515,414,555,353,430,464,352,1493,381,1214,447,459,2186,856,399,811,649,623,503,463,447,552,949,1663,426,3171,456,656
2076,6,443,419,465,426,418,392,539,532,407,428,425,483,415,682,608,868,377,518,449,404,368,414,410,527,409,516,430,467,532,819,407,752,500,411,484,377,498,599,484,458,420,506,398,470,474,434,678,389,383,465,418,342,432,608,382,594,385,509,405,540,578,692,458,618,467,407,353,453,430,400,509,899,420,504,423,375,817,529,424,378,1840,369,460,461,452,522,549,374,625,500,469,616,398,572,405,382,472,446,400,850,503,465,570,452,437,397,618,838,400,1143,657,695
2076,7,784,578,775,1015,717,528,1301,730,2241,908,518,637,848,1114,1080,1027,592,651,751,1312,612,513,683,1066,662,1020,921,1082,846,1225,931,1183,1316,938,1339,694,973,1283,1430,702,1086,959,827,1050,702,1003,929,807,826,518,701,445,802,676,578,752,983,1036,862,544,529,1262,590,1885,842,949,1416,710,1023,918,794,1279,1110,1386,900,652,1615,660,726,699,1111,918,1282,739,966,858,680,628,896,1548,456,944,805,1021,1395,638,1379,643,862,962,825,693,1117,993,927,1310,1486,965,716,3831,907,940
2076,8,967,592,781,895,498,888,2285,931,1330,499,858,701,1103,579,1360,2200,466,827,921,3739,771,1147,454,1508,1228,1051,801,2122,1131,901,1680,867,2779,1694,823,898,728,1092,2233,871,1177,734,832,1315,727,917,1672,1175,686,400,939,646,609,1587,525,790,1534,1170,765,689,800,904,594,1467,667,891,1131,1076,3357,737,1354,1043,744,1502,909,717,1032,645,1163,677,1290,868,1174,915,1145,1077,545,851,737,1894,468,1294,1810,1033,863,1002,955,1890,758,2073,529,1122,1080,1736,1210,1650,1175,2819,1075,5961,762,840
2076,9,531,937,757,1085,765,675,1256,1069,1073,654,523,678,788,488,1897,967,590,943,439,5602,539,731,853,867,1197,1360,565,1392,681,857,1183,984,565,1307,1088,504,655,430,1015,1236,813,1552,905,1625,1042,683,630,543,462,364,653,441,646,658,538,759,2701,1401,1265,657,586,1076,575,665,461,762,637,678,1025,915,801,720,385,470,2673,958,743,862,1023,761,4311,427,841,950,599,2216,418,680,973,1905,480,931,2180,2019,691,1037,1471,478,445,1476,394,917,847,1145,707,618,1188,6903,567,2182,407,810
2076,10,1277,409,662,420,597,403,1246,933,404,1641,1324,396,555,380,5079,579,533,722,391,3956,875,464,784,942,390,490,1367,914,433,432,451,440,902,720,1321,386,913,1634,1319,803,417,682,2828,842,627,530,444,365,369,510,796,803,396,992,371,570,583,3547,499,578,536,398,357,444,755,361,828,908,2029,434,737,875,500,478,1571,860,1072,445,417,2715,1330,384,3377,432,1469,852,373,860,434,4798,1035,609,957,1560,396,795,1098,1554,374,6133,361,489,1007,485,485,557,1629,1979,466,897,388,421
2076,11,522,423,550,605,380,926,740,964,429,1130,1701,550,963,324,5714,1981,2124,523,993,4350,418,1158,562,849,364,413,568,1747,648,381,713,369,590,1328,3282,529,583,536,930,549,369,2414,504,1441,576,405,589,411,471,1987,2989,546,376,2620,468,444,1033,761,513,953,361,546,369,508,862,335,1000,892,824,407,770,385,420,2648,2968,597,522,449,447,626,944,357,1952,357,778,1202,586,745,384,1012,579,485,2865,851,681,966,430,431,348,971,573,1697,669,482,920,613,466,2739,651,3947,351,601
2076,12,2899,533,4231,1105,1104,1148,850,819,981,1548,658,350,842,609,1736,706,685,1111,373,2080,1431,1349,980,421,402,2343,595,988,3235,540,400,1176,630,1909,2293,481,604,421,626,516,437,3411,716,999,375,954,3504,358,486,2559,662,771,522,657,812,1294,2316,4112,387,449,563,540,484,374,381,1350,539,495,666,500,1075,3555,1018,1898,1195,455,1938,7466,1209,465,760,400,2406,457,467,1487,771,814,508,736,409,1721,1173,2037,371,1163,410,526,1463,1092,3051,612,424,380,839,421,641,1494,334,2956,356,390
2077,1,1378,1483,1512,2938,2002,1963,692,867,1533,811,2879,762,1918,1497,1840,504,3625,2190,388,3320,753,962,677,1685,575,696,2070,576,1983,1844,495,5994,1360,2297,3440,350,718,1660,650,1096,445,9925,479,1694,1525,509,1344,460,511,1665,2126,550,1807,1271,427,495,1367,3133,701,723,548,514,1204,1237,378,2156,397,856,657,358,1084,1788,908,1913,1157,741,790,2217,490,613,635,427,2721,993,1808,1251,2761,938,1231,1390,378,2309,909,1568,1258,486,958,1190,1099,2305,878,1927,634,427,549,502,542,2949,342,3463,399,1305
2077,2,1038,1064,596,1180,1016,1195,809,503,725,1471,2018,973,687,1156,1193,767,6748,877,517,3081,661,787,698,985,1354,1026,1135,1198,1972,1092,492,1743,1105,2865,2464,627,1193,2802,1166,975,579,7046,530,2024,620,492,833,356,387,1824,1154,1103,653,662,538,1970,983,7511,1008,1494,676,400,469,888,643,635,403,557,726,417,2405,1202,2999,1311,1135,1370,661,785,462,593,1273,723,1511,588,1157,2145,2079,2460,592,3538,1213,1708,1620,2007,549,932,434,729,1424,2127,779,1122,610,1209,417,403,833,9471,719,2316,849,632
2077,3,669,561,541,1276,879,843,506,639,483,1369,1946,404,998,2251,710,627,2118,592,383,1077,2055,1209,491,1305,588,982,646,1466,1031,877,401,1781,533,1070,2090,593,1371,1051,676,698,376,2116,1098,3484,634,416,703,349,529,1301,783,809,438,554,565,3685,621,2827,1907,3389,428,1130,775,888,397,731,1068,418,550,350,2672,870,1334,1281,704,2911,870,838,399,514,1267,533,1024,1381,615,1329,1615,971,765,2700,1123,1919,1374,2870,2086,1061,492,756,1181,1407,616,1132,620,778,758,380,755,3870,413,1891,1781,437
2077,4,493,439,456,1248,578,851,458,458,426,790,803,373,544,1100,557,445,725,1091,361,719,906,721,400,633,398,534,482,573,613,625,374,1080,565,604,1417,784,580,874,502,429,358,848,722,2230,441,367,530,345,350,737,723,424,409,470,335,1168,591,1319,542,939,372,421,382,563,382,456,592,421,491,378,1314,772,1019,869,536,2697,514,615,460,422,647,362,1460,480,503,866,865,562,408,1508,445,1343,973,1951,578,556,445,535,855,869,495,664,525,497,443,435,797,994,426,907,692,400
2077,5,447,452,426,788,428,824,547,411,390,447,551,359,427,441,460,409,509,591,354,634,470,449,386,439,374,425,1537,444,520,695,473,565,415,893,979,378,442,588,424,401,435,595,471,762,384,357,584,342,383,458,459,382,372,424,350,502,432,692,485,2102,353,382,373,557,414,398,442,426,1766,344,627,478,478,739,456,570,440,525,456,396,475,342,1101,397,423,499,578,712,375,762,378,614,551,903,505,705,426,422,483,537,418,759,393,854,407,384,446,933,339,579,418,405
2077,6,486,1141,493,496,440,404,624,504,374,404,435,462,567,460,536,460,440,412,350,1117,515,679,425,436,398,424,629,413,514,397,478,487,651,509,709,370,578,893,394,408,368,490,444,640,574,518,497,340,516,438,411,382,430,388,329,435,431,542,381,1270,380,449,636,459,430,403,371,385,543,369,566,488,403,584,414,549,421,575,409,500,436,405,1016,364,435,461,1324,509,409,607,427,443,422,1105,421,477,399,412,431,473,400,611,407,384,547,487,434,549,346,482,454,369
2077,7,828,2077,955,721,650,853,643,945,842,650,975,769,906,942,562,874,977,896,713,813,466,1090,419,1326,642,849,1165,781,935,609,2438,1074,864,927,1150,1078,858,1044,1342,709,954,1108,711,845,754,1191,1972,502,423,846,518,616,462,814,463,647,825,825,622,796,696,1186,600,1205,584,1217,826,1048,1319,556,698,1025,952,894,643,748,1222,718,600,866,634,735,1025,494,1461,1375,1397,817,1035,1055,799,773,703,706,892,654,661,1243,898,1238,513,1340,649,943,1067,801,922,1099,698,1150,701,655
2077,8,1852,1905,1665,738,644,1267,819,1116,1478,848,866,660,1287,783,710,1003,2096,679,1029,977,487,1178,521,1227,430,1840,682,556,1756,864,987,2098,1804,985,1425,1408,1214,790,890,541,707,1454,458,688,754,1121,2276,825,461,1379,758,433,536,884,970,907,1039,944,537,595,636,1583,1223,874,1070,1540,1731,768,1720,1121,857,1638,1100,1239,1145,2357,1248,1251,592,1117,505,1031,770,494,2432,1501,668,1119,942,1692,810,812,685,736,588,1077,996,677,1475,2077,787,1423,881,1434,2330,1250,1279,2388,620,1456,840,619
2077,9,1726,2570,901,420,382,471,831,1507,3424,399,409,514,1454,701,598,1292,886,689,894,6225,899,567,516,1134,481,1479,703,388,1125,676,1074,1609,2225,2111,1018,1185,1635,436,1174,529,1292,1772,475,474,504,1354,2071,683,636,660,577,675,434,1351,664,1330,609,461,2198,1579,365,1177,1121,538,4184,1460,773,447,859,767,814,2190,2990,1187,2429,928,646,670,904,2134,907,997,1526,470,1842,488,625,512,1267,1378,1598,1247,503,706,997,536,1434,681,983,1367,1067,914,420,1114,3439,878,431,2264,368,1305,2716,706
2077,10,761,1575,1235,411,721,395,364,3119,839,419,973,590,428,1792,1189,1339,1577,1060,373,4757,460,580,404,1211,650,651,830,372,807,366,804,2622,773,1951,507,442,1167,2150,763,431,1676,512,418,3018,575,377,661,332,534,2326,484,538,404,2631,1044,431,408,438,1205,1456,906,1822,488,363,1294,428,405,4161,511,442,456,1513,1351,1086,1305,1372,882,625,6488,941,682,1628,1355,411,3215,855,1976,409,364,447,1105,831,433,413,373,2030,1901,398,1581,771,458,650,459,703,877,1255,1986,557,321,480,700,1047
2077,11,1315,495,425,358,657,2009,358,528,507,393,1270,340,730,466,2893,943,829,390,352,2337,526,412,635,1183,839,487,374,362,485,559,514,923,1476,885,495,502,606,3072,880,464,483,785,353,1894,1377,454,451,351,629,553,363,582,967,7060,339,488,647,363,2281,1579,739,767,2204,379,1246,540,385,609,424,683,2023,789,1101,1394,486,920,540,595,868,623,446,1048,645,1688,1037,960,850,421,897,931,698,762,503,364,604,1585,816,505,2426,602,424,2879,371,502,713,541,1906,839,379,657,1479,718
2077,12,532,496,500,508,1041,444,373,2682,1518,888,1376,2259,1680,401,5167,694,944,883,367,1125,866,1427,654,477,583,771,517,543,570,477,595,525,1186,514,2139,1382,2120,1653,503,1330,3005,2126,462,1079,456,407,529,531,874,657,365,1438,369,634,357,1460,946,545,986,881,1400,562,1788,544,6808,1185,511,576,545,1258,1598,2037,2394,4089,779,699,765,378,712,1542,1868,457,450,808,2554,1831,742,447,373,836,4188,1731,357,1248,401,1117,3241,1034,724,400,670,848,1199,533,502,532,1012,728,1250,1832,680,465
2078,1,1252,3205,4466,716,559,478,465,4918,1221,568,690,1112,972,383,2644,536,730,2667,959,1162,2260,2132,822,639,1528,433,2597,607,1671,362,500,517,661,756,704,1031,1106,1396,912,645,1538,1105,574,1794,455,389,775,738,958,806,1203,1023,425,638,333,888,1529,713,1337,1224,681,798,2657,356,3866,816,558,652,1086,1738,1057,781,2314,2449,841,520,451,424,1914,4757,1226,480,499,1596,1965,957,1850,736,420,872,2904,3495,608,1808,397,1374,2459,786,1425,1004,742,1738,1939,792,788,515,1993,849,1587,1044,790,1796
2078,2,1989,4887,2992,440,1703,1470,615,2750,2193,601,1721,550,1426,389,1655,616,670,1087,430,1445,1017,1681,693,448,452,536,2977,498,1289,1004,658,686,1393,670,1902,1512,1142,1360,1347,779,1198,772,1273,1009,502,364,1543,798,1199,2551,1565,1596,368,863,902,620,2143,698,2242,1530,782,1050,2241,988,2115,603,363,2151,512,2351,779,3580,1846,2028,914,765,875,700,1436,2625,1341,528,423,1350,1228,1158,1105,943,566,1251,1828,4741,645,1016,797,822,3302,561,1727,2336,412,726,1629,1803,723,405,1653,1033,1977,898,1427,1776
2078,3,2627,3255,2493,457,693,1362,430,4078,2378,408,1166,462,1975,369,1037,538,452,1324,1214,5977,770,3102,817,455,1316,442,2959,1013,1361,745,1878,465,842,489,1852,920,1324,1277,727,715,2152,554,769,1081,482,433,780,442,494,686,1103,1811,357,563,394,2564,946,660,2193,1086,494,650,2291,769,1322,1188,556,590,422,2436,639,2208,1050,2197,662,1090,652,557,907,2567,766,558,627,1019,949,1054,974,497,1389,581,1371,8009,749,741,500,663,6691,689,1657,795,439,577,3450,684,487,678,2277,610,1222,828,1692,2142
2078,4,720,1419,1403,387,464,501,351,2754,1077,383,628,434,628,379,646,405,474,556,433,4512,526,1055,484,402,715,390,2432,414,629,456,786,467,668,473,961,705,946,733,482,430,1474,450,426,589,388,351,499,367,493,501,625,762,347,480,519,568,604,427,1044,698,410,465,2831,964,864,591,771,471,412,1347,486,904,597,934,499,578,537,455,539,1732,617,532,572,546,635,757,724,413,502,461,1002,2920,372,546,430,479,2206,438,896,533,448,541,1325,540,1168,389,1295,459,969,545,2235,681
2078,5,516,738,571,350,453,440,364,1121,550,360,455,391,459,355,484,382,433,434,439,830,418,726,577,406,648,403,999,458,468,461,489,421,455,559,587,695,646,512,409,385,544,403,417,534,363,486,425,423,597,433,417,447,407,418,393,435,440,409,641,761,528,409,897,430,574,432,355,421,412,816,566,631,490,600,485,2139,392,368,457,670,800,410,413,433,482,468,465,364,379,582,576,772,369,498,366,418,805,426,557,585,445,418,1052,448,1048,406,864,422,2805,442,807,467
2078,6,477,536,481,388,445,455,340,492,529,430,408,499,442,354,479,387,384,427,457,543,411,453,480,392,422,379,466,545,489,392,630,405,477,404,712,522,475,457,496,374,506,392,381,408,391,353,388,395,468,393,485,389,453,410,427,439,398,487,431,410,432,445,506,371,462,442,373,408,382,480,678,499,544,554,389,846,376,427,419,513,1773,416,526,397,507,539,421,356,434,497,489,522,404,425,369,446,568,393,625,574,372,395,546,447,608,395,497,415,990,435,510,449
2078,7,1131,1424,599,764,736,524,583,684,1018,618,877,861,851,615,741,1149,715,986,726,773,911,468,658,851,1076,667,843,939,974,638,809,768,828,686,1314,772,1670,923,1206,719,1090,698,657,747,787,959,586,1121,1090,517,864,595,975,960,521,654,795,4903,540,922,461,815,919,1157,582,754,953,999,1582,637,1085,649,1138,1047,858,1492,867,757,831,1568,1247,866,893,743,780,596,805,743,970,983,767,1006,1001,858,865,751,834,1123,1104,1429,1170,896,832,752,822,550,850,1081,1035,865,954,522
2078,8,771,2414,481,515,1187,1108,986,939,1433,674,960,1093,903,659,978,1813,1121,1476,542,863,1032,710,577,1289,1990,807,1044,1552,1344,838,1242,1071,810,1990,1227,585,1195,556,1478,757,831,1477,598,691,467,1077,715,1007,838,730,1024,891,809,969,415,1448,1018,1452,835,982,611,870,728,1720,435,2088,1173,1163,2053,904,2399,575,593,1140,1032,1153,919,1396,1327,1285,1132,667,1060,3529,769,1529,1007,1293,774,961,918,2533,727,1000,1461,617,1256,988,924,2853,1324,794,1615,1126,2382,850,3399,1198,1067,2001,1237,957
2078,9,958,2615,2336,642,405,737,617,1427,630,635,470,716,1377,362,832,1251,480,532,888,1062,864,657,775,514,699,1552,515,4913,530,374,1067,855,927,1481,644,453,433,743,1843,842,669,2254,970,425,716,637,1305,587,1288,2006,770,749,578,1975,380,1308,1136,2533,2057,930,996,777,495,547,369,762,1057,1326,723,640,1133,372,369,474,1210,814,598,1813,544,515,1188,462,515,1737,2271,620,800,679,871,702,572,907,668,532,1002,823,1235,993,709,1452,1166,630,1093,557,1762,590,1560,2569,677,1788,848,1247
2078,10,1293,1459,1501,485,1125,422,830,1233,1124,481,366,594,486,350,675,2403,734,563,344,397,1327,404,5205,368,430,452,390,2457,494,395,1476,4252,673,1373,717,410,371,5401,1139,739,927,1098,382,442,584,1318,834,819,697,632,1356,1411,498,2246,963,2176,1621,772,484,924,902,421,362,367,447,1305,374,683,396,572,825,389,407,564,2542,982,623,1158,699,491,787,869,574,586,1029,573,488,2283,452,1243,790,1644,408,363,383,605,602,423,1002,1325,1174,452,601,417,3586,820,787,706,451,1373,1390,818
2078,11,585,1328,3690,331,598,371,358,939,1722,380,492,688,425,329,483,502,935,5912,331,538,424,358,620,685,1652,562,479,1586,502,517,1653,2621,525,436,935,402,438,1454,769,608,771,1974,416,419,639,764,540,586,634,679,570,421,1306,543,339,1279,3435,451,487,384,1136,386,441,527,613,423,663,458,623,451,415,1408,360,557,611,2719,443,1810,603,629,781,765,1099,536,894,910,560,1120,385,415,549,634,1150,1087,369,1199,1014,400,1132,966,583,414,525,407,1694,686,2539,494,583,956,2063,1010
2078,12,451,2411,851,389,456,360,341,465,506,339,603,391,469,336,373,538,615,1272,2066,368,399,614,627,613,1094,1005,368,1839,873,1376,2391,965,1650,422,1675,2715,417,2631,587,429,476,812,475,399,1436,2258,1504,404,404,452,1720,398,404,1678,633,499,1781,807,418,610,2024,2129,1808,846,471,672,794,401,728,363,841,2777,394,552,487,1008,1450,1518,434,407,1625,410,2853,481,554,463,580,504,357,485,411,808,523,612,1199,1232,751,363,491,777,421,480,717,637,1203,789,1275,1452,384,490,695,530
2079,1,804,2549,1022,863,383,356,1098,1280,687,895,366,1203,487,364,544,592,401,1812,510,511,1899,1103,579,783,2581,1369,383,1937,921,679,2455,1338,745,418,2048,2517,460,2749,485,426,404,1051,752,693,769,960,1255,875,439,1065,486,1397,395,896,848,499,1138,651,399,1940,598,1538,1818,540,415,749,423,978,590,372,2941,1011,366,1221,1999,1002,1516,723,672,372,847,451,808,1077,1528,656,393,506,364,453,778,531,840,973,1384,1570,1238,764,888,1020,1142,1097,1498,1106,1350,784,1143,2129,490,711,2070,609
2079,2,459,2684,1824,514,587,503,549,3044,894,974,883,850,591,461,823,1813,702,5746,1405,392,776,1104,619,961,2060,799,384,2874,1343,417,3125,1796,709,409,2388,2021,739,3395,496,620,600,2104,469,680,744,667,705,526,777,1334,548,594,358,764,1151,721,894,474,436,494,2316,910,1312,578,502,548,531,686,402,383,1011,901,513,905,1152,930,1293,658,413,455,1284,374,670,991,705,1116,415,489,1152,1067,375,647,1545,1785,1147,1200,2165,831,614,1566,841,931,1482,934,1291,678,1412,1168,3529,646,2095,719
2079,3,608,2020,1944,514,1155,378,391,2173,589,396,747,900,1302,322,1778,590,408,3344,1743,378,715,808,508,951,1015,554,532,1613,645,560,2340,1790,516,403,3571,1775,2861,4467,437,426,625,714,1573,454,1924,819,575,372,730,532,846,805,354,745,402,895,851,419,386,481,1204,873,1018,442,390,718,671,814,380,357,3019,763,672,1464,1187,768,2322,652,733,368,1332,371,642,1080,554,1506,2340,419,358,595,412,811,1541,824,1006,3454,5392,796,526,937,470,823,1948,764,867,991,1203,792,975,2032,3862,544
2079,4,467,890,1123,351,418,367,363,1429,458,419,382,553,458,342,465,455,408,925,550,370,494,448,427,539,706,481,358,1820,482,481,1674,856,484,394,1287,790,626,1903,416,359,386,518,657,385,556,524,480,357,381,476,525,606,433,619,413,463,551,396,452,454,631,596,767,417,352,547,408,421,410,352,1121,537,363,555,546,916,1182,604,393,364,605,359,474,652,463,497,731,396,408,466,367,494,1307,500,710,1155,1475,594,424,690,449,628,743,1257,601,617,705,902,928,1359,2529,499
2079,5,439,540,507,334,391,361,359,695,432,375,365,464,442,311,462,413,383,544,426,401,441,394,452,396,459,450,353,687,416,373,726,2020,412,373,578,587,540,917,387,381,415,435,403,401,416,427,449,345,361,406,474,547,348,512,350,467,451,514,363,396,489,440,466,383,347,399,611,402,384,372,679,430,348,551,449,451,574,445,407,368,440,351,502,452,450,422,482,378,404,431,361,424,759,414,502,594,607,427,404,601,419,473,521,480,497,432,565,540,682,590,976,386
2079,6,408,509,608,395,406,404,359,444,1394,349,358,377,923,331,402,453,360,525,406,360,380,628,408,429,546,485,407,469,520,411,630,531,488,542,604,708,516,561,390,514,1352,609,415,462,443,470,474,341,352,377,1331,384,373,433,338,407,469,406,509,444,448,434,492,376,471,443,516,487,417,452,656,408,513,593,434,412,432,713,405,409,458,407,455,439,464,473,405,374,335,420,384,534,426,412,467,611,492,377,426,415,450,395,515,482,440,464,464,501,1104,466,500,452
2079,7,898,691,1109,942,1232,929,942,773,792,604,896,666,1800,436,923,600,1072,779,1043,726,420,488,753,651,1202,832,624,780,949,696,1197,937,1267,823,2618,1005,1515,745,939,923,1034,631,660,852,647,641,854,475,553,653,1848,528,1050,784,541,795,1405,928,557,586,765,1115,1044,656,1174,1142,929,992,886,794,1556,1086,1314,793,736,608,1362,598,1971,487,1074,1476,621,672,1047,1164,648,546,1243,684,958,813,915,738,650,674,1036,939,920,1070,996,713,799,973,1050,905,917,680,1342,829,724,1011
2079,8,1314,912,557,1733,674,589,1155,794,539,707,661,464,2287,817,917,1293,1320,632,1835,1038,669,516,821,644,583,2352,1845,626,858,944,1167,1201,1560,1057,1629,1055,756,728,1819,1172,1320,769,917,1048,556,748,1842,782,1120,936,1431,629,1326,744,496,987,874,2824,744,404,1319,1138,894,594,1381,1646,1599,1135,1186,1136,948,1134,925,1121,911,985,915,969,1562,414,1044,1141,649,1317,1917,1045,743,1269,1090,1086,1888,1847,639,749,465,613,1386,975,1631,523,1655,679,2667,790,3301,801,1028,2019,886,1504,815,1095
2079,9,1004,670,561,2672,496,586,1008,489,468,664,356,505,1575,1970,832,579,891,561,449,1447,1121,643,824,761,463,1869,1055,563,1140,776,704,1024,937,783,753,1711,1213,458,1190,942,508,1030,440,459,1779,1038,972,686,1240,403,1843,928,515,651,327,2079,535,1679,857,687,1196,631,673,768,635,697,2019,1197,673,477,1215,3037,645,439,1293,1159,432,789,1889,459,4397,689,594,863,1603,1022,895,704,956,488,1181,730,1170,444,437,1086,1068,509,1356,651,470,549,564,988,520,522,1014,1309,643,1971,511,1088
2079,10,715,596,2201,3084,611,383,1075,364,960,424,423,445,523,1427,437,709,374,421,372,813,411,652,1191,639,387,1986,965,524,526,379,790,405,1279,1361,438,686,1030,719,955,988,1876,437,1472,483,1081,534,488,329,830,374,980,540,1752,524,1064,422,369,1904,1336,441,2017,890,482,350,793,623,614,782,440,872,535,603,405,4246,587,1031,452,623,4699,749,840,461,1620,1127,1516,1637,812,494,514,397,1000,629,1004,359,8551,2720,456,397,1551,474,1408,351,406,649,1264,1029,595,711,447,9696,867,6137
2079,11,896,495,977,942,1467,589,1153,395,416,485,369,397,2630,1136,510,851,651,377,465,681,360,482,522,360,533,461,424,363,2818,705,1450,373,2218,903,597,994,1738,951,727,886,702,1032,414,1415,412,405,597,455,687,463,1059,701,445,360,634,588,436,1656,439,450,819,425,642,484,363,478,508,427,357,533,1919,3092,666,512,694,420,507,373,701,492,539,521,1461,930,1153,527,2748,961,535,446,942,1662,426,1044,1047,2191,1118,499,1264,368,1353,516,440,840,702,586,685,406,375,1288,1787,4637
2079,12,1271,405,618,1356,535,440,1041,683,1001,611,1936,1451,803,584,442,447,674,579,503,397,3044,443,415,720,1533,1702,820,700,690,442,443,375,1389,529,773,510,3040,697,567,1075,450,397,452,495,528,501,784,374,4077,421,773,4496,1876,392,340,2814,363,1545,460,381,510,566,375,1690,704,725,384,439,357,1732,1175,736,401,2710,891,1362,1520,371,856,429,568,466,550,1844,1170,2058,571,1255,2415,503,1461,528,1362,754,586,2446,424,348,670,370,3741,3402,373,1768,430,748,1466,1822,561,983,1379,1960
2080,1,2338,895,1266,2677,746,670,835,496,886,1852,794,636,845,505,450,642,838,1177,390,1658,892,360,418,422,2267,659,412,460,993,1354,1524,698,1578,1513,2166,715,1346,983,1454,3236,938,558,463,475,1095,613,1040,1178,2551,3157,1101,484,866,363,350,1853,1431,2080,486,749,508,814,377,1236,525,645,680,381,393,545,1953,746,501,1749,470,1332,578,706,978,739,476,1337,498,643,1036,1306,1234,437,1273,1043,1486,750,830,1312,1516,3384,516,342,997,388,7921,1394,535,527,541,396,1254,1368,660,1780,827,1461
2080,2,3102,908,1837,2551,1309,518,869,416,1833,584,1436,640,1173,949,399,707,809,796,645,869,684,800,762,786,824,722,741,698,1088,752,842,693,2360,983,961,472,1846,1014,1089,3018,490,544,811,1236,1161,406,632,727,964,1107,570,1094,940,446,625,2763,904,3100,659,1544,771,529,467,1581,414,2717,501,395,1250,2020,1117,799,909,2031,648,1591,597,710,1029,749,729,509,897,657,2031,1172,1007,569,1265,615,1480,1020,1122,674,1701,2376,866,423,1100,706,7523,1321,622,658,562,400,1560,2597,697,1495,799,986
2080,3,1428,791,785,1225,917,587,638,423,5599,450,723,548,747,640,370,432,844,868,564,1770,606,361,793,2181,579,1179,682,417,581,631,525,786,987,1069,1644,437,1882,531,556,3172,497,391,492,1242,1413,554,650,684,601,1075,737,470,1516,441,403,5623,745,1142,2026,1342,1821,495,370,721,496,785,452,2934,1296,1328,3058,654,916,1799,762,908,1328,379,899,1104,667,475,1039,1019,1256,1128,1072,470,994,404,921,806,885,448,2580,1038,598,405,1623,898,4960,2434,1005,596,408,473,4022,1247,564,2733,559,952
2080,4,703,554,490,673,598,351,668,385,763,437,540,427,516,446,352,388,415,551,364,1116,718,437,391,703,469,577,440,391,463,499,558,439,1485,630,613,416,1255,438,504,2282,503,384,476,767,660,362,453,390,502,703,511,417,535,343,330,3238,445,602,484,462,531,390,352,463,418,516,405,1348,1205,590,1241,525,420,804,404,649,553,374,815,430,497,489,634,558,911,871,743,512,545,465,649,458,503,406,2332,640,428,335,916,382,3290,2443,455,438,433,392,1020,1646,632,1818,581,845
2080,5,595,499,466,573,404,341,411,378,478,2264,406,418,431,392,411,371,429,474,385,485,417,367,376,418,426,422,407,398,434,389,454,379,931,451,526,460,520,435,401,683,425,366,418,487,448,353,426,351,448,441,466,399,423,376,336,1427,466,488,405,397,488,407,374,431,383,418,356,424,659,461,562,456,386,532,378,439,424,371,509,395,404,769,1031,517,534,524,532,442,490,384,456,459,565,397,576,504,386,330,485,468,1356,1257,526,402,540,369,612,572,541,907,1402,548
2080,6,415,456,440,814,529,414,381,405,459,966,490,459,444,366,421,412,388,384,416,499,656,353,389,402,561,425,653,450,398,417,396,640,713,462,513,468,512,439,391,531,394,397,349,429,484,358,510,359,446,393,1112,892,420,399,327,516,430,436,415,455,434,540,362,471,364,404,434,525,631,445,490,411,364,566,494,487,530,392,566,587,696,806,577,408,525,467,485,369,496,372,399,397,457,372,524,488,382,338,707,447,537,1165,570,396,453,370,463,432,461,591,976,709
2080,7,716,1269,773,1360,1288,664,708,785,1178,1915,668,629,651,923,818,693,821,851,671,1115,511,486,625,869,924,846,942,562,1189,923,1045,692,464,805,1935,1028,1320,718,610,1209,929,803,976,2150,1362,805,816,1032,609,595,830,1040,868,618,686,818,758,1196,1020,893,812,880,897,910,846,1223,1086,979,512,728,925,675,719,955,1042,935,514,584,573,905,794,2182,1035,756,835,912,891,851,799,1019,680,717,792,980,580,927,655,842,832,960,1168,1055,891,723,1131,1183,1172,666,649,613,965,1370
2080,8,871,1380,1205,1102,1537,601,526,939,1168,803,867,862,1329,1178,485,796,1360,1207,648,1039,615,571,680,1624,602,1293,1207,502,899,900,1093,829,454,1461,2243,1504,1280,1363,1924,1111,1372,1107,2292,1040,1138,816,935,1126,880,1480,1208,481,1073,459,842,850,1172,811,976,714,1675,1064,1174,915,895,1473,2059,1680,695,720,1312,551,1344,1084,1203,1465,666,578,674,698,1775,1585,1310,1225,1014,743,992,845,1077,1074,764,924,668,1088,594,1118,529,2011,1025,652,921,649,716,1398,966,1349,1115,525,1390,1561,770,1505
2080,9,628,518,674,1571,1107,539,698,1019,429,503,963,482,921,701,580,686,904,1157,716,947,1198,1019,2217,1407,529,2283,736,373,1458,859,512,1277,451,1036,1070,949,1862,1421,1556,554,933,521,1558,546,381,1257,678,644,1345,500,1038,456,995,582,388,515,1043,461,1943,588,1294,425,1112,1313,426,972,940,697,864,440,1877,437,444,773,1663,636,455,648,519,451,576,1082,1148,660,611,398,1151,510,831,1138,1227,794,740,755,494,650,464,1106,1087,851,823,395,540,1133,1318,1846,1462,629,1704,665,970,1420
2080,10,395,705,875,10479,2009,510,1725,1498,370,509,444,1070,829,384,475,574,1353,579,651,1257,369,754,1681,2630,472,1791,1975,548,2516,410,376,2211,376,402,1019,2204,458,1080,1260,1179,1701,612,1066,2007,384,969,364,359,391,1037,661,820,459,745,887,866,858,374,1426,871,468,368,1888,5292,591,403,872,414,393,389,1526,835,376,376,4798,810,1236,827,1769,648,1150,567,934,416,1030,561,404,403,2618,707,953,825,525,522,458,2253,390,434,395,1367,570,397,399,935,954,505,562,367,583,743,939,844
2080,11,737,1884,589,728,1073,1559,1012,396,452,962,997,1484,532,375,476,587,561,722,354,437,377,356,1786,498,407,967,441,1884,451,667,368,485,486,446,2214,530,397,1070,1017,399,767,351,809,478,821,3940,361,455,582,1128,1053,395,415,414,681,1487,3818,504,794,710,2308,1564,4763,3276,401,383,516,682,588,1385,1567,3989,354,674,634,570,406,441,985,454,1046,472,1050,672,520,500,534,509,719,2187,515,752,1282,374,359,565,1029,2482,474,1353,727,465,353,7640,401,379,539,376,1956,703,397,730
2080,12,497,1057,421,1060,1200,776,547,411,364,1549,931,1851,501,392,372,2133,511,1316,337,1301,972,364,6580,1024,779,1841,459,4296,432,526,413,1707,1239,1587,2228,713,390,2638,574,392,452,1048,2564,1142,488,1700,525,375,424,644,689,389,370,423,333,530,746,382,456,578,2555,571,4987,1340,404,572,669,471,618,540,3461,899,746,545,1109,943,710,355,1563,541,486,383,1960,385,941,1181,1940,699,1236,517,494,724,932,1242,384,913,425,959,749,446,489,1598,2119,759,1429,403,1958,517,809,2341,403,1680
2081,1,704,518,529,1292,1045,1636,719,404,477,1291,1198,1128,678,460,515,2834,425,1358,736,1349,1416,1830,2549,1233,859,2868,942,1793,451,404,1514,924,1696,697,1002,866,391,1242,545,716,518,4214,1199,800,388,1221,1016,690,585,1366,951,825,463,1851,366,897,719,721,1205,408,1294,508,3505,965,454,664,400,3381,512,417,2751,1121,1423,514,2233,1423,397,757,1173,3092,490,1760,1808,891,3902,1919,1180,957,1168,1147,956,414,3142,2160,383,909,425,1851,1300,788,822,1930,721,1612,3442,515,500,495,1005,556,386,665
2081,2,771,830,961,1162,806,1219,459,451,693,2177,799,725,2502,461,740,572,612,1590,888,533,833,2234,2430,4649,432,1119,621,1554,482,906,636,603,981,601,890,614,511,972,779,1154,681,3703,1437,700,429,2645,395,1078,386,771,1166,490,363,619,740,1061,815,760,1481,740,1499,541,2154,745,1129,785,1109,1160,638,931,3158,4145,5009,1348,4063,982,663,488,1467,1087,2094,1365,2162,589,1667,927,2070,1028,731,2616,1822,2247,3194,744,647,1363,867,1704,450,1378,1635,987,1390,2610,1722,811,824,549,688,804,754,1577
2081,3,776,1295,1711,1024,588,839,436,1364,598,1504,843,559,798,611,355,692,437,1082,519,477,705,775,4149,2127,460,3966,563,1043,547,382,902,1241,695,452,4990,879,701,1127,827,458,1187,2721,886,906,359,1001,394,479,403,492,917,605,353,693,497,489,600,628,1790,512,834,590,2336,665,2570,410,641,619,583,430,1243,2346,2183,1866,3329,1194,471,595,785,1738,2285,728,2396,408,1444,794,5029,796,639,948,604,1812,3057,2252,360,1860,1211,1231,617,798,551,1330,1007,1506,1304,620,1248,564,555,2023,615,1036
2081,4,571,756,511,1392,508,547,428,577,811,983,482,476,604,495,331,447,432,634,474,435,466,600,1422,1278,379,2934,492,623,632,366,579,1073,803,499,1675,575,378,3492,565,410,536,1472,572,579,366,577,469,375,361,466,535,376,366,487,351,432,457,401,904,383,571,500,1328,590,555,484,410,581,381,391,672,1005,1218,865,2006,704,380,2923,577,1450,1059,492,938,407,1169,735,1287,501,466,626,471,642,3360,1195,347,653,543,558,426,495,615,920,694,732,1029,499,700,384,459,685,410,860
2081,5,387,440,488,816,470,434,377,462,364,540,406,465,465,339,325,420,455,500,354,398,475,440,1152,640,371,736,457,470,426,351,478,492,490,457,668,485,376,870,446,382,421,611,446,413,353,475,1333,354,409,398,431,372,396,424,358,394,409,362,508,374,880,393,624,475,430,371,384,601,399,449,562,872,685,827,593,1739,367,472,433,624,519,424,724,394,653,489,612,591,414,481,423,481,809,702,562,478,388,545,403,681,451,539,724,765,524,466,544,392,480,532,371,709
2081,6,428,403,475,442,477,414,399,400,382,414,389,399,409,342,432,378,440,421,410,375,616,445,551,650,412,523,419,483,371,388,550,573,713,558,483,449,530,452,384,415,510,782,912,395,409,485,701,365,401,375,480,385,370,408,311,390,452,366,411,358,431,366,471,417,440,392,475,510,453,530,468,931,429,491,522,667,406,439,480,444,565,455,533,391,541,413,518,458,519,406,567,425,529,614,401,421,420,588,383,471,403,448,552,496,439,572,865,469,470,409,582,427
2081,7,640,786,2951,623,628,620,823,597,1053,879,638,656,1063,1164,443,969,752,1002,773,1069,1161,890,809,1750,972,1098,1053,875,652,1220,1064,979,1669,2130,791,667,573,600,897,601,807,792,1232,1068,697,711,817,838,599,920,569,470,1120,504,571,641,922,825,831,600,533,1080,596,861,1194,1117,1296,1193,1197,846,815,2388,541,1041,1506,1009,618,615,629,573,1191,905,1074,536,891,1005,1038,867,676,2160,1527,700,957,924,958,514,902,675,632,951,722,671,588,986,1128,1123,1251,855,778,815,679,870
2081,8,692,659,1652,931,576,540,853,1199,1208,818,1280,665,1182,1209,478,690,789,1250,1193,899,880,1605,1442,3995,1558,1235,1689,646,896,1160,1338,1959,1426,1374,1166,618,494,666,1348,979,921,979,877,2321,1193,920,2026,828,595,825,1715,527,880,575,569,608,1055,1985,610,612,704,1516,612,965,1026,763,1426,1399,1913,3135,968,1730,1681,927,1139,706,557,1309,524,1043,711,1527,1057,742,1035,1145,799,879,672,2318,1360,544,528,1101,551,481,843,826,517,971,824,723,1196,763,1420,1072,1240,1131,1397,1636,1026,954
2081,9,646,467,470,1826,414,382,1332,968,824,2220,795,653,870,407,392,548,850,1413,1679,1262,591,989,1405,2329,763,1177,538,448,846,657,1578,743,612,1235,412,815,884,851,2697,931,682,593,785,516,1073,666,1610,1353,1007,391,1397,672,840,607,468,492,1778,666,627,1039,1419,1246,560,458,783,775,485,1236,1021,650,803,758,406,1412,1957,1196,404,1105,534,468,471,1443,590,2107,711,1356,2393,712,867,1432,433,494,460,1072,1541,607,693,557,588,673,1137,719,548,922,1052,934,576,461,910,968,763,1083
2081,10,4135,1157,2917,10929,850,370,680,1362,945,588,814,3310,655,348,764,372,876,1259,3252,703,605,869,449,908,1950,406,485,646,738,1077,796,461,418,456,519,3156,790,1083,992,539,362,393,500,376,600,624,409,344,1114,518,711,407,1728,443,1433,2272,1591,4340,23474,649,1196,418,687,1005,466,1737,558,387,820,1472,702,908,2112,8263,1551,632,415,2333,5130,424,2432,459,1081,385,381,2029,806,396,1145,2712,412,624,585,501,923,851,878,1417,485,411,1498,487,437,800,1075,361,376,378,510,873,2325,2289
2081,11,614,605,929,1026,696,396,589,451,375,450,480,1631,724,341,1093,363,839,473,913,3760,415,675,471,672,701,389,451,495,648,446,671,564,411,380,4623,584,383,685,3963,583,354,838,709,420,583,708,403,1335,3436,598,1835,513,553,349,338,652,422,579,821,1036,1872,471,564,736,357,955,449,441,490,438,920,850,898,992,1523,578,367,1020,767,439,673,382,928,445,438,1072,456,414,400,2467,995,838,543,380,816,821,359,1144,397,479,1049,551,593,535,628,471,645,512,505,2110,784,937
2081,12,511,3444,504,1882,687,350,373,485,366,430,743,946,1460,1670,981,356,551,828,695,5087,2479,527,490,513,507,3502,466,484,430,362,2674,500,379,386,1600,486,1139,2962,1028,520,1438,479,1044,379,429,574,876,863,1215,380,2399,420,428,667,483,1880,938,637,1692,435,2450,1033,441,545,623,659,1694,486,459,529,2623,2420,546,3234,590,1925,359,707,982,1077,799,514,571,440,734,2453,901,2056,3390,882,618,565,422,376,584,524,698,1686,822,1328,576,881,607,501,6612,803,705,412,902,1887,537,1307
2082,1,1449,2060,742,1993,518,346,475,487,367,402,646,1284,2262,4313,511,1097,450,665,730,1483,714,420,712,1459,531,620,911,454,817,376,841,721,424,927,828,791,1275,782,935,489,627,838,648,410,1182,738,1044,1573,1648,368,1254,635,423,2328,358,723,1008,559,1781,874,3625,403,461,402,519,489,1380,628,966,760,1012,797,479,4055,789,1545,715,1011,658,665,2002,548,764,739,480,1022,722,816,2566,1237,476,657,372,378,590,405,553,2589,381,481,510,445,845,500,3984,798,1626,690,1516,1500,758,817
2082,2,589,1131,528,2350,1108,710,382,386,685,448,702,1266,1096,882,685,508,1023,970,1928,1124,1837,500,1110,3157,825,1233,1794,804,591,481,1057,448,1283,815,692,1783,795,2106,4497,856,650,467,671,536,406,594,563,1872,3435,414,900,455,503,810,339,1706,1375,1213,2470,428,3853,837,371,522,1210,704,846,477,768,447,644,825,929,2737,1257,1065,347,1220,671,1463,842,965,1175,433,536,787,1937,951,866,1120,960,1654,381,366,899,475,1270,3100,367,442,615,388,630,582,4459,633,878,2276,579,5084,475,948
2082,3,603,1559,592,2688,1752,902,370,409,506,436,431,1329,2151,2242,868,390,479,1257,1013,754,832,589,425,4782,1302,1870,1908,396,905,383,674,379,1057,551,1571,3430,758,1879,1836,523,3985,480,535,674,399,527,415,1554,2324,910,594,515,393,613,431,3007,636,1009,876,428,2062,1061,491,416,483,621,965,377,517,480,1299,3333,1042,1878,773,897,338,1402,534,1413,1000,420,2883,384,372,915,2179,509,834,667,432,1160,723,497,2198,484,668,1979,945,456,1732,379,523,4061,6500,1960,586,2212,1099,1653,569,579
2082,4,447,1065,470,936,942,658,357,401,355,373,418,1428,1047,1055,1092,361,397,842,508,569,762,531,509,2785,492,2434,737,365,497,507,698,480,534,461,748,1359,701,939,758,421,759,375,409,368,384,403,397,575,1472,420,1284,427,371,426,369,1081,462,483,599,503,946,568,598,404,392,465,534,442,404,435,912,1281,898,1137,480,700,437,594,482,480,611,392,1048,388,365,633,625,511,866,519,414,578,384,364,737,375,423,1326,428,443,823,380,467,1393,2661,1178,576,696,733,818,479,643
2082,5,580,587,839,602,451,503,350,372,348,366,374,563,512,484,392,383,380,446,443,455,446,386,385,892,421,1577,443,415,388,389,468,403,438,670,576,738,513,595,520,369,458,373,491,355,387,373,406,434,742,358,793,328,452,445,326,519,407,447,493,2177,566,481,405,386,365,400,434,361,406,407,467,535,429,630,414,586,414,579,414,460,459,395,593,391,380,488,472,481,746,449,398,431,360,357,633,411,798,784,355,370,447,361,409,474,832,553,659,555,468,747,481,469
2082,6,466,765,502,455,682,533,366,381,390,605,368,448,423,430,368,406,491,432,469,404,414,385,377,485,444,543,491,584,401,631,456,423,457,686,930,514,603,523,442,354,467,402,410,369,371,457,444,527,963,344,720,336,1358,385,377,449,383,399,481,686,468,404,393,446,429,371,536,399,375,385,422,496,403,489,471,686,861,527,498,433,572,531,427,701,405,538,493,425,690,407,368,411,355,356,418,378,643,474,511,400,403,360,414,409,579,465,536,490,494,462,621,394
2082,7,1718,1147,1068,885,1019,558,1367,755,742,660,856,775,624,846,511,1131,960,696,1106,900,550,520,567,964,946,1327,817,889,1112,857,788,815,1048,1176,2190,1427,978,730,654,817,998,824,618,605,716,919,775,1048,1484,892,1390,566,2241,1149,556,1060,570,1105,481,688,576,1169,741,536,545,659,1664,1672,608,532,2954,736,567,684,659,1010,1033,892,567,1509,793,1039,717,1074,811,1005,2412,511,1549,718,493,773,779,770,419,420,1005,1319,820,1102,730,806,607,1051,1174,532,1430,2003,1013,833,1089,995
2082,8,1585,906,1686,659,843,559,659,974,798,594,602,759,636,1673,620,745,899,724,761,831,573,528,536,876,2105,1306,1115,840,2073,1353,1029,1134,1579,1349,2695,1272,946,488,576,1257,1311,762,507,462,671,1135,964,726,1660,1058,1122,893,1091,1260,671,824,1637,693,738,623,871,1121,1026,628,1053,873,1974,2661,728,692,1048,989,541,544,1040,1181,2065,808,609,1422,857,1254,777,1336,2577,1848,1452,973,2622,690,994,870,1026,906,825,749,942,1449,958,780,542,555,798,2016,1585,730,1353,3833,1032,1490,1332,892
2082,9,1052,661,415,562,988,454,396,822,2852,520,786,378,844,659,541,491,960,580,753,385,709,698,722,846,1965,714,531,794,5639,919,1170,647,901,787,2060,1137,490,1617,1048,2875,679,1999,626,343,577,598,807,753,2345,3147,804,977,1457,2462,407,478,1547,1343,1914,841,2504,2964,505,809,794,522,916,507,818,544,392,1953,379,420,2067,1120,875,390,909,967,618,1132,775,378,1010,2533,731,551,1250,937,807,388,535,751,827,613,1443,751,831,409,436,413,487,1932,636,553,592,4790,852,2893,519,777
2082,10,1229,850,371,772,465,411,1048,469,2012,3249,996,402,560,374,1422,668,1201,376,496,1230,704,390,766,553,489,1030,1313,770,914,462,643,635,843,414,718,447,417,2038,375,491,453,2136,530,838,565,756,696,474,2690,1962,850,1125,573,703,694,859,3572,1177,1214,443,529,1721,345,437,2596,351,525,663,605,457,1915,1086,639,4560,2435,520,2066,372,563,413,504,1051,2050,399,595,2512,1458,490,500,637,950,570,655,422,1420,351,477,638,413,453,360,401,748,676,1186,6437,393,1192,1208,505,873,5349
2082,11,607,591,456,633,531,346,476,355,868,517,2183,469,928,599,988,342,709,733,362,399,594,802,532,378,406,3133,1018,483,597,451,711,404,679,456,1592,385,439,632,371,646,365,626,362,425,464,816,626,531,1235,3980,515,429,716,3800,820,388,809,1398,566,410,848,2576,548,373,1160,349,380,560,670,484,801,512,373,2234,982,383,1475,1453,750,1398,1185,400,1141,354,1578,1010,638,354,627,529,587,618,500,359,543,569,675,1202,543,505,356,437,607,467,1073,633,506,718,679,3703,691,2400
2082,12,2374,393,389,426,537,416,772,387,610,2049,666,1296,2971,537,441,1421,798,1252,362,1011,2345,351,815,494,626,546,490,1380,506,518,396,1750,632,485,1009,2033,1228,2107,1456,1397,514,1858,691,1313,398,444,521,354,2025,12109,2312,2781,388,545,627,446,1265,1134,2843,520,1331,1042,1413,506,896,561,377,1873,629,481,1625,1110,1365,1036,647,6521,608,2601,423,430,1474,497,492,368,477,2393,663,408,1226,986,3238,667,777,387,532,343,410,416,401,485,2498,1070,363,417,1728,608,371,1306,660,846,1684,905
2083,1,995,1344,1029,706,537,998,1028,665,770,3064,570,1372,2150,488,711,567,1519,1160,547,899,1498,624,552,645,491,536,987,1643,537,382,6284,9193,749,944,1781,1414,806,1407,982,1066,5692,2899,2590,658,374,1110,540,733,980,9326,853,581,421,1034,609,443,2316,2866,1269,813,1466,1795,912,997,503,1176,1382,800,483,401,2470,1258,3870,1891,734,2270,933,1072,560,487,1482,604,488,2174,546,1822,1657,740,580,1210,2012,1474,403,2754,1383,704,636,924,1048,523,1552,495,721,428,745,947,633,1351,777,1611,1749,1573
2083,2,1012,652,1578,390,968,349,951,654,535,1383,1190,930,1210,1724,433,712,743,3044,570,856,700,1447,433,398,989,853,660,455,506,450,3120,4064,1609,400,2846,1394,519,2471,1218,2236,1050,8335,1093,533,1255,476,789,371,1966,8506,1019,880,629,551,490,762,1700,1385,1910,551,1310,2794,588,678,669,644,1395,1106,880,488,1611,1496,1307,2324,696,4297,1545,1971,386,771,2252,636,734,687,1841,2544,988,1444,478,577,1315,580,931,1053,1260,2728,2638,453,653,423,1459,532,505,1130,2104,900,395,4266,527,2644,1743,1241
2083,3,1265,545,1464,557,618,498,444,585,472,1199,1084,2771,1099,628,2958,436,590,2347,1641,1646,558,558,390,370,594,878,3446,828,439,547,2393,9177,592,619,1541,749,2000,6545,642,940,1682,5943,855,472,472,647,419,694,1941,5776,1209,698,373,931,413,603,2039,2253,949,556,1017,1255,748,485,711,493,1300,787,678,344,1091,892,1216,1013,2379,4845,1873,1434,640,728,2593,403,456,564,1041,1267,1506,875,811,492,838,621,885,1379,1421,718,689,569,480,467,1832,468,1235,420,2573,732,565,2952,470,2026,1022,870
2083,4,898,422,555,396,441,348,418,374,426,690,741,704,672,446,627,390,499,748,495,699,502,404,371,387,413,480,1290,635,415,351,1393,3494,593,489,1264,522,2818,1297,457,617,1054,2142,482,514,370,397,384,358,991,2234,593,466,369,522,385,416,1424,1192,586,488,671,806,614,408,440,378,639,459,397,372,866,516,866,614,742,1371,755,736,376,431,1365,380,420,451,649,758,883,453,504,587,627,464,786,752,729,815,484,488,400,364,1092,417,427,404,1179,502,633,1591,484,831,1665,566
2083,5,478,440,407,377,408,352,379,354,408,516,437,507,467,566,435,389,420,470,380,422,499,377,369,361,385,408,723,418,400,345,660,1247,1907,423,3308,488,726,659,403,458,526,855,407,373,362,371,365,347,499,840,585,522,379,432,361,376,577,493,475,368,2942,524,464,391,398,363,636,398,367,495,594,435,454,532,448,669,504,485,418,441,990,368,392,387,588,530,571,1007,402,524,472,386,409,469,587,771,424,397,410,344,712,565,677,419,548,422,742,729,397,731,843,510
2083,6,504,379,515,389,430,332,422,422,373,423,401,526,1268,398,400,452,375,423,448,487,408,380,399,393,372,399,464,379,757,646,550,511,738,498,731,527,473,647,422,449,447,547,378,365,401,399,357,381,420,487,567,414,357,385,360,357,608,500,707,365,501,426,397,454,638,354,522,414,430,395,491,448,429,569,497,643,975,501,457,464,475,367,448,368,541,692,493,416,396,405,449,385,372,399,425,520,490,429,449,365,469,473,416,864,527,406,498,987,393,597,478,563
2083,7,1442,966,733,625,630,684,531,565,797,812,890,819,2761,643,500,744,1197,823,603,848,494,408,811,967,828,637,1025,611,1534,1462,898,1031,474,601,2617,881,716,1214,980,1294,900,717,937,760,718,790,483,618,774,2366,974,787,1148,716,692,750,1529,631,613,507,966,768,715,688,884,916,2807,902,509,749,959,672,958,824,889,1689,1369,879,912,935,607,880,849,525,975,1151,1208,935,516,606,940,924,778,1048,770,1018,889,1754,1406,997,1057,1028,766,808,703,1135,884,1201,662,736,696,1227
2083,8,2063,965,1170,626,905,589,620,414,763,860,1377,1135,1786,782,1028,886,813,1196,637,806,413,801,900,717,449,1123,1455,642,1078,1809,763,1172,636,867,2115,557,867,1000,2395,757,679,601,621,880,684,819,990,782,909,1291,878,1660,728,2259,904,1579,1474,1552,603,610,978,827,883,785,802,1068,2204,1002,964,1228,786,807,641,792,1259,2195,2942,2140,1078,697,502,1026,1160,763,780,1373,858,1050,791,457,803,1191,598,715,748,626,1118,1129,1268,1718,1631,1563,853,947,463,1438,811,1830,747,1263,936,1801
2083,9,557,1434,975,621,805,1120,1085,387,367,2374,1133,712,691,435,1538,2676,600,744,1126,1532,381,584,726,386,650,2320,1679,407,900,1340,570,733,532,818,825,844,1072,509,1292,460,443,454,1032,642,671,1074,1740,389,528,940,1212,452,804,849,787,797,2023,2043,732,2011,1202,462,876,587,429,545,565,635,493,1073,799,548,397,532,1769,1211,3126,2414,600,472,505,2288,1914,1570,525,1092,693,1293,928,895,1134,737,406,625,730,4318,1172,2775,447,899,1176,459,598,894,935,1412,387,930,1420,578,395,1496
2083,10,630,511,1464,456,361,506,594,340,599,991,3072,536,771,360,931,5396,923,507,1276,2464,526,482,350,579,376,438,1105,386,808,472,432,5056,423,535,548,700,892,403,1054,383,372,512,543,542,391,419,1357,598,544,596,395,369,507,1614,387,496,1289,15297,1687,4450,2490,386,507,492,415,552,488,542,516,409,911,385,402,503,1466,1148,2096,1075,379,571,396,1373,467,411,454,1193,616,838,441,910,868,2095,349,418,365,798,932,10714,454,713,638,1106,550,524,589,1092,682,679,1144,398,812,2013
2083,11,636,694,779,369,715,414,500,326,695,898,3834,438,815,354,564,696,1841,2092,656,904,819,649,416,2236,821,759,517,363,466,732,364,3196,355,556,869,441,4572,1165,669,585,846,601,491,1008,1540,957,433,1964,1558,2315,994,364,369,501,419,669,780,1458,472,565,512,410,379,367,350,415,1519,370,2119,443,732,475,1479,744,729,1620,1251,451,550,560,359,1208,399,736,413,475,1170,647,516,429,698,436,486,1213,1290,425,869,6680,348,896,550,751,554,842,607,2509,636,792,2987,2829,1743,576
2083,12,2092,2481,649,883,667,361,526,348,453,504,3410,2561,993,525,398,652,2079,4041,1466,1016,454,1281,373,1182,1532,676,3637,362,1163,1694,361,806,574,1392,2595,751,720,766,3451,432,475,2427,392,467,433,658,532,1036,3752,845,796,759,704,562,304,900,501,992,414,1766,1879,379,367,1602,359,780,1824,471,889,3285,431,385,398,913,456,1370,2835,781,360,403,356,1096,385,392,435,1027,678,406,572,1986,983,505,731,1005,1483,418,462,5599,396,772,687,1883,2144,491,994,1676,483,3238,1031,1020,577,2495
2084,1,1001,2569,501,925,695,373,763,1039,475,3253,4854,2356,2441,1334,397,2182,1407,2410,488,832,979,746,354,1379,859,495,2069,357,3279,2005,381,685,727,515,1586,835,656,479,4601,467,425,903,527,913,1918,1983,984,884,1054,780,731,483,429,524,323,527,3047,956,1691,1677,901,381,359,2627,835,815,947,525,2092,2878,633,657,419,1182,441,849,1893,1083,610,584,357,2498,437,1234,458,626,970,642,1360,1066,1612,746,1309,1021,1251,1355,1431,4811,349,832,1104,1157,994,1082,1495,2051,459,890,2298,1297,469,1454
2084,2,767,1318,444,496,1530,359,428,695,881,784,7161,2251,1613,401,503,1361,956,4142,540,1637,1177,989,470,741,626,485,1314,472,2943,2293,373,1747,630,536,2134,450,1406,955,874,454,1661,657,781,822,988,867,900,570,948,577,1425,1722,361,571,340,487,856,1507,1209,843,1483,420,976,558,579,1013,1568,792,2915,1684,1254,1277,741,2241,1904,1474,1225,1277,456,1895,361,2885,412,905,617,734,1510,562,436,2941,3069,760,701,638,1508,683,771,6328,873,960,505,1112,1559,1488,1182,1476,968,748,2921,1462,480,1022
2084,3,542,1019,649,2926,3990,323,370,1000,671,1045,5101,1403,882,469,476,1118,566,2125,440,684,557,547,373,1256,517,656,943,942,1330,4171,350,1085,842,1210,1180,413,3040,1856,1740,1164,1722,532,542,485,1700,524,1079,472,957,1106,1262,1359,356,749,290,641,865,2835,1171,819,3567,483,753,540,561,660,711,657,1071,1995,1984,1226,395,1326,1367,1084,1131,2005,378,609,373,1333,435,762,432,574,1228,462,435,1453,2422,678,3485,1241,715,498,511,10898,1128,589,497,1431,826,1077,735,858,686,894,2802,1952,810,761
2084,4,479,633,395,491,979,319,366,520,506,540,3186,1001,1595,452,376,615,468,983,420,491,411,436,346,1316,431,456,813,560,759,1502,355,800,387,1431,710,512,1081,662,957,442,983,487,382,532,765,431,636,406,600,1019,587,460,345,434,328,393,561,807,659,757,1200,355,458,428,464,497,505,370,948,699,608,481,387,534,642,719,832,1019,389,425,379,637,365,433,408,636,582,387,462,685,1091,516,955,1088,486,431,434,3296,398,452,1250,602,748,617,573,881,444,582,1103,699,566,630
2084,5,496,464,378,406,805,312,350,369,372,446,1737,542,1041,511,361,467,442,551,397,422,437,384,370,703,384,406,480,506,667,579,357,526,363,464,626,687,536,731,521,428,480,401,429,377,417,398,622,378,461,441,425,555,335,398,348,406,429,534,3023,463,504,353,427,392,378,399,805,362,474,459,518,459,369,447,446,626,558,475,346,500,648,497,454,399,374,479,487,485,376,456,485,456,981,451,489,403,398,854,375,483,566,458,469,440,526,541,394,602,619,548,513,475
2084,6,400,515,368,461,481,449,347,349,376,455,587,720,530,424,378,450,526,467,393,441,373,367,408,496,368,389,477,439,495,513,397,470,571,399,517,788,562,397,434,360,450,472,359,697,440,500,456,446,497,393,677,399,339,388,291,405,411,458,639,408,489,399,480,481,489,390,470,358,428,547,429,429,370,399,414,680,603,438,377,435,438,584,554,378,385,449,635,1278,369,402,420,421,1836,428,665,552,445,542,445,375,469,419,443,698,765,654,463,448,561,514,421,447
2084,7,1191,933,501,641,673,674,697,593,939,769,1077,1187,550,791,831,1040,1157,716,2158,699,511,549,691,930,1036,1022,1047,1038,1160,1796,821,876,1070,649,967,1276,1146,565,603,635,708,583,821,3533,648,1153,502,1143,658,660,1875,530,669,489,387,695,903,775,672,725,701,972,982,888,1456,1019,730,728,1236,744,970,1152,482,547,1196,1177,683,864,552,585,1014,923,731,795,638,2746,3554,846,756,1044,887,973,1956,1109,1282,460,1041,619,519,552,652,1299,811,1123,993,868,1280,844,1037,1044,851,1103
2084,8,1021,690,1270,1678,1015,756,849,1301,1035,970,722,811,969,621,841,934,648,1023,1813,1132,872,923,720,869,1011,1463,1206,859,2308,1147,730,1150,1610,1863,1769,909,1107,636,1072,841,702,859,3251,1865,1320,780,1065,1656,611,632,1794,1000,536,505,477,795,702,647,587,674,870,513,1766,1202,2950,1186,799,807,1445,709,768,1924,534,679,1820,1635,950,675,531,766,824,944,644,544,946,1095,3428,1268,1322,620,1239,3026,2239,755,1084,504,616,919,696,496,1312,720,631,1295,758,717,968,1286,6208,1369,949,1302
2084,9,1721,739,641,1471,656,918,1326,399,582,635,463,633,1091,392,550,922,1024,1699,11706,958,798,473,422,380,1541,645,936,890,1559,491,422,817,655,844,679,534,5008,775,1887,838,539,1275,1918,486,1394,1384,1253,2085,421,440,1558,632,883,478,401,798,1354,4619,1998,471,539,430,5550,1555,579,1015,612,484,1127,421,711,851,366,427,1974,567,634,1735,340,2483,705,1250,410,376,761,524,1489,2280,574,949,599,1725,1110,392,865,385,781,1191,895,424,1043,586,765,1048,931,565,2696,2762,1517,675,486,962
2084,10,985,682,366,2184,947,1232,549,724,481,535,389,527,1969,385,346,1342,531,999,1049,4441,2489,667,407,397,756,484,647,1279,2654,387,655,372,400,429,742,413,626,481,2364,481,500,750,561,672,569,2543,401,1735,1425,502,849,3540,1306,1586,661,422,1967,1829,417,470,1367,810,1456,794,1447,547,785,461,802,534,429,412,645,558,2328,444,825,2205,539,3243,2763,2287,354,349,5310,660,979,2012,974,621,2040,692,1555,1369,543,959,1006,920,901,860,2282,435,568,915,947,910,522,1461,568,383,474,2087
2084,11,598,381,372,2465,477,549,510,2115,809,617,380,624,631,795,483,1587,1958,401,905,544,6353,488,976,358,420,545,621,803,782,428,383,472,513,398,739,972,882,1346,630,408,369,787,602,1026,485,647,377,731,938,838,975,469,2036,650,495,373,1277,1367,421,403,2253,673,565,636,407,647,434,920,508,1160,1440,493,1382,632,1446,516,975,1757,764,831,1546,790,346,345,953,2345,834,510,593,554,698,526,1705,600,547,465,861,2109,516,753,1876,556,456,1699,463,946,1579,829,1909,1972,359,638
2084,12,519,1047,739,759,2449,450,368,937,418,472,1466,3268,535,342,368,580,828,735,562,1522,1452,360,981,409,872,401,626,602,523,1075,1086,683,1240,491,663,619,1892,475,479,373,441,1632,527,979,374,459,375,1382,1607,482,653,452,523,593,472,419,657,967,1160,1315,1718,1016,853,753,399,649,461,1634,657,1530,1263,1196,2373,3582,977,436,2219,1692,995,2366,1872,1527,998,450,563,3048,2891,749,414,591,1425,1260,1814,1774,914,419,672,904,985,464,2544,565,363,612,943,604,837,2071,1103,575,374,562
2085,1,3249,1803,1668,1088,548,367,683,2232,1101,663,533,767,1360,394,760,529,554,1253,910,877,1637,1165,540,1148,1424,920,1076,1047,583,821,3463,857,1508,632,514,778,5414,427,579,874,453,2939,629,663,377,557,570,784,6108,1840,616,446,468,472,637,1192,696,1965,870,1414,1606,725,974,1848,1049,2006,383,1328,1306,1272,672,678,1440,1988,1082,1131,1521,1039,1089,1201,2625,1168,1302,1089,537,1250,6417,585,405,680,789,1952,2687,666,1143,371,594,673,2022,373,1429,1087,1223,1648,576,1218,1138,952,2650,6242,1226,578
2085,2,1570,1091,826,1134,936,388,1061,1372,780,402,626,1422,2139,454,771,1485,912,917,1225,577,1389,574,567,578,515,633,622,1756,1204,467,2488,555,1467,421,414,2760,7025,2080,895,1097,779,1522,736,2980,666,1062,363,1547,3738,862,1840,470,572,751,334,468,529,1576,454,1851,1306,531,1800,747,1462,636,997,2400,673,608,1324,456,945,910,712,846,2140,1573,798,1632,8367,2118,1832,1292,634,1706,4277,498,536,517,529,1211,1812,515,659,438,1329,1462,1215,763,2161,769,487,1373,768,987,826,1450,2247,2368,4016,1031
2085,3,1377,698,1049,1442,1792,472,424,2997,1019,386,473,807,779,501,357,598,608,736,843,2063,1129,756,411,687,978,493,2076,938,2149,461,828,1074,620,3667,403,856,5840,1455,972,563,482,1242,841,1088,420,1338,731,1191,2796,1015,865,398,574,941,356,1420,1270,1172,813,1654,805,830,1160,1102,1038,1558,392,1414,1008,715,720,417,628,1146,587,462,2484,1666,483,1632,6028,1121,2494,1103,504,2766,4205,443,376,417,583,1022,1628,483,1831,1696,2374,705,1491,400,3460,1048,2231,1180,445,586,1536,751,2958,1167,661,1268
2085,4,811,551,741,624,702,467,372,1683,555,421,401,533,590,431,349,497,437,465,499,734,713,495,387,440,794,424,1039,1046,1052,461,1334,506,513,2378,493,790,3324,779,519,705,375,611,443,573,359,529,371,641,927,767,679,379,412,441,465,476,494,1608,506,639,760,429,944,771,998,937,368,780,482,1307,737,439,696,678,539,403,1231,700,424,812,1840,792,1144,626,489,1704,1683,415,359,377,457,679,1073,584,609,1094,826,895,798,392,1375,590,1576,1639,509,1019,931,1103,1079,1152,500,548
2085,5,488,411,415,488,485,367,356,711,395,421,379,424,537,585,350,493,431,403,419,497,509,376,347,382,799,381,457,512,496,425,537,526,625,535,428,914,1397,467,416,497,354,503,406,467,380,517,387,458,546,432,536,368,378,429,366,464,403,521,491,438,475,922,533,465,754,531,485,468,404,641,479,518,658,495,440,382,647,504,387,530,740,536,1479,413,409,1024,788,393,379,368,417,517,554,404,451,438,454,462,490,357,702,411,3538,705,402,553,599,559,565,573,438,536
2085,6,480,467,645,506,467,334,385,449,402,375,372,393,491,470,350,466,373,395,392,425,546,384,372,462,728,406,402,405,436,428,622,377,510,469,566,1004,711,479,425,539,410,505,384,407,355,459,359,431,449,495,773,371,368,367,291,385,418,470,446,424,405,482,454,516,608,697,437,412,397,520,580,466,512,548,455,401,601,876,409,436,629,459,558,382,489,490,527,381,403,400,486,404,461,396,390,373,416,516,652,349,493,406,1502,487,471,508,408,473,471,561,487,542
2085,7,1181,1204,1059,708,635,792,889,554,679,486,595,844,928,986,792,781,903,744,723,751,854,544,620,829,5011,930,617,751,1524,1017,1072,1100,1753,791,802,1544,1254,982,1092,590,1509,669,932,570,973,907,576,822,951,684,951,548,711,666,652,965,676,940,645,877,577,763,1423,1259,1686,1282,1219,973,710,1244,1518,840,1154,1397,702,1382,820,1399,897,610,1086,1055,1060,860,824,851,669,719,721,920,1234,1100,758,667,640,869,658,967,1335,699,667,669,1174,2275,770,1358,880,723,923,889,1281,612
2085,8,2185,694,954,771,601,1946,969,951,892,672,1048,908,1132,895,686,735,618,1095,658,959,913,473,561,1734,2381,470,579,582,2015,2086,1369,2518,1514,1126,718,1872,1163,630,1927,1415,884,668,617,806,1010,1115,1095,1368,1281,1228,1021,1000,774,618,785,1716,722,1023,1067,482,417,981,1569,1294,1451,775,1764,1393,649,1448,1466,628,1087,1154,983,932,763,1621,715,1193,597,1283,1583,553,785,778,1359,574,1611,1264,1448,1334,699,868,697,580,1263,1098,2057,670,851,982,796,1771,1040,2750,1327,919,2742,1120,1676,808
2085,9,2041,955,875,775,654,373,1031,506,2467,642,429,392,1785,1283,504,440,712,522,934,451,2250,470,752,788,1689,406,405,390,662,781,860,1718,1079,579,950,1091,1605,1206,1057,911,514,4532,547,991,682,1679,2441,910,710,715,378,905,1557,758,387,1913,543,913,1338,371,367,898,656,1489,1448,402,487,960,765,995,930,591,610,1147,1448,1192,397,782,1052,888,884,2168,962,378,1119,1140,986,690,1571,1574,864,875,1087,8337,451,376,3102,1015,1168,634,436,1384,1030,982,832,817,792,621,1164,3371,1120,884
2085,10,2249,505,2318,676,606,684,467,377,1101,672,671,1979,932,352,1726,1745,486,444,1247,399,2658,346,4774,872,1277,342,439,1079,424,709,1080,856,431,446,433,473,795,729,2591,2533,400,562,366,1549,507,811,843,494,1269,819,372,412,2081,399,845,907,843,446,2479,1412,438,1909,855,1852,941,407,420,598,818,1534,387,726,677,562,383,594,495,1715,514,1521,961,658,1523,436,760,1240,739,542,1140,518,1721,1204,2511,1042,1082,615,855,967,892,369,747,391,379,891,1790,2316,719,1167,2227,575,1635,438
2085,11,14177,374,1746,656,3282,405,347,473,423,1311,378,1999,607,365,473,1403,358,359,667,813,1449,418,690,617,543,360,356,672,698,449,390,2018,380,398,529,444,572,3103,779,878,509,431,351,419,460,742,425,539,537,2498,401,367,556,419,719,818,877,369,1599,392,468,894,663,1172,585,428,375,373,622,408,622,868,774,1374,997,1178,506,1235,419,3742,857,510,532,349,2865,443,1951,4138,2029,1256,787,507,2211,489,2028,870,554,692,774,681,650,375,1326,1020,941,507,418,389,1849,514,716,464
2085,12,2786,2028,1568,569,635,396,351,737,410,387,1098,1512,602,426,431,441,1268,391,1703,1620,1999,529,957,2518,711,495,1493,437,1520,444,1198,1179,978,1814,1420,1402,577,1056,497,1201,1732,418,348,484,621,2528,447,2062,720,1680,1815,388,1228,851,303,780,534,883,1465,1403,902,786,641,1257,787,501,365,651,1213,456,2650,386,2220,4153,518,520,2236,1559,483,2099,2522,493,1240,358,1210,596,3032,494,1414,476,510,550,1192,582,3157,1883,551,414,536,336,484,374,947,3190,619,1838,804,415,1943,422,675,404
2086,1,4527,1112,808,794,542,414,377,502,434,1919,1738,1525,985,1233,428,603,2909,386,1001,630,2805,607,584,1298,1160,3020,1921,480,1718,393,1422,979,911,1390,568,797,809,2428,2216,1720,561,670,403,439,363,2464,646,2354,653,2165,3235,603,554,581,350,892,1146,709,2261,586,858,1668,734,1338,1588,528,375,599,505,414,886,378,1146,2306,6930,533,1404,1017,382,4813,1955,667,1173,460,1605,877,1429,636,829,430,663,1052,669,1519,2026,1303,433,1349,496,1474,608,374,535,1533,910,1137,644,394,1080,715,1966,378
2086,2,3187,681,1671,804,473,672,624,401,1087,768,1241,2366,532,377,384,1331,1103,498,752,498,2389,530,3259,2071,1070,746,1212,540,1587,534,817,623,427,712,953,4539,657,3954,984,1529,1310,1227,637,610,436,1822,447,1443,1067,1754,1027,384,620,793,625,580,474,494,4654,924,696,2400,1366,1202,1054,952,718,406,628,579,1481,500,874,9805,1658,712,1337,853,513,5614,2968,511,1480,1377,2251,522,1911,962,742,1245,783,902,562,641,1725,676,413,1040,1521,436,468,377,1430,1488,2289,729,703,725,1551,1162,1128,379
2086,3,1914,547,978,875,574,390,347,1007,3735,599,683,2380,3055,426,479,715,931,560,525,439,2123,3441,2395,1023,907,1657,907,395,1349,2637,924,1751,464,705,1126,1147,466,1666,968,1712,471,1041,352,2166,451,1364,1013,1110,630,1986,1464,353,1022,405,332,525,417,1198,6308,663,399,1291,452,961,853,1439,357,455,657,421,981,830,1015,4411,944,519,1069,641,769,2409,1821,479,1899,532,2828,432,963,7246,560,881,591,2494,872,880,1329,649,631,2969,716,810,487,552,933,5392,1605,576,796,508,2173,1660,1729,362
2086,4,1189,468,686,495,480,342,332,495,804,449,682,704,1200,376,449,437,511,408,438,413,1257,456,1128,720,528,2206,1180,380,1168,587,632,773,454,665,588,755,416,850,551,923,421,510,631,448,343,747,417,560,600,1033,806,343,499,391,300,474,399,421,1846,469,385,596,468,616,587,476,406,591,449,384,624,427,543,2376,533,404,529,521,403,1192,1381,396,1231,435,1655,402,615,1101,548,490,475,3514,1037,481,833,592,414,1231,502,785,452,414,544,2889,618,480,456,372,1239,978,1334,349
2086,5,737,410,461,451,412,344,327,385,482,400,417,506,639,357,529,403,426,522,412,385,586,384,522,464,436,595,572,366,680,2933,428,488,378,426,500,580,459,516,442,504,391,405,354,397,342,509,402,436,437,500,670,344,430,409,295,389,376,2501,617,419,468,468,391,460,437,436,356,555,436,452,473,461,422,695,527,512,499,485,350,788,675,384,623,358,3594,382,479,746,483,398,417,933,761,420,556,419,465,663,410,974,376,374,426,1607,456,422,444,385,626,639,946,345
2086,6,483,430,409,482,375,379,432,379,452,397,392,530,965,632,353,394,400,489,420,376,458,395,460,410,417,417,472,410,569,573,493,554,461,782,576,475,488,544,396,431,382,402,341,467,444,601,375,469,494,424,525,731,390,355,284,374,377,448,505,407,512,455,408,404,449,387,434,381,401,361,465,406,425,704,578,510,414,502,353,639,463,426,454,524,1449,370,531,443,421,396,402,693,418,401,452,384,424,499,444,425,373,366,403,652,450,418,378,376,583,454,478,361
2086,7,1458,1027,887,750,564,749,1048,680,859,609,678,2522,1009,718,637,617,679,765,1009,871,451,617,535,743,610,1089,930,697,902,1299,1244,1804,869,1078,924,1114,1233,1226,1109,688,766,634,476,569,625,1134,576,940,630,622,1035,504,648,737,578,624,589,863,1015,421,811,1277,1047,894,848,883,768,804,566,635,1165,1119,875,1593,1002,833,1094,805,912,1595,451,679,792,1086,751,669,1100,869,1095,720,907,950,924,674,772,612,624,1309,988,1034,1584,749,714,3317,1115,1016,584,440,1060,1035,1042,696
2086,8,1061,1893,1261,947,651,945,1078,977,1825,1053,753,1665,1054,1092,696,713,855,1051,942,1227,431,496,814,3086,468,1081,1834,814,1968,2463,2325,1804,2721,1298,957,1129,1114,1252,756,857,836,850,560,1057,566,984,698,1166,616,668,1148,498,670,743,483,966,1543,793,1808,475,798,1158,1458,540,884,701,1220,1237,3234,1570,1628,1167,825,1572,1197,975,802,2102,900,2115,776,884,1192,1609,1278,942,1223,667,654,1651,2056,1012,561,648,892,523,676,627,772,820,1551,1292,1034,3288,1024,1112,896,1507,1133,1250,1361,1072
2086,9,466,1048,1091,1241,381,818,701,900,1311,1013,657,1351,807,596,827,842,725,1884,406,1198,436,452,860,1042,779,634,587,1000,1011,528,1185,1253,1767,543,511,528,536,841,1374,691,511,1160,663,2054,648,832,793,663,463,377,848,407,652,544,628,1622,2000,4269,741,475,920,1655,1184,481,412,1177,8979,855,977,930,1322,4729,1944,1396,1125,1300,557,1410,1543,1274,490,654,548,1236,1035,420,1259,389,1016,1063,2373,1551,955,444,1319,780,693,2324,429,1666,546,959,1223,1121,1197,1048,1063,817,732,505,864,1207
2086,10,2098,397,1042,2160,400,327,735,417,543,1127,613,7667,495,332,427,483,740,3327,555,702,403,386,1209,562,455,382,747,411,661,1145,1645,472,1298,829,451,533,735,531,517,427,451,443,2736,1238,521,646,1099,853,386,640,866,463,1069,570,330,1095,719,2605,481,1249,506,464,3153,363,465,450,886,521,593,392,1273,587,631,413,817,1542,1120,1281,1463,1098,889,2465,880,510,739,731,532,382,637,607,1810,735,8116,3503,891,408,1525,1975,377,591,571,1048,807,594,2248,817,1571,1296,528,371,1370,428
2086,11,565,377,507,1449,428,806,505,922,385,2878,432,2384,638,411,456,437,530,810,3805,526,495,379,583,1018,398,530,458,3122,973,875,743,571,917,453,368,647,600,819,571,511,409,463,421,679,463,725,490,677,433,806,516,389,437,517,438,1123,500,539,3871,373,685,715,539,396,434,493,1054,440,484,541,699,506,399,1472,1974,576,520,554,444,2008,484,469,376,1427,5967,1116,707,508,840,450,908,410,864,1105,1054,564,2164,1763,908,601,3221,443,582,971,847,803,1066,1378,1519,415,531,687
2086,12,410,385,828,2910,1164,770,2273,900,553,2407,586,5908,608,412,426,385,439,1276,1370,1722,368,866,2376,419,424,455,544,880,410,680,488,922,461,937,437,1960,376,1627,426,357,1262,1138,609,530,718,3514,377,460,371,540,502,1179,981,816,1245,1892,793,2357,520,675,503,1000,3209,2183,704,801,770,589,378,464,591,3833,1032,1197,3088,446,3830,480,575,1795,549,2961,1347,4304,1259,538,5139,387,662,557,506,443,1404,556,415,1055,486,2277,593,1207,1306,1159,3125,1282,928,554,976,658,458,677,483,481
2087,1,1185,530,461,1412,1772,363,2474,749,1030,1162,384,6458,947,917,439,449,370,641,546,693,378,957,2680,446,396,377,521,562,413,438,1383,1880,455,866,369,1042,384,499,377,1473,3769,1028,1523,4057,1148,735,854,17033,390,464,796,441,421,468,492,2637,488,1506,584,854,432,2469,3984,957,1083,628,507,465,487,615,628,2581,677,528,1852,430,2407,1121,872,1141,821,2123,478,1030,20211,949,1205,778,619,644,523,1173,2844,717,857,383,1151,2314,1272,2223,1336,1866,1495,1145,1584,676,802,601,757,424,699,1506
2087,2,2307,443,605,2637,1589,372,1695,515,1290,1141,774,3647,463,635,495,365,382,647,1967,649,708,562,2195,419,431,440,409,466,776,458,714,989,585,647,432,633,883,587,628,556,1715,510,679,2051,816,518,1165,2364,710,1023,420,3889,646,846,438,2301,732,1369,841,4005,544,759,6865,1003,761,763,709,358,1596,369,812,2487,759,514,2037,1113,8658,1161,929,742,2552,1330,577,3234,13237,555,1291,473,4003,444,1570,3413,2064,2322,614,387,964,2147,907,1487,954,3350,1244,1894,2750,1031,1704,1511,555,570,2188,830
2087,3,840,3407,689,1938,3373,358,1469,439,926,1255,477,4329,683,572,1003,381,404,1974,1312,911,808,511,1377,787,604,1537,428,564,512,511,543,540,466,914,491,534,1590,1536,405,425,675,1051,744,1498,733,478,1960,2150,619,637,1437,554,392,483,330,852,437,1303,1648,4450,579,1543,5672,1635,450,428,609,3374,6215,364,721,4670,1051,594,1437,669,3537,673,487,770,1341,1398,711,4086,10326,518,1548,1010,2259,441,681,1238,1782,1245,628,489,598,3915,1276,952,972,4822,1000,1259,1806,966,1180,1647,844,421,735,605
2087,4,526,981,477,675,1009,358,905,429,686,569,375,1799,926,366,360,345,417,998,624,563,362,448,1458,649,794,648,381,444,383,413,876,519,499,565,349,474,453,679,363,379,524,552,507,701,399,429,704,1314,350,515,1132,428,422,357,302,582,409,761,1061,2508,390,704,2353,860,450,377,429,761,1399,408,497,2461,495,478,623,481,3224,600,451,620,562,661,550,1329,2600,401,1044,1100,826,1146,516,667,1105,634,1215,367,490,1757,643,592,590,2690,745,654,834,530,783,1160,1246,454,526,548
2087,5,430,430,482,566,510,365,495,379,424,451,366,811,454,458,345,340,375,460,457,436,352,360,595,387,492,2275,372,520,380,382,439,415,553,397,404,407,432,465,377,365,476,393,738,694,368,417,449,625,343,375,570,416,371,419,326,504,429,510,537,569,350,462,758,556,377,360,538,424,536,374,434,898,451,393,478,444,892,515,479,532,425,489,463,815,1025,379,559,689,512,379,432,471,552,616,509,360,549,756,419,444,702,927,595,516,731,726,643,485,518,456,449,423
2087,6,436,428,477,506,592,356,495,363,399,399,414,574,475,338,332,337,360,447,419,442,374,446,548,372,377,595,501,555,532,420,930,528,487,382,405,414,381,479,407,407,429,485,389,603,379,390,421,529,410,362,526,468,387,347,292,404,402,516,414,875,504,530,580,596,365,370,682,415,419,420,449,488,395,534,489,518,788,494,393,614,458,522,385,763,597,366,481,708,411,367,553,437,500,413,399,427,420,500,425,464,683,497,440,432,489,449,597,475,449,578,545,439
2087,7,1022,1122,1725,659,1228,896,647,725,852,775,385,1827,1286,566,620,479,796,809,939,722,833,505,717,1084,631,1585,525,945,518,1044,2034,611,745,429,1411,674,854,1016,648,835,617,676,793,1022,667,1001,597,1377,886,1069,686,1171,853,947,692,771,2457,649,905,1140,574,982,1017,508,1721,699,683,1090,1020,1034,1051,1132,630,1029,1001,534,1242,947,718,751,754,1262,942,628,1155,1247,2168,737,890,618,968,582,723,661,512,472,985,710,930,1105,1577,1301,1131,2068,933,1355,892,927,905,1299,2658,662
2087,8,1348,754,1870,1166,1122,671,946,617,2965,736,984,999,1051,1217,1158,542,625,582,1031,521,2108,404,729,1720,821,1081,643,963,1083,1125,2289,1961,1204,1105,1315,562,1441,1520,932,1120,660,620,837,2092,951,963,942,1823,737,1583,1132,1176,744,560,1157,624,3669,1252,668,1119,429,1081,603,673,1550,489,1051,2371,1090,1372,1070,1088,455,809,1586,1031,1627,583,621,1148,904,2101,1069,738,1822,2182,1259,482,861,839,1923,1359,1103,721,624,683,493,750,862,1143,1352,900,1415,2138,2853,2570,1091,1694,1468,820,2142,640
2087,9,2042,775,2549,987,1102,922,541,833,4129,1610,390,1994,1085,574,1053,496,776,6263,556,569,664,483,531,869,663,746,489,488,603,755,1516,582,929,1053,3559,917,1091,700,5171,1127,417,512,721,1269,767,771,957,1003,764,490,884,466,830,516,677,443,910,1149,1009,2325,511,601,427,1036,1414,663,572,1344,1339,3502,1203,4272,996,882,2439,1166,821,429,1154,927,590,2526,1035,398,1939,756,1208,448,876,723,1559,3141,974,805,713,1047,378,608,543,2188,1102,416,870,596,1310,767,410,746,845,612,623,394
2087,10,1035,547,1024,1236,417,1563,369,538,685,3602,496,1184,411,375,1300,516,1261,845,572,8934,733,1543,739,772,356,488,990,565,543,434,1536,990,1485,482,762,387,701,444,2527,1017,358,1451,1543,436,362,564,474,720,3717,1055,851,388,4288,372,568,418,4234,468,2238,1686,851,1449,439,536,459,505,862,400,553,1055,1693,638,615,887,4768,673,980,558,470,1485,974,1560,2037,804,1505,840,647,1575,1849,500,1137,936,696,754,778,1861,528,2058,415,1196,831,624,766,444,1530,585,825,976,407,350,484,468
2087,11,2875,586,1522,482,384,406,361,785,585,818,509,1195,651,325,379,358,678,659,1111,2421,555,384,789,385,345,383,400,427,419,521,789,444,629,1705,2294,359,1198,844,671,745,355,1817,429,1284,411,769,387,1794,494,661,2198,365,615,483,611,372,4771,568,3234,1850,1547,739,363,493,482,445,373,514,486,578,1330,435,444,577,3620,1196,1859,837,647,988,396,857,1602,1407,3505,403,476,476,583,350,1363,803,513,689,1964,739,900,602,481,3335,1729,907,800,599,681,387,777,1542,1446,1441,655,567
2087,12,1035,1066,4014,687,527,468,413,845,1596,665,2717,486,2168,355,1732,428,615,1014,1477,1183,783,532,561,376,375,450,3705,1122,573,1205,8763,544,878,2079,2091,2008,7682,546,632,528,369,1777,734,1949,354,499,366,4601,480,2920,2897,2847,636,1151,306,363,2092,1285,2743,975,2280,1217,2569,367,650,1406,367,428,831,1065,2503,6850,411,659,1853,507,1054,1010,480,551,1001,1183,3652,2807,1264,959,398,530,414,846,917,634,446,1493,475,608,805,500,356,1899,926,781,419,2944,1299,421,384,569,1812,749,3234,737
2088,1,1011,1847,2003,1061,472,415,1237,742,819,3275,2375,469,1055,1237,784,578,1614,1324,3197,1104,480,882,1436,680,720,471,925,822,391,515,4177,673,974,1870,1058,542,3575,736,1610,494,385,946,722,1259,338,583,580,1760,797,807,2421,1729,480,1457,351,1206,1970,1481,3514,2174,1992,489,854,1085,922,683,395,385,420,1392,1777,3784,561,418,2057,944,627,2061,745,1009,660,601,1994,3749,797,903,451,921,408,375,745,659,406,458,1434,4187,581,583,384,2046,873,1669,797,1489,1041,680,494,1026,1001,1425,4340,3118
2088,2,1203,1964,1405,982,478,385,892,431,669,2139,1276,486,2693,366,705,623,997,1456,3846,851,572,415,489,495,385,407,812,713,555,1910,5566,758,1003,2499,867,710,3780,633,1323,527,376,1231,1103,1541,492,1311,421,1493,827,1264,1813,714,619,565,362,1246,3901,588,3620,3807,2069,705,1006,558,1023,472,424,737,607,705,2200,2954,1267,548,1945,1164,1081,2332,673,542,1159,1602,1404,1951,731,598,853,453,562,435,858,1193,410,1050,1093,2371,693,1521,369,1332,978,1853,1034,1493,689,529,394,1905,1741,916,4630,3002
2088,3,931,1706,896,526,612,391,447,401,678,1360,1089,435,1041,335,686,420,623,859,1415,617,507,474,437,783,766,366,626,1162,612,565,3476,536,2835,2872,705,1410,3246,1301,2437,490,344,1067,1407,793,350,1321,962,896,605,848,2396,1924,432,456,291,664,1495,584,1285,1765,916,938,2767,431,1129,1126,580,2104,465,577,3133,3125,1860,1227,1189,692,759,1504,558,563,1554,831,841,2243,675,805,1376,404,902,479,582,543,382,1620,892,1170,1292,602,351,1001,841,1138,447,1705,667,399,528,1129,1830,947,3799,2806
2088,4,502,710,576,480,408,351,396,378,483,807,716,408,762,329,562,340,486,487,703,502,391,443,399,440,624,354,539,602,365,939,1189,497,1041,930,555,587,3032,1596,1034,381,372,714,514,496,320,611,2075,600,734,548,910,1362,402,392,286,418,683,432,830,861,611,755,1661,385,622,424,362,492,564,497,926,1744,1761,411,625,540,1259,884,482,433,717,567,553,1498,510,630,499,415,414,379,458,517,371,1334,675,606,713,475,347,773,607,794,411,924,486,389,626,647,1203,899,2252,1210
2088,5,458,466,463,452,393,346,395,367,414,500,436,422,483,326,394,326,401,435,632,434,367,363,379,435,341,348,431,404,445,716,659,447,2218,562,483,446,952,550,502,367,339,435,516,436,327,402,589,470,409,429,516,559,380,365,312,400,523,409,539,503,440,430,694,366,435,406,347,517,386,629,591,819,1226,474,519,531,476,632,393,446,478,476,466,883,444,398,417,374,433,363,405,446,378,499,541,473,446,472,359,520,484,487,465,548,690,378,552,462,979,649,1067,589
2088,6,444,440,419,518,408,375,371,377,417,431,443,496,500,621,422,317,437,1053,425,392,599,374,431,434,365,365,661,566,443,780,463,678,934,473,580,397,539,426,455,395,378,435,604,460,328,489,442,412,390,390,715,1896,561,359,361,405,452,390,530,521,452,387,438,409,469,407,378,549,374,453,764,563,593,479,448,420,446,592,368,411,401,449,477,512,518,384,399,395,1661,462,423,382,376,457,491,503,441,496,380,626,404,537,429,475,439,360,469,476,625,485,610,529
2088,7,710,1255,1341,614,899,787,911,607,1040,954,902,866,1360,543,1051,995,765,1579,960,731,1157,599,904,760,869,491,1105,737,712,1184,1004,846,1016,1494,2063,545,670,843,892,778,914,665,735,779,1269,988,566,873,1149,1044,1035,1367,786,756,537,631,1400,591,670,716,678,849,485,573,593,977,846,1716,1189,871,1040,974,672,1053,774,645,1060,632,1176,609,659,1861,612,1347,1179,994,929,1358,649,715,568,742,809,691,1021,996,521,1555,628,963,624,982,727,893,959,770,1452,542,1217,1218,1372,586
2088,8,942,986,941,703,484,594,1187,581,930,712,2083,979,2041,1180,571,1069,814,1791,893,750,533,528,1162,1089,717,606,719,719,1326,2035,839,1384,1550,2441,3952,566,499,1322,1046,943,903,487,803,1258,1031,674,870,1680,1295,918,1058,1862,1042,690,823,2302,1474,1178,518,1072,910,800,708,715,515,738,1220,4875,2580,1814,1040,1550,650,973,1182,870,699,1140,4635,1560,717,1369,697,1032,1102,1328,2031,1470,973,1137,939,862,857,984,846,1066,896,1172,778,1273,694,1103,1592,954,1724,879,1667,504,902,2222,1550,1039
2088,9,951,1174,938,900,457,342,728,1438,402,382,750,2012,1324,1716,649,612,384,885,946,457,363,1201,642,1115,467,702,1265,511,521,874,668,1809,568,795,1202,1578,375,1640,1472,2028,475,408,1171,782,448,499,819,1184,469,659,530,756,770,560,732,2406,1027,480,559,2531,936,406,438,832,378,569,568,2227,2349,835,824,963,382,930,952,524,465,2588,901,656,2030,477,755,771,473,668,530,1665,972,533,519,2209,413,448,771,1270,616,420,1183,1102,995,748,1226,1140,1360,697,810,683,1086,815,2185,474
2088,10,381,745,1400,408,1252,1550,2266,408,505,403,3745,3021,2153,1116,425,1117,715,494,2843,401,568,2132,1237,2212,592,460,1055,355,2987,647,458,1503,702,511,1377,1420,715,907,1159,1688,552,470,1026,730,352,377,368,796,499,569,443,403,743,478,1007,1483,496,370,1872,801,1171,359,396,523,355,676,384,620,3222,796,2807,1071,896,1562,1993,900,365,549,474,507,1837,391,412,438,1240,1101,1252,407,4973,345,725,1986,409,368,3012,1502,616,410,358,424,423,422,1312,781,429,719,1088,497,663,447,1230,1019
2088,11,376,395,748,470,567,886,539,409,411,1615,835,2290,1648,531,347,708,1109,392,675,442,689,451,543,1514,345,486,527,528,657,1034,399,1207,426,2582,2011,690,2347,417,838,597,516,1289,3737,1649,504,910,566,394,862,2044,472,375,636,390,544,566,507,981,713,599,683,462,391,347,354,1423,1046,1267,1020,650,751,857,813,1785,458,2032,625,471,592,2336,724,835,451,616,850,1097,1307,929,547,329,367,755,517,526,905,480,2308,3937,347,800,497,374,675,5307,670,408,700,540,387,402,487,3029
2088,12,507,748,3707,1434,493,3109,636,634,363,1149,2988,4339,850,583,360,385,880,2070,478,1501,2031,1647,982,822,409,445,399,1420,589,850,363,632,371,2049,1322,1200,2483,3185,579,1802,327,710,603,729,414,369,379,935,371,4521,415,378,475,339,429,1588,936,388,1599,1850,462,1611,905,363,348,537,2011,548,710,731,1144,861,1966,1975,767,4188,2389,561,968,843,1584,5116,478,392,989,474,534,3024,1662,349,1340,648,343,462,503,826,3541,2566,706,401,645,568,2139,2746,2282,467,1679,813,963,1323,507,548
2089,1,371,448,3869,1369,1002,6917,1773,480,386,473,4883,2710,1175,826,363,361,515,954,777,1570,1312,1888,916,2708,317,578,391,536,1147,955,567,1886,373,1534,1059,588,2204,1244,1881,1010,472,497,936,1101,1497,475,1507,494,710,3060,1652,372,448,557,330,1796,675,1219,596,2982,814,661,1542,505,347,1414,1692,1617,787,480,618,619,904,1166,471,3647,876,1979,476,824,953,2882,750,2336,671,1145,460,1281,809,1859,488,706,1877,1003,707,1422,779,2332,904,461,1679,458,1361,3746,1056,573,1920,562,1220,1663,674,786
2089,2,409,414,7063,818,853,1868,627,913,355,1627,3170,1843,2271,400,596,735,406,712,623,954,4073,1186,477,3171,824,556,465,1240,1922,1348,1136,1456,411,1087,3052,814,2394,907,982,1131,388,880,631,1217,434,357,563,773,398,4359,498,649,415,974,328,1766,1319,1326,857,1422,760,1875,800,345,378,1026,1130,630,901,692,665,844,693,827,550,2078,891,873,595,1426,775,3710,1738,1546,2840,1585,833,1053,911,792,440,1221,1297,844,1193,849,2608,2696,467,863,524,755,2286,1717,888,582,1111,602,553,1978,2959,970
2089,3,604,408,4102,1549,972,1365,690,493,347,1633,1734,2847,3091,380,450,525,429,1161,527,1151,1253,858,432,7564,1196,387,614,804,816,836,1183,1216,409,667,1882,535,1621,642,1066,738,1009,754,773,1813,440,353,398,442,415,4058,562,420,367,355,786,1162,1175,557,643,4135,714,1350,710,337,460,594,846,732,596,553,1402,648,718,782,432,1053,630,870,472,1536,555,2349,645,3664,804,4391,1430,820,1629,678,396,864,619,1213,1388,606,4698,2823,464,729,505,1165,2111,1612,1839,369,3629,524,730,1540,2476,970
2089,4,357,397,6130,730,569,1140,447,414,364,635,748,1159,1081,357,533,418,387,709,413,634,786,672,395,4622,367,502,572,492,748,635,505,778,1182,587,786,1087,991,515,821,581,502,625,482,525,465,354,384,400,365,1877,489,357,359,339,309,600,894,459,474,4085,408,762,537,340,376,614,670,610,510,450,784,507,537,666,401,615,474,544,406,615,584,1494,471,1094,518,2130,1007,550,654,499,384,609,454,512,750,540,2590,2110,393,423,433,525,1407,1054,1476,357,3327,413,1159,860,1355,520
2089,5,350,461,1102,461,444,614,401,372,345,511,549,571,695,405,331,397,370,465,388,423,502,477,374,976,340,352,366,408,682,455,469,670,581,456,1193,444,582,438,444,437,448,407,416,510,351,373,361,376,369,648,396,353,354,338,351,549,426,391,420,616,480,439,419,342,334,421,814,534,699,390,466,405,422,484,380,564,433,416,380,595,437,687,874,714,435,607,630,516,508,377,431,450,406,417,611,415,618,2442,358,411,390,405,615,1040,844,350,1439,427,740,783,669,430
2089,6,354,505,696,702,430,446,441,704,338,488,449,532,476,387,534,405,364,415,398,423,434,444,506,501,337,404,433,497,507,522,400,435,371,726,624,479,659,485,417,401,411,465,402,1594,406,685,355,391,670,686,1185,362,350,370,311,415,413,475,389,465,436,414,395,410,391,384,461,436,458,416,399,387,388,426,438,450,381,536,387,655,610,775,506,488,1111,486,462,436,468,361,472,398,396,810,467,478,488,799,641,378,421,487,554,477,457,343,717,406,497,1414,592,392
2089,7,969,631,734,991,557,1005,1061,949,650,974,580,1191,1430,508,1038,473,603,653,614,794,1667,518,1136,1623,898,1653,2886,662,766,1079,777,884,849,693,1482,940,1021,819,869,753,1461,566,925,1236,620,863,716,611,874,1525,895,511,618,498,652,927,939,968,948,627,725,982,561,993,1104,498,1425,3333,1100,745,792,929,678,1079,924,580,528,488,843,555,892,895,862,977,1558,640,669,1662,701,1094,1179,675,722,1022,516,1870,850,806,1215,1125,976,686,900,933,795,604,1316,908,842,1000,1198,725
2089,8,528,541,476,1234,709,627,807,578,499,1128,694,771,1492,725,956,792,1257,648,836,1818,868,585,1501,1160,523,939,961,793,1491,1334,1247,1122,749,3428,2189,593,1240,730,1346,878,826,520,1221,770,507,1542,652,853,977,1623,1820,844,540,408,777,2501,1541,1583,1044,1893,508,857,2119,1060,951,636,1634,3428,1138,1331,672,1879,743,1164,1140,1162,751,445,567,591,669,824,954,1068,1007,749,846,1754,646,1279,532,997,700,928,873,1671,860,548,1351,644,1336,499,1278,1722,1849,1168,990,1123,1311,1069,993,1103
2089,9,631,2244,401,1454,1081,458,701,519,343,6389,700,490,1079,491,441,805,1310,1768,819,799,617,484,971,799,458,611,676,585,860,1340,464,3211,485,1529,1455,693,517,675,1303,491,425,413,1374,458,685,1143,796,894,2223,895,1912,550,391,404,482,6687,578,1125,1311,1032,646,430,970,2449,573,440,4008,723,492,839,1170,1550,545,528,2821,1505,1133,1843,372,382,945,396,965,504,680,719,588,518,731,772,568,942,424,779,453,938,750,398,628,681,1183,495,501,1503,933,463,565,534,605,657,1104,1681
2089,10,1070,2086,525,5718,3146,365,1075,396,470,2230,788,595,501,326,332,434,2140,2396,985,471,441,530,1764,2381,390,1918,413,996,589,391,1383,671,471,1190,827,380,641,455,1027,364,849,390,392,411,2345,845,632,1528,994,969,1422,369,1070,1163,748,3635,398,768,3322,873,492,431,1816,739,1146,347,1680,517,1028,394,759,765,403,457,960,1064,594,536,361,611,1107,372,522,646,4555,2124,476,554,977,543,615,404,389,503,770,3349,824,367,441,416,395,593,571,526,1198,342,449,438,513,454,890,598
2089,11,543,1075,493,982,882,372,383,564,443,1803,658,379,2089,324,457,354,712,1339,668,1333,375,457,732,1197,590,475,379,716,493,638,1179,668,342,856,2364,402,497,461,1793,454,494,1022,394,413,534,473,363,716,1078,779,1140,335,370,470,317,1827,623,663,554,1960,723,478,453,694,494,344,1661,695,948,540,828,1132,733,523,577,749,2897,720,380,820,1887,758,682,439,823,1703,638,729,638,354,2783,551,349,397,1439,1276,421,689,343,402,469,349,601,620,1093,384,713,481,592,905,1193,780
2089,12,385,516,376,738,3123,918,855,462,504,1012,555,675,1927,327,364,356,498,1775,2998,1187,373,828,641,584,374,700,658,488,383,974,812,530,339,877,2348,3391,697,602,484,368,1360,411,438,597,1422,401,382,1297,492,1158,641,341,465,470,300,1959,554,526,756,560,668,938,557,414,521,403,2228,411,506,598,712,438,1069,618,449,1502,1225,574,443,792,1368,740,2848,450,2015,517,531,1078,785,350,1164,432,924,730,849,842,666,982,724,839,1134,443,373,491,1139,334,519,880,1301,434,1100,3049
2090,1,402,500,593,700,4831,1571,748,477,897,729,740,543,1575,1099,335,443,1532,929,5124,1027,372,1649,1016,613,431,1766,1472,697,1340,1249,612,759,337,502,1489,1212,384,460,546,443,2069,451,1646,1297,551,429,533,2053,505,593,1249,615,356,346,462,1268,448,454,560,678,700,508,818,4727,1488,651,1119,440,438,1014,1353,5481,1250,484,434,510,2327,811,1308,5320,2302,714,1569,586,1668,973,404,1199,2276,473,1328,900,1353,545,1221,868,740,827,1154,455,1288,2539,559,433,3729,857,664,1368,2407,605,1052,5972
2090,2,708,967,576,594,5455,520,520,943,930,1644,901,373,1253,669,451,591,922,1413,1287,1003,1178,716,483,1001,626,3462,611,899,552,476,762,615,561,486,2639,2515,409,841,474,604,772,412,592,874,1139,370,853,972,441,637,623,436,341,348,286,884,1102,1056,642,2400,392,576,882,1767,447,1297,765,393,434,627,758,1180,589,459,410,1174,2574,2011,1925,1991,2503,1182,2336,2095,4219,1047,1420,4002,1010,852,2436,649,814,730,1589,1105,628,1064,1287,808,1075,2573,468,429,4332,427,1026,1118,3417,514,659,3750
2090,3,362,1037,550,578,4227,696,476,554,1653,1224,550,789,1892,2187,456,434,841,874,913,2320,1458,1374,543,2261,356,1623,524,568,452,496,895,1737,439,799,1124,954,3631,547,463,355,783,359,522,479,523,362,900,893,411,699,923,335,1086,556,296,2139,2452,743,752,1032,445,523,547,2170,492,400,624,384,404,436,875,2279,606,495,386,1090,1290,583,804,5609,2391,864,4451,1150,4989,1284,843,7408,612,494,1443,648,439,1504,1349,1257,403,1986,789,2359,1098,2744,671,627,3561,358,1360,1197,5465,1003,1180,2589
2090,4,353,584,364,575,1983,464,491,566,685,621,474,390,4527,616,312,350,505,575,582,709,576,967,427,718,332,1105,451,567,491,483,543,732,457,561,593,567,513,573,404,349,521,351,417,421,482,356,440,602,387,441,563,324,392,360,321,929,584,415,449,522,376,384,473,1644,423,404,527,439,394,460,537,1177,440,411,375,635,950,451,687,3810,917,455,2493,680,1732,771,860,1650,581,362,593,488,445,872,786,656,393,832,542,1291,688,1526,428,407,1519,346,814,876,1372,737,684,1677
2090,5,368,427,354,420,675,393,372,397,434,469,386,363,3270,393,320,318,421,448,503,460,474,576,484,487,419,611,443,487,428,390,418,494,409,479,511,467,626,374,392,500,401,345,399,393,409,353,384,434,560,395,580,408,352,322,269,546,427,386,410,432,354,800,400,750,372,1778,453,363,419,468,433,532,409,395,368,457,551,403,443,1055,506,399,1183,446,664,517,2125,647,422,350,815,385,404,589,481,477,678,777,412,507,456,932,660,439,645,374,460,464,3132,780,3354,991
2090,6,357,746,360,400,752,537,503,465,455,411,489,355,854,360,459,365,409,407,456,443,637,465,462,424,386,494,756,509,421,545,381,398,467,444,724,470,639,413,406,345,390,423,373,377,459,453,358,429,378,608,392,373,340,317,268,477,423,380,515,482,475,441,382,520,372,536,416,369,362,449,479,441,691,427,371,407,465,439,396,773,574,668,532,399,1371,539,3035,474,672,357,473,392,382,417,422,411,466,497,397,499,434,463,451,393,835,362,679,508,575,595,718,505
2090,7,1389,628,575,956,978,805,1320,678,979,605,637,739,998,678,994,714,803,708,830,788,647,630,517,884,909,785,899,935,898,1092,634,955,945,711,3216,742,777,622,921,802,819,527,947,799,1163,1073,536,1005,682,560,1253,578,725,529,422,858,767,1174,690,570,912,1390,642,808,530,1204,917,1568,1123,739,1310,685,1144,1333,1005,906,1223,1585,616,919,868,880,820,1036,849,614,6947,703,1362,957,1056,776,1340,611,968,913,411,693,487,729,841,639,820,1113,2173,1198,733,646,654,1056,1277,1019
2090,8,1082,539,721,717,634,1002,900,991,816,759,681,680,1156,780,600,1045,681,826,911,3397,836,530,557,968,841,1228,984,527,1713,1116,2720,1638,1056,933,1648,844,1398,1049,805,3214,602,414,1400,558,1207,680,816,965,947,716,1701,944,757,545,489,533,1130,1043,842,461,679,1167,469,520,406,948,1656,1968,2914,1154,750,804,923,1591,829,1290,1310,891,835,829,631,1202,1186,1303,1026,1139,5304,1010,992,1292,1431,869,1154,993,767,681,514,1296,415,1194,1301,706,585,2634,1293,1754,1285,3648,1143,2071,761,820
2090,9,921,731,686,397,639,619,1441,558,669,749,694,520,1563,521,579,494,503,452,626,2501,612,512,566,510,811,764,969,596,656,961,1967,999,636,1245,932,539,792,1418,897,732,748,932,1323,415,404,352,378,2975,394,462,915,508,693,493,291,1967,1006,581,2438,674,896,822,827,385,503,1512,3803,1681,907,759,743,750,994,1034,1844,1606,1030,479,1378,487,392,1946,1241,1206,1601,793,3508,954,1007,9965,1478,604,1267,661,870,493,879,480,411,1684,792,505,1983,875,589,1218,1274,2417,1468,1111,726,935
2090,10,435,732,478,1524,1414,415,1506,1148,1222,418,882,426,450,338,900,948,360,738,1145,484,1153,840,382,1043,836,1118,442,596,416,1007,13249,1988,331,1245,816,488,378,7600,1634,440,1527,525,621,959,358,487,900,562,1096,376,1653,340,4572,5137,405,1275,5959,1534,783,1084,808,401,770,407,376,1095,475,477,916,418,599,383,1712,473,9317,681,867,451,1004,435,728,459,901,604,396,447,780,1724,515,10855,415,427,819,639,864,645,822,1276,676,930,514,383,1760,3232,387,1031,432,502,1003,894,722,1250
2090,11,352,2960,337,1186,1293,409,473,1041,2533,462,578,2377,409,391,385,439,478,686,1022,1258,516,356,513,821,315,544,1141,410,456,1209,1121,693,527,677,920,1392,383,2571,1334,545,660,783,542,651,391,343,703,415,599,546,557,306,1193,663,3685,509,2630,407,2460,396,6158,654,386,410,340,952,515,499,562,352,3693,406,537,549,1375,741,1449,426,1610,506,1690,443,672,455,744,580,787,625,380,2546,417,455,609,481,904,430,804,500,522,795,367,360,720,654,378,392,1369,640,1265,1931,953,445
2090,12,1000,634,1683,521,565,379,512,738,673,611,1859,2068,494,1143,319,2307,420,2440,1347,962,415,607,1277,629,609,589,878,741,376,1022,4343,2412,984,1461,435,1563,1026,1327,646,445,439,341,377,400,403,1474,846,437,639,382,488,307,678,829,368,583,3062,1337,683,582,1902,409,737,431,401,674,404,530,398,1296,597,3886,440,2110,811,1487,4777,507,2974,1363,2547,390,1357,706,1743,611,558,424,501,1437,3307,1145,484,1017,1055,1384,1573,422,413,513,363,363,521,537,954,483,3516,813,540,578,408,3621
2091,1,817,1770,2870,954,3288,367,597,644,784,928,688,1783,390,595,366,564,607,1945,1365,746,395,365,2760,608,402,901,1414,966,417,985,2698,1722,935,608,444,540,1074,2864,531,1367,984,1334,398,449,348,1020,1407,409,1364,780,490,328,1477,1151,412,830,3219,1849,1448,1428,755,680,2051,677,496,538,413,562,443,544,719,1874,439,652,1300,1002,1380,549,5107,2040,3214,411,813,1758,1097,559,596,418,604,1119,1873,441,1054,3895,1390,1968,2149,581,547,419,1264,380,1036,577,1429,583,2441,605,739,514,544,2580
2091,2,1245,2076,6405,2602,1373,386,450,1141,829,544,774,1749,581,1122,606,546,351,3193,888,2496,558,397,1189,3576,355,2181,1258,490,511,1460,1862,3677,457,1431,896,618,1823,2621,642,646,732,450,413,568,613,466,842,951,646,679,674,300,1353,766,367,891,2211,712,1096,1805,2009,459,693,390,671,720,466,562,382,876,1091,1112,477,918,1094,1917,3484,477,5692,871,3478,377,1071,668,1094,403,666,406,578,1031,2176,1428,919,963,787,1235,1683,420,454,579,499,424,926,648,1339,881,2731,1794,636,593,475,1785
2091,3,504,882,3529,715,1554,1095,754,1207,2037,389,473,1522,4451,814,462,501,347,2158,1867,2726,657,408,1177,2523,328,2036,1275,393,383,2456,1064,9509,401,998,2262,1691,2126,1065,495,923,594,493,383,604,431,414,794,646,848,1133,878,295,876,552,356,571,923,1035,1146,539,1355,366,523,368,380,907,392,463,391,544,2180,1335,416,588,974,1058,2054,941,2049,1190,2700,373,914,679,1374,877,1019,416,436,1627,1595,728,1119,694,926,911,852,1099,353,676,865,851,1411,626,548,832,3467,1474,753,735,655,4434
2091,4,460,559,2193,596,900,391,387,492,705,376,435,1036,1263,418,339,402,346,1772,988,911,522,359,536,1271,310,641,731,374,486,1274,643,4740,378,536,663,609,753,613,547,545,409,389,435,361,444,383,515,391,441,492,479,294,524,497,336,412,609,602,637,514,728,358,436,349,338,520,376,461,389,435,668,982,415,471,614,799,1094,533,926,1064,1798,365,741,487,612,435,621,514,432,719,813,553,461,761,530,503,566,454,357,397,493,431,813,462,572,493,2277,742,470,496,475,1881
2091,5,750,446,953,428,468,378,372,411,455,364,394,498,628,373,329,375,348,615,1572,486,362,430,432,832,305,448,444,359,385,536,612,940,358,459,451,455,614,505,390,496,378,1252,424,494,363,367,395,376,391,369,410,290,500,405,1099,386,495,493,619,432,499,536,403,345,328,404,433,382,364,429,464,743,411,402,468,546,551,370,3574,523,796,363,473,399,524,379,485,478,378,551,521,441,411,483,416,424,456,413,377,384,386,362,463,891,481,383,1382,526,628,902,397,746
2091,6,378,460,497,392,514,380,538,387,403,401,380,562,479,365,344,414,361,446,630,479,380,460,854,501,305,399,914,368,465,443,628,613,438,475,470,440,450,539,563,380,387,457,397,432,348,363,367,434,375,357,938,296,410,395,736,383,449,408,411,394,420,420,446,478,359,422,367,384,633,389,477,445,398,410,406,521,472,391,982,542,548,383,467,383,469,476,757,383,364,513,462,422,389,421,401,387,444,394,440,427,384,354,485,482,852,390,834,567,406,587,400,470
2091,7,1318,1046,874,770,780,559,951,669,580,1107,2950,979,929,641,788,987,586,834,850,890,404,562,1015,741,551,919,942,903,683,1146,803,1228,667,667,916,921,1118,1183,1212,725,911,779,865,634,604,961,595,1370,522,804,1967,447,1304,642,629,655,939,787,707,902,772,544,623,786,1264,663,1401,1225,905,964,1036,905,1054,643,1318,1128,820,786,1833,658,492,488,856,547,964,656,1099,557,658,722,470,600,739,750,448,762,515,718,1601,1029,1005,1055,1943,1085,1413,474,1631,821,799,817,817,681
2091,8,991,868,731,787,1138,733,2095,882,548,821,1107,815,2643,1100,976,458,1398,1352,956,748,783,469,1041,1131,571,672,676,526,752,1131,1532,562,825,1080,1184,583,984,1291,1458,2764,738,1319,627,891,675,891,975,1527,671,1181,1204,440,1191,787,508,776,1371,1230,487,846,741,484,970,1296,903,533,1549,1526,1254,1400,1602,1095,595,1295,1913,1207,915,660,776,1152,556,761,781,884,892,414,921,906,732,1688,759,767,781,1070,882,515,567,672,2090,645,1101,995,3490,1150,2265,1160,856,1436,3307,1151,622,943
2091,9,920,1367,826,607,1065,416,732,752,636,865,862,644,869,1014,705,477,958,2118,2304,528,455,363,1509,538,399,382,384,557,452,1674,1243,968,450,845,810,461,1328,605,1078,965,2784,923,1789,405,627,952,1481,4443,478,541,1017,325,1627,580,432,827,1324,884,867,1298,765,583,505,1293,687,460,912,2586,679,3119,467,1040,503,383,612,528,509,1935,1300,12722,447,764,540,752,1501,350,721,457,657,1114,519,2222,432,478,1835,399,714,455,1521,520,1452,482,537,986,1807,607,1098,495,527,1325,450,563
2091,10,702,522,546,495,887,1287,376,398,411,710,743,766,2027,407,612,391,355,1747,1133,383,625,377,795,1017,326,377,824,619,335,459,713,2799,374,3183,486,592,1098,804,3069,6299,1679,401,503,717,901,373,410,2621,597,822,906,278,926,363,949,461,421,788,745,2119,3158,425,384,2471,423,576,454,555,769,730,1295,1748,1890,468,2342,503,1609,730,582,2576,462,419,459,401,451,528,389,353,2308,1285,482,491,451,444,1594,1269,1668,406,960,2142,1055,431,696,4561,609,364,1434,557,719,392,372,964
2091,11,2456,481,525,357,1709,631,589,345,413,361,486,659,522,357,462,360,348,795,577,360,494,379,4786,399,297,361,800,367,468,393,462,2189,389,1639,366,633,595,400,762,981,756,389,635,446,615,521,758,827,1099,1059,769,316,495,416,607,685,380,2181,737,2553,1862,1234,355,736,2268,355,520,1156,505,435,4835,911,532,866,907,446,469,1085,402,603,658,377,780,643,1710,387,459,422,606,448,736,604,498,1069,596,660,697,380,476,1782,564,518,476,693,670,419,905,376,595,664,352,687
2091,12,2969,508,886,358,724,365,809,382,357,682,671,496,3293,636,341,352,440,599,744,359,359,345,702,1125,291,1294,944,556,1571,1488,728,542,5864,1437,467,385,2079,457,656,3464,1242,635,425,371,534,575,3997,704,459,2068,631,284,558,775,334,947,1294,3711,1729,1894,526,595,352,734,505,347,563,515,1338,2958,3486,441,1094,566,565,832,506,631,3395,1641,628,616,601,375,580,526,873,349,491,704,1157,419,1104,432,692,484,447,1415,3311,516,710,415,2623,998,420,2777,449,377,7535,1194,368,389
2092,1,1947,771,528,350,488,364,2022,740,512,1575,579,606,1408,584,428,1014,409,1529,2373,1019,477,825,2328,516,431,1946,591,1085,2174,542,6155,814,976,930,383,827,723,415,526,2841,726,594,998,446,1471,430,1175,1191,378,2508,459,281,552,933,813,463,3856,1049,518,4505,530,434,431,455,703,341,747,449,910,845,1686,583,1674,655,451,1267,858,1001,2016,1443,612,359,661,377,455,592,2832,383,497,740,777,519,553,619,2089,1330,504,1506,752,611,1591,1146,2437,844,455,929,1039,365,2427,705,410,435
2092,2,1701,687,607,373,608,623,724,682,438,839,429,572,831,362,568,616,786,1420,1166,1131,488,1193,1745,623,364,975,997,502,1064,706,2960,698,798,652,772,390,1051,1166,634,1869,734,1312,716,821,913,406,1442,1519,580,3275,664,883,679,857,840,713,3820,1299,1017,2289,698,713,624,1755,570,815,401,652,2054,1296,1714,471,8178,557,505,494,638,889,1621,1480,401,352,449,599,452,567,1187,355,595,496,607,2652,399,963,4239,1308,1039,820,1203,513,1151,899,1555,3757,921,1489,783,566,1687,555,1240,754
2092,3,1513,2065,1032,480,727,881,1303,1381,468,884,421,500,2279,443,489,553,577,1537,3557,636,450,507,2827,1128,304,956,532,572,633,681,2561,1206,1102,677,792,374,1079,1688,1388,1030,679,665,641,539,1299,1378,1593,728,386,1563,515,296,393,427,468,1703,1045,778,567,1158,618,429,752,726,459,640,421,473,1955,695,2132,707,6485,2534,581,430,1221,3065,1094,1834,567,339,456,356,432,616,1165,417,408,527,512,689,542,1962,3232,2117,590,2814,1676,456,908,549,1250,2383,453,812,1194,765,2917,742,585,425
2092,4,791,472,553,369,471,456,489,491,365,456,385,378,928,339,315,356,444,1477,2310,407,338,400,1602,468,291,867,416,393,564,509,1822,617,640,538,462,419,553,690,606,683,544,397,569,361,566,469,626,529,367,898,631,273,400,384,340,666,736,557,429,731,442,364,404,502,925,390,393,637,907,774,910,423,1752,577,423,455,574,829,917,725,397,338,409,352,407,566,1485,334,488,405,394,510,394,535,887,716,412,978,940,609,616,402,672,1393,436,776,779,495,2966,1204,396,377
2092,5,654,426,408,341,403,405,412,389,346,400,370,366,493,332,331,399,356,499,648,371,331,346,677,393,290,458,2068,356,446,401,657,674,475,510,662,368,474,585,440,572,417,370,374,388,416,362,481,447,385,511,382,278,531,462,318,422,509,447,407,554,457,350,371,446,391,347,514,382,530,500,588,491,914,410,410,396,438,659,533,594,361,334,430,346,383,2058,673,332,710,381,458,407,363,411,528,454,470,479,529,516,462,380,531,582,557,500,531,412,1132,544,450,520
2092,6,560,407,439,430,434,352,481,361,344,542,648,359,677,345,314,382,348,440,451,375,470,440,553,379,290,438,885,1101,453,406,675,687,439,405,436,583,509,479,445,450,494,393,397,347,598,364,415,589,408,452,438,267,392,354,345,400,429,439,426,530,466,755,768,412,378,353,555,426,407,437,483,474,573,500,481,371,572,520,419,541,466,438,359,446,373,812,464,328,452,423,444,381,387,428,456,442,421,737,494,391,500,385,457,461,396,1020,750,388,552,405,568,395
2092,7,1213,664,1231,874,1316,636,1319,907,606,1253,567,541,1613,475,1029,469,471,774,1055,1135,678,606,843,771,595,1159,747,2098,1411,1194,827,1223,1521,925,912,834,896,1247,952,1093,813,734,925,507,532,831,679,587,642,610,1210,677,987,568,761,646,969,748,494,703,645,1350,804,1034,670,1249,1776,1501,1304,1216,1043,1337,862,813,888,821,894,853,566,801,755,1106,846,1211,815,662,974,808,1563,1072,750,625,569,590,568,744,512,912,1003,780,1100,636,823,998,828,1206,692,718,981,689,1936,891
2092,8,846,958,869,647,840,498,1339,1170,1210,1221,2024,507,1904,579,2084,959,1072,683,917,1012,679,810,856,1052,1123,1652,797,1761,1833,1760,1750,1605,1346,1696,1115,1228,519,1055,1597,1142,615,544,1723,629,731,1210,598,814,728,1095,1094,492,968,454,515,1152,1434,781,423,1220,595,1335,1402,1058,991,1285,2398,2886,1255,1699,1175,2030,807,565,856,747,900,2197,1003,1035,1171,797,1360,1105,629,984,771,977,1354,1598,1321,2172,655,919,597,665,1585,4020,1338,1124,1373,678,811,1271,644,1088,938,1723,3099,820,1497,1075
2092,9,11069,1171,992,1073,664,692,2662,945,966,597,534,359,1459,339,1307,470,697,2034,579,873,474,539,477,1616,1430,490,603,1809,415,1770,1234,1026,482,1322,1412,1151,723,771,563,1369,391,678,1550,694,685,1127,479,420,723,1283,1297,404,863,653,352,2306,1045,721,396,1000,1035,1408,1913,1192,867,403,1009,1203,1160,2939,844,1157,514,561,1310,738,420,2909,516,3755,917,407,1576,1235,750,926,621,597,1103,1055,899,1052,744,448,975,989,571,1138,1037,1266,2392,728,573,693,830,712,512,1094,1455,568,2626,1821
2092,10,1132,1500,648,1488,684,639,447,806,740,1279,461,1213,1160,442,1123,350,339,2428,404,1348,368,1197,5541,2143,314,376,369,1058,1073,651,680,1318,656,648,437,387,425,503,2171,1046,400,470,1040,385,500,654,636,659,683,425,526,264,484,4868,2642,1239,676,392,367,1971,1592,448,3986,795,461,451,642,766,541,483,602,6291,1187,977,681,815,551,951,453,1884,469,1137,1988,953,362,785,742,706,1354,981,2621,663,1765,1605,408,1759,2682,572,1629,425,1777,753,435,591,753,524,584,1336,416,375,1301,978
2092,11,1232,865,990,1911,535,479,470,2701,1245,2099,1161,604,753,316,956,325,478,780,555,2300,312,1443,892,1389,979,420,386,1375,570,561,847,491,528,443,366,373,503,471,823,2358,530,477,514,399,346,390,1331,362,583,423,434,256,3118,1340,468,1331,1937,596,430,615,590,368,2699,664,348,1283,407,544,676,422,979,1155,622,522,774,507,545,515,361,777,785,463,673,2117,367,1076,1065,1482,525,1133,1230,990,1153,537,543,462,548,575,712,718,891,357,411,463,794,1520,559,810,604,595,3473,409
2092,12,6603,803,1645,486,437,478,554,722,414,1199,521,527,1252,1218,504,339,476,1144,1381,530,325,420,612,710,523,483,354,1101,614,503,1995,425,452,1096,1299,1894,585,757,509,601,369,443,2321,312,545,517,770,594,1144,499,515,257,1120,551,393,1807,506,766,381,1777,507,1721,5301,818,342,1111,804,668,392,756,558,1448,883,649,468,869,409,840,362,724,907,1374,669,778,429,558,1057,546,436,714,563,525,503,403,412,558,6444,423,1929,414,1546,451,1119,660,443,531,1284,453,3072,616,944,411
2093,1,5235,636,1297,996,1357,1108,1288,736,688,2206,632,703,1453,430,485,340,523,2471,1345,1843,368,1241,2392,536,936,362,362,2044,447,423,2150,735,375,858,865,1129,1489,1121,749,2207,506,515,2125,1380,944,504,8993,471,1509,491,668,438,1109,538,455,6713,2621,934,408,2059,8132,1853,24759,852,444,1379,426,453,853,1355,626,1425,471,2342,414,864,594,2422,354,589,943,992,1168,1137,374,544,2707,548,1610,634,751,1616,451,831,538,1466,1677,579,817,405,2235,500,540,386,1284,533,2875,438,3034,1724,3660,398
2093,2,4841,685,842,1078,1140,1489,606,1387,959,2340,1497,530,926,3027,631,492,334,919,2091,1543,671,927,893,904,647,850,666,2051,625,510,1662,2035,520,1760,562,762,1096,1066,834,1334,416,573,1010,612,934,356,5954,376,579,371,631,249,644,517,394,16117,2465,2138,1031,1609,2199,788,19498,441,495,2649,542,754,1030,786,751,1308,525,1331,423,1178,850,1882,916,522,1648,669,1258,954,348,582,3350,510,709,1817,3016,756,469,1437,765,743,1821,537,1236,1777,1082,852,459,1268,521,495,1349,655,1317,1247,4600,426
2093,3,2722,635,739,1397,2014,1182,537,2021,605,3157,1137,398,1295,740,396,324,375,604,896,1650,354,794,652,726,1284,1139,2269,3106,869,457,1659,515,380,680,550,1009,992,2462,861,971,346,503,1500,1887,398,433,2302,519,497,379,1111,258,548,459,470,8339,3682,2135,381,898,3595,596,6909,418,344,4797,444,543,721,757,1057,1200,909,2551,552,574,435,1648,632,601,2497,497,1364,1076,344,619,5662,620,495,642,1089,1527,548,1515,468,1080,1551,462,789,698,767,823,642,564,1135,643,846,967,2263,954,7410,436
2093,4,1591,685,525,578,692,697,663,1255,428,993,694,555,810,691,429,312,377,727,564,1424,387,475,493,676,1226,416,442,1584,412,609,862,531,419,1035,705,600,514,807,655,833,404,340,790,480,427,350,1293,354,414,376,527,266,495,437,368,1962,906,592,369,604,983,515,3388,410,336,1324,420,532,519,468,442,843,504,1171,378,442,434,1118,445,461,944,414,839,695,355,479,1253,379,785,483,1238,1073,562,1172,395,727,1127,399,560,479,550,440,396,420,483,407,578,962,2872,2140,2569,422
2093,5,729,409,426,517,488,483,395,525,380,536,447,377,540,410,468,308,328,676,555,587,391,399,434,422,689,377,393,761,443,543,525,469,387,1744,637,518,1791,519,408,536,533,387,459,391,360,364,812,347,382,353,381,242,484,389,330,880,509,433,354,540,540,421,945,379,460,594,484,615,501,414,467,628,413,515,365,399,379,1128,358,432,483,393,641,459,343,378,593,369,461,1641,492,461,391,528,370,438,648,513,671,417,467,390,375,637,459,470,463,781,902,900,3223,365
2093,6,499,507,422,851,442,389,750,415,370,553,444,362,448,448,395,370,314,427,455,422,541,377,399,394,442,407,425,465,463,404,518,467,448,615,862,527,1113,857,442,414,403,359,425,1123,575,440,900,397,375,350,520,242,591,430,340,530,434,400,470,437,443,429,808,385,467,464,370,486,597,475,389,493,399,455,356,423,432,1062,369,472,462,625,443,480,416,366,488,400,611,691,468,428,472,404,505,674,564,792,464,418,424,412,428,515,635,514,486,562,603,529,1639,382
2093,7,1493,1066,1144,817,2409,633,870,671,682,1065,690,774,1147,789,651,815,646,883,810,688,342,521,804,1491,2058,1025,588,520,2217,825,947,883,1013,1065,1608,1277,749,1293,1303,867,844,577,655,1422,1037,605,755,640,857,725,1189,388,933,669,810,800,1158,568,420,1540,672,1182,852,754,772,1022,757,1157,1149,1550,856,683,1367,833,923,1140,1363,924,765,739,680,1157,1050,975,543,947,854,731,1084,1589,1233,979,888,718,1229,846,1556,1376,723,693,1286,495,700,671,1273,540,1196,1402,1029,1319,1168,679
2093,8,908,1698,1544,787,2126,1356,1322,874,934,925,681,1035,2242,1666,634,588,508,1117,1555,864,494,595,684,659,1387,951,1144,675,2024,3264,1790,1272,3932,1272,1678,922,844,1420,1900,1029,847,608,568,1896,764,721,548,1093,1005,746,1245,647,730,1179,779,653,1031,1066,720,1252,487,1294,810,1146,484,1282,707,1767,4174,1788,1112,1106,1339,634,998,815,1092,637,1092,1066,655,1696,1498,583,747,896,971,1316,1149,1139,1707,1622,668,903,1009,1367,1198,2068,1802,732,1064,1483,965,1062,1400,1292,4056,2657,1115,1527,958,557
2093,9,1071,912,910,719,891,382,887,395,918,595,1114,545,732,558,448,766,551,643,2919,2922,427,778,1035,505,2509,455,700,572,1075,641,514,1167,1417,908,675,2789,844,1249,929,1035,405,802,439,1640,556,1983,897,509,850,753,664,375,385,553,600,1022,970,1482,1501,489,808,1055,1611,799,569,479,830,1198,2131,1265,532,881,385,427,2950,1776,998,407,1180,1082,391,2086,1470,433,1071,1015,654,667,461,1287,1166,1640,401,2083,1076,4529,658,909,603,557,744,485,520,502,738,940,576,540,944,691,486,1022
2093,10,1011,674,763,441,409,356,1076,356,1055,996,722,1859,1517,431,504,334,998,697,10957,2030,1861,365,1992,671,1275,608,711,553,627,678,553,517,2953,1035,382,1829,487,972,1677,520,847,577,1170,1032,380,970,3017,470,876,633,495,323,476,399,367,558,1217,652,2631,879,950,1427,470,376,361,1137,3085,429,939,1317,407,652,449,679,2342,2310,1042,409,383,452,401,1878,731,921,338,562,1408,360,367,2065,823,1335,352,1649,1479,506,1687,1656,444,849,440,509,896,371,1061,902,488,452,4527,2079,394,1422
2093,11,946,1007,579,377,441,418,696,487,588,1109,403,536,2228,458,575,2182,366,573,5273,581,374,425,760,540,917,1681,359,361,387,533,1178,474,1235,547,369,1009,368,1145,754,750,582,445,1018,859,541,466,476,333,730,884,535,328,429,362,1367,423,712,385,2975,1214,568,998,1235,397,378,763,750,1500,446,513,378,2345,622,1101,599,870,482,544,744,501,506,486,562,557,680,455,1626,459,432,1157,386,520,348,4029,639,606,750,1921,522,592,666,365,1860,502,792,434,613,665,531,1527,374,391
2093,12,894,437,1642,379,405,1800,475,640,501,514,2012,2605,541,420,3299,1609,396,1064,7623,874,1900,377,575,560,653,456,358,422,378,434,429,711,756,1003,364,520,365,901,518,1052,829,627,1097,487,816,1163,461,388,540,1254,2203,348,353,413,1842,696,936,390,2028,741,468,466,514,1110,388,745,904,2154,424,824,449,1550,3120,939,1919,4818,3645,484,1550,1065,389,3462,468,609,1259,1366,1753,409,378,3300,444,1096,459,952,1575,1437,2182,839,583,482,393,829,1420,435,868,535,387,377,651,566,428,1154
2094,1,2054,411,1668,505,459,1035,437,568,696,3985,1672,1240,991,375,1577,518,529,3209,6012,1757,1655,338,647,1616,2672,405,416,370,378,446,470,1583,709,586,489,849,433,510,430,1824,726,3475,503,534,589,432,827,604,405,2768,2393,422,387,949,645,451,1654,1078,3925,627,645,1058,462,679,484,894,515,1613,463,1327,464,2782,1045,1444,1305,1582,1095,718,709,649,388,2024,657,778,576,827,2456,353,391,1673,454,685,758,1169,744,916,1413,587,950,890,731,406,1036,1348,653,830,1186,376,547,4241,553,745
2094,2,2909,751,1198,368,935,577,828,815,1462,1796,1265,997,1605,364,3572,467,401,803,2771,1380,1298,344,1846,764,1755,638,940,841,368,467,402,520,1399,553,419,836,417,580,902,710,484,812,823,1154,1487,406,1040,497,449,773,1337,969,441,989,571,966,1935,1160,3907,837,671,565,1493,965,587,596,442,2652,470,542,350,1798,854,1588,803,1252,1581,628,528,1249,523,1485,675,450,440,495,1267,1346,653,1056,866,1513,550,3082,650,635,2664,525,1858,1060,882,351,661,1003,589,449,1978,744,644,1552,575,676
2094,3,901,1011,676,511,412,613,447,1283,1532,1048,824,1064,1468,361,1171,473,2571,573,1384,1783,2073,350,868,663,2333,716,396,426,366,431,387,482,2079,427,754,939,359,2385,517,521,426,1352,646,1869,449,388,908,451,410,756,1249,1819,422,424,546,499,7091,1380,1781,645,399,474,652,447,503,442,524,737,468,1120,424,2882,718,1958,673,912,2315,1177,450,646,619,1478,627,530,415,429,2057,1482,355,844,3198,3836,409,1132,550,1541,2021,495,1405,2145,521,502,683,1938,1945,2636,1389,931,510,803,512,477
2094,4,550,469,509,509,386,457,383,565,487,722,577,569,1685,444,647,399,504,683,825,1400,1021,341,499,519,895,442,394,358,478,1273,407,521,732,511,509,691,409,546,419,442,376,583,496,526,472,371,576,330,369,485,686,748,365,382,404,402,4209,500,714,541,375,418,739,459,488,410,527,524,387,719,420,1148,875,806,497,594,1048,929,415,520,362,981,717,429,395,412,1309,455,387,591,766,1475,354,730,447,604,854,460,1097,955,402,356,644,936,879,1083,931,532,576,560,406,446
2094,5,477,427,434,368,370,396,383,390,411,477,423,437,660,407,474,381,451,419,603,528,489,358,450,446,512,393,361,363,381,660,392,1617,882,393,1128,491,362,432,380,408,362,437,385,558,403,370,425,324,397,418,473,345,341,405,365,378,637,396,521,422,404,557,411,413,326,770,404,441,422,435,366,591,712,493,420,475,913,459,397,448,346,539,732,378,366,374,787,378,346,466,568,575,389,483,439,438,519,404,552,595,387,369,441,502,895,744,683,395,724,468,365,389
2094,6,547,530,451,369,513,379,371,461,416,554,723,617,459,333,503,362,350,434,473,490,458,436,395,393,433,458,346,369,385,706,504,648,551,381,651,483,349,405,391,410,388,386,411,479,794,465,417,402,360,393,924,325,340,374,345,386,517,380,431,513,483,468,401,573,321,402,376,546,366,450,500,460,413,512,466,426,582,936,371,403,389,479,569,389,366,364,572,361,527,414,660,451,342,461,599,421,436,398,457,421,380,375,422,407,565,543,570,377,390,453,436,375
2094,7,1324,726,696,712,2215,704,745,516,503,857,1275,1636,913,454,915,820,603,550,882,891,634,756,807,546,959,611,1048,992,661,1269,1884,947,958,882,1029,1439,690,690,552,731,488,858,2740,763,832,1199,742,1113,668,585,1466,680,825,659,499,955,657,902,652,1070,719,999,1036,901,1239,990,710,1118,835,1833,954,1772,1210,1096,769,726,1032,1465,1075,1064,769,706,672,685,868,598,1149,924,1076,1175,1672,809,714,848,2196,923,944,991,851,1427,784,1525,1465,1542,1391,848,821,554,863,861,1475,710
2094,8,1694,726,578,495,1801,479,1392,810,996,799,1464,1031,951,631,772,826,772,1282,1877,811,696,887,915,1965,717,884,1495,1322,511,2587,4202,1530,1414,2892,866,1124,608,706,875,1142,576,1014,1572,1761,540,2050,1804,898,628,542,1592,520,828,480,469,1415,895,1169,1771,840,1284,995,1276,955,2069,963,1444,2460,1141,1939,828,1263,1467,1480,811,1617,671,798,928,1019,1332,703,1335,572,748,690,4921,835,1370,1080,1159,1140,1183,760,3267,934,851,1387,1418,1235,955,1193,2308,1878,1828,1241,1042,825,1098,1029,1827,660
2094,9,1027,862,1466,775,784,362,550,865,643,588,846,406,602,340,541,945,976,1163,2632,1124,623,657,565,521,524,1001,928,999,403,1049,1388,786,1107,492,605,778,523,431,1175,1260,597,763,1536,833,408,481,809,2168,362,785,799,346,335,935,968,1613,702,3050,1335,577,550,479,630,1156,888,5677,887,1071,903,1378,374,603,1382,1048,392,1253,545,474,741,1003,1528,1178,1211,746,1235,579,1673,675,1837,1030,2416,497,776,2110,1206,541,1157,480,1665,741,719,753,1174,2083,1202,690,910,497,868,870,1364,853
2094,10,738,676,1048,2807,2994,423,1168,601,1057,627,410,667,421,803,819,402,947,550,805,2106,1212,2183,369,476,383,568,895,3353,377,757,821,521,996,1041,660,410,360,606,1061,426,887,829,1495,497,338,671,1051,650,343,555,582,458,1958,1068,570,581,439,6922,824,10900,743,387,371,522,970,3503,493,943,626,499,338,508,503,487,1158,878,510,546,3453,636,1239,828,446,520,370,704,1015,441,1903,479,1407,483,378,1146,1223,1474,1170,1623,812,561,724,387,949,579,1359,3408,404,359,434,418,668,1556
2094,11,824,3533,483,558,695,1499,3459,968,541,474,427,530,468,595,362,420,354,379,1575,606,1419,857,466,412,1441,932,1491,1806,338,1723,532,396,976,404,976,2155,2278,363,394,374,358,3148,499,410,342,428,405,378,2004,837,822,495,596,588,363,472,364,745,560,796,650,358,419,613,392,536,431,395,364,437,737,1255,2959,1226,689,431,380,557,1598,381,431,831,557,494,2182,363,1424,353,506,377,1223,374,548,499,2822,3107,7493,900,414,433,984,373,676,514,641,1883,376,461,406,2302,670,652
2094,12,435,1398,398,1058,487,1227,918,497,470,501,1663,2739,494,669,3691,608,1019,396,1052,1634,2479,608,359,552,686,2990,1867,3058,368,1014,417,3658,421,500,885,3556,1780,2613,2804,2858,2031,575,446,366,407,1924,399,403,842,370,2471,438,536,822,464,2314,864,605,694,754,407,658,686,776,450,787,2791,824,361,6956,1163,14071,1004,427,398,647,578,363,642,430,411,423,381,451,1535,348,2808,363,493,604,718,854,1201,4930,692,818,819,2292,700,822,665,766,1468,2248,598,605,402,343,1511,635,2629,708
2095,1,507,542,812,538,471,524,2440,595,402,1070,1535,1312,1321,978,846,400,1512,455,8400,820,938,596,1251,371,470,1371,967,1656,336,586,595,1217,419,507,494,1294,2405,1729,2879,1077,1046,1664,439,374,551,1620,589,1489,3050,377,1471,317,555,644,818,1867,1315,644,522,1451,2338,420,780,774,415,818,747,942,371,2310,718,5443,676,432,1861,548,714,1600,1440,384,884,588,686,571,2150,804,4697,817,660,1171,615,5088,488,1843,626,888,921,3885,711,942,984,351,1787,1938,472,852,366,637,1794,614,4228,1081
2095,2,429,596,769,882,854,479,2969,578,428,1841,949,1102,1199,462,529,790,474,737,7646,675,1051,675,678,587,493,809,844,1244,329,859,529,867,475,695,1307,1046,1591,3059,3611,2511,874,669,564,1076,343,1279,1172,1277,2588,779,1353,292,610,889,413,2475,4651,561,670,730,1505,446,1135,540,1111,507,563,570,691,3962,542,3149,627,457,630,1064,415,922,1354,555,430,530,474,674,2084,600,11567,2029,772,670,517,1482,658,4100,546,891,1942,2461,1284,1649,542,351,2004,1699,654,622,748,710,897,721,1729,2178
2095,3,424,462,565,549,646,652,1668,1761,500,716,666,955,589,777,705,387,480,394,2717,793,689,1430,747,440,497,724,1026,928,413,1375,1705,794,468,668,1779,2168,2316,1588,2028,1462,562,1593,527,691,622,677,545,719,1317,391,2644,309,449,430,350,3683,1304,730,489,902,945,378,486,614,515,940,624,517,358,2413,410,2344,1449,894,1011,1779,561,1034,2296,730,2754,622,946,981,1433,456,9705,1214,740,425,517,3197,842,1474,830,3559,2086,2071,517,1138,815,389,2680,2241,1033,726,920,401,1482,1188,4431,1127
2095,4,384,551,436,433,431,769,639,628,394,458,498,604,434,385,473,354,395,386,1015,494,515,752,448,408,587,1628,660,1066,586,523,2024,619,391,467,787,1888,983,766,1035,631,445,543,401,406,342,477,406,528,599,367,1230,285,482,437,351,1130,613,849,481,617,744,347,395,714,403,462,428,410,353,1295,390,1542,655,511,482,828,427,581,760,452,523,476,1067,421,1163,356,2899,617,559,409,459,1103,426,938,547,1246,771,1428,446,642,617,358,1478,1119,566,578,517,991,1163,1052,1831,707
2095,5,535,491,481,499,559,405,499,499,356,458,414,438,395,373,464,343,374,359,612,425,435,723,384,550,379,796,503,896,343,541,784,523,376,446,511,691,3558,564,633,503,399,432,374,368,331,433,383,398,449,361,535,291,650,370,426,520,479,628,387,630,509,344,375,387,384,409,404,771,350,634,416,873,465,394,408,464,490,522,545,391,527,385,601,363,599,368,786,813,411,503,415,524,444,523,509,752,552,717,412,426,405,486,770,614,1185,505,683,1191,665,584,948,444
2095,6,537,394,494,380,573,407,450,416,380,398,388,459,418,425,452,441,404,390,492,484,397,449,409,403,397,469,525,474,456,620,670,617,469,501,640,781,693,494,475,401,415,471,457,364,428,494,394,505,487,361,480,342,400,385,345,591,604,450,445,439,399,429,431,376,353,776,424,420,443,461,478,675,438,460,395,404,562,481,640,429,423,515,384,349,419,660,647,379,381,403,424,439,419,437,455,481,656,607,383,417,597,361,664,548,422,411,523,359,475,501,624,398
2095,7,693,970,624,626,677,729,628,698,906,585,513,680,760,652,879,499,679,940,628,690,820,597,463,664,693,1040,1121,633,842,1005,1105,639,735,858,1650,853,989,1049,1590,586,892,881,770,730,778,1242,599,713,981,692,976,616,632,761,538,907,866,722,763,520,1103,1041,712,757,637,1076,1601,927,1110,1310,1156,1116,1022,1014,1183,890,1242,1903,686,643,922,719,699,589,873,631,1226,552,854,521,633,626,884,1384,625,955,975,676,509,892,694,1299,864,976,879,1027,950,1006,569,865,1169,572
2095,8,706,971,451,2539,587,527,585,900,1269,850,691,775,1498,724,807,737,1124,677,551,804,907,1097,753,505,689,1015,593,778,956,968,1510,797,2885,964,1594,1085,1579,846,1666,4270,801,549,1254,1381,626,1838,542,1042,815,479,1876,742,604,619,788,1213,814,786,574,546,624,710,995,841,571,1233,1566,2111,1356,1342,1375,685,1007,2153,1923,910,860,1078,1276,792,654,560,566,785,1086,1215,2385,608,770,716,933,686,1367,6039,824,961,657,1162,815,2038,506,835,893,3498,1187,908,1445,771,1503,1185,1291,1412
2095,9,998,402,377,977,382,2232,391,834,607,1119,780,670,577,823,1243,1807,950,494,1008,1818,563,868,892,618,598,1125,620,1073,456,718,942,478,925,1219,6127,996,859,1374,861,1757,513,975,2542,1229,657,3849,686,485,590,377,1562,481,643,514,495,877,2704,1871,823,421,466,418,2024,2648,353,1428,729,526,746,3595,381,623,975,498,652,1468,679,1049,1088,903,1113,434,629,378,505,2222,1056,391,578,3756,707,456,534,4560,458,419,558,595,504,760,487,464,430,492,533,571,1178,3368,1792,550,710,1333
2095,10,670,1024,372,558,852,3160,443,3271,422,1957,1245,1008,600,345,1618,702,534,449,544,717,2698,1057,737,1113,1414,2109,488,954,344,401,502,402,1573,1433,1238,384,477,811,2604,998,357,483,1385,908,813,1678,478,800,652,553,1306,884,646,2005,494,465,965,8329,548,910,840,359,587,1302,334,552,1053,411,1259,3145,358,485,1091,1461,419,1474,928,693,1867,1472,380,975,1230,737,2605,1257,600,907,435,6807,905,748,359,5448,5362,378,1155,384,960,485,355,472,496,451,367,2174,726,452,418,1665,915,386
2095,11,4743,386,355,1144,369,1030,363,1824,410,615,1829,688,395,554,722,372,686,345,496,3114,730,1260,657,357,640,671,1725,380,4013,435,725,475,768,951,637,3527,380,845,780,495,355,1223,757,395,377,620,660,730,900,633,831,433,567,1062,420,501,646,1416,360,477,570,410,457,844,373,1438,389,399,382,1080,514,1372,992,1141,412,912,381,1317,662,1134,546,387,683,402,4307,950,486,360,355,1396,1521,2054,377,3260,1270,473,747,367,768,436,387,377,637,521,498,440,380,1081,449,1182,423,456
2095,12,1563,508,346,683,514,913,357,1970,375,950,1589,2254,3087,1318,436,472,1619,520,2198,1079,1872,888,3833,357,751,558,455,413,1117,1455,852,555,2008,3578,1626,1115,1326,743,608,3409,403,466,1048,2225,1349,535,360,729,585,1520,739,3609,611,538,312,1726,447,5076,804,395,383,332,1012,438,583,1233,385,374,376,788,813,495,4339,1008,564,1667,2253,614,1540,1060,514,1023,785,712,1871,706,1140,350,385,988,1222,2297,655,1996,1169,737,428,996,494,404,2187,873,368,1847,365,669,386,1359,862,464,391,391
2096,1,898,693,532,1299,888,584,494,4829,713,1815,2111,1623,1093,723,415,659,2014,749,913,2134,1319,1261,5556,378,594,481,476,487,706,547,427,403,2519,7182,1289,3516,445,477,1198,860,539,627,770,529,666,635,1113,1561,565,1150,1530,6249,422,428,310,963,431,2663,1399,364,437,388,1827,459,363,1724,637,382,387,2011,1519,1005,11271,801,1499,1693,1110,670,673,1250,401,970,537,391,1104,801,1787,346,373,928,1710,2300,1309,4032,724,889,918,896,581,640,884,431,716,1311,1978,490,1489,596,407,925,680,414
2096,2,2317,513,434,2102,591,634,363,4589,455,1743,936,1972,2403,694,537,2490,1292,2304,1214,2293,1320,1411,1153,1423,846,1186,985,871,614,431,432,545,994,4221,1565,1610,430,636,1099,1043,787,1231,559,804,478,610,710,567,747,1478,734,779,412,781,555,927,536,4212,770,388,472,825,589,851,369,1748,865,381,480,3288,2647,2425,8045,553,650,2106,754,518,589,756,375,448,442,934,1469,797,1356,357,424,730,922,3295,1364,5638,916,974,860,1145,725,1546,1257,820,612,781,1508,685,525,549,417,1419,580,837
2096,3,832,504,364,1225,1332,688,345,2903,376,734,864,2853,2099,603,467,555,804,671,779,1679,848,1722,1093,501,520,1183,578,933,603,550,528,1052,895,5653,1809,1566,1698,1141,4318,756,812,954,609,495,943,475,640,720,674,591,673,702,352,438,305,728,719,3538,2508,747,505,1063,748,1230,332,3007,548,388,384,2102,1861,1735,3339,1328,472,1754,856,955,725,749,365,420,411,377,1522,649,5382,344,649,721,1007,1742,677,4065,1186,742,1223,520,490,600,1141,459,1211,580,2688,975,639,612,435,739,683,612
2096,4,1042,417,339,692,1117,498,341,1250,338,508,558,1352,776,428,421,449,486,427,484,799,1885,624,761,494,469,558,526,445,501,456,595,436,532,2618,1339,671,696,837,1324,496,464,592,426,446,458,416,402,662,441,460,1250,544,348,385,299,628,419,1293,572,356,390,394,498,635,449,1738,441,361,365,2065,1009,673,2693,1265,400,1010,1029,628,470,506,379,394,393,358,749,496,1482,404,353,538,614,1472,432,2592,657,458,517,490,410,444,727,391,952,458,1589,534,454,602,487,911,429,505
2096,5,506,371,349,442,510,414,367,683,337,429,438,507,519,2334,375,389,469,436,416,523,709,425,476,372,527,419,398,469,412,451,437,393,542,909,1103,492,739,430,552,437,376,394,392,420,428,389,374,390,378,403,733,421,348,420,322,416,399,599,478,359,352,356,417,411,346,688,389,366,359,1496,617,471,718,675,539,917,502,729,492,485,371,376,407,355,649,446,1117,511,342,453,448,724,387,867,507,393,401,396,428,508,511,347,480,423,800,402,461,657,658,627,401,372
2096,6,416,381,409,425,398,386,372,513,370,423,638,502,799,1515,917,369,732,433,445,428,421,391,557,410,387,419,370,488,486,411,582,377,494,544,576,471,569,391,427,482,383,490,395,399,389,373,481,413,479,379,1017,377,376,388,298,432,379,514,582,356,407,345,441,454,353,589,429,474,349,472,470,487,623,484,412,513,413,391,445,448,473,370,452,341,692,532,565,540,381,410,431,480,398,627,469,372,390,374,426,384,958,332,464,490,515,385,410,602,510,564,876,390
2096,7,617,657,597,737,712,831,641,1070,720,533,879,630,1373,859,875,761,970,791,1041,880,699,797,1771,864,862,751,718,1026,1860,877,1252,648,1009,610,882,1223,1118,736,1137,675,500,922,639,2567,502,554,939,572,926,720,1449,939,533,945,827,945,553,780,550,401,739,827,1310,931,700,1074,1968,829,938,570,1234,1165,1049,1158,1172,1144,838,708,2245,689,710,642,1314,531,1026,739,1545,618,573,917,587,1272,826,684,1163,651,806,775,896,910,674,555,1168,915,951,635,714,827,671,929,1563,594
2096,8,5680,908,621,1786,682,1076,1510,1308,1768,573,1145,731,825,1251,906,588,2006,731,1671,692,577,727,1348,1073,2012,992,529,1750,1446,975,1799,754,2197,1304,1905,967,922,665,1429,982,716,680,671,1143,488,1424,900,1844,563,1004,1398,1024,521,868,695,3379,7218,662,783,555,1523,1537,604,1883,954,1427,1936,670,1768,820,1499,1255,1023,1162,1250,1042,818,960,1633,886,1185,1034,1123,1418,895,1168,2996,1876,1176,520,1200,1339,1944,1833,972,520,970,987,1535,1196,1914,578,700,985,863,1510,886,1262,802,1048,1605,773
2096,9,1147,444,812,1896,462,2232,1317,1092,890,566,683,464,501,1226,1181,3787,574,703,555,686,1331,884,1029,609,709,492,503,1575,1565,1305,1350,487,993,468,1383,1453,448,820,1643,1008,861,424,414,478,356,569,708,684,424,1411,858,1529,626,754,521,680,1755,1033,703,507,3615,782,840,919,789,455,791,664,1030,799,692,650,756,888,1197,1191,837,1418,1665,530,712,512,999,752,992,404,1580,715,1008,1195,727,1811,2017,652,563,648,1332,1952,1414,1108,1053,379,701,729,577,1692,420,730,1018,789,1997,1388
2096,10,2992,713,567,510,594,545,2097,1823,448,963,894,1705,586,988,1348,1492,486,425,441,913,2659,5332,6114,373,380,406,353,684,712,1591,1553,341,444,791,421,492,1287,5341,749,795,539,838,949,406,720,2009,403,516,618,1678,5376,414,1400,612,641,1060,1853,374,571,13903,3206,354,1340,398,581,445,526,904,512,606,976,1355,524,592,466,9550,409,423,1281,501,918,484,1378,846,1383,433,2285,529,3347,519,703,1578,457,3190,2565,431,2051,1173,748,442,683,316,1671,443,703,411,394,748,476,517,1060,1248
2096,11,1172,557,340,429,401,880,788,1269,459,1200,568,2299,1500,387,4823,453,451,637,594,387,510,1248,3902,416,378,464,540,756,592,742,440,367,498,699,988,396,3302,1121,588,454,535,667,1312,524,327,858,593,564,1547,498,721,369,369,393,546,783,1694,443,1671,539,718,558,393,536,2780,409,578,393,448,369,1887,426,511,406,4774,1085,520,448,828,1554,445,401,447,364,1385,2144,1786,465,3156,610,449,462,450,973,2311,444,503,1094,625,442,526,3373,2200,582,885,392,431,560,436,709,724,426
2096,12,607,360,505,438,613,1180,684,1510,897,1399,2013,654,836,523,796,621,384,1137,802,367,473,754,761,1171,456,524,432,2102,446,499,588,496,980,1943,613,3495,1436,822,2831,465,338,590,458,442,325,885,3172,381,1148,484,3245,373,414,414,295,548,727,422,1914,804,565,366,386,736,469,2330,904,1029,473,368,503,743,498,2335,566,2881,382,782,2774,1329,576,376,903,456,896,3001,1559,901,644,984,1236,448,1508,1706,1167,1091,1207,943,557,372,388,879,2444,987,514,469,512,919,776,1271,1432,960
2097,1,593,361,484,468,3239,719,1311,1365,1807,918,765,1961,536,546,798,1392,366,488,585,742,452,569,1230,1136,502,558,365,1272,712,527,2059,764,424,955,997,1466,1905,1139,1374,830,623,399,444,380,1022,1790,1778,367,3646,634,3393,371,623,351,914,605,1824,370,1093,1019,550,1014,384,1369,767,1746,1069,1341,618,876,2422,1283,473,2650,1113,4597,620,740,4177,2503,412,775,1658,635,551,3579,2307,461,1020,434,1552,2022,514,1116,2493,1360,1001,530,655,603,542,852,5139,552,653,1339,1033,587,646,713,1971,479
2097,2,625,1681,567,737,1098,1041,1327,2117,922,670,999,3512,675,622,589,737,1311,535,601,3330,1070,632,982,1156,398,441,407,874,407,540,1116,1430,440,1813,968,1022,2455,724,893,951,821,909,744,356,372,572,1120,448,5497,673,1423,402,350,466,429,913,2315,362,1129,1691,1474,901,770,550,959,1563,1016,1042,1972,630,852,726,1260,1112,1624,5658,1460,920,2569,1172,771,787,1366,735,497,4126,3611,371,878,849,590,730,462,3225,6042,633,1006,1084,621,625,988,1267,9691,1114,975,1034,1174,735,1474,588,2139,1160
2097,3,526,595,530,852,1321,1526,1375,2118,669,841,2400,1892,581,462,492,943,429,422,438,2498,750,1199,653,982,681,2425,774,673,406,553,759,1141,404,2003,549,1138,2120,583,680,582,487,729,443,556,380,508,1059,424,1587,426,1188,356,344,345,565,1138,1409,459,603,2410,616,1135,394,458,1334,961,538,619,843,408,628,777,3118,814,689,3162,444,545,3013,734,563,372,1010,1438,457,3454,1787,533,1391,528,481,987,448,1702,3184,440,587,1443,438,403,638,960,6281,559,629,460,826,630,2027,694,2268,488
2097,4,452,495,370,1451,630,595,550,1483,533,466,895,847,467,387,468,504,378,389,383,792,504,741,524,599,438,558,557,472,400,422,511,589,430,616,463,872,1041,547,482,404,361,528,391,1436,342,436,617,352,825,398,646,397,381,336,362,650,750,406,478,774,468,428,370,406,1820,566,416,450,430,775,621,484,682,576,544,1556,440,411,1105,548,446,440,746,502,461,4283,834,394,564,830,453,521,414,753,1597,412,548,570,449,366,460,1225,2217,796,439,512,489,555,707,557,2227,828
2097,5,407,380,332,542,473,450,444,783,398,492,480,520,403,388,401,437,392,359,1023,476,650,427,452,469,392,400,369,415,372,618,670,504,576,515,596,509,568,495,421,380,343,385,424,371,324,395,450,349,506,379,534,357,340,357,330,404,488,351,416,641,512,455,376,382,485,440,395,402,542,396,435,666,671,443,446,867,411,395,688,483,363,366,512,393,451,1658,572,353,448,426,402,427,394,668,641,472,414,445,384,355,395,1298,1105,927,400,552,405,426,504,401,3274,414
2097,6,393,780,427,567,400,731,402,527,455,473,429,571,399,385,433,424,401,370,515,534,426,401,398,409,583,377,337,388,364,517,457,839,568,586,401,459,451,561,395,383,334,445,375,365,431,396,454,359,422,374,475,350,421,381,298,407,464,364,389,455,419,468,359,535,407,580,546,405,375,524,462,579,447,398,395,580,403,433,479,546,414,391,412,390,512,513,651,410,422,376,471,445,382,457,511,501,399,400,723,418,388,433,721,423,377,565,440,444,413,389,2327,426
2097,7,533,1028,1162,1104,1506,503,963,1111,806,710,931,816,1224,756,633,944,694,599,866,2602,601,639,783,828,995,438,702,604,688,1713,720,956,793,551,1035,1226,643,1365,706,469,680,760,565,726,917,1073,1415,602,622,1096,761,602,575,850,558,653,1174,684,434,966,550,1547,1310,405,586,858,826,927,922,753,1109,1069,780,840,1324,1218,565,948,692,839,769,862,791,571,925,794,948,667,1023,787,872,841,701,616,565,703,799,1078,800,546,1040,858,919,1003,903,605,744,958,996,595,1309,833
2097,8,2186,1119,1279,1681,1146,593,969,1688,717,952,1358,546,753,1257,830,1293,641,677,598,1191,579,623,620,1227,1153,771,516,2785,987,900,1199,895,883,1340,1049,4273,764,1056,990,680,849,1109,581,602,889,1395,1526,859,962,1169,644,1115,630,605,501,876,760,554,388,1460,401,2580,1177,1056,1333,1708,1575,949,957,866,1675,2001,503,686,3040,823,678,898,1632,1065,498,600,1366,734,1145,884,1644,785,1166,648,1033,677,1124,816,1173,1554,618,753,890,893,2926,1652,991,776,1258,623,634,1013,3274,1048,1000,1250
2097,9,619,1115,4081,530,1716,463,460,1889,1655,847,536,849,728,391,505,1081,437,487,388,1723,392,603,510,833,520,499,379,1291,458,442,787,1038,2103,1196,543,943,690,1054,8555,373,487,454,611,849,492,393,481,1100,1295,464,397,1218,371,639,348,1772,589,402,1059,1145,513,1222,1460,580,1579,500,542,529,938,505,1689,1112,378,966,2874,1141,538,382,526,733,818,654,909,468,861,525,2279,568,713,1486,571,442,1072,1910,2705,1054,787,453,418,1316,950,1185,518,1519,854,1825,1085,752,2419,940,747,1220
2097,10,586,1083,468,1752,1548,2404,1418,1614,489,1003,412,5351,612,360,436,802,376,416,422,404,358,387,432,940,395,377,584,525,357,464,1348,597,594,561,375,418,470,569,1587,1163,336,362,1428,481,544,370,376,985,756,750,678,374,971,464,340,956,382,515,2293,4039,1577,1146,3368,464,555,556,389,424,423,357,859,1593,789,1149,9459,1447,386,375,1133,733,477,450,606,419,565,593,1176,362,3133,667,372,1107,1244,598,1772,1819,541,629,2049,893,640,1318,394,1144,538,1515,542,1566,490,1734,1142,513
2097,11,559,489,550,1003,632,439,411,498,699,730,414,4848,633,366,531,458,923,1233,507,400,628,455,868,1270,428,607,329,387,565,940,495,597,446,539,361,475,364,420,1802,684,548,360,555,338,721,448,687,595,653,456,485,376,477,404,310,586,362,394,688,4767,6161,871,928,470,793,501,364,549,400,372,538,585,1269,1283,2318,596,446,921,396,3606,344,1562,442,357,533,599,2386,330,2803,841,382,869,655,1033,1429,663,1261,653,432,2710,732,560,697,804,569,619,384,603,1849,863,417,493
2097,12,781,1449,465,560,1635,513,1100,484,1917,530,940,8538,696,739,358,820,882,1401,2605,379,355,1010,419,1603,448,554,341,833,10907,429,421,366,509,452,533,389,382,505,4084,440,966,387,1258,541,409,512,383,2970,791,911,2213,363,338,554,283,1005,489,392,436,792,545,577,783,352,1313,385,363,430,2416,3287,739,950,3186,2790,4136,7648,361,708,673,1279,401,806,787,468,2086,1526,1710,328,634,785,2372,936,1019,1289,1699,471,914,604,649,1084,864,2224,377,457,681,1090,616,418,3039,1137,453,373
2098,1,430,1311,464,596,1013,414,1010,1889,1031,428,2006,8561,391,378,364,419,1639,11896,522,433,789,616,1289,794,413,1007,483,796,2508,397,1207,470,1051,712,610,599,552,1415,3059,767,921,430,613,1568,841,1783,462,3233,403,492,692,604,746,807,312,462,1951,456,444,6150,581,2100,583,348,1969,578,472,404,2050,1019,432,1879,1320,1473,6486,1932,355,766,1036,833,339,1535,1684,367,491,5036,1030,325,1049,2170,1028,895,1385,733,1060,1513,1604,386,459,728,456,698,441,470,3263,767,2285,403,2352,584,409,378
2098,2,1176,4797,509,736,878,1019,1194,719,643,502,595,8112,1032,568,450,1963,630,5629,853,389,857,1359,1502,2346,673,610,446,1016,2052,848,652,443,1699,396,884,1154,644,1118,3029,427,961,456,598,3782,483,753,410,2712,456,397,883,409,618,509,276,1340,543,383,609,2760,1752,1223,532,940,1750,1037,631,444,672,1198,402,1874,749,1514,4054,2211,407,797,577,995,524,3409,1287,363,1112,2525,1998,431,871,1475,850,474,591,1464,3706,1450,758,497,418,2015,985,570,453,2023,3099,611,886,656,2006,1021,571,420
2098,3,452,2731,400,893,854,854,1382,621,837,764,845,3700,1243,387,433,465,538,1696,816,474,438,625,931,1210,741,1182,515,606,1932,664,614,362,1488,403,428,445,650,543,4520,396,596,344,461,2062,438,550,860,2240,436,779,478,2287,519,380,274,826,435,1839,432,1478,698,895,752,415,1523,2817,982,603,586,652,481,2204,574,1424,2938,2985,339,517,480,1060,400,2511,1481,943,698,2204,974,978,799,1716,2122,656,1291,951,6461,1056,729,368,398,4513,712,610,434,633,1731,733,882,700,2210,783,1084,394
2098,4,400,2041,1468,465,497,468,486,478,496,419,753,1512,811,350,409,438,445,816,520,368,425,453,569,633,652,430,393,435,771,583,782,354,653,425,451,398,411,628,1228,391,414,350,400,872,409,413,446,882,422,387,425,401,353,373,280,439,402,506,403,806,518,628,505,451,638,877,497,447,488,512,387,1449,478,713,777,1777,332,403,489,624,441,1247,797,466,580,1305,645,488,648,670,823,529,1061,555,1851,744,460,412,380,1582,1360,549,367,686,1065,465,681,527,5156,607,441,360
2098,5,396,851,380,403,441,485,413,424,416,390,444,721,992,370,450,525,415,553,417,359,357,397,402,499,359,396,324,391,534,418,404,383,1799,389,473,390,366,421,598,363,360,344,379,453,410,1996,569,521,391,365,401,2281,389,353,314,402,375,364,374,525,504,451,414,369,475,604,360,381,1012,778,426,533,527,796,558,697,330,375,414,612,332,545,789,480,420,685,484,501,451,449,442,393,435,425,964,464,404,355,374,740,477,423,638,459,848,409,611,751,1102,487,409,353
2098,6,379,710,420,614,407,530,600,413,393,412,408,593,566,432,444,372,863,620,426,525,465,370,378,638,405,450,316,446,492,413,420,404,867,369,592,404,429,463,499,449,372,326,750,400,397,674,514,486,406,390,462,1020,407,337,274,409,372,354,364,431,470,393,386,372,419,401,441,381,1208,436,536,540,414,466,485,609,336,370,415,578,390,551,483,361,419,447,556,555,620,491,402,453,426,399,520,417,647,429,376,482,398,545,436,389,596,420,558,539,821,444,408,427
2098,7,1099,1052,556,929,597,872,672,786,1163,717,1237,968,1070,500,908,462,616,689,593,717,559,500,1044,1290,629,1019,478,914,900,923,851,506,1069,735,1278,854,1121,1238,908,670,604,507,917,595,540,1025,714,852,569,650,1261,562,844,847,892,820,1381,699,627,655,741,734,619,852,978,1572,1314,1233,1188,1047,936,893,834,1226,730,1144,937,811,964,601,484,1677,1447,530,716,615,622,663,1417,764,739,752,605,846,1168,629,975,881,487,526,908,1104,727,1410,1366,729,1094,1031,1076,934,675,974
2098,8,1278,677,692,777,456,1070,788,1452,1072,577,1731,1080,751,588,1239,1128,1119,1747,599,601,855,569,549,1635,1221,637,930,782,818,763,842,951,1319,658,1781,810,1164,1443,1852,1588,840,430,1211,553,785,1714,999,3439,576,1053,2181,808,1058,729,709,685,1184,1280,887,1483,548,736,1251,1085,1123,3817,2071,1349,3275,1962,738,883,1344,1155,846,811,729,657,2248,1346,770,627,1238,812,943,876,869,1289,1786,1288,641,1730,550,956,971,827,624,981,790,606,1027,996,1103,1898,1322,810,829,2436,1423,1251,607,559
2098,9,1219,397,967,414,577,803,979,1182,1298,372,1041,823,793,409,694,984,712,668,2157,673,2107,627,459,1659,938,762,1340,915,873,490,766,1619,892,775,6410,495,1065,1132,1195,376,450,997,1099,386,333,813,449,9110,384,364,809,949,642,428,375,558,520,1131,407,399,426,404,673,576,920,2772,1179,6089,1365,770,518,491,581,1421,756,2277,962,422,2207,854,744,856,435,497,1040,713,1368,841,2056,439,584,717,432,407,1073,590,542,626,541,1163,1186,1297,681,1132,631,2095,830,1280,1086,3057,437,781
2098,10,414,1339,391,878,896,436,1261,2335,1695,482,388,599,968,365,3824,451,444,384,2308,429,551,1643,607,462,491,473,529,392,1628,1596,407,645,577,1504,642,355,557,546,1036,514,338,382,433,418,988,3181,1149,1115,395,1266,383,417,874,931,282,940,1429,375,2439,842,3059,394,537,485,850,1274,725,947,2441,1958,836,481,396,431,869,1703,401,368,12322,627,406,1649,1377,733,1824,554,937,343,963,789,635,380,461,598,401,717,518,520,363,1083,1400,434,1042,1063,555,1764,525,772,487,958,1401,345
2098,11,502,1546,1025,450,448,517,1052,616,1037,483,1710,2515,927,481,2258,453,435,460,699,541,672,775,799,483,651,412,1992,419,4101,418,599,379,379,389,685,352,480,1047,408,1018,351,620,1290,376,686,565,370,969,581,1351,392,379,366,1394,262,780,926,352,421,545,3212,435,375,1717,553,749,447,1052,834,565,751,720,440,661,3436,819,542,1191,961,551,948,562,482,715,429,769,447,418,1171,374,459,381,377,1028,1172,644,385,350,351,642,624,887,488,427,1461,609,365,471,1587,1137,487,536
2098,12,2882,3325,548,382,424,833,580,1647,1063,546,1486,3159,1248,373,813,446,373,461,481,723,492,843,839,450,358,488,574,418,1259,1575,895,370,2244,721,737,1637,457,1548,1155,1314,345,357,798,636,357,510,365,4068,354,595,426,366,1706,569,258,1209,575,522,441,373,692,1743,1655,461,841,694,616,688,1019,485,2747,3556,1307,810,519,703,657,437,721,884,378,476,611,959,812,692,1303,2240,578,439,506,534,1882,552,941,428,1315,425,359,2462,1713,1511,404,574,560,763,419,1134,457,648,1070,340
2099,1,910,1597,508,988,513,606,974,1940,1262,674,1126,1255,582,371,641,440,353,372,5761,753,1256,1228,1010,483,5809,478,2199,368,1206,1182,1632,470,803,692,869,1772,1261,1784,705,781,322,650,1853,926,1177,756,570,3405,753,1268,3386,925,1646,401,706,3979,879,630,413,367,744,587,1150,549,854,1269,464,5497,528,651,1870,1289,4445,1863,468,1781,1786,708,792,454,1019,1459,4168,4038,1084,1219,527,952,1467,385,778,838,662,534,983,1615,665,589,351,864,4065,3389,1215,422,1341,716,427,782,441,673,1054,1510
2099,2,798,1872,427,436,566,451,485,2618,1267,1485,1682,3031,714,574,529,751,347,389,2896,1374,1577,769,527,957,1044,459,874,472,2698,1143,873,518,505,1180,551,2985,591,632,1758,999,319,438,2216,465,404,601,1379,2867,1021,850,752,443,571,418,639,1109,1138,389,437,382,661,701,905,1058,738,1118,472,4046,489,817,1130,2958,982,1392,482,2313,2132,804,1456,801,918,717,2167,4830,1622,756,1577,500,591,1718,1052,813,451,642,1940,578,629,553,457,1448,2103,4478,1070,990,1082,765,471,1743,514,1910,1545,2418
2099,3,805,2816,966,4184,687,1345,462,2349,1252,680,2543,2593,536,1551,485,469,343,377,2270,1213,921,696,653,423,2158,371,754,450,1099,2554,1878,719,525,1342,535,6023,1383,795,940,662,314,1253,2125,572,555,470,1566,1946,676,756,2512,609,1371,414,287,780,1232,403,1249,595,489,728,594,543,560,1161,470,1918,456,426,953,2483,1269,1211,442,1207,885,617,1163,1108,661,531,3384,6200,1344,1013,2027,445,1142,715,561,1001,1386,836,1031,783,727,381,437,923,1874,3873,469,511,559,703,442,1037,717,4019,1530,968
2099,4,444,1290,431,1458,379,621,405,880,654,480,1033,1051,480,441,427,359,341,405,1175,582,559,505,447,393,992,383,597,375,587,1478,643,548,546,607,474,3585,760,553,588,434,313,407,717,375,400,424,504,792,400,518,610,377,506,351,268,708,507,355,589,590,448,526,459,521,750,567,472,732,506,424,909,1265,545,594,415,708,514,510,683,457,433,497,4898,1766,1003,571,945,412,560,433,501,830,502,391,576,503,411,354,366,634,844,1927,810,424,500,653,353,779,500,2279,2634,570
2099,5,432,698,392,518,1797,411,495,572,514,393,506,581,427,342,445,351,337,351,536,404,482,459,381,442,483,338,472,346,554,588,771,1689,519,462,459,1018,2972,445,418,395,367,343,488,393,342,405,422,513,413,411,495,352,404,349,267,455,418,338,383,357,1716,398,401,383,564,457,369,528,394,389,690,844,432,608,376,501,421,399,645,476,371,412,1474,762,605,441,471,377,464,388,686,441,399,402,428,751,418,341,332,442,528,715,443,622,522,444,347,786,405,693,750,418
2099,6,406,523,522,433,991,380,481,447,410,556,477,434,598,339,443,346,352,377,444,399,431,444,373,676,417,480,444,389,487,501,450,424,383,487,594,634,854,437,488,381,319,330,693,373,359,385,461,428,350,377,808,346,438,332,260,403,417,367,425,354,733,486,566,439,380,415,410,426,427,395,515,526,413,398,421,594,473,469,428,583,496,398,636,628,500,384,480,415,393,531,421,395,421,385,417,425,439,457,359,399,496,482,467,428,527,508,355,467,528,501,717,443
2099,7,867,888,798,724,824,607,817,962,667,3959,806,886,990,581,468,890,577,1711,748,724,1025,687,712,1158,486,645,1124,588,690,960,946,574,844,1028,1503,1414,2761,917,1209,600,534,525,625,520,803,1016,678,908,455,888,928,518,932,883,551,556,918,517,630,852,563,1220,776,1468,639,1251,1150,1212,739,737,917,698,816,1770,898,815,633,849,1107,811,489,1004,1069,965,1088,604,3083,679,793,834,1173,722,770,1212,1007,444,467,808,884,984,522,639,1313,653,1050,979,656,839,949,770,1130,976
2099,8,1169,730,950,632,695,685,1516,1613,1025,1883,601,980,953,609,555,865,654,1284,2062,932,826,605,798,1396,450,1138,1003,802,1317,1588,1285,929,1826,874,2087,1281,1602,999,1820,619,709,758,525,466,504,770,1339,963,474,1276,706,870,606,524,578,1033,969,735,593,753,947,2698,469,1034,520,1142,2028,1263,1087,679,1041,744,2285,612,835,911,1103,554,630,1318,655,985,1048,833,1911,841,1106,3457,726,1458,769,1396,1851,1239,1281,465,701,1368,788,862,742,693,1514,941,2321,1305,1256,1063,1455,987,1235,1081
2099,9,814,461,5402,520,1896,466,639,3426,1114,574,454,1101,425,398,767,870,608,734,1243,1344,401,611,627,636,464,1128,844,1892,3594,1023,2120,623,558,854,1225,4571,1397,847,3424,742,758,402,2298,424,461,2392,972,512,561,443,853,527,943,504,328,707,1131,365,407,1134,916,816,804,816,386,508,891,909,839,584,2629,772,3651,640,4584,3926,2898,1741,775,980,824,1042,744,508,924,929,443,1843,710,613,949,511,1096,848,718,684,1614,1472,519,630,384,438,1508,1004,1730,898,1347,657,1102,839,1043,1050
2099,10,1116,707,833,1036,900,423,386,1337,502,807,410,676,504,313,604,475,948,1190,387,1231,410,389,893,4356,1185,1018,946,545,514,1700,2437,1176,881,575,1647,1178,1248,534,6009,1126,417,577,526,487,421,1066,416,377,600,406,612,332,401,1772,302,1350,1126,336,6934,684,5033,983,884,469,461,489,402,427,801,2037,2312,424,2708,740,1812,3260,1269,480,551,3908,390,1981,586,367,1178,1629,872,1045,383,12479,682,396,1324,915,433,720,2011,1311,341,431,796,371,872,873,435,545,1654,408,435,1134,428,854
2099,11,615,366,501,965,650,664,520,499,397,2121,457,1997,512,309,386,3648,355,625,512,645,771,361,771,725,377,646,784,422,492,592,928,960,876,1717,492,724,628,803,3122,684,1884,422,496,417,449,826,465,362,1057,533,796,328,417,383,480,522,3618,364,777,2615,1146,421,396,451,549,435,838,904,2054,2031,1310,362,921,659,2070,984,828,526,365,658,819,539,1131,363,1063,966,405,1055,545,5315,431,2296,1822,703,436,568,650,781,2078,499,629,364,8101,851,629,616,647,384,399,739,654,1288
2099,12,1247,3006,1467,397,417,446,1275,487,625,782,590,1447,403,693,430,656,353,427,376,3914,851,1461,2196,586,608,437,419,393,595,539,2023,720,433,4357,469,643,1359,589,905,1708,373,312,511,1346,406,2896,399,362,1106,458,394,336,362,383,816,3773,704,1222,1671,1548,841,888,538,357,345,382,691,574,533,856,1585,359,5285,1813,830,1214,918,1492,444,1735,511,804,433,369,946,1628,636,4814,373,810,647,754,2991,472,2652,3149,444,1598,643,1471,1788,359,2148,452,466,4095,2584,394,494,410,384,1013
