{"type":"FeatureCollection","crs":{"type":"name","properties":{"name":"EPSG:4326"}},"features":[{"type":"Feature","id":4,"geometry":{"type":"Polygon","coordinates":[[[-112.130163460691,34.044463164497],[-112.117332566583,34.0430451068627],[-112.114058135186,34.0426780233264],[-112.099895224868,34.0411507116331],[-112.099419955466,34.041100853794],[-112.082752518297,34.0392873110533],[-112.081815219016,34.0391873430439],[-112.065292969853,34.0373949472761],[-112.064933669912,34.0373574771756],[-112.047861969035,34.0355066151219],[-112.047058639459,34.0354210218499],[-112.036184264742,34.0342280407587],[-112.030603784316,34.0336278807431],[-112.026886897887,34.0332283554051],[-112.015496756175,34.031999517228],[-112.012965510642,34.0317205377732],[-112.005702688664,34.0309211605847],[-112.003487268529,34.0306664566195],[-111.995561084253,34.029801997852],[-111.978366621114,34.0279153886137],[-111.960872872213,34.0259881227824],[-111.952977949379,34.0251206652749],[-111.943317482292,34.0240498136661],[-111.925929200162,34.0221257679409],[-111.908394912112,34.0201822974832],[-111.89521693167,34.0187232468743],[-111.89093167897,34.0182606049445],[-111.875704834446,34.0166226401868],[-111.874011589093,34.0163911852476],[-111.872997158418,34.0162811500112],[-111.85673658177,34.0144948484298],[-111.847831677517,34.0135149183475],[-111.839351499949,34.0125832995921],[-111.836845081182,34.0123072772142],[-111.834384744229,34.0120353991772],[-111.832018631054,34.0117763632441],[-111.825509847213,34.0110626638793],[-111.821880066997,34.0106585914738],[-111.804309626298,34.0087049841308],[-111.786703015654,34.0067445824059],[-111.770501266585,34.0049397043839],[-111.760454966654,34.0038230407399],[-111.753021572302,34.0030029830484],[-111.750700631819,34.0027466105171],[-111.75070104854,34.0027939560261],[-111.740422792692,34.0016409919563],[-111.736166460788,34.0011637476431],[-111.735713930616,34.0011123441908],[-111.726304812408,34.0000522006497],[-111.726202605212,34.00005054937],[-111.725445057496,33.9999422861225],[-111.721226838314,33.9999513073788],[-111.718082536597,33.999947155513],[-111.706623777099,33.9999413605086],[-111.700712892253,33.9999436074983],[-111.692377813607,33.9999457088592],[-111.682962985212,33.9999532459495],[-111.677352589517,33.9999572094523],[-111.665766000072,33.9999663498376],[-111.663456205001,33.9999698112212],[-111.65185019989,33.9999642173435],[-111.648289013007,33.9999627436051],[-111.641987239844,33.9999619727953],[-111.635076034135,33.9999617712981],[-111.631213737655,33.9999681226116],[-111.627556475593,33.9999710505973],[-111.625696250814,33.9999557245883],[-111.625696547794,33.999903866081],[-111.61951352949,33.9999013394644],[-111.613747432894,33.9999031863533],[-111.604669558017,33.9999075568757],[-111.596000060788,33.9999047716308],[-111.587857099621,33.9999033699194],[-111.578402888625,33.9999030907014],[-111.56830879471,33.9999050432266],[-111.565548251082,33.9999087475528],[-111.548615059063,33.9999222974384],[-111.548084481246,33.9999246624833],[-111.532514933201,33.9999321679687],[-111.530589525038,33.9999359788521],[-111.521726578287,33.9999581023333],[-111.513195448305,33.999957913832],[-111.512213441451,33.9999574968051],[-111.504008256893,33.9999710952276],[-111.500691091673,33.9999823860873],[-111.500691192082,33.9999418003417],[-111.497330281312,33.9999373963076],[-111.496119474413,33.9999287577007],[-111.49512795155,33.9999214781816],[-111.49297909723,33.9999075612347],[-111.491678320012,33.9999060028107],[-111.49167777104,34.0000457967673],[-111.491607725825,34.0000460767978],[-111.491282104109,34.0005591937884],[-111.491083378951,34.0007200708074],[-111.490877661073,34.0009598909729],[-111.490652083687,34.0011592038141],[-111.490340606278,34.0013678784345],[-111.489857385231,34.0014870476639],[-111.489361514634,34.0015250963181],[-111.489070553351,34.0015352715969],[-111.488766861612,34.0015680449827],[-111.488363528411,34.001574156299],[-111.487953814596,34.001647932552],[-111.487570048713,34.0017621892488],[-111.487192587124,34.0017952495787],[-111.486849485929,34.0018011180925],[-111.486498382363,34.0019468075373],[-111.486207152826,34.0020291274614],[-111.485777080549,34.0020939587534],[-111.485261567357,34.0022493136648],[-111.484851579619,34.0022757313688],[-111.484382823161,34.0022031732773],[-111.483999852123,34.0021009645254],[-111.483894018879,34.00205628706],[-111.483735651354,34.0020569100239],[-111.483451034344,34.002112140635],[-111.482981410415,34.0022447583617],[-111.482484727536,34.0023797347737],[-111.482154238447,34.0024621995239],[-111.481830224844,34.002492780512],[-111.481526168211,34.0025819034351],[-111.481188565959,34.0026035168248],[-111.480660431501,34.0025627424409],[-111.480145068313,34.0025061328367],[-111.479853988023,34.0024959960142],[-111.479497333826,34.0024996410292],[-111.479219840333,34.0024984679248],[-111.478829833272,34.0024684209046],[-111.478550934475,34.0024582332931],[-111.478268653787,34.0024480564392],[-111.477680040033,34.002484164907],[-111.477289850404,34.0025420455798],[-111.476899798738,34.0026247279229],[-111.476641020695,34.0028241441071],[-111.476474911816,34.0030141828311],[-111.476203049548,34.0032948188502],[-111.476043542386,34.0034555196496],[-111.47587731709,34.0036252654658],[-111.475797883027,34.0037022326229],[-111.475718824832,34.003725084591],[-111.475526764779,34.0037528841819],[-111.47368823435,34.0040621069176],[-111.473575975744,34.0039565684959],[-111.473517810819,34.0037200495145],[-111.473419802818,34.0034994653636],[-111.473287351918,34.0035360505489],[-111.473180943253,34.0036311574617],[-111.473154296223,34.0037079191944],[-111.47293409251,34.0041529426818],[-111.472178052733,34.0048796052359],[-111.472025646895,34.0048576429886],[-111.471735526205,34.0047775867339],[-111.471438715195,34.0045893303565],[-111.471221596131,34.0043692014208],[-111.47093231311,34.0040726885573],[-111.470675679333,34.0038053622113],[-111.470596586836,34.0036996933829],[-111.470564335304,34.0034968943673],[-111.470533002115,34.0032151761809],[-111.470527337795,34.0029243411186],[-111.470390010817,34.0026903781151],[-111.470171681559,34.0027408162764],[-111.470091559439,34.0029395361579],[-111.469924877347,34.0032738684699],[-111.46981156712,34.0034682047996],[-111.469704973467,34.003653497924],[-111.469617802558,34.0039243946193],[-111.46951721859,34.0042178900354],[-111.46941686563,34.0044302142073],[-111.469290948225,34.0045479394167],[-111.469171576582,34.0046250545301],[-111.46899984182,34.0046572744277],[-111.468781605816,34.0047257480358],[-111.468549602175,34.0048754422543],[-111.468370476101,34.0050407165285],[-111.468191092509,34.0052826535139],[-111.468051124505,34.0055537495982],[-111.468003786822,34.0056847026236],[-111.467917749148,34.0057932555003],[-111.467671948857,34.0060196598684],[-111.467082976448,34.0062428579578],[-111.466751449447,34.0063884170976],[-111.466606437757,34.0063574022786],[-111.466369156995,34.0062861506044],[-111.466164179956,34.006180957567],[-111.465893760927,34.0061143405025],[-111.465616944306,34.005991380317],[-111.465425368702,34.0058613327218],[-111.46537342734,34.0056450785393],[-111.46535462405,34.0054241890194],[-111.465362180451,34.005320444127],[-111.465210367064,34.005158680067],[-111.464960515035,34.0050153237646],[-111.464828268411,34.0049662205468],[-111.464564278506,34.0048364447554],[-111.464373001594,34.004760507647],[-111.464174945802,34.0046823399676],[-111.46397086107,34.0046154694979],[-111.463693497197,34.0045150540464],[-111.463337068655,34.0044374819368],[-111.463013399622,34.0044093900638],[-111.462709727586,34.0043248537083],[-111.46245918091,34.0041769853275],[-111.462195271182,34.0040607334181],[-111.461752856699,34.0039767152823],[-111.461475765569,34.0039258970282],[-111.46103033735,34.0036592584422],[-111.460513323309,34.0032959328187],[-111.460250384124,34.0031075226776],[-111.459992907101,34.0029281095844],[-111.459801950981,34.0027845223658],[-111.459499034911,34.0025872399624],[-111.459023372251,34.0024852996986],[-111.458520508346,34.0026111842514],[-111.458077491684,34.002790955499],[-111.457766169081,34.0029183785345],[-111.457507249176,34.0030997170164],[-111.457314774016,34.0033033564583],[-111.456963129876,34.0036113022854],[-111.456783825412,34.0038735144882],[-111.45662405083,34.0041176148844],[-111.456511108072,34.0042600804741],[-111.456351853039,34.0043486042579],[-111.456120023418,34.0044080866716],[-111.455776873518,34.0044071034959],[-111.455327427052,34.0043997493935],[-111.45489029395,34.0045434135199],[-111.454433639432,34.0047074386139],[-111.454235090234,34.0047893420251],[-111.454069854506,34.0047719147406],[-111.453984312871,34.0047226266004],[-111.453925094636,34.0046597131251],[-111.453714738716,34.0044305096398],[-111.453524108396,34.0042192716036],[-111.453339568632,34.0040080093258],[-111.453149424134,34.0037606928159],[-111.452741251434,34.0033676228693],[-111.452313018226,34.0030197186177],[-111.452076810048,34.0027635512534],[-111.451892325303,34.0025613057964],[-111.451695078082,34.0023771449987],[-111.451536742775,34.0022559723265],[-111.451339237721,34.0021507260919],[-111.451003025165,34.0019242343963],[-111.450673881023,34.0017540822114],[-111.450337482707,34.0016200327642],[-111.450258001351,34.0015639560467],[-111.450087605783,34.0013368543181],[-111.449943402199,34.0010713268314],[-111.449918323523,34.0008076189496],[-111.449807142165,34.000514913117],[-111.449649072754,34.0003148228895],[-111.44955095312,34.0001889182818],[-111.449355355683,34.0000588592852],[-111.449108571657,34.0001048557902],[-111.448896397387,34.0002972795539],[-111.448703267085,34.0005076714437],[-111.448630436967,34.0005575410198],[-111.448332618869,34.0006803798425],[-111.448074314692,34.0008526784078],[-111.447703498352,34.0009938206895],[-111.447239962795,34.0011352977974],[-111.447128057723,34.0010906106933],[-111.446803666366,34.0011797233256],[-111.446499340185,34.0012236672063],[-111.44606979758,34.0012658105238],[-111.445798432995,34.0012713033835],[-111.445481988917,34.0011980449926],[-111.445224261372,34.0010930063848],[-111.445026824756,34.0009990231321],[-111.444815618814,34.0008599964224],[-111.444651109558,34.0007207987092],[-111.444744523224,34.0005941978207],[-111.44477540832,34.0005467374482],[-111.444857982591,34.0004179202054],[-111.444930973474,34.0002688466517],[-111.444933252566,34.0000568950258],[-111.444887910123,34.0000570592481],[-111.444831816573,33.9996829816496],[-111.444819531929,33.9994034426591],[-111.444780339622,33.9991555668696],[-111.444616171547,33.9989509820301],[-111.444451703523,33.9988185489642],[-111.444003179975,33.9985924427946],[-111.443561406601,33.9984925746384],[-111.443303351804,33.9984529209203],[-111.443165176678,33.9984308722454],[-111.442934168205,33.9983866091353],[-111.442677512322,33.9982251943538],[-111.442334560878,33.998127220824],[-111.441905672652,33.9980318097958],[-111.44160240583,33.9977555695643],[-111.441405425571,33.9974857124012],[-111.441050018966,33.9970721209402],[-111.440859342178,33.9968428236503],[-111.440583010747,33.9966702016288],[-111.440418601717,33.9964160090589],[-111.440452465448,33.996158852148],[-111.440546186325,33.9958293283226],[-111.440507992848,33.9953785241122],[-111.440389906964,33.9950520140548],[-111.44038400779,33.994826564272],[-111.440450736525,33.9946436946854],[-111.440662999269,33.9943362942751],[-111.440756530205,33.9941014701088],[-111.441009185078,33.9936225658556],[-111.441273922817,33.993387128184],[-111.441399933417,33.9931521864448],[-111.44153991986,33.9928720998888],[-111.441738267407,33.9927541434147],[-111.441956378887,33.9926631714507],[-111.442148585638,33.9924054445361],[-111.442373693918,33.9920979949805],[-111.442526976877,33.99177276614],[-111.442699043383,33.9915466757628],[-111.442792354665,33.9912712657392],[-111.442528859353,33.9910918370791],[-111.442331800641,33.9909347165122],[-111.442068294643,33.9906222595146],[-111.441225873046,33.98998269138],[-111.440007289866,33.9890941901059],[-111.439434831527,33.9885731442224],[-111.439026783136,33.9881777712806],[-111.438803303297,33.9878809468961],[-111.438539717849,33.987548189415],[-111.438290106339,33.9873010612385],[-111.438092478159,33.9871619737947],[-111.437769598782,33.9870098021828],[-111.437420567423,33.9867720442814],[-111.437064180771,33.986683122689],[-111.436799927531,33.9867471923234],[-111.436152227061,33.9869884900204],[-111.435821579122,33.9870370105094],[-111.435557623031,33.987026670445],[-111.435175121732,33.9869919498304],[-111.434773054511,33.986835541165],[-111.43452292345,33.9866831040889],[-111.434342255068,33.9864176856158],[-111.434121685666,33.9861569186878],[-111.433924399655,33.9859501807119],[-111.433621729766,33.9856446070377],[-111.433437636532,33.9853701810973],[-111.433359767709,33.9850931256169],[-111.433294559307,33.9849107241073],[-111.433235728417,33.9846516385058],[-111.433204148319,33.9842955058836],[-111.433285698696,33.9835646922564],[-111.433372736621,33.9832487262111],[-111.433571692184,33.9829864784806],[-111.433869308745,33.9828321095308],[-111.434153794036,33.9826236718911],[-111.434319615308,33.9823660498763],[-111.434340739794,33.9819962030959],[-111.434302446859,33.9816513667167],[-111.434323204619,33.9813423980117],[-111.434502072233,33.9809900304207],[-111.434687901205,33.98080899793],[-111.435137563581,33.9806180126295],[-111.435606697904,33.9805306736043],[-111.436042539508,33.9804163951135],[-111.436558274404,33.9801800753122],[-111.43682896485,33.9801881339795],[-111.437198887548,33.9801507443774],[-111.437456590802,33.9800010175715],[-111.437543777578,33.9795858408536],[-111.437551187478,33.9793152489026],[-111.43777035104,33.9790393944261],[-111.438265808326,33.9788099047073],[-111.438899552582,33.9787625518845],[-111.439626163437,33.9787486846982],[-111.440068264645,33.9786704436571],[-111.440643399713,33.9785421217166],[-111.441330348593,33.9783164437148],[-111.441820170429,33.9780463749951],[-111.442502521178,33.9771961514406],[-111.442616009584,33.9769003763111],[-111.442814935374,33.9766403688837],[-111.443118766778,33.976517520648],[-111.443405424208,33.9763451286796],[-111.443608509841,33.9761053978825],[-111.443767828976,33.9759064092618],[-111.443986055582,33.9757162255571],[-111.444296823673,33.9756271709456],[-111.444502364859,33.9753400790833],[-111.444774335089,33.9749467763752],[-111.444940650321,33.9745335634673],[-111.445145958297,33.9743321499083],[-111.44539686411,33.9741824315318],[-111.445767427398,33.9740142411818],[-111.446004759251,33.9739863245085],[-111.44640105965,33.9739533212602],[-111.446770509676,33.973961000516],[-111.447213450414,33.9737902880263],[-111.447472020547,33.9735548574509],[-111.447775845794,33.973434252486],[-111.448145889353,33.9732976229485],[-111.448291519112,33.973071621538],[-111.448385171905,33.9728683556284],[-111.448444854062,33.9726381572143],[-111.448452607944,33.9724397144102],[-111.448473073266,33.9722141678501],[-111.448493373822,33.9719570569429],[-111.448549729611,33.971866662703],[-111.448699367115,33.9716316264839],[-111.448851223822,33.971432658568],[-111.44903072223,33.9712155513264],[-111.449143398236,33.9710279982495],[-111.449150508348,33.9708363222166],[-111.44908523186,33.9705163906215],[-111.449185206083,33.9702296774517],[-111.449173054373,33.9699771936704],[-111.449180579668,33.9697359114476],[-111.449161924309,33.9694045360113],[-111.44907733832,33.9690147793807],[-111.449052191383,33.9686067681283],[-111.449290504539,33.9683826808311],[-111.449661272604,33.9680025339345],[-111.449892997929,33.9678122923016],[-111.450032677738,33.9674871027895],[-111.450158709489,33.9671394147601],[-111.450364212295,33.9669808330894],[-111.450602162653,33.966817622434],[-111.450900402488,33.9665414552375],[-111.451401892069,33.9664494280919],[-111.451613327425,33.9663900299639],[-111.451996804174,33.9662420654049],[-111.452393819055,33.9659677857331],[-111.452625562073,33.9656557829774],[-111.452580662646,33.965225297044],[-111.452278450476,33.964876927034],[-111.452028428676,33.9646749213938],[-111.451890051448,33.9644770145794],[-111.45195718485,33.9642512961968],[-111.452208439509,33.9640474489511],[-111.452361078182,33.9637447565591],[-111.452375395729,33.9635102129061],[-111.452448543333,33.9632709448778],[-111.452555072308,33.9629481282309],[-111.452614880152,33.9627449834997],[-111.452787869225,33.9624534886516],[-111.452920789281,33.9621328294839],[-111.452527204782,33.9613902213249],[-111.4522906674,33.9609221090713],[-111.452047716868,33.9606479259604],[-111.451856502575,33.9605629480148],[-111.451427239556,33.9606186365611],[-111.450852703567,33.9607064223281],[-111.45054973267,33.9605947949698],[-111.450338594818,33.9604512667253],[-111.449990113307,33.9601752100727],[-111.449561979381,33.9599310108258],[-111.449160145456,33.9596709306455],[-111.448850358452,33.9594195317615],[-111.448653743052,33.9590775307905],[-111.448430391088,33.9587965059677],[-111.448180658791,33.9585155750808],[-111.448063323649,33.9580695677851],[-111.448024358646,33.9577337558507],[-111.448137529329,33.9575146368081],[-111.448224222118,33.9574060938924],[-111.44852865788,33.9570261920699],[-111.449156349582,33.9566315824466],[-111.449361069548,33.9565857417288],[-111.449473961245,33.9564432811766],[-111.449620448803,33.9561293397152],[-111.449832465372,33.9557993760209],[-111.44993854531,33.9555194043703],[-111.450032756435,33.9550410580976],[-111.450310760492,33.9547830032268],[-111.450509385831,33.9546086633935],[-111.4508197014,33.9544496974727],[-111.451236152113,33.9542790675673],[-111.451421711487,33.9541927079992],[-111.451600157683,33.9539124682269],[-111.451575007396,33.9536329747345],[-111.451516131963,33.9533716430944],[-111.45136615323,33.952894192097],[-111.451327025742,33.952657589703],[-111.45142088493,33.9523708957236],[-111.451507458337,33.9521135406996],[-111.451627373716,33.951765873041],[-111.45179340999,33.9513143201564],[-111.452125876288,33.9506141367094],[-111.452186621017,33.9502058087799],[-111.452167935323,33.9498699236151],[-111.452122599168,33.9496107962578],[-111.452175989868,33.9493467985136],[-111.452315633246,33.9490216051238],[-111.452269919484,33.9488188482054],[-111.452079700502,33.9485331976548],[-111.451869111385,33.9483603560472],[-111.451730950499,33.9480700047967],[-111.451738586719,33.9478512686969],[-111.451719724669,33.947481562994],[-111.451695166677,33.9470577657266],[-111.451610589028,33.9465394892725],[-111.451400832648,33.9461389174924],[-111.451144449288,33.9458738003485],[-111.450788762232,33.9456315930154],[-111.450400081334,33.9454165625006],[-111.450129950666,33.9452371720221],[-111.449787773595,33.9449904039206],[-111.449406039608,33.9446806455611],[-111.44928808639,33.9445006982732],[-111.449308332077,33.9442345669425],[-111.449415478618,33.9437742124379],[-111.449403710606,33.943465357186],[-111.449272435946,33.9431952704894],[-111.448976662549,33.9428964698459],[-111.448916863307,33.9428425747348],[-111.448706888255,33.9426539435486],[-111.448344601883,33.9424388093933],[-111.447942665879,33.9421426489539],[-111.447482003267,33.9417384731229],[-111.44733215105,33.9412767989248],[-111.447319773963,33.9409792203125],[-111.44739983408,33.9407692400686],[-111.447393660495,33.9404941858787],[-111.447369471956,33.9400072529331],[-111.447476199949,33.9394657308963],[-111.447609318618,33.9391856615275],[-111.447834446189,33.9389120210995],[-111.448212284727,33.938484502302],[-111.448238830712,33.9382589325622],[-111.448167853382,33.9378781422921],[-111.448089784369,33.9374342458925],[-111.447999113976,33.9370377437524],[-111.447848004984,33.9367226313997],[-111.447703681536,33.9365405236223],[-111.447678171635,33.9361888787818],[-111.447699523385,33.9358753940277],[-111.447627635311,33.9355780312041],[-111.447489852423,33.9353530598348],[-111.447128079739,33.9349710702625],[-111.447128430727,33.9347794170503],[-111.447478721806,33.9346473703371],[-111.448198325997,33.9345297611796],[-111.448977129132,33.9344818298447],[-111.449637100649,33.9344704021105],[-111.450428704037,33.9344133965647],[-111.451141884165,33.9342326622153],[-111.451789616103,33.9339529555764],[-111.452126746574,33.9336360561814],[-111.452227530272,33.9331283717137],[-111.452261842086,33.9327111213807],[-111.452177183776,33.9323033265857],[-111.451960119672,33.9320493398716],[-111.450794569237,33.9314628731341],[-111.450352969294,33.931331459368],[-111.44995205258,33.9308346300076],[-111.449597753179,33.9303286101217],[-111.449400834541,33.9299167133721],[-111.449388916442,33.9295785469916],[-111.449416513522,33.9291680862364],[-111.449490150844,33.9288972492563],[-111.449729114771,33.928431903295],[-111.449790400645,33.928255809338],[-111.449895000375,33.9279578037067],[-111.450173700294,33.9274629999798],[-111.450432515513,33.9270449275572],[-111.450552176607,33.9267829412648],[-111.450712323403,33.9262479845246],[-111.451064123095,33.9256401727964],[-111.451282289256,33.9253372404233],[-111.451567922277,33.9247499630404],[-111.451596383053,33.9241207884957],[-111.451308694904,33.9234206224165],[-111.451111607313,33.9229749066189],[-111.451153251881,33.9225373367444],[-111.451484346354,33.9219814596494],[-111.451643522922,33.9217779498958],[-111.451815675026,33.9214706752834],[-111.45181055336,33.9210129828551],[-111.451463128669,33.920522725116],[-111.451252811791,33.9202596928914],[-111.451002744898,33.9198953417279],[-111.450516200018,33.9195634218545],[-111.449626162963,33.9193908055129],[-111.449256307815,33.9193899000837],[-111.448979415523,33.9193232685402],[-111.448334526636,33.9189648603132],[-111.448103731733,33.9189206054307],[-111.447786765598,33.9190773353053],[-111.447330827363,33.9191646707637],[-111.446915197335,33.9192022562197],[-111.446276267544,33.9189475329611],[-111.44588813203,33.9185521061075],[-111.445012051569,33.9181990267847],[-111.444478867389,33.9179935165511],[-111.443833398514,33.917517841092],[-111.443491142091,33.9173612421149],[-111.44279887155,33.9172464872888],[-111.441507439806,33.9168475245981],[-111.440729204526,33.9167127738285],[-111.440215457799,33.9166018742715],[-111.43978023285,33.9165087302321],[-111.439265865151,33.9165398775343],[-111.438731352565,33.9165981509513],[-111.43838810304,33.9165091835573],[-111.438190824566,33.9164061679922],[-111.437947409575,33.9162717496323],[-111.437591693072,33.9161242018886],[-111.437419794009,33.9162240206694],[-111.437280667985,33.9163868548869],[-111.436902928879,33.9168256143295],[-111.436657987775,33.9171872416532],[-111.436373107789,33.9175399895267],[-111.435863515721,33.9179792132547],[-111.435459529518,33.9184451171241],[-111.434924153864,33.9188686443723],[-111.434275744588,33.9192700209277],[-111.433614834657,33.9197413342179],[-111.432999229587,33.9203477692288],[-111.432582035022,33.9208813529547],[-111.432329681279,33.9213872997462],[-111.432102642591,33.9220870632716],[-111.431883232164,33.9225568186564],[-111.431532239196,33.9230811470389],[-111.431247137884,33.9233978087223],[-111.430856386397,33.923816301239],[-111.430320635986,33.9241766776151],[-111.429449016674,33.9245765531313],[-111.429032339698,33.9248170078332],[-111.428199181894,33.9253384965383],[-111.42684487949,33.9259023711117],[-111.42627023398,33.926062193509],[-111.426116131158,33.9260762554026],[-111.426026254129,33.9260878392987],[-111.425716303199,33.9260370527801],[-111.425275666396,33.9256778184022],[-111.424933343862,33.9255076389921],[-111.424583763213,33.9253735620413],[-111.423404326283,33.9249311846542],[-111.422818033477,33.9247866413475],[-111.422198121728,33.9246805405806],[-111.420340385914,33.9239405788822],[-111.417415883484,33.9226878737837],[-111.416637966677,33.922483073141],[-111.415589115035,33.9224595604884],[-111.415174193048,33.9223707696953],[-111.413974462005,33.9220478717222],[-111.413268807426,33.9219623071898],[-111.412833496387,33.9219908241741],[-111.412418054053,33.9219335930968],[-111.412227646066,33.9217087563424],[-111.412070633032,33.9213981281631],[-111.411227860309,33.9209184312867],[-111.410878385283,33.9207978420599],[-111.410548876651,33.9207515921986],[-111.409513386125,33.9206896512759],[-111.408655230087,33.9206654447649],[-111.407996559109,33.9206450813084],[-111.407377200074,33.9205028291756],[-111.406547168377,33.9201357950985],[-111.40619825078,33.9199881328217],[-111.40586196645,33.9197953345875],[-111.405237291105,33.919384774568],[-111.405119220645,33.919152924105],[-111.405188128935,33.9184266725374],[-111.40542771987,33.9177629905032],[-111.405791788844,33.9175430823102],[-111.406247968801,33.9172146418092],[-111.406599825005,33.916559606519],[-111.406595398122,33.9160545582965],[-111.40642583005,33.9155139810835],[-111.406605669026,33.9149429382389],[-111.406805530644,33.9144597642259],[-111.406787761575,33.9139930921741],[-111.406779553396,33.913830777327],[-111.406775111903,33.9137496212098],[-111.406828889502,33.9135420076755],[-111.407067926304,33.9130519391755],[-111.407293373686,33.9128324840959],[-111.408051905054,33.9128232097174],[-111.408269860297,33.9127345524674],[-111.408548122765,33.9123909092166],[-111.408641525212,33.9121290490683],[-111.408714904595,33.9119213694131],[-111.408643482371,33.911547319627],[-111.408643641141,33.9114390915084],[-111.408552176917,33.9112567608089],[-111.408310118938,33.9108269078026],[-111.408510418061,33.9100145370168],[-111.408648136289,33.9096893971574],[-111.408770455304,33.9093958756946],[-111.408739831653,33.9087871974259],[-111.4086515718,33.9081426330902],[-111.408518891845,33.9078229001009],[-111.408091865289,33.907305724917],[-111.407750539947,33.9068964919399],[-111.407698550241,33.9066260954097],[-111.407838359066,33.9063144775077],[-111.408071340021,33.9056936525019],[-111.408205273429,33.9051430503288],[-111.408658583222,33.9050784152],[-111.409122762223,33.9050250150158],[-111.409611445172,33.904865558783],[-111.410087153526,33.9046790878425],[-111.41066195255,33.9044336602323],[-111.411143971911,33.9041547190933],[-111.411587634216,33.9037721855769],[-111.411964739509,33.9033267411441],[-111.41225045945,33.902926695805],[-111.412674597474,33.9022826735961],[-111.413034229601,33.9014404493057],[-111.413067902646,33.9011336908457],[-111.412937768155,33.9007823869854],[-111.412662125722,33.9003954948664],[-111.412722315019,33.900120214196],[-111.413385723282,33.8991935441837],[-111.413524713021,33.8989991702124],[-111.413664030656,33.8987326423246],[-111.413763901308,33.8984166425698],[-111.413719792643,33.8979613321586],[-111.413773980185,33.8975643162198],[-111.413774876676,33.8971900245087],[-111.413624598418,33.8968658454207],[-111.413427940671,33.8965959365487],[-111.413190531204,33.8964253729937],[-111.412822774708,33.8961379981082],[-111.41254750845,33.8956857159175],[-111.412259339551,33.8950801538619],[-111.411950926318,33.894621217643],[-111.411879810403,33.8943102998275],[-111.411887646977,33.8939720607831],[-111.412047658991,33.8935115582981],[-111.412180729783,33.8930714373537],[-111.412168623966,33.8928031628117],[-111.412156616044,33.892555180605],[-111.411986096406,33.8922355769532],[-111.411637876301,33.8919300954215],[-111.411480111189,33.8917322048655],[-111.411460995719,33.8915518891475],[-111.411739527659,33.8911405938623],[-111.412289439684,33.8905186996949],[-111.412593833464,33.8901456469463],[-111.412799236845,33.8898495876616],[-111.412958644463,33.8895469168085],[-111.413310173401,33.8889978341957],[-111.41343035456,33.8886907846152],[-111.413510079773,33.888404164603],[-111.413426252628,33.8879805527909],[-111.412913953779,33.8872855535807],[-111.412796637114,33.8870649818837],[-111.412784281357,33.8867448482658],[-111.412884469686,33.8863566964313],[-111.41289254482,33.8859282656003],[-111.412637239715,33.8854037642363],[-111.412428443066,33.884852050461],[-111.412172563791,33.8844876364659],[-111.411719291883,33.8841148638701],[-111.411351597398,33.8836876893965],[-111.411127875379,33.8835441319255],[-111.410672524475,33.8835817261261],[-111.409979663196,33.8837012808977],[-111.409194496477,33.8838820163973],[-111.408679797088,33.8839468565371],[-111.408258032155,33.8839414906975],[-111.408027758932,33.8838407890896],[-111.407869834675,33.8836045641347],[-111.407799341974,33.8831358085345],[-111.407602649423,33.8828478519627],[-111.407299624801,33.8826549448726],[-111.406265425839,33.8824824879939],[-111.405758162769,33.8822609392815],[-111.405436374721,33.8819576071467],[-111.405299017575,33.8816378844622],[-111.405313283168,33.8813672667866],[-111.405584975927,33.8810822740306],[-111.405928517252,33.8808421394952],[-111.405988843179,33.8805939178241],[-111.405963424322,33.8803640170418],[-111.405911982784,33.8800620496691],[-111.405847230847,33.8796609159136],[-111.40561675865,33.8795151159862],[-111.405023862726,33.8794742266047],[-111.404483617036,33.8794196321251],[-111.404002337643,33.8794009182567],[-111.403593826212,33.8793346147794],[-111.403040704394,33.8789846825788],[-111.402764147078,33.8789540211533],[-111.402474443601,33.8788580130545],[-111.40216491928,33.87871471873],[-111.401855259991,33.8786864172646],[-111.401459380353,33.8787192742703],[-111.401044410606,33.8787161158493],[-111.400813640819,33.8786492240857],[-111.400616305732,33.8785055623729],[-111.400136230444,33.878164398333],[-111.399866733307,33.8780525361943],[-111.399681879849,33.8779764741994],[-111.399458020534,33.8779411234057],[-111.399134983677,33.8779421708905],[-111.397849644842,33.8778110416676],[-111.397592629925,33.8777667759833],[-111.397277014848,33.877618979815],[-111.396915534487,33.8771985065247],[-111.396718313645,33.877077384209],[-111.396138558506,33.8769507287848],[-111.39603450323,33.8766624543516],[-111.396094833378,33.8764097275771],[-111.396413033607,33.8759487349684],[-111.396935580614,33.8755434511611],[-111.397497421825,33.8751605872616],[-111.397566524759,33.8750521351],[-111.397502325365,33.8750523425178],[-111.397406546628,33.8748001185459],[-111.39723677488,33.8746225401909],[-111.397370611308,33.8741914509194],[-111.397206735743,33.8739732682971],[-111.396964658325,33.8737959221232],[-111.39662154774,33.8735444944541],[-111.396333903792,33.8731576017391],[-111.396200670243,33.8728423644921],[-111.396160121301,33.8725493767013],[-111.396158007444,33.8722382265776],[-111.39620244958,33.8719111438737],[-111.396334521424,33.8716829887932],[-111.396499652668,33.8714434539237],[-111.396441255393,33.8712362039923],[-111.396348840465,33.8709794590027],[-111.396378891558,33.8706095828286],[-111.396340028053,33.8703887412256],[-111.396190571877,33.8702178605583],[-111.395867915703,33.8700024406084],[-111.395754306476,33.8696916486487],[-111.396099806279,33.8692937006268],[-111.396355117169,33.8689749601434],[-111.396338553753,33.8686074873434],[-111.396226565751,33.868355314631],[-111.395976097203,33.8681126054646],[-111.3955623614,33.8679267888619],[-111.394862784703,33.867886192375],[-111.394263600885,33.8679286966428],[-111.393938951101,33.8678643460291],[-111.39365268283,33.8677705615557],[-111.393357041418,33.8675482846004],[-111.393135590964,33.8671476431701],[-111.392955774402,33.8668370604978],[-111.392842240929,33.8665397940994],[-111.392708303591,33.8662132804381],[-111.392659341097,33.8658504208988],[-111.3926224506,33.8654672295737],[-111.39246295151,33.8651656000105],[-111.392125765153,33.8648690440712],[-111.391651762039,33.8646495850509],[-111.390737713284,33.864246628995],[-111.389866079538,33.8639562713222],[-111.389393693869,33.8637931667397],[-111.388450496478,33.863514297016],[-111.387855174841,33.863209524389],[-111.387431339698,33.8628726444867],[-111.387292337868,33.862616037828],[-111.387177931662,33.8622691647985],[-111.387020620163,33.8615481349534],[-111.386980209228,33.8612776904804],[-111.387024247756,33.8607048425053],[-111.387217665664,33.8602938678737],[-111.387587799407,33.8598146960011],[-111.387892353904,33.8596265926159],[-111.388305762808,33.8593051148413],[-111.388719874872,33.8589903981599],[-111.389200432991,33.8587273292288],[-111.389755883013,33.8582926598088],[-111.390268894624,33.8577386195277],[-111.390469843933,33.857354673591],[-111.390440470354,33.8569872403415],[-111.390421202691,33.856761825048],[-111.390591501442,33.8564726767825],[-111.390745009104,33.8560573134551],[-111.390825047841,33.8558293284327],[-111.390855163156,33.8557660994921],[-111.390980980973,33.8555018937628],[-111.391271066169,33.8552574575736],[-111.391725963225,33.8550034801457],[-111.39209229345,33.8548850680553],[-111.392346108501,33.8546880962341],[-111.392131657137,33.8546278991271],[-111.391885608692,33.8543062509071],[-111.391823882438,33.8539569596608],[-111.391803074665,33.8536909628183],[-111.391843424056,33.8532060603017],[-111.392021536424,33.8527071918354],[-111.392282772082,33.8523613819172],[-111.392456335763,33.8521984862201],[-111.392673328576,33.8519294782628],[-111.392817262247,33.8516404101901],[-111.392917961654,33.8512049194662],[-111.393016926878,33.8509813824908],[-111.393229526307,33.850786795102],[-111.393525579607,33.8505220424031],[-111.393589642713,33.8502016616108],[-111.39350836245,33.8498614512422],[-111.393595757674,33.8491779787743],[-111.393728229613,33.8484537751302],[-111.393891075708,33.8478715254544],[-111.394103223448,33.8474334242188],[-111.394399461571,33.8469183902514],[-111.394664257444,33.8464710979649],[-111.394858332682,33.8460713831946],[-111.395084875995,33.8456805837172],[-111.395376675455,33.8452309488742],[-111.395843478673,33.844936332414],[-111.395926290639,33.8445820684599],[-111.395845878614,33.8442846976099],[-111.395493579228,33.8439183002438],[-111.39516606941,33.8435067277632],[-111.395047603793,33.8430133144415],[-111.395138212563,33.8424448222975],[-111.395361481869,33.8419322736584],[-111.395513995554,33.8414582839669],[-111.395508248662,33.8412373358779],[-111.395500954147,33.8409735501852],[-111.395134255277,33.8405575948995],[-111.394766822081,33.840128110947],[-111.394325525244,33.8396470029956],[-111.393957014969,33.8394227033406],[-111.39310179847,33.8389767338566],[-111.392554101681,33.8387124165087],[-111.391820316161,33.8383765348566],[-111.391457774909,33.8381251528437],[-111.390795416081,33.8377484522745],[-111.390522025703,33.8376410891989],[-111.390187329883,33.8377188110803],[-111.390213490522,33.837529327884],[-111.390439696506,33.8375105730403],[-111.390745804226,33.8373855912755],[-111.391025434948,33.8372313804118],[-111.391354627997,33.8369845661939],[-111.391605411863,33.8367267265707],[-111.392015438534,33.8362834882114],[-111.39236415292,33.8360230810535],[-111.392505353616,33.8358805808133],[-111.392300581681,33.8358586850225],[-111.391970046749,33.8358101308354],[-111.391702595587,33.8356711853597],[-111.391401156171,33.8354849969228],[-111.390973157946,33.8352450945534],[-111.390056182691,33.834722636572],[-111.389500837503,33.8344019598334],[-111.388840234027,33.8341064156586],[-111.388075799073,33.8338517798097],[-111.387553403628,33.8337947985667],[-111.386991912111,33.8337559764367],[-111.386086309454,33.8336505855063],[-111.385405797164,33.8335805623644],[-111.384739693245,33.8335600944627],[-111.384082966119,33.8336726251716],[-111.383719376785,33.8336309163256],[-111.3835902834,33.83346221045],[-111.383038660371,33.8330603217244],[-111.382370189004,33.8326587916519],[-111.382047821468,33.8324681348599],[-111.381431418238,33.8320777135397],[-111.381314360101,33.8318796544261],[-111.380949739827,33.8312990506459],[-111.380396423263,33.830813728341],[-111.379650353186,33.8302703720059],[-111.37890584254,33.8297721022244],[-111.378623215051,33.8295520029228],[-111.378518145423,33.8293133190475],[-111.378416970101,33.8287318978471],[-111.378360563372,33.8283465044805],[-111.378261684611,33.8278259550237],[-111.378114276528,33.8274814264117],[-111.377782562131,33.8271555008729],[-111.377037326508,33.8266369289847],[-111.376738669813,33.8264552043666],[-111.376588334993,33.8263654720823],[-111.375980342458,33.8260291113408],[-111.375687761793,33.8258451116623],[-111.375687707436,33.8256782590909],[-111.375277430105,33.8254540306134],[-111.374671672115,33.8251627512165],[-111.374085701584,33.8249165049539],[-111.373730493175,33.824773276369],[-111.373164564329,33.8246306834968],[-111.372848618765,33.8245076272064],[-111.372591814781,33.824316747038],[-111.37245278452,33.8240285554766],[-111.372234583815,33.8230822081069],[-111.372095961132,33.8225753018598],[-111.372010318379,33.8222937136998],[-111.371904984178,33.8219873815633],[-111.371871463441,33.8217326928804],[-111.371897914144,33.8214462557565],[-111.371996247696,33.8210716661596],[-111.372094235955,33.8207737398083],[-111.372133429609,33.8204669720466],[-111.372093469782,33.8201288764948],[-111.371981481974,33.819845111657],[-111.371770444623,33.8194579255976],[-111.371651451368,33.8191155585527],[-111.371631527174,33.8188811218367],[-111.371730502922,33.8186553459452],[-111.371986715353,33.8184020379671],[-111.372276252422,33.8182027436672],[-111.372552397888,33.8180305476678],[-111.373038925158,33.8177833051666],[-111.373518931857,33.8175901966847],[-111.373828459032,33.8174855391274],[-111.37415701254,33.8174078800187],[-111.374466636912,33.817325768406],[-111.37484111099,33.8172479685139],[-111.375374170729,33.817142627145],[-111.375688041746,33.817105595599],[-111.37568774104,33.8171912773491],[-111.376133562838,33.817059141186],[-111.376635539625,33.8171049611349],[-111.377022630605,33.8172864148759],[-111.377384218229,33.8175040222738],[-111.377850335135,33.8176874869608],[-111.378279411076,33.8177402858606],[-111.378900550758,33.8175467237659],[-111.379386827456,33.817247598474],[-111.379867063216,33.8169575081558],[-111.380315059099,33.8167081025906],[-111.380899803701,33.8163816101677],[-111.381759635933,33.8162594480642],[-111.382456921038,33.8163362048543],[-111.382565708106,33.8163493971403],[-111.383064871799,33.8165214651117],[-111.383498680321,33.8167275566137],[-111.383730550032,33.8167786958647],[-111.384012645688,33.8167349761691],[-111.384332426775,33.8163596877208],[-111.384078927981,33.816001967556],[-111.384052278562,33.8154789420123],[-111.384172928338,33.8148224254238],[-111.384440905426,33.8144923930818],[-111.384479336471,33.8141766039091],[-111.384650709584,33.8136890372935],[-111.384715558199,33.8133912043779],[-111.38483234198,33.8130796804421],[-111.385069650782,33.8128399338218],[-111.385164389531,33.8124315232039],[-111.385210488608,33.8123208938844],[-111.385406206467,33.8118422696426],[-111.38514540678,33.8112094918254],[-111.385040312308,33.8109640486582],[-111.385113065479,33.8104722790599],[-111.385207892886,33.8100841608035],[-111.385519197622,33.8096322320353],[-111.385868847483,33.8091486163009],[-111.386077674155,33.8085842673823],[-111.386204468189,33.8083989785973],[-111.386397518324,33.808231520328],[-111.386628672265,33.8079782600192],[-111.386804067225,33.8076394930542],[-111.386896411444,33.8071521719397],[-111.387016642496,33.8067098565486],[-111.387149493686,33.806371222797],[-111.387250961749,33.8061116051299],[-111.387638510012,33.8058014823749],[-111.387916499164,33.8056044425503],[-111.388233590409,33.8053937502342],[-111.38838417403,33.8050956455775],[-111.388395536833,33.8047709206899],[-111.3883391006,33.8043855310203],[-111.388243665473,33.8040363399154],[-111.388098579656,33.8037572031464],[-111.388037796003,33.8034552536488],[-111.38787773585,33.8031491061532],[-111.387385303123,33.8029567429298],[-111.387166719964,33.8028491991212],[-111.386944761111,33.8027416665782],[-111.386891541183,33.8024690043407],[-111.386733070297,33.8022147107242],[-111.386497941112,33.8020305557065],[-111.38624004273,33.8017382413085],[-111.38604608918,33.8014006318585],[-111.385878248531,33.8010133335016],[-111.385781419343,33.8008016870301],[-111.385647141702,33.8006713285569],[-111.385473886253,33.8005816795716],[-111.385276527174,33.800537200358],[-111.38507264618,33.8005446007989],[-111.38487911709,33.8006015741819],[-111.384446181937,33.8004225411603],[-111.384232264345,33.8002991948939],[-111.384154999704,33.8002340473157],[-111.384085888608,33.8001801476313],[-111.383963728785,33.8000407304183],[-111.383867851164,33.7998899586893],[-111.383801642634,33.7997300759771],[-111.383765092202,33.7995588245845],[-111.383760286642,33.7993897317766],[-111.383707484206,33.798905116923],[-111.383293590671,33.7984509368502],[-111.38276231987,33.7980196674577],[-111.382578269652,33.7979300479407],[-111.382455125155,33.7978718046509],[-111.382287886484,33.7977663481302],[-111.381990229696,33.7974854214635],[-111.381771521355,33.797192977177],[-111.38097598247,33.7962394074506],[-111.380761257514,33.7960822348929],[-111.38032165138,33.7959144830069],[-111.379982061996,33.7957667121534],[-111.379699592877,33.7955578876472],[-111.379304361769,33.7950405021453],[-111.378876162865,33.7945480200162],[-111.378636275049,33.794194755307],[-111.378517717959,33.7939493465925],[-111.37847044905,33.793640585109],[-111.378497891282,33.7934330615554],[-111.378673389589,33.7931168521437],[-111.378853533095,33.7929359163021],[-111.379013480909,33.7927685718118],[-111.379013759164,33.7925250527078],[-111.378941041844,33.7922637219248],[-111.37888345615,33.7920654760386],[-111.378950770237,33.7918668485418],[-111.379182101076,33.7916586975333],[-111.379562037297,33.7913148015821],[-111.379759370673,33.7910526385708],[-111.379995878306,33.7907948643867],[-111.380398606266,33.790568145171],[-111.380799729775,33.7902850590279],[-111.381088763449,33.7899978099767],[-111.38133636198,33.7896543166586],[-111.381505706049,33.7893245940448],[-111.381783706108,33.7891388423287],[-111.382177203664,33.7888129331273],[-111.382446678963,33.7885325043953],[-111.382524669354,33.7884601096609],[-111.382735799914,33.7882677989679],[-111.382843819347,33.7881163927407],[-111.382857628222,33.7878818518249],[-111.382712707954,33.7876297652895],[-111.382518736873,33.7874296899941],[-111.382370273694,33.7871392825404],[-111.382136079713,33.7870024662685],[-111.381801793699,33.7868253723518],[-111.381629744773,33.7865440566567],[-111.381776023513,33.7863429277997],[-111.381911424845,33.785972722502],[-111.381715504932,33.7857884368725],[-111.381533328134,33.7856582222406],[-111.381473245003,33.7856584079629],[-111.381258284902,33.7854426124378],[-111.381337449857,33.7851785578552],[-111.381574662118,33.7849320520147],[-111.382430668433,33.7841717924778],[-111.382507405868,33.7841219494372],[-111.383058682583,33.7837594723577],[-111.383451129877,33.7836590429907],[-111.383833239384,33.7836623643138],[-111.384461766727,33.7835183567953],[-111.385234654665,33.7833513458484],[-111.385469062949,33.7832356200531],[-111.385657964915,33.7829080852719],[-111.385757091544,33.7824320139413],[-111.38588592658,33.7818070348419],[-111.38637148859,33.7812485818675],[-111.386723460367,33.7808574005277],[-111.387032018612,33.7805700755246],[-111.387093828781,33.7805044923152],[-111.387256396081,33.7803281089057],[-111.387551339396,33.7800160210466],[-111.387860717332,33.7797625124828],[-111.387964722521,33.7794735734939],[-111.388128079115,33.7791731727214],[-111.388359461553,33.7786899193185],[-111.388793395345,33.777917413374],[-111.388992544132,33.7774725928943],[-111.389098893596,33.7772557966869],[-111.389257115863,33.7770162906851],[-111.38942044331,33.7767113779088],[-111.389385172486,33.7763755251901],[-111.389284486505,33.7760534079971],[-111.38912847093,33.7758847900634],[-111.388873198547,33.7757097209115],[-111.388723085854,33.7755027530256],[-111.388339712192,33.7752108367021],[-111.387743228656,33.7748113600673],[-111.387258848681,33.7744228006893],[-111.387093065772,33.7741820584922],[-111.387092822191,33.7741279446381],[-111.386825072173,33.7737274312137],[-111.386644498527,33.773349190651],[-111.386635233763,33.773089919495],[-111.386729052966,33.7729385538621],[-111.386887206456,33.7728343378905],[-111.387092671848,33.7727435013043],[-111.387525831076,33.7725527401],[-111.387700143774,33.7724394524282],[-111.388089162738,33.7721902026846],[-111.388535267559,33.7718776366765],[-111.388912668104,33.7714480371865],[-111.389216339675,33.7709848472842],[-111.389318101059,33.7705764089928],[-111.389338772278,33.7703711577388],[-111.389239710804,33.7701076592145],[-111.389034806742,33.7695739183971],[-111.388740957922,33.7689232092488],[-111.388516307435,33.768648831923],[-111.388431738587,33.7684551853079],[-111.388364421729,33.767896207272],[-111.388332971938,33.7672085941282],[-111.388457137225,33.7669038056489],[-111.388450597253,33.7666512893679],[-111.388255838124,33.7662685864496],[-111.387978490401,33.7659808455457],[-111.387838053574,33.7656701245043],[-111.387388174991,33.7648372627238],[-111.387246741317,33.7644543918848],[-111.387189573746,33.7640487074903],[-111.387238428032,33.7636562198446],[-111.38717920871,33.7633948487098],[-111.387121557878,33.7633318949421],[-111.386989353388,33.7631992769085],[-111.386671077483,33.763112337714],[-111.386287387506,33.7630368758419],[-111.385718732799,33.7629529713622],[-111.384998920867,33.7628740467204],[-111.384267174601,33.7628425044589],[-111.383556651826,33.7628785364679],[-111.383265485655,33.7628163059745],[-111.382791860548,33.7620939867889],[-111.382506630331,33.7616957709597],[-111.382450273838,33.761619282475],[-111.382332626813,33.7614189695401],[-111.382214899052,33.7612006188055],[-111.382222720841,33.7609863884299],[-111.382180768129,33.7606573177605],[-111.382307429059,33.7604562492107],[-111.382507795153,33.7602865186674],[-111.382733984493,33.7601572939337],[-111.382613762454,33.7598329754442],[-111.382507674028,33.7594995942765],[-111.382432849822,33.7592157213117],[-111.382387516311,33.7587333343621],[-111.382416143215,33.7583409114139],[-111.382507467253,33.7580858363583],[-111.382507521513,33.7579460379347],[-111.38267578189,33.7576907239931],[-111.38293838934,33.7574058057232],[-111.383213023958,33.7570937904087],[-111.383226766974,33.7568457206291],[-111.383336663518,33.7565184323761],[-111.383376178629,33.7564506661673],[-111.383569734641,33.7561186087274],[-111.383755365074,33.7556738367152],[-111.383853230683,33.7553736444318],[-111.383951227341,33.755102763206],[-111.384057562102,33.7548859713207],[-111.384186177531,33.7545202934648],[-111.384270624665,33.7542381803384],[-111.384371759825,33.7540665010382],[-111.384407899422,33.7536966011429],[-111.384469189335,33.753518281556],[-111.384685991836,33.7532560490944],[-111.384934721595,33.753192138418],[-111.38521743534,33.7531822376763],[-111.38550096255,33.7532039008866],[-111.385830178339,33.7531803243408],[-111.386175900732,33.7530755230384],[-111.386260288415,33.752782134046],[-111.386320777583,33.7525767580601],[-111.386260763191,33.7522860765619],[-111.386260286478,33.7520290305622],[-111.386260593961,33.7517967849045],[-111.386418677639,33.7515347342734],[-111.386538569828,33.7513336805767],[-111.386626150779,33.751150767941],[-111.386625742044,33.7509095054436],[-111.386603214734,33.7505510624],[-111.386710383889,33.7503725968306],[-111.386778374356,33.750185236],[-111.386783839275,33.7500499309299],[-111.386581989217,33.7498814534347],[-111.386309767663,33.7496703537899],[-111.385932239146,33.7494505634621],[-111.385395782521,33.7491523511885],[-111.385044828228,33.748988844882],[-111.384648018392,33.7488322458312],[-111.383948328338,33.7486991359358],[-111.383526301343,33.7486373125053],[-111.382998152257,33.7485352313156],[-111.382500583859,33.7483293324513],[-111.381978406069,33.7480513531426],[-111.381660337493,33.7478448955464],[-111.381510690284,33.7477281080982],[-111.381322809838,33.7476632994195],[-111.381118985781,33.747654909243],[-111.380924190863,33.7477051160315],[-111.380761342754,33.7478070847696],[-111.380607981972,33.7480713695111],[-111.380472781545,33.7484753965304],[-111.380231239148,33.7487895580297],[-111.380021092229,33.7488781418146],[-111.379803927311,33.7489058680826],[-111.379303001176,33.748855547311],[-111.378775082688,33.7488053079746],[-111.378320559128,33.7488720915017],[-111.377774557859,33.7490067960653],[-111.377110831449,33.7492252864438],[-111.376414430984,33.7495340650078],[-111.375934769687,33.7497181650495],[-111.375687186091,33.7497347029882],[-111.375687609109,33.7498316584704],[-111.375241927744,33.7499164417957],[-111.374919429847,33.7499309500246],[-111.374609361841,33.7498552278172],[-111.374278654297,33.7497660391914],[-111.373908274958,33.749631872658],[-111.372955782145,33.7492424186074],[-111.372691541017,33.748684025059],[-111.372477937751,33.7484434054525],[-111.372671831082,33.7481835175403],[-111.372832414861,33.7478673607326],[-111.372907240505,33.7475379334208],[-111.372864254001,33.7472719956938],[-111.373025947933,33.7470573017278],[-111.373099687965,33.7466331744226],[-111.373075212032,33.7462792448409],[-111.372553503527,33.7456314361313],[-111.372107945876,33.7452720108093],[-111.371707445115,33.7453453712622],[-111.371430654475,33.7453146375283],[-111.371166596921,33.7452635714833],[-111.37071130948,33.7451499437393],[-111.370077690743,33.7449917528881],[-111.369390623126,33.744799897076],[-111.369045788635,33.7446363283803],[-111.368642192785,33.7444594042525],[-111.368245385141,33.744291477605],[-111.367731931767,33.7443020270839],[-111.367402591421,33.7442894784651],[-111.367108883667,33.7439295835762],[-111.366799881988,33.7434637570636],[-111.366444019249,33.7429259149849],[-111.366057860984,33.7425617825643],[-111.365772379616,33.7423890084842],[-111.365353348666,33.7425458299996],[-111.365065073495,33.7426684426163],[-111.364963708283,33.7426326651449],[-111.364708290551,33.7425477365863],[-111.364378852003,33.7425103780044],[-111.363362418193,33.7422901478491],[-111.362596365822,33.742080448159],[-111.362205607012,33.7419012100798],[-111.362123640822,33.7418247874804],[-111.361999015207,33.7417124122279],[-111.361949135582,33.7414036504157],[-111.361027075648,33.741318411509],[-111.360241799534,33.7411876722079],[-111.359377405036,33.7410143162479],[-111.358821917615,33.7408107441058],[-111.358549830941,33.7406086023145],[-111.35825147763,33.7404178091289],[-111.358095549339,33.7400777858233],[-111.357868494897,33.7398326692632],[-111.357151071338,33.7393003569524],[-111.356480612511,33.7388648619096],[-111.356253519364,33.7386084689568],[-111.356197804426,33.7383515813949],[-111.355952231433,33.7381944524455],[-111.355760046577,33.7380574639076],[-111.355757230633,33.7378658122746],[-111.355745266625,33.7374193949544],[-111.355754084612,33.737103695776],[-111.355650547875,33.7367026379076],[-111.355653330687,33.7363959764034],[-111.355786706812,33.7360167839673],[-111.355880144976,33.7356061391842],[-111.355653155982,33.7353722920227],[-111.355650182908,33.7351423098236],[-111.355365319808,33.7349447076191],[-111.35518331438,33.7346566156053],[-111.355258234607,33.7343362163726],[-111.35519572381,33.7340658195477],[-111.355047491143,33.7337866493508],[-111.354853316951,33.733491827504],[-111.354639145667,33.7332556870789],[-111.354340678607,33.7330288082243],[-111.353885735556,33.7329782515582],[-111.353557401344,33.7330355626404],[-111.353342097759,33.7331804864163],[-111.353147171664,33.7333591746866],[-111.352739066339,33.7333783794169],[-111.352403919985,33.7334199235255],[-111.351846560249,33.7335680751863],[-111.352234128432,33.7329807188157],[-111.352396855737,33.7328472203979],[-111.352454176288,33.7326756912385],[-111.352398588369,33.7324458598115],[-111.352219266098,33.7323155921717],[-111.351763295403,33.7321770938115],[-111.351734915647,33.7320012994322],[-111.351483739354,33.7319524089406],[-111.350948693305,33.7322763683731],[-111.350632081942,33.7322299164519],[-111.350478984535,33.7320770243466],[-111.350284328216,33.7318250374403],[-111.350072609302,33.7316903488178],[-111.349795057298,33.7316257462599],[-111.349489114011,33.7313808372179],[-111.349236443857,33.7311290131712],[-111.348983189637,33.7308997387364],[-111.348678226455,33.7307292340314],[-111.348301076366,33.7305589328278],[-111.348154020744,33.7303970005206],[-111.347894592875,33.7301406839878],[-111.347687748063,33.7300420533391],[-111.347279852194,33.729941734511],[-111.346981723177,33.7297915008463],[-111.346800440947,33.729505649398],[-111.346771918691,33.7292915216228],[-111.346523566823,33.7289359579837],[-111.346252665073,33.7288442711821],[-111.34604707502,33.7287208321523],[-111.346069494183,33.7284231335741],[-111.346007799768,33.7281797869259],[-111.345841250979,33.7280336911158],[-111.345569587081,33.7279194554955],[-111.345377574712,33.7278162713596],[-111.345296662519,33.7276586611326],[-111.345116334999,33.7274404475153],[-111.34484629394,33.72739385104],[-111.344497618421,33.7274218821096],[-111.344208283216,33.7274429813427],[-111.344195410378,33.7272603784342],[-111.344184724137,33.7271183542271],[-111.3442138311,33.7268048540766],[-111.344223814434,33.7266018924828],[-111.344181780195,33.7263810382688],[-111.344107563204,33.7262098795225],[-111.344025889506,33.7260297211048],[-111.343845612372,33.7258227800057],[-111.343732313938,33.7256630042343],[-111.343703063641,33.7254330944196],[-111.343719660831,33.7251962923441],[-111.343709829847,33.7249302517507],[-111.343285079701,33.724656345415],[-111.343071788229,33.7244585142796],[-111.342740424358,33.7242565014002],[-111.342496874392,33.7242526671059],[-111.342168592527,33.7243167125122],[-111.341845079757,33.7242229058335],[-111.341684278135,33.7239911055225],[-111.341531255767,33.7238494741028],[-111.341293474671,33.7237689578179],[-111.340976963004,33.7237382659378],[-111.340830713463,33.7236033797699],[-111.340593128894,33.7235724679213],[-111.340459584468,33.7234082352517],[-111.340430075884,33.7231106811668],[-111.340202290099,33.7228272014868],[-111.340033711165,33.7225029721104],[-111.339821241041,33.7223389553769],[-111.339396533381,33.7220695450212],[-111.338975394729,33.722021096074],[-111.33865613942,33.7218055086632],[-111.338417259163,33.721614505026],[-111.338203818436,33.7213738231588],[-111.337735322738,33.7212894232267],[-111.337352182391,33.721123613014],[-111.336958735218,33.7207368593562],[-111.336732783317,33.720572873222],[-111.336375238321,33.7203957166636],[-111.336641005222,33.7200454968176],[-111.336866884004,33.7196728347273],[-111.337053923864,33.7193746893895],[-111.337282995988,33.7193019095733],[-111.337709519821,33.719178984099],[-111.337904294418,33.7189619883564],[-111.338098263397,33.7187111732305],[-111.338173321591,33.7184133319112],[-111.338129277375,33.7180188597198],[-111.338007410044,33.7177328307218],[-111.337949201024,33.7173383966566],[-111.338083592257,33.7170336282677],[-111.338251019468,33.7167242600507],[-111.338367735556,33.7165570834475],[-111.3385342633,33.7161913469519],[-111.338655931825,33.7159114163431],[-111.338526389079,33.7155600186272],[-111.338462995507,33.7152197150197],[-111.338524338177,33.7148655401015],[-111.338447322519,33.7144914520496],[-111.338286777322,33.7143182696979],[-111.338232081809,33.7141312701576],[-111.338320697391,33.7138514293295],[-111.338450137593,33.7136616700001],[-111.33853688041,33.7132488004356],[-111.338490570129,33.7131361863233],[-111.338312850111,33.7127105123741],[-111.338177269261,33.7123658951049],[-111.338152869073,33.7119916627329],[-111.338167501816,33.7115947744564],[-111.338228684546,33.7112000129324],[-111.338175150229,33.7106206701654],[-111.338011530407,33.7101769187612],[-111.337856412765,33.7098368647071],[-111.337635283853,33.7095195398964],[-111.337493044974,33.709195233477],[-111.337044034231,33.7090746997739],[-111.337073241655,33.7087814934363],[-111.337267198283,33.7085329340445],[-111.337408235715,33.708205600006],[-111.337425697779,33.7080138917908],[-111.337500616196,33.7076822280133],[-111.337710109949,33.7065790483135],[-111.337765406397,33.7062316532599],[-111.337840526332,33.7059518501223],[-111.337929020267,33.7056426978634],[-111.33802362718,33.7053448014621],[-111.338053831453,33.7051350215278],[-111.338070174732,33.7043142207157],[-111.338027386501,33.7040663072251],[-111.338075014325,33.7036557994338],[-111.33815099043,33.7034233445694],[-111.338308455641,33.7028163653914],[-111.337788537967,33.702319472321],[-111.337542065116,33.7020698601404],[-111.337361634706,33.701806539263],[-111.33707545221,33.7015773281469],[-111.336504617148,33.7011639961826],[-111.336290189822,33.7008286104033],[-111.336154812823,33.7005290881678],[-111.336105138549,33.7002428612046],[-111.335949072871,33.6998261418406],[-111.335738863468,33.6993599647716],[-111.335735963656,33.699134489661],[-111.335878166028,33.6989356786379],[-111.335653036736,33.6987942371643],[-111.335387189189,33.6985875146694],[-111.335351129894,33.6983328179944],[-111.335189457198,33.6980333647468],[-111.33473043001,33.6975746243908],[-111.334439280846,33.6969282778803],[-111.334263881721,33.6965657254028],[-111.334141348226,33.6962706740447],[-111.334045695001,33.6959507475231],[-111.333881197916,33.6954416018523],[-111.333805085222,33.6951171120747],[-111.33386650381,33.6947809770851],[-111.333895699421,33.6944832616636],[-111.333904323578,33.6940976620218],[-111.333854705938,33.6938227074991],[-111.333834309471,33.6932568008636],[-111.333897164689,33.6925080286424],[-111.333841696391,33.6922894598918],[-111.333661340948,33.6920374061472],[-111.333526816846,33.6917784643611],[-111.333096485857,33.6910558252154],[-111.332755621193,33.6906238164908],[-111.33215756763,33.690122598912],[-111.331884820963,33.6898662806525],[-111.331637407045,33.689533230613],[-111.331526304043,33.689048740062],[-111.331446417658,33.6884401509272],[-111.331129044282,33.6883260052856],[-111.330786185313,33.688248005014],[-111.330528341781,33.6881833051906],[-111.330258302145,33.6881028528519],[-111.329576663265,33.6877777229189],[-111.329206705148,33.6876659670357],[-111.32847031198,33.6871267681165],[-111.327931896048,33.6866907606364],[-111.327817047232,33.6864565627962],[-111.327774178569,33.686177077258],[-111.327475091536,33.6859027809881],[-111.327064266492,33.6856806414498],[-111.326741890138,33.6856657097201],[-111.326373634289,33.6856441346415],[-111.326269469968,33.6852024637734],[-111.326206344001,33.684914011359],[-111.32613114997,33.6846436306867],[-111.325996856193,33.6844365400462],[-111.325706705905,33.6843831889359],[-111.325291725608,33.6843076182606],[-111.325048526922,33.6843668835546],[-111.324787374311,33.6844938411305],[-111.324551778271,33.6846026910719],[-111.324209909907,33.6846035887895],[-111.323960639507,33.6846628679012],[-111.323586574502,33.6847089452635],[-111.322979166929,33.6845662251161],[-111.322642997609,33.6844678905712],[-111.322068431722,33.6842709643251],[-111.321942103313,33.6842081579479],[-111.321545570862,33.6840152751307],[-111.321164059985,33.6838719585494],[-111.321043194257,33.6838271744929],[-111.320679047121,33.6836387152104],[-111.320355536894,33.6834974990012],[-111.320091673258,33.6834395576821],[-111.319775339937,33.6834155736283],[-111.319130504446,33.6833586143221],[-111.318534785902,33.6830895718589],[-111.31808590446,33.6829599475447],[-111.317524004175,33.6827178700553],[-111.315797374542,33.6818564401731],[-111.314459697659,33.6811428132626],[-111.313993257116,33.6806298968326],[-111.313779231846,33.6803666263232],[-111.31376248651,33.6800261883949],[-111.31379170565,33.6797172015013],[-111.313688573655,33.6793544346972],[-111.313353920882,33.6789223559277],[-111.312954526855,33.6784859305172],[-111.312700459874,33.6781483478276],[-111.312372395952,33.6776711521003],[-111.312118511652,33.6773831742252],[-111.311957820187,33.6771355489439],[-111.311830347441,33.6769374450171],[-111.311683371387,33.6767529189934],[-111.311482708626,33.6764512770571],[-111.311268642537,33.6761722167593],[-111.310950097162,33.6759001836472],[-111.310619181722,33.6757499415546],[-111.310220863063,33.6754172265588],[-111.31007303205,33.6751808396587],[-111.309866650041,33.6749739123287],[-111.309641665375,33.6748436957812],[-111.309475234238,33.674684019299],[-111.309347802257,33.6744949312891],[-111.309266940644,33.6743192568549],[-111.309197989188,33.6740804172446],[-111.309156119789,33.6738730763984],[-111.308918329495,33.6737428902608],[-111.308437470489,33.6737035047744],[-111.308068426953,33.6736345259488],[-111.307941072287,33.6734657293897],[-111.307898195467,33.6731636883144],[-111.307790111782,33.6729159253727],[-111.307523400272,33.6726144411466],[-111.307223717179,33.672331076509],[-111.306998615132,33.6721647786798],[-111.306622812686,33.6720890467405],[-111.30630055376,33.6720921009617],[-111.306071662361,33.6721873711197],[-111.305683345664,33.6721950970043],[-111.305129182903,33.6720138242049],[-111.304791501747,33.6718500534308],[-111.304573338185,33.6717378502682],[-111.304281259762,33.6715040663476],[-111.304090786897,33.6710219995171],[-111.303955440265,33.670686361272],[-111.303846325389,33.6705242816433],[-111.303754842707,33.6703914712485],[-111.303500826483,33.6700516139021],[-111.303334344293,33.6698716354717],[-111.303207051752,33.669716363587],[-111.303073668506,33.6695543431409],[-111.302939161599,33.6692637985161],[-111.302585144057,33.6688587943743],[-111.3023327781,33.6686023607388],[-111.302027208348,33.668361839424],[-111.301913302112,33.6681772209467],[-111.301857153652,33.6679293260628],[-111.301806577704,33.6675393615398],[-111.301724676826,33.6672531977682],[-111.301498972825,33.6671004198052],[-111.301278895213,33.6668213554898],[-111.301157443322,33.6665984227783],[-111.301015225357,33.6662199564622],[-111.300859564566,33.6658527955074],[-111.30078198813,33.6654516227827],[-111.300614422568,33.6651498818132],[-111.300193106629,33.6645759212799],[-111.299947054526,33.6643848577086],[-111.299905187733,33.6641707485051],[-111.299646233507,33.6639526570034],[-111.29931525092,33.6637640534689],[-111.298873224635,33.663629831654],[-111.298424606791,33.6635384677025],[-111.298173261132,33.6633744705303],[-111.297967168512,33.6632351674496],[-111.297708184138,33.6630057975163],[-111.297436486182,33.66280351565],[-111.29711238499,33.6626532211804],[-111.296216956783,33.6620104849255],[-111.295945396688,33.6618465314447],[-111.295667010274,33.6616577909684],[-111.29542086057,33.6614328952121],[-111.295188086463,33.6611763993497],[-111.295006299846,33.660847626209],[-111.294300518152,33.6606553926415],[-111.293733038394,33.6604943927998],[-111.293468313352,33.6603552213511],[-111.293043879986,33.6600337856621],[-111.291617926073,33.6595726611883],[-111.291281948804,33.6594922784502],[-111.290721389574,33.6593808554555],[-111.290478099275,33.6593994658869],[-111.290143994698,33.659474661206],[-111.289923261259,33.6591843036334],[-111.289428251332,33.6590186058777],[-111.289073060808,33.6590374752199],[-111.288645584867,33.6590091608299],[-111.288059582041,33.6589473928709],[-111.287744073619,33.6589391077169],[-111.287472703482,33.658824741862],[-111.287267156421,33.6586380682199],[-111.287014303498,33.6584154262958],[-111.286874190436,33.6582421276502],[-111.286515571921,33.6574289608186],[-111.286394680552,33.6571564040357],[-111.286272306833,33.6568432652973],[-111.286189704856,33.6565300326331],[-111.286232639813,33.6562638607539],[-111.286342590849,33.6560832194211],[-111.286507501976,33.6558077457356],[-111.286587267844,33.6556722708605],[-111.286684765093,33.6551917623496],[-111.286690765962,33.6549685180556],[-111.286739531904,33.6546324336777],[-111.286690873947,33.6543912772481],[-111.286601546434,33.6540825710188],[-111.286503832252,33.6538866257072],[-111.286446846246,33.6537762706852],[-111.286388857604,33.6533637681893],[-111.286504287111,33.6532101716046],[-111.286576770379,33.6531152996593],[-111.286791944071,33.6529569617148],[-111.287040175722,33.6528075657221],[-111.287266356322,33.6525139099886],[-111.28732947629,33.6522386722963],[-111.287261472551,33.652058442171],[-111.287056106717,33.6519213742496],[-111.286659267769,33.6517712203112],[-111.286505168269,33.6516453064712],[-111.28634094379,33.6515149055946],[-111.286147257361,33.6512402622581],[-111.286005518562,33.6509790278944],[-111.285931466395,33.6508033213133],[-111.285512150754,33.6503758696959],[-111.285070310143,33.6502709115377],[-111.284628248111,33.6500983069874],[-111.28440846958,33.6498800917229],[-111.284305460904,33.6495060242483],[-111.284081632031,33.6494907548199],[-111.283739857458,33.6494780099562],[-111.28347236083,33.6490952994064],[-111.283185423338,33.6487442006413],[-111.283174873509,33.6484037434059],[-111.283230589126,33.6481285238499],[-111.283103224411,33.6479303888124],[-111.282819059367,33.6478070226878],[-111.282573789807,33.6476226855598],[-111.282470879962,33.64727567466],[-111.282387304159,33.6468632281032],[-111.282358296388,33.6466490839837],[-111.28226402141,33.6464689110155],[-111.281831679811,33.646582640641],[-111.28158249683,33.64664408792],[-111.281260118039,33.6465816872711],[-111.28096157197,33.646386192908],[-111.280725085227,33.646413788115],[-111.280488393281,33.6463782481686],[-111.280162641482,33.6461061500364],[-111.279904641077,33.6459421302365],[-111.279770460621,33.6457169494925],[-111.280183443141,33.6450373048703],[-111.280296646826,33.6446131356445],[-111.280142922159,33.6443879989339],[-111.279745918287,33.6441724333805],[-111.279644055575,33.6439359039355],[-111.279546856753,33.6434738790571],[-111.279321077096,33.6432669440266],[-111.278796822304,33.642880292778],[-111.278471703882,33.6425901486649],[-111.278105983722,33.6422482357514],[-111.277833649139,33.6420233626461],[-111.277595182749,33.6418502745604],[-111.277290595224,33.6416547852019],[-111.277142948519,33.6414296310865],[-111.277068061096,33.6411952947682],[-111.2770846963,33.6409179109009],[-111.277035020114,33.6407692023167],[-111.276941814886,33.6404965735497],[-111.276781582941,33.6403390931939],[-111.276530380925,33.6401863253039],[-111.27628436398,33.6399681544643],[-111.276188091068,33.6395782800063],[-111.276145479009,33.6393190668694],[-111.27612925822,33.6390936184502],[-111.275943384382,33.6389249192521],[-111.275706730101,33.6388938787124],[-111.275371894734,33.6389307035593],[-111.275029409678,33.6388931321446],[-111.274745179021,33.638735925333],[-111.274422295807,33.6387163481928],[-111.274028068369,33.6387262423271],[-111.273703956078,33.6385307878506],[-111.273556289213,33.638294355071],[-111.273534826647,33.6381140139691],[-111.273615841811,33.637732764977],[-111.273613156574,33.6375230690462],[-111.273609419301,33.637193868935],[-111.273559161057,33.6368580080026],[-111.273530071678,33.6366100375186],[-111.27345340884,33.6362359019832],[-111.273364873087,33.6359429669593],[-111.273072134156,33.6356482271547],[-111.272659735905,33.6352342448091],[-111.272374776466,33.6350544838451],[-111.271844450679,33.6346407579934],[-111.271206562977,33.6340942293891],[-111.270781433609,33.6336983065682],[-111.270501394464,33.6333652012743],[-111.27039347067,33.6331174022922],[-111.270224500056,33.6327434656609],[-111.270055279461,33.6322883552749],[-111.269914293368,33.6320270989154],[-111.269758960072,33.6317027390903],[-111.269717094619,33.6314593063974],[-111.269733055649,33.6311751600107],[-111.269768187714,33.6307714645286],[-111.26971102624,33.6303769898023],[-111.26958273546,33.6300796278058],[-111.269340814802,33.6296472227147],[-111.269304903846,33.6293676980497],[-111.269231116384,33.6292596264206],[-111.269117386594,33.6290930140493],[-111.268678773617,33.6286835840813],[-111.268373424413,33.6284384679404],[-111.267894892865,33.6279750044369],[-111.267410419088,33.6275498849597],[-111.266887965741,33.6272623925911],[-111.266444452498,33.627006294802],[-111.265954335881,33.6267142177053],[-111.26565649787,33.6264961371134],[-111.265538964769,33.6264039410338],[-111.265311340696,33.6262285501714],[-111.265071976499,33.6259607352628],[-111.264825190278,33.6256884266024],[-111.264644677916,33.6250529426976],[-111.264322438494,33.6247853034014],[-111.263951850965,33.62457188332],[-111.2635829705,33.6242547349982],[-111.263267290808,33.6239261983547],[-111.26291070978,33.6236631382921],[-111.262820237456,33.6231604975324],[-111.262409477103,33.6230283329873],[-111.262006462087,33.622783407596],[-111.261668905713,33.6225699102866],[-111.261035566296,33.622363801489],[-111.260168180981,33.6220792612987],[-111.259645454216,33.6219067357257],[-111.259397504964,33.6217990240832],[-111.259059978689,33.6215922840539],[-111.258779910635,33.6214463046315],[-111.258552418435,33.6213069781361],[-111.258075621343,33.6211681732522],[-111.257481480969,33.620995786654],[-111.2571320445,33.6210867084505],[-111.25679665079,33.6211415217185],[-111.256527234974,33.6211781581617],[-111.255994967518,33.6211927910466],[-111.255666270893,33.6212340581123],[-111.255395171866,33.6213856934948],[-111.25516808415,33.621609392988],[-111.25500023503,33.6218149313938],[-111.254782799662,33.6218852808022],[-111.254355664599,33.6219064534473],[-111.253001542285,33.6224526519626],[-111.252710829395,33.6225817727492],[-111.252398756424,33.622780837466],[-111.251940235963,33.6231335314535],[-111.251277405911,33.6239037864272],[-111.251076690412,33.6241657581887],[-111.250882613391,33.6243938929555],[-111.250741566708,33.6245520192092],[-111.250682995672,33.6245701759816],[-111.250449195178,33.6245774148427],[-111.249924070854,33.6245063217716],[-111.249572478549,33.6243243874392],[-111.249170128149,33.6240658902492],[-111.24873654486,33.6237240248905],[-111.248516903836,33.6234989788936],[-111.248292458238,33.6232423766495],[-111.24810818979,33.6228977527459],[-111.247910587822,33.6226027627757],[-111.247566879257,33.6223463969939],[-111.247204247656,33.6220697740916],[-111.246921091291,33.621779462443],[-111.24670210844,33.6215453948453],[-111.246329786435,33.6214130994601],[-111.245691632637,33.621394075681],[-111.244789505,33.6214319410133],[-111.244454577626,33.6214168199481],[-111.244055352448,33.6213003551145],[-111.243795524701,33.6211543014228],[-111.243432835101,33.6208506095157],[-111.243229081108,33.6205172908431],[-111.243070664955,33.6202515298334],[-111.24288966395,33.6201008091833],[-111.242833661235,33.6200738611549],[-111.242589449096,33.6199683615983],[-111.242262997628,33.619849494289],[-111.241948209245,33.6198050129802],[-111.241711069471,33.6198190057367],[-111.241291106609,33.6197521801672],[-111.240787991749,33.6195863003934],[-111.2404694401,33.6193997664393],[-111.240228552013,33.6192762176074],[-111.239942408641,33.6191121673286],[-111.239582909078,33.6189798272045],[-111.239007718076,33.6188185903872],[-111.238765635095,33.6187491565781],[-111.238460524572,33.6185468076306],[-111.238313130083,33.6183621938412],[-111.238258631414,33.6181458319046],[-111.238204702841,33.6178911356936],[-111.238071897126,33.6176208084712],[-111.23792630318,33.6173550156664],[-111.237792313069,33.6171433152131],[-111.237588603637,33.6168144966721],[-111.237543151719,33.6164560610205],[-111.237536913302,33.6161471565505],[-111.237530570361,33.6157999204203],[-111.237401399291,33.6153785079589],[-111.236537870538,33.6154658477272],[-111.236122875904,33.6154824241293],[-111.235633208457,33.6152939497819],[-111.235359918694,33.6151411393126],[-111.23511968058,33.6150017944135],[-111.234812801634,33.6148851243547],[-111.234467392233,33.6147211747575],[-111.234181875074,33.6145300524559],[-111.233768814549,33.6141384876525],[-111.233413588924,33.6138302417084],[-111.232932445469,33.613549290609],[-111.232605424153,33.6134552019745],[-111.231825452717,33.6132898058286],[-111.231350485476,33.6130471696902],[-111.231099798185,33.6127747995861],[-111.230853370741,33.6125835959469],[-111.230819047033,33.6123446452322],[-111.231209525892,33.6122356818129],[-111.231703168263,33.6119055485128],[-111.231838767431,33.611720394655],[-111.232105743596,33.611534994876],[-111.232064705073,33.6113050761133],[-111.231871320426,33.6107935843025],[-111.231771588757,33.6105344614351],[-111.231839216462,33.6101262047524],[-111.232007571987,33.6098462851636],[-111.232012501254,33.6096749063237],[-111.231953453235,33.6095126668809],[-111.231835185056,33.609375342264],[-111.231670528336,33.6092741811591],[-111.231476359177,33.6092226826437],[-111.231117546291,33.6090745321301],[-111.230797869442,33.6089488566938],[-111.230524625758,33.6088028000461],[-111.230244658554,33.6086612651516],[-111.229426772866,33.6081531848993],[-111.229208454815,33.6078852600426],[-111.229265224181,33.6076980009205],[-111.229252112008,33.6070711724274],[-111.228699643729,33.6070586654376],[-111.228268864423,33.6072060273545],[-111.227931514009,33.6072720405251],[-111.227630842922,33.6071959292734],[-111.227397304026,33.6070294976409],[-111.227171728091,33.6068157001091],[-111.226995580461,33.6064394608339],[-111.226824290983,33.6061173286672],[-111.226641433322,33.6057501202813],[-111.226444518057,33.6054167606067],[-111.226252520021,33.6051600568957],[-111.225942581533,33.6048855296538],[-111.225753101087,33.604818229778],[-111.225408663216,33.6047467024938],[-111.225320364522,33.6047288233919],[-111.224935810551,33.6042560015229],[-111.224730404978,33.6040218682221],[-111.224557981586,33.6037764004751],[-111.224405710531,33.6035083470206],[-111.224240012317,33.6032583567925],[-111.223230862419,33.6027393082204],[-111.222631280354,33.6024698030918],[-111.222251138293,33.6023938226857],[-111.22200927296,33.6026490556752],[-111.221756462458,33.6031027383668],[-111.221334430168,33.6037709349302],[-111.221157295344,33.6040508556637],[-111.221042499465,33.6042089012345],[-111.220852516704,33.6044708054511],[-111.22073645317,33.6046604212925],[-111.220490987972,33.6050937939722],[-111.220144668746,33.6056062656889],[-111.219941810713,33.6058411328798],[-111.219751878773,33.606125584114],[-111.219484314506,33.6063492913871],[-111.219201443935,33.6066474351864],[-111.218888048733,33.6068644566445],[-111.218452979798,33.6071876725354],[-111.218179895154,33.6073617791864],[-111.21784685561,33.6075382451956],[-111.217514466191,33.6077056902278],[-111.217121572053,33.6079251024954],[-111.216932849228,33.6081599408094],[-111.216819283907,33.6085457213988],[-111.216766855977,33.6088637495746],[-111.216720492439,33.6091817669408],[-111.216649670851,33.6094186522418],[-111.216656507109,33.6097275573411],[-111.21660284468,33.6100906835459],[-111.216576622775,33.6103816083198],[-111.216583516956,33.6109836453207],[-111.216636830253,33.6112879588792],[-111.2166038717,33.6115788941669],[-111.216590825133,33.6117502865932],[-111.216586232052,33.6117999019511],[-111.216549601034,33.6119690807749],[-111.216358419731,33.6123031353733],[-111.216174535372,33.6125920798523],[-111.21591615725,33.6129984073587],[-111.215693810711,33.6132648686849],[-111.215550858586,33.6134883506758],[-111.215315629649,33.6137232652128],[-111.215173225316,33.6138971373674],[-111.21496431024,33.6141477917922],[-111.214689348461,33.6143917946434],[-111.214359990285,33.6147080466169],[-111.214105829317,33.6149181892974],[-111.213844304537,33.6151486371638],[-111.213615759847,33.6153655000967],[-111.213105617525,33.6158714697441],[-111.212635705665,33.6163007021652],[-111.212382086999,33.6164612336306],[-111.212160897218,33.6166577862958],[-111.211860289698,33.6168905525748],[-111.21075112219,33.6176681207118],[-111.21046393318,33.6178805665537],[-111.210256129421,33.6180432702379],[-111.209935589866,33.618258027325],[-111.209054955095,33.6188187248124],[-111.20881240167,33.6191032475456],[-111.208550274595,33.6193742727186],[-111.208360818045,33.6196045883286],[-111.208199525195,33.6197784846047],[-111.208049691218,33.6199546156828],[-111.207855509505,33.6201826835438],[-111.207483968389,33.6206297711296],[-111.207378899419,33.6209298436626],[-111.207353285874,33.6212072345509],[-111.207295225812,33.6214418381725],[-111.207275766434,33.6217575510745],[-111.207216728024,33.6229910588355],[-111.207269495746,33.6239222299916],[-111.207355783663,33.6250630446028],[-111.20748044399,33.6250628362168],[-111.20758606488,33.6252723612128],[-111.207736197849,33.6254975955486],[-111.207919421941,33.6257520867146],[-111.208080382192,33.625995340826],[-111.208196075857,33.6263288655148],[-111.208230499117,33.6269128165726],[-111.208260384966,33.6275711853356],[-111.208283899009,33.6281010379521],[-111.208291540041,33.6293163944937],[-111.208283496572,33.6296140494214],[-111.208275979427,33.6298508226141],[-111.208313851938,33.6301867333022],[-111.208377624325,33.6306443625003],[-111.2084943582,33.6309869037505],[-111.208689604809,33.6314713693673],[-111.208832579996,33.6317958273645],[-111.208917892807,33.6319625435833],[-111.209054749405,33.6322644629487],[-111.209250452711,33.6326564770104],[-111.209347464124,33.6329223870725],[-111.209431758338,33.6332243948465],[-111.209404131185,33.6335040444713],[-111.209330722769,33.6338018096082],[-111.209256584109,33.6340770274968],[-111.209150152449,33.634374849721],[-111.208997165523,33.6346502014276],[-111.208692910665,33.63507688245],[-111.208460543602,33.6354132487894],[-111.208070603402,33.6358017404193],[-111.207786216973,33.6360863304368],[-111.207462707627,33.6363574565001],[-111.207091656494,33.6367571886048],[-111.206748038063,33.6370756979387],[-111.2063981806,33.6373220629857],[-111.206048211903,33.6375233286761],[-111.205965436151,33.6375730738061],[-111.205718439164,33.6377155406251],[-111.205355005009,33.637923591137],[-111.204919806014,33.6381362704094],[-111.204609466846,33.6382833492509],[-111.204332732263,33.638392039413],[-111.203983290287,33.638534673484],[-111.202670442526,33.6391095654435],[-111.202281263041,33.6392657874279],[-111.201984409806,33.6394196033815],[-111.201707010939,33.6395350542225],[-111.200836513109,33.6399333252709],[-111.200420641353,33.6402068379975],[-111.200163011259,33.6404214664602],[-111.200003831221,33.6406584839782],[-111.199858059957,33.6408661663989],[-111.199718867532,33.6410039379476],[-111.19936885963,33.6412006750276],[-111.199038535105,33.6414582602436],[-111.198575413461,33.6420001712333],[-111.198364231081,33.642194426879],[-111.198092586507,33.6424744650392],[-111.197781361657,33.6428357406893],[-111.197471105109,33.6430324085316],[-111.197246933805,33.6431477629472],[-111.197113957634,33.6433554226478],[-111.197001303897,33.6436081457312],[-111.196875149863,33.6438518710223],[-111.196656035282,33.6441182929726],[-111.195875114144,33.6451139231075],[-111.195693660145,33.6453464607632],[-111.195693793451,33.6454050874381],[-111.195463867737,33.6456625033921],[-111.19531804263,33.6458543974344],[-111.194801831305,33.6464865712078],[-111.194419309471,33.6466269729871],[-111.194069317708,33.6468462448709],[-111.193758601988,33.6471488824974],[-111.193533885527,33.6473296231228],[-111.192911827411,33.647959698964],[-111.192482522202,33.6482828123073],[-111.192046932371,33.64850897489],[-111.191459370256,33.6488977208657],[-111.190950133812,33.6493517340022],[-111.190613096186,33.6496476404582],[-111.190249081501,33.6499368216808],[-111.189713649058,33.6504382220439],[-111.189422388678,33.650711506067],[-111.189184404779,33.650998236244],[-111.188780743848,33.6513483562562],[-111.188470594136,33.6516171564651],[-111.188159763927,33.6518837031596],[-111.187795843199,33.6522247391374],[-111.187728052453,33.6523578783197],[-111.18743001964,33.6529333179082],[-111.187270815284,33.6531861021606],[-111.187104869334,33.6534388968975],[-111.186905966458,33.6537255645552],[-111.186727186366,33.6539671044069],[-111.186456538394,33.6541185879973],[-111.186080789155,33.6542950322281],[-111.185895735417,33.65444187561],[-111.185787077649,33.6550080072332],[-111.185588288432,33.6553510431527],[-111.185224313909,33.6556785426117],[-111.184887776359,33.655913550524],[-111.184463987178,33.6563268221385],[-111.184199677966,33.6566113269386],[-111.183769785231,33.65701107584],[-111.182936164686,33.6577564120407],[-111.182493908369,33.65805245175],[-111.182090120207,33.6583709809016],[-111.181647391626,33.6587662314496],[-111.181224218513,33.6591659615557],[-111.180972628131,33.6594166177689],[-111.180760722315,33.659626629247],[-111.180523161483,33.6598186386548],[-111.180245621634,33.6599114929512],[-111.179330997844,33.6598203738169],[-111.178699234219,33.6597626621219],[-111.178394462972,33.659727025255],[-111.178159141704,33.659700305968],[-111.177672426014,33.6596964973292],[-111.177059757936,33.6597447279756],[-111.176625053209,33.6597927011408],[-111.176131938888,33.6596265462534],[-111.175756940768,33.6595323767415],[-111.175402186499,33.6594471960449],[-111.175125710418,33.6594024906998],[-111.174710511146,33.659427881625],[-111.173891264984,33.6599972596051],[-111.173304085671,33.6603205281001],[-111.172735827402,33.6606685693315],[-111.172366217592,33.660910354676],[-111.171956311853,33.6612288593373],[-111.171705222285,33.6614095969165],[-111.171500027345,33.6616173280914],[-111.171273717376,33.6620573368384],[-111.171040316549,33.662661960061],[-111.170793894546,33.6631606226725],[-111.170653694914,33.6635125724946],[-111.170559937881,33.6638283815927],[-111.170499727865,33.664062967731],[-111.17032457761,33.6648118202931],[-111.170276342898,33.6653079525981],[-111.170248002975,33.6656371994957],[-111.170107317212,33.6660883639115],[-111.169933738816,33.6666117266303],[-111.169835194294,33.6668959738825],[-111.169753411238,33.6671328446508],[-111.169594063052,33.6673517835726],[-111.169296512741,33.6675731668379],[-111.168807637212,33.6678669656919],[-111.168451438531,33.6680929365859],[-111.168180700922,33.6682376154903],[-111.167526248704,33.6686759445815],[-111.167242086737,33.6688522074204],[-111.166641281426,33.6691461492006],[-111.165902278167,33.6694470378829],[-111.165302013468,33.6696755813154],[-111.164906472622,33.6697843428246],[-111.164694953445,33.6698770727417],[-111.164372243452,33.6699970105455],[-111.163671872377,33.6704128310561],[-111.163097445045,33.670763092705],[-111.162727091119,33.6710048482649],[-111.162211836446,33.6712761070819],[-111.161849387222,33.6714208936381],[-111.161598879603,33.6715790608548],[-111.161234572989,33.6718140396181],[-111.160943695041,33.6720173553345],[-111.160653463607,33.6722071398013],[-111.160481754632,33.6723223601611],[-111.160131487237,33.6724964373473],[-111.159589906329,33.6727587004409],[-111.159101633867,33.6730479502639],[-111.158824189509,33.6732286949628],[-111.158559503853,33.6733823644426],[-111.158321806753,33.6735472728781],[-111.158023639856,33.6738272554587],[-111.157633903607,33.6741772542848],[-111.157341870183,33.6744955600001],[-111.1571496198,33.6748137371269],[-111.156930588499,33.6750507749656],[-111.156765109266,33.6752606859104],[-111.156467522347,33.6754955663972],[-111.155958510614,33.675888552716],[-111.155349806958,33.6763380334208],[-111.155145093023,33.6764803462393],[-111.154893924002,33.6766610490201],[-111.154524177932,33.6768915054543],[-111.154080999009,33.6771581312646],[-111.153645238787,33.677426999451],[-111.153368342615,33.6775513609705],[-111.152018072213,33.6750140731161],[-111.149821052521,33.6709106788145],[-111.147832553973,33.6671970839214],[-111.147598544011,33.6667599219915],[-111.145785400536,33.6633797995175],[-111.14425233631,33.66051117267],[-111.143705277726,33.6594903620974],[-111.141463101612,33.6553192155928],[-111.139882306444,33.6523513716818],[-111.139215000789,33.6511006792373],[-111.136164413253,33.6454105638957],[-111.132294007317,33.6381676492904],[-111.132026358452,33.6376651019181],[-111.129948823181,33.6337754118307],[-111.127701219853,33.6295882185768],[-111.126196413718,33.6267892220981],[-111.126056536955,33.6265232910047],[-111.12567813226,33.6258021187501],[-111.125462587034,33.6253964622896],[-111.125276107063,33.625051657572],[-111.123609893433,33.6218875007553],[-111.121446651275,33.617839903168],[-111.121126438423,33.6172404222023],[-111.118269409469,33.6119171851319],[-111.117548707602,33.6105762243485],[-111.113362012737,33.6027489600069],[-111.110471125126,33.5973286008758],[-111.108679104857,33.5939681675208],[-111.104985457848,33.5870511342572],[-111.104008636851,33.5852187416994],[-111.102796278506,33.5829468336356],[-111.101207348116,33.5799694453606],[-111.095884841888,33.5700093486801],[-111.095015695857,33.5683774811002],[-111.089000084744,33.5571097615832],[-111.087221195623,33.5537670235807],[-111.086618142576,33.5526309812702],[-111.081475989048,33.5429699931621],[-111.079173052096,33.5386465947396],[-111.074549669852,33.5299703546555],[-111.071404090531,33.5240395597339],[-111.069209654848,33.5199030559065],[-111.067075747708,33.5158792220988],[-111.064803912429,33.5116276760723],[-111.063722324211,33.509603329816],[-111.061408366982,33.5052728167594],[-111.058642212244,33.5000675659007],[-111.057923247961,33.5000679045535],[-111.055213038251,33.4949595068258],[-111.053380812812,33.4915057806332],[-111.047497770969,33.4803733912361],[-111.046866788293,33.4791785235318],[-111.04679944754,33.4790500183696],[-111.040464323519,33.4670177258226],[-111.039918354499,33.4659783826893],[-111.046548942596,33.4659896007065],[-111.046719112715,33.4659895363614],[-111.051052731435,33.4659833170671],[-111.05896022776,33.4659324553338],[-111.06400342669,33.465902895381],[-111.066741581122,33.4658563526856],[-111.06903719048,33.4658528405062],[-111.072497754732,33.4658486101427],[-111.078876740769,33.4658154016018],[-111.080628204028,33.4658075098929],[-111.086284119332,33.465763113722],[-111.087883903222,33.4657507157572],[-111.096386262091,33.4656880237437],[-111.102000462279,33.465647452637],[-111.103712214069,33.4656212280187],[-111.111609811219,33.4655083883088],[-111.11345203269,33.4654751464011],[-111.121160230538,33.4653370668993],[-111.121290711717,33.4653346852257],[-111.125676650429,33.4652581584937],[-111.125676232702,33.4659008126126],[-111.130986447772,33.4658840410598],[-111.138166478505,33.4658469321256],[-111.148253147751,33.4657946913898],[-111.155920951891,33.4658416570711],[-111.165679260252,33.4659056672998],[-111.17326597088,33.4659223550621],[-111.183133847502,33.4659465040016],[-111.190504272902,33.4659421613372],[-111.200342834764,33.4659401816802],[-111.207760406268,33.4659640505827],[-111.217437290945,33.4659970635496],[-111.225129890674,33.4659923524479],[-111.234842664864,33.4659878629806],[-111.242453979091,33.4660205638515],[-111.250680746291,33.466058318986],[-111.250681054734,33.4659320427963],[-111.252007446492,33.4659361184888],[-111.259640224261,33.4659496814415],[-111.269124365116,33.4659677883638],[-111.26950640313,33.4659669584497],[-111.286599993291,33.4659601875338],[-111.303921297813,33.4658715794048],[-111.321146801679,33.4658078584453],[-111.338539655235,33.4658066786878],[-111.355862875828,33.4658866909185],[-111.373166455315,33.4659305174037],[-111.390576825727,33.4657145332847],[-111.407857983776,33.465719764484],[-111.425145292948,33.465747369357],[-111.442416449628,33.4658402687775],[-111.45962231764,33.4658565909548],[-111.47683797945,33.465820880211],[-111.478619631359,33.4658095046914],[-111.493782588664,33.4657319951847],[-111.511361949589,33.4656787660856],[-111.520028918086,33.4657171227061],[-111.520185306546,33.4657187221378],[-111.52199866191,33.4657246283904],[-111.526577151372,33.4657458530174],[-111.528689173858,33.4657571580083],[-111.54599624484,33.465837725957],[-111.546083007702,33.4658373433477],[-111.563255401345,33.4657875663726],[-111.563330072045,33.4657894816194],[-111.580591491665,33.4657819958001],[-111.580636823243,33.4584579299334],[-111.580679972433,33.4512601391504],[-111.580720856842,33.4463961586543],[-111.58072157043,33.44630145092],[-111.580741014859,33.4439720610018],[-111.580788047869,33.4385172650304],[-111.58078787834,33.4383909926685],[-111.58080145833,33.4366952510496],[-111.580572006893,33.4222289330824],[-111.580509559089,33.4078429760441],[-111.580655480631,33.3933026770372],[-111.580655704932,33.3899000219718],[-111.580655740853,33.3898549242222],[-111.580655590083,33.3883666856693],[-111.580655730807,33.3883373716311],[-111.580655751749,33.3882900186662],[-111.580655727119,33.3849504984819],[-111.580656022708,33.3830744130192],[-111.580648853607,33.3830067999673],[-111.580655940725,33.3827587266146],[-111.580655798148,33.3787945949867],[-111.583438462882,33.3788288987003],[-111.584268980912,33.3788317575878],[-111.584161066064,33.3726402777492],[-111.584158787622,33.3725004845038],[-111.584034432337,33.3653529913322],[-111.584033799765,33.3652582877394],[-111.584055110637,33.3642750446397],[-111.584057595205,33.3641442476857],[-111.583938163141,33.3506874576085],[-111.583941749577,33.3497155704595],[-111.583670391601,33.3363271101638],[-111.583658638128,33.3352696053441],[-111.583596714881,33.321751598514],[-111.58360588182,33.3209104659298],[-111.583521173927,33.3142948911792],[-111.583429547187,33.30709080358],[-111.583445668828,33.306285715767],[-111.583284756923,33.2926012452438],[-111.583268210893,33.2917286608613],[-111.583222091725,33.2780345996362],[-111.583257815646,33.2773511829617],[-111.583080433512,33.2635381930735],[-111.583128877108,33.2629516783427],[-111.583162115369,33.2490677660981],[-111.583190027211,33.2486234086512],[-111.583007803825,33.2345149779361],[-111.583021810186,33.2343006903089],[-111.582772255692,33.2198858670363],[-111.582798736508,33.2197324051779],[-111.582722240265,33.2054587989403],[-111.599766408102,33.2055041018628],[-111.599983690087,33.2055053096122],[-111.600174147902,33.2055066462478],[-111.617022105635,33.2053047407237],[-111.634469454372,33.2050073002708],[-111.651568503306,33.2047836538638],[-111.651752907207,33.2047826876139],[-111.668580353303,33.2045716548077],[-111.668946253339,33.2046283173232],[-111.685868660152,33.2045677741128],[-111.685992888512,33.2045896388473],[-111.703284722049,33.20461037754],[-111.720574452074,33.2046219608533],[-111.73819614615,33.2047193701768],[-111.750689538476,33.2046942431383],[-111.755233983213,33.2046847867207],[-111.772548320639,33.2047183129503],[-111.789300703795,33.2046402477689],[-111.806423264275,33.204607138208],[-111.823755024215,33.2042185187199],[-111.841125757478,33.2039625171799],[-111.858313232456,33.2037346706409],[-111.858522413343,33.2037309731302],[-111.87552729473,33.2034952434636],[-111.875756946668,33.2034936275039],[-111.875743385535,33.2036132331287],[-111.875907661743,33.2036120769052],[-111.892211382491,33.2034105700867],[-111.892902033062,33.2034078715226],[-111.892934587999,33.2047650938043],[-111.8929351606,33.2048214624256],[-111.909565590172,33.2047483743602],[-111.926902062743,33.2046745706657],[-111.927011380417,33.2046760116211],[-111.944115275569,33.2047120315398],[-111.944257424297,33.2047109531902],[-111.961449829745,33.2045950964406],[-111.961621479922,33.2045937703205],[-111.978772045027,33.2045818226464],[-111.978906841731,33.2045830168376],[-111.995790170103,33.204573080159],[-111.995955809543,33.2045740090339],[-112.000698002047,33.2046013563421],[-112.000697978323,33.2045697883436],[-112.01276276747,33.204602967471],[-112.030126917031,33.2046588671068],[-112.04731354375,33.2047025627037],[-112.064610827722,33.2046662716686],[-112.081953844133,33.204645216019],[-112.083433069768,33.2046436204984],[-112.083529501385,33.2047419941787],[-112.083652445447,33.2048153333858],[-112.083782654649,33.204879591251],[-112.083915463025,33.2049370608248],[-112.08404829839,33.2049967845596],[-112.084175184072,33.2050633251679],[-112.084299415191,33.2051321433992],[-112.0844237023,33.2052054701096],[-112.084545308037,33.2052788210515],[-112.08466492962,33.2053544433192],[-112.084781254172,33.205434604754],[-112.084888919596,33.2055193504861],[-112.084990661156,33.2056131674826],[-112.085095057683,33.2057047057215],[-112.085208059015,33.205787150837],[-112.085323714231,33.2058673162707],[-112.085442025482,33.2059452047176],[-112.085561006269,33.2060230867317],[-112.085680629737,33.2060987080081],[-112.085798270139,33.2061766015321],[-112.08603631898,33.2062850126915],[-112.086168488483,33.2063447395589],[-112.086299986691,33.2064044726104],[-112.086432826959,33.206464194674],[-112.086566309856,33.2065216550662],[-112.086699791855,33.2065791162174],[-112.0868332751,33.2066365763211],[-112.086966087039,33.2066940417081],[-112.087098257789,33.2067537693836],[-112.087230428715,33.2068134951141],[-112.087362626723,33.2068754759069],[-112.08749083045,33.2069397461373],[-112.087613111543,33.2070130877145],[-112.087726115837,33.207095529613],[-112.087833171693,33.2071847885941],[-112.087938214388,33.207274063778],[-112.088039962301,33.2073678782367],[-112.088139027713,33.2074617161447],[-112.088240104572,33.2075555358694],[-112.088346490023,33.2076447998332],[-112.088455501338,33.2077295306625],[-112.088565212355,33.2078165102582],[-112.088676236411,33.207901223683],[-112.088786590264,33.2079859424429],[-112.088896300856,33.2080729217425],[-112.089005313231,33.2081576520809],[-112.089105079001,33.2082537380642],[-112.089210795755,33.2083430067112],[-112.089336349321,33.2084095537714],[-112.089469864015,33.2084692653166],[-112.089605978616,33.2085221902515],[-112.089746674172,33.2085660552431],[-112.089891281301,33.2086008666184],[-112.090035859426,33.2086334226257],[-112.090181082177,33.2086637187189],[-112.090326975446,33.2086940082963],[-112.090472867743,33.2087242977036],[-112.090618732081,33.2087523326404],[-112.090765910363,33.2087781004088],[-112.090913060664,33.208801613704],[-112.091060211044,33.2088251268247],[-112.091206747229,33.2088531556211],[-112.091352668165,33.208885698293],[-112.091496634107,33.2089227684474],[-112.091635348054,33.2089689028477],[-112.091770820243,33.2090240860582],[-112.091899756916,33.2090928548485],[-112.092011400022,33.2091730503135],[-112.092109913663,33.2092759085609],[-112.092179706261,33.2093880383015],[-112.092199965331,33.2095073688003],[-112.092186782008,33.2096337565549],[-112.092157534313,33.2097625394255],[-112.09212823141,33.2098868136892],[-112.092094205167,33.2100088736287],[-112.092054144948,33.2101309871478],[-112.092013386092,33.210250852709],[-112.091969972413,33.2103729961704],[-112.091923179421,33.2104929134813],[-112.091873674325,33.2106106000918],[-112.09182081799,33.2107283166461],[-112.091765278692,33.2108460558876],[-112.091709069882,33.2109638014545],[-112.091653502202,33.2110792872466],[-112.091596621581,33.2111970382122],[-112.091537701405,33.2113125530082],[-112.091473416468,33.2114281140853],[-112.091394938682,33.2115347805057],[-112.091317130077,33.2116414414273],[-112.091251475646,33.211754758987],[-112.091190543312,33.2118702917623],[-112.091136343346,33.2119880189069],[-112.091088877921,33.21210794223],[-112.0910461325,33.2122300798914],[-112.090998637678,33.2123477479784],[-112.090941756439,33.2124654986247],[-112.090879453167,33.2125787878367],[-112.090812456576,33.2126921178499],[-112.090741437101,33.2128054832101],[-112.090658905353,33.2129099302382],[-112.090556089297,33.2130010247165],[-112.090443103992,33.2130831899064],[-112.090327435583,33.2131653785757],[-112.09021240829,33.2132453064956],[-112.090096040949,33.2133252460953],[-112.089978974894,33.2134029367309],[-112.089861936673,33.2134828815535],[-112.089744898241,33.2135628271674],[-112.089620399371,33.2136360723313],[-112.089503332481,33.2137137625182],[-112.089420100993,33.2138159598579],[-112.089370647823,33.2139381549219],[-112.089345334354,33.2140601379246],[-112.0893334872,33.21418651352],[-112.089324992331,33.2143128601137],[-112.089311805257,33.2144392465785],[-112.089295907186,33.2145634032043],[-112.089278025697,33.2146898313407],[-112.089254751317,33.2148140513906],[-112.089225442658,33.2149383248887],[-112.089215606627,33.2150646832389],[-112.089222507519,33.2151886396023],[-112.089236813788,33.2153147868263],[-112.089255812329,33.2154408914687],[-112.089278806812,33.2155647073712],[-112.089323231721,33.215686080492],[-112.089384336681,33.215800542095],[-112.089454802579,33.2159126687014],[-112.089502552259,33.2160317575497],[-112.089532253094,33.2161555135803],[-112.089558601623,33.2162792995076],[-112.089578942875,33.2164053940986],[-112.089593919268,33.2165315349139],[-112.089588080597,33.2166556027109],[-112.08955005339,33.2167799523878],[-112.089496518712,33.2168976733021],[-112.089430859111,33.217010990726],[-112.089359777254,33.2171198457433],[-112.089281990364,33.2172287596154],[-112.089201493308,33.2173354426983],[-112.089116944035,33.2174399058642],[-112.089032394562,33.2175443698733],[-112.088950554865,33.2176510645685],[-112.088874751521,33.217757704866],[-112.088803696392,33.2178688147546],[-112.088740073596,33.2179843697905],[-112.088688549655,33.2181020722275],[-112.08865451658,33.2182241319914],[-112.088630570985,33.2183483581955],[-112.08860397028,33.2184748622344],[-112.088565912895,33.2185969572852],[-112.088523804412,33.2187168333401],[-112.088480354817,33.2188367202479],[-112.088435591041,33.218958874108],[-112.088392141209,33.2190787618828],[-112.088349362832,33.2191986433034],[-112.088307280698,33.2193207726709],[-112.088265200595,33.2194429029209],[-112.088226471821,33.2195650032851],[-112.088195119567,33.2196870402641],[-112.088177207485,33.2198112138509],[-112.088166699998,33.2199375765555],[-112.088163568068,33.2200638758888],[-112.088187233833,33.2201876855659],[-112.088228307054,33.220309087953],[-112.088268038297,33.2204305029956],[-112.088308441233,33.2205519107842],[-112.088348843211,33.220673320362],[-112.088388575859,33.2207947344547],[-112.088426296002,33.220916165738],[-112.088460691686,33.2210398820817],[-112.088492405402,33.2211636210534],[-112.088522106585,33.2212873781236],[-112.088550466817,33.2214111469556],[-112.088578155538,33.2215349212151],[-112.08860584541,33.2216586954642],[-112.088634205882,33.221782464269],[-112.088663907479,33.2219062212917],[-112.088694280753,33.2220299719656],[-112.088727335137,33.2221536999855],[-112.088764386889,33.2222751374725],[-112.088808814522,33.2223965106374],[-112.088857909015,33.2225155878242],[-112.088905662588,33.2226346767645],[-112.08894539583,33.2227560906372],[-112.088971075026,33.2228798828926],[-112.088967274707,33.2230061876187],[-112.088954755333,33.2231325693408],[-112.08896366921,33.2232565074402],[-112.089000078177,33.2233802054676],[-112.089056550429,33.2234992182325],[-112.089122327312,33.2236113856404],[-112.08919279918,33.2237235104317],[-112.089265925346,33.2238333582293],[-112.089337041154,33.2239432222977],[-112.089404830341,33.2240553714248],[-112.089455295691,33.2241766908512],[-112.089463539849,33.2243006361347],[-112.089461081268,33.2244269290632],[-112.089460634305,33.224553203866],[-112.089474270885,33.224679356308],[-112.089500621942,33.2248031420698],[-112.089541699163,33.224924544822],[-112.089592835752,33.2250458587331],[-112.089657301431,33.2251602909989],[-112.089737107879,33.225267824373],[-112.089828902395,33.225368488741],[-112.089929304204,33.2254600578978],[-112.090058180531,33.2255220645579],[-112.09018579796,33.2255908466564],[-112.090302799021,33.2256687410223],[-112.090397918224,33.2257671207413],[-112.090479068306,33.2258746418309],[-112.090576146675,33.2259684946793],[-112.090704435709,33.2260372698897],[-112.090794834887,33.2261334358345],[-112.090861958152,33.2262455895622],[-112.090968368962,33.2263348509333],[-112.09108207401,33.2264172821818],[-112.09119446517,33.2265019812222],[-112.091310182319,33.2265843959105],[-112.091425927771,33.2266690638799],[-112.091532982134,33.226756064114],[-112.091613351592,33.2268545718203],[-112.091613662564,33.2269876048974],[-112.0917026945,33.2270815276743],[-112.091822408159,33.227161651263],[-112.09194542079,33.2272372361761],[-112.092063765653,33.2273151170458],[-112.092185436508,33.2273907144313],[-112.092304452352,33.2274685878107],[-112.092414163777,33.2275533093514],[-112.092509903863,33.227647171566],[-112.092597065246,33.2277523842207],[-112.092679560991,33.2278598920102],[-112.09276336995,33.2279651336337],[-112.092853829618,33.2280658075228],[-112.092956221239,33.2281551008052],[-112.093072528397,33.2282307445857],[-112.093199482616,33.2282995290001],[-112.093331717186,33.2283615022149],[-112.093466607159,33.2284211973455],[-112.093598815029,33.2284809159815],[-112.09374289848,33.2285247461828],[-112.093861162215,33.2285958615417],[-112.093967578916,33.2286851193925],[-112.094071341694,33.228776655104],[-112.094169796413,33.22887274754],[-112.094262940926,33.2289733967161],[-112.094348065832,33.2290763702177],[-112.094420532338,33.2291862212229],[-112.094485679003,33.2293006445096],[-112.094549482539,33.229415080501],[-112.094620637659,33.2295271966055],[-112.094707775264,33.2296301525432],[-112.094812852917,33.2297194214875],[-112.094919915421,33.2298064178376],[-112.095028989886,33.2298933976835],[-112.095140048127,33.229978103123],[-112.095253118333,33.2300627920476],[-112.095368815785,33.2301429476938],[-112.095491834562,33.2302185290414],[-112.095623403048,33.2302805061603],[-112.095762097573,33.2303221271007],[-112.095909843045,33.2303366089426],[-112.096062813281,33.2303397708464],[-112.096213017624,33.2303361925002],[-112.096362381001,33.2303190928138],[-112.096511828976,33.2303087558161],[-112.096662675606,33.230302916258],[-112.096814304636,33.2303060890975],[-112.096960793773,33.2303273453212],[-112.097100828021,33.230368952005],[-112.097236338805,33.2304241280473],[-112.09736992058,33.2304860859642],[-112.097501463609,33.2305458058963],[-112.097630408142,33.2306123140995],[-112.097758039944,33.230681087426],[-112.097887598945,33.2307430794942],[-112.098021126216,33.2308005263231],[-112.098161191052,33.2308443869946],[-112.098303854659,33.2308814599844],[-112.098448473614,33.2309140050622],[-112.098595077245,33.2309442783118],[-112.098742293939,33.2309700364212],[-112.098900242304,33.2309956992838],[-112.099037372035,33.2310192914312],[-112.099184561765,33.2310427938245],[-112.099333064463,33.2310640298668],[-112.099482851819,33.2310807443637],[-112.099631856515,33.2310884470214],[-112.099780719717,33.2310848762572],[-112.099930839164,33.2310745296547],[-112.100080203049,33.2310574246031],[-112.100227471232,33.2310335739033],[-112.100373340443,33.2310052254532],[-112.100517783409,33.2309701240667],[-112.10066085783,33.2309327810276],[-112.100804573315,33.2308931771352],[-112.100946248569,33.230851336197],[-112.101087225834,33.2308072463111],[-112.101228900814,33.2307654050513],[-112.101373400803,33.2307348121479],[-112.101522876145,33.2307267252233],[-112.101673807113,33.230727643354],[-112.101822557256,33.2307150511938],[-112.101969851669,33.2306934527228],[-112.102117816597,33.2306718485693],[-112.102265054127,33.2306457402726],[-112.102412321015,33.2306218869894],[-112.102563695394,33.2306047615277],[-112.102719151063,33.2305921095821],[-112.102868486258,33.2305727459957],[-112.103000100139,33.2305309926219],[-112.103076567827,33.2304243366416],[-112.103130676781,33.2302998399974],[-112.103179449308,33.2301776462358],[-112.103319336597,33.2301538570465],[-112.103471522561,33.2301479973052],[-112.103623067396,33.2301443980813],[-112.103772542584,33.2301363075538],[-112.103919136545,33.2301124580082],[-112.104064218781,33.2300750936057],[-112.104201027644,33.2300197627751],[-112.104315448145,33.2299443371055],[-112.10438984514,33.2298331892035],[-112.104470249814,33.2297197327699],[-112.104596326454,33.229664497958],[-112.104742862538,33.2296361379678],[-112.104892081916,33.229607754809],[-112.105032411972,33.2295659202693],[-112.105168547779,33.2295105948025],[-112.10530541088,33.2294597722349],[-112.105447809134,33.2294224301261],[-112.105595072015,33.2293985721808],[-112.105744403461,33.2293792060512],[-112.105893093796,33.2293621004579],[-112.106040327991,33.2293359886011],[-112.10618342477,33.2293008935069],[-112.106324395821,33.2292567976949],[-112.106463998178,33.2292104594005],[-112.106601529558,33.2291596289771],[-112.106739061853,33.229108799302],[-112.10687455378,33.2290557326919],[-112.107008647415,33.2289981675292],[-112.107137960313,33.2289338808169],[-112.107262522023,33.2288651277565],[-112.107388425753,33.2287963616928],[-112.107514328211,33.2287275946016],[-112.107640229403,33.228658829188],[-112.107766803111,33.2285900563015],[-112.1078947452,33.2285235264954],[-112.108024086336,33.2284614940484],[-112.108156807579,33.2284016853458],[-112.108290200283,33.2283418709586],[-112.108424933944,33.2282820453438],[-112.108561065611,33.228226716168],[-112.108698595302,33.2281758834266],[-112.108837550499,33.2281318023045],[-112.108977962993,33.2280967288816],[-112.109126705448,33.2280841280056],[-112.10928045691,33.2280962870722],[-112.109428649733,33.2281197685938],[-112.109558884761,33.2281817420659],[-112.109694369215,33.2282346493576],[-112.109837060868,33.2282739643241],[-112.109981709366,33.2283087502928],[-112.110127639837,33.2283390164218],[-112.110275527115,33.2283647544427],[-112.110425311882,33.228381455781],[-112.110574283241,33.2283868910651],[-112.11072369759,33.228374282724],[-112.110866676559,33.2283301642065],[-112.1109905925,33.2282636672612],[-112.11110489049,33.2281792173119],[-112.111222598286,33.228099246238],[-112.111351237264,33.2280349607088],[-112.11148602556,33.2279796412578],[-112.111624223721,33.2279287988273],[-112.111762449262,33.2278802123339],[-112.111905713034,33.2278586381818],[-112.112039971728,33.2279205738864],[-112.11218606086,33.2279102485906],[-112.112329039405,33.227866128393],[-112.112470703157,33.2278242734477],[-112.112611668653,33.2277801714229],[-112.112750566117,33.2277315773635],[-112.112883982219,33.2276740123462],[-112.113006411366,33.2275962522008],[-112.113128897586,33.2275230014065],[-112.113263883431,33.2274834609301],[-112.113416177581,33.2274866079853],[-112.113567915804,33.2274987793668],[-112.113720996263,33.2275109376164],[-112.11386427416,33.227543477736],[-112.113985877974,33.2276122881706],[-112.114098320234,33.2276992207053],[-112.114219981792,33.2277725403787],[-112.114350889149,33.2278345032555],[-112.114484421589,33.2278919324198],[-112.114620580172,33.2279448287633],[-112.114755425402,33.2279999921988],[-112.114892955207,33.2280551295684],[-112.115032438427,33.2281057414847],[-112.11515007685,33.2281790964126],[-112.115246540011,33.2282751897377],[-112.115331746157,33.228382658276],[-112.115411586881,33.2284901740995],[-112.115485420306,33.228599999788],[-112.115553918054,33.2287121270645],[-112.115617077967,33.2288265577447],[-112.115676914963,33.2289432723822],[-112.115736751046,33.2290599869899],[-112.115791892198,33.2291767451503],[-112.11583968588,33.2292958225786],[-112.115872083005,33.2294172925881],[-112.115876369119,33.2295435254636],[-112.115884009209,33.2296697277171],[-112.115900366853,33.2297958519839],[-112.115919379221,33.2299196978268],[-112.115945127246,33.2300457385106],[-112.115986242367,33.2301671304867],[-112.116029342778,33.2302862505084],[-112.116072470954,33.2304076247971],[-112.116111574667,33.2305290343757],[-112.116175523179,33.230652477179],[-112.116175114618,33.2307787518127],[-112.116174707129,33.2309050264421],[-112.11617497023,33.2310312954849],[-112.116175175883,33.231153055058],[-112.116175410261,33.2312770689113],[-112.116175643568,33.2314010827639],[-112.116175236083,33.2315273573807],[-112.116175355564,33.2316423522931],[-112.116365147254,33.2316925104675],[-112.116509801788,33.2317272897013],[-112.116655741223,33.2317575481248],[-112.116800367236,33.2317900718355],[-112.116943738401,33.2318293721057],[-112.117086440168,33.2318686768955],[-112.117232351281,33.2318966794564],[-112.11738074465,33.2319088759007],[-112.117531734159,33.2319142833494],[-112.117681967876,33.2319129342613],[-112.11783147238,33.2319070802194],[-112.117981619764,33.2318989670222],[-112.118131737271,33.2318885984622],[-112.118280457065,33.2318737323469],[-112.118427749271,33.2318521144014],[-112.118572914477,33.2318214968481],[-112.11871528204,33.2317818834888],[-112.118857591891,33.2317377623053],[-112.119001357971,33.231702645985],[-112.119147135715,33.2316675117967],[-112.119294283335,33.2316346205175],[-112.119441488459,33.2316062376273],[-112.119587525175,33.2315913941617],[-112.119730753162,33.2316194171057],[-112.119863068946,33.2316858714635],[-112.119975523297,33.231772797684],[-112.120029301776,33.2318873099136],[-112.120052402724,33.2320156272852],[-112.120055323899,33.2321396177731],[-112.120036143112,33.2322660619336],[-112.120018974065,33.2323924874709],[-112.120013177411,33.2325165553238],[-112.120044938664,33.2326402849464],[-112.120140742553,33.2327363799718],[-112.120257806251,33.2328165002284],[-112.120363584179,33.2329057409276],[-112.120445419233,33.2330109813989],[-112.120521945177,33.233120778846],[-112.120588440003,33.2332329209573],[-112.120642250099,33.2333496880689],[-112.120691393857,33.2334687514014],[-112.120744561396,33.2335877783539],[-112.120801054354,33.2337045220516],[-112.12086023097,33.2338212396746],[-112.120927397374,33.2339333759789],[-112.121037814978,33.2340180646436],[-112.121114984305,33.2341256018115],[-112.1211781853,33.2342422829026],[-112.121252673617,33.234349844226],[-112.121383565786,33.2344095453027],[-112.121531408788,33.2344307604054],[-112.12167995027,33.2344542239995],[-112.121819361993,33.2344980626545],[-112.121945005342,33.2345668296803],[-112.122076569989,33.2346265235038],[-112.122209476046,33.2346862050517],[-112.12233908697,33.2347504258074],[-112.122466714047,33.2348169193655],[-112.122596295387,33.2348788855729],[-112.122733811961,33.2349317589722],[-112.122879699959,33.2349575005916],[-112.12303005437,33.2349651630436],[-112.123179152141,33.2349796002999],[-112.123325683125,33.2350030796891],[-112.123468392873,33.2350423780088],[-112.123613055696,33.2350771489319],[-112.123756377395,33.235111931838],[-112.123900369826,33.2351467080507],[-112.124043750679,33.2351859991799],[-112.124185818278,33.23522755658],[-112.124327214321,33.2352691212504],[-112.124473162285,33.235299368649],[-112.124620365835,33.2353228408777],[-112.124768181119,33.2353417987466],[-112.124917922546,33.235353973102],[-112.12506699232,33.2353661538126],[-112.125216791746,33.235382837266],[-112.125359443947,33.2354176239519],[-112.125493024037,33.235477296337],[-112.125631154888,33.2355256523292],[-112.125702510142,33.2355453001827],[-112.125702840618,33.235466377456],[-112.125888967772,33.2355436124801],[-112.126114377539,33.2355979429577],[-112.126261754855,33.2356349398092],[-112.126406773631,33.2356449011684],[-112.126538764474,33.2355805709158],[-112.126663290219,33.2355095424461],[-112.126785774903,33.2354362783017],[-112.126908931076,33.2353630083928],[-112.127032114975,33.2352919926412],[-112.127155941358,33.2352187159432],[-112.12728116572,33.2351499354889],[-112.127409802082,33.2350856343363],[-112.127548030035,33.2350370303495],[-112.127689670037,33.2349929038259],[-112.127834837136,33.2349622745707],[-112.127965513695,33.2349002092787],[-112.128098929528,33.2348426289105],[-112.128233717596,33.2347872895713],[-112.128367134152,33.234729708914],[-112.128498480602,33.234667636511],[-112.128601280245,33.2345765101503],[-112.128689150817,33.2344719904948],[-112.128791280494,33.2343808705275],[-112.128902885689,33.2342964287587],[-112.129018573523,33.2342164597184],[-112.129134231016,33.2341342362948],[-112.129247206921,33.234052036282],[-112.129356099757,33.2339653642502],[-112.129457528478,33.2338719951116],[-112.129552190616,33.2337741775086],[-112.129642129222,33.23367414876],[-112.129731369014,33.2335718704219],[-112.129823319024,33.2334718218638],[-112.129921363502,33.2333762281603],[-112.130023461549,33.2332828528983],[-112.130128270876,33.2331917073883],[-112.130235120881,33.2331027981853],[-112.130344711256,33.2330183729992],[-112.130459024724,33.2329361596604],[-112.130595149579,33.2328808073427],[-112.13074453946,33.2328659197672],[-112.130894715232,33.232860045263],[-112.131046290397,33.2328586669014],[-112.131195357817,33.2328708402848],[-112.131332786877,33.2329169422617],[-112.131465084206,33.2329811290442],[-112.131595982281,33.2330408184653],[-112.131725596503,33.2331050294423],[-112.131850604073,33.2331760464005],[-112.131968991052,33.2332538881685],[-112.132085396634,33.23333400291],[-112.132204425501,33.2334095836021],[-112.132335324716,33.2334692731383],[-112.132478734614,33.23351080883],[-112.132581084192,33.2335933064142],[-112.132672936363,33.2336939370096],[-112.132773449421,33.2337899798132],[-112.13287195087,33.2338860395557],[-112.132960449561,33.2339867010094],[-112.133030955395,33.2340965462605],[-112.13309078887,33.234210997141],[-112.133143304094,33.2343300252862],[-112.133193135936,33.2344490779154],[-112.133243667689,33.2345703773179],[-112.133297494327,33.2346871379597],[-112.133350010121,33.234806166908],[-112.133432705948,33.2349249187143],[-112.133431537056,33.2350421808889],[-112.133512192192,33.2351586971962],[-112.133571385578,33.2352754086753],[-112.133632562883,33.2353898479096],[-112.133695080515,33.235504273952],[-112.133756287319,33.2356209673951],[-112.133818134656,33.2357353999509],[-112.133879983228,33.2358498324713],[-112.133933840688,33.2359688479838],[-112.133974284712,33.2360879851919],[-112.134006097182,33.2362139653677],[-112.134034526352,33.2363377223673],[-112.134055577618,33.2364615463553],[-112.134074647315,33.2365876425538],[-112.134101064813,33.2367114174738],[-112.134146875535,33.236830506455],[-112.134224092538,33.2369402878386],[-112.134297956575,33.2370501011883],[-112.134380510913,33.2371575809338],[-112.134435653809,33.2372720735774],[-112.134437955131,33.2373983234955],[-112.134430223964,33.2375269192418],[-112.134451919668,33.2376484822732],[-112.134514439992,33.2377629087531],[-112.134589675563,33.237874963015],[-112.134660216852,33.237987061525],[-112.134733441955,33.2380991345478],[-112.134797276119,33.2382112943282],[-112.134798878142,33.2383352947275],[-112.134812582036,33.2384614407587],[-112.134830981553,33.2385875433829],[-112.134850722414,33.2387136337299],[-112.134852324526,33.2388376341181],[-112.134845907012,33.2389639633112],[-112.134837477535,33.2390903104581],[-112.134837096901,33.2392165848725],[-112.134850800992,33.2393427299791],[-112.134865176849,33.2394688693945],[-112.134874186458,33.2395950578956],[-112.134844235506,33.239717091936],[-112.134790108504,33.2398370925819],[-112.134737963036,33.239954818271],[-112.13468850113,33.2400725211982],[-112.134661261593,33.2401967858217],[-112.134654843716,33.2403231149789],[-112.134656474799,33.2404493705134],[-112.134670850567,33.2405755099292],[-112.134684525439,33.2406994007536],[-112.13465124975,33.2408237192256],[-112.134643490493,33.2409500606394],[-112.134665885087,33.2410738721546],[-112.134701695178,33.2411975609575],[-112.134743514299,33.2413189398018],[-112.134776641936,33.2414426531187],[-112.134804403257,33.2415664155115],[-112.134836860409,33.2416901353933],[-112.134884015025,33.2418092108213],[-112.134947882386,33.2419236238145],[-112.135023763566,33.2420334186657],[-112.135104954019,33.2421386540175],[-112.135190167631,33.2422438533906],[-112.135282031886,33.2423444827718],[-112.135381187164,33.2424382794832],[-112.135490957622,33.2425229616945],[-112.1356100625,33.2426030474933],[-112.135734385769,33.2426718117908],[-112.135864687919,33.2427360116931],[-112.135998258073,33.2427934174766],[-112.136135122227,33.2428462834086],[-112.136271987616,33.2428991482851],[-112.136410165275,33.2429497464496],[-112.136548343096,33.2430003453612],[-112.136687833173,33.2430486766533],[-112.136829276919,33.2430924803543],[-112.136971305839,33.2431295144774],[-112.137118465094,33.2431484614767],[-112.137270087144,33.2431493306338],[-112.137420455662,33.2431569747193],[-112.13756954033,33.2431691394684],[-112.137719326077,33.2431835535089],[-112.137867798727,33.2432002339463],[-112.13801694211,33.2432169076022],[-112.13816480278,33.2432381028303],[-112.138312051436,33.2432638130294],[-112.138459299105,33.2432895230556],[-112.138606549005,33.2433152329033],[-112.138753796847,33.2433409434817],[-112.138897808623,33.2433757022077],[-112.139040537784,33.2434149816246],[-112.139182625712,33.2434565217575],[-112.139322759304,33.2435025892013],[-112.139460909252,33.243550929692],[-112.139597136372,33.2436060517727],[-112.13971484534,33.2436816373898],[-112.139778048601,33.2437960544514],[-112.139799139144,33.2439221315477],[-112.139834286956,33.2440458253948],[-112.139880780005,33.2441649045598],[-112.139948650377,33.2442770236587],[-112.140031218451,33.2443844985701],[-112.140115070487,33.2444874516518],[-112.140198950996,33.2445926598479],[-112.140278837985,33.2447001592444],[-112.140354057537,33.2448099564712],[-112.140418574479,33.244922105677],[-112.14043497244,33.2450482253472],[-112.140460730814,33.2451720044153],[-112.140489172042,33.2452957588094],[-112.140527675941,33.2454194220434],[-112.140582861442,33.2455361660237],[-112.140599258688,33.2456622865619],[-112.140596203568,33.2457885845924],[-112.140576348368,33.2459127820809],[-112.140532987082,33.2460349397833],[-112.14048151855,33.2461526638299],[-112.140428707397,33.2462703983843],[-112.140373212217,33.2463881575801],[-112.140319730079,33.2465058996035],[-112.140263564975,33.2466236653617],[-112.140211453308,33.2467436492736],[-112.140178152793,33.246865715715],[-112.140185159803,33.2469919216878],[-112.140219638701,33.2471156201698],[-112.140304835006,33.247218561638],[-112.140415316248,33.247305486144],[-112.140539039008,33.2473787606955],[-112.140671334418,33.2474406822499],[-112.140812058844,33.2474799785304],[-112.140958031618,33.2475102073233],[-112.141105317615,33.2475381684327],[-112.141250649246,33.2475706568683],[-112.141392132986,33.2476167095746],[-112.141520434455,33.2476809215159],[-112.141625580085,33.2477701503828],[-112.141715475817,33.2478730462991],[-112.141780054475,33.2479897041661],[-112.141863736744,33.2480791285733],[-112.141982970399,33.2481682270203],[-112.14210996107,33.2482347058611],[-112.142241588155,33.2482966323526],[-112.142374529599,33.2483562902751],[-112.14249227567,33.24843412834],[-112.142593457688,33.2485279001655],[-112.142691286326,33.2486217050528],[-112.142786490045,33.2487200422115],[-112.1428823647,33.2488183735663],[-112.142983548654,33.2489121459647],[-112.143087356867,33.2490013841202],[-112.14317923725,33.2491020065895],[-112.143256476394,33.2492117829577],[-112.143294956504,33.2493331900646],[-112.143352101488,33.2494454060884],[-112.14346658455,33.249530036467],[-112.143596903584,33.249594228129],[-112.143724597703,33.2496629529244],[-112.143826394302,33.249752210352],[-112.143886283119,33.2498689099114],[-112.143928788774,33.2499902787931],[-112.143949794083,33.2500577302475],[-112.143850793139,33.2502345181848],[-112.143876587333,33.2503605506816],[-112.143910372598,33.250482000415],[-112.144022757,33.2505598846633],[-112.144145844994,33.2506354164608],[-112.144260971655,33.2507177851787],[-112.144350143855,33.2508161772216],[-112.144416069669,33.2509328212655],[-112.144528456172,33.2510107059465],[-112.144656123616,33.251077175492],[-112.14478976897,33.2511390802143],[-112.144922075179,33.2512009971687],[-112.145056332698,33.2512583864289],[-112.14519190454,33.2513135088895],[-112.145322868736,33.2513754368976],[-112.14543992124,33.2514510226801],[-112.145536503159,33.251551600441],[-112.145656210633,33.2516249060715],[-112.145795689898,33.2516709727368],[-112.145940446761,33.2517102259791],[-112.146082580853,33.2517540123677],[-112.146204243354,33.2518227898918],[-112.146289479685,33.2519279813997],[-112.146362759753,33.2520423005771],[-112.146436652815,33.2521521063306],[-112.146527139816,33.252248229211],[-112.146666007737,33.2522988100708],[-112.146790354442,33.2523675622102],[-112.146892916613,33.2524635741058],[-112.147020500446,33.2525232774946],[-112.147163917756,33.2525625417028],[-112.147306052759,33.2526063266805],[-112.147445565048,33.2526546448381],[-112.147586417921,33.252702951332],[-112.147725929445,33.2527512700767],[-112.147862145385,33.2528041277755],[-112.147991772175,33.2528660662551],[-112.148105504748,33.2529439352426],[-112.148196753814,33.2530468139192],[-112.148295964541,33.2531428552275],[-112.148420342204,33.2532138608846],[-112.148542737367,33.2532871397605],[-112.148663179603,33.2533649452229],[-112.14876965231,33.2534519003186],[-112.148855535554,33.2535548290923],[-112.148934128312,33.2536645884805],[-112.149008055534,33.2537766460192],[-112.149084664914,33.2538886795625],[-112.149202277499,33.2539552371241],[-112.149340450374,33.2540035664628],[-112.149488508344,33.2540382745837],[-112.149637849838,33.2540684615676],[-112.149785031157,33.2540873934532],[-112.14993594109,33.2540837443278],[-112.150086881686,33.2540823483784],[-112.150237940712,33.2540899692969],[-112.150388357547,33.2540998527709],[-112.150536821364,33.2541142628001],[-112.150724460291,33.2541486037479],[-112.150809202818,33.254215463306],[-112.150923816711,33.2543091046501],[-112.151050438879,33.2543462652075],[-112.15119475034,33.2542998328159],[-112.151343994091,33.2542713930331],[-112.151494511205,33.2542632350223],[-112.151645451,33.2542618371821],[-112.151795197512,33.2542717238266],[-112.15194176817,33.2542951701617],[-112.152086503483,33.254332160135],[-112.152231880023,33.2543668907995],[-112.152379090976,33.2543880747751],[-112.15252755559,33.2544024815217],[-112.152678002874,33.2544146164842],[-112.152827720079,33.2544222476217],[-112.152978079468,33.2544276185319],[-112.153128437798,33.2544329883605],[-112.153277888951,33.254420327894],[-112.153426669297,33.2544076739354],[-112.153577609294,33.2544062737491],[-112.153727879596,33.2544048800665],[-112.153878878987,33.2544079880374],[-112.154029177916,33.2544088473524],[-112.154178748811,33.2544052046506],[-112.154322654288,33.2543790654849],[-112.1544657414,33.2543416606362],[-112.154615803512,33.2543244833478],[-112.154766102302,33.2543253426746],[-112.154913984539,33.2543465169526],[-112.155061345829,33.2543789708568],[-112.155209347178,33.2544091636299],[-112.155355829725,33.2544258413496],[-112.155504027164,33.2544199543894],[-112.155652598926,33.2543915152385],[-112.155794224943,33.2543451025144],[-112.155924268244,33.2542852689649],[-112.15604812464,33.25421421798],[-112.156171921313,33.2541386583506],[-112.156299191708,33.2540720848293],[-112.156427773661,33.254003244412],[-112.156557726704,33.2539366465174],[-112.156692583288,33.2538857858851],[-112.156837918007,33.2538663958907],[-112.156991719798,33.2538784930078],[-112.157132880948,33.2538478670976],[-112.157260701785,33.2537722679436],[-112.157404754258,33.2537573992246],[-112.157552980212,33.2537537640882],[-112.157702608348,33.2537546265778],[-112.157852935973,33.2537577364384],[-112.158003264679,33.2537608452135],[-112.158154292894,33.2537662031596],[-112.158305350946,33.2537738160839],[-112.15845640902,33.2537814279229],[-112.15860682726,33.2537913005514],[-112.158757214631,33.2537989187401],[-112.158907602024,33.253806535845],[-112.159058019281,33.2538164079294],[-112.15920840673,33.253824025572],[-112.159358824048,33.2538338972922],[-112.159509211552,33.2538415145708],[-112.159658988022,33.2538536460057],[-112.159808764538,33.2538657790634],[-112.159957899117,33.2538801711211],[-112.160106393922,33.2538968239804],[-112.160254246818,33.2539157376477],[-112.160400819074,33.2539391731051],[-112.16054616724,33.2539716388817],[-112.160688982937,33.2540154017855],[-112.160825268324,33.2540727555522],[-112.16095359334,33.2541369463709],[-112.161078012463,33.2542101944651],[-112.161201790918,33.2542857016178],[-112.161322274493,33.2543657499131],[-112.161436781217,33.2544503635754],[-112.161541956201,33.2545395735738],[-112.161634474442,33.254635666949],[-112.161706986335,33.2547409657305],[-112.161757540421,33.2548599986645],[-112.161792753508,33.2549859392863],[-112.161818604782,33.2551142221011],[-112.161839730845,33.2552402950737],[-112.161842744036,33.2553665363052],[-112.161837735752,33.2554951080815],[-112.161838766545,33.2556236228626],[-112.161860503716,33.25574517967],[-112.161907673745,33.2558619892236],[-112.161972286181,33.2559786354044],[-112.162048915065,33.2560906599338],[-112.162133504785,33.2561958462355],[-112.162245240747,33.2562737205752],[-112.162381590497,33.2563355802082],[-112.162507296702,33.2564043039362],[-112.162632360112,33.256475289436],[-112.162757425867,33.2565462739023],[-112.162883131594,33.2566149972474],[-112.163011492844,33.2566814410491],[-112.163142446508,33.2567410958895],[-112.163277336269,33.2567939500787],[-112.163416221999,33.2568445112166],[-112.163557089206,33.2568927986189],[-112.16369923929,33.2569365647604],[-112.163843372973,33.2569780571502],[-112.163986745043,33.2570127924465],[-112.164130058362,33.2570430181594],[-112.164277617678,33.2570393817325],[-112.164424669539,33.2569974173528],[-112.164564282705,33.2569510140008],[-112.164703193885,33.2569023620846],[-112.16484073336,33.2568514674515],[-112.164978272675,33.2568005726666],[-112.165117183385,33.2567519202889],[-112.165257466568,33.2567055094098],[-112.16540037272,33.2566545646553],[-112.165544068425,33.2566126309137],[-112.16568663249,33.2565864912097],[-112.165827873325,33.2566122249131],[-112.165959678574,33.2566853973678],[-112.166076756903,33.2567609635458],[-112.166187916344,33.2568456038401],[-112.166297794485,33.2569347660587],[-112.166408284651,33.2570194129065],[-112.166536185345,33.2571016405073],[-112.166658721086,33.2571839184361],[-112.166728408875,33.2572779672577],[-112.166682335317,33.2573956495341],[-112.166608816268,33.25751809938],[-112.166559389566,33.2576358135948],[-112.166664512423,33.2577205097622],[-112.166817710462,33.2577371108555],[-112.166963709069,33.2577673080536],[-112.167069444248,33.2578474895025],[-112.16715141753,33.2579572060787],[-112.167245347187,33.2580577910705],[-112.167361785564,33.2581356152262],[-112.167488839806,33.2582043221463],[-112.167618517293,33.2582684933687],[-112.167754784788,33.2583235842909],[-112.167889738788,33.258380941951],[-112.16801816545,33.2584518899495],[-112.168120637587,33.2585388643797],[-112.168222529358,33.2586326100582],[-112.16831908399,33.2587286595418],[-112.168407679525,33.2588315484232],[-112.168490266033,33.2589367479082],[-112.168572213102,33.2590442092588],[-112.168645527034,33.2591585159173],[-112.168742664316,33.2592477946226],[-112.168874908165,33.259302922216],[-112.169019717873,33.2593444017917],[-112.169161904716,33.259390415894],[-112.169288961105,33.2594591209479],[-112.1694087593,33.2595369119873],[-112.169536427749,33.2596011005993],[-112.169681208146,33.2596403251451],[-112.169833799513,33.2596614377818],[-112.169979930986,33.2596510435577],[-112.170118233902,33.2596068999878],[-112.170254982048,33.2595469891484],[-112.170394566002,33.2594983241097],[-112.170541798733,33.2594698798343],[-112.170691956745,33.2594594467966],[-112.170837227366,33.2594851367928],[-112.170984511545,33.2595108071716],[-112.171137533668,33.2595138755938],[-112.171275253291,33.259476501189],[-112.171375262461,33.2593786024818],[-112.171442798439,33.259260716745],[-112.171433152691,33.2591413019916],[-112.171377857274,33.2590200627771],[-112.171348697185,33.2588963227262],[-112.171331581334,33.2587702153161],[-112.171331237523,33.2586439491159],[-112.171351631203,33.2585129776167],[-112.171413279132,33.2584064206036],[-112.171544598939,33.2583420487039],[-112.171690246466,33.2582955799111],[-112.17183464383,33.2582558872801],[-112.171875403854,33.2581427623404],[-112.171902564836,33.258016236792],[-112.17201415715,33.2579317576156],[-112.172156631926,33.2578988468341],[-112.172308308621,33.2579019265071],[-112.172458583383,33.2579005092651],[-112.172606543914,33.2578765660739],[-112.172754504364,33.2578526227069],[-112.172903226099,33.2578354360332],[-112.173054021605,33.2578227391095],[-112.17320688876,33.2578145328343],[-112.173357193555,33.2578153687603],[-112.173502402865,33.257836546249],[-112.173639862774,33.2578803449553],[-112.17377353875,33.2579422183179],[-112.173906545197,33.2580040974293],[-112.174052787343,33.2580523221174],[-112.174201653427,33.25809601273],[-112.174302698971,33.2581762319828],[-112.174366537842,33.2582838595798],[-112.174419093274,33.2584006134548],[-112.174463017099,33.2585242130692],[-112.174501604936,33.2586501177202],[-112.174538851299,33.258776035959],[-112.174576738325,33.258899692228],[-112.174613253628,33.2590211069321],[-112.174646444214,33.2591448080836],[-112.174677622499,33.2592685278264],[-112.174708130075,33.2593922543609],[-112.174739308536,33.2595159740824],[-112.174772499492,33.2596396751887],[-112.17480901538,33.2597610898181],[-112.174851568598,33.2598824477144],[-112.174904826693,33.260001448795],[-112.174972112415,33.260115809286],[-112.175057331776,33.2602164704269],[-112.175162557725,33.2603079229749],[-112.17527376064,33.260394808385],[-112.175377644344,33.2604862743594],[-112.175486895799,33.260577688495],[-112.175593464246,33.2606691279574],[-112.175688687542,33.26076518435],[-112.175761220277,33.2608704738279],[-112.175791060215,33.2609942068604],[-112.175792141825,33.261124975565],[-112.175781756927,33.2612513424919],[-112.175749843263,33.2613734043492],[-112.175705853767,33.2614955806241],[-112.175659880893,33.2616200297539],[-112.175598356961,33.2617356058066],[-112.175491369321,33.2618132813602],[-112.175345047196,33.2618597614032],[-112.175235435339,33.2619419697591],[-112.175138813022,33.2620420953556],[-112.175040787268,33.262137724182],[-112.17493324774,33.2622244230651],[-112.174808054928,33.2622955054513],[-112.174670482554,33.2623441559249],[-112.174522544245,33.2623703567434],[-112.174371312204,33.2624010980881],[-112.174226209218,33.2624385444088],[-112.17413955794,33.2625318107875],[-112.174075378302,33.2626496666294],[-112.174030074418,33.2627741092481],[-112.174019942496,33.2628193003511],[-112.174000871303,33.2628983995004],[-112.173986518047,33.2630293137474],[-112.173994946974,33.2631577588102],[-112.174038051745,33.2632700922101],[-112.174136630335,33.2633661175548],[-112.174259181936,33.2634483878349],[-112.174383045195,33.2635283910416],[-112.174518042815,33.2635879956491],[-112.174650550843,33.2635619413699],[-112.174793553337,33.2635177476991],[-112.17494438749,33.2635073036031],[-112.175089643191,33.2634811285975],[-112.175217552106,33.2634122747649],[-112.175350307925,33.2633546498217],[-112.175485046865,33.2632947509662],[-112.175620516981,33.2632393545599],[-112.175758761048,33.2631906962299],[-112.175901912671,33.2631577752462],[-112.176051404408,33.2631473425265],[-112.176203670261,33.2631436469388],[-112.176352400248,33.2631264552125],[-112.176498935964,33.2630957564412],[-112.176645441285,33.2630628032476],[-112.176791307035,33.2630321100415],[-112.176937932264,33.2630081744077],[-112.177085503117,33.2630045218338],[-112.177235417678,33.263025650799],[-112.177384020968,33.2630490465649],[-112.177532044454,33.2630792117195],[-112.177678664675,33.2631048809354],[-112.177822668184,33.263085477325],[-112.177965667213,33.26304128182],[-112.178115278737,33.2630398645229],[-112.178266293649,33.2630429428007],[-112.178415725283,33.2630279969361],[-112.178564454628,33.2630108043701],[-112.178713824392,33.2629913496513],[-112.178863896337,33.2629741430772],[-112.179012564789,33.2629524396741],[-112.179161233169,33.2629307369951],[-112.17930852946,33.2629067917409],[-112.179453752465,33.2628783564951],[-112.179597849024,33.2628161096656],[-112.179681711781,33.2628153137224],[-112.179857619204,33.2627234524685],[-112.179982778122,33.2626501107714],[-112.180118305137,33.2625992188775],[-112.180262735,33.2625617707221],[-112.180407225515,33.2625288308968],[-112.180704435295,33.2625260089546],[-112.18085474817,33.2625268366791],[-112.181003810613,33.2625344397386],[-112.181153694873,33.2625533097322],[-112.181298485247,33.2625925206836],[-112.181425495943,33.2626567029293],[-112.181546619356,33.2627322151388],[-112.181663138471,33.2628145360495],[-112.181774350974,33.2629014155636],[-112.181877573573,33.2629928819614],[-112.181938131974,33.263105046423],[-112.181999421145,33.2632217134103],[-112.182102706296,33.2633176890087],[-112.182229716481,33.2633818704218],[-112.182372375522,33.2634120809389],[-112.182523511889,33.2634241719371],[-112.18267599103,33.2634362508616],[-112.182825846724,33.263452863678],[-112.182975031642,33.2634694822588],[-112.183124705764,33.2634725674238],[-112.183272001851,33.263448618379],[-112.183420700448,33.2634291648576],[-112.183570953927,33.2634254789924],[-112.183721236799,33.2634240489988],[-112.183871459776,33.2634181085235],[-112.184020950939,33.2634076653235],[-112.18417074646,33.263394965173],[-112.184320207056,33.2633822673665],[-112.184469667608,33.2633695693805],[-112.184619128115,33.2633568712151],[-112.18476858858,33.2633441737719],[-112.184918047925,33.2633314752499],[-112.185068240144,33.2633232790829],[-112.185221115647,33.2633150571015],[-112.185367313359,33.2633091541719],[-112.185517595983,33.2633077211066],[-112.185667910199,33.2633085421038],[-112.185818223345,33.2633093638234],[-112.185968568096,33.2633124387037],[-112.186118911784,33.2633155143061],[-112.186269257629,33.2633185897221],[-112.186420912446,33.2633193969833],[-112.186571926988,33.263322466074],[-112.186723582885,33.2633232729636],[-112.186875299896,33.2633285890622],[-112.187025674195,33.2633339178141],[-112.187174769056,33.263343768613],[-112.187322612919,33.2633603948124],[-112.18746850442,33.263381549042],[-112.187609913144,33.2634185309274],[-112.187746169396,33.2634713437469],[-112.18787986375,33.2635332008949],[-112.188012887463,33.2635950647718],[-112.188148533506,33.2636523934156],[-112.188289334373,33.2636938889849],[-112.188434007378,33.2637240737113],[-112.188580602247,33.2637474748985],[-112.188729147407,33.2637663476916],[-112.188878333928,33.2637829600821],[-112.189028831554,33.2637973042887],[-112.189178659468,33.2638116542894],[-112.189328485287,33.2638260050157],[-112.18947770264,33.2638448709308],[-112.189626250296,33.2638637426453],[-112.189776778809,33.2638803410917],[-112.189926667177,33.2638991995831],[-112.190075244585,33.2639203259088],[-112.190221869774,33.2639459794034],[-112.190364591564,33.2639806901251],[-112.190499478014,33.2640312585374],[-112.19062719895,33.2640976804843],[-112.190751014476,33.2641731579119],[-112.190877424795,33.2642418458171],[-112.191010451673,33.264303705562],[-112.19114546058,33.2643632920488],[-112.191275835155,33.264427431512],[-112.191394956922,33.2645029538248],[-112.19149880087,33.264589895869],[-112.191594747286,33.2646881872609],[-112.191681393147,33.2647933333187],[-112.191756724843,33.2649053511407],[-112.191819339305,33.2650197460498],[-112.191869238633,33.2651365171588],[-112.191909806604,33.2652578869574],[-112.191943694803,33.2653815772383],[-112.191971576186,33.2655075784014],[-112.191996102354,33.2656336122335],[-112.192018585366,33.265757410699],[-112.192040429361,33.2658834702945],[-112.19206089996,33.2660072885332],[-112.192080058535,33.2661333730005],[-112.192097877617,33.2662594712499],[-112.192113682051,33.2663855883848],[-112.192128144832,33.2665117193081],[-112.192140565475,33.2666356139664],[-112.192150331286,33.2667617886518],[-112.192158756493,33.2668879771249],[-112.192153060918,33.2670120453682],[-112.19213263611,33.2671385105633],[-112.192110868453,33.2672649877448],[-112.192101147643,33.2673890955542],[-112.192097525924,33.2675176542865],[-112.192095887154,33.2676439380818],[-112.192100286136,33.2677701652167],[-112.192113407413,33.267896308102],[-112.192139246585,33.2680200747168],[-112.192181828887,33.2681414263765],[-112.192241153307,33.2682603612628],[-112.192313135467,33.2683724104448],[-112.192396399746,33.2684753325604],[-112.192492290041,33.2685691155885],[-112.192596902895,33.2686628133574],[-112.192704779263,33.2687497147104],[-112.192811374461,33.2688411400578],[-112.19291196276,33.2689348762509],[-112.193008586406,33.2690331595493],[-112.193100544891,33.2691337435216],[-112.19317850421,33.2692412260878],[-112.19323374512,33.2693556897904],[-112.193267636805,33.2694793787093],[-112.193300888436,33.2696053287605],[-112.193350823112,33.2697243543079],[-112.193410089816,33.2698387792058],[-112.193469386336,33.2699554601195],[-112.193530696723,33.2700721211884],[-112.193592647421,33.2701865210784],[-112.193657281803,33.2703008951182],[-112.193723930072,33.2704152502064],[-112.193793231306,33.2705273242939],[-112.193865856396,33.2706371122738],[-112.193942477301,33.2707446063296],[-112.194023092962,33.2708498082599],[-112.194108405013,33.2709549644883],[-112.194197011278,33.2710555794358],[-112.194287631479,33.2711561744917],[-112.194380935442,33.2712567445483],[-112.194474878675,33.2713550524832],[-112.194569494084,33.2714533543338],[-112.194663438816,33.2715516630202],[-112.194756072739,33.2716522387931],[-112.194846022236,33.2717528403392],[-112.194933990029,33.2718557149896],[-112.195016621656,33.2719608964088],[-112.19509525782,33.2720683716859],[-112.195170570472,33.2721781321093],[-112.195244540452,33.2722879063138],[-112.19531783972,33.2723976864837],[-112.195391810068,33.272507459693],[-112.195469106462,33.2726149476439],[-112.195550427362,33.2727223958582],[-112.19563437156,33.2728253087741],[-112.195721030348,33.2729304509102],[-112.195808969563,33.2730310706714],[-112.195897610676,33.2731339385913],[-112.195986221203,33.2732345522062],[-112.196072850018,33.2733374389451],[-112.196157497128,33.2734426006155],[-112.196241473535,33.2735477682428],[-112.196321453366,33.2736552288659],[-112.196396738119,33.2737627342646],[-112.196462050797,33.2738771007268],[-112.196513332967,33.2739961110491],[-112.196550556994,33.2741175119045],[-112.196578447855,33.2742435118083],[-112.196600268714,33.2743673161493],[-112.196622121521,33.2744933747196],[-112.19664729707,33.2746171462444],[-112.196679183979,33.2747408530507],[-112.196714425552,33.2748645270412],[-112.196747623666,33.2749859666444],[-112.196778838862,33.2751096794389],[-112.19681072614,33.2752333861998],[-112.196841941519,33.2753570998743],[-112.196870473309,33.2754808394247],[-112.196894979656,33.2756046177964],[-112.196913478598,33.2757307081946],[-112.196922581459,33.2758568892021],[-112.196926318033,33.2759831219796],[-112.196928742517,33.2761116219384],[-112.196933820964,33.2762378417665],[-112.196946248796,33.2763617357105],[-112.196968742723,33.2764855330137],[-112.197010634135,33.27660463368],[-112.197069269141,33.2767213187222],[-112.197135255851,33.2768356769348],[-112.197198588767,33.2769523161447],[-112.197255883472,33.277069014936],[-112.197316532988,33.2771856799749],[-112.197376510659,33.2773023510071],[-112.197431793027,33.2774190686808],[-112.197476400098,33.2775403975044],[-112.197508258429,33.2776618488896],[-112.197534108183,33.2777856141336],[-112.197555291206,33.2779116784859],[-112.197571777718,33.2780377886113],[-112.197582895682,33.2781639496374],[-112.197589988033,33.2782901495137],[-112.197593053683,33.278416389145],[-112.197591422741,33.2785426736526],[-112.197581038685,33.2786667876536],[-112.197563302899,33.2787932275744],[-112.197540870441,33.2789197123675],[-112.197513709376,33.2790439868947],[-112.197485206344,33.2791682752658],[-112.197453317651,33.2792903413161],[-112.197419445785,33.27941468147],[-112.197382860261,33.2795367932724],[-112.197342918803,33.2796589369857],[-112.197300262594,33.2797788523447],[-112.197255623165,33.2799010408968],[-112.197205554316,33.2800187718465],[-112.197145389109,33.2801343469935],[-112.197082539914,33.2802499461987],[-112.197025759996,33.2803677427054],[-112.196983101941,33.2804876579485],[-112.196956611651,33.2806119263053],[-112.196944243344,33.2807383143239],[-112.196943953371,33.2808645858364],[-112.196954400934,33.2809907537849],[-112.196968873232,33.2811168828978],[-112.196981333753,33.2812430309705],[-112.196986412628,33.2813692506902],[-112.196986122721,33.2814955221897],[-112.196983148947,33.2816218195766],[-112.196978833229,33.2817481290042],[-112.196974485601,33.2818721841961],[-112.196976240488,33.2820006909519],[-112.196971924748,33.2821270012735],[-112.196944731096,33.282249022288],[-112.196882552188,33.2823646153382],[-112.196804173005,33.2824736009784],[-112.196723750958,33.2825803503912],[-112.196637259127,33.2826849042031],[-112.196549362432,33.2827849606228],[-112.196462199218,33.2828895212326],[-112.196374332931,33.2829918326645],[-112.196285795461,33.2830941500514],[-112.196197226982,33.2831942140412],[-112.19611006294,33.2832987734998],[-112.196023536722,33.2834010717479],[-112.195938385209,33.2835056112318],[-112.195855948222,33.2836123799277],[-112.195799134787,33.2837279215928],[-112.19579075951,33.2838520155101],[-112.195801235525,33.2839804377393],[-112.195810339877,33.2841066186597],[-112.19579391167,33.2842307901672],[-112.195777515289,33.2843572168046],[-112.195765144793,33.2844836046414],[-112.195756801272,33.2846099527746],[-112.195748518248,33.2847408111804],[-112.195778973304,33.2848577664273],[-112.195882938216,33.2849514679826],[-112.195988245335,33.2850451565138],[-112.19604944762,33.2851527972401],[-112.196022344183,33.2852815816106],[-112.196029404139,33.2854055272056],[-112.196084720708,33.2855244986416],[-112.196172674152,33.2856251187725],[-112.196268648961,33.2857234051753],[-112.196363281991,33.2858217053416],[-112.196447911867,33.2859246113996],[-112.196525922239,33.2860343457085],[-112.196600577796,33.2861441109659],[-112.196673219465,33.2862538969437],[-112.196745191384,33.2863636879924],[-112.19682121926,33.2864756962056],[-112.196893862557,33.2865854820432],[-112.196947136134,33.2867022177972],[-112.196959598551,33.2868283657522],[-112.196968032817,33.2869545534456],[-112.19698452028,33.2870806625592],[-112.197036453342,33.2871974121081],[-112.197111109466,33.287307177934],[-112.197165756632,33.2874261548635],[-112.197199632341,33.2875475880469],[-112.197171797203,33.2876718701699],[-112.19716345544,33.2877982183236],[-112.197220757289,33.2879149159887],[-112.197284770522,33.2880315488784],[-112.197317943705,33.2881507329068],[-112.197308289843,33.2882793491458],[-112.197326121172,33.2884054461335],[-112.197377383388,33.2885222006331],[-112.19747735909,33.2886181929482],[-112.197566659293,33.2887187981653],[-112.197613925661,33.2888378474529],[-112.197640480842,33.2889638597396],[-112.197650259437,33.289090034382],[-112.197634535901,33.2892164542289],[-112.197577721237,33.2893319957078],[-112.19748783678,33.2894343277267],[-112.19739862314,33.289536652754],[-112.197306695416,33.2896367493801],[-112.197208664405,33.2897323943913],[-112.197083419874,33.2898012456731],[-112.196929674268,33.2897982163978],[-112.19681382491,33.2898669758888],[-112.196709723007,33.2899604249725],[-112.196613095762,33.2900605668378],[-112.1965225384,33.2901629041764],[-112.196436679132,33.2902651966078],[-112.196353565424,33.2903719715667],[-112.196273806688,33.2904787145751],[-112.196196061936,33.2905854376725],[-112.196119688804,33.2906944029207],[-112.196045360474,33.2908056033987],[-112.195973716108,33.2909167779617],[-112.195908142787,33.2910301489599],[-112.195850652569,33.2911456956523],[-112.195824828605,33.2912699575642],[-112.195814470403,33.291396326321],[-112.195814210755,33.291524851853],[-112.195812577147,33.2916511360855],[-112.19579145137,33.291775352262],[-112.195739360756,33.2918931031938],[-112.195701424645,33.2920152272305],[-112.195677613363,33.292139469248],[-112.195656487284,33.2922636862951],[-112.195638075065,33.2923901317084],[-112.195614935721,33.2925143676901],[-112.195579714174,33.2926387209513],[-112.19553705044,33.2927586354981],[-112.195493713388,33.2928785560473],[-112.195456449717,33.2930006730733],[-112.195427970165,33.2931272149645],[-112.195404829262,33.2932514508974],[-112.195381688298,33.2933756877256],[-112.195356534094,33.2934999434889],[-112.195324668158,33.2936242629862],[-112.195283345723,33.2937441645031],[-112.195233328027,33.2938664038166],[-112.195175194816,33.2939842131077],[-112.195108276065,33.29409759567],[-112.195030464077,33.2941998095392],[-112.194901155373,33.2942664422536],[-112.194780692332,33.29434200822],[-112.194687413406,33.2944421166997],[-112.194600907535,33.294546668067],[-112.194518426787,33.2946511815194],[-112.194437991958,33.2947579293146],[-112.194359570139,33.2948646581312],[-112.194282519959,33.2949736291165],[-112.194208154942,33.2950825742186],[-112.194134491568,33.2951937665985],[-112.194068241629,33.2953071425837],[-112.194006719783,33.2954227280164],[-112.193950598194,33.295540516895],[-112.193895116773,33.2956560437062],[-112.193829537255,33.2957694135537],[-112.193751814549,33.2958783902069],[-112.19366799046,33.2959829150913],[-112.193579436814,33.2960852322248],[-112.193486154665,33.2961853388898],[-112.193395557697,33.2962854205688],[-112.193316461093,33.2963921538182],[-112.193250239937,33.2965077844891],[-112.193208241175,33.2966276921884],[-112.193195835708,33.2967518244125],[-112.193197585516,33.2968803309412],[-112.193198632434,33.2970065892399],[-112.193197026823,33.2971351275757],[-112.19320948437,33.2972612766194],[-112.193254035508,33.2973780980838],[-112.193326714224,33.2974901391193],[-112.193396708772,33.2976022068262],[-112.193464048808,33.2977165545407],[-112.193526020292,33.2978309538516],[-112.19356929038,33.2979522965617],[-112.193585105124,33.2980784128209],[-112.193590180265,33.2982046323578],[-112.193584517904,33.2983309551691],[-112.193579525548,33.2984572710744],[-112.193591983847,33.2985834200491],[-112.193619177733,33.2987071718733],[-112.193667787505,33.298826208656],[-112.193736471045,33.2989405432831],[-112.193829774502,33.2990388580187],[-112.193952911855,33.2991098282007],[-112.194084714352,33.2991762053948],[-112.194193910632,33.2992585834505],[-112.194273242696,33.2993660508401],[-112.194339945979,33.2994826582699],[-112.19439658073,33.2995993639071],[-112.194451201238,33.2997160875441],[-112.194519185695,33.2998281725879],[-112.194615815741,33.2999242006313],[-112.194727760511,33.3000110608158],[-112.19485352283,33.3000774957798],[-112.195001614775,33.3001076377976],[-112.195133967524,33.3001649900248],[-112.195242587282,33.3002541358352],[-112.195335283231,33.3003569647795],[-112.19540390964,33.3004667899782],[-112.195372712424,33.3005911033473],[-112.195353688609,33.3007220639341],[-112.195379452128,33.3008390646514],[-112.195498596301,33.3009123262805],[-112.19563046321,33.3009832120598],[-112.195736400026,33.3010723832827],[-112.195851610537,33.3011524469551],[-112.195985949032,33.3012075241705],[-112.19612495255,33.3012603003824],[-112.196253342699,33.301322198663],[-112.196369255948,33.3014045100582],[-112.196473882612,33.3014959487099],[-112.196565177433,33.3015942802842],[-112.196639206148,33.3017063072257],[-112.196701184622,33.3018207039417],[-112.196761819944,33.301935114472],[-112.196832493585,33.3020471731991],[-112.19692250988,33.3021500258958],[-112.197008435819,33.3022484089141],[-112.197052170353,33.3023539628617],[-112.197210057267,33.3023637157002],[-112.19736190301,33.3023735261679],[-112.197484924507,33.3024354749594],[-112.197591597799,33.3025291478928],[-112.197720051475,33.302595553088],[-112.197834625529,33.302677876038],[-112.197941237766,33.3027670393074],[-112.198023902401,33.3028722180319],[-112.198073191625,33.3029912460382],[-112.198081631368,33.3031174324045],[-112.1980847308,33.3032459257359],[-112.198130664657,33.303364986558],[-112.198213330085,33.3034701642405],[-112.198333275897,33.3035524348681],[-112.198422499798,33.3036462746584],[-112.198428987383,33.3037769902372],[-112.198543471019,33.3038525489239],[-112.198656034081,33.3039348900816],[-112.198718047663,33.3040515408568],[-112.198766027111,33.3041728366511],[-112.198806655038,33.3042964584171],[-112.198942247667,33.3043447549288],[-112.199028758651,33.3044363659711],[-112.199083420342,33.3045553416568],[-112.199159468226,33.3046673480099],[-112.199260715091,33.30475656198],[-112.199389204198,33.30482522053],[-112.199495819563,33.304914382415],[-112.199591820439,33.3050126658126],[-112.199669181828,33.3051224037349],[-112.199742484548,33.3052299263126],[-112.199885278425,33.3052646227914],[-112.200028929064,33.3053128411261],[-112.200124136153,33.3054021132368],[-112.200186792966,33.3055165020687],[-112.200242128062,33.3056354711721],[-112.20030414497,33.3057521211063],[-112.200384130663,33.305857323244],[-112.200476807664,33.30595789307],[-112.200574793318,33.3060539024283],[-112.200668112041,33.3061522109348],[-112.200752796622,33.3062573678213],[-112.200830129629,33.3063648489568],[-112.200895473761,33.3064792123273],[-112.20094275547,33.3065982581277],[-112.200984698986,33.3067196109947],[-112.201036679067,33.3068386126403],[-112.201104708463,33.3069529490054],[-112.201190034561,33.3070558444023],[-112.201294002929,33.3071472848929],[-112.201407242903,33.3072296174351],[-112.201525792626,33.3073073885321],[-112.201654958408,33.3073760377328],[-112.201765514358,33.3074583950354],[-112.20184150735,33.3075658903104],[-112.201905542337,33.3076825194378],[-112.201973541486,33.3077946010806],[-112.202043555384,33.3079066627273],[-112.202113569462,33.3080187243315],[-112.202180930017,33.3081330661238],[-112.20224359149,33.3082474547453],[-112.202254019263,33.3083713665086],[-112.202238299123,33.3084977865287],[-112.202274874904,33.3086191909265],[-112.202326218756,33.3087404522533],[-112.202329902913,33.3088621748025],[-112.202284586978,33.3089843724805],[-112.202241283368,33.3091065492842],[-112.202251072123,33.3092327222041],[-112.202264185824,33.3093566088373],[-112.202212795807,33.3094766094291],[-112.202229265393,33.3096004631011],[-112.202273256678,33.3097240506256],[-112.202320605071,33.309847605166],[-112.2024012051,33.3099482905059],[-112.202519057229,33.3100238124257],[-112.202652224996,33.3100901672875],[-112.202785970102,33.3101497514808],[-112.202925602158,33.310198004508],[-112.203060630139,33.3102530669407],[-112.203180495728,33.3103285691582],[-112.203253704348,33.3103797197869],[-112.203265825525,33.3050064521916],[-112.203265815755,33.3049568468785],[-112.203093233741,33.2903339664113],[-112.202035625711,33.2903487094092],[-112.202067549433,33.2772570736723],[-112.202079260549,33.2757124256914],[-112.202087610729,33.2628058823567],[-112.202088112389,33.2614710364896],[-112.20208810455,33.2614214308229],[-112.202175074032,33.2482254837347],[-112.20217088535,33.2468906797773],[-112.202141054095,33.2337341645489],[-112.202162907235,33.2323900865555],[-112.202254655179,33.2192909922877],[-112.202237339593,33.2179269961697],[-112.202008475499,33.2048670478869],[-112.202016974766,33.2034283898841],[-112.202153920107,33.1903400746489],[-112.20218208201,33.1889418110245],[-112.202283188704,33.175829010369],[-112.202317780855,33.1744351914262],[-112.202320803832,33.1613030157245],[-112.202323445894,33.1599252853318],[-112.202195201046,33.1466951344055],[-112.202210410909,33.1454029643846],[-112.202089306055,33.1321479112939],[-112.202124193636,33.1308735864921],[-112.202058465807,33.1177419859106],[-112.202064555777,33.1162221571206],[-112.202040177177,33.1032186549552],[-112.202036684462,33.1016831316114],[-112.20200516406,33.0872140085465],[-112.202007441429,33.086889286753],[-112.202075856961,33.0763155760425],[-112.202097296581,33.072969148482],[-112.202098947521,33.0724505137019],[-112.202107006484,33.0691538211057],[-112.202130665099,33.0587315882386],[-112.202130600137,33.0580866961865],[-112.202123054179,33.0444538042668],[-112.202122853069,33.0436014638192],[-112.202138964466,33.0297586100224],[-112.202134245587,33.0290168001223],[-112.203030624798,33.0289901201979],[-112.202957645477,33.0147016300295],[-112.202852054039,33.0001225392527],[-112.202855302867,33.000066136476],[-112.203031762162,32.992907408445],[-112.203030086302,32.9855857819401],[-112.203027169469,32.9710935787941],[-112.20309228185,32.9565826493358],[-112.203118526001,32.942085590478],[-112.203568403901,32.9420812578699],[-112.203444567767,32.9275833593544],[-112.203453494633,32.9130841503773],[-112.203462191868,32.8985871645867],[-112.203470870198,32.8840585793886],[-112.203488800961,32.8769080178998],[-112.203459280088,32.8694828032054],[-112.203479129589,32.8549540446159],[-112.203520132957,32.8477513649634],[-112.203561298921,32.8404607345379],[-112.203591262603,32.8259295598015],[-112.203569836908,32.8114191426844],[-112.203547190696,32.7968861544572],[-112.203564209463,32.7823685371991],[-112.203604347681,32.7679025306615],[-112.203643518029,32.7533846369105],[-112.203645251858,32.73888060006],[-112.20360762785,32.724419754769],[-112.203631674399,32.7099019105164],[-112.20360991437,32.6953686877549],[-112.203550671222,32.6808673635058],[-112.203607782113,32.6663378295688],[-112.203663708909,32.6518150409909],[-112.203591574664,32.6373024685344],[-112.203628748739,32.6227617547047],[-112.20359448456,32.6082532644029],[-112.203605797621,32.5937600901059],[-112.203616793365,32.5792375720948],[-112.203627863385,32.5646902147986],[-112.203613650662,32.5502129743044],[-112.203654754936,32.5356855615242],[-112.203695132262,32.5211987146548],[-112.203688223328,32.506703267631],[-112.216036303642,32.5066972671237],[-112.220837126017,32.5066936148615],[-112.23312261695,32.5066865441647],[-112.237920122181,32.5066845273345],[-112.237998617927,32.5066837551263],[-112.250166961188,32.5067235275611],[-112.250697230055,32.506725022092],[-112.250696773877,32.5067881668565],[-112.255053606959,32.5067695815276],[-112.267088936074,32.5067188405388],[-112.272113643999,32.5066951908762],[-112.284153885162,32.5066427675914],[-112.289352566138,32.5066437135739],[-112.30130211101,32.5066492077968],[-112.306132625231,32.5066104224067],[-112.317734759607,32.5065187412181],[-112.32310174921,32.5064759382758],[-112.335115280306,32.5063828363125],[-112.340180894299,32.5063425018723],[-112.352144740508,32.5062460473669],[-112.357474426172,32.5062044334115],[-112.369175759671,32.506109190862],[-112.374851960385,32.5060630690032],[-112.375698098962,32.506056072732],[-112.375698467773,32.5059929291335],[-112.386403631018,32.5059092300805],[-112.391662087544,32.5058692061513],[-112.403559586135,32.5057776151168],[-112.420211470173,32.5056448424447],[-112.437396376551,32.5055060297621],[-112.454418509196,32.5053667517073],[-112.471631688257,32.5052206795558],[-112.488830120284,32.5050746797461],[-112.50069940497,32.5049719775689],[-112.500699342602,32.5053485538378],[-112.50616092034,32.5053531826213],[-112.522855255933,32.5053641541513],[-112.540003232356,32.5053741203166],[-112.556940192379,32.5053798488626],[-112.573933297754,32.5053848471422],[-112.591311904431,32.5052789470283],[-112.608627221133,32.5051737080916],[-112.625006483931,32.5050714154037],[-112.625703079851,32.5050759443758],[-112.62570252666,32.5050083045953],[-112.625816963393,32.505009080896],[-112.642730833692,32.5051185469265],[-112.65990676856,32.5052267878196],[-112.676899233114,32.5052719893997],[-112.69398999727,32.5053113158004],[-112.711113342161,32.5053523834061],[-112.727654781385,32.505387837205],[-112.744744073434,32.5055307660615],[-112.744775995888,32.5055303232884],[-112.761871439419,32.5053754547098],[-112.778946387731,32.5053177634977],[-112.795916820508,32.5051938562266],[-112.812891128595,32.5050698550971],[-112.830075090992,32.5050555068072],[-112.847114852149,32.50505219944],[-112.864406021159,32.5050180521616],[-112.876843520615,32.5051171774671],[-112.87849917858,32.505130791747],[-112.881610999226,32.5051293736675],[-112.898757382935,32.5051129575784],[-112.915807832416,32.5050934076284],[-112.93226687773,32.5050445547728],[-112.949326214004,32.505166876465],[-112.949387439863,32.5051681810634],[-112.966570026679,32.5051171462595],[-112.966615910188,32.505116428788],[-112.983592437684,32.5051068728154],[-113.000715942209,32.5050994472382],[-113.000716042569,32.50514904822],[-113.017532168726,32.5051419657095],[-113.034259289545,32.505025846485],[-113.051330346103,32.505019132749],[-113.068566047406,32.5051471804877],[-113.085664675837,32.5051736758546],[-113.102729952347,32.5051848722713],[-113.119861091663,32.5052422422211],[-113.125724464641,32.5052244405514],[-113.125725044302,32.5048817300565],[-113.136347474889,32.5049136718117],[-113.153570518702,32.5051091765961],[-113.170523109648,32.5051085805692],[-113.187718858424,32.5050856845529],[-113.204590778157,32.5050570932577],[-113.221895819778,32.5050772011564],[-113.2385229537,32.505068665279],[-113.250733577536,32.5050649036502],[-113.250733397923,32.5051911600968],[-113.255650348311,32.5051729541434],[-113.272704314677,32.5051364535811],[-113.289811548249,32.5051192112624],[-113.306891856711,32.5051452216188],[-113.307054130205,32.5051444994553],[-113.323863605608,32.5051686603595],[-113.33365516188,32.5052150387202],[-113.333704777794,32.5195367950677],[-113.333709003915,32.5208578379925],[-113.333777857962,32.5335762791413],[-113.33377768904,32.5340068861762],[-113.333755588475,32.5482961018863],[-113.333753261195,32.5497998715868],[-113.333778163856,32.5628144155576],[-113.333778188163,32.5630466244856],[-113.333770953128,32.57733325533],[-113.333769981371,32.5791706534617],[-113.333781191999,32.5937387167978],[-113.333781945991,32.595564806965],[-113.333858824986,32.6082559179858],[-113.333865622459,32.6094416311549],[-113.333821459301,32.6225182242449],[-113.333821471364,32.6227752299306],[-113.33381579306,32.6250703560596],[-113.333948266824,32.6250678932293],[-113.333946336527,32.6269684218529],[-113.333953915109,32.6361844272659],[-113.333953290313,32.6372372603736],[-113.333943314992,32.6452880368729],[-113.333921549149,32.6517045602133],[-113.333905449057,32.6563647704369],[-113.333912115728,32.6640522531434],[-113.333918321908,32.6662637325983],[-113.33395038594,32.678664735908],[-113.333944460605,32.6807163720163],[-113.333903574976,32.6946494609416],[-113.333902914239,32.6952897280653],[-113.333876865777,32.7094930432439],[-113.333876928766,32.709853748763],[-113.333865870581,32.7241920226367],[-113.333865921939,32.7244242256422],[-113.333870376372,32.7387892362134],[-113.333869882626,32.7389493079125],[-113.333830369216,32.7500642595626],[-113.333688986806,32.7500646393733],[-113.33363016176,32.7532805149924],[-113.333629984922,32.7533504040915],[-113.333580594031,32.7672271581606],[-113.333578807087,32.7677209044775],[-113.333633473891,32.7817963341764],[-113.33368924517,32.7961377345982],[-113.333690660346,32.7962684633409],[-113.333848430532,32.8108288624376],[-113.333853429281,32.8113517864009],[-113.333830125479,32.82533615703],[-113.333808089595,32.838114386003],[-113.333812553552,32.8398659536952],[-113.333829033389,32.8471247341281],[-113.333847287415,32.8551634875434],[-113.333841379523,32.8586082764391],[-113.333833521238,32.862411545677],[-113.333819304424,32.8697430165159],[-113.333691685267,32.876963879603],[-113.333705286156,32.8841820996513],[-113.333712570971,32.8877709082642],[-113.333734292127,32.8988101055182],[-113.333734559483,32.8989476158511],[-113.333733543432,32.9023968026063],[-113.333731632915,32.9060534054432],[-113.333728256719,32.9134207018041],[-113.33376807884,32.927965036308],[-113.333787678312,32.9350703770683],[-113.333807446952,32.9424349568082],[-113.333807557985,32.942540909841],[-113.333793643217,32.9460038434663],[-113.333749096983,32.9571230938456],[-113.333735493825,32.9606220845828],[-113.333691563715,32.971506850997],[-113.333690243527,32.9717616159166],[-113.333589687268,32.9862588660408],[-113.333539367755,32.9935931470138],[-113.33366361495,33.0000630017029],[-113.333677852673,33.0008066641068],[-113.33374123573,33.0153210813856],[-113.33374145772,33.0153548917179],[-113.333809719089,33.0300224820847],[-113.333809882818,33.0300540397794],[-113.333840077415,33.0445149167089],[-113.333840359602,33.0445509812285],[-113.333864826164,33.0589916477354],[-113.333863000715,33.0735206965105],[-113.33386346251,33.0735635193566],[-113.333881096726,33.0879366293209],[-113.333880774058,33.0880764019477],[-113.333819171753,33.1025997507468],[-113.332448339454,33.1025938646157],[-113.332108446168,33.1025912102903],[-113.332115753282,33.1098476563038],[-113.332434470665,33.1098461976561],[-113.333758776774,33.1098484448373],[-113.333758795738,33.1099250902639],[-113.333766017673,33.1170958632667],[-113.333764395992,33.1173889510881],[-113.333846456669,33.131497017719],[-113.333846701511,33.131607472584],[-113.333859897839,33.1460684704778],[-113.333860422234,33.1461135462226],[-113.333853129621,33.1605794088262],[-113.333853892646,33.1606334971759],[-113.333873480704,33.1750965723454],[-113.333873767491,33.1751326360953],[-113.333867369769,33.18962096763],[-113.333867583478,33.1896795737415],[-113.33387426745,33.2041248016508],[-113.333874375036,33.204154104183],[-113.333875692267,33.2186692861793],[-113.333876099727,33.218709855535],[-113.333869488201,33.2331733094532],[-113.333870074766,33.2332206379443],[-113.333890532138,33.2477128613759],[-113.333890749628,33.247771467829],[-113.333717625771,33.2621929078665],[-113.333717243551,33.2622289823707],[-113.333728887297,33.2766063482309],[-113.333729225531,33.2766694611345],[-113.333755936649,33.2911659911556],[-113.333756166589,33.29119980088],[-113.333766179454,33.3056808364604],[-113.333766399523,33.3057394414678],[-113.333778163383,33.3093662851001],[-113.333860401639,33.3093669933314],[-113.333865944476,33.3202368003903],[-113.333851719743,33.3274934338358],[-113.333835615482,33.3274937366065],[-113.333857087458,33.334652760469],[-113.333857659369,33.3347496813678],[-113.333868359161,33.3491381959339],[-113.333869053157,33.3492396232577],[-113.333897918251,33.3635984623133],[-113.333898473771,33.3637449757298],[-113.333768657801,33.377425999464],[-113.333771863465,33.3919453164062],[-113.333771199148,33.3920963610474],[-113.333742508547,33.4065982161065],[-113.333730398845,33.4128132843585],[-113.333731549637,33.4209915063763],[-113.333732686555,33.4345888109237],[-113.33373170156,33.4355558800199],[-113.333716496196,33.4500934637566],[-113.333707042708,33.459385413934],[-113.333711724548,33.4644504870042],[-113.333724072969,33.4789514283591],[-113.333729253703,33.4861376620795],[-113.333722759066,33.493463868432],[-113.333798451459,33.5079951177308],[-113.333798961814,33.5081393753848],[-113.333823902868,33.5225656054309],[-113.333824125523,33.5226490056079],[-113.333781296441,33.5370516890345],[-113.333781461304,33.5371328357375],[-113.333747492696,33.5516097124123],[-113.33374789889,33.5516998701589],[-113.333794823111,33.5655755873202],[-113.333796666674,33.5660692129433],[-113.333796334966,33.5661819264758],[-113.33374357548,33.5806252888947],[-113.333744292786,33.5807019163506],[-113.333821558427,33.595167591676],[-113.333821669791,33.5952216892828],[-113.333760023282,33.6096245878152],[-113.333760175521,33.6097801214819],[-113.33375760057,33.6243329041342],[-113.333815177852,33.6316104276338],[-113.333864683603,33.6387618647523],[-113.333889765,33.6532915266541],[-113.333887881693,33.6677901109964],[-113.333840516689,33.6822962893559],[-113.333746795477,33.6967537245498],[-113.333811194891,33.7112690043024],[-113.333879434241,33.7247991378472],[-113.333832592714,33.7392916704884],[-113.333812603248,33.7538490361728],[-113.333812386134,33.7538783435857],[-113.333788277601,33.7684402663221],[-113.333776120855,33.7829523443292],[-113.333777151543,33.7972860718268],[-113.333776901336,33.7973762400377],[-113.333712845828,33.8122160854008],[-113.333711920216,33.8123062674794],[-113.333707467283,33.8267504913905],[-113.333707339929,33.8268451645905],[-113.333695857072,33.8412489203333],[-113.333695792452,33.8413210514202],[-113.333646091811,33.8558291908955],[-113.333642008223,33.8703454538895],[-113.333642129463,33.8703995482107],[-113.333642983291,33.8848931477664],[-113.333666582406,33.8993727638337],[-113.333667135046,33.899442628845],[-113.333715269473,33.9137752379832],[-113.333715577889,33.913860885114],[-113.333726161846,33.9282730694665],[-113.333749499871,33.9429239108713],[-113.333749626,33.9430275947276],[-113.333754243028,33.9572595121672],[-113.333754000657,33.9573248835016],[-113.333770489283,33.971923954303],[-113.333768293806,33.9864895404488],[-113.333755036198,33.9999282962565],[-113.33302975292,33.9999285358563],[-113.315740044918,33.9999127801056],[-113.315660863514,33.9999120165544],[-113.298482812397,33.9998872181332],[-113.298411746461,33.9998862927942],[-113.28089033859,33.9999150376112],[-113.280775932981,33.9999126526011],[-113.263467883123,33.9998898729838],[-113.263289231563,33.9998886529614],[-113.250750472194,33.9999069344422],[-113.245963078701,33.9999133279145],[-113.228976015255,33.9999068702127],[-113.228913738792,33.9999057450968],[-113.211297339984,33.9998721818637],[-113.211147822734,33.9998726168687],[-113.193954574293,33.9998785451318],[-113.193838137231,33.9998761137987],[-113.17643329814,33.9998923806946],[-113.176353493565,33.9998937930347],[-113.158883792,33.9998501119446],[-113.141459851404,33.9998662634435],[-113.124439865738,33.9999135400448],[-113.124327541318,33.9999132256842],[-113.107041180914,33.9998905594933],[-113.089755251292,33.9998879928744],[-113.089673358553,33.9998871303322],[-113.072245877609,33.9998957751106],[-113.055057103548,33.9998596369152],[-113.054979269892,33.999858683943],[-113.037430684814,33.9999162574486],[-113.0179371954,33.9999378842823],[-113.01781409691,33.9999399041064],[-113.000740473974,33.9999754246464],[-113.000740283582,34.0000250211662],[-113.000609743673,34.000027145251],[-113.000520408504,34.0000263438991],[-113.000482869895,34.0000269550452],[-113.000371553326,34.0000265113467],[-112.983129472233,33.9999360871972],[-112.983018441133,33.9999333696024],[-112.965722313475,33.9999360507754],[-112.948289031218,33.9999655205897],[-112.948160413554,33.9999630497266],[-112.930854371323,33.9999226569747],[-112.930699423995,33.9999228353865],[-112.913413075518,33.9999179970605],[-112.89603913747,33.999948144408],[-112.878517790829,33.999878897832],[-112.875737688849,33.9999213338836],[-112.861178108604,33.9999035924086],[-112.843738138446,33.9999408681701],[-112.843644113018,33.9999422772847],[-112.824241310292,33.9999588547767],[-112.806847801864,33.9999451185408],[-112.806771362896,33.9999462414728],[-112.794703942538,33.9997938091169],[-112.789255448835,33.9997289248979],[-112.772015139782,33.9996178535083],[-112.771940051998,33.9996189354798],[-112.754591039606,33.9994709158793],[-112.750733661364,33.9993861192442],[-112.750733434525,33.999737797696],[-112.750733336295,33.9998978577154],[-112.744113927027,33.9999197720558],[-112.743517389497,33.9997681721947],[-112.737105114759,33.9981320867368],[-112.71971182494,33.9937776569176],[-112.714733715052,33.9925396359537],[-112.711130010728,33.9916429951992],[-112.702341943717,33.9894587310628],[-112.69366630508,33.9872925722158],[-112.685661509515,33.9852946969602],[-112.685008128161,33.9851323159557],[-112.684912944946,33.9851088215471],[-112.667580800615,33.9807798933571],[-112.667501227129,33.9807584287098],[-112.663626709974,33.9798189592515],[-112.663136651347,33.9797015953959],[-112.650392864692,33.9766133800407],[-112.650235216949,33.9765771696305],[-112.633371603687,33.9723047023651],[-112.633285283603,33.9722833043192],[-112.628129808773,33.9709989970524],[-112.616032683332,33.9679572308054],[-112.615899496693,33.9679251630104],[-112.603182739819,33.9647640060188],[-112.585775626372,33.9604807341787],[-112.570034748611,33.9564577802508],[-112.568404543692,33.9560412082069],[-112.550982617043,33.9517215778655],[-112.550920841143,33.9517088300767],[-112.53359350384,33.9474012947134],[-112.533458347289,33.9473691623855],[-112.51611438118,33.9429804362012],[-112.516043746379,33.9429632717165],[-112.511979465655,33.9419671953082],[-112.511398697137,33.9418210243749],[-112.50072617262,33.9391560760993],[-112.500726258719,33.9390839331602],[-112.497624270799,33.9383597031465],[-112.497508785436,33.9383295462879],[-112.480101522327,33.9339048888195],[-112.480043148267,33.9338920644749],[-112.462661254824,33.9295232212875],[-112.453386881946,33.9271756714546],[-112.445332160134,33.9251354937128],[-112.427931307456,33.9207596556103],[-112.427861383945,33.9207424310118],[-112.410623988878,33.9164569114114],[-112.41056424818,33.9164418135197],[-112.393185195265,33.9121126112265],[-112.392257142406,33.9118706015927],[-112.376360387412,33.9077566972506],[-112.358849743148,33.9033113370795],[-112.341947197186,33.8989966146416],[-112.341873891285,33.8989771229559],[-112.335407237698,33.8973429740037],[-112.325346704213,33.8948318605085],[-112.31583690317,33.8924087246958],[-112.307330086397,33.8902402431573],[-112.307092005029,33.8901841518781],[-112.290408510355,33.8859411160666],[-112.287881711935,33.8852956986028],[-112.286127725729,33.8848518380642],[-112.285010070049,33.8845681534869],[-112.275945079904,33.8823221371947],[-112.276788262758,33.8847122539413],[-112.277148193739,33.8857366007978],[-112.277416191146,33.8868949202953],[-112.277538459495,33.8877977306806],[-112.277577445027,33.8882820556367],[-112.2775566087,33.8890150028778],[-112.277465387736,33.8898320988858],[-112.277174280915,33.8905701026467],[-112.276582109893,33.8914239533063],[-112.275889581631,33.8922112044279],[-112.275171551032,33.8927845328478],[-112.274362042781,33.8933881136136],[-112.273419701046,33.8939682607942],[-112.273022954115,33.8941955622248],[-112.272248983493,33.894645452492],[-112.27114521856,33.8950987405649],[-112.270021978149,33.8955612378844],[-112.269269883996,33.8959612821117],[-112.269090476874,33.8960555676972],[-112.268675019555,33.8962988305318],[-112.267828687988,33.8967945285505],[-112.266936966489,33.8972839238911],[-112.265814891655,33.8980575005222],[-112.26486140581,33.8987143541969],[-112.264264506918,33.8992142300203],[-112.264060166667,33.8993831650516],[-112.263433278127,33.8999126533735],[-112.262974332825,33.9005553998733],[-112.262403866158,33.9014743446117],[-112.261832015799,33.9023459540387],[-112.261239913767,33.9029449664356],[-112.260408632954,33.9037358079629],[-112.25938603246,33.9045263458601],[-112.25784892425,33.9053582020409],[-112.25689079899,33.9055934399296],[-112.256363334309,33.9056258756064],[-112.255628369851,33.905567988732],[-112.255318420907,33.9055440933042],[-112.252837810496,33.9050981491658],[-112.249566384799,33.9046556696099],[-112.247644185832,33.9046278099248],[-112.246490246047,33.9047634941269],[-112.244086092204,33.9052950782094],[-112.242732044948,33.9058498432602],[-112.241439790088,33.9066113914998],[-112.240767005742,33.9072990484476],[-112.240611968209,33.9076094851897],[-112.240569978821,33.9079774018304],[-112.240688558194,33.9090696700078],[-112.240967840069,33.9098221344453],[-112.241946477385,33.9111108968393],[-112.24326477193,33.9126036424504],[-112.243527697814,33.9130654263957],[-112.243630653816,33.9134048263745],[-112.243622994842,33.9136686866576],[-112.243596910666,33.9145256834155],[-112.243494563442,33.9148333363802],[-112.243143529844,33.9152877927199],[-112.242790660887,33.9156160105162],[-112.242480438517,33.9156687409908],[-112.242090593629,33.9156388548081],[-112.238550353926,33.9150049072312],[-112.238155007327,33.9149683004097],[-112.237750229855,33.9149340422036],[-112.236904835365,33.9149583177297],[-112.236173374242,33.9151009363547],[-112.235891359193,33.9152345315912],[-112.235295194885,33.9156643704898],[-112.234998675212,33.9163392045856],[-112.234844303348,33.9172606132374],[-112.234828226844,33.9175989583154],[-112.234935560389,33.9200711353659],[-112.234708934747,33.9222174947131],[-112.234450748988,33.9239110019038],[-112.234212078339,33.9250361658274],[-112.233798500631,33.9264110822221],[-112.233450059266,33.9277086898379],[-112.233326507614,33.928237493433],[-112.232744183512,33.9307143204778],[-112.232077663206,33.9331220948598],[-112.231678652647,33.9346682038328],[-112.231679011929,33.9352566399782],[-112.231693643232,33.935662313387],[-112.231707666085,33.9360725027633],[-112.232737060427,33.9371173308195],[-112.234714252692,33.9384682857401],[-112.23551335314,33.9390148885317],[-112.235794764164,33.939325447317],[-112.236002619118,33.93962321554],[-112.236086591508,33.9400056473479],[-112.236351595601,33.9400931673289],[-112.236814673489,33.9401290984168],[-112.237526803116,33.9399911777481],[-112.23811811795,33.939822904185],[-112.239014551974,33.9395703938737],[-112.240011375499,33.939479192737],[-112.240619931886,33.939567751942],[-112.241066430311,33.9399059443117],[-112.241277577196,33.9404291253839],[-112.241250629267,33.9409952895759],[-112.241161638399,33.9412937878726],[-112.240687020873,33.9419546456153],[-112.240291836235,33.9426372481685],[-112.240217543902,33.942737197347],[-112.23969977739,33.9434548496851],[-112.239069914432,33.9438579930885],[-112.238118435824,33.9444221857215],[-112.237095244637,33.9450321834436],[-112.236802073368,33.945429676072],[-112.236200975303,33.9466080806202],[-112.236141340926,33.9471610444484],[-112.236140200936,33.9476435297641],[-112.236415682797,33.9480330535694],[-112.236967800123,33.9483769618457],[-112.23780981694,33.9486570801121],[-112.238151962497,33.9486987293164],[-112.238763125863,33.948775998623],[-112.239408726491,33.9486161909834],[-112.240013113405,33.9489257408821],[-112.240199373027,33.9499699742822],[-112.240323861396,33.9506721396119],[-112.240320212809,33.9514928309473],[-112.23990197186,33.9519411907891],[-112.239618234595,33.9525234678991],[-112.239592091296,33.953145985394],[-112.23969731952,33.9536860176132],[-112.240128683077,33.9544211635465],[-112.240972146584,33.955355062073],[-112.241138939015,33.9560815980152],[-112.240628477002,33.9565151081443],[-112.239638611101,33.9566333008948],[-112.238214309426,33.9565980381296],[-112.237444335772,33.9565809822373],[-112.234778626771,33.9563417183245],[-112.23376618403,33.9560677984239],[-112.233055252773,33.9558765227201],[-112.232625697174,33.9552630790656],[-112.232112987358,33.9543235568205],[-112.23191161839,33.9540550265717],[-112.231137897058,33.9540109136935],[-112.22997229952,33.9543246770966],[-112.22651632279,33.9567940789669],[-112.226268586755,33.9569701481851],[-112.226047135148,33.9572812283543],[-112.224971564257,33.9585950675428],[-112.224250544121,33.9590689338781],[-112.223784834573,33.9593756746331],[-112.22254597717,33.960296571427],[-112.22165323852,33.9608262375749],[-112.220574903066,33.961267556647],[-112.219725591475,33.9616186678114],[-112.21788977934,33.9623312506456],[-112.215763815222,33.9630489267702],[-112.214522224437,33.9637398068194],[-112.214347317598,33.9640458978963],[-112.21439890846,33.9645346253809],[-112.215232676091,33.9657979617068],[-112.215449790803,33.9663188733636],[-112.214974999021,33.9669909082308],[-112.214404174737,33.9673798164427],[-112.213596733059,33.9678747656774],[-112.212621975142,33.968163939163],[-112.212480492713,33.9682284603296],[-112.212018450885,33.9684426853762],[-112.210958595286,33.968933338687],[-112.208844232027,33.9696259835755],[-112.206283087166,33.9699171533229],[-112.20394122905,33.9702647433258],[-112.203241324061,33.9703798080651],[-112.201882637928,33.9706005048432],[-112.201507993706,33.9708025639409],[-112.20139258194,33.9711103100752],[-112.200979894162,33.971445758493],[-112.200403237775,33.9717151684233],[-112.199776871625,33.9720098587746],[-112.198602881492,33.9727157031099],[-112.198279501911,33.9729082346],[-112.19656727536,33.9740702101498],[-112.19587489762,33.9749674894458],[-112.194860293409,33.9762872412166],[-112.194022987083,33.978337994966],[-112.19398012522,33.9792402314506],[-112.194146494157,33.9805417484695],[-112.193815528898,33.9829528215608],[-112.193500895857,33.9862430091088],[-112.19343622101,33.987231129311],[-112.193314024746,33.9890900632462],[-112.193222979771,33.9910478953872],[-112.192443190391,33.9923360392145],[-112.191753395611,33.9933347248801],[-112.190398174015,33.9945111940395],[-112.190340896886,33.9945771305867],[-112.18958148303,33.9954389505706],[-112.188853673739,33.9959960967968],[-112.187767382861,33.9963718265649],[-112.187051289804,33.9966537939863],[-112.186551486239,33.9970148354182],[-112.186183469093,33.9972663848941],[-112.185808181654,33.9979689132527],[-112.185642338959,33.9985499305333],[-112.185502880791,33.9991306942357],[-112.185541729598,33.9996375926163],[-112.185436493005,34.0000511890525],[-112.185416870514,34.0000513788851],[-112.185183981804,34.0004346412616],[-112.184759270087,34.0008445512236],[-112.184031485009,34.0013114869961],[-112.183722777169,34.0014497308597],[-112.183401024973,34.0015745735412],[-112.183039471818,34.0017088143768],[-112.182953391248,34.0017479695495],[-112.182192869641,34.0021002272453],[-112.181668123037,34.0024231613691],[-112.181425573768,34.0025990914982],[-112.181216305884,34.0027837196107],[-112.180922669853,34.0031314851487],[-112.180597818531,34.0036689315758],[-112.180464306592,34.0041932676576],[-112.18037755586,34.0047712649437],[-112.180442787676,34.0053771127449],[-112.180578742107,34.0058605350527],[-112.180827332724,34.0063158220136],[-112.181227931047,34.0068981575083],[-112.18166117392,34.0073449047097],[-112.182253614837,34.007997538895],[-112.182686910203,34.0084961369331],[-112.182858206209,34.0087447432452],[-112.182895497819,34.0087984944512],[-112.183068178091,34.0090493424844],[-112.183504948112,34.0098951036784],[-112.183586692698,34.0102257347356],[-112.183655787599,34.0105226700267],[-112.183671422333,34.0108201198376],[-112.183623770446,34.0113368691385],[-112.183433020232,34.0121255406352],[-112.183173691266,34.0126059987091],[-112.182815011293,34.0129994849742],[-112.1823963055,34.0133597292698],[-112.181843973384,34.0136017654406],[-112.181429478664,34.0136801486513],[-112.180790393316,34.0137674502793],[-112.179967118829,34.0139218968543],[-112.179322540842,34.0141016795477],[-112.178868414297,34.0141533788034],[-112.178281735724,34.0142131104887],[-112.177398698685,34.0142801868096],[-112.176704943556,34.014183117912],[-112.176497350091,34.0140994304619],[-112.176292168715,34.0140923758193],[-112.176095915885,34.014143852937],[-112.175934923513,34.0142491017225],[-112.175828631069,34.0143944083486],[-112.175792418303,34.0145661000071],[-112.175675932478,34.0148557955923],[-112.175528086235,34.0152765537137],[-112.175333653584,34.015607576238],[-112.174954713816,34.0160079975126],[-112.174775488702,34.0162148734897],[-112.174491008015,34.0165445003477],[-112.174300553562,34.0167717729659],[-112.174166967488,34.0169015580699],[-112.174023167107,34.0170269302557],[-112.173870412862,34.0171411157197],[-112.173708089305,34.0172486292022],[-112.17353819701,34.0173471953181],[-112.173360026537,34.0174345686915],[-112.173175642966,34.0175129827892],[-112.172985689195,34.0175801758938],[-112.172790195883,34.0176384046594],[-112.1725911331,34.0176831397522],[-112.172388561009,34.0177188882056],[-112.172183804678,34.0177433859979],[-112.171977508152,34.0177543705294],[-112.171770411526,34.0177563438265],[-112.171564482781,34.0177447784014],[-112.171359074781,34.0177219350483],[-112.171156250436,34.0176900491137],[-112.170956624341,34.0176446049507],[-112.170760936531,34.0175901046148],[-112.170569831066,34.0175242873463],[-112.170384630891,34.0174448864805],[-112.170205461416,34.0173609188418],[-112.169700210423,34.0169441254393],[-112.16961902111,34.0168479521097],[-112.169053744318,34.0161995082942],[-112.168673274967,34.0157003605178],[-112.168117751789,34.014824110705],[-112.167675017242,34.0139783497728],[-112.167380298385,34.0135122022217],[-112.166839977928,34.0128544923103],[-112.166581208152,34.0126901109361],[-112.166397375507,34.0126106912724],[-112.166202347299,34.0125539219117],[-112.165999506721,34.0125197734033],[-112.165793591341,34.0125081973442],[-112.165587335895,34.0125214250952],[-112.165362902705,34.0125415884247],[-112.165189902923,34.0126108639665],[-112.165006197743,34.0126892590908],[-112.164836333658,34.0127900681477],[-112.164684281633,34.0129064904088],[-112.164070132777,34.0135819063611],[-112.163907280342,34.0137998848908],[-112.163744828119,34.014047167627],[-112.163446590484,34.0146113720553],[-112.162850286482,34.0157533052176],[-112.162668230655,34.0160526273082],[-112.162567881188,34.0161888484644],[-112.162453627232,34.0163477468171],[-112.162008789783,34.0167848250175],[-112.161492208182,34.0172721787704],[-112.161309286131,34.0174587796147],[-112.161133159504,34.0177219697529],[-112.161082576829,34.0179839752265],[-112.161075114042,34.0185792466322],[-112.161200240293,34.0193175562953],[-112.161413366508,34.0195094352165],[-112.161757025933,34.0195941157972],[-112.162109022781,34.0198184994125],[-112.162183683694,34.0200319764353],[-112.162230841822,34.0202141492389],[-112.162306548183,34.0205042694999],[-112.162434923104,34.0208344748611],[-112.162677000782,34.0214116052316],[-112.16287964396,34.0218763799133],[-112.163467432586,34.0234309663058],[-112.163670300329,34.0239611187524],[-112.164062012515,34.0250350849139],[-112.164205232504,34.0255094381701],[-112.164401309602,34.0260373993317],[-112.1646182831,34.0267071987359],[-112.164671081703,34.0269546989999],[-112.164735542443,34.0272629607352],[-112.164817603637,34.027620655771],[-112.164853019668,34.027884101778],[-112.164901758973,34.028131639838],[-112.164995523603,34.0290235507432],[-112.165073902223,34.0297059349221],[-112.165105573868,34.0302895613115],[-112.165132628759,34.0306838508704],[-112.165158973453,34.0310758914049],[-112.165218558183,34.0318193263258],[-112.165228257672,34.0321326156232],[-112.165250385856,34.0324142232278],[-112.165284469203,34.0332728815927],[-112.165262049475,34.0337127293908],[-112.165218732638,34.0340107388331],[-112.165174894404,34.0342704271324],[-112.16511819272,34.0345302369689],[-112.164985590691,34.0351808014127],[-112.164806095236,34.0358182823172],[-112.164736006001,34.0360398923475],[-112.164619732547,34.0363498651816],[-112.164477488187,34.0366420491215],[-112.164190593821,34.0370505833753],[-112.16376689291,34.0376047030769],[-112.163472053196,34.0378284389987],[-112.163210259728,34.0379932425584],[-112.162881629779,34.0381722058046],[-112.162166056225,34.0385735181014],[-112.161693292304,34.0387583495571],[-112.16133139576,34.0388812585728],[-112.161028639082,34.0389720453592],[-112.160627229885,34.0390772897936],[-112.160285206361,34.0392180460947],[-112.159990199736,34.0393809025019],[-112.159360421994,34.0398197151298],[-112.159045532707,34.0400143200241],[-112.158722953109,34.0400917611794],[-112.158479704487,34.0401278715524],[-112.158123155835,34.0401470129534],[-112.156850087501,34.0401319448508],[-112.156209433738,34.040070336061],[-112.155536224766,34.04000451985],[-112.154837099348,34.0400246161359],[-112.154330283417,34.0401466130979],[-112.153962455146,34.0403326833879],[-112.153805595081,34.0404987384871],[-112.153709244297,34.0408333152516],[-112.153724726654,34.0410766594712],[-112.153865968997,34.0413571518921],[-112.154192452226,34.0417170691868],[-112.154604730272,34.0420626516446],[-112.15485024277,34.0422429630593],[-112.155434081108,34.0426072216095],[-112.156189631269,34.0430014262963],[-112.156745793911,34.0432216476352],[-112.157533858225,34.0435163390024],[-112.158472712356,34.0437960758154],[-112.158697323452,34.0437826867018],[-112.159099123362,34.0437044988844],[-112.15948070862,34.0435836637619],[-112.159730247674,34.0434618200132],[-112.159998958057,34.043305975894],[-112.160620546184,34.042711673603],[-112.161124357205,34.042269534832],[-112.161453835199,34.0422010410891],[-112.16175149209,34.0422816463856],[-112.16195760059,34.0425006435613],[-112.162025082422,34.0426826228277],[-112.162073422671,34.0429008562116],[-112.162016799073,34.0431674280272],[-112.162018581173,34.0433973742921],[-112.16206972092,34.0439199429633],[-112.162105167969,34.044235243407],[-112.16218111345,34.0445411429954],[-112.16226253657,34.0448018995996],[-112.162431017108,34.0451903423979],[-112.162513240217,34.0455593086338],[-112.162537520389,34.046048314038],[-112.162668490744,34.0466648183214],[-112.162896707853,34.0470639682546],[-112.163150100771,34.0473726960511],[-112.163435961001,34.0476292630391],[-112.16380691319,34.0478196423422],[-112.16438309883,34.0480148391977],[-112.164706781354,34.0480658813404],[-112.164853117083,34.0482200572464],[-112.16359866773,34.0480899031247],[-112.159174288698,34.0476357067026],[-112.152210712924,34.0468760155252],[-112.14903159257,34.0464908758647],[-112.145660191954,34.0461594236928],[-112.145615109072,34.046155334997],[-112.136372603988,34.0451386498557],[-112.135848431318,34.045080367566],[-112.134741126669,34.0449598300908],[-112.130386555237,34.0444881671941],[-112.130163460691,34.044463164497]]]},"properties":{"OBJECTID":4,"NAME":"MARICOPA"}},{"type":"Feature","id":5,"geometry":{"type":"Polygon","coordinates":[[[-110.483188249279,32.5139981275161],[-110.469050381348,32.5139618051297],[-110.466237051115,32.5139544107597],[-110.45151545347,32.5139497234849],[-110.451598959237,32.5000849440971],[-110.451601463337,32.4996722480821],[-110.451518259061,32.4855360832057],[-110.451517280326,32.4852586842484],[-110.451431358855,32.4710209893689],[-110.451429870043,32.4706082739455],[-110.4513437464,32.4565126255458],[-110.451341436657,32.4562352207336],[-110.451234020245,32.4420311955831],[-110.451232440747,32.4418530241063],[-110.451160266193,32.4274281052632],[-110.451439744557,32.4127746479049],[-110.451438064967,32.3984379268876],[-110.451437518068,32.3927027776394],[-110.451437285171,32.3915322921785],[-110.451437089867,32.3873871046007],[-110.451435972209,32.3840538090318],[-110.451339954252,32.3766335424921],[-110.45126156576,32.3697049938942],[-110.451065887326,32.3552523115093],[-110.450870491642,32.340867255758],[-110.450887767544,32.3373468265899],[-110.450936573961,32.3264021148974],[-110.45092586888,32.3119997549698],[-110.450925982508,32.3117606936244],[-110.450907512088,32.2973199280108],[-110.450888877494,32.2827911709965],[-110.450900596647,32.2755584453481],[-110.450900813984,32.2755223618955],[-110.450910313548,32.2683257040037],[-110.450931261958,32.2538241168375],[-110.447717197184,32.2538281497472],[-110.447686755246,32.2500886988284],[-110.447669755965,32.2410583215104],[-110.447669567726,32.2407606190532],[-110.447669305013,32.2371859303303],[-110.447670320334,32.2337285242782],[-110.44767029054,32.2335142684557],[-110.447670618728,32.2317054994967],[-110.447670911536,32.2226638942544],[-110.447706301162,32.2081419724599],[-110.447669018283,32.1936783381297],[-110.447684992754,32.1791743086535],[-110.44764911745,32.1646880615658],[-110.447671200003,32.1610277248661],[-110.447693252263,32.1573718972975],[-110.447714388546,32.1538671721021],[-110.447737371008,32.150055725689],[-110.448137777148,32.1377161605265],[-110.448205905749,32.1356460382534],[-110.448611947054,32.1232252766579],[-110.448681604051,32.1211168141172],[-110.449084753506,32.1087095402296],[-110.449138388589,32.1070588431791],[-110.449554591876,32.0942163095827],[-110.449567490176,32.0936119257184],[-110.449844200813,32.0797087287801],[-110.451442961981,32.0796931065965],[-110.451503203788,32.0760373953021],[-110.451620771336,32.0687665521164],[-110.451676412951,32.0652123073747],[-110.451694058664,32.0640305616893],[-110.451463968399,32.0506596281059],[-110.45144717783,32.0497010153231],[-110.45154644211,32.0359412928724],[-110.451523972097,32.0214976295336],[-110.451500391416,32.0070133309031],[-110.45143106436,32.0000979545558],[-110.451492599489,32.0000982207419],[-110.451356724156,31.9925803552089],[-110.451356183544,31.9925600543743],[-110.451356653703,31.9924811169578],[-110.451357036456,31.992194681326],[-110.45137363742,31.9773992428299],[-110.45137426836,31.9772932409635],[-110.451374166974,31.9770879974854],[-110.451344238597,31.9629915028233],[-110.451344909634,31.9628787341963],[-110.451343828213,31.9628381332551],[-110.451330109274,31.9626982369256],[-110.450874375917,31.9483630522778],[-110.450873147106,31.948347257717],[-110.450877557723,31.948272848068],[-110.450885756665,31.9481172590801],[-110.450928157742,31.9336466135261],[-110.4509278946,31.93346843318],[-110.450952533549,31.9266526225861],[-110.450953591461,31.9264744482832],[-110.45096565151,31.9231093926513],[-110.450967219616,31.9228455134539],[-110.450980752206,31.9192323641193],[-110.45097988463,31.9191556757139],[-110.450978657027,31.9191398820086],[-110.45095998294,31.9120441946301],[-110.450940650992,31.9048357257897],[-110.450939731016,31.9047680572555],[-110.450938515991,31.9047500091825],[-110.450766091045,31.890819643683],[-110.450763955981,31.8907339278059],[-110.450763427995,31.8903775648528],[-110.450762427636,31.8903234302905],[-110.450692191899,31.8762130389931],[-110.450690725665,31.8760145519474],[-110.450689753279,31.8759559059071],[-110.450496058267,31.8616058713189],[-110.450495056627,31.8615517365192],[-110.450479029584,31.8613576983642],[-110.45044465546,31.8609154801441],[-110.450445109713,31.8608387964174],[-110.450445243802,31.8608162430751],[-110.450445792671,31.8607237708438],[-110.45050362727,31.8471845000752],[-110.450512315505,31.8470559764168],[-110.45052109819,31.8469116651188],[-110.450518062534,31.8463094437253],[-110.450520838488,31.846286901851],[-110.450523829354,31.8462282723901],[-110.450694195621,31.8326375804497],[-110.450698531783,31.8325744456234],[-110.450703201671,31.832454926732],[-110.450703030869,31.8322609551473],[-110.45070460404,31.8322181087953],[-110.450997642038,31.8180820907474],[-110.451072922357,31.8180824158481],[-110.451815325104,31.8180585500545],[-110.452199733163,31.8180466728355],[-110.452403501529,31.803880914214],[-110.452403940638,31.803806485948],[-110.452400355581,31.8030711845589],[-110.452326730947,31.7893575504432],[-110.452328771217,31.7885636297217],[-110.45234878363,31.774863901531],[-110.452348943022,31.7748368364238],[-110.452346980217,31.7740496622077],[-110.452347365816,31.7739842556135],[-110.452306858887,31.7603564116327],[-110.452305870327,31.7603000198578],[-110.452257538361,31.7595419660832],[-110.452169264501,31.7501023433948],[-110.452240094647,31.7456931525861],[-110.452119239463,31.7449257631716],[-110.45212728564,31.730443230136],[-110.452144189538,31.7311582977748],[-110.469182012662,31.7312303911689],[-110.486097181803,31.7312997134131],[-110.503421947089,31.7311518568325],[-110.520356108563,31.7310024315981],[-110.520399652058,31.7310025948432],[-110.528799617055,31.7310203920303],[-110.528941461704,31.7310209167164],[-110.537427863197,31.7310384629054],[-110.541497895229,31.7310441472295],[-110.541600156592,31.7310445147602],[-110.541672728921,31.7310447765251],[-110.554233132636,31.7310690210265],[-110.571227117827,31.7311002534642],[-110.584091893442,31.7312308462526],[-110.588041059273,31.7312707369195],[-110.596531374518,31.7313136834672],[-110.596679817507,31.7313141532781],[-110.604802662558,31.7313553861647],[-110.613083211407,31.7313943234217],[-110.613244191569,31.731394811986],[-110.621638891996,31.7314335407954],[-110.625637577312,31.7314724149128],[-110.630222107313,31.7315196290035],[-110.63853749006,31.7316021258758],[-110.64659408673,31.7315570525151],[-110.655566454494,31.7315071818038],[-110.655592844211,31.7315072526461],[-110.672754559208,31.7315547245709],[-110.672754693807,31.7315163799912],[-110.681087596457,31.7315081793168],[-110.681137077816,31.7315083027983],[-110.68942313324,31.7315016954584],[-110.706028247172,31.7314846853675],[-110.706127211641,31.7314849138535],[-110.723171224577,31.7316403582066],[-110.74004407532,31.731684909678],[-110.740276307855,31.7316876370179],[-110.756392536592,31.7318164468498],[-110.773193769262,31.7317662500747],[-110.790200515765,31.7317141774148],[-110.807219242838,31.7317658642277],[-110.80723903656,31.7317658940369],[-110.824217664505,31.7317543506956],[-110.840912515352,31.7317875588672],[-110.841192916933,31.7317879087418],[-110.855772624841,31.7317736618393],[-110.855746916693,31.7268610525848],[-110.855746311743,31.7268249633363],[-110.855744592115,31.726658050741],[-110.872694445282,31.7267527932466],[-110.872710938724,31.7267528101892],[-110.875644229148,31.7266835277023],[-110.889829284952,31.7266627431743],[-110.889866228874,31.7266627747357],[-110.906711943058,31.726703282881],[-110.906780554052,31.726705588794],[-110.923783237986,31.7268274108245],[-110.94070656381,31.726802572172],[-110.959463632831,31.7267715727768],[-110.959482764595,31.7267715793606],[-110.976488892254,31.7266698386665],[-110.993437586577,31.7265680833229],[-111.000646543385,31.7265299053838],[-111.010389542896,31.7264776059743],[-111.027412703631,31.726335238637],[-111.031665349083,31.7262936525089],[-111.031717468913,31.726293639178],[-111.04442260829,31.7261770684681],[-111.061355293897,31.7260617769522],[-111.077767524378,31.7260911640306],[-111.078743601167,31.7260905655062],[-111.094748743238,31.7260796738051],[-111.0957363648,31.7260789356893],[-111.099473090416,31.7260715646613],[-111.099960304319,31.7260711833363],[-111.111701884977,31.726043390542],[-111.112632768817,31.7260425717296],[-111.112632784924,31.7260561049849],[-111.128837141416,31.7260407579922],[-111.129742305592,31.7260466053653],[-111.137750760063,31.7260133924527],[-111.138230382186,31.726010617757],[-111.145966360064,31.7259771831961],[-111.146717794866,31.7259763209322],[-111.16419599977,31.7259234291121],[-111.16420024518,31.7186019148089],[-111.164200137818,31.7185410150289],[-111.164187480361,31.71135935926],[-111.164231219929,31.6968763877652],[-111.164246507784,31.6823392874067],[-111.164261633193,31.667707419996],[-111.164276310469,31.6531928094866],[-111.164290487464,31.6387638790131],[-111.164290762388,31.6381706617516],[-111.164510242611,31.6381681236617],[-111.164142023276,31.6309778114198],[-111.164207543108,31.6236290421566],[-111.164188662247,31.6091211415659],[-111.164189266153,31.6090895622114],[-111.164168614796,31.5946898993982],[-111.164169154591,31.5946222305562],[-111.164250235192,31.5800036118986],[-111.164251387169,31.5799088740282],[-111.164329174513,31.565673678184],[-111.16432804093,31.565403007463],[-111.164262206902,31.5511363849042],[-111.164259751076,31.5504867723806],[-111.162936930733,31.5444772644703],[-111.163171468307,31.5366026238047],[-111.163211386135,31.5357048379393],[-111.163810397429,31.5220553383736],[-111.163826231979,31.5216989305066],[-111.180908458618,31.5216262916689],[-111.190224517672,31.5215834552026],[-111.197959354831,31.5215423975259],[-111.211304719098,31.5214669161737],[-111.214912752872,31.5214428614223],[-111.231968150545,31.5213476605845],[-111.232358447914,31.5213198845124],[-111.244803305734,31.5212853987456],[-111.249055820803,31.5212749354129],[-111.250652162031,31.5212718176447],[-111.257528930052,31.5212581598675],[-111.261949086811,31.5211702389567],[-111.262161699991,31.5211652919408],[-111.262256492304,31.52116509771],[-111.2661514385,31.5211164531825],[-111.274747635254,31.5212155723344],[-111.274916820046,31.5212174647152],[-111.283326400865,31.5213141530071],[-111.300478005173,31.5210855476264],[-111.31667084534,31.5212833293025],[-111.332767032738,31.5214973568616],[-111.349622702202,31.5212042870024],[-111.3622808473,31.5212863581155],[-111.366856044502,31.521316176962],[-111.366817220906,31.5206463745234],[-111.366816367149,31.5194170745522],[-111.366802461819,31.5064203176155],[-111.366806432619,31.506088732069],[-111.367037646425,31.4914807392722],[-111.366653201486,31.4769376344599],[-111.366317826499,31.4622883411115],[-111.366369696176,31.4478973025143],[-111.366369924532,31.4477867761126],[-111.366479130243,31.4334248648848],[-111.366480506853,31.4332714787557],[-111.366533414468,31.4262472813572],[-111.366534677901,31.4260645714315],[-111.375655704067,31.4289975498615],[-111.375655550827,31.428959205436],[-111.375709476082,31.4289590470551],[-111.383349045373,31.4314108481138],[-111.389290289676,31.4333169891144],[-111.400129640656,31.4367978674214],[-111.417077779655,31.4422340074257],[-111.434046206692,31.4476542870463],[-111.434905202381,31.4479288154403],[-111.451004361234,31.4530655740805],[-111.470514038455,31.459290802616],[-111.482129932491,31.4630076987578],[-111.487611862715,31.464762105536],[-111.491736409683,31.4660726303998],[-111.500660014571,31.4689049225109],[-111.504478143626,31.4701192401438],[-111.521465315079,31.475516499258],[-111.527639742398,31.4774783826895],[-111.538554270653,31.4809426384193],[-111.555360951922,31.4862639443352],[-111.57227575143,31.4916862987219],[-111.57362805686,31.4921133163593],[-111.589212793595,31.4970408845588],[-111.593503090963,31.4984127510261],[-111.598786015487,31.5001023793206],[-111.598839993522,31.5001043822737],[-111.606226615735,31.502523666975],[-111.619455267145,31.5067639427272],[-111.623107976105,31.5079326363453],[-111.623107811235,31.5081063157685],[-111.625665173761,31.5088968176265],[-111.640382874956,31.5134343773034],[-111.643157281219,31.5143023851914],[-111.657256599396,31.5187486138445],[-111.664227594881,31.5209478637719],[-111.664758694438,31.5211165281868],[-111.673403624495,31.5238524099492],[-111.690558731408,31.5292825295388],[-111.695970352707,31.5309944789278],[-111.706453813653,31.5343315944604],[-111.707216682125,31.5345709770231],[-111.710907419392,31.5357391844853],[-111.724433095652,31.5400209801789],[-111.741214498625,31.5453313217781],[-111.750669534904,31.5483233805511],[-111.756120963492,31.5500483137579],[-111.758238072887,31.550716944091],[-111.776706834208,31.5565561409672],[-111.79405366726,31.562038733699],[-111.802009702961,31.5645535785528],[-111.811036300471,31.567403970643],[-111.82784646905,31.5727116553581],[-111.844685253755,31.5780259373717],[-111.847660321351,31.5789625669405],[-111.86170919699,31.5833931143352],[-111.875673818365,31.5877956099531],[-111.875674032982,31.5877482431161],[-111.878646761576,31.5886864144246],[-111.894662665616,31.5937425643253],[-111.896408401143,31.5942941955765],[-111.913270420089,31.5996172117923],[-111.930349415031,31.6050040585717],[-111.94023862571,31.6081208617362],[-111.947387695492,31.6103753625642],[-111.964195498657,31.6156694192918],[-111.981194586854,31.6210229186829],[-111.99410511766,31.6250911048572],[-111.998382174818,31.6264155037519],[-112.000679046031,31.6271215168587],[-112.000679015274,31.6272726308856],[-112.013316247277,31.6312034096197],[-112.022004599435,31.6339038130797],[-112.030496360655,31.6365420542421],[-112.035838613547,31.6382039119972],[-112.047259796026,31.6417847917025],[-112.064435018135,31.6471684652618],[-112.068185037359,31.6483437768836],[-112.081419985132,31.6524905117168],[-112.097966532767,31.6576742051071],[-112.114704384393,31.6629104357954],[-112.115060413327,31.6630246035022],[-112.125683111402,31.6663459723834],[-112.125682746113,31.6664249139175],[-112.132035008124,31.6684098237947],[-112.14914655387,31.6737576877035],[-112.161221838717,31.6775298211321],[-112.165871786022,31.6789827097009],[-112.182948039697,31.6843150158735],[-112.199712680682,31.689546444684],[-112.207797404659,31.6920682858398],[-112.208397256731,31.6922543069417],[-112.216752639034,31.6948384121513],[-112.233942136907,31.7001491747633],[-112.250686531381,31.7053221191001],[-112.250686484719,31.7054168424541],[-112.254348647402,31.7065581419776],[-112.267734499254,31.7107378970025],[-112.284754590309,31.7160478933141],[-112.301484404312,31.7212660770751],[-112.31832335253,31.7265147297903],[-112.335694261338,31.7319269474572],[-112.348244145706,31.7358339767036],[-112.352812635041,31.7372582465291],[-112.369614729466,31.7424868669952],[-112.375692720778,31.7443766928238],[-112.375692418608,31.7441331284366],[-112.386814914397,31.747584861471],[-112.394880560553,31.7500880837763],[-112.395315376216,31.7500878320128],[-112.396436983305,31.7504341271238],[-112.403597868523,31.7526557748001],[-112.420464224723,31.7578858851092],[-112.421016489749,31.7580556330506],[-112.437989182276,31.7632957275202],[-112.443474886859,31.7649904880125],[-112.454918332839,31.7685227402253],[-112.471844984391,31.7737452361484],[-112.488776755502,31.7789653803503],[-112.491114866198,31.7796867433979],[-112.5006967824,31.7826389679729],[-112.505809773647,31.7842090958178],[-112.522886523836,31.789348484763],[-112.537451790984,31.7938731774885],[-112.538100684018,31.7940728141957],[-112.539880461016,31.7946173421537],[-112.556856105988,31.7998051797676],[-112.557917104149,31.8001282150721],[-112.573860068858,31.8050354650631],[-112.585038567063,31.8084733820662],[-112.590746098637,31.8102288247424],[-112.607905729822,31.8155021376798],[-112.624896986704,31.8207233744104],[-112.625702900913,31.8209701621471],[-112.625703150453,31.8210220266218],[-112.632827825253,31.8232061950467],[-112.64182675908,31.8259656399961],[-112.659153498896,31.8312748494137],[-112.676073387382,31.8364562176624],[-112.67942466107,31.8374831754369],[-112.693056560896,31.841656998005],[-112.709958139413,31.8468272442974],[-112.726624675383,31.8519217179738],[-112.742100856163,31.8566536837034],[-112.74373279112,31.8571680126263],[-112.750710343011,31.8593722659156],[-112.750710109006,31.8593249138175],[-112.760751888614,31.8623928962899],[-112.774044555272,31.8664520534352],[-112.77771585093,31.8675733771427],[-112.794698915907,31.8727580421362],[-112.82885144361,31.8837198138156],[-112.837293536927,31.8862950009019],[-112.845807819669,31.8888888612088],[-112.862848819082,31.8940836702016],[-112.86891836687,31.8959315486625],[-112.869086337589,31.8960034912014],[-112.869144424309,31.8960003818468],[-112.875715152506,31.8980299707682],[-112.875715432514,31.8978157468102],[-112.880175979035,31.8991884743128],[-112.89370161785,31.903346393905],[-112.897031146486,31.904356540895],[-112.913971956344,31.9095029904783],[-112.915924248094,31.9100959186222],[-112.930904921096,31.9146449934787],[-112.938176277646,31.916852293022],[-112.947895831017,31.9198153673111],[-112.964060188256,31.9247436523485],[-112.964395134087,31.9248444518945],[-112.965053084853,31.9250439778948],[-112.981923121184,31.9301845037298],[-112.998799884524,31.9353226295756],[-113.000718645663,31.9359057320543],[-113.000718523665,31.9361289657687],[-113.012671239277,31.9398251733783],[-113.01602105584,31.940861119113],[-113.016107606652,31.9408890575241],[-113.033013180977,31.9458597187797],[-113.033110314945,31.945887476643],[-113.050132978807,31.9510343153565],[-113.050189556601,31.9510514394226],[-113.059561422263,31.9537949126891],[-113.067230685356,31.9560400491268],[-113.067338515935,31.9560721160398],[-113.08470554621,31.9612852598203],[-113.101574690154,31.9663441263871],[-113.108031127428,31.9682821265305],[-113.118775597861,31.9715033839598],[-113.125726238512,31.9735494582735],[-113.12572627175,31.9739237507387],[-113.135354253587,31.9768556182784],[-113.140731217549,31.978383926512],[-113.152156304128,31.9818951919974],[-113.15547967668,31.9829165407272],[-113.169393142714,31.9871933638713],[-113.177308223886,31.9896258944527],[-113.186332923818,31.9924491577808],[-113.201895841479,31.9973206929028],[-113.203172357089,31.9977179014793],[-113.210727371577,32.0000823947907],[-113.211497657834,32.0000824933232],[-113.211650592485,32.0001294297155],[-113.22033838767,32.0029154987601],[-113.228681323431,32.005589773749],[-113.237388648171,32.0084171384467],[-113.246078844013,32.0112396819686],[-113.250733493685,32.0126474839903],[-113.250733383188,32.0124535826028],[-113.254114196676,32.01351860656],[-113.270955210876,32.0188164066779],[-113.288043101369,32.0241886185752],[-113.2895722115,32.0246705607211],[-113.305230801501,32.0296513435739],[-113.322238542869,32.035063110871],[-113.334216652841,32.0388698065775],[-113.33421994631,32.0389734577264],[-113.334220655619,32.0392620358589],[-113.334220376973,32.0402675996715],[-113.334217836381,32.0550083048398],[-113.334214793221,32.0699316144963],[-113.334212451495,32.0843295600373],[-113.334209587232,32.0987793426952],[-113.334206960991,32.1133756416514],[-113.334204649739,32.1250792693576],[-113.333965541348,32.1250791710454],[-113.333963262733,32.1277982471545],[-113.333951096603,32.1423089947653],[-113.333939533868,32.15688959412],[-113.333927915251,32.1714882051106],[-113.33391616041,32.1859718048073],[-113.333904752024,32.2003854811439],[-113.333893384525,32.2149118561224],[-113.333881919734,32.2294156605264],[-113.333870167366,32.2441358782433],[-113.333869679475,32.2442463605657],[-113.333845445749,32.2500770838471],[-113.333844684271,32.2587931942473],[-113.333841654854,32.2732336318469],[-113.333839141766,32.2875590504432],[-113.333836071291,32.3022451774694],[-113.333834118305,32.3164645663972],[-113.333831889018,32.3310942599409],[-113.333831229469,32.3311461257727],[-113.33379376653,32.3456389154582],[-113.333755476697,32.3600167132009],[-113.33371724149,32.3746109159199],[-113.333716564881,32.3750753585875],[-113.33375108598,32.3750747189574],[-113.333733904873,32.3890485135774],[-113.333715674304,32.4035182910855],[-113.333696830771,32.4181909585747],[-113.333678323918,32.4325614896808],[-113.333660138058,32.4470807834403],[-113.333641580765,32.4615414386527],[-113.333622866853,32.476119304079],[-113.333604537494,32.4905776453079],[-113.333593414145,32.5000714657664],[-113.333949905805,32.5000716144006],[-113.333909165925,32.5051607260627],[-113.333916606237,32.5052169502099],[-113.33365516188,32.5052150387202],[-113.323863605608,32.5051686603595],[-113.307054130205,32.5051444994553],[-113.306891856711,32.5051452216188],[-113.289811548249,32.5051192112624],[-113.272704314677,32.5051364535811],[-113.255650348311,32.5051729541434],[-113.250733397923,32.5051911600968],[-113.250733577536,32.5050649036502],[-113.2385229537,32.505068665279],[-113.221895819778,32.5050772011564],[-113.204590778157,32.5050570932577],[-113.18771885736,32.5050856845637],[-113.170523109648,32.5051085805692],[-113.153570518702,32.5051091765961],[-113.136347474889,32.5049136718117],[-113.125725045366,32.5048817300463],[-113.125724464641,32.5052244405514],[-113.119861091663,32.5052422422211],[-113.102729952347,32.5051848722713],[-113.085664675849,32.5051736767562],[-113.068566047406,32.5051471804877],[-113.051330346114,32.5050191336507],[-113.034259288481,32.5050258464945],[-113.017532168726,32.5051419657095],[-113.000716042569,32.50514904822],[-113.000715942209,32.5050994472382],[-112.983592437684,32.5051068728154],[-112.966615910199,32.5051164296896],[-112.966570026689,32.5051171471612],[-112.949387439863,32.5051681810634],[-112.949326213994,32.5051668755633],[-112.93226687773,32.5050445547728],[-112.915807832416,32.5050934076284],[-112.898757382935,32.5051129575784],[-112.881610999226,32.5051293736675],[-112.87849917858,32.505130791747],[-112.876843520625,32.5051171783688],[-112.864406022214,32.5050180512518],[-112.847114852149,32.50505219944],[-112.830075090992,32.5050555068072],[-112.812891128595,32.5050698550971],[-112.795916820499,32.5051938553248],[-112.778946387731,32.5053177634977],[-112.761871440483,32.5053754547027],[-112.744775995888,32.5055303232884],[-112.744744073434,32.5055307660615],[-112.727654781385,32.505387837205],[-112.711113342161,32.5053523834061],[-112.69398999727,32.5053113158004],[-112.676899233114,32.5052719893997],[-112.65990676856,32.5052267878196],[-112.642730833692,32.5051185469265],[-112.625816964457,32.50500908089],[-112.62570252666,32.5050083045953],[-112.625703079851,32.5050759443758],[-112.625006483931,32.5050714154037],[-112.608627221133,32.5051737080916],[-112.591311904431,32.5052789470283],[-112.573933297754,32.5053848471422],[-112.556940192379,32.5053798488626],[-112.540003232356,32.5053741203166],[-112.522855255933,32.5053641541513],[-112.506160920346,32.5053531835231],[-112.500699342602,32.5053485538378],[-112.50069940497,32.5049719775689],[-112.488830120284,32.5050746797461],[-112.471631688251,32.505220678654],[-112.454418509196,32.5053667517073],[-112.437396376551,32.5055060297621],[-112.420211470173,32.5056448424447],[-112.40355958507,32.5057776151209],[-112.391662087544,32.5058692061513],[-112.386403631013,32.5059092291787],[-112.375698467773,32.5059929291335],[-112.375698098962,32.506056072732],[-112.374851960385,32.5060630690032],[-112.369175759676,32.5061091917638],[-112.357474426172,32.5062044334115],[-112.352144740508,32.5062460473669],[-112.340180894299,32.5063425018723],[-112.335115280302,32.5063828354107],[-112.32310174921,32.5064759382758],[-112.317734759607,32.5065187412181],[-112.306132625231,32.5066104224067],[-112.301302111014,32.5066492086986],[-112.289352566138,32.5066437135739],[-112.284153885162,32.5066427675914],[-112.272113645063,32.5066951908732],[-112.267088936074,32.5067188405388],[-112.255053608023,32.5067695815248],[-112.250696773877,32.5067881668565],[-112.250697230055,32.506725022092],[-112.250166960124,32.5067235275639],[-112.237998617927,32.5066837551263],[-112.237920122181,32.5066845273345],[-112.23312261695,32.5066865441647],[-112.220837126017,32.5066936148615],[-112.216036303642,32.5066972671237],[-112.203688223328,32.506703267631],[-112.19958595587,32.506706370507],[-112.186605127096,32.5067122157396],[-112.182402389854,32.5067157061472],[-112.169460085469,32.5067194197496],[-112.165356682882,32.5067394572816],[-112.157789151156,32.5067732485134],[-112.152354910799,32.506726175144],[-112.148042978465,32.5067250067712],[-112.135215647633,32.5067241467139],[-112.130898629432,32.5067427324027],[-112.125694281209,32.506778132661],[-112.118068529667,32.5067897587285],[-112.113842459515,32.5067934195992],[-112.100946073537,32.5068099711864],[-112.097268515001,32.5067834679569],[-112.083828515228,32.5066879937705],[-112.080177859447,32.506685564554],[-112.066699598337,32.5066742824318],[-112.06306702348,32.5066824791811],[-112.049559221312,32.5067079452202],[-112.04936296996,32.5067095826629],[-112.045849328053,32.5067050144949],[-112.032388977931,32.5066944160248],[-112.028709009187,32.5066907332308],[-112.015277549476,32.5066780674002],[-112.011492455479,32.5066747290654],[-112.000691409151,32.5066370739616],[-112.000691368112,32.506603246952],[-112.000691474819,32.5065829501174],[-111.99818115746,32.5065803412125],[-111.994821188036,32.5065753828905],[-111.994783933298,32.5065756774792],[-111.981034627034,32.5066137346294],[-111.977682010435,32.5066127717383],[-111.96392458203,32.5066106836822],[-111.960553326489,32.5066094075581],[-111.946776317212,32.506646186448],[-111.943407880321,32.5065970703775],[-111.943363306373,32.5065974045048],[-111.929633594081,32.5065462554941],[-111.926302452246,32.5065324887277],[-111.912527280735,32.5065925643506],[-111.909190798879,32.5065445551986],[-111.909152143836,32.5065380695804],[-111.895391905826,32.5065984155496],[-111.884307602739,32.5066226897885],[-111.881191789754,32.5066197449837],[-111.878388707508,32.5066190505982],[-111.875687059774,32.5066153327398],[-111.87568724405,32.5065657172695],[-111.863707321573,32.5065853864374],[-111.861332747343,32.5065881351339],[-111.846509461053,32.5066075590824],[-111.844299892991,32.5066111297645],[-111.844001088025,32.5066041144035],[-111.829411226228,32.5066515301271],[-111.826901306336,32.5066612863707],[-111.812115437663,32.5066696451918],[-111.809781420915,32.5066711588653],[-111.795077213194,32.5066251203767],[-111.793809699708,32.5066218482481],[-111.792663352445,32.5066268210055],[-111.778552293073,32.5066968924862],[-111.777065360095,32.506710595339],[-111.775513794215,32.5067134032157],[-111.761299457547,32.5067325613688],[-111.758409215219,32.5067364868417],[-111.744180543527,32.5066748652298],[-111.744142619758,32.5066750891967],[-111.741376710951,32.5066688664197],[-111.735580963394,32.5066419949459],[-111.727158630776,32.5066007478934],[-111.724211678251,32.5065861723852],[-111.710010494,32.5066355423042],[-111.707119284173,32.5066450598732],[-111.692827896011,32.5066501486156],[-111.689956234375,32.5066501430125],[-111.676198433477,32.5066549263356],[-111.672824425228,32.5066549727842],[-111.659024007468,32.5066581048609],[-111.658980095966,32.5066583350866],[-111.655661999776,32.5066621391403],[-111.641862308502,32.5066769169253],[-111.641829691708,32.5066748273783],[-111.638544012359,32.5066532068683],[-111.624745076237,32.5066841446507],[-111.621450187991,32.5066779106119],[-111.607607721804,32.5066710999886],[-111.604316864146,32.5066711629536],[-111.59051230782,32.5066645441976],[-111.569236465608,32.5067174976648],[-111.569286108874,32.5012911994155],[-111.56016004072,32.501257735264],[-111.552025295677,32.5012778992714],[-111.543096892621,32.5012558619674],[-111.534967330101,32.5012546040472],[-111.52604235975,32.5012516392461],[-111.517835606714,32.5012495966246],[-111.508818808389,32.5012457872836],[-111.500671032243,32.5012626835528],[-111.491802938323,32.5012615741875],[-111.483651374761,32.5012570860294],[-111.474756497252,32.5012887062912],[-111.466511937112,32.5013150322251],[-111.463019931333,32.5013053778527],[-111.462495310518,32.5013027972724],[-111.458213544543,32.5012891436992],[-111.449665493372,32.5012974289416],[-111.449557712446,32.5012978143688],[-111.441117111658,32.5013073903541],[-111.432579687924,32.5013144782973],[-111.432429991803,32.5013149926063],[-111.424041796631,32.5012939249408],[-111.415488255694,32.5013427556641],[-111.415339557936,32.5013432473022],[-111.406934878304,32.5012827541688],[-111.40688231775,32.5012829236083],[-111.398193309406,32.501243063173],[-111.389806392671,32.5012873659471],[-111.38100647981,32.5012962777899],[-111.372548163366,32.5012945418116],[-111.372443374565,32.5012948515709],[-111.372344575155,32.5012951438652],[-111.363772169334,32.5012976666935],[-111.355715047192,32.5012981484923],[-111.355677124011,32.5012982562807],[-111.34697351171,32.5013541308551],[-111.346820487701,32.5013545525849],[-111.346781899397,32.5013546591887],[-111.338269441918,32.5013800866086],[-111.329577678183,32.5014076619439],[-111.321347962427,32.501431203552],[-111.312418044974,32.5014739895739],[-111.308369572748,32.5014929975917],[-111.308134379395,32.5014935738056],[-111.304183041209,32.5015122088951],[-111.295282313568,32.501535666045],[-111.291321001513,32.5015584309175],[-111.29100031424,32.5015591724255],[-111.287020037146,32.5015818464354],[-111.286803141027,32.5015823408605],[-111.278153970041,32.5016310770228],[-111.270241888702,32.501650572763],[-111.261995139347,32.5016702685569],[-111.260974191798,32.5016723905791],[-111.251423481743,32.5016083919126],[-111.250662124995,32.5016505055607],[-111.243396427833,32.5015565170628],[-111.24332922989,32.5015566462629],[-111.234456068585,32.5015780035631],[-111.234322337935,32.5015782523764],[-111.233985353459,32.5015811346385],[-111.233885553786,32.5015813199833],[-111.233863598258,32.501581361364],[-111.233746166912,32.5015815789744],[-111.228810442145,32.5016019275512],[-111.228715965645,32.5016020991173],[-111.228650768342,32.5016044724163],[-111.227908931258,32.5016080738268],[-111.226346079618,32.50161540541],[-111.226295475144,32.5015997095011],[-111.222329399018,32.5015909930418],[-111.222091871143,32.5015891563182],[-111.217271165996,32.5015772759574],[-111.209209274033,32.5015593638403],[-111.200302735474,32.5015377730889],[-111.200254831783,32.5015378493477],[-111.192247243233,32.5015548494507],[-111.183433265087,32.5015725167049],[-111.183129873167,32.5015729586732],[-111.175077362562,32.5015889303794],[-111.175008167723,32.5015890266463],[-111.16596853505,32.501553914733],[-111.157700699385,32.5015216974106],[-111.157853389887,32.5112304390004],[-111.149284479368,32.5111416658182],[-111.14925054308,32.5111417059029],[-111.136892444007,32.5112346940936],[-111.132164072356,32.5112374951363],[-111.119383097783,32.5113495041434],[-111.114735153256,32.5112906811882],[-111.102217809419,32.51125185774],[-111.097568615021,32.511253293622],[-111.093885932414,32.511262862022],[-111.085083617257,32.5112826539336],[-111.080366534034,32.5112677133847],[-111.067984953809,32.5112411840913],[-111.063371719556,32.5112841875557],[-111.051022769835,32.5112988222392],[-111.046747186322,32.5112824422344],[-111.038198692271,32.511262775544],[-111.033957051348,32.5112527150416],[-111.02964986523,32.5112357611669],[-111.01675859889,32.5112020551742],[-111.012519620554,32.5111574429972],[-111.000663077879,32.5113091668847],[-110.999676279308,32.511309168615],[-110.995283926513,32.5112775070143],[-110.982414602168,32.5113553011397],[-110.978177959564,32.5113230630818],[-110.96515922113,32.5114261293132],[-110.961088254451,32.5114226808046],[-110.947930106469,32.5114810703729],[-110.943962967397,32.5114387711138],[-110.931009387333,32.5115405881504],[-110.927035683448,32.5113940087133],[-110.913939300139,32.5115616431444],[-110.911696888911,32.511544301849],[-110.910157144181,32.5115319358719],[-110.896577410595,32.5115959297739],[-110.894451770846,32.5115873979371],[-110.892931654158,32.5115793478658],[-110.886634876462,32.5115896188602],[-110.886562014608,32.5115895524883],[-110.886373371744,32.5115893828322],[-110.88623463378,32.5115892573673],[-110.879572546453,32.511598842995],[-110.875878257034,32.5115546587482],[-110.862486503166,32.5113851203703],[-110.858739682528,32.511329098306],[-110.858122200435,32.5113193824104],[-110.84880707409,32.5111799823659],[-110.844927195595,32.5111211334686],[-110.844956641318,32.5137372784487],[-110.84258842068,32.5137230619361],[-110.831774807855,32.5136188563463],[-110.825432649859,32.513623747758],[-110.814855040495,32.513644709096],[-110.80821508952,32.5136573151237],[-110.797607531703,32.5136790368855],[-110.791168204373,32.5136910655153],[-110.780499433947,32.5137089881464],[-110.774114338964,32.5137202381977],[-110.763366714076,32.5138651145978],[-110.756860862845,32.5138662409103],[-110.75065597603,32.5137977153064],[-110.747068129186,32.5137567233316],[-110.740080528074,32.5137560126307],[-110.729824375613,32.5137547022732],[-110.722786868946,32.5137551782737],[-110.712732341504,32.5137551743904],[-110.705877795025,32.5137663994382],[-110.695531749495,32.5137868908898],[-110.688309285476,32.5137804797626],[-110.68818152566,32.5137801635825],[-110.67832864806,32.5137756542384],[-110.670998249434,32.5138085680869],[-110.661237993009,32.5137713882948],[-110.661107563645,32.5137732921608],[-110.65390611114,32.5138438970993],[-110.63869262423,32.5138372078542],[-110.638584827565,32.5138368989171],[-110.638458408372,32.5138342797535],[-110.636954638693,32.5138141627017],[-110.63671906396,32.513817993223],[-110.636718982734,32.5138382905979],[-110.621532286109,32.51379351948],[-110.619858073369,32.5137974923584],[-110.604349655027,32.5138331197094],[-110.602660845413,32.5138277966802],[-110.587297254437,32.5137693142063],[-110.585416800224,32.5137653859968],[-110.570210774903,32.513743674159],[-110.568307669688,32.5137461791711],[-110.553244514224,32.5137680122564],[-110.551362692537,32.5137725915431],[-110.536107733363,32.5138277709625],[-110.534143483393,32.5138160026341],[-110.518984860272,32.5138987805811],[-110.517064520272,32.5138891683979],[-110.502363238331,32.5139333592397],[-110.500644431435,32.5139400805504],[-110.500644556277,32.5139175281338],[-110.500644639108,32.5137822142472],[-110.490091471253,32.5139631509352],[-110.490023600503,32.5139628752795],[-110.487272694768,32.51397650114],[-110.485908546666,32.513984465623],[-110.483188249279,32.5139981275161]]]},"properties":{"OBJECTID":5,"NAME":"PIMA"}},{"type":"Feature","id":6,"geometry":{"type":"Polygon","coordinates":[[[-111.242453979091,33.4660205638515],[-111.234842664864,33.4659878629806],[-111.225129890674,33.4659923524479],[-111.217437290937,33.4659970644512],[-111.207760406268,33.4659640505827],[-111.200342834764,33.4659401816802],[-111.190504272902,33.4659421613372],[-111.183133847502,33.4659465040016],[-111.17326597088,33.4659223550621],[-111.165679259176,33.4659056672933],[-111.155920951891,33.4658416570711],[-111.148253147751,33.4657946913898],[-111.138166478505,33.4658469321256],[-111.130986447772,33.4658840410598],[-111.125676232702,33.4659008126126],[-111.125676650429,33.4652581584937],[-111.121290711717,33.4653346852257],[-111.121160229462,33.4653370668924],[-111.113452033766,33.465475146408],[-111.111609811219,33.4655083883088],[-111.103712214069,33.4656212280187],[-111.102000462279,33.465647452637],[-111.096386262091,33.4656880237437],[-111.087883903222,33.4657507157572],[-111.086284119332,33.465763113722],[-111.080628204028,33.4658075098929],[-111.078876740769,33.4658154016018],[-111.072497755808,33.4658486101501],[-111.06903719048,33.4658528405062],[-111.066741581122,33.4658563526856],[-111.06400342669,33.465902895381],[-111.05896022776,33.4659324553338],[-111.051052731435,33.4659833170671],[-111.046719112715,33.4659895363614],[-111.046548942605,33.4659895998049],[-111.039918354499,33.4659783826893],[-111.032392586849,33.4516640406521],[-111.032175890376,33.4512536998334],[-111.029400724017,33.4459350053463],[-111.025441114996,33.4383502826911],[-111.024820161437,33.4371846070445],[-111.018486781748,33.425304445188],[-111.017012565712,33.4225152934579],[-111.01237666461,33.4137441155524],[-111.012296650773,33.4135907870191],[-111.009356495524,33.4079829947141],[-111.005698134408,33.4010109179916],[-111.001779592384,33.3936147983863],[-111.00067136325,33.3915244686397],[-111.00067136088,33.3912313248357],[-111.000671360055,33.3911433818713],[-110.995535499971,33.3816792594517],[-110.994203168321,33.3792010079294],[-110.992011677243,33.3750585279997],[-110.991089995123,33.3733356771883],[-110.986742758433,33.3649581110013],[-110.985136265049,33.3618641194677],[-110.979145107316,33.350511762338],[-110.977070523967,33.3465809871778],[-110.974723579995,33.34213373166],[-110.9728132961,33.3359547065217],[-110.971870005442,33.3328719487179],[-110.968377188806,33.3214564205853],[-110.968201465246,33.3208813564562],[-110.966300176097,33.3146661323624],[-110.96407532458,33.307343584148],[-110.961798554555,33.2998518470185],[-110.959679038753,33.2928201283302],[-110.955561637443,33.2791534811508],[-110.951199619191,33.2647920333909],[-110.948999052867,33.2575458366355],[-110.948953175933,33.2573947325317],[-110.94735597854,33.2521376569099],[-110.946799516562,33.2503041029934],[-110.940011617991,33.2393168829969],[-110.938632865134,33.2370860076791],[-110.938633690129,33.2359043831993],[-110.938492814092,33.2359043141394],[-110.937899788227,33.2359062746056],[-110.931138841747,33.2250313107518],[-110.931118743514,33.2249997297572],[-110.929918952172,33.2230710237623],[-110.928881322674,33.2213994692604],[-110.921287841769,33.2091839878594],[-110.921207146364,33.2090531457566],[-110.921146207611,33.2089538861844],[-110.919936841193,33.2069732082132],[-110.919883271713,33.2068852275808],[-110.912777611703,33.1954880865223],[-110.912686567227,33.195339191179],[-110.910887113382,33.1924379558487],[-110.908623905119,33.1887899397785],[-110.90859043751,33.1887357949495],[-110.901845440832,33.1778636852549],[-110.899600044498,33.1742425726759],[-110.897368910525,33.1706214290438],[-110.895399863586,33.1674424510013],[-110.892837486223,33.1633744478718],[-110.892880384761,33.1633744849983],[-110.89062669916,33.159735155567],[-110.890586818003,33.1597351200044],[-110.887178224305,33.1542230257731],[-110.886686634589,33.1534288064713],[-110.885561698267,33.1516102179333],[-110.885476760282,33.1514725828315],[-110.88541554912,33.1513868350998],[-110.885465458153,33.1514026662865],[-110.883846690543,33.1487875778331],[-110.88381552773,33.1487875484349],[-110.878274805351,33.1398274926294],[-110.878190561734,33.1396898529391],[-110.874838992734,33.1342744275425],[-110.865943636391,33.1198621942935],[-110.861219275862,33.1120771007324],[-110.860734841928,33.1112895473787],[-110.859995840789,33.1100912867436],[-110.857815705153,33.1065551509568],[-110.852390936211,33.0977000106474],[-110.85098890818,33.0954117156077],[-110.848880325284,33.0919702143368],[-110.843613260486,33.083369687165],[-110.839948152641,33.0774229483834],[-110.831005612772,33.0628276421885],[-110.826339972848,33.0551833152143],[-110.822145450532,33.0483445379093],[-110.813223050942,33.0337997966233],[-110.809105232559,33.027086961611],[-110.80433924672,33.0193130820146],[-110.79551366355,33.0049160058493],[-110.792616925059,33.0001665229107],[-110.792548012362,33.0001664090995],[-110.792495693783,33.0000806284814],[-110.791716899424,32.9988074616999],[-110.786556935814,32.9903263725135],[-110.783122838152,32.9846804681614],[-110.782019989461,32.9840448670834],[-110.781741375182,32.9839113300418],[-110.78157026915,32.9838546529953],[-110.781063457474,32.9837590524953],[-110.780330379143,32.9837329594881],[-110.779723496162,32.9837995425825],[-110.778909702789,32.983951450436],[-110.77838841756,32.9840271999634],[-110.778081948293,32.9840672470454],[-110.777396186086,32.9841111287112],[-110.776737734839,32.9842001568112],[-110.77607987785,32.9843184991853],[-110.774656689157,32.9847286208483],[-110.773502599394,32.9850602864653],[-110.773149956259,32.9851047488086],[-110.772817420265,32.9851334595963],[-110.772076986005,32.9851027944332],[-110.771373006256,32.9852029860025],[-110.770980993554,32.9852090340208],[-110.770633240842,32.9851723139],[-110.76996198183,32.9850357728029],[-110.768964866315,32.9849324534085],[-110.768239052256,32.9849401290669],[-110.767280803723,32.9850668875705],[-110.766553167679,32.9852572118799],[-110.766298516166,32.9854303771565],[-110.765995608935,32.9856372786182],[-110.76570476682,32.9858351807219],[-110.764929739932,32.9864877008076],[-110.764688858513,32.9867623690008],[-110.764532251058,32.9870417052159],[-110.764378754772,32.9874089950249],[-110.76425981503,32.9878620436034],[-110.764198497199,32.9885316905565],[-110.763731797748,32.9891960597952],[-110.763443835923,32.9903140396102],[-110.763831840339,32.9903147737176],[-110.763689009521,32.9913202740899],[-110.763698161685,32.9924049894524],[-110.763712145173,32.9926801368773],[-110.76379287538,32.9932643573531],[-110.763899098315,32.9935712503223],[-110.764098150624,32.9944420914438],[-110.764100643871,32.9947623183196],[-110.764039946741,32.9954477506675],[-110.764052078684,32.9959168323006],[-110.764256651834,32.997229679637],[-110.764408993697,32.9978072702966],[-110.764485500831,32.9979697807248],[-110.764681573272,32.9982046796765],[-110.764710114305,32.9982904262347],[-110.765017830637,33.0000725241634],[-110.765032322803,33.0001582447146],[-110.76506689742,33.0002394932956],[-110.765288782655,33.0005826837479],[-110.765308603362,33.0009300046337],[-110.765308354108,33.001277287356],[-110.765220510861,33.0021092485252],[-110.765073160257,33.002925312808],[-110.764993564802,33.0031687124748],[-110.76480948554,33.0034525058406],[-110.764341370431,33.003866559377],[-110.764168931567,33.0040488953228],[-110.763928453408,33.0044047446009],[-110.763899793646,33.0046144135897],[-110.763809529634,33.0048420063775],[-110.763794038746,33.0048803132342],[-110.763710832004,33.004970359449],[-110.763505020366,33.0051210604608],[-110.763258032171,33.0051566737357],[-110.762586879217,33.0051779490054],[-110.762268870412,33.0052495068884],[-110.762001211735,33.0052580173104],[-110.761765785565,33.0052237425879],[-110.761426608036,33.005205053236],[-110.760085629287,33.0050040360338],[-110.758483549227,33.0051091911524],[-110.757783696932,33.0053491291498],[-110.757573356838,33.0054389239731],[-110.757576293057,33.004854862974],[-110.757382445539,33.00551973681],[-110.756968535559,33.0056700222606],[-110.756488384147,33.0058201766232],[-110.756075022023,33.0060133061788],[-110.755810921954,33.0061864318503],[-110.75549292259,33.0062512070391],[-110.754964920764,33.0062817428898],[-110.754665699438,33.0063307668799],[-110.754340977166,33.006406800852],[-110.754089128741,33.0065032742136],[-110.753998675657,33.0065481969447],[-110.753876637426,33.0066426698895],[-110.753595414785,33.0069555717512],[-110.75335947295,33.0075865296965],[-110.753171107298,33.0079514812596],[-110.753109053102,33.0081295094977],[-110.752609096602,33.0088952477149],[-110.752457753111,33.0091790883102],[-110.751999751441,33.0097735208679],[-110.751547259704,33.0103093301242],[-110.751305426101,33.0106471119304],[-110.751123948033,33.0106986169374],[-110.75066102015,33.010659356033],[-110.75023542915,33.0104307423073],[-110.74959979351,33.0101814098785],[-110.749013881977,33.0102140593931],[-110.748960680038,33.0102162071982],[-110.748661453771,33.010260707151],[-110.746967641308,33.0105842713204],[-110.746800154137,33.0106560944479],[-110.746596905761,33.0108315783416],[-110.746417461899,33.0111063337794],[-110.746277589462,33.0115818720139],[-110.746050265112,33.01198506968],[-110.74590866429,33.0125959075404],[-110.745798349269,33.0127963855321],[-110.74552055976,33.0130619194769],[-110.74532277984,33.0131945654509],[-110.744999409398,33.0134870654521],[-110.74497344917,33.013671929257],[-110.744994869733,33.0139019913671],[-110.745058718318,33.0140374264994],[-110.745693555165,33.0148031938556],[-110.745831514944,33.0149974115932],[-110.745918502384,33.0152321173962],[-110.745911923775,33.0154260403037],[-110.745872620164,33.0155973466353],[-110.745712537019,33.0158834163784],[-110.745298938548,33.0163674146922],[-110.745081881904,33.0166849370322],[-110.745023119048,33.0168742446803],[-110.745020747657,33.0170005235938],[-110.745071996423,33.0173298700149],[-110.74497566073,33.017552925783],[-110.744868248718,33.0176722257835],[-110.744283917674,33.0179506599728],[-110.744078809861,33.0180675040298],[-110.743932601979,33.0181799582192],[-110.743880514261,33.0183737877156],[-110.743759921595,33.0186531692051],[-110.743517829983,33.0188308234108],[-110.743266379429,33.0188889390393],[-110.743221177106,33.0189001214119],[-110.743075976837,33.018895312417],[-110.742942985187,33.018834150836],[-110.742403883333,33.0187428363663],[-110.742267310479,33.0187628499057],[-110.74210708579,33.0188617429664],[-110.741717570888,33.0191067406278],[-110.741409283698,33.0192639582248],[-110.74130551892,33.0192772735698],[-110.741083328355,33.0192835780225],[-110.740547478833,33.0192238325723],[-110.740243766613,33.0191893746712],[-110.739897145443,33.0191818875141],[-110.739571814141,33.0192172905637],[-110.7390425959,33.0194056118724],[-110.738479516557,33.0197291644146],[-110.738173657321,33.0199675612038],[-110.738076693782,33.020170314717],[-110.73808582182,33.0202515166171],[-110.738315152523,33.0210006833527],[-110.738405411493,33.0217089669547],[-110.73836190878,33.0219366385512],[-110.738270336859,33.0221258735713],[-110.738062227734,33.0223464333776],[-110.73785289933,33.022526400927],[-110.737647772575,33.0226432339],[-110.737452327972,33.0226540981407],[-110.737112405851,33.0226398523433],[-110.736803336366,33.022603118963],[-110.736420827847,33.0225075991302],[-110.736159840362,33.0225047922072],[-110.735692479345,33.0225872409669],[-110.735413864184,33.0226610685112],[-110.734641874217,33.0230112213419],[-110.733429436483,33.0238362498054],[-110.732834090412,33.0241912787692],[-110.732127232078,33.0246836260215],[-110.731825538858,33.0248611283465],[-110.731700631382,33.0250029295696],[-110.731551350678,33.0252371364438],[-110.731399166782,33.0255457541111],[-110.731112880227,33.0259375212854],[-110.730462276637,33.0264096832687],[-110.729951356587,33.0267220339513],[-110.729691015527,33.0269424674585],[-110.729203196264,33.027577340773],[-110.728989124449,33.0279850446741],[-110.72883024139,33.0282913896109],[-110.728546581648,33.0291296603861],[-110.728452497393,33.0292557404292],[-110.728218902113,33.0294807380881],[-110.728144935796,33.029593330967],[-110.728124331299,33.0297646718696],[-110.728236411746,33.0303174083935],[-110.728242481752,33.0305203792512],[-110.728242663917,33.0308969762761],[-110.728191919447,33.0312937592716],[-110.727976836497,33.0320261889949],[-110.727856725482,33.0323438914691],[-110.727715384734,33.0326006613325],[-110.72763968888,33.0328395342738],[-110.727664650165,33.0329929338418],[-110.728031556487,33.0333861166289],[-110.728545421323,33.0338743314212],[-110.728732216281,33.0340731838071],[-110.728790921162,33.0341364539158],[-110.728956127664,33.0343916359454],[-110.729071620924,33.0347075967706],[-110.729093604349,33.0349602123361],[-110.729093859802,33.0353142587591],[-110.729035181377,33.0356794525067],[-110.728946085448,33.0359228070775],[-110.728438146007,33.0365531228138],[-110.72799530895,33.0373414326937],[-110.727839373554,33.0375530693886],[-110.727593614869,33.0378073559377],[-110.727370869716,33.0379782546826],[-110.727201635081,33.0381605456285],[-110.726973450365,33.0383584927282],[-110.726785327604,33.0385880981551],[-110.726483806746,33.0391241446276],[-110.726381801712,33.0392096129569],[-110.726030453315,33.0394072883218],[-110.726000681701,33.0395109554728],[-110.725988032188,33.0397048640564],[-110.726052574316,33.0400455214211],[-110.7260428833,33.0401492332447],[-110.725983442359,33.0403227427995],[-110.725820720168,33.0405614228274],[-110.725627297072,33.040770719453],[-110.725362166242,33.0412234044737],[-110.725307686103,33.0415232090629],[-110.725259129015,33.0416403660665],[-110.72499336876,33.0418630324566],[-110.724684944253,33.0420292267492],[-110.724485970618,33.0422993959498],[-110.724283176817,33.0425064151118],[-110.723835210718,33.0427715222442],[-110.72367312543,33.0428027339213],[-110.723430856844,33.0427886669317],[-110.723097484321,33.0427969478986],[-110.722830984014,33.0428256715987],[-110.722675520507,33.0428794476957],[-110.722452718636,33.0430616131084],[-110.722222073711,33.04318287291],[-110.722019895233,33.0431914432233],[-110.721846171282,33.0430918324876],[-110.721306485052,33.0427207969767],[-110.720895038036,33.042440248593],[-110.720431624302,33.042082910243],[-110.720120008544,33.0419852442528],[-110.719988870403,33.0419669093853],[-110.719780066269,33.0419551653017],[-110.719512279235,33.0419680937806],[-110.719359778649,33.0419316693063],[-110.719087124402,33.041791241906],[-110.718922554491,33.0417615556104],[-110.718736788038,33.0416619133418],[-110.718513782028,33.041485515535],[-110.71847929847,33.0413839589539],[-110.718440827333,33.0412733743051],[-110.718379482953,33.0411988183944],[-110.717890565297,33.0408684745542],[-110.717473961515,33.0405315257945],[-110.717217097895,33.0404790779683],[-110.716963925726,33.0405281149987],[-110.716553503472,33.0407707309085],[-110.716459454939,33.040876505709],[-110.716399980751,33.0410545203075],[-110.716357613989,33.0413250324478],[-110.716357411664,33.041388173372],[-110.716354757751,33.0417985900076],[-110.716220213761,33.0424251929852],[-110.715892572535,33.0431505790508],[-110.715836828735,33.0434165502047],[-110.715821770339,33.0435202490224],[-110.715857090496,33.0437774073198],[-110.715798880647,33.0439779756792],[-110.715712657284,33.044146909368],[-110.715574331084,33.0442818980111],[-110.715474711386,33.0444530559117],[-110.715416513235,33.0446491139648],[-110.715450603475,33.0448724429807],[-110.715917738074,33.0453200106231],[-110.71612436448,33.0455955997521],[-110.716188156646,33.0457423245906],[-110.716194307789,33.04591146857],[-110.716061486039,33.046416301202],[-110.715871515254,33.0467902087458],[-110.715697499186,33.0471979797607],[-110.715585270123,33.0475427491075],[-110.715537518308,33.0482372009251],[-110.715595382182,33.0485620614916],[-110.715718926868,33.0492794548599],[-110.715782878831,33.0497937553901],[-110.715776262318,33.0501861213531],[-110.71579579401,33.0503575508739],[-110.715876710523,33.0505922615022],[-110.716009778325,33.050847386783],[-110.716215079079,33.051122971958],[-110.716391983555,33.0514864397894],[-110.716614924251,33.0516899028593],[-110.716690820834,33.0518208688745],[-110.716695911919,33.0523215047359],[-110.716743411571,33.0525403537469],[-110.717290994132,33.05380443187],[-110.717635631344,33.0544749661777],[-110.717749856735,33.0547638728783],[-110.718151666057,33.0555630739475],[-110.718374046168,33.0559469373032],[-110.719063279036,33.0573128046506],[-110.719217717948,33.057590524902],[-110.719347088392,33.0577509249545],[-110.719437615212,33.0579157480199],[-110.719580614635,33.0584234591297],[-110.71968947438,33.0587191165904],[-110.719823817535,33.0590013012811],[-110.719898007869,33.0592517799578],[-110.719961829412,33.0593939919552],[-110.720566458338,33.0604304224239],[-110.720718434751,33.0606427383118],[-110.721099013997,33.0613967803125],[-110.7214483591,33.0618666139999],[-110.722183638544,33.0626710562331],[-110.722413883105,33.063120325159],[-110.722914274287,33.0641068994456],[-110.723025610954,33.064472466749],[-110.72313078972,33.0646666354457],[-110.723653785956,33.0648527104888],[-110.72392776703,33.065022446564],[-110.724299543571,33.0651788679677],[-110.724479946159,33.0652987847816],[-110.724636133281,33.0654547290438],[-110.72519298642,33.066382787663],[-110.725284214146,33.0667595832991],[-110.725297016332,33.0669490363542],[-110.725291071231,33.0671384491487],[-110.725261697512,33.0679727561661],[-110.725283712651,33.0682140949982],[-110.725468014808,33.068805326714],[-110.725658138987,33.0692477368357],[-110.725687026428,33.0694327151197],[-110.72563122568,33.0697212401636],[-110.725485694968,33.0700118222284],[-110.724948331382,33.0705586179484],[-110.724684909619,33.0708624692836],[-110.72432790509,33.0711142468763],[-110.723729695753,33.0714151007454],[-110.723596997368,33.0714531424299],[-110.723102392421,33.0715963695849],[-110.722929377572,33.0716794222552],[-110.722788460928,33.0717760763467],[-110.722636710104,33.0719110424711],[-110.722210314106,33.0720814780753],[-110.721885460737,33.0723265549392],[-110.721767186395,33.0724615945806],[-110.721507310669,33.072909770899],[-110.721293667497,33.0731347993087],[-110.721234132738,33.0733286011469],[-110.721211130584,33.0734029672945],[-110.721221573952,33.0734886825132],[-110.721257384008,33.0735992603108],[-110.721487822248,33.073994410131],[-110.721430857367,33.0742220432257],[-110.72100776985,33.0750374283983],[-110.720868341446,33.075508422631],[-110.720878620513,33.0756460042959],[-110.720922416552,33.0757723848852],[-110.721093261693,33.0759554278796],[-110.721157061662,33.0761089143374],[-110.721108550252,33.076203518298],[-110.721005264949,33.0762551532754],[-110.720855263115,33.0762570725294],[-110.720536366745,33.0763059690407],[-110.719883999751,33.0763541167922],[-110.719582726928,33.0763353992331],[-110.719098509704,33.0761493942105],[-110.718832402444,33.0760225112515],[-110.718230407119,33.0758136878123],[-110.717891697822,33.0757768406271],[-110.717796640629,33.0757676059733],[-110.717675865142,33.0758440040365],[-110.717378906142,33.0761522738711],[-110.717141486287,33.0762689984751],[-110.716881507167,33.0763202756157],[-110.71656679255,33.0763173044393],[-110.716309353959,33.076411431714],[-110.716231555154,33.0764495908749],[-110.716180577348,33.0764765362211],[-110.715466409148,33.0770003360375],[-110.715183390366,33.0771349936457],[-110.71466721828,33.07730745272],[-110.714382916652,33.0774240644089],[-110.714016679108,33.0776149044609],[-110.713865073215,33.077697993824],[-110.713823555935,33.0776978989525],[-110.713599467785,33.0778304326242],[-110.712869312965,33.0779076797192],[-110.712715085374,33.0779727214729],[-110.712633162972,33.0780424395149],[-110.712565693031,33.0781978822439],[-110.712509939538,33.0784570855977],[-110.712458538213,33.0790252410682],[-110.7123717882,33.0793430035302],[-110.712277693297,33.0794487743949],[-110.712162213882,33.0795409640457],[-110.711874988034,33.0797297260308],[-110.711792974953,33.0798265027456],[-110.711754827598,33.0800248604012],[-110.711722347521,33.0809493568506],[-110.711636218948,33.0814858608874],[-110.711542077654,33.0816051611935],[-110.711446756744,33.0816748462221],[-110.711076898193,33.0817371319979],[-110.710624911347,33.0819300177254],[-110.710425130114,33.0819972063051],[-110.710256271153,33.0820283842917],[-110.710027262404,33.0820233421267],[-110.709776910488,33.0819911887803],[-110.709355327865,33.0818977500364],[-110.708929459894,33.0818854812137],[-110.708712325195,33.0819345844646],[-110.708548622462,33.0820266595385],[-110.708399265537,33.0822360296867],[-110.708377435026,33.0823577514266],[-110.708422570853,33.0828855398738],[-110.70845716248,33.0829555276005],[-110.708674731512,33.0831815413631],[-110.708709235165,33.0832785891938],[-110.708597697934,33.0833910813861],[-110.708437950542,33.0835012055128],[-110.708282429409,33.0835481973506],[-110.70803584049,33.0835927209802],[-110.707345805795,33.083672285948],[-110.706538012874,33.0837199975685],[-110.705569465989,33.0837763465808],[-110.705138149464,33.0837888573575],[-110.704822243462,33.0837339875857],[-110.704478437887,33.0836114015074],[-110.704265842661,33.0835026545224],[-110.704013589546,33.0832382145842],[-110.703296670692,33.0829478647664],[-110.703057406479,33.0828052264884],[-110.702545768186,33.0824093731849],[-110.702266342087,33.0822621278556],[-110.701683050022,33.0820667984657],[-110.701259054622,33.0818966550257],[-110.700960076515,33.0815915064244],[-110.700385804211,33.0807129119223],[-110.700034638908,33.0803963597874],[-110.699905216705,33.0802517253506],[-110.699608459267,33.0800841372982],[-110.699398589364,33.0799663685774],[-110.699100270915,33.0798641714279],[-110.698768603927,33.079723557542],[-110.697372551163,33.0786963824601],[-110.696591917044,33.0782570048987],[-110.696102318765,33.0780889387566],[-110.69568488763,33.0779661480563],[-110.695115084888,33.0777550357071],[-110.69489965871,33.0776981328899],[-110.694824723152,33.0776799087948],[-110.69438810858,33.0776833501723],[-110.694009566248,33.0775471179283],[-110.693882634738,33.0774611140926],[-110.693705184794,33.0772667448401],[-110.693396647156,33.0770269505809],[-110.693264164369,33.0769973092945],[-110.693127528947,33.0770059932706],[-110.692959832372,33.0770890171707],[-110.692723552535,33.0772530545736],[-110.69212958866,33.0774455233946],[-110.691773781716,33.0777039756878],[-110.691650255019,33.0777938723691],[-110.691439660207,33.0778880636577],[-110.69087895072,33.0781437502196],[-110.690281808321,33.0784760172779],[-110.690052223368,33.0786378106471],[-110.689837187501,33.0788515063002],[-110.689088291069,33.0796794998517],[-110.688944297708,33.0798753297547],[-110.688786996436,33.0800463217153],[-110.688694093055,33.0801859032881],[-110.68861945411,33.0804630883992],[-110.688290831445,33.0813620323219],[-110.688340658805,33.0816643332804],[-110.688441501086,33.08193293644],[-110.688707609833,33.0824319682792],[-110.688856462987,33.0827593225899],[-110.688966499269,33.0834609179477],[-110.689059412506,33.0837001850875],[-110.689197974489,33.0839079951103],[-110.689586157604,33.0843554612067],[-110.690276883564,33.0848487808579],[-110.690877217185,33.0851479366212],[-110.691179655398,33.085223103285],[-110.691296347179,33.0851760362249],[-110.691429290578,33.0850771429475],[-110.691726070011,33.084854627318],[-110.691760893102,33.0848547134126],[-110.692065299441,33.0847494783024],[-110.692476618017,33.0847121575868],[-110.692969340154,33.0847607280109],[-110.693285234883,33.0848178818429],[-110.693429721659,33.084865593291],[-110.693837106776,33.0849973866228],[-110.694152176449,33.0850996380897],[-110.694463766861,33.0852402144592],[-110.694751132206,33.0854145573414],[-110.694895192983,33.085586293234],[-110.695013587116,33.0858211090258],[-110.695103631526,33.0861212507035],[-110.695124228153,33.0863625918844],[-110.695058746718,33.0867074543877],[-110.694895885483,33.0869370702297],[-110.694649918261,33.0871845240522],[-110.694425738675,33.0873282977489],[-110.693924044112,33.0875458073296],[-110.693626342897,33.0876465537741],[-110.693305677015,33.0878036188046],[-110.692799636065,33.0881135690824],[-110.691992253817,33.0884137539848],[-110.691422897496,33.0888250193295],[-110.691167918091,33.0889642013291],[-110.690907949876,33.0889973829698],[-110.689083528722,33.0890266726191],[-110.688739064003,33.0890912090007],[-110.688358180433,33.0892278158087],[-110.688033799487,33.089294656224],[-110.687792636891,33.0893120922969],[-110.687498010187,33.0892978245868],[-110.687261041565,33.0892656595562],[-110.686599979263,33.0889009362255],[-110.686355128953,33.08882590388],[-110.686035582823,33.0886627357206],[-110.685703887334,33.0885265969546],[-110.685472392473,33.0884628727761],[-110.684607849964,33.0882577335532],[-110.683951841942,33.0881703809142],[-110.683276832863,33.0881528830206],[-110.683168090216,33.0882225123368],[-110.683145084719,33.0882878513782],[-110.683098805085,33.0888672803687],[-110.683046025743,33.0890182348808],[-110.682843726576,33.089403333689],[-110.68272885425,33.0896871772585],[-110.682581932427,33.0899438787537],[-110.682513841544,33.0902549016715],[-110.68251381914,33.0906337502782],[-110.682570915946,33.0911457908553],[-110.682824841462,33.091678628329],[-110.682940282683,33.0919833538442],[-110.682943621199,33.0921727860202],[-110.682943411696,33.0922314167608],[-110.682651782911,33.0928711077606],[-110.682527820716,33.0930737468285],[-110.682488295164,33.0932630692451],[-110.682495626713,33.0934592772859],[-110.682992575725,33.0945813000726],[-110.682942155497,33.0948202075104],[-110.682733201446,33.095189502923],[-110.682697345205,33.0954758027246],[-110.682778093493,33.0957443588189],[-110.683140269211,33.0963518864626],[-110.683203443361,33.096665498727],[-110.683229567333,33.0972248167474],[-110.683274546714,33.0973827841788],[-110.683486032653,33.0978027594008],[-110.683572223745,33.0980487784068],[-110.683622044552,33.0983510812254],[-110.683622680385,33.098547270633],[-110.683578974482,33.098781684867],[-110.683402718632,33.0993698039522],[-110.683378466438,33.0997824151159],[-110.683336503354,33.0999040811768],[-110.68326787662,33.0999895987809],[-110.683165840227,33.1000524802356],[-110.68282552567,33.100067401085],[-110.682157262042,33.100011576919],[-110.68127432137,33.1000499132088],[-110.680963266347,33.1001235344143],[-110.680749985646,33.1002019150592],[-110.680623614537,33.1003256185041],[-110.680455291712,33.1005664768068],[-110.680292505728,33.1007577385813],[-110.679744432571,33.1011735141545],[-110.679709137147,33.1013019615832],[-110.679714657523,33.1016267012608],[-110.679667187317,33.1021565148794],[-110.679714585677,33.1027542224216],[-110.679680006701,33.1030540549215],[-110.679466084364,33.1036758965559],[-110.679421032346,33.1039080504501],[-110.6792886164,33.1042189053991],[-110.679002977538,33.104666923919],[-110.678886412005,33.105038705394],[-110.678817662025,33.1051557900901],[-110.678640201673,33.1053267162426],[-110.678385014157,33.1055042066945],[-110.678321244365,33.1057250358049],[-110.678313880456,33.1059076753755],[-110.678340058171,33.1060768707783],[-110.67842875699,33.1063680002726],[-110.67848463086,33.1064763865846],[-110.678527188725,33.106562188185],[-110.678677221743,33.1073022280332],[-110.678721630853,33.1076157934733],[-110.678746521367,33.1081390268535],[-110.678736167058,33.1084073499508],[-110.678680804064,33.1088942964558],[-110.678449919765,33.1093852993946],[-110.678203095477,33.1098379263179],[-110.678174640575,33.1099257984686],[-110.678132698013,33.1104060144643],[-110.67812467418,33.1107690552691],[-110.677978211348,33.1112535096958],[-110.677917453136,33.1113818898607],[-110.677835398304,33.1114718799549],[-110.677701174484,33.1115391838609],[-110.67717306564,33.1116032131893],[-110.677057655434,33.1116547801186],[-110.676826620582,33.1118165440992],[-110.676586074082,33.11201436344],[-110.676476063694,33.1120546685568],[-110.676317986539,33.1120497482009],[-110.676027552629,33.1119678124609],[-110.675853829073,33.1118455887102],[-110.675704263281,33.1117121523547],[-110.675572446196,33.1114885601838],[-110.675527493902,33.1109607637081],[-110.675477122704,33.1108140551933],[-110.675368957992,33.1107168061775],[-110.675228549177,33.1106442795955],[-110.674554667872,33.1106380115408],[-110.674289180538,33.1106959487114],[-110.674121393844,33.1107812016916],[-110.673943979465,33.1109340806759],[-110.673699626572,33.1110732536469],[-110.673446934096,33.1112935856279],[-110.673053630973,33.1114955075631],[-110.672951540079,33.1115674017742],[-110.672658735036,33.1117650759436],[-110.672480637464,33.1121006096562],[-110.672341963997,33.1126437095094],[-110.672306065177,33.1129300045765],[-110.672243506556,33.1131801498389],[-110.671891530951,33.1137948486556],[-110.671795557717,33.1140223544609],[-110.671775979264,33.1142432974124],[-110.671790021766,33.1144305023609],[-110.671526743137,33.1149710179883],[-110.671183349539,33.1154369048603],[-110.670842345492,33.1159794686411],[-110.670665489713,33.1163375524394],[-110.670404179447,33.11670668781],[-110.670316684297,33.1168146984503],[-110.669858328116,33.1172058610195],[-110.669494281934,33.1174574596447],[-110.669247473553,33.1178875168897],[-110.66914667092,33.1179706860472],[-110.668902273208,33.1181143587587],[-110.667605930161,33.1186498615761],[-110.667415131739,33.1187914204215],[-110.667281931469,33.1189376419727],[-110.66680904455,33.1196219093542],[-110.666580488585,33.1198265065329],[-110.666324022223,33.1199701421932],[-110.666136232287,33.1200237593669],[-110.665849425798,33.1200410307719],[-110.665468954165,33.120024224853],[-110.664568412051,33.1197038450102],[-110.66427791333,33.1196354105635],[-110.663869504748,33.1195666591277],[-110.66339429082,33.1194481145454],[-110.662851002153,33.1192617336519],[-110.662571587809,33.119098614151],[-110.662488946085,33.1189856389761],[-110.662431788875,33.1188659666672],[-110.662396621005,33.1186020324323],[-110.662335866285,33.1183718540044],[-110.662304450081,33.1178283051226],[-110.662253438318,33.117503441972],[-110.662193878558,33.117311602446],[-110.661850114259,33.1168100527161],[-110.661723727378,33.1165751852589],[-110.661673331783,33.1164397465997],[-110.661668560208,33.1162863906744],[-110.661706819906,33.1160925615293],[-110.661754335364,33.1159303278685],[-110.661835158365,33.1158177956426],[-110.662048485584,33.115741702941],[-110.662388212265,33.1155464354927],[-110.662596670868,33.1153417914597],[-110.662715213182,33.1151752400335],[-110.662781467521,33.1150175666661],[-110.662760909863,33.1147874970876],[-110.662675825235,33.1146136288775],[-110.662518528057,33.1144034848522],[-110.662413373471,33.1142227971555],[-110.662261029737,33.1137691211463],[-110.662179587102,33.1136944848041],[-110.661505753818,33.1133205753569],[-110.661096772882,33.1130601339425],[-110.660828271787,33.1128519401311],[-110.660441855043,33.1126479345718],[-110.660175679909,33.1125322021985],[-110.659887739429,33.112502101564],[-110.659200361432,33.1125182638954],[-110.658890436954,33.1126301682709],[-110.658366542228,33.1129850283088],[-110.657777605542,33.1131818564323],[-110.657537546033,33.1132420829214],[-110.656822217128,33.1135535658606],[-110.656591297711,33.1136747018246],[-110.656361507555,33.1138499611186],[-110.656275304267,33.11396698512],[-110.656184667357,33.1141899834285],[-110.656215583764,33.1145080292261],[-110.65618388061,33.1147357000576],[-110.656130889619,33.1149249773501],[-110.655919865629,33.1154407984067],[-110.655842897694,33.1155939278655],[-110.655798339926,33.1156817505744],[-110.65539640298,33.1163639166037],[-110.655118034147,33.116624729919],[-110.654932605046,33.1167595189933],[-110.654229457117,33.1170304294468],[-110.65402393877,33.1171629055002],[-110.653705384841,33.1174190948447],[-110.652963081007,33.1184453264656],[-110.652508853215,33.119127336152],[-110.652314888466,33.1193861238019],[-110.651605474737,33.1202185050342],[-110.651156202047,33.1206592347512],[-110.650857797131,33.1208974327496],[-110.650302672268,33.1213356077565],[-110.649815136398,33.1216228830692],[-110.649528846996,33.1218453263182],[-110.649265666753,33.121984398447],[-110.649061405919,33.1221326550832],[-110.648936102978,33.1223059406094],[-110.648801041106,33.122573908265],[-110.64875660188,33.122966158609],[-110.648711521868,33.1231825147295],[-110.648577691162,33.1234775462015],[-110.64849617013,33.1237591955647],[-110.648437663203,33.1239822792057],[-110.648378588897,33.1243474279129],[-110.648292301443,33.1244802313098],[-110.647906211425,33.1248602410151],[-110.64777852692,33.1249568463985],[-110.64767488022,33.1250738152161],[-110.647622621929,33.1250736670193],[-110.647336027359,33.1253682651627],[-110.646788932979,33.1257974265889],[-110.646160474451,33.1264653878564],[-110.646037640161,33.1266882875008],[-110.645769657952,33.127350504799],[-110.645543486411,33.127611445577],[-110.645410371814,33.1277238189071],[-110.645224997,33.1278360419412],[-110.645019593958,33.1279301686429],[-110.644625080284,33.1283980906576],[-110.644147872057,33.1287688082402],[-110.644048255524,33.1288812751596],[-110.643595928587,33.129725617915],[-110.643356453114,33.1299594562146],[-110.643220851962,33.1300222086679],[-110.642856132045,33.1300775393392],[-110.642653071977,33.1302528495898],[-110.642231304683,33.1308266721393],[-110.641557653821,33.1313862377639],[-110.641382620008,33.131588686767],[-110.641286567073,33.1318116579882],[-110.641205657739,33.131935452183],[-110.641045271556,33.1321604928946],[-110.64093089598,33.1322751692616],[-110.640791115036,33.1323762425877],[-110.64032794081,33.1325823692738],[-110.639874375452,33.132732146247],[-110.639485428509,33.1328099465853],[-110.639219712748,33.132901634486],[-110.639129742185,33.1329464736104],[-110.63889699245,33.1331690479989],[-110.638771448922,33.1333919319081],[-110.638666478204,33.1334998680313],[-110.638439649675,33.1342388594419],[-110.638285765382,33.1351629741785],[-110.638273573579,33.1355214874551],[-110.638173292601,33.136118779435],[-110.638167033386,33.1366644778827],[-110.638064883562,33.137063320262],[-110.638010860556,33.1371646402471],[-110.637973750116,33.1373900340134],[-110.637878810361,33.1376648714805],[-110.637787564868,33.1380186453018],[-110.637689066021,33.1381807209972],[-110.637445354742,33.1384573800419],[-110.637042189324,33.1387268093875],[-110.636885910586,33.1389247970362],[-110.636764889105,33.1393483884996],[-110.636576444832,33.1395462805225],[-110.635896177138,33.1400606950199],[-110.635396920614,33.1405530856626],[-110.635165324155,33.1408139909323],[-110.63499501942,33.1411607653398],[-110.635106193992,33.1418240686745],[-110.635058809728,33.1419389361717],[-110.634963253041,33.1420356219707],[-110.634592452803,33.1422510169729],[-110.633981430563,33.1425423766195],[-110.633046404429,33.1427515979063],[-110.631971562066,33.1427416619043],[-110.631241472128,33.1426583216217],[-110.63059160006,33.1426225715203],[-110.630042084543,33.1426254501517],[-110.629753848962,33.1426448892317],[-110.62883527417,33.1427639273081],[-110.628219374178,33.1429357270139],[-110.627874627309,33.1430068586147],[-110.62748678323,33.1431274704548],[-110.627218752802,33.1431221585963],[-110.626492169806,33.1431605725927],[-110.626160919412,33.1432091896775],[-110.625898222504,33.1432106556709],[-110.625659381604,33.1432753344712],[-110.625515822001,33.1433109827363],[-110.624979761684,33.1433003499484],[-110.624700828335,33.1433378455095],[-110.624339822029,33.1434495082442],[-110.623944990342,33.1436354847536],[-110.623694007464,33.1437181614564],[-110.623404186855,33.1437939568974],[-110.622950862247,33.1438670011689],[-110.621857313129,33.1438411360609],[-110.621606569842,33.1438674351548],[-110.621526115353,33.1438762110777],[-110.620384715323,33.1440689244447],[-110.619801810738,33.1440423418417],[-110.619012741616,33.1439610053523],[-110.617538677233,33.1439068773],[-110.617293704828,33.1438384741354],[-110.616903975728,33.1437718807037],[-110.615311419082,33.1432302774124],[-110.614809292284,33.143122740175],[-110.613686012782,33.1431553417001],[-110.612230837843,33.1430764053421],[-110.6114383187,33.1431731566848],[-110.611148946341,33.1431451922587],[-110.610375045531,33.1429713930768],[-110.609148226668,33.1427781283832],[-110.608652010617,33.1425488127024],[-110.60846646038,33.1423813586239],[-110.608159700778,33.1420443954235],[-110.607716076316,33.1414431636564],[-110.607474531441,33.1412101349417],[-110.606433578058,33.1408189869904],[-110.606204967233,33.1406919836403],[-110.606013932405,33.1405538224314],[-110.605779790881,33.1404651370936],[-110.605368895304,33.1403420644256],[-110.605092161365,33.1401878464126],[-110.604814168632,33.1400155824168],[-110.604377302327,33.1397075126344],[-110.603937758794,33.1393994338699],[-110.602461656221,33.138330361113],[-110.601668710284,33.1379354545059],[-110.601252797469,33.1377401924342],[-110.600900847081,33.1376263141408],[-110.600524538305,33.1375642216706],[-110.600286912271,33.1376559159612],[-110.599997326382,33.1379751989065],[-110.599908650947,33.1380245249289],[-110.599105751493,33.1380535143539],[-110.59875250272,33.1379306060868],[-110.598523135193,33.1376795588111],[-110.598283345407,33.1373630834451],[-110.598069194491,33.1370083542229],[-110.597975288684,33.1367351932854],[-110.597925309506,33.1365275703594],[-110.597931801451,33.1362795382164],[-110.597980154417,33.1359617368001],[-110.598100845325,33.1356509324115],[-110.59809687176,33.1353464912655],[-110.598015171777,33.1350417998542],[-110.597848322341,33.1346015318271],[-110.597661530816,33.1344205267745],[-110.597562949379,33.1342916720642],[-110.597341047961,33.1341691833503],[-110.596316563176,33.1337216292083],[-110.596026010599,33.1336665671694],[-110.595925710183,33.1336211407381],[-110.595372569764,33.1336960166306],[-110.594640816631,33.133707167481],[-110.59390731773,33.1338062550861],[-110.593521369672,33.1338049972267],[-110.593392617708,33.1338271265566],[-110.593070016936,33.1340380448165],[-110.592849052463,33.1342943963664],[-110.592511138818,33.1343383920093],[-110.59233125235,33.1344054540653],[-110.591910850496,33.1346092847413],[-110.591196960795,33.1348121516945],[-110.590883983421,33.1349689755803],[-110.590310980074,33.1351339644686],[-110.590040673226,33.1353360272751],[-110.589871808146,33.1353377262044],[-110.589647609679,33.1354226789118],[-110.589503649555,33.135543975964],[-110.589237550316,33.1357054606919],[-110.588996984862,33.1358512433736],[-110.5888220428,33.1360062628645],[-110.588473980857,33.1362125758438],[-110.588254623305,33.1364080377329],[-110.587805057081,33.1365395969879],[-110.587210869337,33.1369322587361],[-110.587068054198,33.1370941464927],[-110.587019555986,33.1371481064175],[-110.586706326942,33.1376409171429],[-110.58620201595,33.1385840963736],[-110.585983507306,33.1391674216057],[-110.58572220908,33.1400144405231],[-110.585391932595,33.1404237548213],[-110.585060140955,33.1405850112947],[-110.584866855721,33.1406475081237],[-110.584733867184,33.1407124608709],[-110.58466636925,33.1408159668518],[-110.584770921861,33.1416664571363],[-110.584684948599,33.1419931478876],[-110.58456220254,33.1421596110585],[-110.584388527118,33.14232590261],[-110.584023294988,33.1424712594358],[-110.583211935044,33.1425790439758],[-110.582842988983,33.1426589889869],[-110.582624964547,33.1428499355704],[-110.582430001586,33.1429823287726],[-110.581946298532,33.1432377780751],[-110.581686873284,33.1433970137498],[-110.58119002147,33.1438801725248],[-110.580942880474,33.1442739692282],[-110.580963648922,33.1444161057858],[-110.581088893546,33.1445721237564],[-110.581539500113,33.1447968848237],[-110.581830821218,33.1449782648829],[-110.581934827622,33.1450913641137],[-110.582089978724,33.1460074221159],[-110.582101767439,33.1463479697305],[-110.581959679194,33.1466338794432],[-110.5818491765,33.1467597903659],[-110.581366028738,33.1468934682971],[-110.580814740509,33.1469818144096],[-110.579500606682,33.1471126856763],[-110.579329178178,33.1470850470564],[-110.579126013844,33.1469670992949],[-110.57833120359,33.1464074221665],[-110.578074614104,33.1462509573216],[-110.577548379379,33.1455861994714],[-110.577309422312,33.1453869475046],[-110.576988429027,33.1452460463289],[-110.57660841048,33.145116219837],[-110.575740239577,33.1447682479104],[-110.575343137846,33.1445684534792],[-110.575109049899,33.1444729445189],[-110.574910919639,33.1444249127787],[-110.574551633696,33.1444439812626],[-110.574165673778,33.1444358975457],[-110.573871395252,33.1443153749853],[-110.573591228558,33.1443256911773],[-110.572988942257,33.1444296139167],[-110.57266861007,33.1444307712634],[-110.572357332295,33.1444996074662],[-110.57208205514,33.1446069035361],[-110.571727800866,33.1446936316682],[-110.57109078294,33.144772620079],[-110.569886055529,33.1447346408529],[-110.569736123046,33.1446980428222],[-110.569515244118,33.144643159167],[-110.569029619872,33.1447339360243],[-110.568790249634,33.1448977235424],[-110.568460444096,33.1454648463761],[-110.567897531104,33.1465565770026],[-110.56761631853,33.1470517042599],[-110.56715223549,33.1476657120681],[-110.566750718356,33.1480927685141],[-110.566475401506,33.1482045614554],[-110.565797538222,33.1481345498078],[-110.565405394148,33.1480181761336],[-110.564928289744,33.1480074904033],[-110.564697924451,33.1479728606175],[-110.564278954476,33.1478608996859],[-110.563967165903,33.147758333585],[-110.563681960185,33.1477009591811],[-110.563105864534,33.1479221865974],[-110.562469661661,33.1483709565159],[-110.562188359945,33.1486067445611],[-110.561772830183,33.1491509962876],[-110.5616604285,33.149382868012],[-110.561683634318,33.1495678600153],[-110.56174820092,33.1497913342346],[-110.561699029481,33.1499760716214],[-110.561562164148,33.1502755067551],[-110.561535064494,33.1503340422872],[-110.561497439593,33.1506225509024],[-110.561494562291,33.1509314775416],[-110.561510505749,33.151229195075],[-110.561731407189,33.1518207864319],[-110.561882970682,33.1523399721994],[-110.561848530894,33.1525270175388],[-110.561724005843,33.1527701206497],[-110.561520441216,33.1530039250403],[-110.561302266683,33.1532106181535],[-110.560882414211,33.1535406257429],[-110.560680659968,33.1536797245127],[-110.559944040943,33.1540943010759],[-110.55991788773,33.154231765462],[-110.559894886344,33.1542745295094],[-110.559793444005,33.1544568263875],[-110.559712613009,33.154537720958],[-110.559257977074,33.1548518147927],[-110.559027752266,33.1550539507039],[-110.558799226917,33.1551839327528],[-110.558617989465,33.1552396650303],[-110.557860575331,33.1552527632388],[-110.557191855775,33.1552210731618],[-110.557001640197,33.1551955915442],[-110.556571163151,33.1552346498528],[-110.556118819167,33.1550909727544],[-110.555756487979,33.1549070249849],[-110.555378689997,33.1543351587762],[-110.555190786957,33.1541180070615],[-110.554923913643,33.1538780221234],[-110.554217782731,33.1530298681765],[-110.554020148168,33.1528825846802],[-110.553798273339,33.1527577641731],[-110.553503938364,33.1526484689226],[-110.553071695624,33.1525093622411],[-110.552477325601,33.1523583977625],[-110.552309985203,33.1523172060186],[-110.552120866794,33.1523413310703],[-110.551798742518,33.1524258624585],[-110.551635159514,33.1524365490644],[-110.551404260996,33.1525056235034],[-110.551131934577,33.1525497420306],[-110.550305890962,33.1528827593946],[-110.549873667677,33.1530029682953],[-110.549754004782,33.1530746958863],[-110.549521196994,33.1532542554529],[-110.549315867411,33.1535647045536],[-110.549230188389,33.1538056803067],[-110.54911913564,33.1542901052758],[-110.549156889024,33.1545089784308],[-110.549246963578,33.1547190193069],[-110.549799814026,33.1556523390868],[-110.549867949676,33.1559592670387],[-110.549943444372,33.156137685527],[-110.549948337817,33.1564917386887],[-110.550272059377,33.1574106973332],[-110.550300708931,33.1575754168496],[-110.550181861772,33.1582740408456],[-110.549810048304,33.1591589150772],[-110.54973582667,33.1592556126918],[-110.549465410995,33.159446309791],[-110.549252692246,33.1596259411332],[-110.548931868301,33.1599743059362],[-110.548847984954,33.1601250872211],[-110.54868090932,33.1605529345636],[-110.548584973086,33.1609629976266],[-110.548462802178,33.1612602161007],[-110.548132907819,33.1618069857403],[-110.548053897738,33.1620524957293],[-110.547852724876,33.162331385747],[-110.547502306906,33.1632185852657],[-110.547512727051,33.1635388350089],[-110.547546167622,33.1638140674722],[-110.547585805696,33.1639269611973],[-110.547756689237,33.1640651373169],[-110.547774889077,33.164175698964],[-110.547744517268,33.1643469695259],[-110.547887005662,33.1647939774062],[-110.547876705119,33.1652336666154],[-110.547755808055,33.1655421631624],[-110.547523052769,33.1659652594848],[-110.547245341407,33.1662664209037],[-110.547145095183,33.1664690065775],[-110.546809038336,33.166905254233],[-110.546626654109,33.167177447423],[-110.546599355112,33.1672720571075],[-110.546593307123,33.1674050805314],[-110.546433531458,33.1679727601267],[-110.546329085453,33.1682091553366],[-110.545876818178,33.1688208682959],[-110.545482933472,33.1690291461083],[-110.545244000808,33.169086904261],[-110.544848749613,33.1690403593239],[-110.544510119916,33.1689331366351],[-110.543837677328,33.1688246895171],[-110.543465453085,33.1687331255887],[-110.543284936799,33.1686422626327],[-110.542933946413,33.1683342948201],[-110.542686993476,33.167871112188],[-110.542540960803,33.1673361392347],[-110.542622989913,33.1670297600077],[-110.542728117937,33.1669219058379],[-110.542766415103,33.1667754714459],[-110.542021998366,33.1658166141217],[-110.541559861811,33.1654879372366],[-110.541460187535,33.1653206995844],[-110.541307441872,33.1647902105878],[-110.541043996076,33.1641510735704],[-110.540923016059,33.1639566970098],[-110.540834210356,33.16376243874],[-110.540679718717,33.1635679386814],[-110.54037752178,33.1634202490356],[-110.54019813692,33.1633722319779],[-110.539626010613,33.1633159972865],[-110.539032696743,33.1632100715994],[-110.538944482464,33.1631601356657],[-110.538742586376,33.1628030969751],[-110.538641083871,33.1627305611815],[-110.538547459505,33.1626896238537],[-110.538185612955,33.1626702417305],[-110.53750892994,33.1623587951652],[-110.536855976575,33.1621241029058],[-110.536337957037,33.1617230389888],[-110.536069179927,33.1615957583473],[-110.535473310041,33.1612146960717],[-110.534892132849,33.1608449599323],[-110.534784480908,33.1606686680753],[-110.534569757821,33.16046040487],[-110.534378282594,33.1604190986834],[-110.534301707916,33.1604503829329],[-110.534106549282,33.1605984830357],[-110.533985642841,33.1606476411886],[-110.533836669307,33.1606809090194],[-110.532740490571,33.1603588445474],[-110.532385477755,33.1603169221259],[-110.53209243661,33.1602166008246],[-110.531890563385,33.1601143669814],[-110.531706988269,33.1601001468084],[-110.53150019472,33.1601670192012],[-110.531408980987,33.160177951146],[-110.531239411727,33.1600510326709],[-110.531196828181,33.1599922427539],[-110.531227874489,33.1599517692786],[-110.531354264027,33.1598800842892],[-110.531350614776,33.1598101649917],[-110.531233239967,33.1596992289719],[-110.53113476526,33.1595635575548],[-110.530849007965,33.1593550205681],[-110.530646601829,33.1591016968581],[-110.530368769514,33.1589157392529],[-110.530038047107,33.1588445863054],[-110.529610642813,33.1588046377505],[-110.52884767652,33.1585965481196],[-110.528451286364,33.1585228873455],[-110.527788566926,33.158619597344],[-110.5271417632,33.1587479331978],[-110.527047615822,33.1588062057308],[-110.526829346649,33.1590128375518],[-110.526747300047,33.159064390673],[-110.526571528515,33.1590952922384],[-110.525996431392,33.1590998695825],[-110.525202525695,33.159410292222],[-110.52504383964,33.1595043961052],[-110.524879730273,33.1596097555976],[-110.524444432388,33.1600387998631],[-110.5243270678,33.1601759076168],[-110.524152622178,33.1604571165413],[-110.523951439196,33.160724693636],[-110.523893701666,33.1609905633092],[-110.523950758009,33.1615951227198],[-110.524079654042,33.1618053301109],[-110.524191562891,33.1619342930278],[-110.524426299205,33.1621561805472],[-110.524662706344,33.1623171889193],[-110.525361290407,33.1625363342384],[-110.525742451541,33.162702401387],[-110.525889678264,33.1627458061896],[-110.52605313811,33.1627622141082],[-110.52625811161,33.1630358488389],[-110.526517130806,33.163230765243],[-110.52661433532,33.1633529050774],[-110.526854493624,33.1635657872078],[-110.527020490084,33.1636092640657],[-110.527276447389,33.1636260211115],[-110.527558516898,33.1635233605246],[-110.52767584421,33.1633930152467],[-110.527742171222,33.1632737518808],[-110.528178049822,33.1629867636977],[-110.528277767341,33.1628901761629],[-110.528360360261,33.1627371481076],[-110.528381121009,33.1626154567006],[-110.528384078328,33.1623132971784],[-110.528425973189,33.1622503161347],[-110.528750074912,33.1620576123858],[-110.528942732945,33.1618779411563],[-110.529264368257,33.1616446366788],[-110.529436362985,33.1615686164814],[-110.529782357373,33.1615428629169],[-110.530293018016,33.1615583200684],[-110.530635851033,33.1616227530345],[-110.530999412999,33.1618225630293],[-110.531779503053,33.1623464051078],[-110.53192661267,33.1624123532497],[-110.532420928425,33.1624773506646],[-110.532574717907,33.1625478336141],[-110.533128728256,33.16298512773],[-110.533592593025,33.1634852215522],[-110.533824354363,33.1637679651554],[-110.533958640349,33.1639781828386],[-110.53452846038,33.1647244661907],[-110.534577548614,33.1648216143198],[-110.534828234298,33.1653299276659],[-110.534858115339,33.1655104397599],[-110.53480771103,33.1659161525888],[-110.534740819608,33.16614365775],[-110.534566360912,33.1664316461796],[-110.534441137889,33.1665349081074],[-110.534473514286,33.1670040700317],[-110.534473490443,33.1675159560297],[-110.534245604941,33.1677654089662],[-110.534142908365,33.1679183646184],[-110.534016427543,33.1680058370543],[-110.533695365447,33.1681286606315],[-110.533474646327,33.1682901937629],[-110.533245547269,33.1685148353794],[-110.533012688655,33.1686898528794],[-110.532848511662,33.1688064968321],[-110.532396832246,33.1690370676394],[-110.531737229549,33.1695419639358],[-110.531436557501,33.1696107379738],[-110.531258025569,33.1696529107993],[-110.530800823609,33.1696602088233],[-110.530436002389,33.1696904039164],[-110.53014112466,33.1696780163581],[-110.529986772152,33.1697112590482],[-110.529795860333,33.1698120126997],[-110.52910697363,33.1702739409273],[-110.528629079446,33.1706396979292],[-110.528123342054,33.1711970230825],[-110.528008322148,33.1713950267815],[-110.527934815015,33.1716022086555],[-110.52783390085,33.1719197811766],[-110.527765235647,33.1722239454163],[-110.527771995229,33.1729636113194],[-110.527735575682,33.1735046737465],[-110.527803681511,33.1740551522676],[-110.527924040657,33.1743622880792],[-110.527941710636,33.1745675611365],[-110.527812190763,33.1749684598828],[-110.527825052546,33.1753202877972],[-110.527906579605,33.1758685626109],[-110.527893823504,33.1759970492978],[-110.527850001593,33.1761682622813],[-110.527711372412,33.176517262055],[-110.527530202392,33.1767984492539],[-110.527381800891,33.1769692658491],[-110.527232324875,33.1770904686506],[-110.527040114685,33.177179939063],[-110.526807910799,33.177226410913],[-110.526571916754,33.1772300240961],[-110.526400471151,33.177197801898],[-110.526221125929,33.1771384899889],[-110.525937739576,33.1769795615623],[-110.524768388838,33.1762715430624],[-110.524037520503,33.1760522719129],[-110.523686653659,33.1759765148084],[-110.523357115945,33.1759233893363],[-110.522744723146,33.1758624129305],[-110.52200531787,33.1757355509996],[-110.521277527306,33.1756921655164],[-110.520938288829,33.1756976257865],[-110.519517813574,33.1758116670241],[-110.518401421698,33.1759742229984],[-110.518140140629,33.1759438971636],[-110.518046352378,33.1759322591812],[-110.517782501533,33.1758816278023],[-110.517427939608,33.1757472099748],[-110.517210915174,33.1757147973764],[-110.517010889634,33.1757613773508],[-110.516863076497,33.1758216881374],[-110.51669216032,33.1759382848299],[-110.516555955716,33.1760820763404],[-110.516387002328,33.1763294701949],[-110.516293339615,33.1765388215847],[-110.51599839489,33.1770224993711],[-110.515771551442,33.177312512056],[-110.515314197602,33.1778271264488],[-110.514934688138,33.1783262582406],[-110.514614913529,33.1786903208842],[-110.514415436649,33.1788789638785],[-110.514169080904,33.1790584019505],[-110.513610978815,33.1793606473664],[-110.513413286642,33.1794681150419],[-110.512633691086,33.1798168453755],[-110.512112467204,33.1799952027174],[-110.511796946408,33.1800728916807],[-110.511439971764,33.1801301208874],[-110.510689019773,33.1801474664075],[-110.510321707311,33.1801347469808],[-110.509795729885,33.1802025819609],[-110.509588959371,33.1802536330691],[-110.509455795058,33.1803297779745],[-110.508856074496,33.1808776331002],[-110.508640212748,33.181115810645],[-110.508536140776,33.1812642292451],[-110.50845772001,33.1813811798108],[-110.508215024833,33.182101819444],[-110.508015404846,33.1825520294088],[-110.507842089656,33.1828535134291],[-110.507606099844,33.1833328943647],[-110.506955940743,33.1840226045278],[-110.506736348862,33.1844456731832],[-110.506609196558,33.1846436093386],[-110.506385299605,33.1848772402236],[-110.506228367993,33.1851246680154],[-110.506055611715,33.1853246771437],[-110.505769702677,33.1857362060772],[-110.505482602958,33.1860011554627],[-110.50521495637,33.1861444108966],[-110.504881785874,33.1862558361342],[-110.504488324623,33.1863580001119],[-110.504033322666,33.1864351131607],[-110.503661746067,33.186460691431],[-110.502689443032,33.1864861264891],[-110.501939558789,33.1865417587003],[-110.501601401973,33.1865855043152],[-110.501518087599,33.1866167407036],[-110.500990673731,33.1866935529738],[-110.500856470408,33.1867133093827],[-110.500655133036,33.1867485816905],[-110.500655357985,33.1865907333728],[-110.500409396465,33.1865739613853],[-110.499490745793,33.1868318501512],[-110.49879204206,33.1868470787601],[-110.498229423761,33.1867478472867],[-110.496594655679,33.1860782807565],[-110.495946964181,33.1858501606971],[-110.495249097205,33.1857210527414],[-110.494550704932,33.1854498752755],[-110.493273499748,33.1846351411531],[-110.49155341379,33.1838930002744],[-110.490667566524,33.1835804449114],[-110.489440814175,33.1833251150541],[-110.4878233127,33.1831673866814],[-110.487090603577,33.1830403453696],[-110.486545046056,33.1830110371468],[-110.486035349071,33.1830405037448],[-110.48372536777,33.1827580914671],[-110.482662827196,33.1826296565139],[-110.481487833663,33.1824714281714],[-110.480091002497,33.1821882391916],[-110.479103538405,33.1822900962122],[-110.477792847406,33.1826318736544],[-110.47714518061,33.182863673664],[-110.476498128136,33.182991743523],[-110.476072899292,33.1830215253394],[-110.474846021054,33.1830208663863],[-110.472769313844,33.1827505095021],[-110.472036712785,33.1826098504657],[-110.470912976408,33.1821811413123],[-110.470299601688,33.182282262542],[-110.467489569994,33.1824416542395],[-110.466858857098,33.1825268989367],[-110.466475220114,33.1825523150026],[-110.465548321903,33.182613734128],[-110.463930536354,33.1831727799785],[-110.462993362337,33.1838181775721],[-110.462295561479,33.1850057998814],[-110.462176978257,33.1853209848239],[-110.462057441783,33.1864502166182],[-110.462177334454,33.1872377255188],[-110.462364351348,33.1877932602179],[-110.462721995423,33.1882954112837],[-110.463880216786,33.1894527035241],[-110.464306694321,33.1903249636826],[-110.464306767853,33.1907534110898],[-110.46418721326,33.1916684213307],[-110.463829617066,33.1922554320503],[-110.46175858848,33.1938768471816],[-110.460628056804,33.1947604174893],[-110.459589729556,33.1954752534568],[-110.458294551469,33.1965204458008],[-110.456268099625,33.1976233150303],[-110.45563824431,33.1977671359587],[-110.454752514178,33.1978669882185],[-110.454225035342,33.1981533136822],[-110.453986048772,33.1981973647136],[-110.453713356786,33.1980541051228],[-110.45361089385,33.1979251211218],[-110.453696327855,33.1971249785389],[-110.453509607157,33.1960958867285],[-110.453236457545,33.1953798575903],[-110.452656749069,33.1950097474582],[-110.452146073496,33.1947526879805],[-110.451618144602,33.1942520111678],[-110.451362550713,33.1941651963439],[-110.451158088113,33.194265768147],[-110.450919382399,33.1944811939679],[-110.4504088053,33.1946390441472],[-110.449813658827,33.1945958259889],[-110.449091570102,33.1942656597824],[-110.449094224065,33.1938417341904],[-110.449324904316,33.1792642782039],[-110.449391406686,33.164769495606],[-110.449390503483,33.164699586586],[-110.449368417279,33.1502156538956],[-110.449346078627,33.1357677663495],[-110.449305609609,33.1250788628396],[-110.449308083907,33.1212476166475],[-110.449322091003,33.1069779692478],[-110.449306067739,33.0925773658083],[-110.449260169503,33.0780232558363],[-110.449215336586,33.0635097068264],[-110.449385427788,33.0489857985824],[-110.449378165997,33.0344452886294],[-110.449348317133,33.0198730744526],[-110.449388422809,33.0054522239711],[-110.449400396215,33.0000784911295],[-110.449377963632,32.990979251083],[-110.449372470393,32.9882009981559],[-110.44937079994,32.9871771946009],[-110.4493626864,32.9833119913901],[-110.449346279469,32.976472324438],[-110.449350612071,32.961976799638],[-110.449353333202,32.9475195699059],[-110.448474732866,32.9475202052872],[-110.448481735628,32.9341138268773],[-110.448482386522,32.9337936091378],[-110.448487568192,32.9195979157049],[-110.44848741848,32.9189755138323],[-110.448473433019,32.9123928677856],[-110.448455924149,32.9050840619257],[-110.448457095112,32.9044639175437],[-110.448460937337,32.8941401435489],[-110.448461651154,32.8933779262954],[-110.448461394128,32.8906154386675],[-110.448462564044,32.8899952947299],[-110.448465924757,32.8760768716355],[-110.448513000627,32.8615655183998],[-110.448480047368,32.8472432087788],[-110.448482584433,32.8459690845582],[-110.44850389992,32.8328015960811],[-110.44850269284,32.8314846049304],[-110.448489432458,32.818287616934],[-110.448492185826,32.8169774057659],[-110.448507532362,32.8037917900015],[-110.448510114607,32.8025086358722],[-110.448523895187,32.7892463082972],[-110.44852754488,32.7880060042381],[-110.448561169925,32.7747662843892],[-110.448562228057,32.7735124347305],[-110.448563240439,32.7590615321135],[-110.448563780125,32.7552931972671],[-110.448563372298,32.751678206821],[-110.448619852394,32.7444597457238],[-110.448623465955,32.7300065321703],[-110.448624803758,32.7261051307548],[-110.448625558111,32.7154698394666],[-110.44862801633,32.7009759613171],[-110.448630925103,32.6865113700646],[-110.448631836273,32.6800706230274],[-110.44863186844,32.6729037015901],[-110.448597952219,32.6656193529424],[-110.448563424266,32.6584342214033],[-110.448587686851,32.6439493297716],[-110.448573862144,32.6294755138777],[-110.448516552713,32.6149180309328],[-110.448461183215,32.6003672904051],[-110.448479793478,32.5866738157335],[-110.448479815158,32.5864528062387],[-110.448405431674,32.572172540348],[-110.448403817323,32.5720011374151],[-110.448455702752,32.5646110560107],[-110.448503866039,32.5576088446275],[-110.448504831385,32.5574509844162],[-110.448499676102,32.55023879623],[-110.44849768539,32.5464274771525],[-110.448493926931,32.542904815996],[-110.448593620767,32.528442542739],[-110.449275675736,32.5139489593303],[-110.45151545347,32.5139497234849],[-110.466237051115,32.5139544107597],[-110.469050381348,32.5139618051297],[-110.483188249279,32.5139981275161],[-110.48590854773,32.5139844656351],[-110.487272694768,32.51397650114],[-110.490023600503,32.5139628752795],[-110.490091471253,32.5139631509352],[-110.500644639108,32.5137822142472],[-110.500644556277,32.5139175281338],[-110.500644431435,32.5139400805504],[-110.502363239395,32.5139333592516],[-110.517064520272,32.5138891683979],[-110.518984860272,32.5138987805811],[-110.534143483393,32.5138160026341],[-110.536107733363,32.5138277709625],[-110.551362692537,32.5137725915431],[-110.553244514224,32.5137680122564],[-110.568307669688,32.5137461791711],[-110.570210774903,32.513743674159],[-110.585416800224,32.5137653859968],[-110.587297254437,32.5137693142063],[-110.602660844349,32.513827796669],[-110.604349655027,32.5138331197094],[-110.619858073369,32.5137974923584],[-110.621532286109,32.51379351948],[-110.636718982734,32.5138382905979],[-110.63671906396,32.513817993223],[-110.636954638693,32.5138141627017],[-110.638458408372,32.5138342797535],[-110.638584827565,32.5138368989171],[-110.63869262423,32.5138372078542],[-110.65390611114,32.5138438970993],[-110.661107563645,32.5137732921608],[-110.661237993009,32.5137713882948],[-110.670998249434,32.5138085680869],[-110.67832864806,32.5137756542384],[-110.68818152566,32.5137801635825],[-110.688309285476,32.5137804797626],[-110.695531749495,32.5137868908898],[-110.705877795025,32.5137663994382],[-110.712732341504,32.5137551743904],[-110.722786868934,32.5137551791753],[-110.729824375613,32.5137547022732],[-110.740080528074,32.5137560126307],[-110.747068129174,32.5137567242333],[-110.75065597603,32.5137977153064],[-110.756860862845,32.5138662409103],[-110.763366714076,32.5138651145978],[-110.774114338975,32.5137202372961],[-110.780499433959,32.5137089872448],[-110.791168204373,32.5136910655153],[-110.797607531703,32.5136790368855],[-110.80821508952,32.5136573151237],[-110.814855040495,32.513644709096],[-110.825432649859,32.513623747758],[-110.831774807855,32.5136188563463],[-110.84258842068,32.5137230619361],[-110.844956641318,32.5137372784487],[-110.844927195595,32.5111211334686],[-110.84880707409,32.5111799823659],[-110.858122200435,32.5113193824104],[-110.858739682528,32.511329098306],[-110.862486503166,32.5113851203703],[-110.875878257044,32.5115546578465],[-110.879572546453,32.511598842995],[-110.88623463378,32.5115892573673],[-110.886373370679,32.5115893828235],[-110.886562014608,32.5115895524883],[-110.886634876462,32.5115896188602],[-110.892931654158,32.5115793478658],[-110.894451770846,32.5115873979371],[-110.896577410605,32.5115959288723],[-110.910157144181,32.5115319358719],[-110.911696888911,32.511544301849],[-110.913939300139,32.5115616431444],[-110.927035683448,32.5113940087133],[-110.931009387333,32.5115405881504],[-110.943962967397,32.5114387711138],[-110.947930106469,32.5114810703729],[-110.961088255515,32.5114226808126],[-110.96515922113,32.5114261293132],[-110.978177959564,32.5113230630818],[-110.982414603242,32.5113553002458],[-110.995283926513,32.5112775070143],[-110.999676279308,32.511309168615],[-111.000663077879,32.5113091668847],[-111.012519620554,32.5111574429972],[-111.01675859889,32.5112020551742],[-111.02964986523,32.5112357611669],[-111.033957051348,32.5112527150416],[-111.038198692271,32.511262775544],[-111.046747186322,32.5112824422344],[-111.051022769826,32.5112988231409],[-111.063371719556,32.5112841875557],[-111.067984953809,32.5112411840913],[-111.080366534034,32.5112677133847],[-111.085083617257,32.5112826539336],[-111.093885932414,32.511262862022],[-111.097568615021,32.511253293622],[-111.102217809419,32.51125185774],[-111.114735153256,32.5112906811882],[-111.119383097783,32.5113495041434],[-111.132164072356,32.5112374951363],[-111.136892444007,32.5112346940936],[-111.14925054308,32.5111417059029],[-111.149284479368,32.5111416658182],[-111.157853389887,32.5112304390004],[-111.157700699385,32.5015216974106],[-111.16596853505,32.501553914733],[-111.175008167716,32.501589027548],[-111.175077362555,32.5015889312811],[-111.183129873167,32.5015729586732],[-111.183433265087,32.5015725167049],[-111.19224724324,32.501554848549],[-111.200254831783,32.5015378493477],[-111.200302735474,32.5015377730889],[-111.209209274033,32.5015593638403],[-111.217271165996,32.5015772759574],[-111.222091871143,32.5015891563182],[-111.222329399018,32.5015909930418],[-111.226295475144,32.5015997095011],[-111.226346080682,32.5016154054158],[-111.227908931258,32.5016080738268],[-111.228650768335,32.501604473318],[-111.228715965645,32.5016020991173],[-111.228810442145,32.5016019275512],[-111.233746167976,32.5015815789802],[-111.233863598258,32.501581361364],[-111.233885553786,32.5015813199833],[-111.233985353459,32.5015811346385],[-111.234322337935,32.5015782523764],[-111.234456068585,32.5015780035631],[-111.243329229883,32.5015566471647],[-111.243396427833,32.5015565170628],[-111.250662124995,32.5016505055607],[-111.251423481743,32.5016083919126],[-111.260974191798,32.5016723905791],[-111.26199513934,32.5016702694587],[-111.270241888702,32.501650572763],[-111.278153970047,32.501631076121],[-111.286803141027,32.5015823408605],[-111.287020037146,32.5015818464354],[-111.29100031424,32.5015591724255],[-111.291321001513,32.5015584309175],[-111.295282313568,32.501535666045],[-111.304183041209,32.5015122088951],[-111.308134379395,32.5014935738056],[-111.308369572748,32.5014929975917],[-111.312418044974,32.5014739895739],[-111.321347962427,32.501431203552],[-111.329577677119,32.5014076619389],[-111.338269441924,32.5013800857068],[-111.346781899397,32.5013546591887],[-111.346820487701,32.5013545525849],[-111.34697351171,32.5013541308551],[-111.355677122947,32.5012982562759],[-111.355715047192,32.5012981484923],[-111.363772169334,32.5012976666935],[-111.372344575155,32.5012951438652],[-111.372443374565,32.5012948515709],[-111.372548163366,32.5012945418116],[-111.38100647981,32.5012962777899],[-111.389806392671,32.5012873659471],[-111.398193309406,32.501243063173],[-111.40688231775,32.5012829236083],[-111.406934878304,32.5012827541688],[-111.415339557936,32.5013432473022],[-111.415488255694,32.5013427556641],[-111.424041796636,32.501293924039],[-111.432429991803,32.5013149926063],[-111.432579687924,32.5013144782973],[-111.441117111658,32.5013073903541],[-111.449557712446,32.5012978143688],[-111.449665493367,32.5012974298434],[-111.458213544543,32.5012891436992],[-111.462495310518,32.5013027972724],[-111.463019932398,32.5013053778565],[-111.466511937112,32.5013150322251],[-111.474756497252,32.5012887062912],[-111.483651374761,32.5012570860294],[-111.491802938323,32.5012615741875],[-111.500671032239,32.5012626844546],[-111.508818808389,32.5012457872836],[-111.517835606714,32.5012495966246],[-111.526042360814,32.5012516392493],[-111.534967329037,32.501254604044],[-111.543096892621,32.5012558619674],[-111.552025295673,32.5012779001732],[-111.56016004072,32.501257735264],[-111.569286108874,32.5012911994155],[-111.569236465608,32.5067174976648],[-111.59051230782,32.5066645441976],[-111.604316864146,32.5066711629536],[-111.60760772074,32.5066710999859],[-111.621450187991,32.5066779106119],[-111.624745076237,32.5066841446507],[-111.638544012359,32.5066532068683],[-111.641829691705,32.5066748282801],[-111.641862308502,32.5066769169253],[-111.655661999776,32.5066621391403],[-111.658980095966,32.5066583350866],[-111.659024007468,32.5066581048609],[-111.672824425228,32.5066549727842],[-111.676198433477,32.5066549263356],[-111.689956234375,32.5066501430125],[-111.692827896011,32.5066501486156],[-111.707119284173,32.5066450598732],[-111.710010494,32.5066355423042],[-111.724211678251,32.5065861723852],[-111.727158630776,32.5066007478934],[-111.735580963394,32.5066419949459],[-111.741376710951,32.5066688664197],[-111.744142619756,32.5066750900986],[-111.744180543527,32.5066748652298],[-111.758409215219,32.5067364868417],[-111.761299458611,32.5067325613701],[-111.775513794215,32.5067134032157],[-111.777065360095,32.506710595339],[-111.778552293073,32.5066968924862],[-111.792663352445,32.5066268210055],[-111.793809699708,32.5066218482481],[-111.79507721213,32.5066251203757],[-111.809781420915,32.5066711588653],[-111.812115437663,32.5066696451918],[-111.826901307401,32.5066612863715],[-111.829411226228,32.5066515301271],[-111.844001088025,32.5066041144035],[-111.844299892991,32.5066111297645],[-111.846509461053,32.5066075590824],[-111.861332747343,32.5065881351339],[-111.863707321573,32.5065853864374],[-111.87568724405,32.5065657172695],[-111.875687059774,32.5066153327398],[-111.878388707508,32.5066190505982],[-111.881191789754,32.5066197449837],[-111.884307602739,32.5066226897885],[-111.895391905826,32.5065984155496],[-111.909152143836,32.5065380686786],[-111.909190798879,32.5065445551986],[-111.912527280735,32.5065925634488],[-111.926302452246,32.5065324887277],[-111.929633594081,32.5065462554941],[-111.943363306373,32.5065974045048],[-111.943407880321,32.5065970703775],[-111.946776316148,32.5066461864482],[-111.960553326489,32.5066094075581],[-111.96392458203,32.5066106836822],[-111.977682010435,32.5066127717383],[-111.981034627034,32.5066137346294],[-111.994783933298,32.5065756774792],[-111.994821188036,32.5065753828905],[-111.998181158524,32.5065803412118],[-112.000691475884,32.5065829501167],[-112.000691368112,32.506603246952],[-112.000691409151,32.5066370739616],[-112.011492455479,32.5066747290654],[-112.01527755054,32.5066780673994],[-112.028709009187,32.5066907332308],[-112.032388977931,32.5066944160248],[-112.045849328053,32.5067050144949],[-112.04936296996,32.5067095826629],[-112.049559221312,32.5067079452202],[-112.06306702348,32.5066824791811],[-112.066699598337,32.5066742824318],[-112.080177859447,32.506685564554],[-112.083828514164,32.5066879937719],[-112.097268515001,32.5067834679569],[-112.100946073537,32.5068099711864],[-112.113842459515,32.5067934195992],[-112.118068529667,32.5067897587285],[-112.125694281209,32.506778132661],[-112.13089862943,32.5067427315009],[-112.135215647633,32.5067241467139],[-112.148042978465,32.5067250067712],[-112.152354909735,32.5067261751459],[-112.157789151156,32.5067732485134],[-112.165356681817,32.5067394572837],[-112.169460085469,32.5067194197496],[-112.182402389854,32.5067157061472],[-112.186605127096,32.5067122157396],[-112.19958595587,32.506706370507],[-112.203688223328,32.506703267631],[-112.203695132262,32.5211987146548],[-112.203654754936,32.5356855615242],[-112.203613650662,32.5502129743044],[-112.203627863385,32.5646902147986],[-112.203616793365,32.5792375720948],[-112.203605797621,32.5937600901059],[-112.20359448456,32.6082532644029],[-112.203628748739,32.6227617547047],[-112.203591574664,32.6373024685344],[-112.203663708909,32.6518150409909],[-112.203607782113,32.6663378295688],[-112.203550671222,32.6808673635058],[-112.20360991437,32.6953686877549],[-112.203631674399,32.7099019105164],[-112.20360762785,32.724419754769],[-112.203645251858,32.73888060006],[-112.203643518029,32.7533846369105],[-112.203604347681,32.7679025306615],[-112.203564209463,32.7823685371991],[-112.203547190696,32.7968861544572],[-112.203569836908,32.8114191426844],[-112.203591262603,32.8259295598015],[-112.203561298921,32.8404607345379],[-112.203520134026,32.8477513649609],[-112.203479129589,32.8549540446159],[-112.203459280088,32.8694828032054],[-112.203488799893,32.8769080179023],[-112.203470870198,32.8840585793886],[-112.203462191868,32.8985871645867],[-112.203453494633,32.9130841503773],[-112.203444566698,32.9275833593569],[-112.20356840497,32.9420812578674],[-112.203118526003,32.9420855913798],[-112.20309228185,32.9565826493358],[-112.203027169469,32.9710935787941],[-112.203030086302,32.9855857819401],[-112.203031762162,32.992907408445],[-112.202855302867,33.000066136476],[-112.202852054039,33.0001225392527],[-112.202957645477,33.0147016300295],[-112.203030624798,33.0289901201979],[-112.202134246654,33.0290167992181],[-112.202138964466,33.0297586100224],[-112.202122853069,33.0436014638192],[-112.202123054179,33.0444538042668],[-112.202130600137,33.0580866961865],[-112.202130665099,33.0587315882386],[-112.202107006484,33.0691538211057],[-112.202098947521,33.0724505137019],[-112.202097296581,33.072969148482],[-112.202075856961,33.0763155760425],[-112.202007441429,33.086889286753],[-112.202005162989,33.087214008549],[-112.202036684462,33.1016831316114],[-112.202040177177,33.1032186549552],[-112.202064555777,33.1162221571206],[-112.202058465807,33.1177419859106],[-112.202124194707,33.1308735864897],[-112.202089306055,33.1321479112939],[-112.202210411981,33.1454029643822],[-112.202195201046,33.1466951344055],[-112.202323445894,33.1599252853318],[-112.202320803832,33.1613030157245],[-112.202317779782,33.1744351914287],[-112.202283188704,33.175829010369],[-112.20218208201,33.1889418110245],[-112.202153920107,33.1903400746489],[-112.202016974766,33.2034283898841],[-112.202008475499,33.2048670478869],[-112.202237339593,33.2179269961697],[-112.202254656252,33.2192909922852],[-112.202162907235,33.2323900865555],[-112.202141054095,33.2337341645489],[-112.20217088535,33.2468906797773],[-112.202175074032,33.2482254837347],[-112.202088103477,33.2614214308254],[-112.202088112389,33.2614710364896],[-112.202087610729,33.2628058823567],[-112.202079261623,33.2757124256889],[-112.202067549433,33.2772570736723],[-112.202035625711,33.2903487094092],[-112.203093233741,33.2903339664113],[-112.203265815755,33.3049568468785],[-112.203265825525,33.3050064521916],[-112.203253704348,33.3103797197869],[-112.203180495728,33.3103285691582],[-112.203060630139,33.3102530669407],[-112.202925603232,33.3101980045055],[-112.202785970102,33.3101497514808],[-112.202652224996,33.3100901672875],[-112.202519057229,33.3100238124257],[-112.202401206174,33.3099482905034],[-112.202320605071,33.309847605166],[-112.202273256678,33.3097240506256],[-112.202229265393,33.3096004631011],[-112.202212795807,33.3094766094291],[-112.202264185824,33.3093566088373],[-112.202251072123,33.3092327222041],[-112.202241283368,33.3091065492842],[-112.202284586978,33.3089843724805],[-112.202329902913,33.3088621748025],[-112.202326218756,33.3087404522533],[-112.202274874904,33.3086191909265],[-112.202238299123,33.3084977865287],[-112.202254019263,33.3083713665086],[-112.20224359149,33.3082474547453],[-112.202180930017,33.3081330661238],[-112.202113569462,33.3080187243315],[-112.202043555384,33.3079066627273],[-112.201973541486,33.3077946010806],[-112.201905542337,33.3076825194378],[-112.20184150735,33.3075658903104],[-112.201765514358,33.3074583950354],[-112.201654958408,33.3073760377328],[-112.201525792626,33.3073073885321],[-112.201407242903,33.3072296174351],[-112.201294002929,33.3071472848929],[-112.201190034561,33.3070558444023],[-112.201104708463,33.3069529490054],[-112.201036679067,33.3068386126403],[-112.200984698986,33.3067196109947],[-112.20094275547,33.3065982581277],[-112.200895473761,33.3064792123273],[-112.200830129632,33.3063648498585],[-112.200752796622,33.3062573678213],[-112.200668112041,33.3061522109348],[-112.200574793315,33.3060539015266],[-112.200476807664,33.30595789307],[-112.200384130663,33.305857323244],[-112.20030414497,33.3057521211063],[-112.200242128062,33.3056354711721],[-112.200186792966,33.3055165020687],[-112.200124136153,33.3054021132368],[-112.200028929064,33.3053128411261],[-112.199885278425,33.3052646227914],[-112.199742484545,33.3052299254109],[-112.199669181828,33.3051224037349],[-112.199591820439,33.3050126658126],[-112.199495819563,33.304914382415],[-112.199389204198,33.30482522053],[-112.199260715091,33.30475656198],[-112.199159468226,33.3046673480099],[-112.199083420345,33.3045553425585],[-112.199028758651,33.3044363659711],[-112.198942247667,33.3043447549288],[-112.198806655035,33.3042964575154],[-112.198766027111,33.3041728366511],[-112.198718047663,33.3040515408568],[-112.198656034081,33.3039348900816],[-112.198543471019,33.3038525489239],[-112.198428987383,33.3037769902372],[-112.198422499798,33.3036462746584],[-112.198333275897,33.3035524348681],[-112.198213331158,33.3034701642381],[-112.198130664657,33.303364986558],[-112.1980847308,33.3032459257359],[-112.198081631368,33.3031174324045],[-112.198073192699,33.3029912460358],[-112.198023902401,33.3028722180319],[-112.197941237766,33.3027670393074],[-112.197834625529,33.302677876038],[-112.197720051475,33.302595553088],[-112.197591597799,33.3025291478928],[-112.197484924507,33.3024354749594],[-112.19736190301,33.3023735261679],[-112.197210057267,33.3023637157002],[-112.197052170353,33.3023539628617],[-112.197008435819,33.3022484089141],[-112.19692250988,33.3021500258958],[-112.196832493585,33.3020471731991],[-112.196761821018,33.3019351144696],[-112.196701184622,33.3018207039417],[-112.196639206148,33.3017063072257],[-112.196565177433,33.3015942802842],[-112.196473882612,33.3014959487099],[-112.196369255948,33.3014045100582],[-112.196253342699,33.301322198663],[-112.19612495255,33.3012603003824],[-112.195985949032,33.3012075241705],[-112.195851610537,33.3011524469551],[-112.195736400026,33.3010723832827],[-112.19563046321,33.3009832120598],[-112.195498596301,33.3009123262805],[-112.195379452128,33.3008390646514],[-112.195353688609,33.3007220639341],[-112.195372712424,33.3005911033473],[-112.19540390964,33.3004667899782],[-112.195335283231,33.3003569647795],[-112.195242587282,33.3002541358352],[-112.195133966448,33.3001649891255],[-112.195001614775,33.3001076377976],[-112.19485352283,33.3000774957798],[-112.194727760511,33.3000110608158],[-112.194615815741,33.2999242006313],[-112.194519185695,33.2998281725879],[-112.194451201238,33.2997160875441],[-112.194396580727,33.2995993630054],[-112.194339945979,33.2994826582699],[-112.194273242696,33.2993660508401],[-112.194193910632,33.2992585834505],[-112.194084714352,33.2991762053948],[-112.193952911855,33.2991098282007],[-112.193829774502,33.2990388580187],[-112.193736471045,33.2989405432831],[-112.193667787505,33.298826208656],[-112.193619177733,33.2987071718733],[-112.193591983847,33.2985834200491],[-112.193579525548,33.2984572710744],[-112.193584517904,33.2983309551691],[-112.193590180265,33.2982046323578],[-112.193585105124,33.2980784128209],[-112.19356929038,33.2979522965617],[-112.193526020292,33.2978309538516],[-112.193464048808,33.2977165545407],[-112.193396708772,33.2976022068262],[-112.193326714224,33.2974901391193],[-112.193254035508,33.2973780980838],[-112.19320948437,33.2972612766194],[-112.193197026823,33.2971351275757],[-112.193198632434,33.2970065892399],[-112.193197585516,33.2968803309412],[-112.193195835708,33.2967518244125],[-112.193208241175,33.2966276921884],[-112.193250239937,33.2965077844891],[-112.193316461093,33.2963921538182],[-112.193395557697,33.2962854205688],[-112.193486154665,33.2961853388898],[-112.193579436814,33.2960852322248],[-112.193667990463,33.2959829159931],[-112.193751814549,33.2958783902069],[-112.193829537255,33.2957694135537],[-112.193895116773,33.2956560437062],[-112.193950598194,33.295540516895],[-112.194006719783,33.2954227280164],[-112.194068241629,33.2953071425837],[-112.194134491568,33.2951937665985],[-112.194208154942,33.2950825742186],[-112.194282519959,33.2949736291165],[-112.194359570139,33.2948646581312],[-112.194437991958,33.2947579293146],[-112.194518426787,33.2946511815194],[-112.194600907535,33.294546668067],[-112.194687413403,33.2944421157979],[-112.194780692332,33.29434200822],[-112.194901155373,33.2942664422536],[-112.195030464077,33.2941998095392],[-112.195108276065,33.29409759567],[-112.195175194816,33.2939842131077],[-112.19523332803,33.2938664047183],[-112.195283345723,33.2937441645031],[-112.195324668158,33.2936242629862],[-112.195356534094,33.2934999434889],[-112.195381688298,33.2933756877256],[-112.195404829262,33.2932514508974],[-112.195427970165,33.2931272149645],[-112.195456448644,33.2930006730757],[-112.195493713388,33.2928785560473],[-112.19553705044,33.2927586354981],[-112.195579714174,33.2926387209513],[-112.195614935721,33.2925143676901],[-112.195638075065,33.2923901317084],[-112.195656487284,33.2922636862951],[-112.195677613363,33.292139469248],[-112.195701424642,33.2920152263288],[-112.195739360756,33.2918931031938],[-112.19579145137,33.291775352262],[-112.195812577147,33.2916511360855],[-112.195814210755,33.291524851853],[-112.195814470403,33.291396326321],[-112.195824828605,33.2912699575642],[-112.195850652569,33.2911456956523],[-112.195908142784,33.2910301480582],[-112.195973716108,33.2909167779617],[-112.196045360474,33.2908056033987],[-112.196119688807,33.2906944038224],[-112.196196061936,33.2905854376725],[-112.196273806688,33.2904787145751],[-112.196353565424,33.2903719715667],[-112.196436679129,33.2902651957061],[-112.1965225384,33.2901629041764],[-112.196613095762,33.2900605668378],[-112.196709723007,33.2899604249725],[-112.19681382491,33.2898669758888],[-112.196929674268,33.2897982163978],[-112.197083419874,33.2898012456731],[-112.197208664407,33.289732395293],[-112.197306694343,33.2896367493825],[-112.19739862314,33.289536652754],[-112.19748783678,33.2894343277267],[-112.197577721237,33.2893319957078],[-112.197634535901,33.2892164542289],[-112.197650259437,33.289090034382],[-112.197640481916,33.2889638597372],[-112.197613925661,33.2888378474529],[-112.197566659296,33.288718799067],[-112.19747735909,33.2886181929482],[-112.197377383388,33.2885222006331],[-112.197326121172,33.2884054461335],[-112.197308289843,33.2882793491458],[-112.197317943705,33.2881507329068],[-112.197284770522,33.2880315488784],[-112.197220757289,33.2879149159887],[-112.19716345544,33.2877982183236],[-112.1971717972,33.2876718692682],[-112.197199632341,33.2875475880469],[-112.197165757706,33.287426154861],[-112.197111109466,33.287307177934],[-112.197036453342,33.2871974121081],[-112.19698452028,33.2870806625592],[-112.196968032817,33.2869545534456],[-112.196959598551,33.2868283657522],[-112.196947137207,33.2867022177948],[-112.196893862554,33.2865854811415],[-112.196821220334,33.2864756962032],[-112.196745191387,33.2863636888942],[-112.196673219465,33.2862538969437],[-112.196600577796,33.2861441109659],[-112.196525922239,33.2860343457085],[-112.196447911867,33.2859246113996],[-112.196363281991,33.2858217053416],[-112.196268648961,33.2857234051753],[-112.196172674149,33.2856251178708],[-112.196084720708,33.2855244986416],[-112.196029404139,33.2854055272056],[-112.196022344183,33.2852815816106],[-112.19604944762,33.2851527972401],[-112.195988245335,33.2850451565138],[-112.195882938216,33.2849514679826],[-112.195778973304,33.2848577664273],[-112.195748518248,33.2847408111804],[-112.195756801272,33.2846099527746],[-112.195765144793,33.2844836046414],[-112.195777515289,33.2843572168046],[-112.19579391167,33.2842307901672],[-112.195810339877,33.2841066186597],[-112.195801235525,33.2839804377393],[-112.19579075951,33.2838520155101],[-112.195799134784,33.2837279206911],[-112.195855948222,33.2836123799277],[-112.195938385209,33.2835056112318],[-112.196023536722,33.2834010717479],[-112.19611006294,33.2832987734998],[-112.196197226979,33.2831942131395],[-112.196285795461,33.2830941500514],[-112.196374332931,33.2829918326645],[-112.196462198141,33.2828895203333],[-112.196549362432,33.2827849606228],[-112.196637259124,33.2826849033014],[-112.196723750958,33.2825803503912],[-112.196804173005,33.2824736009784],[-112.196882551114,33.2823646153406],[-112.196944731096,33.282249022288],[-112.196971924748,33.2821270012735],[-112.196976240488,33.2820006909519],[-112.196974485601,33.2818721841961],[-112.196978833229,33.2817481290042],[-112.196983148947,33.2816218195766],[-112.196986122721,33.2814955221897],[-112.196986412628,33.2813692506902],[-112.196981333753,33.2812430309705],[-112.196968873232,33.2811168828978],[-112.196954400934,33.2809907537849],[-112.196943953371,33.2808645858364],[-112.196944243344,33.2807383143239],[-112.196956611651,33.2806119263053],[-112.196983103015,33.2804876579461],[-112.197025759996,33.2803677427054],[-112.197082539914,33.2802499461987],[-112.197145389109,33.2801343469935],[-112.197205554319,33.2800187727482],[-112.197255623165,33.2799010408968],[-112.197300262594,33.2797788523447],[-112.197342918803,33.2796589369857],[-112.197382860261,33.2795367932724],[-112.197419446858,33.2794146814676],[-112.197453317651,33.2792903413161],[-112.197485206344,33.2791682752658],[-112.197513709379,33.2790439877964],[-112.197540870441,33.2789197123675],[-112.197563302899,33.2787932275744],[-112.197581038685,33.2786667876536],[-112.197591422741,33.2785426736526],[-112.197593053683,33.278416389145],[-112.197589988036,33.2782901504154],[-112.197582895682,33.2781639496374],[-112.197571777718,33.2780377886113],[-112.197555291206,33.2779116784859],[-112.197534107109,33.277785614136],[-112.197508258429,33.2776618488896],[-112.197476400098,33.2775403975044],[-112.197431793027,33.2774190686808],[-112.197376510659,33.2773023510071],[-112.197316532988,33.2771856799749],[-112.197255883472,33.277069014936],[-112.19719858877,33.2769523170464],[-112.197135255851,33.2768356769348],[-112.197069269141,33.2767213187222],[-112.197010634135,33.27660463368],[-112.196968742723,33.2764855330137],[-112.196946248796,33.2763617357105],[-112.196933820964,33.2762378417665],[-112.196928742517,33.2761116219384],[-112.196926318033,33.2759831219796],[-112.196922581459,33.2758568892021],[-112.196913477525,33.275730708197],[-112.196894979656,33.2756046177964],[-112.196870473309,33.2754808394247],[-112.196841941519,33.2753570998743],[-112.19681072614,33.2752333861998],[-112.196778838862,33.2751096794389],[-112.196747623666,33.2749859666444],[-112.196714425552,33.2748645270412],[-112.196679183979,33.2747408530507],[-112.19664729707,33.2746171462444],[-112.196622121521,33.2744933747196],[-112.196600268714,33.2743673161493],[-112.196578447855,33.2742435118083],[-112.196550556994,33.2741175119045],[-112.196513332967,33.2739961110491],[-112.196462050797,33.2738771007268],[-112.196396738119,33.2737627342646],[-112.196321453366,33.2736552288659],[-112.196241473535,33.2735477682428],[-112.196157497128,33.2734426006155],[-112.196072850018,33.2733374389451],[-112.195986221203,33.2732345522062],[-112.195897610676,33.2731339385913],[-112.195808969563,33.2730310706714],[-112.195721030348,33.2729304509102],[-112.19563437156,33.2728253087741],[-112.195550427362,33.2727223958582],[-112.195469106462,33.2726149476439],[-112.195391810068,33.272507459693],[-112.19531783972,33.2723976864837],[-112.195244540452,33.2722879063138],[-112.195170570472,33.2721781321093],[-112.195095257817,33.2720683707842],[-112.195016621656,33.2719608964088],[-112.194933990029,33.2718557149896],[-112.194846022236,33.2717528403392],[-112.194756072739,33.2716522387931],[-112.194663438816,33.2715516630202],[-112.194569494084,33.2714533543338],[-112.194474879749,33.2713550524808],[-112.194380935442,33.2712567445483],[-112.194287631479,33.2711561744917],[-112.194197011278,33.2710555794358],[-112.194108405013,33.2709549644883],[-112.194023092962,33.2708498082599],[-112.193942477301,33.2707446063296],[-112.193865856396,33.2706371122738],[-112.193793231306,33.2705273242939],[-112.193723930072,33.2704152502064],[-112.193657281803,33.2703008951182],[-112.193592647421,33.2701865210784],[-112.193530696723,33.2700721211884],[-112.193469386336,33.2699554601195],[-112.193410089816,33.2698387792058],[-112.193350823109,33.2697243534062],[-112.193300888436,33.2696053287605],[-112.193267636805,33.2694793787093],[-112.193233745123,33.2693556906921],[-112.19317850421,33.2692412260878],[-112.193100544891,33.2691337435216],[-112.193008586406,33.2690331595493],[-112.19291196276,33.2689348762509],[-112.192811374461,33.2688411400578],[-112.192704779265,33.2687497156122],[-112.192596902895,33.2686628133574],[-112.192492290041,33.2685691155885],[-112.192396399746,33.2684753325604],[-112.192313135467,33.2683724104448],[-112.192241153307,33.2682603612628],[-112.192181828887,33.2681414263765],[-112.192139246585,33.2680200747168],[-112.192113407413,33.267896308102],[-112.192100286136,33.2677701652167],[-112.192095887157,33.2676439389835],[-112.192097525924,33.2675176542865],[-112.192101147643,33.2673890955542],[-112.192110868453,33.2672649877448],[-112.19213263611,33.2671385105633],[-112.192153060918,33.2670120453682],[-112.192158756493,33.2668879771249],[-112.192150331286,33.2667617886518],[-112.192140565475,33.2666356139664],[-112.192128144832,33.2665117193081],[-112.192113682051,33.2663855883848],[-112.192097876544,33.2662594712523],[-112.192080059609,33.2661333729981],[-112.19206089996,33.2660072885332],[-112.192040429361,33.2658834702945],[-112.192018585366,33.265757410699],[-112.191996103427,33.2656336122311],[-112.191971576186,33.2655075784014],[-112.191943694803,33.2653815772383],[-112.191909806604,33.2652578869574],[-112.191869238633,33.2651365171588],[-112.191819340378,33.2650197460475],[-112.191756724843,33.2649053511407],[-112.191681393147,33.2647933333187],[-112.191594747286,33.2646881872609],[-112.19149880087,33.264589895869],[-112.191394956922,33.2645029538248],[-112.191275835155,33.264427431512],[-112.19114546058,33.2643632920488],[-112.191010451673,33.264303705562],[-112.190877424795,33.2642418458171],[-112.190751014473,33.2641731570102],[-112.19062719895,33.2640976804843],[-112.190499478014,33.2640312585374],[-112.190364591564,33.2639806901251],[-112.190221869774,33.2639459794034],[-112.190075244582,33.2639203250071],[-112.189926667177,33.2638991995831],[-112.189776778809,33.2638803410917],[-112.189626250296,33.2638637426453],[-112.189477703713,33.2638448709284],[-112.189328485289,33.2638260059174],[-112.189178659468,33.2638116542894],[-112.189028831554,33.2637973042887],[-112.188878333928,33.2637829600821],[-112.18872914848,33.2637663476892],[-112.188580602247,33.2637474748985],[-112.188434007378,33.2637240737113],[-112.188289334373,33.2636938889849],[-112.188148533506,33.2636523934156],[-112.188012887463,33.2635950647718],[-112.18787986375,33.2635332008949],[-112.187746169396,33.2634713437469],[-112.187609914217,33.263418530925],[-112.18746850442,33.263381549042],[-112.187322612919,33.2633603948124],[-112.187174769056,33.263343768613],[-112.187025674195,33.2633339178141],[-112.186875299896,33.2633285890622],[-112.186723582885,33.2633232729636],[-112.186571926988,33.263322466074],[-112.186420912446,33.2633193969833],[-112.186269256555,33.2633185897244],[-112.186118911784,33.2633155143061],[-112.185968568096,33.2633124387037],[-112.185818223345,33.2633093638234],[-112.185667910199,33.2633085421038],[-112.185517595983,33.2633077211066],[-112.185367313356,33.2633091532702],[-112.185221115647,33.2633150571015],[-112.185068240144,33.2633232790829],[-112.184918047925,33.2633314752499],[-112.18476858858,33.2633441737719],[-112.184619128115,33.2633568712151],[-112.184469667608,33.2633695693805],[-112.184320207056,33.2633822673665],[-112.18417074646,33.263394965173],[-112.184020950939,33.2634076653235],[-112.183871459776,33.2634181085235],[-112.183721236796,33.2634240480971],[-112.183570953927,33.2634254789924],[-112.183420700448,33.2634291648576],[-112.183272001851,33.263448618379],[-112.183124705764,33.2634725674238],[-112.182975031642,33.2634694822588],[-112.182825846724,33.263452863678],[-112.18267599103,33.2634362508616],[-112.182523511889,33.2634241719371],[-112.182372375522,33.2634120809389],[-112.182229717554,33.2633818704195],[-112.182102705223,33.263317689011],[-112.181999421145,33.2632217134103],[-112.181938131974,33.263105046423],[-112.181877573573,33.2629928819614],[-112.181774350974,33.2629014155636],[-112.181663138471,33.2628145360495],[-112.181546619356,33.2627322151388],[-112.181425495943,33.2626567029293],[-112.181298485247,33.2625925206836],[-112.181153694873,33.2625533097322],[-112.181003810613,33.2625344397386],[-112.18085474817,33.2625268366791],[-112.180704435295,33.2625260089546],[-112.180407225515,33.2625288308968],[-112.180262735,33.2625617707221],[-112.180118305137,33.2625992188775],[-112.179982778122,33.2626501107714],[-112.179857619204,33.2627234524685],[-112.179681711781,33.2628153137224],[-112.179597849024,33.2628161096656],[-112.179453752465,33.2628783564951],[-112.17930852946,33.2629067917409],[-112.179161233169,33.2629307369951],[-112.179012563716,33.2629524396763],[-112.178863896337,33.2629741430772],[-112.178713824392,33.2629913496513],[-112.178564454628,33.2630108043701],[-112.178415725286,33.2630279978378],[-112.178266293649,33.2630429428007],[-112.17811527981,33.2630398645206],[-112.177965667213,33.26304128182],[-112.177822668184,33.263085477325],[-112.177678664675,33.2631048809354],[-112.177532044454,33.2630792117195],[-112.177384020968,33.2630490465649],[-112.177235417678,33.263025650799],[-112.177085503117,33.2630045218338],[-112.176937932264,33.2630081744077],[-112.176791307035,33.2630321100415],[-112.176645441285,33.2630628032476],[-112.176498935964,33.2630957564412],[-112.176352400248,33.2631264552125],[-112.176203670261,33.2631436469388],[-112.176051404408,33.2631473425265],[-112.175901912671,33.2631577752462],[-112.175758761048,33.2631906962299],[-112.175620516981,33.2632393545599],[-112.175485046865,33.2632947509662],[-112.175350307925,33.2633546498217],[-112.175217552106,33.2634122747649],[-112.175089643191,33.2634811285975],[-112.17494438749,33.2635073036031],[-112.17479355334,33.2635177486008],[-112.174650550843,33.2635619413699],[-112.174518042815,33.2635879956491],[-112.174383045195,33.2635283910416],[-112.174259181936,33.2634483878349],[-112.174136630335,33.2633661175548],[-112.174038051745,33.2632700922101],[-112.173994946974,33.2631577588102],[-112.173986518047,33.2630293137474],[-112.174000871303,33.2628983995004],[-112.174019942496,33.2628193003511],[-112.174030073344,33.2627741092504],[-112.174075378302,33.2626496666294],[-112.17413955794,33.2625318107875],[-112.174226209218,33.2624385444088],[-112.174371312204,33.2624010980881],[-112.174522545319,33.2623703567412],[-112.174670482554,33.2623441559249],[-112.174808054928,33.2622955054513],[-112.17493324774,33.2622244230651],[-112.175040787268,33.262137724182],[-112.175138813022,33.2620420953556],[-112.175235435342,33.2619419706608],[-112.175345047196,33.2618597614032],[-112.175491369321,33.2618132813602],[-112.175598356964,33.2617356067084],[-112.175659880893,33.2616200297539],[-112.175705853767,33.2614955806241],[-112.175749843263,33.2613734043492],[-112.17578175693,33.2612513433936],[-112.175792141825,33.261124975565],[-112.175791060215,33.2609942068604],[-112.175761221353,33.2608704747274],[-112.175688687542,33.26076518435],[-112.175593464246,33.2606691279574],[-112.175486895799,33.260577688495],[-112.175377644344,33.2604862743594],[-112.17527376064,33.260394808385],[-112.175162557725,33.2603079229749],[-112.175057331776,33.2602164704269],[-112.174972112415,33.260115809286],[-112.174904826693,33.260001448795],[-112.174851568598,33.2598824477144],[-112.17480901538,33.2597610898181],[-112.174772499492,33.2596396751887],[-112.174739308536,33.2595159740824],[-112.174708130075,33.2593922543609],[-112.174677622499,33.2592685278264],[-112.174646444214,33.2591448080836],[-112.174613252555,33.2590211069343],[-112.174576738325,33.258899692228],[-112.174538851299,33.258776035959],[-112.174501604936,33.2586501177202],[-112.174463017099,33.2585242130692],[-112.1744190922,33.258400613457],[-112.174366537842,33.2582838595798],[-112.174302698971,33.2581762319828],[-112.174201653427,33.25809601273],[-112.174052787343,33.2580523221174],[-112.173906545197,33.2580040974293],[-112.17377353875,33.2579422183179],[-112.173639862774,33.2578803449553],[-112.173502402865,33.257836546249],[-112.173357193555,33.2578153687603],[-112.17320688876,33.2578145328343],[-112.173054021605,33.2578227391095],[-112.172903226099,33.2578354360332],[-112.172754504364,33.2578526227069],[-112.172606543914,33.2578765660739],[-112.17245858231,33.2579005092674],[-112.172308307548,33.2579019265093],[-112.172156631926,33.2578988468341],[-112.17201415715,33.2579317576156],[-112.171902564836,33.258016236792],[-112.171875403854,33.2581427623404],[-112.17183464383,33.2582558872801],[-112.171690246466,33.2582955799111],[-112.171544598939,33.2583420487039],[-112.171413279132,33.2584064206036],[-112.171351631203,33.2585129776167],[-112.171331237521,33.2586439482142],[-112.171331581334,33.2587702153161],[-112.171348697185,33.2588963227262],[-112.171377857274,33.2590200627771],[-112.171433152691,33.2591413019916],[-112.171442798437,33.2592607158433],[-112.171375262461,33.2593786024818],[-112.171275253291,33.259476501189],[-112.171137533668,33.2595138755938],[-112.170984511545,33.2595108071716],[-112.170837227366,33.2594851367928],[-112.170691956745,33.2594594467966],[-112.170541798733,33.2594698798343],[-112.170394566002,33.2594983241097],[-112.170254982048,33.2595469891484],[-112.170118233905,33.2596069008895],[-112.169979932059,33.2596510435555],[-112.169833799513,33.2596614377818],[-112.169681208146,33.2596403251451],[-112.169536427749,33.2596011005993],[-112.1694087593,33.2595369119873],[-112.169288961105,33.2594591209479],[-112.169161904716,33.259390415894],[-112.169019717873,33.2593444017917],[-112.168874908165,33.259302922216],[-112.168742664316,33.2592477946226],[-112.168645528107,33.2591585159152],[-112.168572212029,33.259044209261],[-112.168490266033,33.2589367479082],[-112.168407679525,33.2588315484232],[-112.16831908399,33.2587286595418],[-112.168222529358,33.2586326100582],[-112.168120637587,33.2585388643797],[-112.16801816545,33.2584518899495],[-112.167889738788,33.258380941951],[-112.167754784788,33.2583235842909],[-112.167618517293,33.2582684933687],[-112.167488839806,33.2582043221463],[-112.167361785564,33.2581356152262],[-112.167245347185,33.2580577901688],[-112.16715141753,33.2579572060787],[-112.167069444248,33.2578474895025],[-112.166963709069,33.2577673080536],[-112.166817710462,33.2577371108555],[-112.166664512423,33.2577205097622],[-112.166559388493,33.257635813597],[-112.166608816268,33.25751809938],[-112.166682335317,33.2573956495341],[-112.166728408875,33.2572779672577],[-112.166658721086,33.2571839184361],[-112.166536186418,33.2571016405051],[-112.166408284651,33.2570194129065],[-112.166297794485,33.2569347660587],[-112.166187916344,33.2568456038401],[-112.166076756903,33.2567609635458],[-112.165959679647,33.2566853973656],[-112.165827873325,33.2566122249131],[-112.16568663249,33.2565864912097],[-112.165544068425,33.2566126309137],[-112.16540037272,33.2566545646553],[-112.165257466568,33.2567055094098],[-112.165117183385,33.2567519202889],[-112.164978272675,33.2568005726666],[-112.16484073336,33.2568514674515],[-112.164703193885,33.2569023620846],[-112.164564282705,33.2569510140008],[-112.164424670612,33.2569974173507],[-112.164277618751,33.2570393817304],[-112.164130058362,33.2570430181594],[-112.163986745043,33.2570127924465],[-112.163843372973,33.2569780571502],[-112.16369923929,33.2569365647604],[-112.163557089206,33.2568927986189],[-112.163416220926,33.2568445112188],[-112.163277336269,33.2567939500787],[-112.163142446508,33.2567410958895],[-112.163011492844,33.2566814410491],[-112.162883131594,33.2566149972474],[-112.162757425867,33.2565462739023],[-112.162632361185,33.2564752894339],[-112.162507296702,33.2564043039362],[-112.162381590497,33.2563355802082],[-112.162245240747,33.2562737205752],[-112.162133504785,33.2561958462355],[-112.162048915065,33.2560906599338],[-112.161972286181,33.2559786354044],[-112.161907673745,33.2558619892236],[-112.161860503716,33.25574517967],[-112.161838766545,33.2556236228626],[-112.161837735749,33.2554951071797],[-112.161842744036,33.2553665363052],[-112.161839730845,33.2552402950737],[-112.161818604782,33.2551142221011],[-112.161792753508,33.2549859392863],[-112.161757539347,33.2548599986666],[-112.161706986335,33.2547409657305],[-112.161634474442,33.254635666949],[-112.161541956201,33.2545395735738],[-112.161436781217,33.2544503635754],[-112.161322274493,33.2543657499131],[-112.161201790918,33.2542857016178],[-112.161078012463,33.2542101944651],[-112.16095359334,33.2541369463709],[-112.160825268324,33.2540727555522],[-112.160688982937,33.2540154017855],[-112.16054616724,33.2539716388817],[-112.160400819074,33.2539391731051],[-112.160254246818,33.2539157376477],[-112.160106393922,33.2538968239804],[-112.159957899117,33.2538801711211],[-112.159808764538,33.2538657790634],[-112.159658988025,33.2538536469074],[-112.159509211552,33.2538415145708],[-112.159358824048,33.2538338972922],[-112.15920840673,33.253824025572],[-112.159058018207,33.2538164079315],[-112.158907602024,33.253806535845],[-112.158757214631,33.2537989187401],[-112.15860682726,33.2537913005514],[-112.15845640902,33.2537814279229],[-112.158305350946,33.2537738160839],[-112.158154292894,33.2537662031596],[-112.158003263606,33.2537608452156],[-112.157852935973,33.2537577364384],[-112.157702608348,33.2537546265778],[-112.157552980212,33.2537537640882],[-112.157404754258,33.2537573992246],[-112.157260701787,33.2537722688453],[-112.157132880948,33.2538478670976],[-112.156991719798,33.2538784930078],[-112.156837918007,33.2538663958907],[-112.156692583288,33.2538857858851],[-112.156557726704,33.2539366465174],[-112.156427773661,33.254003244412],[-112.156299191708,33.2540720848293],[-112.156171921313,33.2541386583506],[-112.15604812464,33.25421421798],[-112.155924268244,33.2542852689649],[-112.155794224943,33.2543451025144],[-112.155652598926,33.2543915152385],[-112.155504027164,33.2544199543894],[-112.155355829725,33.2544258413496],[-112.155209347178,33.2544091636299],[-112.155061345829,33.2543789708568],[-112.154913985612,33.2543465169506],[-112.154766102302,33.2543253426746],[-112.154615803512,33.2543244833478],[-112.1544657414,33.2543416606362],[-112.154322654288,33.2543790654849],[-112.154178748811,33.2544052046506],[-112.154029178989,33.2544088473504],[-112.153878878987,33.2544079880374],[-112.153727879594,33.2544048791648],[-112.153577609294,33.2544062737491],[-112.153426669297,33.2544076739354],[-112.153277888951,33.254420327894],[-112.153128437798,33.2544329883605],[-112.152978079468,33.2544276185319],[-112.152827720079,33.2544222476217],[-112.152678003947,33.2544146164822],[-112.15252755559,33.2544024815217],[-112.152379090976,33.2543880747751],[-112.152231880023,33.2543668907995],[-112.152086503483,33.254332160135],[-112.15194176817,33.2542951701617],[-112.151795198585,33.2542717238245],[-112.151645451,33.2542618371821],[-112.151494511205,33.2542632350223],[-112.151343994091,33.2542713930331],[-112.15119475034,33.2542998328159],[-112.151050438879,33.2543462652075],[-112.150923816713,33.2543091055518],[-112.150809202818,33.254215463306],[-112.150724460289,33.2541486028462],[-112.150536821364,33.2541142628001],[-112.150388357547,33.2540998527709],[-112.150237940712,33.2540899692969],[-112.150086881686,33.2540823483784],[-112.14993594109,33.2540837443278],[-112.149785030086,33.2540873943569],[-112.149637849838,33.2540684615676],[-112.149488508344,33.2540382745837],[-112.149340450374,33.2540035664628],[-112.149202277499,33.2539552371241],[-112.149084664914,33.2538886795625],[-112.149008055534,33.2537766460192],[-112.148934128312,33.2536645884805],[-112.148855535554,33.2535548290923],[-112.14876965231,33.2534519003186],[-112.148663179603,33.2533649452229],[-112.148542737367,33.2532871397605],[-112.148420342204,33.2532138608846],[-112.148295964541,33.2531428552275],[-112.148196753814,33.2530468139192],[-112.148105504748,33.2529439352426],[-112.147991772175,33.2528660662551],[-112.147862145385,33.2528041277755],[-112.147725929445,33.2527512700767],[-112.147586417921,33.252702951332],[-112.147445565048,33.2526546448381],[-112.147306052759,33.2526063266805],[-112.147163917754,33.2525625408011],[-112.147020500446,33.2525232774946],[-112.146892917686,33.2524635741038],[-112.146790354442,33.2523675622102],[-112.146666007737,33.2522988100708],[-112.146527139816,33.252248229211],[-112.146436652815,33.2521521063306],[-112.146362759753,33.2520423005771],[-112.146289479685,33.2519279813997],[-112.14620424228,33.2518227898937],[-112.146082580853,33.2517540123677],[-112.145940446761,33.2517102259791],[-112.145795689898,33.2516709727368],[-112.145656210633,33.2516249060715],[-112.145536503159,33.251551600441],[-112.14543992124,33.2514510226801],[-112.145322868736,33.2513754368976],[-112.145191904538,33.2513135079878],[-112.145056332698,33.2512583864289],[-112.144922074106,33.2512009971706],[-112.14478976897,33.2511390802143],[-112.144656123616,33.251077175492],[-112.144528456172,33.2510107059465],[-112.144416069669,33.2509328212655],[-112.144350143855,33.2508161772216],[-112.144260971655,33.2507177851787],[-112.144145844994,33.2506354164608],[-112.144022757,33.2505598846633],[-112.143910373671,33.250482000413],[-112.143876587333,33.2503605506816],[-112.143850793137,33.2502345172831],[-112.143949795156,33.2500577302455],[-112.143928788774,33.2499902787931],[-112.143886283119,33.2498689099114],[-112.1438263943,33.2497522094502],[-112.143724597703,33.2496629529244],[-112.143596903584,33.249594228129],[-112.14346658455,33.249530036467],[-112.143352101488,33.2494454060884],[-112.143294956504,33.2493331900646],[-112.143256476394,33.2492117829577],[-112.143179236176,33.2491020065915],[-112.143087356867,33.2490013841202],[-112.142983548654,33.2489121459647],[-112.142882364698,33.2488183726646],[-112.142786490045,33.2487200422115],[-112.142691286326,33.2486217050528],[-112.14259345769,33.2485279010672],[-112.14249227567,33.24843412834],[-112.142374529599,33.2483562902751],[-112.142241588155,33.2482966323526],[-112.14210996107,33.2482347058611],[-112.141982970399,33.2481682270203],[-112.141863736744,33.2480791285733],[-112.141780054475,33.2479897041661],[-112.141715474744,33.2478730463011],[-112.141625580085,33.2477701503828],[-112.141520434455,33.2476809215159],[-112.141392132986,33.2476167095746],[-112.141250649246,33.2475706568683],[-112.141105317615,33.2475381684327],[-112.140958031618,33.2475102073233],[-112.140812058844,33.2474799785304],[-112.140671334418,33.2474406822499],[-112.140539039008,33.2473787606955],[-112.140415316248,33.247305486144],[-112.140304835003,33.2472185607363],[-112.140219638701,33.2471156201698],[-112.14018515873,33.2469919216897],[-112.140178152793,33.246865715715],[-112.140211453308,33.2467436492736],[-112.140263564975,33.2466236653617],[-112.140319730079,33.2465058996035],[-112.140373212217,33.2463881575801],[-112.140428707397,33.2462703983843],[-112.14048151855,33.2461526638299],[-112.140532987082,33.2460349397833],[-112.140576348368,33.2459127820809],[-112.140596203568,33.2457885845924],[-112.140599258688,33.2456622865619],[-112.140582861442,33.2455361660237],[-112.140527675941,33.2454194220434],[-112.140489172042,33.2452957588094],[-112.140460730814,33.2451720044153],[-112.14043497244,33.2450482253472],[-112.140418574476,33.2449221047753],[-112.140354057537,33.2448099564712],[-112.140278837985,33.2447001592444],[-112.140198950996,33.2445926598479],[-112.140115070487,33.2444874516518],[-112.140031218451,33.2443844985701],[-112.139948650377,33.2442770236587],[-112.139880780005,33.2441649045598],[-112.139834286956,33.2440458253948],[-112.139799139144,33.2439221315477],[-112.139778048601,33.2437960544514],[-112.13971484534,33.2436816373898],[-112.139597136372,33.2436060517727],[-112.139460909252,33.243550929692],[-112.139322759304,33.2435025892013],[-112.139182625712,33.2434565217575],[-112.139040537784,33.2434149816246],[-112.138897808621,33.243375701306],[-112.138753796847,33.2433409434817],[-112.138606547932,33.2433152329052],[-112.138459299105,33.2432895230556],[-112.138312051436,33.2432638130294],[-112.13816480278,33.2432381028303],[-112.13801694211,33.2432169076022],[-112.137867798727,33.2432002339463],[-112.137719326077,33.2431835535089],[-112.13756954033,33.2431691394684],[-112.137420455662,33.2431569747193],[-112.137270087144,33.2431493306338],[-112.137118465097,33.2431484623784],[-112.136971304766,33.2431295144793],[-112.136829276919,33.2430924803543],[-112.136687833173,33.2430486766533],[-112.136548343096,33.2430003453612],[-112.136410165277,33.2429497473513],[-112.136271987616,33.2428991482851],[-112.136135122227,33.2428462834086],[-112.135998258073,33.2427934174766],[-112.135864687919,33.2427360116931],[-112.135734385769,33.2426718117908],[-112.1356100625,33.2426030474933],[-112.13549095762,33.2425229607928],[-112.135381187164,33.2424382794832],[-112.135282031883,33.2423444818701],[-112.135190167631,33.2422438533906],[-112.135104954022,33.2421386549192],[-112.135023763566,33.2420334186657],[-112.134947882386,33.2419236238145],[-112.134884015025,33.2418092108213],[-112.134836860409,33.2416901353933],[-112.134804403257,33.2415664155115],[-112.134776641936,33.2414426531187],[-112.134743514299,33.2413189398018],[-112.134701695178,33.2411975609575],[-112.134665885087,33.2410738721546],[-112.134643490493,33.2409500606394],[-112.13465124975,33.2408237192256],[-112.134684525437,33.2406993998519],[-112.134670850565,33.2405755090274],[-112.134656474799,33.2404493705134],[-112.134654843716,33.2403231149789],[-112.134661261593,33.2401967858217],[-112.13468850113,33.2400725211982],[-112.134737963036,33.239954818271],[-112.134790108504,33.2398370925819],[-112.134844235506,33.239717091936],[-112.134874186458,33.2395950578956],[-112.134865176849,33.2394688693945],[-112.134850800992,33.2393427299791],[-112.134837096901,33.2392165848725],[-112.134837477537,33.2390903113598],[-112.134845907012,33.2389639633112],[-112.134852324526,33.2388376341181],[-112.134850722414,33.2387136337299],[-112.134830981553,33.2385875433829],[-112.134812582036,33.2384614407587],[-112.134798878142,33.2383352947275],[-112.134797275046,33.2382112943301],[-112.134733441955,33.2380991345478],[-112.134660216852,33.237987061525],[-112.134589675563,33.237874963015],[-112.134514439992,33.2377629087531],[-112.134451919668,33.2376484822732],[-112.134430223964,33.2375269192418],[-112.134437955131,33.2373983234955],[-112.134435653809,33.2372720735774],[-112.134380510913,33.2371575809338],[-112.134297956575,33.2370501011883],[-112.134224092538,33.2369402878386],[-112.134146875532,33.2368305055532],[-112.134101064813,33.2367114174738],[-112.134074646242,33.2365876425557],[-112.134055577618,33.2364615463553],[-112.134034526352,33.2363377223673],[-112.134006097182,33.2362139653677],[-112.133974284712,33.2360879851919],[-112.133933840688,33.2359688479838],[-112.133879983228,33.2358498324713],[-112.133818134656,33.2357353999509],[-112.133756287319,33.2356209673951],[-112.133695080515,33.235504273952],[-112.133632562883,33.2353898479096],[-112.133571385578,33.2352754086753],[-112.133512192192,33.2351586971962],[-112.133431535983,33.2350421808907],[-112.133432705948,33.2349249187143],[-112.133350010119,33.2348061660062],[-112.133297494327,33.2346871379597],[-112.133243667689,33.2345703773179],[-112.133193135936,33.2344490779154],[-112.133143304094,33.2343300252862],[-112.13309078887,33.234210997141],[-112.133030955395,33.2340965462605],[-112.132960449561,33.2339867010094],[-112.13287195087,33.2338860395557],[-112.132773449421,33.2337899798132],[-112.132672936363,33.2336939370096],[-112.132581084192,33.2335933064142],[-112.132478734614,33.23351080883],[-112.132335324716,33.2334692731383],[-112.132204425501,33.2334095836021],[-112.132085396634,33.23333400291],[-112.131968991052,33.2332538881685],[-112.131850604073,33.2331760464005],[-112.131725596503,33.2331050294423],[-112.131595982281,33.2330408184653],[-112.131465084206,33.2329811290442],[-112.131332786877,33.2329169422617],[-112.131195357817,33.2328708402848],[-112.131046290397,33.2328586669014],[-112.130894715232,33.232860045263],[-112.13074453946,33.2328659197672],[-112.130595149579,33.2328808073427],[-112.130459024724,33.2329361596604],[-112.130344711256,33.2330183729992],[-112.130235120881,33.2331027981853],[-112.130128270876,33.2331917073883],[-112.130023461549,33.2332828528983],[-112.129921363502,33.2333762281603],[-112.129823319024,33.2334718218638],[-112.129731369014,33.2335718704219],[-112.129642129222,33.23367414876],[-112.129552190616,33.2337741775086],[-112.129457528478,33.2338719951116],[-112.129356099757,33.2339653642502],[-112.129247206921,33.234052036282],[-112.129134231016,33.2341342362948],[-112.129018573523,33.2342164597184],[-112.128902885689,33.2342964287587],[-112.128791280494,33.2343808705275],[-112.128689150817,33.2344719904948],[-112.128601280245,33.2345765101503],[-112.128498480602,33.234667636511],[-112.128367134152,33.234729708914],[-112.128233717596,33.2347872895713],[-112.128098930599,33.2348426280069],[-112.127965513695,33.2349002092787],[-112.127834837136,33.2349622745707],[-112.127689670037,33.2349929038259],[-112.127548030035,33.2350370303495],[-112.127409802082,33.2350856343363],[-112.12728116572,33.2351499354889],[-112.127155941358,33.2352187159432],[-112.127032114975,33.2352919926412],[-112.126908931076,33.2353630083928],[-112.126785774903,33.2354362783017],[-112.126663290219,33.2355095424461],[-112.126538764474,33.2355805709158],[-112.126406773631,33.2356449011684],[-112.126261754857,33.235634940711],[-112.126114377539,33.2355979429577],[-112.125888967772,33.2355436124801],[-112.12570284062,33.2354663783577],[-112.125702510142,33.2355453001827],[-112.125631154888,33.2355256523292],[-112.125493024037,33.235477296337],[-112.125359443947,33.2354176239519],[-112.125216791746,33.235382837266],[-112.12506699232,33.2353661538126],[-112.124917922546,33.235353973102],[-112.124768181119,33.2353417987466],[-112.124620364762,33.2353228408795],[-112.124473162285,33.235299368649],[-112.124327214321,33.2352691212504],[-112.124185818278,33.23522755658],[-112.124043750679,33.2351859991799],[-112.123900369826,33.2351467080507],[-112.123756377395,33.235111931838],[-112.123613055696,33.2350771489319],[-112.123468392873,33.2350423780088],[-112.123325683125,33.2350030796891],[-112.123179152141,33.2349796002999],[-112.123030053297,33.2349651630454],[-112.122879699959,33.2349575005916],[-112.122733811961,33.2349317589722],[-112.122596295385,33.2348788846711],[-112.122466714047,33.2348169193655],[-112.12233908697,33.2347504258074],[-112.122209476046,33.2346862050517],[-112.122076569989,33.2346265235038],[-112.121945005342,33.2345668296803],[-112.121819361993,33.2344980626545],[-112.12167995027,33.2344542239995],[-112.121531408788,33.2344307604054],[-112.121383565783,33.234409544401],[-112.121252673617,33.234349844226],[-112.1211781853,33.2342422829026],[-112.121114984303,33.2341256009098],[-112.121037814978,33.2340180646436],[-112.120927397374,33.2339333759789],[-112.12086023097,33.2338212396746],[-112.120801054352,33.2337045211499],[-112.120744561396,33.2335877783539],[-112.120691393859,33.2334687523032],[-112.120642250099,33.2333496880689],[-112.120588440003,33.2332329209573],[-112.120521945177,33.233120778846],[-112.120445419231,33.2330109804971],[-112.120363584179,33.2329057409276],[-112.120257806251,33.2328165002284],[-112.120140742553,33.2327363799718],[-112.120044938664,33.2326402849464],[-112.120013177411,33.2325165553238],[-112.120018974065,33.2323924874709],[-112.120036143112,33.2322660619336],[-112.120055324972,33.2321396177713],[-112.120052402726,33.2320156281869],[-112.120029301776,33.2318873099136],[-112.119975523297,33.231772797684],[-112.119863068946,33.2316858714635],[-112.119730753164,33.2316194180074],[-112.119587525175,33.2315913941617],[-112.119441488459,33.2316062376273],[-112.119294283335,33.2316346205175],[-112.119147135715,33.2316675117967],[-112.119001357971,33.231702645985],[-112.118857591891,33.2317377623053],[-112.11871528204,33.2317818834888],[-112.118572914475,33.2318214959464],[-112.118427749271,33.2318521144014],[-112.118280457065,33.2318737323469],[-112.118131737271,33.2318885984622],[-112.117981619764,33.2318989670222],[-112.117831472382,33.2319070811211],[-112.117681967876,33.2319129342613],[-112.117531734159,33.2319142833494],[-112.11738074465,33.2319088759007],[-112.117232351281,33.2318966794564],[-112.117086440168,33.2318686768955],[-112.116943738401,33.2318293721057],[-112.116800367236,33.2317900718355],[-112.116655741223,33.2317575481248],[-112.116509801788,33.2317272897013],[-112.116365146181,33.2316925104692],[-112.116175355566,33.2316423531949],[-112.116175236083,33.2315273573807],[-112.116175643568,33.2314010827639],[-112.116175409189,33.231277068913],[-112.116175175883,33.231153055058],[-112.11617497023,33.2310312954849],[-112.116174707129,33.2309050264421],[-112.116175114618,33.2307787518127],[-112.116175523179,33.230652477179],[-112.116111574667,33.2305290343757],[-112.116072470954,33.2304076247971],[-112.116029342778,33.2302862505084],[-112.11598624344,33.230167130485],[-112.115945127246,33.2300457385106],[-112.115919379221,33.2299196978268],[-112.115900366853,33.2297958519839],[-112.115884009209,33.2296697277171],[-112.115876369119,33.2295435254636],[-112.115872083005,33.2294172925881],[-112.11583968588,33.2292958225786],[-112.115791893269,33.2291767442468],[-112.115736751048,33.2290599878916],[-112.115676914963,33.2289432723822],[-112.115617077967,33.2288265577447],[-112.115553918054,33.2287121270645],[-112.115485420306,33.228599999788],[-112.115411586881,33.2284901740995],[-112.115331746157,33.228382658276],[-112.115246540011,33.2282751897377],[-112.11515007685,33.2281790964126],[-112.115032438427,33.2281057414847],[-112.114892955207,33.2280551295684],[-112.114755426475,33.2279999921971],[-112.114620580172,33.2279448287633],[-112.114484421589,33.2278919324198],[-112.114350889149,33.2278345032555],[-112.114219981792,33.2277725403787],[-112.114098320232,33.2276992198036],[-112.113985877974,33.2276122881706],[-112.113864274158,33.2275434768343],[-112.113720996263,33.2275109376164],[-112.113567916877,33.2274987793652],[-112.113416177581,33.2274866079853],[-112.113263883431,33.2274834609301],[-112.113128897586,33.2275230014065],[-112.113006411368,33.2275962531025],[-112.112883982219,33.2276740123462],[-112.112750565044,33.2277315773652],[-112.112611668653,33.2277801714229],[-112.11247070423,33.2278242734461],[-112.112329039405,33.227866128393],[-112.11218606086,33.2279102485906],[-112.112039971728,33.2279205738864],[-112.111905713034,33.2278586381818],[-112.111762449262,33.2278802123339],[-112.111624223721,33.2279287988273],[-112.111486025558,33.2279796403561],[-112.111351237264,33.2280349607088],[-112.111222598286,33.228099246238],[-112.11110489049,33.2281792173119],[-112.1109905925,33.2282636672612],[-112.110866676559,33.2283301642065],[-112.11072369759,33.228374282724],[-112.110574283241,33.2283868910651],[-112.110425311882,33.228381455781],[-112.110275527115,33.2283647544427],[-112.110127639837,33.2283390164218],[-112.109981708295,33.2283087511961],[-112.10983706194,33.2282739643225],[-112.109694369215,33.2282346493576],[-112.109558884761,33.2281817420659],[-112.109428649733,33.2281197685938],[-112.109280456908,33.2280962861705],[-112.109126705448,33.2280841280056],[-112.108977962993,33.2280967288816],[-112.108837550499,33.2281318023045],[-112.108698595302,33.2281758834266],[-112.108561065611,33.228226716168],[-112.108424933944,33.2282820453438],[-112.108290200283,33.2283418709586],[-112.108156807579,33.2284016853458],[-112.108024086336,33.2284614940484],[-112.1078947452,33.2285235264954],[-112.107766803113,33.2285900572033],[-112.107640230476,33.2286588291864],[-112.107514328213,33.2287275955033],[-112.107388425753,33.2287963616928],[-112.107262522023,33.2288651277565],[-112.107137960313,33.2289338808169],[-112.107008647415,33.2289981675292],[-112.106874553778,33.2290557317902],[-112.106739061853,33.229108799302],[-112.106601529558,33.2291596289771],[-112.106463998178,33.2292104594005],[-112.106324395821,33.2292567976949],[-112.10618342477,33.2293008935069],[-112.106040327991,33.2293359886011],[-112.105893093796,33.2293621004579],[-112.105744403461,33.2293792060512],[-112.105595072015,33.2293985721808],[-112.105447809134,33.2294224301261],[-112.10530541088,33.2294597722349],[-112.105168547779,33.2295105948025],[-112.105032411974,33.229565921171],[-112.104892081916,33.229607754809],[-112.104742862538,33.2296361379678],[-112.104596326452,33.2296644970563],[-112.104470249814,33.2297197327699],[-112.10438984514,33.2298331892035],[-112.104315448145,33.2299443371055],[-112.104201027644,33.2300197627751],[-112.104064218779,33.230075092704],[-112.103919136545,33.2301124580082],[-112.103772542584,33.2301363075538],[-112.103623067396,33.2301443980813],[-112.103471522561,33.2301479973052],[-112.103319336597,33.2301538570465],[-112.103179449308,33.2301776462358],[-112.103130676781,33.2302998399974],[-112.103076567827,33.2304243366416],[-112.103000100139,33.2305309926219],[-112.102868486258,33.2305727459957],[-112.102719151063,33.2305921095821],[-112.102563695394,33.2306047615277],[-112.102412321015,33.2306218869894],[-112.1022650552,33.230645740271],[-112.102117816597,33.2306718485693],[-112.101969851669,33.2306934527228],[-112.101822557256,33.2307150511938],[-112.101673807113,33.230727643354],[-112.101522876143,33.2307267243215],[-112.101373400803,33.2307348121479],[-112.101228900814,33.2307654050513],[-112.101087225834,33.2308072463111],[-112.100946248569,33.230851336197],[-112.100804573315,33.2308931771352],[-112.10066085783,33.2309327810276],[-112.100517783411,33.2309701249684],[-112.100373340443,33.2310052254532],[-112.100227471232,33.2310335739033],[-112.100080203049,33.2310574246031],[-112.099930839164,33.2310745296547],[-112.099780718644,33.2310848762588],[-112.099631856515,33.2310884470214],[-112.099482851819,33.2310807443637],[-112.099333064463,33.2310640298668],[-112.099184561765,33.2310427938245],[-112.099037372035,33.2310192914312],[-112.098900242304,33.2309956992838],[-112.098742293939,33.2309700364212],[-112.098595077245,33.2309442783118],[-112.098448473614,33.2309140050622],[-112.098303854659,33.2308814599844],[-112.098161191052,33.2308443869946],[-112.098021126216,33.2308005263231],[-112.097887598945,33.2307430794942],[-112.097758039944,33.230681087426],[-112.09763040814,33.2306123131977],[-112.097501463609,33.2305458058963],[-112.097369921653,33.2304860859626],[-112.097236338805,33.2304241280473],[-112.097100828021,33.230368952005],[-112.096960793773,33.2303273453212],[-112.096814304636,33.2303060890975],[-112.096662675606,33.230302916258],[-112.096511828976,33.2303087558161],[-112.096362381001,33.2303190928138],[-112.096213016551,33.2303361925017],[-112.096062813281,33.2303397708464],[-112.095909843045,33.2303366089426],[-112.095762097573,33.2303221271007],[-112.095623403048,33.2302805061603],[-112.095491834562,33.2302185290414],[-112.095368815785,33.2301429476938],[-112.095253118333,33.2300627920476],[-112.095140048127,33.229978103123],[-112.095028989885,33.2298933967818],[-112.094919915423,33.2298064187394],[-112.094812852917,33.2297194214875],[-112.094707775264,33.2296301525432],[-112.094620637659,33.2295271966055],[-112.094549482539,33.229415080501],[-112.094485679003,33.2293006445096],[-112.094420532336,33.2291862203212],[-112.094348065832,33.2290763702177],[-112.094262940926,33.2289733967161],[-112.094169796413,33.22887274754],[-112.094071341694,33.228776655104],[-112.093967578916,33.2286851193925],[-112.093861162215,33.2285958615417],[-112.09374289848,33.2285247461828],[-112.093598815029,33.2284809159815],[-112.093466607159,33.2284211973455],[-112.093331717186,33.2283615022149],[-112.093199482616,33.2282995290001],[-112.093072528397,33.2282307445857],[-112.092956220166,33.2281551008067],[-112.092853829618,33.2280658075228],[-112.09276336995,33.2279651336337],[-112.092679560991,33.2278598920102],[-112.092597065246,33.2277523842207],[-112.092509903863,33.227647171566],[-112.092414163777,33.2275533093514],[-112.092304452352,33.2274685878107],[-112.092185436507,33.2273907135296],[-112.092063765653,33.2273151170458],[-112.09194542079,33.2272372361761],[-112.091822408159,33.227161651263],[-112.091702694498,33.2270815267726],[-112.091613662564,33.2269876048974],[-112.091613351592,33.2268545718203],[-112.091532982134,33.226756064114],[-112.091425926698,33.2266690638814],[-112.091310182317,33.2265843950088],[-112.09119446517,33.2265019812222],[-112.091082072937,33.2264172821833],[-112.090968368962,33.2263348509333],[-112.090861958152,33.2262455895622],[-112.090794834887,33.2261334358345],[-112.090704435709,33.2260372698897],[-112.090576146675,33.2259684946793],[-112.090479068306,33.2258746418309],[-112.090397918224,33.2257671207413],[-112.090302799021,33.2256687410223],[-112.09018579796,33.2255908466564],[-112.090058180531,33.2255220645579],[-112.089929304204,33.2254600578978],[-112.089828902395,33.225368488741],[-112.089737107879,33.225267824373],[-112.089657301431,33.2251602909989],[-112.089592835752,33.2250458587331],[-112.089541699163,33.224924544822],[-112.089500621942,33.2248031420698],[-112.089474270885,33.224679356308],[-112.089460634306,33.2245532047677],[-112.089461081268,33.2244269290632],[-112.089463539849,33.2243006361347],[-112.089455295692,33.224176691753],[-112.089404830341,33.2240553714248],[-112.089337041154,33.2239432222977],[-112.089265925344,33.2238333573276],[-112.08919279918,33.2237235104317],[-112.089122327312,33.2236113856404],[-112.089056550429,33.2234992182325],[-112.089000078177,33.2233802054676],[-112.08896366921,33.2232565074402],[-112.088954755333,33.2231325693408],[-112.088967274707,33.2230061876187],[-112.088971075026,33.2228798828926],[-112.08894539583,33.2227560906372],[-112.088905662588,33.2226346767645],[-112.088857909015,33.2225155878242],[-112.088808814522,33.2223965106374],[-112.088764386889,33.2222751374725],[-112.088727335137,33.2221536999855],[-112.088694280753,33.2220299719656],[-112.088663907479,33.2219062212917],[-112.088634205882,33.221782464269],[-112.08860584541,33.2216586954642],[-112.088578155538,33.2215349212151],[-112.088550465745,33.2214111469571],[-112.088522106585,33.2212873781236],[-112.088492405402,33.2211636210534],[-112.088460691686,33.2210398820817],[-112.088426296002,33.220916165738],[-112.088388575859,33.2207947344547],[-112.088348843211,33.220673320362],[-112.088308441233,33.2205519107842],[-112.088268038297,33.2204305029956],[-112.088228307054,33.220309087953],[-112.088187233833,33.2201876855659],[-112.088163568068,33.2200638758888],[-112.088166699998,33.2199375765555],[-112.088177207484,33.2198112129492],[-112.088195119567,33.2196870402641],[-112.088226470748,33.2195650032866],[-112.088265200595,33.2194429029209],[-112.088307280698,33.2193207726709],[-112.088349362832,33.2191986433034],[-112.088392141209,33.2190787618828],[-112.088435591041,33.218958874108],[-112.088480354817,33.2188367202479],[-112.088523804412,33.2187168333401],[-112.088565912895,33.2185969572852],[-112.088603970282,33.2184748631361],[-112.088630570985,33.2183483581955],[-112.08865451658,33.2182241319914],[-112.088688549655,33.2181020722275],[-112.088740073594,33.2179843688888],[-112.088803696392,33.2178688147546],[-112.088874751521,33.217757704866],[-112.088950554865,33.2176510645685],[-112.089032394562,33.2175443698733],[-112.089116944035,33.2174399058642],[-112.089201493308,33.2173354426983],[-112.089281990364,33.2172287596154],[-112.089359777254,33.2171198457433],[-112.089430859111,33.217010990726],[-112.089496518712,33.2168976733021],[-112.08955005339,33.2167799523878],[-112.089588080597,33.2166556027109],[-112.089593919268,33.2165315349139],[-112.089578942875,33.2164053940986],[-112.089558601623,33.2162792995076],[-112.089532253096,33.216155514482],[-112.089502553332,33.2160317575482],[-112.089454802579,33.2159126687014],[-112.089384336683,33.2158005429967],[-112.089323231721,33.215686080492],[-112.089278806812,33.2155647073712],[-112.089255812329,33.2154408914687],[-112.089236812714,33.2153147859261],[-112.089222507519,33.2151886396023],[-112.089215606627,33.2150646832389],[-112.08922544266,33.2149383257904],[-112.089254751319,33.2148140522924],[-112.089278025697,33.2146898313407],[-112.089295907186,33.2145634032043],[-112.089311805257,33.2144392465785],[-112.089324993404,33.2143128601122],[-112.0893334872,33.21418651352],[-112.089345334354,33.2140601379246],[-112.08937064675,33.2139381549234],[-112.089420100993,33.2138159598579],[-112.089503332481,33.2137137625182],[-112.089620399371,33.2136360723313],[-112.089744898239,33.2135628262657],[-112.089861936673,33.2134828815535],[-112.089978974894,33.2134029367309],[-112.090096040949,33.2133252460953],[-112.09021240829,33.2132453064956],[-112.090327435583,33.2131653785757],[-112.090443103992,33.2130831899064],[-112.090556089297,33.2130010247165],[-112.090658905353,33.2129099302382],[-112.090741437101,33.2128054832101],[-112.090812456576,33.2126921178499],[-112.090879453167,33.2125787878367],[-112.090941756439,33.2124654986247],[-112.090998638751,33.2123477479768],[-112.0910461325,33.2122300798914],[-112.091088877921,33.21210794223],[-112.091136343346,33.2119880189069],[-112.091190543312,33.2118702917623],[-112.091251475646,33.211754758987],[-112.091317130077,33.2116414414273],[-112.091394938682,33.2115347805057],[-112.091473416468,33.2114281140853],[-112.091537701405,33.2113125530082],[-112.091596621581,33.2111970382122],[-112.091653502201,33.2110792863448],[-112.091709069882,33.2109638014545],[-112.091765279765,33.210846055886],[-112.09182081799,33.2107283166461],[-112.091873675397,33.2106106000903],[-112.091923179421,33.2104929134813],[-112.091969972413,33.2103729961704],[-112.092013386092,33.210250852709],[-112.092054144948,33.2101309871478],[-112.092094205167,33.2100088736287],[-112.09212823141,33.2098868136892],[-112.092157534313,33.2097625394255],[-112.092186782008,33.2096337565549],[-112.092199965331,33.2095073688003],[-112.092179706263,33.2093880392032],[-112.092109913663,33.2092759085609],[-112.092011400022,33.2091730503135],[-112.091899756916,33.2090928548485],[-112.091770820243,33.2090240860582],[-112.091635348056,33.2089689037494],[-112.091496634107,33.2089227684474],[-112.091352668165,33.208885698293],[-112.091206747229,33.2088531556211],[-112.091060211044,33.2088251268247],[-112.090913060664,33.208801613704],[-112.090765910363,33.2087781004088],[-112.090618733154,33.2087523326389],[-112.090472867743,33.2087242977036],[-112.090326974374,33.2086940082978],[-112.090181082177,33.2086637187189],[-112.090035859426,33.2086334226257],[-112.089891281301,33.2086008666184],[-112.089746674172,33.2085660552431],[-112.089605978616,33.2085221902515],[-112.089469864015,33.2084692653166],[-112.089336349321,33.2084095537714],[-112.089210795755,33.2083430067112],[-112.089105079001,33.2082537380642],[-112.089005313231,33.2081576520809],[-112.088896300856,33.2080729217425],[-112.088786590264,33.2079859424429],[-112.088676236411,33.207901223683],[-112.088565212355,33.2078165102582],[-112.088455501338,33.2077295306625],[-112.088346490023,33.2076447998332],[-112.088240104572,33.2075555358694],[-112.088139027713,33.2074617161447],[-112.088039962301,33.2073678782367],[-112.08793821546,33.2072740637766],[-112.087833171693,33.2071847885941],[-112.08772611691,33.2070955296115],[-112.087613111543,33.2070130877145],[-112.08749083045,33.2069397461373],[-112.087362626723,33.2068754759069],[-112.087230428715,33.2068134951141],[-112.087098257789,33.2067537693836],[-112.086966087039,33.2066940417081],[-112.0868332751,33.2066365763211],[-112.086699791855,33.2065791162174],[-112.086566309856,33.2065216550662],[-112.086432826959,33.206464194674],[-112.086299986691,33.2064044726104],[-112.086168488483,33.2063447395589],[-112.086036318978,33.2062850117898],[-112.085798270139,33.2061766015321],[-112.085680629737,33.2060987080081],[-112.085561006269,33.2060230867317],[-112.085442025482,33.2059452047176],[-112.085323714231,33.2058673162707],[-112.085208059015,33.205787150837],[-112.085095057683,33.2057047057215],[-112.084990661156,33.2056131674826],[-112.084888919596,33.2055193504861],[-112.084781255245,33.2054346047526],[-112.08466492962,33.2053544433192],[-112.084545308037,33.2052788210515],[-112.0844237023,33.2052054701096],[-112.084299415191,33.2051321433992],[-112.084175184072,33.2050633251679],[-112.08404829839,33.2049967845596],[-112.083915463025,33.2049370608248],[-112.083782654649,33.204879591251],[-112.083652445449,33.2048153342875],[-112.083529500313,33.2047419941801],[-112.083433069768,33.2046436204984],[-112.081953844133,33.204645216019],[-112.064610827722,33.2046662716686],[-112.04731354375,33.2047025627037],[-112.030126917031,33.2046588671068],[-112.01276276747,33.204602967471],[-112.000697978323,33.2045697883436],[-112.000698002047,33.2046013563421],[-111.995955809543,33.2045740090339],[-111.995790170103,33.204573080159],[-111.978906841731,33.2045830168376],[-111.978772045026,33.2045818217447],[-111.961621479922,33.2045937703205],[-111.961449829745,33.2045950964406],[-111.944257424297,33.2047109531902],[-111.944115275569,33.2047120315398],[-111.927011380417,33.2046760116211],[-111.926902062743,33.2046745706657],[-111.909565590172,33.2047483743602],[-111.8929351606,33.2048214624256],[-111.892934587999,33.2047650938043],[-111.892902033062,33.2034078715226],[-111.892211382491,33.2034105700867],[-111.875907661743,33.2036120769052],[-111.875743385535,33.2036132331287],[-111.875756946668,33.2034936275039],[-111.87552729473,33.2034952434636],[-111.858522413343,33.2037309731302],[-111.858313232456,33.2037346706409],[-111.841125757478,33.2039625171799],[-111.823755024215,33.2042185187199],[-111.806423263203,33.2046071382071],[-111.789300702723,33.2046402477678],[-111.772548321712,33.2047183129515],[-111.755233983213,33.2046847867207],[-111.750689538476,33.2046942431383],[-111.73819614615,33.2047193701768],[-111.720574452076,33.2046219599515],[-111.703284723122,33.2046103775418],[-111.685992888512,33.2045896388473],[-111.685868660152,33.2045677741128],[-111.668946253339,33.2046283173232],[-111.668580353303,33.2045716548077],[-111.651752907207,33.2047826876139],[-111.651568503306,33.2047836538638],[-111.634469454369,33.2050073011725],[-111.617022105635,33.2053047407237],[-111.600174147902,33.2055066462478],[-111.599983690087,33.2055053096122],[-111.599766408102,33.2055041018628],[-111.582722240265,33.2054587989403],[-111.582798736508,33.2197324051779],[-111.582772255692,33.2198858670363],[-111.583021811259,33.2343006903118],[-111.583007803825,33.2345149779361],[-111.583190027211,33.2486234086512],[-111.583162115369,33.2490677660981],[-111.583128877108,33.2629516783427],[-111.583080433512,33.2635381930735],[-111.583257815646,33.2773511829617],[-111.583222091725,33.2780345996362],[-111.583268210893,33.2917286608613],[-111.583284756923,33.2926012452438],[-111.583445668828,33.306285715767],[-111.583429547187,33.30709080358],[-111.583521173927,33.3142948911792],[-111.58360588182,33.3209104659298],[-111.583596714881,33.321751598514],[-111.583658638128,33.3352696053441],[-111.583670392675,33.3363271101666],[-111.583941749581,33.3497155695578],[-111.583938163141,33.3506874576085],[-111.584057595205,33.3641442476857],[-111.584055109563,33.3642750446368],[-111.584033798687,33.3652582886383],[-111.584034432337,33.3653529913322],[-111.584158787622,33.3725004845038],[-111.584161066061,33.3726402786509],[-111.584268980912,33.3788317575878],[-111.583438462882,33.3788288987003],[-111.580655798148,33.3787945949867],[-111.580655940725,33.3827587266146],[-111.580648853607,33.3830067999673],[-111.580656022708,33.3830744130192],[-111.580655727119,33.3849504984819],[-111.580655751749,33.3882900186662],[-111.580655730807,33.3883373716311],[-111.580655590083,33.3883666856693],[-111.580655740853,33.3898549242222],[-111.580655704932,33.3899000219718],[-111.580655480631,33.3933026770372],[-111.580509559089,33.4078429760441],[-111.580572006893,33.4222289330824],[-111.58080145833,33.4366952510496],[-111.580787878343,33.4383909917668],[-111.580788047869,33.4385172650304],[-111.580741014859,33.4439720610018],[-111.58072157043,33.44630145092],[-111.580720856842,33.4463961586543],[-111.580679973509,33.4512601391533],[-111.580636823243,33.4584579299334],[-111.580591491665,33.4657819958001],[-111.563330072045,33.4657894816194],[-111.563255401345,33.4657875663726],[-111.546083007702,33.4658373433477],[-111.54599624484,33.465837725957],[-111.528689173858,33.4657571580083],[-111.526577151372,33.4657458530174],[-111.521998660834,33.4657246283869],[-111.520185306546,33.4657187221378],[-111.520028918086,33.4657171227061],[-111.511361949589,33.4656787660856],[-111.493782588664,33.4657319951847],[-111.478619631359,33.4658095046914],[-111.47683797945,33.465820880211],[-111.45962231764,33.4658565909548],[-111.442416449628,33.4658402687775],[-111.425145292948,33.465747369357],[-111.407857983776,33.465719764484],[-111.390576825727,33.4657145332847],[-111.373166455315,33.4659305174037],[-111.355862875828,33.4658866909185],[-111.338539655235,33.4658066786878],[-111.321146801679,33.4658078584453],[-111.303921297813,33.4658715794048],[-111.286599993291,33.4659601875338],[-111.26950640313,33.4659669584497],[-111.269124365116,33.4659677883638],[-111.259640224261,33.4659496814415],[-111.252007446492,33.4659361184888],[-111.250681054734,33.4659320427963],[-111.250680746291,33.466058318986],[-111.242453979091,33.4660205638515]]]},"properties":{"OBJECTID":6,"NAME":"PINAL"}}]}