{
"type": "FeatureCollection",
"name": "Groundwater_Savings_Facility",
"crs": { "type": "name", "properties": { "name": "urn:ogc:def:crs:OGC:1.3:CRS84" } },
"features": [
{ "type": "Feature", "properties": { "OBJECTID": 1, "PROGRAM": "72", "CERTIFICATE": "534888", "CONVEYANCE": "0007", "NAME": "New Magma Irrigation & Drainage District", "EXIST_OR_P": "E", "GSF_OR_USF": "GSF", "AMA": "Phoenix", "CRSPNDG_CE": "57.002511.0000", "STATUS": "Active", "LABEL": "New Magma IDD", "MAXSAVINGS": "59506", "Shape__Area": 31624194.716552701, "Shape__Length": 61060.794849345002 }, "geometry": { "type": "Polygon", "coordinates": [ [ [ -111.578746482061007, 33.203629381510098 ], [ -111.578621525729005, 33.201814980930898 ], [ -111.578771738060993, 33.2018154099623 ], [ -111.580272170160001, 33.201819977804902 ], [ -111.582481438239995, 33.201831354049297 ], [ -111.582355036356006, 33.2000121752666 ], [ -111.582246063998994, 33.198443503433602 ], [ -111.580044978461004, 33.198439689920001 ], [ -111.578388716594006, 33.198436974321702 ], [ -111.578496247646996, 33.200000867998199 ], [ -111.578621525729005, 33.201814980930898 ], [ -111.578058907005996, 33.201813369556497 ], [ -111.575845648203995, 33.201806445010902 ], [ -111.574750585215995, 33.201803050762202 ], [ -111.574582500033998, 33.199993642819301 ], [ -111.574414419394998, 33.198183948132801 ], [ -111.574246350983998, 33.196374815440599 ], [ -111.574078630311007, 33.194566530931297 ], [ -111.573173110019994, 33.194567886237401 ], [ -111.573140617020997, 33.194058411522903 ], [ -111.570938818670001, 33.194082911820303 ], [ -111.568736683786994, 33.1941073738084 ], [ -111.566534875724003, 33.194131518440301 ], [ -111.564321676456004, 33.1941562341053 ], [ -111.564238427299003, 33.192783607915302 ], [ -111.564129664836003, 33.190986594014298 ], [ -111.564015104719999, 33.189174666037502 ], [ -111.563900553522004, 33.187363305618497 ], [ -111.563786010401003, 33.185551377152002 ], [ -111.563674282074999, 33.187364048979603 ], [ -111.563562206048999, 33.189176158941898 ], [ -111.563450468873, 33.190988543686302 ], [ -111.561897313935006, 33.190993314844199 ], [ -111.559666308386994, 33.190999988686201 ], [ -111.559556543685005, 33.189189166491502 ], [ -111.559445433481997, 33.187377500019103 ], [ -111.559334334517004, 33.185566118778198 ], [ -111.559298812692006, 33.184988436830999 ], [ -111.558522901502997, 33.184481731930198 ], [ -111.558332589230005, 33.183757889391998 ], [ -111.557856495237999, 33.181949264099103 ], [ -111.557779547397999, 33.181656743944203 ], [ -111.556843322852998, 33.181235872856199 ], [ -111.554556083679998, 33.180207945841197 ], [ -111.554428681418003, 33.1801504482589 ], [ -111.553372817123005, 33.179675962912803 ], [ -111.553329900918001, 33.178344303002497 ], [ -111.553271252485999, 33.176535773644702 ], [ -111.554335114433002, 33.1765310424285 ], [ -111.556557019053002, 33.176521120931099 ], [ -111.558778926878006, 33.176511160667999 ], [ -111.561000834674999, 33.176501159849401 ], [ -111.563213349943993, 33.176491162768102 ], [ -111.563094672614, 33.174657265632298 ], [ -111.562994983232002, 33.173117836639101 ], [ -111.562466645750007, 33.1731548980787 ], [ -111.562485658927002, 33.174659172372898 ], [ -111.562495632166005, 33.175431743773899 ], [ -111.560933811902004, 33.1755064459159 ], [ -111.558719577576994, 33.1756122479404 ], [ -111.556505009147003, 33.175718013008201 ], [ -111.554290092632996, 33.175823734849402 ], [ -111.552662243575995, 33.175901167257003 ], [ -111.552032322946999, 33.175245221781999 ], [ -111.551509371600005, 33.174700422096699 ], [ -111.550869345438997, 33.1740335280588 ], [ -111.550271571983998, 33.1747059032976 ], [ -111.549810594446996, 33.175224618298699 ], [ -111.548626321564001, 33.176556345204901 ], [ -111.547670389383001, 33.176560558336803 ], [ -111.545440068172994, 33.176565846327499 ], [ -111.543856010594993, 33.176574192856698 ], [ -111.543212957494006, 33.175897403875801 ], [ -111.542113439714001, 33.174740594598703 ], [ -111.540870234172999, 33.1734321911755 ], [ -111.540368245134005, 33.1729041645359 ], [ -111.538622106351994, 33.171066586534998 ], [ -111.538542833617996, 33.170983214175401 ], [ -111.536875702588006, 33.169228420474298 ], [ -111.536218926366999, 33.168537558500802 ], [ -111.535127350786993, 33.167388547883498 ], [ -111.533996003550001, 33.166197694537303 ], [ -111.534346614981999, 33.165543369433898 ], [ -111.535337105002995, 33.163693956217102 ], [ -111.535891818687006, 33.162658496289303 ], [ -111.535914601779993, 33.1626578353982 ], [ -111.538101986002005, 33.162593145545301 ], [ -111.540289027170999, 33.162528702000998 ], [ -111.542476062841999, 33.162463936858202 ], [ -111.543379761919994, 33.162437446987802 ], [ -111.543393781383003, 33.161831633694 ], [ -111.542442027514994, 33.161835787516203 ], [ -111.540252652484, 33.1618453129268 ], [ -111.538063277497997, 33.161854799845102 ], [ -111.536318283883006, 33.1618623361705 ], [ -111.535873236607003, 33.161864252038697 ], [ -111.533683797045001, 33.161863516556899 ], [ -111.531493694854007, 33.161863026829501 ], [ -111.530409193493995, 33.161862578718903 ], [ -111.529528604039996, 33.160050208869997 ], [ -111.529157366025004, 33.159285369789103 ], [ -111.528649735079995, 33.158240364788902 ], [ -111.528295824311002, 33.157512090307797 ], [ -111.526879943265001, 33.1576226725075 ], [ -111.526327255232005, 33.157665599460799 ], [ -111.525101151168997, 33.156447159092899 ], [ -111.524611999551993, 33.1559607333784 ], [ -111.523290874912007, 33.154647686944898 ], [ -111.522312949644999, 33.153675376453599 ], [ -111.521480336485993, 33.152847901806503 ], [ -111.520018076515001, 33.151394469946403 ], [ -111.519957399305994, 33.1513341178185 ], [ -111.519668879660003, 33.151050347342697 ], [ -111.517842755733994, 33.149253394838098 ], [ -111.517729174078994, 33.1491416796718 ], [ -111.517337535606003, 33.148756291467201 ], [ -111.516177885152999, 33.1474565907669 ], [ -111.517648163066994, 33.147447381854398 ], [ -111.519824759402994, 33.147433797388203 ], [ -111.521492391191998, 33.1474234370029 ], [ -111.521416848729004, 33.145589868555298 ], [ -111.521341650055007, 33.143757425571501 ], [ -111.521266444082002, 33.141923854516897 ], [ -111.521244923116001, 33.141401909836297 ], [ -111.519522907460001, 33.1414313810224 ], [ -111.517356975995, 33.141468312142699 ], [ -111.515191046978003, 33.141504923273203 ], [ -111.514414461502, 33.141518282819199 ], [ -111.514435755232995, 33.141950876552499 ], [ -111.514527262841995, 33.143789455346798 ], [ -111.514575101554001, 33.144749607872498 ], [ -111.513444735679997, 33.144776827716797 ], [ -111.513150811765996, 33.1444786868663 ], [ -111.512482074391002, 33.143799303298799 ], [ -111.510883085817994, 33.142175229145401 ], [ -111.510676806503, 33.141965514120997 ], [ -111.508868922646997, 33.1401294507966 ], [ -111.508610758217998, 33.1398669496647 ], [ -111.507054367614998, 33.138285776324501 ], [ -111.506427855029997, 33.1376493119907 ], [ -111.505244950126993, 33.1364476920497 ], [ -111.505096331426003, 33.136296925794497 ], [ -111.505059174747998, 33.134610611961101 ], [ -111.505018490273997, 33.132776886536398 ], [ -111.506210452340994, 33.132766970025799 ], [ -111.506257353940001, 33.132766497125097 ], [ -111.508317699334995, 33.132757254689302 ], [ -111.508922756179999, 33.132757597047103 ], [ -111.508881638443, 33.133815087124603 ], [ -111.509496270458001, 33.134600134675203 ], [ -111.510630053156007, 33.136048278241802 ], [ -111.510646399570007, 33.1364405792377 ], [ -111.510933859394996, 33.136440245812501 ], [ -111.511961751803, 33.137820598612002 ], [ -111.512007926430002, 33.1378674825988 ], [ -111.512051433357001, 33.137916350214397 ], [ -111.512091595507002, 33.137966921015497 ], [ -111.512129089416007, 33.138019198538203 ], [ -111.512163243315001, 33.138072893297498 ], [ -111.512194051896003, 33.138128015240099 ], [ -111.512221854982002, 33.138184557559299 ], [ -111.512246313733002, 33.1382419597021 ], [ -111.512259260635005, 33.138278270728797 ], [ -111.512267089345002, 33.138300221259698 ], [ -111.512284523342004, 33.138359628568601 ], [ -111.512298275174004, 33.138419327029602 ], [ -111.512308342248005, 33.1384796098056 ], [ -111.512315063282998, 33.138540464680702 ], [ -111.512318430769994, 33.138601338758001 ], [ -111.512317779927002, 33.138662223948003 ], [ -111.512313780876994, 33.138723127416696 ], [ -111.512305756491003, 33.138783761503497 ], [ -111.512294716745004, 33.138844130172302 ], [ -111.512279653736996, 33.138903666598999 ], [ -111.512261233857998, 33.138962657584997 ], [ -111.512239460776001, 33.139020812668797 ], [ -111.512214326442006, 33.1390778549668 ], [ -111.512185504410994, 33.139134066342201 ], [ -111.512173232378004, 33.139155259751902 ], [ -111.512911136908997, 33.138889227635602 ], [ -111.513764379091, 33.1385815616594 ], [ -111.513757896876996, 33.1382746258802 ], [ -111.513719006745006, 33.136435545493903 ], [ -111.513680125169003, 33.134596460001603 ], [ -111.513641259023998, 33.132760759106198 ], [ -111.512648246865993, 33.132760063924501 ], [ -111.512157301683999, 33.131529437515901 ], [ -111.511934127160998, 33.130944336940502 ], [ -111.511242486249003, 33.129129639543201 ], [ -111.510550886133998, 33.1273160640594 ], [ -111.510371271140997, 33.126845222668798 ], [ -111.510251867096997, 33.1265314188541 ], [ -111.509935077566993, 33.127130016293201 ], [ -111.509552579973004, 33.127316774484299 ], [ -111.508148855372994, 33.128002682148797 ], [ -111.507972133728998, 33.128089095034198 ], [ -111.506095060522995, 33.127734811223498 ], [ -111.504997064490993, 33.1275275827673 ], [ -111.506111182273003, 33.128440848876402 ], [ -111.506959749158995, 33.129136731675899 ], [ -111.507121315833004, 33.1292691180982 ], [ -111.506147870711999, 33.130042605614399 ], [ -111.504995983461995, 33.130957745355602 ], [ -111.504075192841995, 33.131689568751703 ], [ -111.502689808718998, 33.132790261184397 ], [ -111.502043896459995, 33.1327928692521 ], [ -111.501996658186997, 33.132792778170298 ], [ -111.501912564440005, 33.132792553223602 ], [ -111.501014608220004, 33.131894166283899 ], [ -111.500775196993004, 33.130975366091597 ], [ -111.500701555545007, 33.130692658883603 ], [ -111.501908279198005, 33.129751687376903 ], [ -111.502356537801006, 33.129402322921599 ], [ -111.502681074926997, 33.1291518350682 ], [ -111.503983201831005, 33.128146749897297 ], [ -111.504653266402997, 33.127629889352903 ], [ -111.505019698097001, 33.127327080792703 ], [ -111.503957350934002, 33.1271433708514 ], [ -111.502127428292994, 33.126826610482198 ], [ -111.501811020366006, 33.126386187484698 ], [ -111.501785982726005, 33.1255203646787 ], [ -111.501752610810001, 33.124368185733204 ], [ -111.500993121147005, 33.124710907372197 ], [ -111.500105044427002, 33.123707332862899 ], [ -111.500090205649002, 33.123690198377403 ], [ -111.500101075334996, 33.121889239803302 ], [ -111.50011184441, 33.120071655331202 ], [ -111.500122601314999, 33.118250967478801 ], [ -111.500693386264999, 33.118250642708901 ], [ -111.501575025707993, 33.118250473466702 ], [ -111.501618908739999, 33.118250579159202 ], [ -111.503726873378994, 33.118250241958499 ], [ -111.503770751044001, 33.118250346914799 ], [ -111.50564658447, 33.118250065742998 ], [ -111.505884516384995, 33.118501660096904 ], [ -111.506574407784996, 33.119231734133002 ], [ -111.507485878519006, 33.118594359748897 ], [ -111.508086601713998, 33.118963425763702 ], [ -111.509869985541002, 33.120059963559399 ], [ -111.510261625343006, 33.120300770098702 ], [ -111.510846240871004, 33.1206603011155 ], [ -111.511422918877003, 33.120056972420599 ], [ -111.511518806520002, 33.119956227979102 ], [ -111.511856034229993, 33.1200560392925 ], [ -111.511860063582006, 33.120057149346898 ], [ -111.511959047806997, 33.120086337532697 ], [ -111.512416075714995, 33.120221451178899 ], [ -111.514582430646001, 33.120861675960697 ], [ -111.514809604701995, 33.120928949105398 ], [ -111.515791960309997, 33.1200479631894 ], [ -111.516712322095998, 33.119223033687 ], [ -111.517813599568001, 33.118235271531603 ], [ -111.518322764443994, 33.1182370992369 ], [ -111.518852673582998, 33.118234889510298 ], [ -111.520372388278005, 33.118228544602502 ], [ -111.521009152977996, 33.118225879450101 ], [ -111.522422016603997, 33.118219956236999 ], [ -111.523165632482005, 33.118216832070203 ], [ -111.524149747839004, 33.118212693026997 ], [ -111.525345101883005, 33.119535013548003 ], [ -111.525787851784997, 33.1200250168528 ], [ -111.527423664278004, 33.1218345109708 ], [ -111.527554505469993, 33.121979405367703 ], [ -111.529060218045004, 33.123644824734903 ], [ -111.529758632804999, 33.124417580210697 ], [ -111.530698862676999, 33.125457361295403 ], [ -111.531965914382994, 33.126858800227303 ], [ -111.532337573792006, 33.127269874204202 ], [ -111.533977365499993, 33.1290837743542 ], [ -111.534176023306998, 33.129303348065797 ], [ -111.535619251175007, 33.1308996138781 ], [ -111.536392320494002, 33.131754316494799 ], [ -111.537265243082999, 33.132719639017502 ], [ -111.538674519216002, 33.134278242072298 ], [ -111.538898495514999, 33.134525888738096 ], [ -111.540532482149999, 33.136332675795899 ], [ -111.540995639656998, 33.136844802836301 ], [ -111.542163838763003, 33.138136348164402 ], [ -111.543318918725006, 33.139413563190097 ], [ -111.543794926800004, 33.139940004839502 ], [ -111.545434515354003, 33.1417526157176 ], [ -111.545657519914997, 33.141999408790902 ], [ -111.547076532842993, 33.143568015781398 ], [ -111.547999626464005, 33.144588292454998 ], [ -111.548721315855005, 33.145386484870201 ], [ -111.550366493742004, 33.147203516127803 ], [ -111.552020191943996, 33.149032609832702 ], [ -111.552714965110994, 33.149801021374401 ], [ -111.553675309316006, 33.150862237173101 ], [ -111.555068623126999, 33.152402114919099 ], [ -111.555329138215995, 33.152690157871298 ], [ -111.555633721424002, 33.153005343245702 ], [ -111.555633441959998, 33.153014082153 ], [ -111.555593424202996, 33.1542643783038 ], [ -111.555646616586998, 33.154515290735802 ], [ -111.556014153294996, 33.156252539825701 ], [ -111.556028783925001, 33.156340133389698 ], [ -111.556332878853993, 33.158164764691797 ], [ -111.556376772852005, 33.1584283993529 ], [ -111.556742552575997, 33.159988635859797 ], [ -111.556863790489999, 33.160505050211498 ], [ -111.557373511250006, 33.161825323507102 ], [ -111.557390885917997, 33.161869783658702 ], [ -111.557908624554003, 33.162444177872601 ], [ -111.558943785791001, 33.163591837092298 ], [ -111.559011818946999, 33.163644802742503 ], [ -111.560250638224005, 33.1646131069311 ], [ -111.560782823428994, 33.165029294719901 ], [ -111.561282717181996, 33.165479449695297 ], [ -111.562575800991993, 33.166644517608198 ], [ -111.562968177235007, 33.166997900776003 ], [ -111.563314079311994, 33.1673154193888 ], [ -111.564429682750003, 33.168339485428099 ], [ -111.564899972031995, 33.168714219262803 ], [ -111.565449098279998, 33.169151447960502 ], [ -111.565913666970005, 33.169521691158302 ], [ -111.567206362597005, 33.1705046191381 ], [ -111.567213775222001, 33.170510506068801 ], [ -111.567982529397, 33.170803810513299 ], [ -111.568408684516001, 33.1709836720146 ], [ -111.568470525897993, 33.171009607989099 ], [ -111.568542867133999, 33.1728143998671 ], [ -111.569546708572005, 33.172812905927799 ], [ -111.571737054975003, 33.172809906620998 ], [ -111.573927741700999, 33.172806867210397 ], [ -111.575307977719007, 33.1728050001946 ], [ -111.576158667108999, 33.1734211887226 ], [ -111.577820677651005, 33.174624694551099 ], [ -111.578458890147004, 33.175086819037901 ], [ -111.580327423384006, 33.176440134417398 ], [ -111.580760209545005, 33.176753245918597 ], [ -111.582812715206003, 33.178239552249799 ], [ -111.583125614132996, 33.178466125435001 ], [ -111.585295747919005, 33.180037524623202 ], [ -111.585594851915999, 33.1802540061842 ], [ -111.587773496669996, 33.181831528647997 ], [ -111.588030504065003, 33.182017477493197 ], [ -111.590251003191, 33.183625196512601 ], [ -111.590431897656003, 33.183755970900499 ], [ -111.592598919417995, 33.185324724455299 ], [ -111.592724914460007, 33.185417139792101 ], [ -111.592799704398999, 33.185472031555598 ], [ -111.595135418511006, 33.187186509208701 ], [ -111.595164055452003, 33.1872075095581 ], [ -111.597439210776002, 33.1888771310972 ], [ -111.597601267320002, 33.188996149306199 ], [ -111.599713775631002, 33.190546435077202 ], [ -111.600040934839996, 33.190786137251102 ], [ -111.601874879340002, 33.192131959605902 ], [ -111.602552811966007, 33.192629564660201 ], [ -111.604058974200996, 33.193734530560299 ], [ -111.605051984891006, 33.194463138647201 ], [ -111.606237759497006, 33.195333145522497 ], [ -111.606901249090001, 33.195820087342803 ], [ -111.607528407380997, 33.196288315230298 ], [ -111.608411365273994, 33.196948089870098 ], [ -111.609909733403995, 33.198067679552103 ], [ -111.609976041628002, 33.198105127179403 ], [ -111.610579561110001, 33.198448024631901 ], [ -111.610708481808004, 33.198521241520602 ], [ -111.611634355548006, 33.1987886977412 ], [ -111.612559659029998, 33.199070525720998 ], [ -111.612745798622996, 33.199079196692203 ], [ -111.613164013307994, 33.199098275131803 ], [ -111.613306917252004, 33.199109406915099 ], [ -111.613308459109007, 33.199906254465198 ], [ -111.613312422402998, 33.201722056737601 ], [ -111.613313246618006, 33.202175868912903 ], [ -111.612734828729003, 33.201880216846902 ], [ -111.612438724428998, 33.201728899204603 ], [ -111.611504313173, 33.2012512116927 ], [ -111.611525221586007, 33.201172465522902 ], [ -111.611604142987005, 33.200854124208398 ], [ -111.611560740548995, 33.200591073309802 ], [ -111.611409262066005, 33.200457081263799 ], [ -111.61057487027, 33.200521782054103 ], [ -111.610091322490007, 33.200559390404699 ], [ -111.610075771819993, 33.201747275007399 ], [ -111.610051885377999, 33.203569698201399 ], [ -111.610029041879002, 33.205301067327397 ], [ -111.610029683145996, 33.2053935206158 ], [ -111.608655412353997, 33.205409836708398 ], [ -111.608406641887996, 33.205412743470298 ], [ -111.606496944967006, 33.205435600167696 ], [ -111.606249515431003, 33.205438496082998 ], [ -111.604338134735002, 33.205461046438202 ], [ -111.604092379810993, 33.205463929933003 ], [ -111.602179328871003, 33.205486736662401 ], [ -111.601935248589996, 33.205489612304497 ], [ -111.600185806338004, 33.205510184428803 ], [ -111.599995351885994, 33.205509412469702 ], [ -111.599778072337998, 33.205508769504597 ], [ -111.597823249738994, 33.205503803066897 ], [ -111.597823038301996, 33.2072945411701 ], [ -111.599991833212002, 33.207301010494703 ], [ -111.599988319464998, 33.209092322055703 ], [ -111.599984800824998, 33.2108836376403 ], [ -111.599981288844006, 33.212675235004703 ], [ -111.599977771054995, 33.214466545055203 ], [ -111.599974262947995, 33.2162584228006 ], [ -111.599970746918004, 33.218050017751999 ], [ -111.599967237767004, 33.219841612160202 ], [ -111.599979609808997, 33.221651169193898 ], [ -111.599991986790997, 33.223461287615002 ], [ -111.600004362964995, 33.225271124996297 ], [ -111.600003327620001, 33.227081025631897 ], [ -111.602181213185006, 33.227070217028697 ], [ -111.604362785909998, 33.227059633805901 ], [ -111.606544360916999, 33.227048730896001 ], [ -111.608261449831005, 33.227040342994897 ], [ -111.608290626349003, 33.227040200340802 ], [ -111.608726267251001, 33.227038069527602 ], [ -111.608732495675994, 33.228853572219698 ], [ -111.608738716546995, 33.230668788492999 ], [ -111.608740269674001, 33.2310371863339 ], [ -111.606852581840997, 33.231025275685802 ], [ -111.606559734265005, 33.230873080678698 ], [ -111.606185094921997, 33.2306781632983 ], [ -111.606116094262006, 33.230642421942001 ], [ -111.605905042559996, 33.230580860472202 ], [ -111.604943205443007, 33.230300304222901 ], [ -111.604376831097994, 33.230168885115603 ], [ -111.603718077088999, 33.230016211819603 ], [ -111.602422844233004, 33.229877045735599 ], [ -111.602195314762, 33.2298575730712 ], [ -111.600747268736001, 33.229735196181501 ], [ -111.600017561171995, 33.229750558168597 ], [ -111.598638301125007, 33.229779753431998 ], [ -111.597879580080004, 33.229819484238398 ], [ -111.596908970551993, 33.229870091386601 ], [ -111.595750109291998, 33.2300549195324 ], [ -111.595507209654997, 33.230093572614599 ], [ -111.594814439882995, 33.230263755051297 ], [ -111.594569709793006, 33.230428408835799 ], [ -111.593614073420994, 33.229571013010101 ], [ -111.593060679467996, 33.229074459473701 ], [ -111.592869142164005, 33.228871300044702 ], [ -111.591456792860001, 33.227374522914602 ], [ -111.591151764141003, 33.227050972823697 ], [ -111.589872221009003, 33.225694766124498 ], [ -111.589490787120994, 33.225228668774299 ], [ -111.589292293561002, 33.2249860692623 ], [ -111.589283249028, 33.224288762234998 ], [ -111.591421311461005, 33.224250709539 ], [ -111.593559707327003, 33.224212614006703 ], [ -111.595697092270001, 33.224174209658003 ], [ -111.595691775516997, 33.223441084758797 ], [ -111.595675448950004, 33.2216284478571 ], [ -111.595659452015994, 33.219815808847599 ], [ -111.594564143818005, 33.219809211840897 ], [ -111.594543230645002, 33.221622308940603 ], [ -111.594522653954002, 33.2234356898405 ], [ -111.593551734065002, 33.223431024338602 ], [ -111.591411692497999, 33.223420923492903 ], [ -111.590718466035995, 33.223417736957799 ], [ -111.590085207664004, 33.222806547050197 ], [ -111.589264710641004, 33.222827347152197 ], [ -111.587464112616999, 33.222873070898302 ], [ -111.58711957957, 33.222505732385898 ], [ -111.586249485509001, 33.221577968414401 ], [ -111.584943023929, 33.220184908326999 ], [ -111.584533666504001, 33.219748238201802 ], [ -111.582801166010995, 33.217971278139601 ], [ -111.581182371590003, 33.2162881802535 ], [ -111.580340577252002, 33.215412953254997 ], [ -111.579448158532003, 33.214484962473499 ], [ -111.577906466783006, 33.212881518064997 ], [ -111.577710299741995, 33.212677792087398 ], [ -111.575969134716999, 33.210866663758701 ], [ -111.575476546855, 33.210354525729898 ], [ -111.575201728051994, 33.2100688537354 ], [ -111.575197941086998, 33.210003191093499 ], [ -111.575141420793003, 33.209053544892001 ], [ -111.575033650364006, 33.207241038693702 ], [ -111.574925483737005, 33.205419515586698 ], [ -111.575475730856994, 33.205422606198802 ], [ -111.576079959311002, 33.205426013664102 ], [ -111.577898689931999, 33.205436742400003 ], [ -111.578298047187005, 33.205439113110899 ], [ -111.578871428385, 33.205442368035897 ], [ -111.578746482061007, 33.203629381510098 ] ], [ [ -111.536171196755006, 33.154562122545201 ], [ -111.536179319005996, 33.154959247897096 ], [ -111.537671030716993, 33.154928571275398 ], [ -111.538354564675998, 33.154914341746498 ], [ -111.537963605664004, 33.154549595605197 ], [ -111.537633316916001, 33.154241238199901 ], [ -111.536136936576995, 33.152845365030501 ], [ -111.536171196755006, 33.154562122545201 ] ], [ [ -111.586495782875005, 33.190885406014999 ], [ -111.586553102436994, 33.190884290764401 ], [ -111.588351256403996, 33.190870725503302 ], [ -111.588467914099994, 33.190869892634304 ], [ -111.590599617316997, 33.190853871516801 ], [ -111.590716609631002, 33.190853034952703 ], [ -111.591845987453993, 33.1908445674134 ], [ -111.591863791619005, 33.189457103401402 ], [ -111.590661017030996, 33.189465356440401 ], [ -111.588398599469997, 33.189480868847603 ], [ -111.586484480953004, 33.189494136771302 ], [ -111.586495782875005, 33.190885406014999 ] ], [ [ -111.581722818919005, 33.1909196571739 ], [ -111.581599522966997, 33.189108070756902 ], [ -111.581534130448006, 33.188142680337997 ], [ -111.579392037209999, 33.1889633451013 ], [ -111.578983748452998, 33.189119710022297 ], [ -111.577254257391004, 33.189782258296297 ], [ -111.577242220911998, 33.189786825876901 ], [ -111.576967346906997, 33.189127104242402 ], [ -111.576484725222002, 33.187970279397 ], [ -111.574932536573002, 33.188011854556599 ], [ -111.573156445880997, 33.188059230163297 ], [ -111.573201052418995, 33.189141136926501 ], [ -111.573276275344995, 33.190958870308798 ], [ -111.575142855433, 33.190950255305196 ], [ -111.577342327737995, 33.190940065144702 ], [ -111.579523355269004, 33.190929925600898 ], [ -111.581722818919005, 33.1909196571739 ] ] ] } },
{ "type": "Feature", "properties": { "OBJECTID": 2, "PROGRAM": "72", "CERTIFICATE": "531382", "CONVEYANCE": "0006", "NAME": "Central Arizona Irrigation and Drainage District", "EXIST_OR_P": "E", "GSF_OR_USF": "GSF", "AMA": "Pinal", "CRSPNDG_CE": "57.001101.0000", "STATUS": "Active", "LABEL": "Central Arizona IDD", "MAXSAVINGS": "110000", "Shape__Area": 729282.90161132801, "Shape__Length": 3661.6279254004999 }, "geometry": { "type": "Polygon", "coordinates": [ [ [ -111.446497267794001, 32.568394215870399 ], [ -111.442015573191, 32.571780024428399 ], [ -111.442037608934996, 32.571928797821499 ], [ -111.438467961385001, 32.570292720929402 ], [ -111.432240716216, 32.563868756849203 ], [ -111.432234224678993, 32.562519560037202 ], [ -111.433291804839001, 32.561616620058203 ], [ -111.436656730067995, 32.561904908220697 ], [ -111.443937322796998, 32.566676324432997 ], [ -111.446497267794001, 32.568394215870399 ] ] ] } },
{ "type": "Feature", "properties": { "OBJECTID": 3, "PROGRAM": "72", "CERTIFICATE": "531381", "CONVEYANCE": "0006", "NAME": "Maricopa Stanfield Irrigation & Drainage District", "EXIST_OR_P": "E", "GSF_OR_USF": "GSF", "AMA": "Pinal", "CRSPNDG_CE": "57.001103.0000", "STATUS": "Active", "LABEL": "Maricopa Stanfield IDD", "MAXSAVINGS": "168114", "Shape__Area": 11107377.9187012, "Shape__Length": 18657.5318660556 }, "geometry": { "type": "Polygon", "coordinates": [ [ [ -111.834612519477005, 32.835772201153901 ], [ -111.826014184021005, 32.8357888007382 ], [ -111.817372576470007, 32.8357487111263 ], [ -111.817445321053, 32.828539170264499 ], [ -111.821710576167007, 32.828511170396297 ], [ -111.821673815664994, 32.824524353462202 ], [ -111.821947435672001, 32.821179329628897 ], [ -111.826060109533998, 32.821152185605598 ], [ -111.826016014893995, 32.816394164822903 ], [ -111.808884457504007, 32.808404183989097 ], [ -111.808880464519007, 32.806712863325103 ], [ -111.808911036054994, 32.792196348444001 ], [ -111.825914763065995, 32.7920557666897 ], [ -111.834565639402996, 32.792113286010597 ], [ -111.834572852877002, 32.792456583210402 ], [ -111.834708223863998, 32.799362582840303 ], [ -111.834973205596, 32.799360248030098 ], [ -111.843351847657004, 32.799284792836197 ], [ -111.843335874678004, 32.800842630122098 ], [ -111.843277705491005, 32.806621788708 ], [ -111.843269021930993, 32.808668370739603 ], [ -111.843261013393004, 32.810221081835898 ], [ -111.843201059362997, 32.813835322214103 ], [ -111.851842920967002, 32.813776677321698 ], [ -111.851881397697994, 32.817034499733097 ], [ -111.851928854728001, 32.821161043115303 ], [ -111.843207316372997, 32.8212010730483 ], [ -111.834658214632995, 32.821190289109801 ], [ -111.834666179918997, 32.827743622850797 ], [ -111.834635108, 32.828489709275601 ], [ -111.834612519477005, 32.835772201153901 ] ] ] } },
{ "type": "Feature", "properties": { "OBJECTID": 4, "PROGRAM": "72", "CERTIFICATE": "531382", "CONVEYANCE": "0006", "NAME": "Central Arizona Irrigation and Drainage District", "EXIST_OR_P": "E", "GSF_OR_USF": "GSF", "AMA": "Pinal", "CRSPNDG_CE": "57.001101.0000", "STATUS": "Active", "LABEL": "Central Arizona IDD", "MAXSAVINGS": "110000", "Shape__Area": 29937525.733276401, "Shape__Length": 47850.7490484753 }, "geometry": { "type": "Polygon", "coordinates": [ [ [ -111.688497571428996, 32.762991041687897 ], [ -111.688555341289998, 32.770485776468 ], [ -111.705587082804001, 32.770390716658099 ], [ -111.705528197247006, 32.762935461704302 ], [ -111.705803375569005, 32.750045607918899 ], [ -111.705616762600002, 32.748292748346998 ], [ -111.688527189948005, 32.748388107681102 ], [ -111.688657592224004, 32.7411433773242 ], [ -111.688669035670998, 32.740462831891399 ], [ -111.688786088540994, 32.733912745526197 ], [ -111.705905950502995, 32.733777195373101 ], [ -111.705803802998005, 32.741044884112704 ], [ -111.723144727733001, 32.740944611662798 ], [ -111.723236254439001, 32.733774523307503 ], [ -111.740364105118005, 32.733491588808697 ], [ -111.740251026677001, 32.740794841956102 ], [ -111.740139284492003, 32.747938533659301 ], [ -111.731665168432997, 32.748092175797403 ], [ -111.731459017351, 32.748091693195903 ], [ -111.722971727841994, 32.7481061379439 ], [ -111.722952118593, 32.751871202512298 ], [ -111.722824143534993, 32.7621961040619 ], [ -111.722813943600002, 32.762996747968899 ], [ -111.724025784329001, 32.763010027565201 ], [ -111.731362441433006, 32.7630332486074 ], [ -111.731546609828001, 32.763033863933998 ], [ -111.731794273573996, 32.763943498501597 ], [ -111.736229346108004, 32.763917440808903 ], [ -111.735981747919993, 32.777111034443699 ], [ -111.731544788036999, 32.776986566544998 ], [ -111.731550925207003, 32.777735807068503 ], [ -111.740245596877998, 32.7776845821138 ], [ -111.757276498432006, 32.777582494447898 ], [ -111.757257462442993, 32.784779370532199 ], [ -111.757516426581006, 32.784780621726497 ], [ -111.757175998313997, 32.786427254232201 ], [ -111.757192530656994, 32.7883756049225 ], [ -111.750627239028006, 32.788415234755398 ], [ -111.748676995417, 32.788577472626798 ], [ -111.748882118226007, 32.7920238095465 ], [ -111.740187407649998, 32.792075641395002 ], [ -111.740218489130996, 32.795822396791003 ], [ -111.740055448353999, 32.795963182262703 ], [ -111.740054989266, 32.795827311277399 ], [ -111.734344597855994, 32.795835651262401 ], [ -111.731115746170005, 32.7958173859057 ], [ -111.723424066511996, 32.7958080551712 ], [ -111.722683139859001, 32.795807838971299 ], [ -111.722680263157997, 32.7963592404449 ], [ -111.722665171884998, 32.799440995355504 ], [ -111.719581131813996, 32.799433434393201 ], [ -111.713918381452999, 32.799419709530497 ], [ -111.713972045383002, 32.792195009621899 ], [ -111.713981157194993, 32.790998030557198 ], [ -111.713982198953005, 32.7908779406797 ], [ -111.714025233458003, 32.7848276692079 ], [ -111.710648283867997, 32.784851439879503 ], [ -111.705596196838002, 32.784886852755498 ], [ -111.701993660743, 32.784911665161701 ], [ -111.701153426900007, 32.784918079793201 ], [ -111.701210202504001, 32.777616673272099 ], [ -111.688351764315001, 32.7775788346 ], [ -111.686640015302999, 32.777584311981599 ], [ -111.671064849543001, 32.777652635525698 ], [ -111.662295460737994, 32.777719188349302 ], [ -111.662296580439005, 32.777600219840998 ], [ -111.654010294876997, 32.777567223357202 ], [ -111.653957601357007, 32.770371816318097 ], [ -111.636747516697, 32.770460767840802 ], [ -111.636874983170998, 32.762975192127598 ], [ -111.636886503184996, 32.762625578782803 ], [ -111.637049057552005, 32.7629635927034 ], [ -111.646695949643004, 32.763007591884502 ], [ -111.654132483411999, 32.763088944959698 ], [ -111.655173401884994, 32.763088000584602 ], [ -111.671104165738001, 32.763080079683299 ], [ -111.671922191259, 32.763075677710503 ], [ -111.67451250661, 32.763078064138902 ], [ -111.688318166035998, 32.763002178053704 ], [ -111.688320327881002, 32.7627631152261 ], [ -111.688497571428996, 32.762991041687897 ] ] ] } },
{ "type": "Feature", "properties": { "OBJECTID": 5, "PROGRAM": "72", "CERTIFICATE": "534550", "CONVEYANCE": "0006", "NAME": "Queen Creek Irrigation District", "EXIST_OR_P": "E", "GSF_OR_USF": "GSF", "AMA": "Phoenix", "CRSPNDG_CE": "57.002515.0000", "STATUS": "Active", "LABEL": "Queen Creek ID", "MAXSAVINGS": "22000", "Shape__Area": 81731400.607299805, "Shape__Length": 110530.038253306 }, "geometry": { "type": "Polygon", "coordinates": [ [ [ -111.703598383059997, 33.287607524967797 ], [ -111.702612536217998, 33.288336914724702 ], [ -111.701926176347996, 33.288918620246697 ], [ -111.701661415947001, 33.289142807706803 ], [ -111.701482817059997, 33.289294032439003 ], [ -111.701021122640995, 33.289685330926901 ], [ -111.69972677554, 33.290793592204999 ], [ -111.699364432346002, 33.291103994035304 ], [ -111.699143487368005, 33.291293427482302 ], [ -111.697212017544999, 33.291305502359897 ], [ -111.695055395829996, 33.291317582583503 ], [ -111.692899449424004, 33.291329622520699 ], [ -111.690742826253, 33.291341632426999 ], [ -111.688586541137994, 33.291353598526896 ], [ -111.686429920752005, 33.291365529066802 ], [ -111.686428740953005, 33.291301270236801 ], [ -111.686422594186993, 33.290945311136902 ], [ -111.686392646108999, 33.289179584425298 ], [ -111.686392105826997, 33.289153375256397 ], [ -111.686361287661995, 33.287362004401999 ], [ -111.686330474702004, 33.285570914407103 ], [ -111.686299657259994, 33.2837798284203 ], [ -111.686268849281007, 33.281989018760001 ], [ -111.686238042099006, 33.280197927154099 ], [ -111.686207573108007, 33.278407678302301 ], [ -111.684109125448003, 33.278351317627099 ], [ -111.682000942665994, 33.278294692595402 ], [ -111.679892766261005, 33.278238032651998 ], [ -111.677784593010003, 33.2781813369132 ], [ -111.675676415392005, 33.278124604518197 ], [ -111.673568247361999, 33.278068114100698 ], [ -111.671460074988005, 33.278011310121599 ], [ -111.669346872941006, 33.277954498348699 ], [ -111.669372935774007, 33.2797845213126 ], [ -111.669383121744005, 33.280502380765803 ], [ -111.669398678207003, 33.281616231243 ], [ -111.669424079861002, 33.283447101824201 ], [ -111.669449819381001, 33.285277970040198 ], [ -111.669475221260001, 33.287108271286797 ], [ -111.669500620625996, 33.288938858828601 ], [ -111.669526029253007, 33.290769727190003 ], [ -111.669535638865, 33.2914554557467 ], [ -111.657858378783004, 33.2915172599171 ], [ -111.652505029522999, 33.291545206044603 ], [ -111.652477710507, 33.290581082439601 ], [ -111.652426692909003, 33.288779094628303 ], [ -111.652375682393, 33.286976823910102 ], [ -111.652324673547994, 33.285174553532897 ], [ -111.652273666260996, 33.283372845426797 ], [ -111.650132053988997, 33.283347707400999 ], [ -111.647961943441999, 33.283326061619498 ], [ -111.645792172686996, 33.283304380683099 ], [ -111.643622062983994, 33.283282659104302 ], [ -111.641452623796994, 33.283260896166098 ], [ -111.639282848923997, 33.2832390970784 ], [ -111.637113410645, 33.28321726379 ], [ -111.634918470835999, 33.283195235156199 ], [ -111.632763112757004, 33.283170714035798 ], [ -111.630616814088995, 33.283146671499203 ], [ -111.628470523375995, 33.283122875070099 ], [ -111.626324561936997, 33.283098756689498 ], [ -111.625825830490996, 33.283093094940199 ], [ -111.625822602851002, 33.281278726219 ], [ -111.625819703654997, 33.279464078412701 ], [ -111.625816475549001, 33.277649431736997 ], [ -111.625699352365004, 33.277648044170199 ], [ -111.624114981792005, 33.277629797168501 ], [ -111.621963111886998, 33.277604787968897 ], [ -111.619811244583005, 33.277580022910897 ], [ -111.617675150853003, 33.277555142217999 ], [ -111.617700373101997, 33.279371375780897 ], [ -111.617725250621007, 33.281186760857999 ], [ -111.617750472222994, 33.283002430516802 ], [ -111.617775360402007, 33.284818096785799 ], [ -111.617800250261993, 33.286633767019502 ], [ -111.617825136369007, 33.2884494322251 ], [ -111.617850029519005, 33.290265100466698 ], [ -111.617870828254993, 33.291785956479501 ], [ -111.606895663998003, 33.291860339110002 ], [ -111.606902657573997, 33.290157258003902 ], [ -111.606910252893996, 33.2883479144297 ], [ -111.606917850819997, 33.2865382843963 ], [ -111.606925782139001, 33.284728370798099 ], [ -111.606933375297999, 33.282918744257501 ], [ -111.606941310196007, 33.281109111018097 ], [ -111.606948909264005, 33.279299478898302 ], [ -111.606956823752, 33.277487590676799 ], [ -111.606913535136002, 33.277487239189902 ], [ -111.604804706351999, 33.277473839911401 ], [ -111.604761412369996, 33.277473487701101 ], [ -111.603269056884997, 33.277464113485102 ], [ -111.602652921729003, 33.277460337095199 ], [ -111.602608621597, 33.2774599881106 ], [ -111.600457510062, 33.277446720928602 ], [ -111.600438366399004, 33.279256127494698 ], [ -111.600433152182006, 33.279768307263701 ], [ -111.600419534409994, 33.281062147816797 ], [ -111.600400704166006, 33.282868449029699 ], [ -111.600381522844003, 33.284671653130097 ], [ -111.600373368180001, 33.285440913637103 ], [ -111.600362377346997, 33.286481058532203 ], [ -111.600342874483999, 33.2882870800237 ], [ -111.600323681408, 33.2900894374785 ], [ -111.600305573952994, 33.291805535934799 ], [ -111.600044130306003, 33.291806798427899 ], [ -111.583280721368993, 33.291886622145498 ], [ -111.583274101848005, 33.289934713564897 ], [ -111.583268173137, 33.288137831212701 ], [ -111.583261906429996, 33.2863403861937 ], [ -111.583255976683006, 33.2845429399785 ], [ -111.583249716994999, 33.282745493892399 ], [ -111.583243788885, 33.280948046635402 ], [ -111.583237529225002, 33.279151163251797 ], [ -111.583233801120002, 33.278036669564599 ], [ -111.580726464787006, 33.278048976955503 ], [ -111.580573447130007, 33.2780496916793 ], [ -111.578219000589002, 33.278042063701598 ], [ -111.575712199744999, 33.278033970218203 ], [ -111.573205062496001, 33.278025828629097 ], [ -111.570698259965994, 33.278017634029197 ], [ -111.568191456389002, 33.2780091074575 ], [ -111.565684654351998, 33.278000811737797 ], [ -111.563175496430006, 33.2779921947145 ], [ -111.563200437893002, 33.2761816340876 ], [ -111.563225406103996, 33.274376148263002 ], [ -111.563250359284993, 33.272567558271099 ], [ -111.563275310275998, 33.270759536016598 ], [ -111.563300266165001, 33.268951513219598 ], [ -111.563325214379006, 33.267143204008804 ], [ -111.563350169326995, 33.265335180175299 ], [ -111.563375105744996, 33.263525178760403 ], [ -111.563376211001, 33.2617133184783 ], [ -111.563377319622006, 33.259901734566299 ], [ -111.563378424066997, 33.258089586410499 ], [ -111.563379530833004, 33.256277719139398 ], [ -111.563380971247, 33.254465568414602 ], [ -111.563382080848996, 33.252653982404901 ], [ -111.563383530519005, 33.250842112010297 ], [ -111.563383955332995, 33.250073168627402 ], [ -111.563383957300999, 33.249029683789999 ], [ -111.561259521265995, 33.249039293802802 ], [ -111.559114891202, 33.249039652537 ], [ -111.556970268091007, 33.249039975155597 ], [ -111.554825976507004, 33.249039981497702 ], [ -111.552681014510995, 33.249039949334197 ], [ -111.550536388685003, 33.249040164614001 ], [ -111.549869481841995, 33.249040011270402 ], [ -111.549876795429, 33.250847336830297 ], [ -111.549881151392995, 33.251863178872 ], [ -111.548357463534998, 33.2518699066569 ], [ -111.546192022100996, 33.251879440470603 ], [ -111.546182439556006, 33.252656598478197 ], [ -111.546160146618007, 33.254464336910999 ], [ -111.546137856886006, 33.256271787978498 ], [ -111.546115570278005, 33.258079801350398 ], [ -111.546093279792004, 33.259887251381002 ], [ -111.546070989634003, 33.261694986819002 ], [ -111.546048691273, 33.263502154425197 ], [ -111.546044486054996, 33.265304447112698 ], [ -111.546040275299006, 33.267105618142303 ], [ -111.546036058436997, 33.268906784171797 ], [ -111.546031846651005, 33.270707671851397 ], [ -111.546027637636996, 33.2725091182309 ], [ -111.546023423619005, 33.274310564115098 ], [ -111.546019216434999, 33.2761120139619 ], [ -111.546015003253004, 33.277912613651601 ], [ -111.543890257737999, 33.277932643379799 ], [ -111.541746723271999, 33.2779527177738 ], [ -111.539603523398, 33.277972753756401 ], [ -111.537459650201995, 33.277992469774397 ], [ -111.537305295493994, 33.277993982172497 ], [ -111.53531644732, 33.278012431863502 ], [ -111.533172571802993, 33.278032359889998 ], [ -111.531029030865994, 33.278052245006599 ], [ -111.528867368416002, 33.278072457089699 ], [ -111.528870164555002, 33.276256640171397 ], [ -111.528872969869994, 33.274441385525201 ], [ -111.528875768538001, 33.272625849864802 ], [ -111.528878567611997, 33.270810312774699 ], [ -111.528881365375995, 33.268994489235602 ], [ -111.528884165275997, 33.267178951090102 ], [ -111.528886970962006, 33.2653634132962 ], [ -111.528889773383, 33.263548155507401 ], [ -111.528878901297006, 33.2617459195801 ], [ -111.528868024836996, 33.259943687659103 ], [ -111.528857156374997, 33.258141731189397 ], [ -111.528846287839997, 33.256339779609696 ], [ -111.528823675853999, 33.2545378774469 ], [ -111.528801069584006, 33.252735970221799 ], [ -111.528778457727, 33.250933785582902 ], [ -111.528767545188998, 33.250069047302198 ], [ -111.528762557519997, 33.2491315682731 ], [ -111.530907133683002, 33.249122427420502 ], [ -111.530945711805998, 33.249122262730999 ], [ -111.533089952088005, 33.249113090180998 ], [ -111.533128530194006, 33.249112924814497 ], [ -111.535273104378007, 33.249103708682199 ], [ -111.535311682466002, 33.249103542638601 ], [ -111.537456256754993, 33.249094293368799 ], [ -111.537494497075002, 33.249093841276199 ], [ -111.537487704531003, 33.247275521842298 ], [ -111.537480952292995, 33.245464530344002 ], [ -111.537474207957004, 33.243653819705898 ], [ -111.537467459067003, 33.2418431085622 ], [ -111.539643733435, 33.241835089996101 ], [ -111.541819328919004, 33.241826758496103 ], [ -111.543994928779, 33.241818384411502 ], [ -111.546181925835, 33.241809927636602 ], [ -111.546173676606003, 33.240485449886997 ], [ -111.548296831542999, 33.240464267670802 ], [ -111.550449835248003, 33.240442631197197 ], [ -111.552603173332997, 33.2404209604831 ], [ -111.554756844691994, 33.240399251006302 ], [ -111.556910184916006, 33.240377505724197 ], [ -111.559064187923994, 33.240355720186798 ], [ -111.561218189277994, 33.240333892847502 ], [ -111.563379569386001, 33.2403119992982 ], [ -111.563379378785996, 33.239968680088602 ], [ -111.563379131369999, 33.239477099024498 ], [ -111.563378462689002, 33.2381565380308 ], [ -111.563377552522994, 33.236344390010402 ], [ -111.563376633249007, 33.234531397247999 ], [ -111.565849934780005, 33.234530030865301 ], [ -111.565850906256003, 33.236343869124802 ], [ -111.56585221313, 33.238156859271001 ], [ -111.565853184665002, 33.239969850418298 ], [ -111.565854489219006, 33.241783121847597 ], [ -111.565855464861997, 33.243596394248698 ], [ -111.565856432109001, 33.245409102422897 ], [ -111.565856881550005, 33.246102218747097 ], [ -111.566553640972003, 33.246468297589303 ], [ -111.566543427975006, 33.247223475561597 ], [ -111.566927529957994, 33.247223979342998 ], [ -111.568328415736005, 33.247226604668299 ], [ -111.570799767021995, 33.2472313486251 ], [ -111.573271110658993, 33.247235767495198 ], [ -111.575742455603006, 33.247240413251703 ], [ -111.578214140339, 33.247245009215597 ], [ -111.580685484322004, 33.2472495612502 ], [ -111.583184337386001, 33.247254212991699 ], [ -111.583201869760003, 33.248628248100196 ], [ -111.585314013922002, 33.248638617575303 ], [ -111.585347893798001, 33.248638739540702 ], [ -111.58742682786, 33.248648948910997 ], [ -111.587460371744996, 33.248649071887698 ], [ -111.589539636359007, 33.248659243469604 ], [ -111.589572850693997, 33.248659367438698 ], [ -111.590614498248996, 33.248664571503298 ], [ -111.590592343973, 33.246870856676203 ], [ -111.590569861614, 33.245077138374697 ], [ -111.590563204156993, 33.244536821619199 ], [ -111.590336742329001, 33.244534239159798 ], [ -111.590327314950002, 33.243729816718897 ], [ -111.589490738104004, 33.243732381028501 ], [ -111.587372784924, 33.243738739047302 ], [ -111.585256511793006, 33.243745052190803 ], [ -111.583138220907998, 33.243751339685801 ], [ -111.583144610405995, 33.244156360887601 ], [ -111.580660026651003, 33.244166012487298 ], [ -111.578192883496996, 33.244175257369399 ], [ -111.577043676181006, 33.244179749244097 ], [ -111.577039914799997, 33.243609260786897 ], [ -111.577031978050002, 33.241792074205598 ], [ -111.577024378187005, 33.239974889140498 ], [ -111.577016442168997, 33.238157701497997 ], [ -111.577008844071997, 33.236340511759202 ], [ -111.577001582535004, 33.234523605859899 ], [ -111.576220416477, 33.234524128498499 ], [ -111.576222592508998, 33.230873885368297 ], [ -111.578065236642004, 33.230870970494202 ], [ -111.580514933523006, 33.230866888245501 ], [ -111.582973691752997, 33.230862709878302 ], [ -111.582970361275002, 33.230664855077301 ], [ -111.585102834039006, 33.230669497308199 ], [ -111.585289647584005, 33.230669745103498 ], [ -111.587524414995002, 33.230660273380899 ], [ -111.588180605391003, 33.230657486492298 ], [ -111.605905042559996, 33.230580860472202 ], [ -111.606116094262006, 33.230642421942001 ], [ -111.606185094921997, 33.2306781632983 ], [ -111.606559734265005, 33.230873080678698 ], [ -111.606852581840997, 33.231025275685802 ], [ -111.608740269674001, 33.2310371863339 ], [ -111.608738716546995, 33.230668788492999 ], [ -111.608732495675994, 33.228853572219698 ], [ -111.608726267251001, 33.227038069527602 ], [ -111.608290626349003, 33.227040200340802 ], [ -111.608261449831005, 33.227040342994897 ], [ -111.606544360916999, 33.227048730896001 ], [ -111.604362785909998, 33.227059633805901 ], [ -111.602181213185006, 33.227070217028697 ], [ -111.600003327620001, 33.227081025631897 ], [ -111.600004362964995, 33.225271124996297 ], [ -111.599991986790997, 33.223461287615002 ], [ -111.599979609808997, 33.221651169193898 ], [ -111.599967237767004, 33.219841612160202 ], [ -111.600147710290997, 33.219849197905504 ], [ -111.602144961335, 33.219833341606098 ], [ -111.604338717383001, 33.219815653784003 ], [ -111.606524425684, 33.219798247933902 ], [ -111.608710129483001, 33.219780523192803 ], [ -111.610895834798001, 33.219763040566697 ], [ -111.613081537545, 33.219745519558003 ], [ -111.615267238799007, 33.219727961063398 ], [ -111.617452939616001, 33.219710363273897 ], [ -111.617429222563999, 33.217912144500801 ], [ -111.619557785157994, 33.217882670870502 ], [ -111.621689361072001, 33.2178531511872 ], [ -111.623820605478997, 33.217823591241803 ], [ -111.625952177306999, 33.217793997658397 ], [ -111.628083417667, 33.217764370138099 ], [ -111.630215320163998, 33.217734697351702 ], [ -111.632346885852002, 33.217704995165498 ], [ -111.634480466796006, 33.2176752407794 ], [ -111.634480472920998, 33.215866473703102 ], [ -111.634480471282004, 33.2140571378958 ], [ -111.634480477707996, 33.212248088358102 ], [ -111.636633792328993, 33.2122300385657 ], [ -111.638790796327996, 33.212212496312802 ], [ -111.640947800880994, 33.212195198086803 ], [ -111.643104468098997, 33.212177864214603 ], [ -111.643101698183003, 33.2139970777597 ], [ -111.643098931848002, 33.2158168545009 ], [ -111.643096165052995, 33.217636348398003 ], [ -111.643076966604994, 33.219456203606697 ], [ -111.640924070997997, 33.219463090961298 ], [ -111.638770834219002, 33.219469938302602 ], [ -111.636617596503001, 33.219476752892 ], [ -111.634480458227998, 33.219483730439002 ], [ -111.634493601627, 33.221301729770502 ], [ -111.634497288836002, 33.221811616703398 ], [ -111.636630041911999, 33.2217936702529 ], [ -111.638782248953007, 33.221775587365499 ], [ -111.639361709938996, 33.221770639229597 ], [ -111.639369040548999, 33.222776595047598 ], [ -111.640935865211006, 33.222777834573002 ], [ -111.642446348600998, 33.222779340795903 ], [ -111.642461244112994, 33.223118920833997 ], [ -111.643086029941998, 33.223118791277201 ], [ -111.644226263175995, 33.223118527020901 ], [ -111.644226498701002, 33.223150658932902 ], [ -111.644238041050997, 33.2249517563137 ], [ -111.644250157098995, 33.226784697388197 ], [ -111.644253688769993, 33.227311213843898 ], [ -111.645241312287993, 33.227301865137299 ], [ -111.647385917229002, 33.227281136445797 ], [ -111.649530850996996, 33.227260651389599 ], [ -111.651682833861003, 33.227240091526497 ], [ -111.651681994976997, 33.227443323177503 ], [ -111.651678549360994, 33.228650596432203 ], [ -111.653836692940999, 33.228642648657903 ], [ -111.655992823283, 33.228634678567801 ], [ -111.655988139279998, 33.230476159460601 ], [ -111.655983463262999, 33.2323179266035 ], [ -111.655967379057998, 33.2341594719501 ], [ -111.655987005263, 33.2359771505674 ], [ -111.656006297005007, 33.237794544487201 ], [ -111.658161958145996, 33.237783438492897 ], [ -111.660317276748998, 33.237772293349202 ], [ -111.662472265711997, 33.237761111711301 ], [ -111.664627917871002, 33.237749893703104 ], [ -111.666783574158003, 33.237738634705302 ], [ -111.668100046091993, 33.237732254434697 ], [ -111.668947615958004, 33.237728137503503 ], [ -111.668953487769997, 33.239026399578698 ], [ -111.668957488057998, 33.239550657595501 ], [ -111.668967691795999, 33.241372607126202 ], [ -111.671064663025007, 33.241440230576103 ], [ -111.673171037244003, 33.241508335998397 ], [ -111.675277074872994, 33.241576402134903 ], [ -111.677383114058998, 33.241644433474903 ], [ -111.679489162332999, 33.241712432682903 ], [ -111.681073142208007, 33.241763339461002 ], [ -111.681595204570996, 33.241780111208399 ], [ -111.681931057764004, 33.241790951188598 ], [ -111.681949247714996, 33.2399454536368 ], [ -111.681967104771005, 33.238099390028303 ], [ -111.683707985153006, 33.238149023681203 ], [ -111.685836701845005, 33.238209740652401 ], [ -111.685833984544004, 33.238764476234401 ], [ -111.685833974236999, 33.238766730332699 ], [ -111.685827699667001, 33.240062239675098 ], [ -111.685818719709005, 33.241916991171003 ], [ -111.688020590611004, 33.241841687822301 ], [ -111.690213067524994, 33.2417666826695 ], [ -111.692406215085995, 33.241691631548498 ], [ -111.694599017930997, 33.241616542800202 ], [ -111.694599605529007, 33.243469831681303 ], [ -111.694599852539994, 33.245323121919398 ], [ -111.694600100284006, 33.247176411608301 ], [ -111.694600369737998, 33.248400282458903 ], [ -111.694600379197993, 33.248439744727001 ], [ -111.702303070819994, 33.248760370442902 ], [ -111.703413803949005, 33.248721678838599 ], [ -111.705572484181005, 33.248721004909498 ], [ -111.707721769998003, 33.248720061039798 ], [ -111.709871721827994, 33.248719362144499 ], [ -111.712021340023995, 33.248718346570598 ], [ -111.712022019749, 33.250538085572799 ], [ -111.712023037999003, 33.252357248456299 ], [ -111.712023717956001, 33.254176698677199 ], [ -111.712024732337994, 33.255995859630701 ], [ -111.712025414861003, 33.257815308786597 ], [ -111.712026436117995, 33.259634468650503 ], [ -111.712027120097005, 33.261453912237798 ], [ -111.712033845993005, 33.2632733243084 ], [ -111.714192407859002, 33.263256150436 ], [ -111.716350973543996, 33.263238939970101 ], [ -111.718509537659003, 33.263221691137701 ], [ -111.720662060153998, 33.263204439848899 ], [ -111.720665899807003, 33.265018786398798 ], [ -111.720670079490006, 33.266832854451501 ], [ -111.720674252376995, 33.268646639703597 ], [ -111.720677595289999, 33.270276934247697 ], [ -111.720421420400001, 33.270462195369198 ], [ -111.720293336991006, 33.270555105320398 ], [ -111.719507616518001, 33.271142276315501 ], [ -111.718859180758002, 33.271818275598598 ], [ -111.718522140849998, 33.272127460234202 ], [ -111.718351294536006, 33.272284316969703 ], [ -111.718124158682002, 33.272493086807401 ], [ -111.717647664782007, 33.273228971233401 ], [ -111.717324921512002, 33.274097572842599 ], [ -111.717323605757997, 33.274100678700897 ], [ -111.716967081644, 33.275023593312298 ], [ -111.716506590552996, 33.275914123771699 ], [ -111.716399228843997, 33.276121631807101 ], [ -111.716363593931007, 33.276154814972401 ], [ -111.715471381623999, 33.2769835677895 ], [ -111.714496928326994, 33.2774813113231 ], [ -111.714198393366004, 33.277619731143503 ], [ -111.713958696123996, 33.2777310373747 ], [ -111.712965794528003, 33.278191385463302 ], [ -111.712056972556994, 33.278798943405398 ], [ -111.711832011401, 33.2789490585876 ], [ -111.711226448896994, 33.279587851374401 ], [ -111.711218469342995, 33.279596352993401 ], [ -111.710587676431999, 33.280228803666198 ], [ -111.710008025771998, 33.280919866665101 ], [ -111.709941419214999, 33.281024254990399 ], [ -111.709672331991996, 33.281444928602397 ], [ -111.709389993564002, 33.281886813095198 ], [ -111.708824937179003, 33.282766920297597 ], [ -111.708324543741, 33.2833030629848 ], [ -111.707965549321003, 33.283687599958697 ], [ -111.707839445272995, 33.283821924125398 ], [ -111.707088471847001, 33.284622469382001 ], [ -111.706928653554996, 33.284760742913697 ], [ -111.706459923403997, 33.285166279593298 ], [ -111.705705518974, 33.2851692580888 ], [ -111.703544019885996, 33.285181235283297 ], [ -111.703585772099999, 33.287037084708601 ], [ -111.703598383059997, 33.287607524967797 ] ], [ [ -111.655960398456997, 33.248701180045202 ], [ -111.656136607856993, 33.250058578914597 ], [ -111.656195712170998, 33.250514893377201 ], [ -111.656431367945999, 33.252328602062903 ], [ -111.656162989999004, 33.252328890926201 ], [ -111.656184281218003, 33.254143444501203 ], [ -111.656205574, 33.255958001142702 ], [ -111.658352395454997, 33.255961307473797 ], [ -111.660498875076001, 33.255964583061399 ], [ -111.660519957115, 33.257783646100698 ], [ -111.660540710038006, 33.259602711254601 ], [ -111.660561796192994, 33.261422055519297 ], [ -111.660590597829994, 33.263240794522702 ], [ -111.662736326624994, 33.263254179624099 ], [ -111.664882059716007, 33.263267527663501 ], [ -111.667027788474002, 33.263280834176797 ], [ -111.669165802303993, 33.263293868264903 ], [ -111.669151840181996, 33.261464901843503 ], [ -111.669126483471004, 33.259637409597197 ], [ -111.669106821485997, 33.257808195862502 ], [ -111.669109978631994, 33.255979699447501 ], [ -111.669067498760995, 33.254149199421398 ], [ -111.669047835862003, 33.252319978657802 ], [ -111.669027842808006, 33.2504904831248 ], [ -111.669023299752993, 33.250071086478599 ], [ -111.669007174919003, 33.248660697538497 ], [ -111.668997303875997, 33.246839030661597 ], [ -111.668987434946999, 33.245016794094397 ], [ -111.666834257679994, 33.245024695048102 ], [ -111.664683768217998, 33.245032830285503 ], [ -111.662533953899, 33.245040920230501 ], [ -111.660384133164001, 33.245048973047098 ], [ -111.658233975417005, 33.245056991386399 ], [ -111.656084154694, 33.245065251288899 ], [ -111.653933659987999, 33.245073200664898 ], [ -111.651800945945993, 33.245081297483203 ], [ -111.651807065284999, 33.246897350162797 ], [ -111.651827944166996, 33.248713611789 ], [ -111.651830897002995, 33.249020268069302 ], [ -111.652245506306002, 33.249017531488398 ], [ -111.652247596891002, 33.248712256765899 ], [ -111.653973504967993, 33.248707136647198 ], [ -111.654478699421006, 33.248705605668697 ], [ -111.654488296883997, 33.2490029265565 ], [ -111.654850916013004, 33.249000736298399 ], [ -111.654843672251999, 33.248704529624703 ], [ -111.655960398456997, 33.248701180045202 ] ], [ [ -111.652120672627007, 33.277967716747199 ], [ -111.652105578749996, 33.276120159202797 ], [ -111.652096031095994, 33.274927625730299 ], [ -111.652093173732993, 33.2742725815936 ], [ -111.652079424486999, 33.272425292805401 ], [ -111.652065675510997, 33.2705777265611 ], [ -111.649901634757001, 33.270562563967701 ], [ -111.647745311877003, 33.270547323485701 ], [ -111.645588648737998, 33.270532047360497 ], [ -111.643432327146996, 33.270516732045898 ], [ -111.641275669600006, 33.270501381054203 ], [ -111.639119341804999, 33.270485991847899 ], [ -111.636962682453998, 33.270470284611598 ], [ -111.634809714560006, 33.270454807031797 ], [ -111.634829646499995, 33.272280078167199 ], [ -111.634849574797002, 33.274104790459099 ], [ -111.634869507673002, 33.275929783605299 ], [ -111.634889437940004, 33.277754212491303 ], [ -111.637042672297994, 33.277780963482499 ], [ -111.637084621886999, 33.277781593655099 ], [ -111.639196911236994, 33.277807953413799 ], [ -111.639238524776999, 33.277808589097198 ], [ -111.641350812737002, 33.277834629932102 ], [ -111.641392761283996, 33.277835258655799 ], [ -111.643505049908001, 33.277861263771001 ], [ -111.643547339937001, 33.277861889999699 ], [ -111.645658952717, 33.277887861099003 ], [ -111.645701913916, 33.277888487618199 ], [ -111.647813193332993, 33.277914706160303 ], [ -111.647856825635003, 33.277915323927402 ], [ -111.649967103924993, 33.2779412296752 ], [ -111.650012070966994, 33.277941839706898 ], [ -111.652120672627007, 33.277967716747199 ] ], [ [ -111.632432233783007, 33.250481883815198 ], [ -111.634543952274001, 33.250473943981802 ], [ -111.634537947156005, 33.250061317225899 ], [ -111.634517087096, 33.248662785277503 ], [ -111.636675495269998, 33.2486692248849 ], [ -111.638839605163, 33.248675884567099 ], [ -111.641003718047997, 33.248682224249102 ], [ -111.641008492696997, 33.2468576532859 ], [ -111.643168544134994, 33.246865666844698 ], [ -111.643167491279002, 33.248688804930097 ], [ -111.645331933050002, 33.248695067581103 ], [ -111.647495703584994, 33.248701296050001 ], [ -111.647489652047994, 33.246881576159197 ], [ -111.647484873617003, 33.245917040850799 ], [ -111.645325387620005, 33.245936443577797 ], [ -111.645321905947, 33.245053079295801 ], [ -111.645319036782993, 33.244344190632397 ], [ -111.643162698824995, 33.244331123864001 ], [ -111.641007368830003, 33.244317727676297 ], [ -111.638851707127003, 33.244304583564002 ], [ -111.638850573541006, 33.2450242025091 ], [ -111.638849020481999, 33.246284171629 ], [ -111.636689770800004, 33.246292426315698 ], [ -111.636693909596005, 33.245014688298099 ], [ -111.636699767628002, 33.243187574809497 ], [ -111.634534748855003, 33.243176374395702 ], [ -111.634540641197006, 33.241347569681203 ], [ -111.634546529564005, 33.239519050384501 ], [ -111.634552417335996, 33.237690244632297 ], [ -111.634558306466005, 33.235861719760898 ], [ -111.634564188192996, 33.234031222664797 ], [ -111.632416469860999, 33.234062175061602 ], [ -111.632413203572, 33.235888715591798 ], [ -111.632409596676993, 33.237714689075503 ], [ -111.632406330308996, 33.2395412276447 ], [ -111.632402725473995, 33.241367200058903 ], [ -111.632399460106001, 33.243193737563502 ], [ -111.632397456795005, 33.244264572712801 ], [ -111.63026628403, 33.244251994986101 ], [ -111.628134776400998, 33.2442393869337 ], [ -111.626003603675002, 33.244226741559501 ], [ -111.623872430917999, 33.244214054247102 ], [ -111.622384666659997, 33.244205164107697 ], [ -111.622393959388006, 33.245088778553402 ], [ -111.622406014511, 33.2463619292513 ], [ -111.623874309653004, 33.2463638693742 ], [ -111.626003785560997, 33.246366413950703 ], [ -111.628133593613001, 33.2463692027032 ], [ -111.630263405509993, 33.2463719585663 ], [ -111.632393215947999, 33.246374392933198 ], [ -111.632392252930003, 33.246845684241499 ], [ -111.632391250292002, 33.2473116188566 ], [ -111.630794384292003, 33.247298591278998 ], [ -111.630876793585998, 33.248681309125601 ], [ -111.632388663187001, 33.248673626188697 ], [ -111.632411126552995, 33.248672103973597 ], [ -111.632432233783007, 33.250481883815198 ] ], [ [ -111.608916528153998, 33.263090586972503 ], [ -111.608898018700998, 33.261295172000203 ], [ -111.608880179633005, 33.2594994718064 ], [ -111.608862680255001, 33.257703488010797 ], [ -111.608844842756994, 33.255907786767601 ], [ -111.606682223204999, 33.255900318449399 ], [ -111.604519934921001, 33.2558930914199 ], [ -111.602357314920994, 33.255885552385898 ], [ -111.600275553572004, 33.255878425190303 ], [ -111.600284132026005, 33.257670506955201 ], [ -111.600292709520005, 33.259462311302201 ], [ -111.600301286844996, 33.261254110625799 ], [ -111.600309856571002, 33.263044505088999 ], [ -111.602461945369001, 33.263056078481704 ], [ -111.604613363116997, 33.263067616978802 ], [ -111.605842740369994, 33.263074037022903 ], [ -111.606765115838996, 33.263079122019597 ], [ -111.608916528153998, 33.263090586972503 ] ], [ [ -111.600063687732998, 33.2388457510256 ], [ -111.600064053740994, 33.237918111551899 ], [ -111.600051740102998, 33.236119269113999 ], [ -111.600046393834006, 33.235337669952401 ], [ -111.597906126552999, 33.235336984172299 ], [ -111.595781624170996, 33.235336186057602 ], [ -111.593656446194004, 33.235335360290001 ], [ -111.591531942743003, 33.235334489590798 ], [ -111.589407098562006, 33.235333588727002 ], [ -111.587282259193003, 33.235332647030098 ], [ -111.585157419306995, 33.235331669937104 ], [ -111.583029891422996, 33.235330672750301 ], [ -111.583039679346001, 33.2360964680541 ], [ -111.583042969234995, 33.2363385796613 ], [ -111.583062991402997, 33.237886807643797 ], [ -111.583066468815005, 33.238157946873102 ], [ -111.583075296901995, 33.238829605296502 ], [ -111.585198888861001, 33.2388317507788 ], [ -111.587320468943005, 33.238833869500503 ], [ -111.589442048560002, 33.238835952033099 ], [ -111.591563627677999, 33.238837993866703 ], [ -111.593684870404005, 33.238840005624397 ], [ -111.595806783482999, 33.2388419779912 ], [ -111.597928697154003, 33.238843914152298 ], [ -111.600063687732998, 33.2388457510256 ] ], [ [ -111.649852899538999, 33.265075416935602 ], [ -111.652032189883997, 33.266076472073102 ], [ -111.652024445687005, 33.265035013624697 ], [ -111.651999963476996, 33.263187214640702 ], [ -111.649835853520997, 33.263183322876301 ], [ -111.647677442949998, 33.263179368261497 ], [ -111.645717661776004, 33.263175753704502 ], [ -111.647685777229, 33.264079893451097 ], [ -111.649749877283995, 33.2650280378584 ], [ -111.649852899538999, 33.265075416935602 ] ], [ [ -111.683930038374001, 33.268863825691597 ], [ -111.686012973486001, 33.268853189789297 ], [ -111.685988342401998, 33.267635100970502 ], [ -111.685974754629001, 33.266970813114497 ], [ -111.683896555809, 33.266980290022502 ], [ -111.681800229404999, 33.266989550182899 ], [ -111.681808283097993, 33.267463608582297 ], [ -111.681832009478995, 33.268874786378298 ], [ -111.683930038374001, 33.268863825691597 ] ], [ [ -111.580676536246003, 33.252178384309303 ], [ -111.583163976067993, 33.252211277630003 ], [ -111.583166875556003, 33.250881967020099 ], [ -111.583167836060994, 33.250420821987802 ], [ -111.583168533991, 33.250071580860599 ], [ -111.583173964406001, 33.249073172974803 ], [ -111.580689484101995, 33.249067885993099 ], [ -111.580682009930996, 33.250876964338303 ], [ -111.580676536246003, 33.252178384309303 ] ] ] } },
{ "type": "Feature", "properties": { "OBJECTID": 6, "PROGRAM": "72", "CERTIFICATE": "534978", "CONVEYANCE": "0000", "NAME": "Litchfield Park Service Co.", "EXIST_OR_P": "E", "GSF_OR_USF": "GSF", "AMA": "Phoenix", "CRSPNDG_CE": "not operating", "STATUS": "Active", "LABEL": "Litchfield Park Service Co.", "MAXSAVINGS": "840", "Shape__Area": 165551.706787109, "Shape__Length": 1627.7654147465801 }, "geometry": { "type": "Polygon", "coordinates": [ [ [ -112.362460886882005, 33.460643811078299 ], [ -112.362460077848993, 33.460729785344697 ], [ -112.362442910301993, 33.462554872230399 ], [ -112.362425764617001, 33.464381038816001 ], [ -112.362243826112007, 33.464379986592299 ], [ -112.358382157573004, 33.464359242950401 ], [ -112.358129262228005, 33.4643580658323 ], [ -112.358132457045997, 33.463851569238201 ], [ -112.358133750934996, 33.463632566472299 ], [ -112.358153120943001, 33.460628247200901 ], [ -112.358389857339006, 33.460629032425899 ], [ -112.358411712429003, 33.460629075207301 ], [ -112.359342844813995, 33.460632396553997 ], [ -112.361091713728996, 33.460638808721399 ], [ -112.362460886882005, 33.460643811078299 ] ] ] } },
{ "type": "Feature", "properties": { "OBJECTID": 7, "PROGRAM": "72", "CERTIFICATE": "534489", "CONVEYANCE": "0005", "NAME": "Hohokam Irrigation District", "EXIST_OR_P": "E", "GSF_OR_USF": "GSF", "AMA": "Pinal", "CRSPNDG_CE": "57.001102.0000", "STATUS": "Active", "LABEL": "Hohokam ID", "MAXSAVINGS": "82000", "Shape__Area": 10086223.094970699, "Shape__Length": 25052.152081645199 }, "geometry": { "type": "Polygon", "coordinates": [ [ [ -111.465964829635993, 32.894080135128803 ], [ -111.465330654149, 32.894079689488798 ], [ -111.465799125667999, 32.896763245795498 ], [ -111.465820395953997, 32.898271853577199 ], [ -111.465677348160995, 32.900177981543202 ], [ -111.465316555173999, 32.901981185663203 ], [ -111.464267428287002, 32.903412603314898 ], [ -111.463317326284994, 32.904871267346003 ], [ -111.462653489597002, 32.905606089665298 ], [ -111.461832295627005, 32.907058062640097 ], [ -111.461025047492001, 32.908627245487502 ], [ -111.456175193166999, 32.908584222131502 ], [ -111.456002636679003, 32.907779770616401 ], [ -111.456448700473999, 32.906140907616702 ], [ -111.456804055025003, 32.905061647880999 ], [ -111.457640332731003, 32.903930443515598 ], [ -111.458248722228006, 32.902805712961701 ], [ -111.458543085952996, 32.902216036333698 ], [ -111.458711600178006, 32.901588488546103 ], [ -111.458523853553004, 32.901079518114202 ], [ -111.458401826480994, 32.9006137207287 ], [ -111.458759138356001, 32.899793223125201 ], [ -111.459202885495003, 32.897852168122299 ], [ -111.459425596512006, 32.896592981421499 ], [ -111.459391804936004, 32.895226489064299 ], [ -111.459401905438995, 32.8940780209034 ], [ -111.460292702971998, 32.894081496896597 ], [ -111.460250494052005, 32.890574908219399 ], [ -111.463453453897998, 32.890347665225001 ], [ -111.465057235849002, 32.890355214907999 ], [ -111.465633254580993, 32.890357574466897 ], [ -111.472033677137006, 32.890389295595199 ], [ -111.471998283139996, 32.888252682770101 ], [ -111.471975722790006, 32.886898551871901 ], [ -111.472825666136004, 32.886897585631999 ], [ -111.480702447808994, 32.886908586917201 ], [ -111.480662552959998, 32.879527092101398 ], [ -111.483151012793996, 32.879581737816899 ], [ -111.489638854028996, 32.879492131025899 ], [ -111.489614687225, 32.875101453794201 ], [ -111.493762216234998, 32.875085085558503 ], [ -111.493766584552006, 32.875872111767698 ], [ -111.493784272406998, 32.879540034249203 ], [ -111.495863515737, 32.879537415464597 ], [ -111.496631881002997, 32.879537737849802 ], [ -111.498030970285996, 32.879537222564302 ], [ -111.500052626498999, 32.8795122114931 ], [ -111.500688698293004, 32.879512474919899 ], [ -111.502190736220001, 32.879523349256999 ], [ -111.504476387451007, 32.8795135568365 ], [ -111.506532876121, 32.879505213793799 ], [ -111.506448156133999, 32.875069686706802 ], [ -111.506505016594005, 32.865810384099397 ], [ -111.506506700489993, 32.865636727735001 ], [ -111.506508903921997, 32.865084772344296 ], [ -111.507919714996007, 32.865072832851801 ], [ -111.509533596183005, 32.865058918471298 ], [ -111.510027236078002, 32.865052385924301 ], [ -111.510374587186007, 32.865048147763403 ], [ -111.510737920891003, 32.865034818453701 ], [ -111.510973745528005, 32.865036672555398 ], [ -111.512017153705003, 32.865027318096899 ], [ -111.512955686178003, 32.865017821218501 ], [ -111.513084605523005, 32.865016728776297 ], [ -111.513183263474005, 32.865907102727697 ], [ -111.515236092002993, 32.865898638801603 ], [ -111.515233943992001, 32.866104431441599 ], [ -111.515544274994994, 32.868011001655702 ], [ -111.515734050947998, 32.868480977934802 ], [ -111.515787542642002, 32.8686042270756 ], [ -111.516025944583006, 32.869163646356803 ], [ -111.516777340980994, 32.869709659698202 ], [ -111.517341380020994, 32.8700867522614 ], [ -111.517322959409, 32.872204412024701 ], [ -111.519462845535003, 32.872206787032397 ], [ -111.519583815377999, 32.875074267634602 ], [ -111.519587575065998, 32.879492642277597 ], [ -111.518940819169003, 32.879493083073399 ], [ -111.517370701250002, 32.879495097303099 ], [ -111.516135315216999, 32.879495706460098 ], [ -111.515204723189001, 32.879517032821703 ], [ -111.512874814344997, 32.879497889184599 ], [ -111.511031430561999, 32.879500385697497 ], [ -111.510436121206993, 32.8795011342743 ], [ -111.510441894959996, 32.882252947218298 ], [ -111.515172063003007, 32.882530041620498 ], [ -111.515168595950996, 32.883200398665302 ], [ -111.515164380147993, 32.884086684463703 ], [ -111.515156121849003, 32.885430220675403 ], [ -111.515148333214995, 32.886853811551397 ], [ -111.510451779055998, 32.8867693960308 ], [ -111.510466651136994, 32.894015099819299 ], [ -111.506647028410001, 32.894029559548898 ], [ -111.506517210474996, 32.901269641009698 ], [ -111.500690337663002, 32.901399741025102 ], [ -111.497980189040007, 32.9013700150064 ], [ -111.489490864342002, 32.901279068298997 ], [ -111.489351385096001, 32.8940315988199 ], [ -111.480742804822, 32.894001982174601 ], [ -111.480612591899998, 32.897727972431802 ], [ -111.476085400865998, 32.897553673780102 ], [ -111.476066504939993, 32.894025582531299 ], [ -111.472094537827005, 32.894048030522598 ], [ -111.466310303948006, 32.894077716155898 ], [ -111.466194027301995, 32.894078149703198 ], [ -111.465964829635993, 32.894080135128803 ] ] ] } },
{ "type": "Feature", "properties": { "OBJECTID": 8, "PROGRAM": "72", "CERTIFICATE": "531381", "CONVEYANCE": "0006", "NAME": "Maricopa Stanfield Irrigation & Drainage District", "EXIST_OR_P": "E", "GSF_OR_USF": "GSF", "AMA": "Pinal", "CRSPNDG_CE": "57.001103.0000", "STATUS": "Active", "LABEL": "Maricopa Stanfield IDD", "MAXSAVINGS": "168114", "Shape__Area": 1263541.2377929699, "Shape__Length": 4767.9431863466398 }, "geometry": { "type": "Polygon", "coordinates": [ [ [ -111.929193247767003, 32.796888650702698 ], [ -111.930915961555002, 32.796880339488098 ], [ -111.937000534272002, 32.796852335579999 ], [ -111.937657306591007, 32.796848537310503 ], [ -111.937703212418, 32.799691314431897 ], [ -111.937712732752004, 32.802945358277299 ], [ -111.937735781336002, 32.811229865666803 ], [ -111.931147772277996, 32.811217691129201 ], [ -111.929270453748003, 32.8112153224859 ], [ -111.929260115157007, 32.809390455774803 ], [ -111.929193247767003, 32.796888650702698 ] ] ] } },
{ "type": "Feature", "properties": { "OBJECTID": 9, "PROGRAM": "72", "CERTIFICATE": "531382", "CONVEYANCE": "0006", "NAME": "Central Arizona Irrigation and Drainage District", "EXIST_OR_P": "E", "GSF_OR_USF": "GSF", "AMA": "Pinal", "CRSPNDG_CE": "57.001101.0000", "STATUS": "Active", "LABEL": "Central Arizona IDD", "MAXSAVINGS": "110000", "Shape__Area": 1994160.81103516, "Shape__Length": 5686.4963639597599 }, "geometry": { "type": "Polygon", "coordinates": [ [ [ -111.466213262981, 32.566745500244799 ], [ -111.483414961405998, 32.566680407465803 ], [ -111.483474605200996, 32.577772659318299 ], [ -111.466300760376001, 32.577837687440898 ], [ -111.466104862758002, 32.574090732864697 ], [ -111.466100199492004, 32.573191466135498 ], [ -111.466213262981, 32.566745500244799 ] ] ] } },
{ "type": "Feature", "properties": { "OBJECTID": 10, "PROGRAM": "72", "CERTIFICATE": "531382", "CONVEYANCE": "0006", "NAME": "Central Arizona Irrigation and Drainage District", "EXIST_OR_P": "E", "GSF_OR_USF": "GSF", "AMA": "Pinal", "CRSPNDG_CE": "57.001101.0000", "STATUS": "Active", "LABEL": "Central Arizona IDD", "MAXSAVINGS": "110000", "Shape__Area": 3756678.1531982399, "Shape__Length": 13082.559046898699 }, "geometry": { "type": "Polygon", "coordinates": [ [ [ -111.636693309110001, 32.850480856043099 ], [ -111.636708950393, 32.847717657748703 ], [ -111.636808595458007, 32.828771644114603 ], [ -111.636893548936001, 32.828699044216798 ], [ -111.645353113862001, 32.828582291081702 ], [ -111.645352864377998, 32.835923370686302 ], [ -111.645559879955002, 32.835922861448502 ], [ -111.645614191622002, 32.843416437948598 ], [ -111.652362008731998, 32.843381345956999 ], [ -111.653420175555993, 32.842326600180499 ], [ -111.653948462269994, 32.841873932955899 ], [ -111.653814610294006, 32.8359210465321 ], [ -111.662567305733006, 32.835846129684697 ], [ -111.662588949037001, 32.840551939381697 ], [ -111.662827460871995, 32.8404742838594 ], [ -111.664056582661999, 32.840021509243599 ], [ -111.665287509474993, 32.838515847610402 ], [ -111.666692880008995, 32.836409931852401 ], [ -111.666689266779002, 32.835927349062601 ], [ -111.670931172755004, 32.835929424404803 ], [ -111.670949924612003, 32.8376206808191 ], [ -111.670963396901996, 32.838788777248702 ], [ -111.669378512370997, 32.8393932101161 ], [ -111.668492581997995, 32.839697329245404 ], [ -111.665490899502004, 32.841962313679097 ], [ -111.663474070548006, 32.843048192824497 ], [ -111.663099729736999, 32.843182111319699 ], [ -111.662871923462006, 32.843263378351203 ], [ -111.661420518941995, 32.843782999130902 ], [ -111.659293886244001, 32.844394119822297 ], [ -111.658235326527006, 32.845298947830599 ], [ -111.658301392623997, 32.847008559216299 ], [ -111.657021994442999, 32.846954980265998 ], [ -111.656647999757993, 32.846958074488903 ], [ -111.654014270942, 32.847015319946401 ], [ -111.654043580033999, 32.848914559566097 ], [ -111.651934946875002, 32.848905859991198 ], [ -111.651795139347001, 32.849241478923197 ], [ -111.651261423541996, 32.850511656464199 ], [ -111.651158321260993, 32.850478367609597 ], [ -111.65021526484, 32.850483285105398 ], [ -111.647207741995999, 32.8504966678898 ], [ -111.646175852792993, 32.850502018886701 ], [ -111.645280677604006, 32.850479024368099 ], [ -111.636693309110001, 32.850480856043099 ] ] ] } },
{ "type": "Feature", "properties": { "OBJECTID": 11, "PROGRAM": "72", "CERTIFICATE": "534888", "CONVEYANCE": "0007", "NAME": "New Magma Irrigation & Drainage District", "EXIST_OR_P": "E", "GSF_OR_USF": "GSF", "AMA": "Phoenix", "CRSPNDG_CE": "57.002511.0000", "STATUS": "Active", "LABEL": "New Magma IDD", "MAXSAVINGS": "59506", "Shape__Area": 189627.02734375, "Shape__Length": 2135.7447697131302 }, "geometry": { "type": "Polygon", "coordinates": [ [ [ -111.469863539873003, 33.100455889185497 ], [ -111.469293886143006, 33.099831141030599 ], [ -111.468204802320002, 33.098637543155903 ], [ -111.467148079541005, 33.0974787652654 ], [ -111.466545457557004, 33.096818049834297 ], [ -111.467148605556005, 33.0968202929566 ], [ -111.469300307997003, 33.096828262247698 ], [ -111.471452685474006, 33.096836190938198 ], [ -111.472395086397995, 33.0968399466487 ], [ -111.472496254812, 33.098156780333298 ], [ -111.472338833004002, 33.098651508610303 ], [ -111.471928126888997, 33.099940691387999 ], [ -111.472101728778, 33.100462633021301 ], [ -111.472704584287001, 33.102276202458398 ], [ -111.472745433222997, 33.102398668669601 ], [ -111.472220718214004, 33.103039397526601 ], [ -111.471520994057997, 33.102272521335799 ], [ -111.471434077834004, 33.102177011456902 ], [ -111.469863539873003, 33.100455889185497 ] ] ] } },
{ "type": "Feature", "properties": { "OBJECTID": 12, "PROGRAM": "72", "CERTIFICATE": "531381", "CONVEYANCE": "0006", "NAME": "Maricopa Stanfield Irrigation & Drainage District", "EXIST_OR_P": "E", "GSF_OR_USF": "GSF", "AMA": "Pinal", "CRSPNDG_CE": "57.001103.0000", "STATUS": "Active", "LABEL": "Maricopa Stanfield IDD", "MAXSAVINGS": "168114", "Shape__Area": 5002380.3709716797, "Shape__Length": 9780.9149028082902 }, "geometry": { "type": "Polygon", "coordinates": [ [ [ -112.168902351724, 32.985464844273999 ], [ -112.151829563787004, 32.9854612740505 ], [ -112.147495431018996, 32.985483174638198 ], [ -112.134413442124, 32.9855509488415 ], [ -112.134448045970004, 32.978118781687797 ], [ -112.134455992537994, 32.976388571313997 ], [ -112.134463018901997, 32.974638643682297 ], [ -112.134478633596004, 32.971156240364202 ], [ -112.134484035658005, 32.970846694890803 ], [ -112.143211533172007, 32.970993675187898 ], [ -112.146786042204994, 32.970983428058801 ], [ -112.147161219083998, 32.968553618863702 ], [ -112.147900950714998, 32.968404754694397 ], [ -112.149463000322001, 32.968236473926702 ], [ -112.150987915862004, 32.968195356939802 ], [ -112.151804484896005, 32.968299442697301 ], [ -112.152205082487001, 32.968351559442702 ], [ -112.154983219637998, 32.968924009454398 ], [ -112.158636596050002, 32.970093736909199 ], [ -112.159433084213006, 32.971063872513398 ], [ -112.160403489261, 32.9710638718281 ], [ -112.160436964167999, 32.972395125108299 ], [ -112.161139535103999, 32.972880175881301 ], [ -112.162065703940996, 32.973433038986499 ], [ -112.162658907055999, 32.973737008008698 ], [ -112.163506707294005, 32.974279322381399 ], [ -112.163966382604002, 32.974702350960499 ], [ -112.164163728464999, 32.975062433868899 ], [ -112.164322405293007, 32.975737446285301 ], [ -112.164488390456, 32.976153630055599 ], [ -112.164521650669002, 32.976445339128702 ], [ -112.164460853815001, 32.976908175679398 ], [ -112.164337621708, 32.977252079519197 ], [ -112.164351900304993, 32.977880521975699 ], [ -112.164569680205005, 32.978268033374 ], [ -112.168915655323005, 32.978309703903598 ], [ -112.168902351724, 32.985464844273999 ] ] ] } },
{ "type": "Feature", "properties": { "OBJECTID": 13, "PROGRAM": "72", "CERTIFICATE": "534978", "CONVEYANCE": "0000", "NAME": "Litchfield Park Service Co.", "EXIST_OR_P": "E", "GSF_OR_USF": "GSF", "AMA": "Phoenix", "CRSPNDG_CE": "not operating", "STATUS": "Active", "LABEL": "Litchfield Park Service Co.", "MAXSAVINGS": "840", "Shape__Area": 138710.34582519499, "Shape__Length": 1539.5857369386399 }, "geometry": { "type": "Polygon", "coordinates": [ [ [ -112.343331909507995, 33.471116325260503 ], [ -112.343247717254997, 33.470934325571498 ], [ -112.343265036068999, 33.470923429944698 ], [ -112.343324441107995, 33.470741282601502 ], [ -112.343349493337996, 33.470599527234398 ], [ -112.343396845835997, 33.470508260429902 ], [ -112.343477884243995, 33.470333487611001 ], [ -112.343524057134005, 33.470100472832002 ], [ -112.343539912, 33.469885823224899 ], [ -112.343551393960993, 33.469649517468099 ], [ -112.343667010499004, 33.469449000922602 ], [ -112.343709823992, 33.469325094859101 ], [ -112.343734706676997, 33.469172347418002 ], [ -112.343842133275004, 33.469029981111603 ], [ -112.343924064969002, 33.4689349634642 ], [ -112.344109565254001, 33.468795975604699 ], [ -112.344291143863003, 33.468686060361101 ], [ -112.344425199864006, 33.468612737932901 ], [ -112.344611094220994, 33.468521098744297 ], [ -112.344762798616998, 33.468458573801001 ], [ -112.344948912692004, 33.468403003895297 ], [ -112.345152910227, 33.468394875589098 ], [ -112.345478129333998, 33.468375280496701 ], [ -112.345664416649996, 33.468352681876702 ], [ -112.345864208232001, 33.468333321063 ], [ -112.346059406969999, 33.468321615291899 ], [ -112.346337097892004, 33.468338611684999 ], [ -112.346562897409001, 33.4683482753505 ], [ -112.346970833930001, 33.4683720279656 ], [ -112.347127703634001, 33.4684258449617 ], [ -112.347249599063005, 33.468501463182001 ], [ -112.347332999949003, 33.468610191684 ], [ -112.347394434920005, 33.468733529341897 ], [ -112.347442919141002, 33.468824319433097 ], [ -112.347526599085, 33.468994768832601 ], [ -112.347588883590007, 33.469238158760199 ], [ -112.347698744064004, 33.469426641269202 ], [ -112.347839712628996, 33.469735132870298 ], [ -112.347963312527995, 33.470029153270197 ], [ -112.348069311675005, 33.470315759486198 ], [ -112.348192969623994, 33.470591741556397 ], [ -112.348302832122997, 33.470780223426097 ], [ -112.348456468533996, 33.471037557549401 ], [ -112.348553333718002, 33.471255492286097 ], [ -112.348654342309999, 33.471436741538703 ], [ -112.348721111166995, 33.471665431047903 ], [ -112.348769542222001, 33.471774257628802 ], [ -112.348705211135993, 33.471876419980603 ], [ -112.348658143565004, 33.471964019522296 ], [ -112.348593812228003, 33.472066182721697 ], [ -112.348489964034997, 33.472113815857497 ], [ -112.348395021613996, 33.472172343113598 ], [ -112.348286695688003, 33.472212978482197 ], [ -112.348134413729994, 33.4721737694898 ], [ -112.347959482356003, 33.471974437780801 ], [ -112.347824463674002, 33.471920665716198 ], [ -112.347715560970997, 33.471837302313901 ], [ -112.347619267441004, 33.471743370667198 ], [ -112.347432070240998, 33.471664237628303 ], [ -112.347210298381, 33.471567157726703 ], [ -112.346997153827999, 33.471528046114102 ], [ -112.346697589358996, 33.471489304122699 ], [ -112.346298100439995, 33.4714477093328 ], [ -112.346054918839997, 33.471423291884904 ], [ -112.345972478001002, 33.471441945979997 ], [ -112.345820312420003, 33.471431759566798 ], [ -112.345585759819002, 33.471399923396397 ], [ -112.345334454867, 33.471415613264703 ], [ -112.345099680380997, 33.4713694045534 ], [ -112.344673961531996, 33.471306104259398 ], [ -112.344408866855005, 33.4712562747956 ], [ -112.344187152480998, 33.471206542455803 ], [ -112.343774380236994, 33.471153802945899 ], [ -112.343331909507995, 33.471116325260503 ] ] ] } },
{ "type": "Feature", "properties": { "OBJECTID": 14, "PROGRAM": "72", "CERTIFICATE": "534978", "CONVEYANCE": "0000", "NAME": "Litchfield Park Service Co.", "EXIST_OR_P": "E", "GSF_OR_USF": "GSF", "AMA": "Phoenix", "CRSPNDG_CE": "not operating", "STATUS": "Active", "LABEL": "Litchfield Park Service Co.", "MAXSAVINGS": "840", "Shape__Area": 1833237.41723633, "Shape__Length": 10394.433769385199 }, "geometry": { "type": "Polygon", "coordinates": [ [ [ -112.425018200227001, 33.508153650406598 ], [ -112.424070801037004, 33.508153274701698 ], [ -112.419966288961007, 33.508150794258 ], [ -112.419809848282, 33.508150897461697 ], [ -112.419451298034005, 33.5040594195615 ], [ -112.420429098824002, 33.500120030150903 ], [ -112.420690924029003, 33.497286008894299 ], [ -112.421322653109996, 33.494733806582097 ], [ -112.421632768671998, 33.489485886581001 ], [ -112.423192438282001, 33.483564403489403 ], [ -112.424378153423007, 33.480942970330602 ], [ -112.424543419420999, 33.474049657851999 ], [ -112.425156920928998, 33.470132997521702 ], [ -112.426819971038995, 33.4654841621267 ], [ -112.426833190701004, 33.4719312588254 ], [ -112.426805517405001, 33.4754939619365 ], [ -112.426776931511, 33.479123748447897 ], [ -112.425692774384004, 33.479132283465198 ], [ -112.425705393292006, 33.479902106888403 ], [ -112.426780074879005, 33.479889737796299 ], [ -112.426788699990993, 33.481932935282103 ], [ -112.426792286185005, 33.482848854819899 ], [ -112.426836567215005, 33.493789125577699 ], [ -112.426820414171999, 33.500060665668997 ], [ -112.426799289734006, 33.508154567099297 ], [ -112.425018200227001, 33.508153650406598 ] ] ] } },
{ "type": "Feature", "properties": { "OBJECTID": 15, "PROGRAM": "72", "CERTIFICATE": "531381", "CONVEYANCE": "0006", "NAME": "Maricopa Stanfield Irrigation & Drainage District", "EXIST_OR_P": "E", "GSF_OR_USF": "GSF", "AMA": "Pinal", "CRSPNDG_CE": "57.001103.0000", "STATUS": "Active", "LABEL": "Maricopa Stanfield IDD", "MAXSAVINGS": "168114", "Shape__Area": 3285434.4764404302, "Shape__Length": 8313.5701014843307 }, "geometry": { "type": "Polygon", "coordinates": [ [ [ -111.877818690002997, 32.864910048335801 ], [ -111.869133844260006, 32.864970837087498 ], [ -111.869204367655001, 32.872188344885899 ], [ -111.860653768869, 32.872182784610899 ], [ -111.860681599909, 32.864909332045599 ], [ -111.860604907444994, 32.850348657509002 ], [ -111.877826964856993, 32.850377566482202 ], [ -111.877890385117993, 32.8568081030174 ], [ -111.879262860311997, 32.856927545240303 ], [ -111.879293351699005, 32.860013436952499 ], [ -111.877770488102001, 32.860024156140298 ], [ -111.877818690002997, 32.864910048335801 ] ] ] } },
{ "type": "Feature", "properties": { "OBJECTID": 16, "PROGRAM": "72", "CERTIFICATE": "558092", "CONVEYANCE": "0005", "NAME": "Kai Farms (Red Rock)", "EXIST_OR_P": "E", "GSF_OR_USF": "GSF", "AMA": "Tucson", "CRSPNDG_CE": "58.107018.0003", "STATUS": "Active", "LABEL": "Kai Farms (Red Rock)", "MAXSAVINGS": "11401", "Shape__Area": 9620378.1660156306, "Shape__Length": 13820.729545218401 }, "geometry": { "type": "Polygon", "coordinates": [ [ [ -111.371063137210001, 32.636064274572398 ], [ -111.370980763424996, 32.639584147941903 ], [ -111.366324085271998, 32.639543757481299 ], [ -111.362433351028997, 32.639575401044901 ], [ -111.361836315759007, 32.639580514017602 ], [ -111.354083749669002, 32.639544082822603 ], [ -111.353992285418997, 32.639500362399801 ], [ -111.353946713314997, 32.639434522472598 ], [ -111.353913517698999, 32.639297045725101 ], [ -111.353994548502001, 32.6367021245579 ], [ -111.354029549722995, 32.633925777848702 ], [ -111.354095501068002, 32.632406098765003 ], [ -111.345632196511005, 32.632435426083497 ], [ -111.341570096119, 32.632444335989703 ], [ -111.339894351420995, 32.632448059594502 ], [ -111.338654292710004, 32.632432258900103 ], [ -111.337990660643001, 32.632434052371202 ], [ -111.337326861373, 32.6323927141285 ], [ -111.336765060028, 32.632365477186397 ], [ -111.336186380898994, 32.632367033251498 ], [ -111.335488766213999, 32.632368909888399 ], [ -111.334621074205998, 32.632414369169901 ], [ -111.333004403711996, 32.632447438971298 ], [ -111.332036325849998, 32.632464954633299 ], [ -111.328608870718, 32.632472323832602 ], [ -111.328599117259998, 32.628818789651 ], [ -111.328609773527006, 32.625278523562699 ], [ -111.328634124041997, 32.6249238165408 ], [ -111.328648353318002, 32.621631343827197 ], [ -111.328638707511999, 32.617913525778903 ], [ -111.328619749675994, 32.6106597142563 ], [ -111.328610175099001, 32.607050704841797 ], [ -111.328610402622004, 32.607021949277403 ], [ -111.345672022776995, 32.607019396372003 ], [ -111.349492879224996, 32.607018366439803 ], [ -111.353881907585006, 32.612241678018698 ], [ -111.355707807095996, 32.614415105202198 ], [ -111.358543892469001, 32.617791060551802 ], [ -111.362788364970001, 32.622841360098903 ], [ -111.364831500617996, 32.625080827093797 ], [ -111.370981456164003, 32.632270306173503 ], [ -111.371148510943996, 32.632466862621797 ], [ -111.371063137210001, 32.636064274572398 ] ] ] } },
{ "type": "Feature", "properties": { "OBJECTID": 17, "PROGRAM": "72", "CERTIFICATE": "534978", "CONVEYANCE": "0000", "NAME": "Litchfield Park Service Co.", "EXIST_OR_P": "E", "GSF_OR_USF": "GSF", "AMA": "Phoenix", "CRSPNDG_CE": "not operating", "STATUS": "Active", "LABEL": "Litchfield Park Service Co.", "MAXSAVINGS": "840", "Shape__Area": 5628824.4422607403, "Shape__Length": 20591.0739383939 }, "geometry": { "type": "Polygon", "coordinates": [ [ [ -112.340961498005001, 33.464270498765501 ], [ -112.340960479334001, 33.465164781687299 ], [ -112.340957740367998, 33.468086628800499 ], [ -112.340954712748001, 33.471185474626402 ], [ -112.340954396281006, 33.471470697768503 ], [ -112.341289960268, 33.471488769267999 ], [ -112.341515827498995, 33.471502389684296 ], [ -112.341789324744994, 33.471530149451802 ], [ -112.341989294965003, 33.471565746602998 ], [ -112.342214935395006, 33.471586414519898 ], [ -112.342380323368999, 33.471625774785501 ], [ -112.342576312616998, 33.471730184522599 ], [ -112.342516460951998, 33.471861325585401 ], [ -112.342327029763993, 33.472095047517101 ], [ -112.342237021553998, 33.472277244443397 ], [ -112.342212193061997, 33.472433652572597 ], [ -112.342200538949996, 33.472637261768199 ], [ -112.342201997684995, 33.472819031719702 ], [ -112.342164059403004, 33.473019268466203 ], [ -112.342187655559002, 33.473262804136098 ], [ -112.342259451066994, 33.473600514280797 ], [ -112.342317575764994, 33.4738803108486 ], [ -112.342358270499005, 33.4741202756219 ], [ -112.342477205617001, 33.4743523510502 ], [ -112.342691698232002, 33.4746096012788 ], [ -112.342986643467995, 33.475001822745099 ], [ -112.343083070972995, 33.475017687841799 ], [ -112.343417460756001, 33.475067612967102 ], [ -112.343270838967001, 33.474915880578799 ], [ -112.343087621608007, 33.474745948930902 ], [ -112.342938135319002, 33.474495605001898 ], [ -112.342837584907997, 33.474387059462501 ], [ -112.342735914887996, 33.474118442905201 ], [ -112.342655701938, 33.4738242241433 ], [ -112.342532234429001, 33.4735158229796 ], [ -112.342439921635005, 33.473330812855998 ], [ -112.342429607129006, 33.4731418111473 ], [ -112.342388857269, 33.472876477308198 ], [ -112.342426798266999, 33.472698224488703 ], [ -112.342477293436005, 33.472505183861202 ], [ -112.342532888014006, 33.472359437132297 ], [ -112.342631640071005, 33.472220827427797 ], [ -112.342712446302997, 33.4721618949185 ], [ -112.342926997948993, 33.472248630103799 ], [ -112.343140591145996, 33.472382159882301 ], [ -112.343315066043999, 33.4724868060704 ], [ -112.343454679169994, 33.472598871724998 ], [ -112.343672529331002, 33.472725026704801 ], [ -112.343972547007994, 33.472836483523999 ], [ -112.344220272346007, 33.472871564544803 ], [ -112.344493662465993, 33.472848586461097 ], [ -112.344775629809007, 33.472836508517098 ], [ -112.345075087892994, 33.472824240104003 ], [ -112.345474192091999, 33.472818776978002 ], [ -112.345704312677, 33.472846717541202 ], [ -112.345973839143994, 33.472878177206397 ], [ -112.346229692888002, 33.472873422266098 ], [ -112.346494619167004, 33.472868572737703 ], [ -112.346698570141001, 33.472900175077399 ], [ -112.346998362784007, 33.472909883286199 ], [ -112.347099426897998, 33.473094795673703 ], [ -112.347314105286003, 33.473384727692398 ], [ -112.347515777023006, 33.473681847043601 ], [ -112.347660673253003, 33.473939280640003 ], [ -112.347853553554998, 33.474211130773099 ], [ -112.348024515019006, 33.474457567994598 ], [ -112.348125700357997, 33.4746717907204 ], [ -112.348235563860996, 33.474860271548899 ], [ -112.348324022051003, 33.475078017263399 ], [ -112.348394830513996, 33.475263261235597 ], [ -112.348418676923004, 33.475608530843502 ], [ -112.348377163427003, 33.475837834818897 ], [ -112.348308403765998, 33.475936383540997 ], [ -112.348143795332007, 33.476013422778998 ], [ -112.347862102156, 33.476043827938803 ], [ -112.347618514651998, 33.475994053076001 ], [ -112.347349200172005, 33.475933568145301 ], [ -112.347118668711005, 33.475879989652 ], [ -112.346927259126005, 33.475833594613398 ], [ -112.346809948799006, 33.475794003998303 ], [ -112.346524051808998, 33.475857143703202 ], [ -112.346267853634004, 33.475840196893301 ], [ -112.345972430334996, 33.475830725499897 ], [ -112.345755577131001, 33.475835334299902 ], [ -112.345446975884997, 33.475778652031003 ], [ -112.345225308062993, 33.475732301460397 ], [ -112.345047576078002, 33.475765796059697 ], [ -112.344834484456996, 33.475708643792899 ], [ -112.344604181283003, 33.475669709001998 ], [ -112.344252086658003, 33.475584187523197 ], [ -112.344004352653002, 33.475505143279896 ], [ -112.343829762073, 33.475393457653396 ], [ -112.343659595478996, 33.475263120011398 ], [ -112.343518515509999, 33.4751651587273 ], [ -112.343132040610001, 33.475161738795897 ], [ -112.343304142715994, 33.475330386622097 ], [ -112.343434844881997, 33.475409574565099 ], [ -112.343639874717994, 33.475532488213197 ], [ -112.34369037978, 33.475557868516503 ], [ -112.342093257236002, 33.476692664478101 ], [ -112.342404397600006, 33.477131779498499 ], [ -112.342344140134003, 33.477171889966399 ], [ -112.342274640157001, 33.477201110313999 ], [ -112.342226940800998, 33.477248412407 ], [ -112.342127168974002, 33.477277673744801 ], [ -112.342036084401002, 33.477281477608003 ], [ -112.341927619996994, 33.477270535520198 ], [ -112.340949836109999, 33.477263365312503 ], [ -112.340948435236996, 33.478787277402397 ], [ -112.340948517756999, 33.478792632721003 ], [ -112.343069054004999, 33.478793901057699 ], [ -112.343418161906996, 33.478794065355501 ], [ -112.344627253626996, 33.478794757854502 ], [ -112.344644772357, 33.479928401853797 ], [ -112.344413438190998, 33.480062813936897 ], [ -112.344166306790996, 33.480197672920902 ], [ -112.343984076137005, 33.480288713643397 ], [ -112.343706783814, 33.4804309460471 ], [ -112.343550787585997, 33.480521983054601 ], [ -112.343390311576997, 33.480627720218898 ], [ -112.343234257001001, 33.480715091364097 ], [ -112.343147658923002, 33.480769861757899 ], [ -112.343004607992995, 33.480850044458201 ], [ -112.342891716672, 33.480922854754098 ], [ -112.342787851880004, 33.481013885027103 ], [ -112.342701192725002, 33.481108676274197 ], [ -112.342618960817006, 33.481206799704502 ], [ -112.342571319502994, 33.481279752297603 ], [ -112.342528325095998, 33.4813706856227 ], [ -112.342454557606004, 33.481450680737098 ], [ -112.342402767840994, 33.481559750316897 ], [ -112.342394135993004, 33.481654259730298 ], [ -112.342385841923004, 33.481727062875201 ], [ -112.340953431716002, 33.481751309019501 ], [ -112.340957941569002, 33.484378551067003 ], [ -112.340958014159995, 33.484688570853301 ], [ -112.340965635168999, 33.490113299019299 ], [ -112.34096998631, 33.493318305547099 ], [ -112.340975389335995, 33.495326053238301 ], [ -112.340987835544993, 33.500058523135799 ], [ -112.340998533904994, 33.504151795560098 ], [ -112.336656447980005, 33.504136722827802 ], [ -112.336645909235003, 33.504676270874199 ], [ -112.336586078687006, 33.507697075113498 ], [ -112.335345372106005, 33.5076574697921 ], [ -112.332295070616993, 33.507645787865599 ], [ -112.332304148893002, 33.511176534022297 ], [ -112.332332908096006, 33.522129496495801 ], [ -112.328089525848995, 33.5220707961534 ], [ -112.327359845290999, 33.5220600188565 ], [ -112.325354281792997, 33.525713799792698 ], [ -112.324379746540998, 33.525712954184101 ], [ -112.323826530093001, 33.525712668038601 ], [ -112.323798349602001, 33.522011338314499 ], [ -112.323792447879001, 33.515974469181003 ], [ -112.323789250066994, 33.513226599372601 ], [ -112.323787086991999, 33.511120177091101 ], [ -112.323783053428002, 33.507544276303797 ], [ -112.32377899446, 33.5039221565983 ], [ -112.328003904873995, 33.503931045095499 ], [ -112.327993827141, 33.5000584356914 ], [ -112.327965568721993, 33.500058457222799 ], [ -112.327969345442995, 33.493258236654 ], [ -112.328278159901004, 33.493259437460502 ], [ -112.332300191163, 33.4932776890981 ], [ -112.332319458692993, 33.4919883584353 ], [ -112.332331962474001, 33.491179910878799 ], [ -112.332344043340996, 33.490343849788601 ], [ -112.332360397507998, 33.489259727288903 ], [ -112.333339731159001, 33.489249192523999 ], [ -112.333336618272, 33.489572775702598 ], [ -112.333366461275006, 33.489544832065299 ], [ -112.333459865071006, 33.489450260520002 ], [ -112.333553266427003, 33.4893551216554 ], [ -112.333652789059997, 33.489264986249701 ], [ -112.333750274286999, 33.489173187100803 ], [ -112.333838920372997, 33.489075281768798 ], [ -112.333922130321, 33.488974051080099 ], [ -112.334011450803004, 33.488876702035903 ], [ -112.334104172950006, 33.488781569175202 ], [ -112.334196893818998, 33.488686436260203 ], [ -112.334288934330999, 33.488590747836497 ], [ -112.334378931927006, 33.488493386731797 ], [ -112.334464181225997, 33.488393264669803 ], [ -112.334548079667996, 33.488293151688602 ], [ -112.335090648754004, 33.483627402440597 ], [ -112.334655926205002, 33.4835723338241 ], [ -112.334703638586006, 33.4787467549341 ], [ -112.332322870254004, 33.478728973928099 ], [ -112.332332342243006, 33.4749990270087 ], [ -112.336675823828998, 33.475024399147202 ], [ -112.336684669899995, 33.471462432913697 ], [ -112.336690223885995, 33.469262341071598 ], [ -112.336693412935006, 33.467849731894297 ], [ -112.334621219667, 33.467847831020698 ], [ -112.332349945909002, 33.467845777393499 ], [ -112.33235309234, 33.464492424768302 ], [ -112.332353101639001, 33.464229184729803 ], [ -112.334701961628994, 33.464253514707302 ], [ -112.335542598699007, 33.464251224783801 ], [ -112.336572883958993, 33.464249136273999 ], [ -112.340961498005001, 33.464270498765501 ] ] ] } },
{ "type": "Feature", "properties": { "OBJECTID": 18, "PROGRAM": "72", "CERTIFICATE": "572386", "CONVEYANCE": "0006", "NAME": "Roosevelt Irrigation District", "EXIST_OR_P": "E", "GSF_OR_USF": "GSF", "AMA": "Phoenix", "CRSPNDG_CE": "57.002517.0000", "STATUS": "Active", "LABEL": "Roosevelt ID", "MAXSAVINGS": "133000", "Shape__Area": 2466706.0505371098, "Shape__Length": 6431.8627117740998 }, "geometry": { "type": "Polygon", "coordinates": [ [ [ -112.357879565420006, 33.420820111771803 ], [ -112.357824431959003, 33.419027933542303 ], [ -112.357769367844995, 33.417239979300803 ], [ -112.357714242548994, 33.4154475185046 ], [ -112.357659112161997, 33.413654775831702 ], [ -112.357603988666, 33.411862313922597 ], [ -112.357548868756993, 33.4100698514276 ], [ -112.357493752435005, 33.408277388346903 ], [ -112.357438648395004, 33.406485483749897 ], [ -112.359582659848996, 33.406489342750497 ], [ -112.359654574966996, 33.406489399636499 ], [ -112.361795902805, 33.406493527551298 ], [ -112.361867483500006, 33.406493585922902 ], [ -112.364008805770993, 33.406497394289701 ], [ -112.364080048846006, 33.406497455997801 ], [ -112.366221710906999, 33.406501507398502 ], [ -112.366292618499998, 33.406501571529802 ], [ -112.368433938384001, 33.406505302586297 ], [ -112.368505517893993, 33.4065053580401 ], [ -112.370646505573006, 33.406509336831299 ], [ -112.370718079650999, 33.406509390165702 ], [ -112.371661715876996, 33.406511080383403 ], [ -112.371710037941995, 33.408323335339396 ], [ -112.371758694481997, 33.410135309173 ], [ -112.372866412720995, 33.410140244523497 ], [ -112.375116816044994, 33.410151106639901 ], [ -112.375103459540995, 33.411968271727197 ], [ -112.375089762006994, 33.4137854446085 ], [ -112.375076416019994, 33.415603172259203 ], [ -112.375062725559999, 33.417420621847903 ], [ -112.375049036833005, 33.419237788634803 ], [ -112.375035679031996, 33.421054951257197 ], [ -112.372925877941995, 33.421026188974999 ], [ -112.372892257966001, 33.421025716069799 ], [ -112.370780100947002, 33.420996942419798 ], [ -112.370747825110996, 33.420996454076999 ], [ -112.368634323989994, 33.420967655089399 ], [ -112.368603061100004, 33.420967155010104 ], [ -112.366488889151995, 33.420938331332003 ], [ -112.366457956386, 33.420937827074098 ], [ -112.364343448956006, 33.420908965066999 ], [ -112.364312186087005, 33.420908464806502 ], [ -112.362198014328001, 33.420879566996902 ], [ -112.362165738502995, 33.420879076417997 ], [ -112.360053245361001, 33.420850119963198 ], [ -112.360018954400005, 33.420849650922101 ], [ -112.357879565420006, 33.420820111771803 ] ] ] } },
{ "type": "Feature", "properties": { "OBJECTID": 19, "PROGRAM": "72", "CERTIFICATE": "534978", "CONVEYANCE": "0000", "NAME": "Litchfield Park Service Co.", "EXIST_OR_P": "E", "GSF_OR_USF": "GSF", "AMA": "Phoenix", "CRSPNDG_CE": "not operating", "STATUS": "Active", "LABEL": "Litchfield Park Service Co.", "MAXSAVINGS": "840", "Shape__Area": 31964.6921386719, "Shape__Length": 731.60561671829396 }, "geometry": { "type": "Polygon", "coordinates": [ [ [ -112.357002925494996, 33.459902713225098 ], [ -112.357015035323002, 33.458500716423103 ], [ -112.357954775362003, 33.4585614485907 ], [ -112.358166175042996, 33.458576605421001 ], [ -112.358428240422995, 33.458563588672298 ], [ -112.359329634475998, 33.4585801980122 ], [ -112.359338072281005, 33.459874587010503 ], [ -112.358417597813997, 33.459885805020598 ], [ -112.358157731727005, 33.459888933940498 ], [ -112.358043758608005, 33.459890182652501 ], [ -112.357943581596999, 33.459891562410697 ], [ -112.357002925494996, 33.459902713225098 ] ] ] } },
{ "type": "Feature", "properties": { "OBJECTID": 20, "PROGRAM": "72", "CERTIFICATE": "572386", "CONVEYANCE": "0006", "NAME": "Roosevelt Irrigation District", "EXIST_OR_P": "E", "GSF_OR_USF": "GSF", "AMA": "Phoenix", "CRSPNDG_CE": "57.002517.0000", "STATUS": "Active", "LABEL": "Roosevelt ID", "MAXSAVINGS": "133000", "Shape__Area": 164007.71179199201, "Shape__Length": 1636.8103885687999 }, "geometry": { "type": "Polygon", "coordinates": [ [ [ -112.349440165984007, 33.4352389901237 ], [ -112.347528668294004, 33.435230751875601 ], [ -112.345396969820001, 33.435221771898298 ], [ -112.345348273327005, 33.433417397477299 ], [ -112.345320868003, 33.432120952199703 ], [ -112.345411073538997, 33.432063606267199 ], [ -112.346129885756994, 33.4316155697989 ], [ -112.346430524753998, 33.43142797953 ], [ -112.347438571688002, 33.4314257661947 ], [ -112.348978711814993, 33.431422268878997 ], [ -112.348988932281003, 33.431626492202 ], [ -112.349028409414004, 33.432439732766802 ], [ -112.349591518026003, 33.432444312747499 ], [ -112.349970067046996, 33.432447521024301 ], [ -112.349985722374996, 33.433436323403001 ], [ -112.350004392182001, 33.434533320600401 ], [ -112.349642820360003, 33.434584605803998 ], [ -112.349479135693002, 33.434607808571698 ], [ -112.349439909311997, 33.435200661395498 ], [ -112.349440165984007, 33.4352389901237 ] ] ] } },
{ "type": "Feature", "properties": { "OBJECTID": 21, "PROGRAM": "72", "CERTIFICATE": "534888", "CONVEYANCE": "0007", "NAME": "New Magma Irrigation & Drainage District", "EXIST_OR_P": "E", "GSF_OR_USF": "GSF", "AMA": "Phoenix", "CRSPNDG_CE": "57.002511.0000", "STATUS": "Active", "LABEL": "New Magma IDD", "MAXSAVINGS": "59506", "Shape__Area": 31719929.7497559, "Shape__Length": 40556.643351010498 }, "geometry": { "type": "Polygon", "coordinates": [ [ [ -111.460926639811007, 33.142109672532797 ], [ -111.460923081073005, 33.143922149205402 ], [ -111.458718623473004, 33.1439114184451 ], [ -111.456502432522996, 33.143900405730903 ], [ -111.456493074378997, 33.145709522750899 ], [ -111.456483717189997, 33.147520052687497 ], [ -111.456523043163003, 33.149347874608999 ], [ -111.45656270872, 33.1511762620921 ], [ -111.456602374905003, 33.153004363082601 ], [ -111.456641706100996, 33.154832183321297 ], [ -111.456681376519001, 33.156660287696901 ], [ -111.456720707621997, 33.158488106827001 ], [ -111.456760381177006, 33.160316210081596 ], [ -111.456799717455993, 33.162143182906902 ], [ -111.454605536838997, 33.162134316623302 ], [ -111.454570679772999, 33.162134162438299 ], [ -111.452412361021004, 33.162125402612297 ], [ -111.452377174722997, 33.162125249009399 ], [ -111.450218850591, 33.162116452083602 ], [ -111.450183664289, 33.1621162969588 ], [ -111.448025681190003, 33.162107465294703 ], [ -111.447989819271001, 33.162107312882497 ], [ -111.445832171080994, 33.162098718913299 ], [ -111.445796310234002, 33.162098565865598 ], [ -111.443638996288001, 33.162089654879097 ], [ -111.443602464109006, 33.162089503591197 ], [ -111.441446154991993, 33.162080547425496 ], [ -111.441408619027001, 33.162080398150003 ], [ -111.440536580680998, 33.162077007842598 ], [ -111.440531124564004, 33.160256674306503 ], [ -111.440525343787996, 33.158436905140299 ], [ -111.440522253210005, 33.157153814956203 ], [ -111.439260585224005, 33.157163353120701 ], [ -111.439261516898995, 33.156613691749399 ], [ -111.439264806706007, 33.154794165360698 ], [ -111.43926810328, 33.152974643831499 ], [ -111.439271393723999, 33.151155121795298 ], [ -111.439274684474, 33.149335599229197 ], [ -111.439277975506002, 33.1475160716235 ], [ -111.439279585042001, 33.1456951449954 ], [ -111.439281203023, 33.143875622231803 ], [ -111.439282818923004, 33.142055821128501 ], [ -111.439284434870999, 33.140235738971903 ], [ -111.439286050093997, 33.138415650876603 ], [ -111.439287666786996, 33.136595566757002 ], [ -111.439289282781999, 33.134775482110697 ], [ -111.439290902758003, 33.132954829558301 ], [ -111.439305625494995, 33.1311431539675 ], [ -111.439320348040994, 33.129331473343903 ], [ -111.437173492827995, 33.129311981471403 ], [ -111.435021625434999, 33.129294438282997 ], [ -111.432869752057002, 33.129276862454198 ], [ -111.430718221080994, 33.129259248270301 ], [ -111.428566349635005, 33.129241598097998 ], [ -111.426414818433997, 33.129223905080003 ], [ -111.424263287694004, 33.129206179411 ], [ -111.424225410754005, 33.131005252734397 ], [ -111.424179830963993, 33.132804346349502 ], [ -111.422024172985004, 33.1327829343197 ], [ -111.419868914489001, 33.132775005654103 ], [ -111.417708297819999, 33.132767063076898 ], [ -111.415547682189995, 33.132759082120799 ], [ -111.413386725620001, 33.1327510648225 ], [ -111.411226108877003, 33.132743009819301 ], [ -111.409065158703001, 33.132734917535501 ], [ -111.406904877483001, 33.132726785581902 ], [ -111.404737218316995, 33.132718641036497 ], [ -111.404783179220999, 33.130916165334703 ], [ -111.404829156971005, 33.129117915869202 ], [ -111.404875124211003, 33.127317697725303 ], [ -111.404921089951003, 33.125517474549198 ], [ -111.404932448522999, 33.125074606325803 ], [ -111.404967055287997, 33.123717251749397 ], [ -111.405012683628996, 33.121917028615997 ], [ -111.405058310526002, 33.120116809470503 ], [ -111.405104248197006, 33.118312922110597 ], [ -111.407263860569003, 33.118323906039599 ], [ -111.409417105816004, 33.118334591126803 ], [ -111.409368767405994, 33.116516354081298 ], [ -111.409328129274002, 33.114696681343297 ], [ -111.409312928028001, 33.114022479975603 ], [ -111.407158530111005, 33.1140295533894 ], [ -111.405007479861993, 33.11403657868 ], [ -111.404980585912, 33.112853619123896 ], [ -111.404939366777995, 33.111032819655101 ], [ -111.404898151039006, 33.109212300149998 ], [ -111.407050510806002, 33.109224444367797 ], [ -111.409205884805999, 33.109236817530203 ], [ -111.411360594260003, 33.109248874178597 ], [ -111.413515299875996, 33.109261180423402 ], [ -111.415651061313994, 33.108383335350503 ], [ -111.417786107430004, 33.107506020804301 ], [ -111.417879705670003, 33.107467374195899 ], [ -111.419921783332001, 33.106628107481299 ], [ -111.419949533958004, 33.106617862733003 ], [ -111.421292483985994, 33.1065964080071 ], [ -111.421262264855997, 33.1074883768528 ], [ -111.422095263477004, 33.107494009571099 ], [ -111.422759447518999, 33.107497669373203 ], [ -111.422766778406, 33.105680095558697 ], [ -111.422768155433999, 33.105339858916302 ], [ -111.424165388085996, 33.104563883769302 ], [ -111.425399267022996, 33.1038786500703 ], [ -111.426301557553998, 33.103884299756899 ], [ -111.428453124254006, 33.103897481187303 ], [ -111.430362877733998, 33.103909211003902 ], [ -111.430604356817994, 33.103910631136699 ], [ -111.432755930683001, 33.103924019685202 ], [ -111.434907162602002, 33.1039370953633 ], [ -111.437058060324006, 33.103950129667403 ], [ -111.439225037466002, 33.103963357930702 ], [ -111.441367885432996, 33.103974092991102 ], [ -111.443519109234998, 33.103985042831198 ], [ -111.445669996289993, 33.103995680726499 ], [ -111.447820550447005, 33.104006558711703 ], [ -111.449971778798002, 33.1040173980549 ], [ -111.452122333118993, 33.104028201807402 ], [ -111.454273221918001, 33.104038972642599 ], [ -111.456431479825994, 33.104049673959103 ], [ -111.45642941701, 33.102232130385303 ], [ -111.456419984879005, 33.100414608757298 ], [ -111.456410560433994, 33.098597373410897 ], [ -111.458539440761996, 33.096788059314797 ], [ -111.460691477821996, 33.096796175089601 ], [ -111.462844191014995, 33.096804252098998 ], [ -111.464995893598001, 33.096812294795903 ], [ -111.465439965635994, 33.096814013758902 ], [ -111.467147101536, 33.098555828467802 ], [ -111.467147180189002, 33.098633905384901 ], [ -111.467224207350995, 33.098634180454297 ], [ -111.469006841777997, 33.100453200139597 ], [ -111.469292055924996, 33.100743869527101 ], [ -111.470788203325995, 33.102270507863501 ], [ -111.471405461532001, 33.1029001389822 ], [ -111.470654555772995, 33.103895756556497 ], [ -111.470848472407994, 33.104083599395501 ], [ -111.471431569933003, 33.104647686506198 ], [ -111.472729087914004, 33.105902474559002 ], [ -111.472885305049005, 33.106053533319603 ], [ -111.473586621465003, 33.1060508651221 ], [ -111.473687768101996, 33.106050479856997 ], [ -111.475323768614999, 33.1077061893901 ], [ -111.475749786514996, 33.108137242675298 ], [ -111.477096231879997, 33.109500041035901 ], [ -111.477905199828001, 33.110318609890101 ], [ -111.478861360680995, 33.111286283612301 ], [ -111.480065427591995, 33.112504709630898 ], [ -111.480619146009005, 33.1130651998036 ], [ -111.482231160062, 33.114696387754002 ], [ -111.482370941065, 33.114837633481599 ], [ -111.484115053918003, 33.116602455851002 ], [ -111.484402041864996, 33.116892801060203 ], [ -111.485852504505004, 33.118360518370402 ], [ -111.486641421117994, 33.119158810602997 ], [ -111.487621691764005, 33.120150279691302 ], [ -111.488869124952998, 33.121412704908103 ], [ -111.489388253274996, 33.121937770293798 ], [ -111.491086545480002, 33.123725228020398 ], [ -111.491141606770995, 33.125066743845203 ], [ -111.491418312188998, 33.125066779467801 ], [ -111.491420992526002, 33.1255468031395 ], [ -111.491424473901006, 33.126169458761098 ], [ -111.493229958284005, 33.126200645700003 ], [ -111.493298340780001, 33.1262683050699 ], [ -111.494398584093005, 33.127359594712203 ], [ -111.495509298214003, 33.128461542173497 ], [ -111.496228904611996, 33.129174922119198 ], [ -111.497406369334001, 33.130342825889301 ], [ -111.497705782313005, 33.130622938573197 ], [ -111.497958466860993, 33.130815014863501 ], [ -111.497995829456997, 33.1308458719584 ], [ -111.498032194478, 33.130878142863502 ], [ -111.498066884425, 33.130911264730699 ], [ -111.498100247162, 33.130945519400498 ], [ -111.498131935897007, 33.130980625030602 ], [ -111.498136658421004, 33.130985963157897 ], [ -111.49816263033, 33.131016585218802 ], [ -111.498191314115005, 33.131053393205598 ], [ -111.498218666425998, 33.131091338526304 ], [ -111.498244681906002, 33.1311298529399 ], [ -111.498268687833004, 33.131169219661103 ], [ -111.498291027817999, 33.131209157695302 ], [ -111.498312026671002, 33.131249663038297 ], [ -111.498331020815996, 33.131290741050897 ], [ -111.498348344163006, 33.131332670020001 ], [ -111.498363995676002, 33.131374888001197 ], [ -111.498377969990003, 33.131417394114699 ], [ -111.498389942825, 33.131460476495803 ], [ -111.498400238428999, 33.1315038425004 ], [ -111.498408861114001, 33.1315474966217 ], [ -111.498415477506001, 33.1315914456057 ], [ -111.498420078449996, 33.131635398141697 ], [ -111.498423006492999, 33.131679643305297 ], [ -111.498424267494997, 33.131723890627399 ], [ -111.498423511501002, 33.131767869102703 ], [ -111.498421082548006, 33.131812131185903 ], [ -111.498416638733005, 33.131856123511596 ], [ -111.498410525726996, 33.131900118906202 ], [ -111.498402396786005, 33.1319438454493 ], [ -111.498392257212998, 33.131987293197 ], [ -111.498380777055004, 33.132030463978602 ], [ -111.498367278290999, 33.132073084492497 ], [ -111.498352109801999, 33.132115425747898 ], [ -111.498334924816007, 33.132157211313903 ], [ -111.498316398170005, 33.132198720817897 ], [ -111.498295857721004, 33.132239393194503 ], [ -111.498273639535, 33.132279508524398 ], [ -111.498250077574994, 33.1323187849475 ], [ -111.498224498032002, 33.132357504779101 ], [ -111.498197574711995, 33.132395385702097 ], [ -111.498168973648006, 33.132432709574601 ], [ -111.498139027180002, 33.132468906803503 ], [ -111.498107401382001, 33.132504266462497 ], [ -111.498074090390006, 33.132538509854299 ], [ -111.498039775430996, 33.132571908463802 ], [ -111.498003775767998, 33.1326044677173 ], [ -111.497966763619004, 33.132635622977503 ], [ -111.497928405021995, 33.132665657003699 ], [ -111.497888703680005, 33.132694845793502 ], [ -111.497847654325994, 33.132722636437499 ], [ -111.497805929601995, 33.132749298652399 ], [ -111.497781221132996, 33.132764618708201 ], [ -111.497781190897996, 33.132759261821803 ], [ -111.497697053264005, 33.1328103393421 ], [ -111.495743170669002, 33.133994975102901 ], [ -111.495744826747, 33.133991870126501 ], [ -111.495679396216005, 33.134032720684601 ], [ -111.494707873997001, 33.134639240518098 ], [ -111.494703531818999, 33.134642074721199 ], [ -111.493654539548004, 33.135296813857501 ], [ -111.493588767757004, 33.1353379515093 ], [ -111.491781877316001, 33.136465848924701 ], [ -111.491777533383001, 33.136468401607402 ], [ -111.491521790199997, 33.136628108683297 ], [ -111.491456014815995, 33.136668958387602 ], [ -111.489348904221004, 33.1379843298484 ], [ -111.489283462383995, 33.138025177097198 ], [ -111.488813021697993, 33.138318770051697 ], [ -111.488807344785997, 33.138322459877102 ], [ -111.487182632352003, 33.139336542841903 ], [ -111.487117193862005, 33.139377388941497 ], [ -111.485835694832005, 33.140177011481903 ], [ -111.485830016573004, 33.140180695765103 ], [ -111.485017300183998, 33.140687865778503 ], [ -111.484951853243004, 33.140728709873301 ], [ -111.482852562467002, 33.142038865599702 ], [ -111.482852573269994, 33.142040838241499 ], [ -111.482850229516004, 33.142040847326101 ], [ -111.482679492366003, 33.142128046404402 ], [ -111.480667209592994, 33.142143453674798 ], [ -111.479496893372001, 33.142152200660597 ], [ -111.479489522679003, 33.142152510457002 ], [ -111.479461198772, 33.142364871067599 ], [ -111.479387551640997, 33.142684240407 ], [ -111.479086309463, 33.143233930791197 ], [ -111.478562195001004, 33.143650871053801 ], [ -111.478508132542999, 33.143690260004703 ], [ -111.478512410522001, 33.143921946846497 ], [ -111.478528737977996, 33.144828960384402 ], [ -111.478020245341995, 33.145347878434997 ], [ -111.477499715636, 33.145502657265403 ], [ -111.477248807042997, 33.1457606909266 ], [ -111.476360598900996, 33.145773679106 ], [ -111.474175760483007, 33.145807118039798 ], [ -111.474140806365, 33.143985765864599 ], [ -111.474105850762001, 33.142164975999002 ], [ -111.474070894077002, 33.140343627249798 ], [ -111.471898706085994, 33.140336100366603 ], [ -111.469705068221998, 33.140328340466702 ], [ -111.469723164494994, 33.142146655197003 ], [ -111.469741600397995, 33.1439646920985 ], [ -111.469759700617004, 33.145783288072401 ], [ -111.469777799504996, 33.147601606601299 ], [ -111.467561501893002, 33.147587974584503 ], [ -111.465345546931005, 33.147574583271997 ], [ -111.463129249698, 33.147560871475697 ], [ -111.460912954145002, 33.147547402559702 ], [ -111.460919525215999, 33.145734911278801 ], [ -111.460923081073005, 33.143922149205402 ], [ -111.463127545185998, 33.143932845433802 ], [ -111.465332338508006, 33.1439435005123 ], [ -111.465325068929999, 33.142128243153202 ], [ -111.465317799703996, 33.140312703838802 ], [ -111.463123828091994, 33.140304823868703 ], [ -111.460930197764995, 33.140297190828903 ], [ -111.460926639811007, 33.142109672532797 ] ], [ [ -111.474058758601004, 33.139709166926501 ], [ -111.475626029889995, 33.139691059209703 ], [ -111.475611879937006, 33.138501315150201 ], [ -111.475606651776999, 33.138029753196498 ], [ -111.474264853612993, 33.138039954089798 ], [ -111.474026599358993, 33.1380329692388 ], [ -111.474026646330998, 33.138041706786801 ], [ -111.474035940796, 33.138522553954203 ], [ -111.474058758601004, 33.139709166926501 ] ], [ [ -111.441461429124999, 33.111331913157898 ], [ -111.441832670300002, 33.111222916437796 ], [ -111.443600898577003, 33.110703885354503 ], [ -111.443591919298996, 33.109985409637503 ], [ -111.441444243183, 33.109976702430203 ], [ -111.439300923521003, 33.109967661426303 ], [ -111.439316855662994, 33.11121237887 ], [ -111.439326280128995, 33.111958761571501 ], [ -111.441461429124999, 33.111331913157898 ] ], [ [ -111.456555490656001, 33.1185185837058 ], [ -111.454426379942007, 33.118511442195299 ], [ -111.454423029788998, 33.120326183144002 ], [ -111.454419686766002, 33.122141205870001 ], [ -111.454416338298003, 33.1239559421536 ], [ -111.454412989096994, 33.125770682424402 ], [ -111.456557363979996, 33.125780025984 ], [ -111.456557394813998, 33.125076737322097 ], [ -111.456556977570003, 33.123964735809601 ], [ -111.456556598451996, 33.1221497274108 ], [ -111.456556211533993, 33.1203341556608 ], [ -111.456555490656001, 33.1185185837058 ] ], [ [ -111.437214440605999, 33.125692813300603 ], [ -111.439349464981007, 33.125708402130698 ], [ -111.439354689997003, 33.125078387227397 ], [ -111.439364190985998, 33.123896437596102 ], [ -111.439378912891002, 33.122084759391498 ], [ -111.437255382550006, 33.122072793366399 ], [ -111.435115114710996, 33.122062262140702 ], [ -111.432974841596007, 33.122051694167297 ], [ -111.430834908348999, 33.122041083742801 ], [ -111.430805902626005, 33.123845486850001 ], [ -111.430776568396993, 33.125650167488203 ], [ -111.432922299349997, 33.125664420510297 ], [ -111.435068369312006, 33.125678635391999 ], [ -111.437214440605999, 33.125692813300603 ] ] ] } },
{ "type": "Feature", "properties": { "OBJECTID": 22, "PROGRAM": "72", "CERTIFICATE": "084101", "CONVEYANCE": "0000", "NAME": "ASARCO Facility / Mission Mine", "EXIST_OR_P": "E", "GSF_OR_USF": "GSF", "AMA": "Tucson", "CRSPNDG_CE": "58.100306.0000", "STATUS": "Active", "LABEL": "ASARCO/ Mission Mine", "MAXSAVINGS": "10000", "Shape__Area": 23223364.901367199, "Shape__Length": 28611.814500760102 }, "geometry": { "type": "Polygon", "coordinates": [ [ [ -111.061881071604006, 31.95707839292 ], [ -111.061882760342002, 31.964490745000099 ], [ -111.078899725398003, 31.976135690636202 ], [ -111.078837385925993, 31.9832692263562 ], [ -111.074926379969995, 31.985164771371799 ], [ -111.069254394270999, 31.984051237027099 ], [ -111.065407869395003, 31.984385951414001 ], [ -111.064625869150007, 31.9857793863094 ], [ -111.064756645621003, 31.9873398204887 ], [ -111.065865111408002, 31.987729732033401 ], [ -111.079102792512003, 31.994136477675301 ], [ -111.079104998749003, 31.999765278280599 ], [ -111.020551334765997, 31.999764158526698 ], [ -111.020554163868994, 31.9858873747852 ], [ -111.037439710285, 31.985890327933099 ], [ -111.037440092392998, 31.971456415554201 ], [ -111.000871573354004, 31.971446889427298 ], [ -111.000877702888005, 31.9570684815404 ], [ -111.061881071604006, 31.95707839292 ] ] ] } },
{ "type": "Feature", "properties": { "OBJECTID": 23, "PROGRAM": "72", "CERTIFICATE": "534489", "CONVEYANCE": "0005", "NAME": "Hohokam Irrigation District", "EXIST_OR_P": "E", "GSF_OR_USF": "GSF", "AMA": "Pinal", "CRSPNDG_CE": "57.001102.0000", "STATUS": "Active", "LABEL": "Hohokam ID", "MAXSAVINGS": "82000", "Shape__Area": 525340.60070800805, "Shape__Length": 3896.3557528871902 }, "geometry": { "type": "Polygon", "coordinates": [ [ [ -111.679297985637007, 32.908797668522602 ], [ -111.686396306443996, 32.908853523756498 ], [ -111.686370097747002, 32.910219140332302 ], [ -111.686320836210996, 32.910850282887999 ], [ -111.686317610977, 32.911471022155801 ], [ -111.686209238684995, 32.912064147632201 ], [ -111.686265025335999, 32.912969269527999 ], [ -111.686461312011005, 32.914670804826699 ], [ -111.686621179903, 32.915378594366203 ], [ -111.686966227946002, 32.916607989330302 ], [ -111.687207361315004, 32.917968750418503 ], [ -111.687504091432999, 32.918912568667999 ], [ -111.687751181305003, 32.919746165891503 ], [ -111.683392339229997, 32.919748137954798 ], [ -111.683379801415995, 32.912385250214797 ], [ -111.681469652483997, 32.912395141039099 ], [ -111.679210323136004, 32.912367435891603 ], [ -111.679297985637007, 32.908797668522602 ] ] ] } },
{ "type": "Feature", "properties": { "OBJECTID": 24, "PROGRAM": "72", "CERTIFICATE": "534489", "CONVEYANCE": "0005", "NAME": "Hohokam Irrigation District", "EXIST_OR_P": "E", "GSF_OR_USF": "GSF", "AMA": "Pinal", "CRSPNDG_CE": "57.001102.0000", "STATUS": "Active", "LABEL": "Hohokam ID", "MAXSAVINGS": "82000", "Shape__Area": 18026811.425537098, "Shape__Length": 29199.572129029901 }, "geometry": { "type": "Polygon", "coordinates": [ [ [ -111.610222620727001, 32.901634501595801 ], [ -111.610320519281004, 32.894285682267103 ], [ -111.610427649621002, 32.887115528279402 ], [ -111.614778680243006, 32.887081188496801 ], [ -111.619070243210004, 32.887048123779699 ], [ -111.619114123299994, 32.883562030740897 ], [ -111.627898095229, 32.883506846342101 ], [ -111.636307008022001, 32.883424204214897 ], [ -111.640765114334002, 32.883441409260598 ], [ -111.640733045844001, 32.887058241554101 ], [ -111.642631970601002, 32.8870490357018 ], [ -111.642592556981, 32.891857739011499 ], [ -111.645112957172003, 32.891837401454303 ], [ -111.645144958608, 32.887038319729001 ], [ -111.647240326155, 32.887028593216399 ], [ -111.649290163467995, 32.8870055366325 ], [ -111.650666518688993, 32.886989909520203 ], [ -111.652222583752007, 32.886969940316199 ], [ -111.653627651546003, 32.886951876696003 ], [ -111.653658807813002, 32.883827794592698 ], [ -111.653660253132998, 32.883660905987902 ], [ -111.662280998994007, 32.883584988614999 ], [ -111.662282186485996, 32.879706723616302 ], [ -111.662200634138003, 32.8785350488752 ], [ -111.662188250013003, 32.875076308796899 ], [ -111.66234373607, 32.872629223738002 ], [ -111.662347508414001, 32.872418351210797 ], [ -111.665885710666004, 32.872426576490099 ], [ -111.666388104823, 32.872426150712101 ], [ -111.666517052562, 32.8724271540963 ], [ -111.667771058897998, 32.872430031968001 ], [ -111.670794824775996, 32.872436360658398 ], [ -111.672332047921003, 32.8724331608298 ], [ -111.686594958024003, 32.8726210302653 ], [ -111.686602634669995, 32.875087537847101 ], [ -111.686575919242998, 32.876733361690903 ], [ -111.68588209216, 32.878163551145498 ], [ -111.685531499967993, 32.879658936941297 ], [ -111.686457641041002, 32.882529695056398 ], [ -111.686522393035006, 32.894031607870801 ], [ -111.686397799168006, 32.905240248294 ], [ -111.674824816530005, 32.905204173769498 ], [ -111.672757768872998, 32.905214213323298 ], [ -111.670452922007001, 32.905152768298201 ], [ -111.670493262285007, 32.901553378157899 ], [ -111.662068737221006, 32.901647991881198 ], [ -111.662012758575997, 32.905346690252102 ], [ -111.653369534885996, 32.905289097344998 ], [ -111.653399717029998, 32.903485967836403 ], [ -111.654634168420003, 32.903496409883701 ], [ -111.654607363525997, 32.901672153159403 ], [ -111.653430578205999, 32.901684524666997 ], [ -111.653462524597998, 32.899757353329797 ], [ -111.653551808185995, 32.894359243219903 ], [ -111.647482178744994, 32.8943638340508 ], [ -111.64517197712, 32.894445150958703 ], [ -111.645057809232, 32.899339369449798 ], [ -111.645074444184999, 32.901630489808703 ], [ -111.644936542699, 32.903348481169601 ], [ -111.645026841930004, 32.9053843917508 ], [ -111.636049743770997, 32.9053673553775 ], [ -111.636075251261005, 32.908930323590397 ], [ -111.631775879699006, 32.908952176901103 ], [ -111.631586863592005, 32.914234634668702 ], [ -111.631449393045997, 32.916145419531198 ], [ -111.627451110329005, 32.916165600706499 ], [ -111.627457447276001, 32.914319188164598 ], [ -111.627475168998998, 32.908973889069898 ], [ -111.623251309153005, 32.908995074688697 ], [ -111.623266404922006, 32.904286857795803 ], [ -111.623274388352002, 32.901613930990599 ], [ -111.620635360432999, 32.901627089268999 ], [ -111.618890113923996, 32.9015816436725 ], [ -111.610222620727001, 32.901634501595801 ] ] ] } },
{ "type": "Feature", "properties": { "OBJECTID": 25, "PROGRAM": "72", "CERTIFICATE": "216383", "CONVEYANCE": "0001", "NAME": "Avra Valley IDD / Herb Kai-Avra Facility", "EXIST_OR_P": "E", "GSF_OR_USF": "GSF", "AMA": "Tucson", "CRSPNDG_CE": "58.107035.0000", "STATUS": "Active", "LABEL": "Avra Valley IDD / Herb Kai Avra", "MAXSAVINGS": "9709.46", "Shape__Area": 4227470.5737304697, "Shape__Length": 12547.7973831862 }, "geometry": { "type": "Polygon", "coordinates": [ [ [ -111.250800605148996, 32.4022143882259 ], [ -111.250794676764997, 32.399673120164401 ], [ -111.233545230543996, 32.399698990401902 ], [ -111.233527812798997, 32.391541684732204 ], [ -111.236699577367006, 32.387974406644098 ], [ -111.233520214224001, 32.387982475021403 ], [ -111.233488052290994, 32.372909258370797 ], [ -111.241357367934995, 32.3728977712857 ], [ -111.241389846250996, 32.387575063468901 ], [ -111.250949411359997, 32.394115435823899 ], [ -111.250935941861002, 32.388415427877902 ], [ -111.259308442275, 32.388401843592597 ], [ -111.259341859246007, 32.402200514300802 ], [ -111.250800605148996, 32.4022143882259 ] ] ] } },
{ "type": "Feature", "properties": { "OBJECTID": 26, "PROGRAM": "72", "CERTIFICATE": "534489", "CONVEYANCE": "0005", "NAME": "Hohokam Irrigation District", "EXIST_OR_P": "E", "GSF_OR_USF": "GSF", "AMA": "Pinal", "CRSPNDG_CE": "57.001102.0000", "STATUS": "Active", "LABEL": "Hohokam ID", "MAXSAVINGS": "82000", "Shape__Area": 1724203.72839355, "Shape__Length": 6053.0560379860799 }, "geometry": { "type": "Polygon", "coordinates": [ [ [ -111.602835984639, 32.865081413153199 ], [ -111.602026349642998, 32.865083066781096 ], [ -111.602085848258994, 32.8538318662522 ], [ -111.602103233134997, 32.850377458856002 ], [ -111.619448546542003, 32.850406986606302 ], [ -111.619433284661, 32.856373613957601 ], [ -111.613507714228007, 32.857232787585197 ], [ -111.612754885407995, 32.857131060196203 ], [ -111.611914119895999, 32.857647103640403 ], [ -111.611596222865998, 32.859016408773201 ], [ -111.610740519255998, 32.860083901903401 ], [ -111.609725619732004, 32.861221514581104 ], [ -111.609616235600001, 32.861343826201598 ], [ -111.609379575317007, 32.8616088339367 ], [ -111.608823568947003, 32.862258774849501 ], [ -111.608027582084006, 32.862591907368397 ], [ -111.607796447265997, 32.862689439270603 ], [ -111.604504908105, 32.862847512804898 ], [ -111.603941976475994, 32.863074058524099 ], [ -111.603561581847003, 32.863226994490702 ], [ -111.603336695983998, 32.863557335353903 ], [ -111.603105198915998, 32.8638984184647 ], [ -111.602938624131994, 32.8644545495683 ], [ -111.602853960089007, 32.864973643186097 ], [ -111.602835984639, 32.865081413153199 ] ] ] } },
{ "type": "Feature", "properties": { "OBJECTID": 27, "PROGRAM": "72", "CERTIFICATE": "216383", "CONVEYANCE": "0001", "NAME": "Avra Valley IDD / Herb Kai-Avra Facility", "EXIST_OR_P": "E", "GSF_OR_USF": "GSF", "AMA": "Tucson", "CRSPNDG_CE": "58.109133.0001", "STATUS": "Active", "LABEL": "Avra Valley IDD / Herb Kai Avra", "MAXSAVINGS": "9709.46", "Shape__Area": 3759621.3133544899, "Shape__Length": 10960.181574022999 }, "geometry": { "type": "Polygon", "coordinates": [ [ [ -111.270747391523997, 32.4474587128934 ], [ -111.270133923263003, 32.447819094741 ], [ -111.270132779524999, 32.447660379390001 ], [ -111.270120863535993, 32.446008961924697 ], [ -111.270119744531002, 32.445856731768799 ], [ -111.270107809932, 32.444198833082901 ], [ -111.270106709494002, 32.444052805777602 ], [ -111.270094752638997, 32.442388985185701 ], [ -111.270093669923995, 32.442248879276697 ], [ -111.270088454228997, 32.441521214569299 ], [ -111.269949158746996, 32.439527249736599 ], [ -111.270070082195005, 32.4390198722921 ], [ -111.270733218092005, 32.438346902045197 ], [ -111.271586184542002, 32.437864186458903 ], [ -111.272742142116996, 32.438439040309703 ], [ -111.275578543679998, 32.440302510312101 ], [ -111.277986950263994, 32.441760892486798 ], [ -111.280203680503007, 32.442370292051002 ], [ -111.281228725334003, 32.442615257001798 ], [ -111.282746199849001, 32.4427787037257 ], [ -111.285433967006, 32.443370291509702 ], [ -111.287684121487999, 32.443811712701802 ], [ -111.289775968463005, 32.444853372111901 ], [ -111.291830940842999, 32.445528002259799 ], [ -111.294012050671, 32.445928347111 ], [ -111.295217436727, 32.4460879023163 ], [ -111.297294778799994, 32.446518287883599 ], [ -111.301310572489001, 32.448585864208603 ], [ -111.303961570045999, 32.449619183215702 ], [ -111.304087085226001, 32.465872968581003 ], [ -111.303211048649004, 32.465876480519299 ], [ -111.299981262627, 32.465889374598802 ], [ -111.299989900973003, 32.464685033012103 ], [ -111.299915788478998, 32.462093885044098 ], [ -111.295839789211996, 32.462025296823903 ], [ -111.290971971619001, 32.458130401897201 ], [ -111.286883426409005, 32.455563066124803 ], [ -111.287021602368995, 32.454560639637002 ], [ -111.287014262257003, 32.452722659409197 ], [ -111.287008433797993, 32.451204282732803 ], [ -111.284707488661994, 32.450379637136997 ], [ -111.282913376761996, 32.448644368499103 ], [ -111.281381822105999, 32.447315624382497 ], [ -111.280833805373007, 32.446882063386603 ], [ -111.278640775392006, 32.446044511344198 ], [ -111.276331284012997, 32.446200709041698 ], [ -111.274996458955002, 32.446760695512502 ], [ -111.273522417007001, 32.447571303064599 ], [ -111.272136221840995, 32.447432426117501 ], [ -111.270747391523997, 32.4474587128934 ] ] ] } },
{ "type": "Feature", "properties": { "OBJECTID": 28, "PROGRAM": "72", "CERTIFICATE": "534978", "CONVEYANCE": "0000", "NAME": "Litchfield Park Service Co.", "EXIST_OR_P": "E", "GSF_OR_USF": "GSF", "AMA": "Phoenix", "CRSPNDG_CE": "not operating", "STATUS": "Active", "LABEL": "Litchfield Park Service Co.", "MAXSAVINGS": "840", "Shape__Area": 176041.471313477, "Shape__Length": 1819.90185646396 }, "geometry": { "type": "Polygon", "coordinates": [ [ [ -112.356281156405998, 33.477542935862502 ], [ -112.356243340093997, 33.477339298286303 ], [ -112.356111066064997, 33.477030726569403 ], [ -112.355931160612002, 33.476751701600598 ], [ -112.355729398411995, 33.476472638577299 ], [ -112.355414749803003, 33.476179585448499 ], [ -112.355086925590996, 33.475817347050103 ], [ -112.354720098079994, 33.475520919623897 ], [ -112.354326933562007, 33.4751520656541 ], [ -112.353605605918005, 33.474398982125301 ], [ -112.353977334641002, 33.474211728273197 ], [ -112.354120311027003, 33.474171272110098 ], [ -112.354311307841002, 33.474148332029998 ], [ -112.354626597972, 33.473965072305802 ], [ -112.354786538664001, 33.473869753207502 ], [ -112.354963285916, 33.473687162925302 ], [ -112.355113850825006, 33.473508237989797 ], [ -112.355238356431997, 33.473296910480997 ], [ -112.355353713466002, 33.473060031923303 ], [ -112.355430520493996, 33.472852324676502 ], [ -112.355602324453002, 33.472633427788899 ], [ -112.355817660466997, 33.472381367080096 ], [ -112.356037087790995, 33.472089517647497 ], [ -112.356222458169995, 33.471921487541103 ], [ -112.356455572830995, 33.471752933717198 ], [ -112.356806282593993, 33.471620573831302 ], [ -112.357105038965003, 33.471520914578903 ], [ -112.357408345669995, 33.471454179833202 ], [ -112.357637897035005, 33.471423766130499 ], [ -112.357909067872995, 33.471452924440101 ], [ -112.358120953327003, 33.471475684622803 ], [ -112.358120758960993, 33.471614348276198 ], [ -112.358166404727996, 33.477188870551799 ], [ -112.358089548448007, 33.477199017415202 ], [ -112.358033270494005, 33.4771917427964 ], [ -112.357942137162993, 33.477213875833698 ], [ -112.357915982028004, 33.477218955863499 ], [ -112.356281156405998, 33.477542935862502 ] ] ] } },
{ "type": "Feature", "properties": { "OBJECTID": 29, "PROGRAM": "72", "CERTIFICATE": "211277", "CONVEYANCE": "0001", "NAME": "Gila River Indian IDD (Expired)", "EXIST_OR_P": "E", "GSF_OR_USF": "GSF", "AMA": " ", "CRSPNDG_CE": "N/A", "STATUS": "Inactive", "LABEL": "Gila River Indain IDD", "MAXSAVINGS": "56000 (37520 in PHX and 18480 in PIN)", "Shape__Area": 285636.38842773403, "Shape__Length": 2198.7071495302498 }, "geometry": { "type": "Polygon", "coordinates": [ [ [ -111.806259064936, 33.107862898418702 ], [ -111.806514076007005, 33.107852455876198 ], [ -111.806503150926005, 33.109301790620897 ], [ -111.806468312297994, 33.113922735221301 ], [ -111.805172553104995, 33.113931113983803 ], [ -111.803290092398001, 33.113943262525801 ], [ -111.80288187955, 33.113945893193197 ], [ -111.802399191329002, 33.113949002080602 ], [ -111.802123773355007, 33.113950775148702 ], [ -111.801977984380997, 33.113951713453197 ], [ -111.801893537164005, 33.107866523159302 ], [ -111.801935872952001, 33.107890791100097 ], [ -111.806259064936, 33.107862898418702 ] ] ] } },
{ "type": "Feature", "properties": { "OBJECTID": 30, "PROGRAM": "72", "CERTIFICATE": "211277", "CONVEYANCE": "0001", "NAME": "Gila River Indian IDD (Expired)", "EXIST_OR_P": "E", "GSF_OR_USF": "GSF", "AMA": " ", "CRSPNDG_CE": "N/A", "STATUS": "Inactive", "LABEL": "Gila River Indain IDD", "MAXSAVINGS": "56000 (37520 in PHX and 18480 in PIN)", "Shape__Area": 576281.03771972703, "Shape__Length": 3988.3767218427301 }, "geometry": { "type": "Polygon", "coordinates": [ [ [ -111.651584046766999, 33.057727580353401 ], [ -111.651582178959003, 33.058105221138497 ], [ -111.651596626816996, 33.059553490695798 ], [ -111.634451256386001, 33.059596624836402 ], [ -111.634388374238, 33.058461546276703 ], [ -111.634388348364993, 33.058444199912998 ], [ -111.634387078943007, 33.0575905550714 ], [ -111.634387770581, 33.057155472947201 ], [ -111.634379981346996, 33.057152954471498 ], [ -111.634388137445001, 33.056921374974699 ], [ -111.634412105566994, 33.056241156782498 ], [ -111.634424635852, 33.055885448722798 ], [ -111.634585540559996, 33.055839371095999 ], [ -111.647270436873001, 33.055955231683697 ], [ -111.647417108276997, 33.0573702387399 ], [ -111.647443928711994, 33.057628944613803 ], [ -111.651584046766999, 33.057727580353401 ] ] ] } },
{ "type": "Feature", "properties": { "OBJECTID": 31, "PROGRAM": "72", "CERTIFICATE": "211277", "CONVEYANCE": "0001", "NAME": "Gila River Indian IDD (Expired)", "EXIST_OR_P": "E", "GSF_OR_USF": "GSF", "AMA": " ", "CRSPNDG_CE": "N/A", "STATUS": "Inactive", "LABEL": "Gila River Indain IDD", "MAXSAVINGS": "56000 (37520 in PHX and 18480 in PIN)", "Shape__Area": 2282865.2642822298, "Shape__Length": 14573.4538875163 }, "geometry": { "type": "Polygon", "coordinates": [ [ [ -111.558918780305007, 33.047665788234802 ], [ -111.558925087727005, 33.048664288869098 ], [ -111.560269889880004, 33.049383866438198 ], [ -111.567244603866996, 33.049332229428998 ], [ -111.567246979727997, 33.049311888159799 ], [ -111.567424879433005, 33.049344335395404 ], [ -111.567439572064998, 33.049329951816901 ], [ -111.567469846161003, 33.049130497246303 ], [ -111.567491360768003, 33.048988775249803 ], [ -111.567589707577994, 33.048340887359501 ], [ -111.570205411382005, 33.049536977406298 ], [ -111.568757931028003, 33.052481958464902 ], [ -111.568728167428006, 33.052577259163598 ], [ -111.568977452100995, 33.054998407054001 ], [ -111.569847595371996, 33.056189078118898 ], [ -111.570662599415996, 33.056832122301898 ], [ -111.571190159264006, 33.056304671017898 ], [ -111.571187951778001, 33.056297393775701 ], [ -111.571291408536993, 33.056203445423897 ], [ -111.571538596606004, 33.055978976783003 ], [ -111.571965853894, 33.055590984450099 ], [ -111.576150506163998, 33.055613678187498 ], [ -111.576131237458, 33.058405166788297 ], [ -111.576156294507001, 33.058405051045497 ], [ -111.576138247979998, 33.059481368606697 ], [ -111.576138677220001, 33.059547260311803 ], [ -111.581504489880004, 33.059563618831 ], [ -111.581670748964996, 33.059626830392098 ], [ -111.587235380224996, 33.061252624821201 ], [ -111.587197508775006, 33.062949096293401 ], [ -111.591054814429, 33.062929610437799 ], [ -111.591446035516, 33.062923950228601 ], [ -111.591510838152999, 33.064812541063503 ], [ -111.595762518683003, 33.0647923035079 ], [ -111.595735955150005, 33.066510769338699 ], [ -111.599249522782998, 33.066526088123503 ], [ -111.599923519176997, 33.066549356846203 ], [ -111.599926818380993, 33.069467839997202 ], [ -111.595611028844999, 33.069497537353797 ], [ -111.595471187941001, 33.069500099382402 ], [ -111.595516455861002, 33.0674821603981 ], [ -111.591669151337001, 33.067470753189397 ], [ -111.591657317580001, 33.066660637806699 ], [ -111.591088691748993, 33.066679031819397 ], [ -111.591067042589998, 33.066688814783497 ], [ -111.587057244285006, 33.066672493131101 ], [ -111.587061687368006, 33.065754033965497 ], [ -111.586421025145995, 33.065757048071099 ], [ -111.586385327878006, 33.065770802882298 ], [ -111.582685305134007, 33.0657878444594 ], [ -111.582765707050996, 33.063001513814498 ], [ -111.582357386965995, 33.063003421060202 ], [ -111.582339371789999, 33.063016205475797 ], [ -111.578310412156995, 33.062999395986097 ], [ -111.578271795215002, 33.061413422566297 ], [ -111.576139939954004, 33.061416472085703 ], [ -111.576135834948005, 33.0602804042638 ], [ -111.576144920000999, 33.0602783120273 ], [ -111.576143714823004, 33.060226338330203 ], [ -111.571708910541005, 33.060226563576897 ], [ -111.571734000394002, 33.060072700807197 ], [ -111.571729882887993, 33.059435764628098 ], [ -111.567504243401999, 33.059411132996303 ], [ -111.567508970402002, 33.058434193487798 ], [ -111.567526668203996, 33.054776627803903 ], [ -111.567293510716993, 33.054777688411598 ], [ -111.567293467311998, 33.054757224663298 ], [ -111.563267480348003, 33.054739969195502 ], [ -111.563132248404997, 33.054739388227397 ], [ -111.563114208537002, 33.054049850599398 ], [ -111.562175428055994, 33.054074013254599 ], [ -111.561497363748998, 33.054075178546697 ], [ -111.559385187027004, 33.054062435685701 ], [ -111.558932308576999, 33.0540596995627 ], [ -111.558920781450993, 33.053352296370797 ], [ -111.554427362178004, 33.053298262391301 ], [ -111.554429934237007, 33.053268578339598 ], [ -111.554411135479995, 33.053275621825698 ], [ -111.554363894949006, 33.049755563579403 ], [ -111.554361002933007, 33.049539984374398 ], [ -111.550049840984997, 33.0494918348939 ], [ -111.550031583505998, 33.049491633967797 ], [ -111.550049542696996, 33.049471247743703 ], [ -111.549996214469004, 33.0457671482447 ], [ -111.555463271524005, 33.045763030121201 ], [ -111.558918780305007, 33.047665788234802 ] ] ] } },
{ "type": "Feature", "properties": { "OBJECTID": 32, "PROGRAM": "72", "CERTIFICATE": "211277", "CONVEYANCE": "0001", "NAME": "Gila River Indian IDD (Expired)", "EXIST_OR_P": "E", "GSF_OR_USF": "GSF", "AMA": " ", "CRSPNDG_CE": "N/A", "STATUS": "Inactive", "LABEL": "Gila River Indain IDD", "MAXSAVINGS": "56000 (37520 in PHX and 18480 in PIN)", "Shape__Area": 2962640.47375488, "Shape__Length": 12441.357509359401 }, "geometry": { "type": "Polygon", "coordinates": [ [ [ -111.733384714127993, 33.0834351818364 ], [ -111.733371791875996, 33.083272853505598 ], [ -111.730022222691005, 33.0832127177462 ], [ -111.728872442164999, 33.083257664957998 ], [ -111.728974651903997, 33.083426814052302 ], [ -111.728924345055006, 33.083426706790199 ], [ -111.728911575164005, 33.084811974969298 ], [ -111.728911540702001, 33.0848157202579 ], [ -111.724391401475003, 33.084800478608003 ], [ -111.724378116482001, 33.083180035321099 ], [ -111.724279807545003, 33.083177706533696 ], [ -111.723547946763006, 33.083160337732203 ], [ -111.722962257708005, 33.083146439495103 ], [ -111.722956940046998, 33.083152197106799 ], [ -111.721480242723004, 33.083131845676398 ], [ -111.720510663335006, 33.0831433597521 ], [ -111.720491294755007, 33.083981836220097 ], [ -111.720490649954002, 33.084009719763699 ], [ -111.720487077090993, 33.084164302962698 ], [ -111.716090965204998, 33.084126910365796 ], [ -111.716088409606002, 33.084125040772101 ], [ -111.716120209351004, 33.084670325500298 ], [ -111.716103581835995, 33.084666310604703 ], [ -111.716107341718001, 33.084680069719198 ], [ -111.705610249006, 33.084741190390901 ], [ -111.705566044197994, 33.084772314143599 ], [ -111.703219821063996, 33.083301168630797 ], [ -111.703255414802996, 33.080122996438199 ], [ -111.703263373962002, 33.079412214438101 ], [ -111.699712298742, 33.079432192841601 ], [ -111.699711606796996, 33.079433434267301 ], [ -111.694546767953995, 33.079419259643402 ], [ -111.694579609363998, 33.079391242802103 ], [ -111.694543608421995, 33.0793914568738 ], [ -111.694566401385998, 33.078532186192298 ], [ -111.691188772358004, 33.078490460840698 ], [ -111.690450777193007, 33.078481331699102 ], [ -111.690365270160001, 33.074975281334702 ], [ -111.694834560044001, 33.074937027472998 ], [ -111.694797063788997, 33.074087258228403 ], [ -111.702296804742005, 33.0740631820942 ], [ -111.703274555245997, 33.074076749721399 ], [ -111.703237089815005, 33.076109045676397 ], [ -111.707409485906993, 33.076169071579798 ], [ -111.707434607184993, 33.076135178965302 ], [ -111.707509308850007, 33.078090285743698 ], [ -111.707528141780998, 33.078583166209 ], [ -111.712121045244999, 33.078639279210499 ], [ -111.712197307525997, 33.078640211064602 ], [ -111.712201946212005, 33.079215810011199 ], [ -111.712204383729002, 33.079518266708902 ], [ -111.712244296986, 33.0795176003477 ], [ -111.715020575962001, 33.079471354661202 ], [ -111.716028268100999, 33.079454553107603 ], [ -111.716056980809, 33.0779591481759 ], [ -111.716063201300003, 33.077635439496099 ], [ -111.724803912986005, 33.077564090286302 ], [ -111.724800140566003, 33.077104095372299 ], [ -111.729374463564994, 33.077058635056503 ], [ -111.729441161907005, 33.075560545427301 ], [ -111.729461847484998, 33.075427715369003 ], [ -111.733418788118996, 33.075422912284203 ], [ -111.733325551245002, 33.0776870179117 ], [ -111.734506705013999, 33.077723287547897 ], [ -111.735660454400005, 33.077724651582997 ], [ -111.736476864493, 33.077725604898397 ], [ -111.736526561077, 33.083688378328603 ], [ -111.736551530297007, 33.083704565959799 ], [ -111.736535585015005, 33.084770913432898 ], [ -111.736389674327, 33.084772744977201 ], [ -111.733494079994998, 33.084809007592398 ], [ -111.733420321300997, 33.0838825192168 ], [ -111.733384714127993, 33.0834351818364 ] ] ] } },
{ "type": "Feature", "properties": { "OBJECTID": 33, "PROGRAM": "72", "CERTIFICATE": "211277", "CONVEYANCE": "0001", "NAME": "Gila River Indian IDD (Expired)", "EXIST_OR_P": "E", "GSF_OR_USF": "GSF", "AMA": " ", "CRSPNDG_CE": "N/A", "STATUS": "Inactive", "LABEL": "Gila River Indain IDD", "MAXSAVINGS": "56000 (37520 in PHX and 18480 in PIN)", "Shape__Area": 12013979.123046899, "Shape__Length": 19324.638724503799 }, "geometry": { "type": "Polygon", "coordinates": [ [ [ -111.804156747557997, 33.0886535571587 ], [ -111.802205263139996, 33.088653827609498 ], [ -111.802184211883997, 33.0905586174447 ], [ -111.801475938047005, 33.090563173043201 ], [ -111.801376364853994, 33.0905283686159 ], [ -111.797427669357006, 33.0905536895933 ], [ -111.797463394307997, 33.088619179951401 ], [ -111.781185872457002, 33.088687982860002 ], [ -111.781179765483998, 33.088697751805903 ], [ -111.780133205172007, 33.088692362025597 ], [ -111.772248576093006, 33.088651458115002 ], [ -111.772240841580995, 33.088446351604901 ], [ -111.772229138957002, 33.087107571382099 ], [ -111.772207623388994, 33.087107704651302 ], [ -111.772226622934994, 33.086971608968199 ], [ -111.769890034683996, 33.086986060212901 ], [ -111.7698784942, 33.085661723565202 ], [ -111.769857339195994, 33.085672946901703 ], [ -111.769776214613998, 33.0856732358518 ], [ -111.769729147361005, 33.084850530493704 ], [ -111.763054353059005, 33.084938782454998 ], [ -111.763015610298993, 33.082636391370997 ], [ -111.762886515437003, 33.074964142377603 ], [ -111.762873187512994, 33.074171790119998 ], [ -111.772134321248998, 33.0741147874947 ], [ -111.772056600110005, 33.060697880539898 ], [ -111.772072107051997, 33.060699419865003 ], [ -111.772078464599005, 33.0600423974387 ], [ -111.772077059522999, 33.0596320079366 ], [ -111.772046498311994, 33.059595338858401 ], [ -111.772036089151996, 33.058402919486099 ], [ -111.775872058561006, 33.058478490922397 ], [ -111.775982060760001, 33.059576559057099 ], [ -111.778082992693001, 33.059575504524098 ], [ -111.780746450736999, 33.059574119165298 ], [ -111.789239183318003, 33.062071437887603 ], [ -111.789245391446997, 33.062767016376199 ], [ -111.789955220042003, 33.0629612676682 ], [ -111.791074964925997, 33.062805112970899 ], [ -111.799650331804997, 33.064936635309699 ], [ -111.806402238025001, 33.074134863002399 ], [ -111.806393636791995, 33.074137269214503 ], [ -111.806460511934006, 33.074208682088504 ], [ -111.806418623591995, 33.074250470728501 ], [ -111.806473382624006, 33.074251031199097 ], [ -111.806454264219994, 33.081049020083398 ], [ -111.810920394066002, 33.081091436023101 ], [ -111.810870755859, 33.082723654128799 ], [ -111.813262640317006, 33.082844067000302 ], [ -111.815321244149004, 33.085360050426303 ], [ -111.815102815827004, 33.088353278866997 ], [ -111.817707324417995, 33.0883362227665 ], [ -111.817722429271996, 33.089968011461302 ], [ -111.819241431630005, 33.090012436397899 ], [ -111.819127579099998, 33.091672272873403 ], [ -111.819871194282001, 33.091721782404299 ], [ -111.819985036589998, 33.093543308830299 ], [ -111.821794380922995, 33.093531393964803 ], [ -111.821903710290002, 33.094863380837701 ], [ -111.822840706281994, 33.094857199276497 ], [ -111.822850502646006, 33.095256181483101 ], [ -111.823462206440993, 33.0956690373961 ], [ -111.823446146953003, 33.0967100057007 ], [ -111.823434936300004, 33.097437094901601 ], [ -111.815024260360005, 33.097492372046702 ], [ -111.815026742870998, 33.097433224272002 ], [ -111.814948046682005, 33.0974384724312 ], [ -111.814938426945005, 33.096396019887898 ], [ -111.814930730216005, 33.095561917204698 ], [ -111.806478077595997, 33.095564382153803 ], [ -111.806459029042998, 33.093478280430901 ], [ -111.806440924105999, 33.091495318784297 ], [ -111.80645787473, 33.091495652004902 ], [ -111.806457011644, 33.090017230887597 ], [ -111.806449129667996, 33.089153856891002 ], [ -111.806439719324999, 33.088726929845102 ], [ -111.806437779207997, 33.088638822605802 ], [ -111.804156747557997, 33.0886535571587 ] ] ] } },
{ "type": "Feature", "properties": { "OBJECTID": 34, "PROGRAM": "72", "CERTIFICATE": "211277", "CONVEYANCE": "0001", "NAME": "Gila River Indian IDD (Expired)", "EXIST_OR_P": "E", "GSF_OR_USF": "GSF", "AMA": " ", "CRSPNDG_CE": "N/A", "STATUS": "Inactive", "LABEL": "Gila River Indain IDD", "MAXSAVINGS": "56000 (37520 in PHX and 18480 in PIN)", "Shape__Area": 333970.64868164097, "Shape__Length": 2846.7571538505899 }, "geometry": { "type": "Polygon", "coordinates": [ [ [ -111.814674507407005, 33.1212275060075 ], [ -111.814652287998996, 33.117748669804797 ], [ -111.814665391746999, 33.1177484596639 ], [ -111.814660141714, 33.117596478134701 ], [ -111.818716955639005, 33.117569890241803 ], [ -111.818985918698999, 33.117568122820103 ], [ -111.819097981453993, 33.1175673862572 ], [ -111.819137381614993, 33.119396761704401 ], [ -111.819116248030994, 33.119415779137697 ], [ -111.823643252688001, 33.119442510751398 ], [ -111.823646773902993, 33.119819730947498 ], [ -111.823618168253006, 33.119844862555297 ], [ -111.823588752855002, 33.1218833103636 ], [ -111.823580586326003, 33.1224488892789 ], [ -111.823604180378993, 33.122460717065003 ], [ -111.823576105320001, 33.122759576954401 ], [ -111.823573154789003, 33.122790976421904 ], [ -111.823563399506, 33.122894815771097 ], [ -111.818990283974003, 33.122868371516503 ], [ -111.819025105391006, 33.122829793936098 ], [ -111.819015092673993, 33.122829578332301 ], [ -111.819012346391006, 33.122830501072599 ], [ -111.819012337306006, 33.122829522480998 ], [ -111.819011019862003, 33.122687605958298 ], [ -111.81899845849, 33.1213344310097 ], [ -111.814627030599993, 33.121293690054998 ], [ -111.814663765844003, 33.121247591247098 ], [ -111.814674507407005, 33.1212275060075 ] ] ] } },
{ "type": "Feature", "properties": { "OBJECTID": 35, "PROGRAM": "72", "CERTIFICATE": "211277", "CONVEYANCE": "0001", "NAME": "Gila River Indian IDD (Expired)", "EXIST_OR_P": "E", "GSF_OR_USF": "GSF", "AMA": " ", "CRSPNDG_CE": "N/A", "STATUS": "Inactive", "LABEL": "Gila River Indain IDD", "MAXSAVINGS": "56000 (37520 in PHX and 18480 in PIN)", "Shape__Area": 584485.99523925805, "Shape__Length": 3054.82372810161 }, "geometry": { "type": "Polygon", "coordinates": [ [ [ -111.831665001274999, 33.117410380796898 ], [ -111.831662696685001, 33.117568794198 ], [ -111.829020658711997, 33.117566277901801 ], [ -111.823667601403002, 33.117561011847698 ], [ -111.823667342476995, 33.117533272167996 ], [ -111.823662073956996, 33.117533237539497 ], [ -111.823623703230993, 33.110571058355099 ], [ -111.830713490538997, 33.110524001407299 ], [ -111.831721826261003, 33.110554160835299 ], [ -111.831668314677003, 33.117183182699002 ], [ -111.831665001274999, 33.117410380796898 ] ] ] } },
{ "type": "Feature", "properties": { "OBJECTID": 36, "PROGRAM": "72", "CERTIFICATE": "211277", "CONVEYANCE": "0001", "NAME": "Gila River Indian IDD (Expired)", "EXIST_OR_P": "E", "GSF_OR_USF": "GSF", "AMA": " ", "CRSPNDG_CE": "N/A", "STATUS": "Inactive", "LABEL": "Gila River Indain IDD", "MAXSAVINGS": "56000 (37520 in PHX and 18480 in PIN)", "Shape__Area": 536210.72949218797, "Shape__Length": 3032.4524119685002 }, "geometry": { "type": "Polygon", "coordinates": [ [ [ -111.711541680663004, 33.069074168803603 ], [ -111.711517067097006, 33.075256902771301 ], [ -111.708339476296004, 33.075194775542599 ], [ -111.705566201967997, 33.074216571158303 ], [ -111.703275037297004, 33.074056006425401 ], [ -111.703272029282004, 33.073394493288397 ], [ -111.703295770186003, 33.067966481395203 ], [ -111.707862326319997, 33.068027624432297 ], [ -111.707901649693994, 33.0680292539287 ], [ -111.707961593090005, 33.069071582293702 ], [ -111.711499003323993, 33.069073031341297 ], [ -111.711541680663004, 33.069074168803603 ] ] ] } },
{ "type": "Feature", "properties": { "OBJECTID": 37, "PROGRAM": "72", "CERTIFICATE": "211277", "CONVEYANCE": "0001", "NAME": "Gila River Indian IDD (Expired)", "EXIST_OR_P": "E", "GSF_OR_USF": "GSF", "AMA": " ", "CRSPNDG_CE": "N/A", "STATUS": "Inactive", "LABEL": "Gila River Indain IDD", "MAXSAVINGS": "56000 (37520 in PHX and 18480 in PIN)", "Shape__Area": 77439.681396484404, "Shape__Length": 1159.8122093546699 }, "geometry": { "type": "Polygon", "coordinates": [ [ [ -111.720506636574996, 33.072346552510901 ], [ -111.720508812614, 33.072419784913897 ], [ -111.720517608418007, 33.072715540849998 ], [ -111.720522988065994, 33.072896323450799 ], [ -111.720516709476001, 33.072899273183602 ], [ -111.720510162601002, 33.074236072389198 ], [ -111.716587621138004, 33.074258675662598 ], [ -111.716568059956998, 33.074268785823698 ], [ -111.716563696093999, 33.074092459377603 ], [ -111.716521256028003, 33.072378299770101 ], [ -111.720506636574996, 33.072346552510901 ] ] ] } },
{ "type": "Feature", "properties": { "OBJECTID": 38, "PROGRAM": "72", "CERTIFICATE": "211277", "CONVEYANCE": "0001", "NAME": "Gila River Indian IDD (Expired)", "EXIST_OR_P": "E", "GSF_OR_USF": "GSF", "AMA": " ", "CRSPNDG_CE": "N/A", "STATUS": "Inactive", "LABEL": "Gila River Indain IDD", "MAXSAVINGS": "56000 (37520 in PHX and 18480 in PIN)", "Shape__Area": 49.1446533203125, "Shape__Length": 31.213861464917098 }, "geometry": { "type": "Polygon", "coordinates": [ [ [ -111.576198866265003, 33.0613086955575 ], [ -111.576142887985, 33.061326872592403 ], [ -111.576142605678001, 33.0612481879147 ], [ -111.576193257837005, 33.061212245132801 ], [ -111.576198866265003, 33.0613086955575 ] ] ] } },
{ "type": "Feature", "properties": { "OBJECTID": 39, "PROGRAM": "72", "CERTIFICATE": "211277", "CONVEYANCE": "0001", "NAME": "Gila River Indian IDD (Expired)", "EXIST_OR_P": "E", "GSF_OR_USF": "GSF", "AMA": " ", "CRSPNDG_CE": "N/A", "STATUS": "Inactive", "LABEL": "Gila River Indain IDD", "MAXSAVINGS": "56000 (37520 in PHX and 18480 in PIN)", "Shape__Area": 0.0037841796875, "Shape__Length": 1.6481711542995101 }, "geometry": { "type": "Polygon", "coordinates": [ [ [ -111.871247536647999, 33.136090128770803 ], [ -111.871247505664002, 33.136097517974399 ], [ -111.871247437977999, 33.136090124950996 ], [ -111.871247536647999, 33.136090128770803 ] ] ] } },
{ "type": "Feature", "properties": { "OBJECTID": 40, "PROGRAM": "72", "CERTIFICATE": "211277", "CONVEYANCE": "0001", "NAME": "Gila River Indian IDD (Expired)", "EXIST_OR_P": "E", "GSF_OR_USF": "GSF", "AMA": " ", "CRSPNDG_CE": "N/A", "STATUS": "Inactive", "LABEL": "Gila River Indain IDD", "MAXSAVINGS": "56000 (37520 in PHX and 18480 in PIN)", "Shape__Area": 33994305.1640625, "Shape__Length": 57196.851187581698 }, "geometry": { "type": "Polygon", "coordinates": [ [ [ -111.752433084439005, 33.103151726330303 ], [ -111.753044015913005, 33.103148036736002 ], [ -111.754122319253995, 33.104525400760103 ], [ -111.756002477878994, 33.1061223152061 ], [ -111.757841468962994, 33.108093468124601 ], [ -111.760658232481006, 33.1100586286246 ], [ -111.764901463019996, 33.1125012065189 ], [ -111.768071131626002, 33.1141274104871 ], [ -111.774099389968995, 33.1173441006204 ], [ -111.777128822956996, 33.118148092573797 ], [ -111.780379206823994, 33.118801021435601 ], [ -111.780340058944006, 33.119399698708698 ], [ -111.780322922387001, 33.119398697480598 ], [ -111.780289696997997, 33.120794290516301 ], [ -111.783777100441, 33.120848123338597 ], [ -111.784864891628004, 33.122009857819201 ], [ -111.78414442978, 33.122003698098602 ], [ -111.780794134125003, 33.121974989584601 ], [ -111.780766133322999, 33.122418426338001 ], [ -111.780776073465006, 33.122639985669402 ], [ -111.784870806103996, 33.122674702309197 ], [ -111.784860146537994, 33.123810311773802 ], [ -111.784897575138004, 33.125503410432998 ], [ -111.784948627334998, 33.125891208620303 ], [ -111.788826757142999, 33.125955657418402 ], [ -111.788838958271, 33.125966206456901 ], [ -111.789230045468003, 33.1259637298024 ], [ -111.792039826232994, 33.128733629390702 ], [ -111.795934824618001, 33.1321008346073 ], [ -111.795967405281999, 33.132100626453997 ], [ -111.797484533122997, 33.133381278123899 ], [ -111.797365666066, 33.1340140098566 ], [ -111.798937820258999, 33.134921411974503 ], [ -111.801125984250007, 33.134681999447402 ], [ -111.801829554538998, 33.134227424291502 ], [ -111.806429613450007, 33.134185295654099 ], [ -111.806440460356995, 33.135371415897701 ], [ -111.810953737996996, 33.135374708338098 ], [ -111.810993933893997, 33.136384481177899 ], [ -111.811019850597006, 33.136384127550102 ], [ -111.811020785758998, 33.136400478897201 ], [ -111.811047039672005, 33.136383752103399 ], [ -111.811402020212, 33.136378896016801 ], [ -111.814719435621996, 33.136370858051698 ], [ -111.814797731978999, 33.137911790171998 ], [ -111.814813585609002, 33.138223678985298 ], [ -111.814974234236004, 33.138222628095903 ], [ -111.818173294131995, 33.138201658176499 ], [ -111.818569869871993, 33.138780703170397 ], [ -111.818573100910996, 33.138840833215397 ], [ -111.818690312365007, 33.141022092304198 ], [ -111.818690378531997, 33.141023329386201 ], [ -111.818692420077994, 33.141022078451599 ], [ -111.818881463438998, 33.1410208358554 ], [ -111.819602758748999, 33.141016092091 ], [ -111.823709914464004, 33.140989000832 ], [ -111.823724739008, 33.142575638291099 ], [ -111.823738964230003, 33.142571134442797 ], [ -111.823739288149, 33.142605800784999 ], [ -111.825306815627002, 33.143599517229703 ], [ -111.827450190818993, 33.145289472043203 ], [ -111.828874869716003, 33.146570660623603 ], [ -111.828848362491996, 33.146646833212003 ], [ -111.829688866845004, 33.147354756277899 ], [ -111.831697205078996, 33.148899393716903 ], [ -111.834649620033005, 33.1500777839073 ], [ -111.837571474300006, 33.151082981172699 ], [ -111.839276912966994, 33.152250308428101 ], [ -111.840645289001998, 33.153011331640897 ], [ -111.841011937697004, 33.153171930922298 ], [ -111.841030060687004, 33.153167342855397 ], [ -111.842282851388006, 33.154120405761098 ], [ -111.845178255914007, 33.154779473866 ], [ -111.845151154253003, 33.154872597369703 ], [ -111.845155189904006, 33.155293353391798 ], [ -111.849080605517003, 33.155189290204802 ], [ -111.849435318318996, 33.153672375227003 ], [ -111.850120963869003, 33.1537026367415 ], [ -111.850268052480004, 33.153709128047502 ], [ -111.851011073707994, 33.153741912623197 ], [ -111.851019878759004, 33.153762274081302 ], [ -111.853196012539001, 33.1539160707013 ], [ -111.853208827415997, 33.153967770714601 ], [ -111.853346821285001, 33.163784975674098 ], [ -111.850030000903004, 33.163781324698199 ], [ -111.850028270889993, 33.163774413856999 ], [ -111.850010184387997, 33.163785847171702 ], [ -111.849533250324995, 33.163829251445598 ], [ -111.849384088278001, 33.161200782129299 ], [ -111.849356910463001, 33.1610921974967 ], [ -111.844973128817998, 33.161084775124699 ], [ -111.845051821840002, 33.164421818881102 ], [ -111.843572114945005, 33.164431851930502 ], [ -111.843568557135995, 33.164387112839002 ], [ -111.823796089110004, 33.1646717406364 ], [ -111.823796283540005, 33.164639094119501 ], [ -111.823794685142005, 33.164639617016498 ], [ -111.823794135502993, 33.163639170035097 ], [ -111.823794122617997, 33.163608436172701 ], [ -111.823647697897002, 33.163609404766802 ], [ -111.823638807790999, 33.163607598281502 ], [ -111.823610855634996, 33.163601917609 ], [ -111.823597134308997, 33.163607799953503 ], [ -111.819553596191, 33.163627361535298 ], [ -111.819562580807997, 33.164593021032204 ], [ -111.819573477559004, 33.164606364413302 ], [ -111.819562704679001, 33.164606334295797 ], [ -111.818872832512, 33.164604601447401 ], [ -111.815399248204997, 33.164595812085501 ], [ -111.815375809477004, 33.164501086589198 ], [ -111.815365640002, 33.1642988469155 ], [ -111.815359103381994, 33.164298598377997 ], [ -111.815261788564996, 33.162821879712801 ], [ -111.815248029684, 33.162613087154 ], [ -111.810500707621998, 33.162564228891299 ], [ -111.810474102894005, 33.162563954669103 ], [ -111.810499852703003, 33.162531570229 ], [ -111.810474423838997, 33.161560502117801 ], [ -111.810461220275002, 33.161056330004897 ], [ -111.810459698312997, 33.160998253422903 ], [ -111.810287479761001, 33.1610568932796 ], [ -111.806495091876002, 33.1610690519733 ], [ -111.806462195533996, 33.153713037534999 ], [ -111.806456552461995, 33.153719063219697 ], [ -111.806443250260998, 33.153719149354998 ], [ -111.806440171209999, 33.153726479836301 ], [ -111.804936396605001, 33.153728897447699 ], [ -111.797820092365995, 33.153740084084497 ], [ -111.797720488105995, 33.150437583816398 ], [ -111.797689923063004, 33.150435433525402 ], [ -111.797676236957003, 33.150445177784498 ], [ -111.793056806999004, 33.1504022743148 ], [ -111.793047539819, 33.150108822333202 ], [ -111.792937302073, 33.146617217965201 ], [ -111.792921045495007, 33.146607249025003 ], [ -111.792934857128003, 33.146589533671701 ], [ -111.792895900109002, 33.144583862415999 ], [ -111.792916629543996, 33.144563202251803 ], [ -111.789251495567996, 33.1445864794999 ], [ -111.789269419153001, 33.146588269365502 ], [ -111.789262793093002, 33.146588296920399 ], [ -111.789262774825005, 33.146596674645302 ], [ -111.789265337184005, 33.1465996412633 ], [ -111.784823692396998, 33.146627706935497 ], [ -111.784876904753006, 33.152603190812101 ], [ -111.784140251251003, 33.152661286008097 ], [ -111.784138230596994, 33.152705702383003 ], [ -111.780807040425003, 33.152905473280498 ], [ -111.781813944804995, 33.155463580549302 ], [ -111.781792809726994, 33.155484906180597 ], [ -111.784902554705994, 33.155519276485997 ], [ -111.784912394255997, 33.155511317627699 ], [ -111.784912466115003, 33.155519384494198 ], [ -111.784935356906999, 33.158088959619697 ], [ -111.785764031986005, 33.1580837337887 ], [ -111.789203821076995, 33.158061982670901 ], [ -111.789146453890993, 33.158137012142902 ], [ -111.789237514237996, 33.158138443793703 ], [ -111.789235134110996, 33.159225952189303 ], [ -111.789197065360995, 33.159256289821101 ], [ -111.789727612270994, 33.159274169915001 ], [ -111.790846220329001, 33.159311862642603 ], [ -111.790847092998007, 33.159339312472397 ], [ -111.790921711855006, 33.159342052336598 ], [ -111.790950972380998, 33.162601162522101 ], [ -111.791109049057994, 33.162604010726099 ], [ -111.793598785222002, 33.162648854770403 ], [ -111.793599016282002, 33.162872583863702 ], [ -111.793599534717004, 33.163379974582 ], [ -111.793603735176006, 33.1674570848838 ], [ -111.793028217777007, 33.167460751581501 ], [ -111.79302012174, 33.167456231013297 ], [ -111.789153076592001, 33.167485371360797 ], [ -111.789114996782004, 33.1674689044331 ], [ -111.773704276857003, 33.167361852607499 ], [ -111.773682225830996, 33.1673844480325 ], [ -111.769997575616003, 33.167329823002298 ], [ -111.769993287568994, 33.1668393334255 ], [ -111.769974633051007, 33.166835403394899 ], [ -111.769876511088, 33.161126862126601 ], [ -111.767516247451994, 33.161136406605799 ], [ -111.767514016879005, 33.161050490346398 ], [ -111.767842784842998, 33.157452325984202 ], [ -111.766659902336002, 33.156202451030701 ], [ -111.766270411430995, 33.155104037723802 ], [ -111.766299405192996, 33.153894291246999 ], [ -111.766257075005001, 33.152947853731803 ], [ -111.76614704635, 33.152736183049797 ], [ -111.766129877024994, 33.152703157922701 ], [ -111.765651992909994, 33.151783814253797 ], [ -111.765081777739994, 33.150686816422599 ], [ -111.764719777422997, 33.149990368485803 ], [ -111.763596050529998, 33.147828382121297 ], [ -111.762999843689002, 33.146681278028403 ], [ -111.762949995808, 33.146585364196099 ], [ -111.763037885778004, 33.146523191422297 ], [ -111.763039678487999, 33.145946977503698 ], [ -111.763048948643004, 33.142968571166001 ], [ -111.763387199392994, 33.142969371490601 ], [ -111.767347551399993, 33.142978690708802 ], [ -111.767316018813005, 33.141177848150598 ], [ -111.767290120233994, 33.139698805802198 ], [ -111.767298167937, 33.139367679953402 ], [ -111.765861042332006, 33.139371420240998 ], [ -111.763176056676002, 33.139378367279399 ], [ -111.763174244821002, 33.139378372967798 ], [ -111.763068501657997, 33.139378647327497 ], [ -111.763062870317, 33.140790071319898 ], [ -111.763065729120996, 33.141120376987097 ], [ -111.761245382576007, 33.141131514595301 ], [ -111.759440332802995, 33.141142532343501 ], [ -111.758746867322003, 33.141146758195902 ], [ -111.758720494651996, 33.140155943427899 ], [ -111.758742488929997, 33.140132187364301 ], [ -111.758738081103999, 33.140125804702301 ], [ -111.758220537876994, 33.140128955915202 ], [ -111.758217588392995, 33.140090430217803 ], [ -111.757773671885005, 33.140074917611003 ], [ -111.757769575273997, 33.139598269242001 ], [ -111.757764943012006, 33.139059283345503 ], [ -111.757056240924001, 33.139084156709998 ], [ -111.756514922533995, 33.139103151552597 ], [ -111.756537277218001, 33.137676768440897 ], [ -111.756542782566996, 33.137325523250098 ], [ -111.754821801017002, 33.137237286455402 ], [ -111.754813150423004, 33.135679006666201 ], [ -111.754811545410007, 33.135389544546797 ], [ -111.752863146232997, 33.133826376116303 ], [ -111.751789664043002, 33.132965099251599 ], [ -111.750848734963, 33.1322101512065 ], [ -111.750805074564994, 33.1321751177612 ], [ -111.750667268431997, 33.132031038477599 ], [ -111.750285575606, 33.131631958702002 ], [ -111.750321801246997, 33.126972160678001 ], [ -111.750326749525001, 33.126335593287699 ], [ -111.748744204456997, 33.126373450304499 ], [ -111.748300937894001, 33.1263840525719 ], [ -111.748347777603996, 33.125035201914102 ], [ -111.748370233459994, 33.124388521574602 ], [ -111.746031275885002, 33.124468172042803 ], [ -111.746000595889996, 33.119465674452599 ], [ -111.746003317287006, 33.119465658160301 ], [ -111.745998494069994, 33.118895161451398 ], [ -111.746038887305005, 33.118888731073497 ], [ -111.746029007866994, 33.1185076418435 ], [ -111.745987278713002, 33.116898555058903 ], [ -111.745974934033995, 33.1164224242399 ], [ -111.742828945693006, 33.116513764230703 ], [ -111.741146357713006, 33.116342407826302 ], [ -111.739679300833998, 33.116169749503101 ], [ -111.738253832390001, 33.115815457888402 ], [ -111.737476447971005, 33.1156386858312 ], [ -111.736786790351005, 33.115642765287703 ], [ -111.735927586467, 33.115939217852798 ], [ -111.734367407483006, 33.116367425505501 ], [ -111.732419690936993, 33.116692140818898 ], [ -111.731034068203996, 33.116706234722301 ], [ -111.729438486077996, 33.116804420074097 ], [ -111.729161421979001, 33.117589402986098 ], [ -111.726756479806994, 33.117593675371197 ], [ -111.726752303238996, 33.117507579389397 ], [ -111.726693061429998, 33.116286851109102 ], [ -111.726655890185, 33.115520876432903 ], [ -111.724721950976004, 33.115594752003901 ], [ -111.724415089307996, 33.115606469845503 ], [ -111.724389163728006, 33.115110164178603 ], [ -111.724363946189996, 33.114627343640699 ], [ -111.722964243636, 33.114609868689897 ], [ -111.722380890962, 33.114602583724 ], [ -111.722371116852997, 33.1134084386388 ], [ -111.722366640057999, 33.1128614657068 ], [ -111.720439412451995, 33.112904432453298 ], [ -111.720435522862999, 33.112427921392801 ], [ -111.720435466843995, 33.112421058454302 ], [ -111.720423338347004, 33.112420939148997 ], [ -111.720418735652004, 33.111857041701398 ], [ -111.718330620215994, 33.1118690950331 ], [ -111.717961917992994, 33.111871219676701 ], [ -111.717954189886001, 33.110921138103102 ], [ -111.717948345824993, 33.110202648528698 ], [ -111.716359426547001, 33.110238544899303 ], [ -111.715793573873995, 33.110251319387103 ], [ -111.715784003688995, 33.109071131242104 ], [ -111.715777984671007, 33.108328835000599 ], [ -111.714047113684998, 33.108427992510101 ], [ -111.713666945105999, 33.108449764941597 ], [ -111.713629491296999, 33.107239200531502 ], [ -111.713608596393001, 33.106563800606203 ], [ -111.709833049387996, 33.1066162152595 ], [ -111.709169631568003, 33.106625413759801 ], [ -111.709207353040995, 33.105646913936901 ], [ -111.709240965765005, 33.104774979146598 ], [ -111.707472671768002, 33.104821328799403 ], [ -111.707177950848006, 33.0947385043252 ], [ -111.711572355309997, 33.094568397895799 ], [ -111.711666431262003, 33.095547288563203 ], [ -111.713993810369004, 33.095570255230498 ], [ -111.716120429919997, 33.097408081225801 ], [ -111.716010109305998, 33.097414321767097 ], [ -111.716077627344006, 33.097444603560099 ], [ -111.716121606486993, 33.097553174821897 ], [ -111.715039595153002, 33.097549997397998 ], [ -111.711941080342001, 33.0975408498389 ], [ -111.711859566070999, 33.098121714278903 ], [ -111.714837935746004, 33.098210195918902 ], [ -111.715824641965, 33.098135283733001 ], [ -111.716306637773997, 33.099111940718501 ], [ -111.728373169145001, 33.099005739521303 ], [ -111.728592494986003, 33.099567828679596 ], [ -111.728925077173997, 33.1004201318597 ], [ -111.728985352894, 33.100574610181802 ], [ -111.729765122380996, 33.100557425689999 ], [ -111.731228898265996, 33.100367471530198 ], [ -111.733509693971996, 33.099955043048901 ], [ -111.737726747752006, 33.099168382680801 ], [ -111.737702742615994, 33.1014538476295 ], [ -111.737688632136994, 33.101458753195203 ], [ -111.737681691454995, 33.103045428366599 ], [ -111.737689361573004, 33.103045428972599 ], [ -111.737737426677, 33.103094508740803 ], [ -111.741164269798006, 33.103074178425103 ], [ -111.745578377068995, 33.103042351804397 ], [ -111.745583373743003, 33.103634056583303 ], [ -111.750328398126001, 33.103558591733403 ], [ -111.750340610950005, 33.103052880697597 ], [ -111.750579139202003, 33.103058741630598 ], [ -111.750710947165004, 33.103063586168098 ], [ -111.750707948319004, 33.103133007067001 ], [ -111.752428909374999, 33.103137042760899 ], [ -111.752433084439005, 33.103151726330303 ] ], [ [ -111.773872718817003, 33.1481465581235 ], [ -111.776354136850998, 33.148131116010099 ], [ -111.776315030042994, 33.145791466748399 ], [ -111.776321898386996, 33.145784135916202 ], [ -111.776144768625997, 33.145789894901498 ], [ -111.776108463778996, 33.145785286487097 ], [ -111.773693148662005, 33.145800312575098 ], [ -111.773693403661994, 33.1458024901833 ], [ -111.773323298269005, 33.145813738917198 ], [ -111.773317975056003, 33.145813896440004 ], [ -111.773260024707994, 33.145815660597499 ], [ -111.773302591836995, 33.1475590078309 ], [ -111.773316969481002, 33.1481478306398 ], [ -111.773871146095999, 33.148144388703699 ], [ -111.773872718817003, 33.1481465581235 ] ], [ [ -111.776362002932004, 33.151180479338997 ], [ -111.776344808204001, 33.152630084867504 ], [ -111.780254890313998, 33.152614041464197 ], [ -111.780225322229001, 33.151156337747899 ], [ -111.780103877800002, 33.151157098469398 ], [ -111.776362002932004, 33.151180479338997 ] ], [ [ -111.767427084535996, 33.1494109484521 ], [ -111.767446201688998, 33.146653961622299 ], [ -111.763962215521005, 33.146675379112502 ], [ -111.767427084535996, 33.1494109484521 ] ], [ [ -111.772133189800002, 33.150070351058297 ], [ -111.772129700674, 33.149672088540797 ], [ -111.772125569558995, 33.149200536631398 ], [ -111.767770462550004, 33.149227458705099 ], [ -111.767767779292996, 33.149300026289403 ], [ -111.767754177734005, 33.149667696363501 ], [ -111.767777098216996, 33.149989187034997 ], [ -111.767756922808999, 33.150023189898803 ], [ -111.772133189800002, 33.150070351058297 ] ], [ [ -111.772050033886998, 33.135337943327599 ], [ -111.772048137593998, 33.134842398114898 ], [ -111.772034679376006, 33.134841858246098 ], [ -111.772030580488007, 33.134843901388301 ], [ -111.767532050157996, 33.134851092105897 ], [ -111.767531494725006, 33.134852189636398 ], [ -111.767553537140003, 33.135338896023299 ], [ -111.772050033886998, 33.135337943327599 ] ], [ [ -111.758980031796, 33.134381347297001 ], [ -111.758983779662998, 33.133878590607701 ], [ -111.755100108186994, 33.133867974447398 ], [ -111.754828908334005, 33.133872458273601 ], [ -111.754833115595005, 33.134363995728201 ], [ -111.758980031796, 33.134381347297001 ] ] ] } },
{ "type": "Feature", "properties": { "OBJECTID": 41, "PROGRAM": "72", "CERTIFICATE": "534888", "CONVEYANCE": "0007", "NAME": "New Magma Irrigation & Drainage District", "EXIST_OR_P": "E", "GSF_OR_USF": "GSF", "AMA": "Phoenix", "CRSPNDG_CE": "57.002511.0000", "STATUS": "Active", "LABEL": "New Magma IDD", "MAXSAVINGS": "59506", "Shape__Area": 1475007.8627929699, "Shape__Length": 5519.8784145895197 }, "geometry": { "type": "Polygon", "coordinates": [ [ [ -111.490861745276007, 33.118258261069897 ], [ -111.488761057087004, 33.118301203760701 ], [ -111.488713161766, 33.118302236784601 ], [ -111.487775018110995, 33.118321421540799 ], [ -111.48654917927, 33.117076942984497 ], [ -111.486047265254996, 33.116567297183401 ], [ -111.484375164883005, 33.114870433842803 ], [ -111.484374473116006, 33.114805323263496 ], [ -111.484312174164003, 33.114806410568796 ], [ -111.482570081890003, 33.113037914895102 ], [ -111.482206985356996, 33.112669219873602 ], [ -111.480821316519993, 33.1112626546782 ], [ -111.480043286319997, 33.110472738346203 ], [ -111.479065889588, 33.109480632290897 ], [ -111.477885427456002, 33.108281834887897 ], [ -111.477303123183006, 33.107691002150503 ], [ -111.475733494619007, 33.1061768433959 ], [ -111.475440245173999, 33.105894116949898 ], [ -111.473569371362004, 33.104089904539897 ], [ -111.473756248361994, 33.104089471296497 ], [ -111.475698742231998, 33.104085724273503 ], [ -111.477844508542006, 33.104077500282898 ], [ -111.479973861892006, 33.104069302555303 ], [ -111.482102880005996, 33.104061069746201 ], [ -111.484232227337998, 33.104052799291601 ], [ -111.486361578086004, 33.104044492445702 ], [ -111.488490593587002, 33.104036150535798 ], [ -111.490603530531999, 33.104027836448601 ], [ -111.490635885803002, 33.105806923366799 ], [ -111.490667908443001, 33.107586007466097 ], [ -111.490700265692993, 33.109364811909302 ], [ -111.490732296174997, 33.111143899447598 ], [ -111.490764656967997, 33.112922702836499 ], [ -111.490797019511007, 33.114701501188399 ], [ -111.490829382287998, 33.116480022102799 ], [ -111.490861745276007, 33.118258261069897 ] ] ] } },
{ "type": "Feature", "properties": { "OBJECTID": 42, "PROGRAM": "72", "CERTIFICATE": "534489", "CONVEYANCE": "0005", "NAME": "Hohokam Irrigation District", "EXIST_OR_P": "E", "GSF_OR_USF": "GSF", "AMA": "Pinal", "CRSPNDG_CE": "57.001102.0000", "STATUS": "Active", "LABEL": "Hohokam ID", "MAXSAVINGS": "82000", "Shape__Area": 1293387.0257568399, "Shape__Length": 4825.0439670309097 }, "geometry": { "type": "Polygon", "coordinates": [ [ [ -111.593061021322001, 32.894280442826897 ], [ -111.595966946607007, 32.894238965219898 ], [ -111.596314461511, 32.894242943483697 ], [ -111.597229378642993, 32.894256603331499 ], [ -111.597533469075003, 32.894261912237198 ], [ -111.601665420992006, 32.894289403734703 ], [ -111.601606010588, 32.898050686682502 ], [ -111.601549178707998, 32.901601098781299 ], [ -111.601431825280997, 32.908848521043701 ], [ -111.592930760784, 32.908811432422198 ], [ -111.592972792685998, 32.901589748484199 ], [ -111.593061021322001, 32.894280442826897 ] ] ] } },
{ "type": "Feature", "properties": { "OBJECTID": 43, "PROGRAM": "72", "CERTIFICATE": "531382", "CONVEYANCE": "0006", "NAME": "Central Arizona Irrigation and Drainage District", "EXIST_OR_P": "E", "GSF_OR_USF": "GSF", "AMA": "Pinal", "CRSPNDG_CE": "57.001101.0000", "STATUS": "Active", "LABEL": "Central Arizona IDD", "MAXSAVINGS": "110000", "Shape__Area": 1323136.2869873, "Shape__Length": 4853.1821308952603 }, "geometry": { "type": "Polygon", "coordinates": [ [ [ -111.654884395492999, 32.733919673070503 ], [ -111.646241998942003, 32.733986089578799 ], [ -111.646177096664999, 32.724992920515596 ], [ -111.646313808220995, 32.719445123010601 ], [ -111.655109893249005, 32.719426397957101 ], [ -111.654884395492999, 32.733919673070503 ] ] ] } },
{ "type": "Feature", "properties": { "OBJECTID": 44, "PROGRAM": "72", "CERTIFICATE": "216383", "CONVEYANCE": "0001", "NAME": "Avra Valley IDD / Herb Kai-Avra Facility", "EXIST_OR_P": "E", "GSF_OR_USF": "GSF", "AMA": "Tucson", "CRSPNDG_CE": "58.109179.0008", "STATUS": "Active", "LABEL": "Avra Valley IDD / Herb Kai Avra", "MAXSAVINGS": "9709.46", "Shape__Area": 533179.01770019496, "Shape__Length": 2838.1322390643099 }, "geometry": { "type": "Polygon", "coordinates": [ [ [ -111.272064308902003, 32.416927668898502 ], [ -111.274306821281002, 32.416389093539102 ], [ -111.277083257761007, 32.416557630920899 ], [ -111.278555508639002, 32.417095046402103 ], [ -111.279990606677003, 32.417584120430597 ], [ -111.280945129545998, 32.418222508001101 ], [ -111.280909449120998, 32.422255073236599 ], [ -111.273483435339003, 32.422264664027701 ], [ -111.269982270596003, 32.4185895427199 ], [ -111.270363271172002, 32.417885763382202 ], [ -111.270973043905997, 32.417529950215297 ], [ -111.272064308902003, 32.416927668898502 ] ] ] } },
{ "type": "Feature", "properties": { "OBJECTID": 45, "PROGRAM": "72", "CERTIFICATE": "558246", "CONVEYANCE": "0007", "NAME": "Maricopa Water District", "EXIST_OR_P": "E", "GSF_OR_USF": "GSF", "AMA": "Phoenix", "CRSPNDG_CE": "57.002508.0000", "STATUS": "Active", "LABEL": "Maricopa Water District", "MAXSAVINGS": "40000", "Shape__Area": 334603.49243164097, "Shape__Length": 2778.4468857388501 }, "geometry": { "type": "Polygon", "coordinates": [ [ [ -112.350456503957005, 33.638630792295501 ], [ -112.350827933812994, 33.638623770218402 ], [ -112.352946698441002, 33.638583689985197 ], [ -112.357265709537998, 33.638544803778501 ], [ -112.359399694895998, 33.638531919707603 ], [ -112.359520421729002, 33.645723200652498 ], [ -112.357250401574007, 33.644006544201098 ], [ -112.354249667012994, 33.641630493570297 ], [ -112.352959559878002, 33.640610749868003 ], [ -112.351228229135003, 33.639242957550103 ], [ -112.350456503957005, 33.638630792295501 ] ] ] } },
{ "type": "Feature", "properties": { "OBJECTID": 46, "PROGRAM": "72", "CERTIFICATE": "558246", "CONVEYANCE": "0007", "NAME": "Maricopa Water District", "EXIST_OR_P": "E", "GSF_OR_USF": "GSF", "AMA": "Phoenix", "CRSPNDG_CE": "57.002508.0000", "STATUS": "Active", "LABEL": "Maricopa Water District", "MAXSAVINGS": "40000", "Shape__Area": 730100.40722656297, "Shape__Length": 3684.2826327357202 }, "geometry": { "type": "Polygon", "coordinates": [ [ [ -112.350456503957005, 33.638630792295501 ], [ -112.348630814944997, 33.637182517943003 ], [ -112.347425652227003, 33.636239881987798 ], [ -112.344964733748, 33.634308677554699 ], [ -112.343636365986001, 33.633247299007103 ], [ -112.342148531774995, 33.632066820353401 ], [ -112.342127746998003, 33.627544470481297 ], [ -112.342126541682006, 33.627282072187597 ], [ -112.343864699129, 33.627277952127699 ], [ -112.348618621387004, 33.627286751961599 ], [ -112.350789157866998, 33.627301649429 ], [ -112.350793122916002, 33.6337128920335 ], [ -112.350827933812994, 33.638623770218402 ], [ -112.350456503957005, 33.638630792295501 ] ] ] } },
{ "type": "Feature", "properties": { "OBJECTID": 47, "PROGRAM": "72", "CERTIFICATE": "545695", "CONVEYANCE": "0007", "NAME": "Roosevelt Water Conservation District", "EXIST_OR_P": "E", "GSF_OR_USF": "GSF", "AMA": "Phoenix", "CRSPNDG_CE": "57.002518.0000", "STATUS": "Active", "LABEL": "Roosevelt Conservation District", "MAXSAVINGS": "85000", "Shape__Area": 169286320.88916001, "Shape__Length": 83205.459906204793 }, "geometry": { "type": "Polygon", "coordinates": [ [ [ -111.789253662204999, 33.459584506620402 ], [ -111.787003678253996, 33.461985904890703 ], [ -111.786194618984993, 33.462771218696602 ], [ -111.786144617096994, 33.462819732612601 ], [ -111.785473820668003, 33.463127541564099 ], [ -111.785029412274, 33.463331604953503 ], [ -111.783351200648994, 33.464211183459703 ], [ -111.783350889198005, 33.464251208892598 ], [ -111.782675498976005, 33.4646111773312 ], [ -111.782534931428003, 33.4646861913671 ], [ -111.781313828519998, 33.4653565379638 ], [ -111.781230179445004, 33.465403854054301 ], [ -111.779778383728996, 33.466226996061103 ], [ -111.779268525527996, 33.466448642453102 ], [ -111.779109400880003, 33.466517571173199 ], [ -111.777687681103004, 33.467135589593603 ], [ -111.776987185200994, 33.467287957759297 ], [ -111.775967819789997, 33.467509960162801 ], [ -111.774865331626998, 33.4678767883427 ], [ -111.774019012005994, 33.468158295044397 ], [ -111.773687719552996, 33.468268033844602 ], [ -111.772741452901997, 33.468581441156999 ], [ -111.772487952648007, 33.468665608008997 ], [ -111.770870513728994, 33.469142711265199 ], [ -111.770608713502995, 33.469201558915003 ], [ -111.768433755581, 33.469689709387801 ], [ -111.768333730875995, 33.4697120291465 ], [ -111.766858471006998, 33.470070386908901 ], [ -111.766439314729993, 33.4701719129067 ], [ -111.766251836479, 33.470231132426697 ], [ -111.764160376936999, 33.4708892133131 ], [ -111.764066997103001, 33.470940807071798 ], [ -111.762383153792996, 33.471870871310699 ], [ -111.762276052950995, 33.471930158673104 ], [ -111.761874727833998, 33.472072986567902 ], [ -111.759686371960996, 33.4728513806199 ], [ -111.759299456601994, 33.472989042110299 ], [ -111.757941030652006, 33.473526963407203 ], [ -111.757571353375994, 33.4736749450351 ], [ -111.757495273998003, 33.473705565404003 ], [ -111.755433041524, 33.474532155904797 ], [ -111.755302963028001, 33.474579737580399 ], [ -111.753104944453, 33.475382872838701 ], [ -111.752831363569001, 33.475482904727301 ], [ -111.752804540373006, 33.475492649836902 ], [ -111.751064295331005, 33.476070020496699 ], [ -111.750923420036997, 33.476153737848598 ], [ -111.750247822708005, 33.476554405091299 ], [ -111.750117119075, 33.4755951929044 ], [ -111.750083839458995, 33.475479835256998 ], [ -111.749818619512993, 33.474560333538001 ], [ -111.749552146286007, 33.473729341385997 ], [ -111.749507821538998, 33.473659712781298 ], [ -111.749144356640002, 33.473085512591602 ], [ -111.748811452566997, 33.4728183513663 ], [ -111.748355280571005, 33.472452441528702 ], [ -111.747776247792004, 33.471839233459598 ], [ -111.746816757147002, 33.4708232932459 ], [ -111.746682337535006, 33.470561131803301 ], [ -111.746403927778999, 33.470018822759499 ], [ -111.745752032344996, 33.468748757661601 ], [ -111.745531070175005, 33.468198495628599 ], [ -111.745248255640007, 33.467493863682797 ], [ -111.744712053331, 33.4663769884705 ], [ -111.744708285425006, 33.466369400535598 ], [ -111.744592979005006, 33.466099228835098 ], [ -111.744102950986999, 33.464953608917 ], [ -111.744132932556994, 33.464566442396297 ], [ -111.744165060076995, 33.464155018804199 ], [ -111.743638255855998, 33.462757071216203 ], [ -111.743461400593006, 33.462287713933797 ], [ -111.742978822514999, 33.460947277868001 ], [ -111.742825893895002, 33.460522874049303 ], [ -111.742534057651994, 33.459701034574898 ], [ -111.742333878682004, 33.459137392617002 ], [ -111.742240844730006, 33.4588746955041 ], [ -111.741909734336005, 33.457664975805002 ], [ -111.741787818025003, 33.4573271930903 ], [ -111.741341143360003, 33.456089698472702 ], [ -111.741290876058997, 33.455517265012702 ], [ -111.741265576939, 33.455231612505699 ], [ -111.740865981200997, 33.453992420800603 ], [ -111.740777811859999, 33.453707144672997 ], [ -111.740503269328002, 33.452818115711999 ], [ -111.740433428784996, 33.452592766697101 ], [ -111.740187072843995, 33.451893822461699 ], [ -111.739898685447002, 33.451075903354202 ], [ -111.739618126641005, 33.450070498571698 ], [ -111.739418727724001, 33.4493563334348 ], [ -111.738834684761997, 33.448245915168499 ], [ -111.738742420766997, 33.448070586868702 ], [ -111.738424013964007, 33.447476072554203 ], [ -111.738116544971007, 33.4469015072508 ], [ -111.737900652947005, 33.446421095735602 ], [ -111.737611426141001, 33.445777081748503 ], [ -111.737145515405999, 33.444595491021097 ], [ -111.737024570249005, 33.444288701184298 ], [ -111.736513973208005, 33.443585962839101 ], [ -111.736338933178999, 33.443401541906198 ], [ -111.735738839329002, 33.442769796877101 ], [ -111.735454574070999, 33.442470176917098 ], [ -111.734448925443004, 33.440947904938596 ], [ -111.734333472675004, 33.440772710360498 ], [ -111.734193438006002, 33.4405119746568 ], [ -111.733451224557996, 33.439127937139602 ], [ -111.733369252089005, 33.438975369984199 ], [ -111.732574953341995, 33.437470155283499 ], [ -111.732494256592005, 33.437309128722603 ], [ -111.732072989111998, 33.436466038817301 ], [ -111.732034690372998, 33.436389038516303 ], [ -111.731588209291999, 33.435504381513503 ], [ -111.731106174725994, 33.434548345768903 ], [ -111.730538983848007, 33.4336987864015 ], [ -111.730324506714993, 33.433377601171699 ], [ -111.729941918937001, 33.432692685123399 ], [ -111.729613951274999, 33.432105812726903 ], [ -111.729484751084001, 33.431891796759501 ], [ -111.728732398503993, 33.430643356473801 ], [ -111.728411391424004, 33.430083501694 ], [ -111.727868658285999, 33.429137389881603 ], [ -111.727806533423006, 33.429023880950098 ], [ -111.727396894701002, 33.428274287568001 ], [ -111.727141222089003, 33.4278073370754 ], [ -111.726479236570995, 33.426463652028303 ], [ -111.726061738403999, 33.425616009390303 ], [ -111.725686589196997, 33.425007979555801 ], [ -111.725466478689995, 33.424651588062403 ], [ -111.724942433747998, 33.423802312212899 ], [ -111.724530040256994, 33.422836539261297 ], [ -111.724337391947998, 33.4223864071419 ], [ -111.723542703282007, 33.421080681198198 ], [ -111.723510330809006, 33.421027320444999 ], [ -111.723456146467001, 33.420938283153902 ], [ -111.722760568873994, 33.419826459903902 ], [ -111.722167677163, 33.419219972883504 ], [ -111.721683943285001, 33.4187250232835 ], [ -111.721398112055994, 33.4183836638624 ], [ -111.720627196349994, 33.417464211515501 ], [ -111.720590154503, 33.417415101799598 ], [ -111.719384505977004, 33.415823112755199 ], [ -111.719252082604001, 33.415659554430398 ], [ -111.719214391048993, 33.4156129843266 ], [ -111.717759708144001, 33.413812719723801 ], [ -111.717595370935996, 33.413609888372697 ], [ -111.717108302295998, 33.413110996017402 ], [ -111.716074868342005, 33.412052944657397 ], [ -111.716041269326993, 33.412012833134398 ], [ -111.714961551800997, 33.410717431213598 ], [ -111.714779621277003, 33.410498913190402 ], [ -111.714549744099003, 33.410211896408597 ], [ -111.713416675177996, 33.408798405640098 ], [ -111.713073436409005, 33.4084153603578 ], [ -111.712818043057993, 33.408130458501198 ], [ -111.712154306561004, 33.407389876312301 ], [ -111.711412501477994, 33.406595624586103 ], [ -111.711180947509007, 33.406347508392898 ], [ -111.710655104527007, 33.405864595035702 ], [ -111.710428245223994, 33.405656469176797 ], [ -111.709927788760993, 33.404782468029197 ], [ -111.709599157965997, 33.404208790851897 ], [ -111.709099101064993, 33.402968365747199 ], [ -111.708710863234998, 33.402005213683204 ], [ -111.708508918993999, 33.401262820957001 ], [ -111.708479468405997, 33.401153626493397 ], [ -111.708017723775001, 33.399454669155098 ], [ -111.707970415562997, 33.399339379105399 ], [ -111.707231219028003, 33.3975264408352 ], [ -111.707195908171002, 33.397440391925301 ], [ -111.706775912636004, 33.396491503012101 ], [ -111.706362098642998, 33.395807529666698 ], [ -111.706306244345001, 33.395715400083503 ], [ -111.706182952228005, 33.395511470211602 ], [ -111.705880470432007, 33.394839542040003 ], [ -111.705509309506994, 33.394109096910697 ], [ -111.705318125348995, 33.393902452944303 ], [ -111.704912024958006, 33.393463087218599 ], [ -111.704260379351993, 33.392991006442202 ], [ -111.704218139445004, 33.3929619308445 ], [ -111.703642692664999, 33.392562983080701 ], [ -111.703107998148994, 33.392091922276599 ], [ -111.702941157976994, 33.3919448928416 ], [ -111.702428534383003, 33.391459895971998 ], [ -111.702198999491998, 33.390452413208003 ], [ -111.702077931996996, 33.390272424085097 ], [ -111.702079147122006, 33.390131208131002 ], [ -111.702093561504, 33.388457153986998 ], [ -111.702093520706001, 33.388452078918903 ], [ -111.702093491233001, 33.388448412640003 ], [ -111.701517375901005, 33.388044945742699 ], [ -111.701333225895993, 33.387916895142197 ], [ -111.700905681467006, 33.387519914941699 ], [ -111.700363293237999, 33.386671192282499 ], [ -111.700333384043006, 33.386628519998801 ], [ -111.699956453351007, 33.386090318455203 ], [ -111.699819824336004, 33.385895193291702 ], [ -111.699141646563007, 33.384826818768801 ], [ -111.699126705121998, 33.384807452266401 ], [ -111.698546334556994, 33.384035603019299 ], [ -111.697983125266006, 33.383433897616499 ], [ -111.697811445807005, 33.383098885357903 ], [ -111.697753426464004, 33.3829859042526 ], [ -111.697375957717995, 33.382250111284698 ], [ -111.696905707515, 33.381169558413298 ], [ -111.696901957628, 33.381163096207601 ], [ -111.696179042601997, 33.379868336100301 ], [ -111.695877901529002, 33.379348019320098 ], [ -111.695400649749999, 33.378523148025103 ], [ -111.695041858262002, 33.377554143514899 ], [ -111.695033273150997, 33.3775307966322 ], [ -111.694509567788003, 33.3765660996119 ], [ -111.694319515085994, 33.376197920583103 ], [ -111.694094319591002, 33.375761735355901 ], [ -111.693936008221002, 33.375455388632297 ], [ -111.693460003655005, 33.374825553068497 ], [ -111.692966762159998, 33.374180586750597 ], [ -111.692626805057003, 33.373971090515603 ], [ -111.692125486169999, 33.373662711375601 ], [ -111.691233594967002, 33.373071825271701 ], [ -111.690650828754002, 33.372658479048603 ], [ -111.690295357870994, 33.3721843902849 ], [ -111.690123563393001, 33.371955063895797 ], [ -111.689948590257004, 33.371621466028699 ], [ -111.689701997360999, 33.371151281842401 ], [ -111.689382044271994, 33.370493782673101 ], [ -111.689354043411001, 33.370393598021899 ], [ -111.689167335925006, 33.3697212641964 ], [ -111.688918910896007, 33.368890305940504 ], [ -111.688786626858004, 33.368601000784501 ], [ -111.688397986021002, 33.367751087013097 ], [ -111.688012161756006, 33.366831538553903 ], [ -111.688004263644999, 33.366809877587301 ], [ -111.687703038552996, 33.3660107784346 ], [ -111.687594624160994, 33.365722466136603 ], [ -111.687259507467999, 33.365012620980302 ], [ -111.687174104415007, 33.3648312921243 ], [ -111.686686279339995, 33.363794202702898 ], [ -111.686352745616006, 33.3631984989118 ], [ -111.686162307686999, 33.362858496315098 ], [ -111.685526800491999, 33.361961457070599 ], [ -111.685415060093007, 33.361803947828903 ], [ -111.685119190218998, 33.361383069517302 ], [ -111.684447309771002, 33.360427317176502 ], [ -111.684082548687996, 33.359571617519997 ], [ -111.683625752517003, 33.358500235230601 ], [ -111.683496052544001, 33.357764161270502 ], [ -111.683331922817004, 33.356833788599999 ], [ -111.683320323450005, 33.356767616055699 ], [ -111.683168230654999, 33.355959504277301 ], [ -111.683013675916996, 33.355136752474301 ], [ -111.683010381825, 33.354156168571699 ], [ -111.683010089226997, 33.354119530720503 ], [ -111.682940754097999, 33.352854627496697 ], [ -111.682911986242004, 33.352353632593697 ], [ -111.682884778946999, 33.351880535744002 ], [ -111.682777850982006, 33.350833153684697 ], [ -111.682762209643997, 33.3505508147854 ], [ -111.682736118635006, 33.350091518848402 ], [ -111.682833992403999, 33.349249903234302 ], [ -111.682841444551997, 33.348741943229399 ], [ -111.682842102490994, 33.348654279746597 ], [ -111.682951106323003, 33.348292046826501 ], [ -111.683012048020998, 33.3476242625472 ], [ -111.683158625594999, 33.347343002923701 ], [ -111.683150384993993, 33.346933215658296 ], [ -111.683113398111004, 33.345123010561899 ], [ -111.683076416763996, 33.343313368618503 ], [ -111.683043182719999, 33.341682405102297 ], [ -111.682964209275994, 33.341503012384997 ], [ -111.682940268736999, 33.341447898812298 ], [ -111.682559957449996, 33.340135940456797 ], [ -111.682477896709003, 33.339690201098698 ], [ -111.682334485569996, 33.338912761700499 ], [ -111.682275523412002, 33.338156567497101 ], [ -111.682248503932996, 33.337878515236099 ], [ -111.682169288750998, 33.337065492041603 ], [ -111.682166210918993, 33.336068556848097 ], [ -111.682165940651998, 33.336033885946598 ], [ -111.682259808118999, 33.335497265678903 ], [ -111.682442306683996, 33.334787374555901 ], [ -111.682690209715005, 33.334368573427099 ], [ -111.682733065565998, 33.3342668651255 ], [ -111.682911104211996, 33.3338456262032 ], [ -111.682894857516999, 33.3325826844722 ], [ -111.682955709409995, 33.3324628396525 ], [ -111.683011924387003, 33.332352320452003 ], [ -111.683386037955998, 33.331542723350701 ], [ -111.683616136512995, 33.331167704851197 ], [ -111.683794844196996, 33.330748150228402 ], [ -111.683778392489998, 33.330662553281201 ], [ -111.683713981696002, 33.330325799559503 ], [ -111.683545038646002, 33.330018932198897 ], [ -111.683464729815, 33.3295819249429 ], [ -111.683506753847993, 33.329030363370698 ], [ -111.683523854094005, 33.328855231319103 ], [ -111.683566792004001, 33.328420644046197 ], [ -111.683680430571997, 33.327710002847297 ], [ -111.683868355122996, 33.327052221676098 ], [ -111.683916398014006, 33.326884248538398 ], [ -111.684132681394999, 33.326247456437002 ], [ -111.684263215461996, 33.325551373885702 ], [ -111.684283346813004, 33.325249104702699 ], [ -111.684306787343999, 33.324898054334 ], [ -111.684506269970001, 33.324217099062302 ], [ -111.684719657806994, 33.323769167973801 ], [ -111.684769511544999, 33.323447006125299 ], [ -111.684795699131001, 33.323275767070101 ], [ -111.684769877736997, 33.322636360043397 ], [ -111.684621284068996, 33.322096843995702 ], [ -111.684449840338999, 33.321640042985898 ], [ -111.684287647423005, 33.321206862826799 ], [ -111.684143610679996, 33.3203479727527 ], [ -111.684079803231995, 33.319830538914097 ], [ -111.684034606393993, 33.319460415327697 ], [ -111.684170684178994, 33.318357576318803 ], [ -111.684231189672005, 33.3180237961598 ], [ -111.684338672169005, 33.317429312667599 ], [ -111.684624981531002, 33.316735197487603 ], [ -111.684740689928006, 33.316377154778301 ], [ -111.684791499319999, 33.316219874870903 ], [ -111.684877701895005, 33.3159533205394 ], [ -111.685044462044999, 33.315126816881403 ], [ -111.685273898187006, 33.314416098136803 ], [ -111.685315521213994, 33.314287056908 ], [ -111.685624701896998, 33.313171701050003 ], [ -111.685821742434996, 33.312612521657201 ], [ -111.686002367955993, 33.312100503495699 ], [ -111.686291191679004, 33.311217233178802 ], [ -111.686404821969006, 33.310809874318998 ], [ -111.686509306161, 33.310434979859799 ], [ -111.686605992924996, 33.3096660833125 ], [ -111.686735525328999, 33.309403232361703 ], [ -111.686932126016998, 33.309003870281899 ], [ -111.686961862830998, 33.308943385019099 ], [ -111.687269227263997, 33.307944164552303 ], [ -111.687398722674999, 33.307335184899003 ], [ -111.687437221508006, 33.307193474875099 ], [ -111.687580462371002, 33.306668975677603 ], [ -111.687882838796, 33.3060618546223 ], [ -111.688410468705001, 33.305414024907698 ], [ -111.688454847702005, 33.305379956154297 ], [ -111.688457182448005, 33.305378252931497 ], [ -111.68880854391, 33.305110221690498 ], [ -111.688917320317998, 33.3050273159282 ], [ -111.689598708744001, 33.304511669752202 ], [ -111.690285164016004, 33.303618289132103 ], [ -111.690327993319002, 33.3035580162366 ], [ -111.690796408758004, 33.302897537724398 ], [ -111.690916964644998, 33.302648544933 ], [ -111.691258809751005, 33.3019433866993 ], [ -111.691326373603999, 33.301742886717797 ], [ -111.691619241194005, 33.300872265988502 ], [ -111.692027834225996, 33.3000776700963 ], [ -111.692070291389001, 33.299928888530403 ], [ -111.692263647632004, 33.299251897386398 ], [ -111.692617887283006, 33.298630950590798 ], [ -111.692997105697998, 33.298113865830402 ], [ -111.693202748008005, 33.297591265782202 ], [ -111.693698023801005, 33.296768272858699 ], [ -111.694170227091007, 33.296296610781503 ], [ -111.694819576176997, 33.2956475099583 ], [ -111.695109919865999, 33.295353595343798 ], [ -111.695643661586999, 33.2948136517061 ], [ -111.696048082054006, 33.294473150942302 ], [ -111.696937922496005, 33.293723471790202 ], [ -111.697237979064994, 33.293385806385302 ], [ -111.697892630427006, 33.292649280667 ], [ -111.697973794147998, 33.292558061574503 ], [ -111.699044427147996, 33.291378357549902 ], [ -111.699143487368005, 33.291293427482302 ], [ -111.699364432346002, 33.291103994035304 ], [ -111.69972677554, 33.290793592204999 ], [ -111.701021122640995, 33.289685330926901 ], [ -111.701482817059997, 33.289294032439003 ], [ -111.701661415947001, 33.289142807706803 ], [ -111.701926176347996, 33.288918620246697 ], [ -111.702612536217998, 33.288336914724702 ], [ -111.703598383059997, 33.287607524967797 ], [ -111.704044464464999, 33.2872774525678 ], [ -111.704356627954994, 33.287032713368397 ], [ -111.705232734936004, 33.286345914687601 ], [ -111.705721156704996, 33.285860586362503 ], [ -111.706143984462997, 33.285440462323002 ], [ -111.706459923403997, 33.285166279593298 ], [ -111.706928653554996, 33.284760742913697 ], [ -111.707088471847001, 33.284622469382001 ], [ -111.707839445272995, 33.283821924125398 ], [ -111.707965549321003, 33.283687599958697 ], [ -111.708324543741, 33.2833030629848 ], [ -111.708824937179003, 33.282766920297597 ], [ -111.709389993564002, 33.281886813095198 ], [ -111.709672331991996, 33.281444928602397 ], [ -111.709941419214999, 33.281024254990399 ], [ -111.710008025771998, 33.280919866665101 ], [ -111.710587676431999, 33.280228803666198 ], [ -111.711218469342995, 33.279596352993401 ], [ -111.711226448896994, 33.279587851374401 ], [ -111.711832011401, 33.2789490585876 ], [ -111.712056972556994, 33.278798943405398 ], [ -111.712965794528003, 33.278191385463302 ], [ -111.713958696123996, 33.2777310373747 ], [ -111.714198393366004, 33.277619731143503 ], [ -111.714496928326994, 33.2774813113231 ], [ -111.715471381623999, 33.2769835677895 ], [ -111.716363593931007, 33.276154814972401 ], [ -111.716399228843997, 33.276121631807101 ], [ -111.716506590552996, 33.275914123771699 ], [ -111.716967081644, 33.275023593312298 ], [ -111.717323605757997, 33.274100678700897 ], [ -111.717324921512002, 33.274097572842599 ], [ -111.717647664782007, 33.273228971233401 ], [ -111.718124158682002, 33.272493086807401 ], [ -111.718351294536006, 33.272284316969703 ], [ -111.718522140849998, 33.272127460234202 ], [ -111.718859180758002, 33.271818275598598 ], [ -111.719507616518001, 33.271142276315501 ], [ -111.720293336991006, 33.270555105320398 ], [ -111.720421420400001, 33.270462195369198 ], [ -111.720677595289999, 33.270276934247697 ], [ -111.721480124287993, 33.2696961426198 ], [ -111.722825451503994, 33.268819053668501 ], [ -111.722927245633002, 33.268752783951101 ], [ -111.723037395451996, 33.268642500826097 ], [ -111.724293670517, 33.267387084633803 ], [ -111.724786944903997, 33.266824421168202 ], [ -111.724979068774999, 33.266605420195198 ], [ -111.725329079421002, 33.266206792371399 ], [ -111.726265650461002, 33.265006212589398 ], [ -111.726296201639002, 33.26496741807 ], [ -111.727056758206004, 33.263624391091398 ], [ -111.727134832792004, 33.263490892969202 ], [ -111.727312157382997, 33.2631876947897 ], [ -111.727993965764, 33.262021570564897 ], [ -111.728339513611999, 33.2613718147106 ], [ -111.728631868432004, 33.260822153716703 ], [ -111.729043476279998, 33.259765844915499 ], [ -111.729164526730997, 33.259556554342602 ], [ -111.729304437015003, 33.259315021220203 ], [ -111.729503212607995, 33.258971669962399 ], [ -111.729620023791, 33.257970357716303 ], [ -111.729625499852006, 33.257741730007403 ], [ -111.729658056953994, 33.256372232891898 ], [ -111.729686566843995, 33.255928406601498 ], [ -111.729788417625997, 33.2543394938102 ], [ -111.729781515493002, 33.254114887442 ], [ -111.729739792825001, 33.252769501288903 ], [ -111.729776152024002, 33.2523013881803 ], [ -111.729843411573, 33.251433971950803 ], [ -111.729777504256006, 33.250488412719598 ], [ -111.729756181921999, 33.2501832779597 ], [ -111.729855438181005, 33.249210815787698 ], [ -111.729878961501996, 33.248731497662099 ], [ -111.729930144261004, 33.248674261158897 ], [ -111.73042240561, 33.248127080210899 ], [ -111.731417840621006, 33.247338483741899 ], [ -111.731489222700006, 33.247249271034903 ], [ -111.731829168499999, 33.246823060811302 ], [ -111.732349050338001, 33.246171419135003 ], [ -111.732863567842998, 33.245159862951198 ], [ -111.732919400642004, 33.244977446390997 ], [ -111.733134267664994, 33.244276300531503 ], [ -111.733678716770996, 33.243236374131797 ], [ -111.733732867472995, 33.243133172950202 ], [ -111.733754656962006, 33.2430916104734 ], [ -111.734636862814995, 33.241288640668202 ], [ -111.734695567051006, 33.241169063895299 ], [ -111.735284963951003, 33.239693099798899 ], [ -111.735402301072995, 33.239445771420399 ], [ -111.735881868272998, 33.2384352531394 ], [ -111.735977778025998, 33.238232864611398 ], [ -111.736301540027, 33.237602944956997 ], [ -111.736616055864005, 33.2369902726102 ], [ -111.737114306365001, 33.235891132588897 ], [ -111.737169234286995, 33.235761707582697 ], [ -111.737506336801999, 33.2349654033031 ], [ -111.737966725131002, 33.2341128375976 ], [ -111.738034840832, 33.233920865043899 ], [ -111.738130499771003, 33.233650562149002 ], [ -111.738325471798007, 33.233099645611503 ], [ -111.738588817537007, 33.232109565609001 ], [ -111.738706825120005, 33.231665201847697 ], [ -111.738687980376, 33.2303019110606 ], [ -111.738679953299993, 33.229746680717497 ], [ -111.738787811932994, 33.228494538805002 ], [ -111.738842831994006, 33.227859441955502 ], [ -111.738829615932005, 33.226687224687701 ], [ -111.738826703487007, 33.226420595650701 ], [ -111.738878634439004, 33.225098881199301 ], [ -111.738873438818999, 33.224880183988802 ], [ -111.738856481463003, 33.224139809959702 ], [ -111.738901498188, 33.223311974846801 ], [ -111.739028588866006, 33.223071631866503 ], [ -111.739344496124005, 33.222473882929698 ], [ -111.739769836196004, 33.221649984144697 ], [ -111.739972049293002, 33.221251345953903 ], [ -111.739982608139002, 33.221230985998098 ], [ -111.740343210309007, 33.220764885263101 ], [ -111.740685234221999, 33.220323130165603 ], [ -111.741355060684995, 33.219424485547201 ], [ -111.741652498400995, 33.219025558572802 ], [ -111.742502708732999, 33.217888215882198 ], [ -111.742654577508006, 33.217684924162299 ], [ -111.742745473683996, 33.217567972586302 ], [ -111.743884259460003, 33.216099670827198 ], [ -111.744127136402994, 33.2157145910205 ], [ -111.744650268456994, 33.214885301828403 ], [ -111.745013244481001, 33.214309806877303 ], [ -111.745336111838, 33.213868716460198 ], [ -111.746226462286003, 33.212651621074997 ], [ -111.746683549051994, 33.2120253807485 ], [ -111.746786966166994, 33.211883823628099 ], [ -111.747457492120006, 33.210964567689601 ], [ -111.747933057850005, 33.210186566950597 ], [ -111.748410594153995, 33.209405447911202 ], [ -111.748910860357, 33.208695227193303 ], [ -111.749131832361996, 33.208381300897898 ], [ -111.749152718565995, 33.2083535539305 ], [ -111.749975588683995, 33.2072569125 ], [ -111.750397827645003, 33.206521784271203 ], [ -111.750523377467999, 33.206303706652797 ], [ -111.750540073148002, 33.206256252176303 ], [ -111.750998156856994, 33.204751732200201 ], [ -111.751014941069997, 33.204696614823803 ], [ -111.751053834101, 33.204696661523798 ], [ -111.753144690255994, 33.204692463448502 ], [ -111.755245939811999, 33.204688453091201 ], [ -111.757413656528001, 33.204693017088402 ], [ -111.759578349066004, 33.204697280359397 ], [ -111.761742708799005, 33.204701794833397 ], [ -111.763907066868001, 33.204706266254497 ], [ -111.766071425510006, 33.204710705432802 ], [ -111.768235782480005, 33.2047151015583 ], [ -111.770400474750005, 33.204719463368797 ], [ -111.772560137547998, 33.204723531910901 ], [ -111.774624115975996, 33.204713786520401 ], [ -111.776718271915996, 33.204703814943102 ], [ -111.778812421316999, 33.204693811771598 ], [ -111.780906239074, 33.204683776340403 ], [ -111.783000386053999, 33.204673702704298 ], [ -111.785094202414996, 33.204663592303298 ], [ -111.787188345885994, 33.204653448209598 ], [ -111.789312667811004, 33.204643078370403 ], [ -111.791468895796996, 33.2046389482271 ], [ -111.793609033064996, 33.204634883330698 ], [ -111.795749165104993, 33.204630786167101 ], [ -111.797889635147996, 33.204626645516399 ], [ -111.800029764147993, 33.204622474746103 ], [ -111.802170568020998, 33.204618258305501 ], [ -111.804310695039007, 33.204614013915901 ], [ -111.806435067153004, 33.204609830301401 ], [ -111.808604291525995, 33.204561349659002 ], [ -111.810770839588997, 33.204513130970597 ], [ -111.812937376487, 33.204464592331803 ], [ -111.815103911676999, 33.2044162938057 ], [ -111.817270112792997, 33.204367681960697 ], [ -111.819436642686995, 33.204319312573901 ], [ -111.821603165672002, 33.204270624112397 ], [ -111.823766673351003, 33.2042221984184 ], [ -111.825926983477999, 33.204190386878601 ], [ -111.828098015929996, 33.204158180569998 ], [ -111.830269384454994, 33.2041262200745 ], [ -111.832440746817994, 33.204093939422698 ], [ -111.834612442554999, 33.204061619556398 ], [ -111.836783797364006, 33.204029545504604 ], [ -111.838955155107001, 33.203997433552601 ], [ -111.841137570864007, 33.203964926663197 ], [ -111.841155008447004, 33.205786807922799 ], [ -111.841157492253004, 33.2076085254552 ], [ -111.841059030435005, 33.208301164157099 ], [ -111.840897234878, 33.208808209636601 ], [ -111.840667594644998, 33.209198460047503 ], [ -111.840516673699, 33.209440196885701 ], [ -111.840469736705998, 33.209514333719802 ], [ -111.840320790497003, 33.209749605200201 ], [ -111.840139110500004, 33.210036368100198 ], [ -111.839627327079, 33.210903471563903 ], [ -111.839177271707001, 33.211282802404703 ], [ -111.839007624418002, 33.211426011809799 ], [ -111.838911493111993, 33.211506991954799 ], [ -111.837833333643005, 33.212092655934399 ], [ -111.836931330989003, 33.212374965627802 ], [ -111.836848955091995, 33.212422028761303 ], [ -111.835957165688995, 33.212932575302702 ], [ -111.835831532417998, 33.213156098132401 ], [ -111.835250181239999, 33.214189953210102 ], [ -111.834704585479003, 33.214893779937803 ], [ -111.834624081317003, 33.214997201166803 ], [ -111.834231847481007, 33.215502689661598 ], [ -111.833630372171001, 33.216644909995999 ], [ -111.833527223877994, 33.216836425012801 ], [ -111.833046435642999, 33.217729224450103 ], [ -111.832577388504006, 33.218446904827502 ], [ -111.832426979190998, 33.218676505971303 ], [ -111.832394920236993, 33.218725764960901 ], [ -111.832128037792003, 33.2193335706637 ], [ -111.832277468122996, 33.219814564706901 ], [ -111.832218048062003, 33.220409705252699 ], [ -111.83214305784, 33.220493922966199 ], [ -111.831950238665996, 33.220710821519503 ], [ -111.831745541149999, 33.220941089678099 ], [ -111.831359632732998, 33.221375209066203 ], [ -111.830486784529995, 33.2220936073834 ], [ -111.830433724098995, 33.222156259561302 ], [ -111.830282817305999, 33.222334559294602 ], [ -111.829609900273994, 33.223131385281498 ], [ -111.828998723309994, 33.223648744649203 ], [ -111.828649902253005, 33.223892635243203 ], [ -111.828621008978004, 33.224171874779501 ], [ -111.828610534332, 33.224270037113598 ], [ -111.828642788907999, 33.224432757288 ], [ -111.828789414902005, 33.225172509547697 ], [ -111.829058272135001, 33.225977989650801 ], [ -111.829105559335005, 33.226120017558202 ], [ -111.829371836503995, 33.226936223060697 ], [ -111.829708867080996, 33.2276079181771 ], [ -111.829730286019995, 33.227780560602902 ], [ -111.829755701584006, 33.2279861531714 ], [ -111.829525306668998, 33.228448827422 ], [ -111.829276417222005, 33.2290130966812 ], [ -111.829081418675997, 33.2296023740791 ], [ -111.829060882877002, 33.229665085779999 ], [ -111.829206738094996, 33.230407396334201 ], [ -111.829682372798999, 33.231051391283899 ], [ -111.830011684623997, 33.231402093289702 ], [ -111.830108590738007, 33.231505736514201 ], [ -111.830254201372, 33.232291738391197 ], [ -111.830263204496006, 33.232960267895997 ], [ -111.830330249216004, 33.233197138475703 ], [ -111.830333995540002, 33.233210375977002 ], [ -111.830455770590007, 33.233638844743901 ], [ -111.830461671861002, 33.233659665112498 ], [ -111.830971675201994, 33.234318359852999 ], [ -111.831140338, 33.234625290400601 ], [ -111.831350844742005, 33.235008374512297 ], [ -111.831613640593005, 33.235486637633201 ], [ -111.832086148328003, 33.236362899473797 ], [ -111.832343601038005, 33.236807655236603 ], [ -111.832458179702996, 33.237005885461997 ], [ -111.832636868194001, 33.237314741805797 ], [ -111.832642839791006, 33.2386163664994 ], [ -111.832648745379004, 33.239946175963702 ], [ -111.832730596993002, 33.2400888149064 ], [ -111.832895806072997, 33.240425386285303 ], [ -111.833117785420001, 33.240877143195704 ], [ -111.833451476129, 33.241824795357601 ], [ -111.833538185820004, 33.242230949749001 ], [ -111.833582061730993, 33.242436135817897 ], [ -111.833536668050002, 33.243307691610198 ], [ -111.833543319818006, 33.244043322435999 ], [ -111.833543453589002, 33.244057415631801 ], [ -111.833543922825996, 33.244106738202099 ], [ -111.832995154306005, 33.245133314357297 ], [ -111.832673946308006, 33.245537407554998 ], [ -111.832412724649004, 33.245865842172499 ], [ -111.832134930166006, 33.246214965438703 ], [ -111.831343003678995, 33.247355625038502 ], [ -111.831160632128999, 33.247686629059203 ], [ -111.830635295579, 33.248642007513098 ], [ -111.830557169067006, 33.248822643354302 ], [ -111.830251533902995, 33.249528789536903 ], [ -111.830190468587006, 33.249669568006802 ], [ -111.829732010805998, 33.250391666784203 ], [ -111.829135522631006, 33.251098055618698 ], [ -111.829029782497997, 33.251374707308997 ], [ -111.828652943159994, 33.2523578282484 ], [ -111.8284344769, 33.252776726923003 ], [ -111.828204155687004, 33.2532188133628 ], [ -111.828062532461999, 33.253490489815697 ], [ -111.827944499420994, 33.253716909073198 ], [ -111.827791614993004, 33.253975553758202 ], [ -111.827432353733002, 33.254583952240601 ], [ -111.826969597094006, 33.255068457022702 ], [ -111.826661972189996, 33.255390422467599 ], [ -111.826303938634993, 33.255738934081101 ], [ -111.825612126563001, 33.25641211576 ], [ -111.825375069504005, 33.256925271233399 ], [ -111.824863796171002, 33.2580324501428 ], [ -111.824723397615003, 33.258336385053198 ], [ -111.824581239818002, 33.258774499351802 ], [ -111.824277325021001, 33.259712014020401 ], [ -111.824202050099998, 33.259944214614499 ], [ -111.824173133770003, 33.260044470032703 ], [ -111.824173157570002, 33.260047004390302 ], [ -111.823958799134999, 33.260621454588303 ], [ -111.823961486203004, 33.260621436782202 ], [ -111.823861039448005, 33.260929054698799 ], [ -111.823605791849005, 33.261972802020203 ], [ -111.823556736575995, 33.262465262047797 ], [ -111.82348713268, 33.263163332369203 ], [ -111.823432235045004, 33.264284669139002 ], [ -111.823393405595993, 33.265080350499503 ], [ -111.823353355913, 33.2661034975131 ], [ -111.823316869557004, 33.267041218503202 ], [ -111.823386201529999, 33.267921020845499 ], [ -111.823391174107002, 33.267986379235701 ], [ -111.823172857740005, 33.268856250730501 ], [ -111.822905971169007, 33.269449366088999 ], [ -111.822848021341997, 33.269745705772102 ], [ -111.822795181377003, 33.270014954559699 ], [ -111.822796912357006, 33.2712356964294 ], [ -111.822688941874006, 33.271565908245201 ], [ -111.822527161050004, 33.272061370734797 ], [ -111.822152121925001, 33.2730021761488 ], [ -111.822069182012996, 33.273210739405499 ], [ -111.821996726706999, 33.273392457662702 ], [ -111.821795119314999, 33.273899737475404 ], [ -111.821590683769003, 33.275215703108799 ], [ -111.821587842414999, 33.275234605339499 ], [ -111.821368292344999, 33.276191290350603 ], [ -111.821241834890003, 33.276626198025703 ], [ -111.821153768125001, 33.276935984533999 ], [ -111.821151197199995, 33.276945020221 ], [ -111.821150066369, 33.277039170733602 ], [ -111.819931091409003, 33.277054551598098 ], [ -111.817768277544005, 33.2770817766365 ], [ -111.815605120068994, 33.277108966302997 ], [ -111.813441960437999, 33.277136118345197 ], [ -111.811279140062993, 33.277163226025003 ], [ -111.809115973535, 33.277190021429 ], [ -111.806949454155003, 33.277217082370903 ], [ -111.804813152649999, 33.277245600200999 ], [ -111.802662075268998, 33.277274176729598 ], [ -111.800511338218996, 33.277302713848101 ], [ -111.798360262895002, 33.277331215932399 ], [ -111.796209520393006, 33.2773596786665 ], [ -111.794058437885994, 33.277388388679903 ], [ -111.791907356004003, 33.277416779156297 ], [ -111.789744190457, 33.277445490594602 ], [ -111.787625867133002, 33.277459786202698 ], [ -111.785508878114001, 33.277474037280101 ], [ -111.783391554082002, 33.277488535827899 ], [ -111.781274568629996, 33.277502715671901 ], [ -111.780660468663001, 33.277506906510297 ], [ -111.779157576760994, 33.277517144523202 ], [ -111.777040581989993, 33.277531251416299 ], [ -111.774923592235993, 33.277545322224299 ], [ -111.774482347114997, 33.277548918102397 ], [ -111.774520427477995, 33.277643105722397 ], [ -111.774670886912006, 33.278036780406097 ], [ -111.774909053925001, 33.278329843313998 ], [ -111.774920551285007, 33.278339917840803 ], [ -111.775199523100994, 33.278579734473901 ], [ -111.775262496695007, 33.2790599183067 ], [ -111.775249651223007, 33.279353137735001 ], [ -111.775237430184006, 33.279640715075899 ], [ -111.775144894106006, 33.280104962205797 ], [ -111.774912842031, 33.2804280142838 ], [ -111.774792504665001, 33.280595347269603 ], [ -111.774535492363995, 33.281169701622701 ], [ -111.774507516540993, 33.281231882362597 ], [ -111.774117164169994, 33.281983794702803 ], [ -111.773794437961996, 33.282984170045196 ], [ -111.773738577957999, 33.283157015667399 ], [ -111.773485578768998, 33.283997138870703 ], [ -111.773329214648001, 33.2847980445258 ], [ -111.773318618012993, 33.284852792905703 ], [ -111.773190251109995, 33.285403789325201 ], [ -111.773094503172999, 33.286114962641904 ], [ -111.773036178455996, 33.286579277395703 ], [ -111.773030086918993, 33.286611165415998 ], [ -111.772888328302002, 33.287318962640697 ], [ -111.772768260852999, 33.287746730229301 ], [ -111.772765988149999, 33.288384043666298 ], [ -111.772765843377996, 33.288423786871199 ], [ -111.772761418963, 33.289595521355203 ], [ -111.772759002350995, 33.290234520368202 ], [ -111.772753156722004, 33.2920446888443 ], [ -111.772759582630002, 33.292887136143896 ], [ -111.772767137570995, 33.293876858665001 ], [ -111.772669784475994, 33.294349722479097 ], [ -111.772566274374995, 33.294638997554699 ], [ -111.772330356099999, 33.295479570279298 ], [ -111.77221245474, 33.295697904936397 ], [ -111.771940335951996, 33.296202157125698 ], [ -111.771345771038995, 33.2967194071935 ], [ -111.770647194355007, 33.297280709107604 ], [ -111.770541876253006, 33.297365359192099 ], [ -111.770361125882005, 33.297536441919902 ], [ -111.769858820609002, 33.298012524670298 ], [ -111.769314881748002, 33.298602734954997 ], [ -111.769009465916994, 33.2993701700942 ], [ -111.768974987427995, 33.299456915880199 ], [ -111.768773175308993, 33.300326586111296 ], [ -111.768516986955007, 33.301196872735197 ], [ -111.768483419337002, 33.301311801747602 ], [ -111.768142667567005, 33.3022237624442 ], [ -111.767857150392004, 33.302889599911197 ], [ -111.767738654940999, 33.3030036446034 ], [ -111.767715354987004, 33.303026333987802 ], [ -111.767051637397998, 33.303666040583501 ], [ -111.766376081269001, 33.304181794245899 ], [ -111.766055639605995, 33.304426457331097 ], [ -111.765639858645997, 33.304862241933499 ], [ -111.765231390196007, 33.305290092462201 ], [ -111.764578553514994, 33.306257242733899 ], [ -111.764272868229, 33.306693758647 ], [ -111.764248001745003, 33.306729424517002 ], [ -111.763820630395003, 33.3073394710133 ], [ -111.762702155133994, 33.308229142424203 ], [ -111.762206828017995, 33.308515738673101 ], [ -111.762109634316005, 33.308572143704801 ], [ -111.762097257386998, 33.308577576366503 ], [ -111.761135262229999, 33.309012756049697 ], [ -111.760198268965993, 33.309236094063898 ], [ -111.759937876495997, 33.309247833088499 ], [ -111.759402317766998, 33.309271685718997 ], [ -111.758222125133997, 33.309594023220598 ], [ -111.757776430050995, 33.309916379303601 ], [ -111.757165256259, 33.310358120244501 ], [ -111.757052160437993, 33.310439703601901 ], [ -111.756075561957005, 33.311054764588498 ], [ -111.755603554700997, 33.311286509561597 ], [ -111.755379248742997, 33.311396674357198 ], [ -111.754821725579006, 33.3121839275355 ], [ -111.754674130903993, 33.312392275227303 ], [ -111.753729249120994, 33.314004636668002 ], [ -111.753700464149006, 33.314053573116603 ], [ -111.753449480537995, 33.314536802212103 ], [ -111.752830288485995, 33.315730301903898 ], [ -111.752773704937994, 33.315826196704798 ], [ -111.752069524166004, 33.317015978143303 ], [ -111.751745301569002, 33.317651006895197 ], [ -111.751589788154007, 33.317955514440399 ], [ -111.751315535296996, 33.318389835763 ], [ -111.751320794654006, 33.319470749725198 ], [ -111.751344768527005, 33.321285238282201 ], [ -111.753821755705005, 33.3212531179961 ], [ -111.751309196983996, 33.323632240171797 ], [ -111.750208469352998, 33.3248678174864 ], [ -111.748304923174004, 33.327004831438401 ], [ -111.746851423703006, 33.3284987125501 ], [ -111.743321141889993, 33.332126324544497 ], [ -111.742690011676004, 33.332774721290498 ], [ -111.739791898527002, 33.335752423170703 ], [ -111.739010425784002, 33.336934134878497 ], [ -111.738899076723001, 33.337095762797901 ], [ -111.738857413755994, 33.3372256474319 ], [ -111.738660167597999, 33.337567307525198 ], [ -111.738432137852996, 33.337962428145801 ], [ -111.738378688360996, 33.338114387780898 ], [ -111.737999943535996, 33.339193070990298 ], [ -111.738015645027005, 33.339382108540804 ], [ -111.738089288249995, 33.340269253368398 ], [ -111.737957212949993, 33.341052491882003 ], [ -111.737912734534007, 33.3411939659035 ], [ -111.737631755077999, 33.342080968731899 ], [ -111.737325891633006, 33.3429641653019 ], [ -111.737314857837006, 33.343009611944801 ], [ -111.736977106629993, 33.344413881391901 ], [ -111.736912728283997, 33.3448238074619 ], [ -111.736844497956994, 33.345255184150801 ], [ -111.736274639756004, 33.346177151540601 ], [ -111.735987381683003, 33.346641390130401 ], [ -111.735889314421996, 33.346800378572397 ], [ -111.735498988377003, 33.347508194364899 ], [ -111.734854447985001, 33.348458781820497 ], [ -111.734598347900004, 33.348836022930399 ], [ -111.734170364576997, 33.349661026716198 ], [ -111.733923145736995, 33.350136859207197 ], [ -111.733825266674998, 33.3502792154855 ], [ -111.73312881375, 33.3512912714002 ], [ -111.732762443585003, 33.352097586769297 ], [ -111.732754198199999, 33.352115672771497 ], [ -111.732479206190007, 33.353246154428298 ], [ -111.732304126873998, 33.353915200105703 ], [ -111.732186961235001, 33.354362078457399 ], [ -111.732170155095005, 33.354561171856901 ], [ -111.732070132773003, 33.355731489896399 ], [ -111.732022109582999, 33.356292957115201 ], [ -111.732064522959007, 33.357546708451203 ], [ -111.732084568945993, 33.358135399310299 ], [ -111.732114091764004, 33.3584120149768 ], [ -111.732201802234002, 33.358938014904403 ], [ -111.732301741217995, 33.359360216700402 ], [ -111.732256638270997, 33.359429258696402 ], [ -111.732209225903006, 33.359503103683998 ], [ -111.732163833618003, 33.359577785481797 ], [ -111.732120132476993, 33.359653298816099 ], [ -111.732078109439996, 33.359729369570601 ], [ -111.732038112878001, 33.3598062689858 ], [ -111.732000135133006, 33.359883723816097 ], [ -111.731963845153999, 33.3599617333089 ], [ -111.731929570945994, 33.360040575138598 ], [ -111.731896983186004, 33.360119684819502 ], [ -111.731866416616, 33.360199631317997 ], [ -111.731837866500996, 33.360279848235002 ], [ -111.731810998830994, 33.3603606234606 ], [ -111.731786149935004, 33.360441945091999 ], [ -111.731763659283004, 33.360523534229102 ], [ -111.731742848696996, 33.360605395771898 ], [ -111.731724056977995, 33.360687812742697 ], [ -111.731706946372, 33.360770497604904 ], [ -111.731692192957993, 33.360853449982699 ], [ -111.731679456078993, 33.360936677296102 ], [ -111.731668727919995, 33.361019887357898 ], [ -111.731659691719997, 33.361103374269199 ], [ -111.731653604217001, 33.361178946273199 ], [ -111.731653001951003, 33.361187124251799 ], [ -111.731648326376998, 33.361270866873298 ], [ -111.73164533389, 33.361354595065301 ], [ -111.731644692022002, 33.361438313914 ], [ -111.731646065570999, 33.3615222977852 ], [ -111.731649457431999, 33.361605992860802 ], [ -111.731654521655003, 33.361689673570098 ], [ -111.731661941894998, 33.361773344903398 ], [ -111.731671372864994, 33.361856718465297 ], [ -111.731682819151004, 33.361940084658201 ], [ -111.731696281544998, 33.362023152144801 ], [ -111.731711420498002, 33.3621059328473 ], [ -111.731728903597997, 33.362188695221199 ], [ -111.731748408037006, 33.362270882857104 ], [ -111.731769581517995, 33.362352782848802 ], [ -111.731792767909994, 33.362434384148798 ], [ -111.731818304548, 33.362515408769198 ], [ -111.731845517737, 33.362596142089799 ], [ -111.731874739383997, 33.362676299840899 ], [ -111.731897056041007, 33.362734235309603 ], [ -111.731943736253001, 33.3628131635773 ], [ -111.731979663667005, 33.362891591500002 ], [ -111.732006874763997, 33.362972042478603 ], [ -111.732010396605006, 33.362991750196301 ], [ -111.732012451607005, 33.362995968253401 ], [ -111.732018732571007, 33.363024396048203 ], [ -111.732025368454998, 33.363054517427102 ], [ -111.732034799933004, 33.363137890937601 ], [ -111.732035165564994, 33.363221603821302 ], [ -111.732026459452996, 33.363305083371102 ], [ -111.732008016975996, 33.363389189460101 ], [ -111.732002475741993, 33.363448978513603 ], [ -111.731992762478001, 33.363532464898498 ], [ -111.731981032617995, 33.363615681761203 ], [ -111.731967280812995, 33.363698632740302 ], [ -111.731951517729001, 33.363781308752898 ], [ -111.731933397358006, 33.363863722661499 ], [ -111.731913260322003, 33.363945861633702 ], [ -111.731891106662005, 33.3640277310801 ], [ -111.731866927558997, 33.364109048739301 ], [ -111.731840395183994, 33.364189816542797 ], [ -111.731812181524006, 33.364270313742203 ], [ -111.731781613536995, 33.364350264697201 ], [ -111.731749359459997, 33.364429372331898 ], [ -111.731715084458003, 33.364508214066298 ], [ -111.731678457027002, 33.364586224522199 ], [ -111.731640140549999, 33.364663682100399 ], [ -111.731600139071006, 33.364740299953702 ], [ -111.731558769773997, 33.364814676376 ], [ -111.731512777296999, 33.364897531350202 ], [ -111.731488003894995, 33.364947846801002 ], [ -111.731253229670997, 33.365291050342698 ], [ -111.731190308199004, 33.365539818635199 ], [ -111.731151937484, 33.365891810926101 ], [ -111.731198233076995, 33.366205530650703 ], [ -111.732324875352006, 33.368408114847099 ], [ -111.732910280946001, 33.369557473198 ], [ -111.733041842025997, 33.3697830329751 ], [ -111.733036018034994, 33.370129472156002 ], [ -111.733078426028996, 33.371779799793998 ], [ -111.732993756965001, 33.372137700182499 ], [ -111.732817891736005, 33.372677376737698 ], [ -111.732661566619996, 33.3731839568201 ], [ -111.732576888143996, 33.373541856923801 ], [ -111.732693538608004, 33.375112541473101 ], [ -111.732774544283998, 33.375597709677002 ], [ -111.733238717671, 33.378385111487397 ], [ -111.733409845655999, 33.378600004712403 ], [ -111.733704450402001, 33.379236114353802 ], [ -111.733792230958997, 33.379486735365198 ], [ -111.734049676699996, 33.380097973189798 ], [ -111.734563618379994, 33.3811662862555 ], [ -111.735071576303, 33.3822402668523 ], [ -111.735781993016005, 33.383137444752499 ], [ -111.736536042631002, 33.383868630138799 ], [ -111.736719320402003, 33.384048216097298 ], [ -111.736845016334996, 33.384171767100497 ], [ -111.737033971361001, 33.384346807303999 ], [ -111.737271226681003, 33.384512823085103 ], [ -111.737593682569994, 33.384661701889598 ], [ -111.737921639945995, 33.3848646660797 ], [ -111.738169822643002, 33.385050628554097 ], [ -111.738332682440998, 33.385278245191699 ], [ -111.738436976402994, 33.385493247213198 ], [ -111.738921722585005, 33.386476028010797 ], [ -111.739681300743001, 33.388050486398399 ], [ -111.739764667003996, 33.388491098909697 ], [ -111.739937395528003, 33.390118653662597 ], [ -111.740323453200006, 33.393760802120099 ], [ -111.740627122079005, 33.396639034925499 ], [ -111.740814233747997, 33.397186417502397 ], [ -111.740884177495005, 33.397390344883597 ], [ -111.742137194967995, 33.401019409498801 ], [ -111.744570822349004, 33.4046402501478 ], [ -111.745107264585997, 33.405438351878502 ], [ -111.747007035790006, 33.408264685726401 ], [ -111.747306467469002, 33.408264008144997 ], [ -111.749416106891999, 33.411718429223598 ], [ -111.749517343, 33.411883832824302 ], [ -111.750601380253997, 33.4136589044844 ], [ -111.751859498621002, 33.415504222419798 ], [ -111.753689586538002, 33.418187679785703 ], [ -111.754329936372002, 33.419126602741102 ], [ -111.761753731431995, 33.430009984943197 ], [ -111.762289033708996, 33.430794485406601 ], [ -111.762999722922004, 33.431836087694101 ], [ -111.764243051522996, 33.433658812902998 ], [ -111.766170629578994, 33.436483816041303 ], [ -111.766723039116997, 33.437293555556302 ], [ -111.769198973814994, 33.4409014958417 ], [ -111.770872639405994, 33.4433401528687 ], [ -111.772153673093001, 33.444524717450697 ], [ -111.775157116445996, 33.447476465778301 ], [ -111.775850094237001, 33.448157602674499 ], [ -111.779440635168001, 33.451685907777097 ], [ -111.779551904027997, 33.451795415312603 ], [ -111.782439503297994, 33.454223172955402 ], [ -111.783727595781002, 33.4549983105574 ], [ -111.784455155008999, 33.455435945052898 ], [ -111.786206806647996, 33.4564896958708 ], [ -111.787585986796003, 33.457811021905499 ], [ -111.787586828665994, 33.457755491462898 ], [ -111.788879591992995, 33.459071990342999 ], [ -111.789253662204999, 33.459584506620402 ] ] ] } },
{ "type": "Feature", "properties": { "OBJECTID": 48, "PROGRAM": "72", "CERTIFICATE": "531382", "CONVEYANCE": "0006", "NAME": "Central Arizona Irrigation and Drainage District", "EXIST_OR_P": "E", "GSF_OR_USF": "GSF", "AMA": "Pinal", "CRSPNDG_CE": "57.001101.0000", "STATUS": "Active", "LABEL": "Central Arizona IDD", "MAXSAVINGS": "110000", "Shape__Area": 1886892.61999512, "Shape__Length": 5493.6903124974697 }, "geometry": { "type": "Polygon", "coordinates": [ [ [ -111.585245575426995, 32.763067778109999 ], [ -111.595535113257995, 32.763019110302501 ], [ -111.602305210403998, 32.767183519138698 ], [ -111.602156356414994, 32.771531653369301 ], [ -111.602196535645007, 32.777490200603097 ], [ -111.597759913774993, 32.777398765789997 ], [ -111.585110302399997, 32.769514278260999 ], [ -111.585245575426995, 32.763067778109999 ] ] ] } },
{ "type": "Feature", "properties": { "OBJECTID": 49, "PROGRAM": "72", "CERTIFICATE": "216383", "CONVEYANCE": "0001", "NAME": "Avra Valley IDD / Herb Kai-Avra Facility", "EXIST_OR_P": "E", "GSF_OR_USF": "GSF", "AMA": "Tucson", "CRSPNDG_CE": "58.109179.0008", "STATUS": "Active", "LABEL": "Avra Valley IDD / Herb Kai Avra", "MAXSAVINGS": "9709.46", "Shape__Area": 176141.14331054699, "Shape__Length": 1678.9573140259299 }, "geometry": { "type": "Polygon", "coordinates": [ [ [ -111.282469123748996, 32.408108056329503 ], [ -111.287025985114994, 32.408099718696903 ], [ -111.287036183363, 32.411840126070103 ], [ -111.282557568117994, 32.411848289278502 ], [ -111.282469123748996, 32.408108056329503 ] ] ] } },
{ "type": "Feature", "properties": { "OBJECTID": 50, "PROGRAM": "72", "CERTIFICATE": "534978", "CONVEYANCE": "0000", "NAME": "Litchfield Park Service Co.", "EXIST_OR_P": "E", "GSF_OR_USF": "GSF", "AMA": "Phoenix", "CRSPNDG_CE": "not operating", "STATUS": "Active", "LABEL": "Litchfield Park Service Co.", "MAXSAVINGS": "840", "Shape__Area": 73514.757690429702, "Shape__Length": 1147.6635913991399 }, "geometry": { "type": "Polygon", "coordinates": [ [ [ -112.358497208429, 33.452854766024899 ], [ -112.358231353847998, 33.452839638897601 ], [ -112.358272188563006, 33.449723471972099 ], [ -112.358530442787, 33.449726275381302 ], [ -112.360804996127996, 33.449754033509898 ], [ -112.360739006461003, 33.451706204810002 ], [ -112.360278962391007, 33.451699700496398 ], [ -112.360233669611006, 33.452717629680997 ], [ -112.359253103802999, 33.452730079431497 ], [ -112.35923585402, 33.452766623017197 ], [ -112.359201123942, 33.452803081379798 ], [ -112.359140442859996, 33.452857578497401 ], [ -112.359084019383999, 33.452882998556603 ], [ -112.358997281499995, 33.452883385763599 ], [ -112.358497208429, 33.452854766024899 ] ] ] } },
{ "type": "Feature", "properties": { "OBJECTID": 51, "PROGRAM": "72", "CERTIFICATE": "534888", "CONVEYANCE": "0007", "NAME": "New Magma Irrigation & Drainage District", "EXIST_OR_P": "E", "GSF_OR_USF": "GSF", "AMA": "Phoenix", "CRSPNDG_CE": "57.002511.0000", "STATUS": "Active", "LABEL": "New Magma IDD", "MAXSAVINGS": "59506", "Shape__Area": 1346268.7962646501, "Shape__Length": 4891.1867959065003 }, "geometry": { "type": "Polygon", "coordinates": [ [ [ -111.546124320584994, 33.236387537812199 ], [ -111.546101322170003, 33.234580278061301 ], [ -111.546100622476004, 33.233821766458597 ], [ -111.546597543755993, 33.233797315717403 ], [ -111.547444678906004, 33.233834174558801 ], [ -111.548251409201001, 33.233739297261202 ], [ -111.548363013651993, 33.233726118885997 ], [ -111.550339653978995, 33.2333656138386 ], [ -111.550412733532994, 33.233359933607197 ], [ -111.551985002414995, 33.2332351430736 ], [ -111.552573459426, 33.233100893621298 ], [ -111.552783123300003, 33.2330531706301 ], [ -111.554499806782005, 33.232748714398802 ], [ -111.554585263269999, 33.232737342737799 ], [ -111.554734060849, 33.2327177952859 ], [ -111.556163365597996, 33.232530731788898 ], [ -111.556892102909998, 33.232463763362802 ], [ -111.557462291885003, 33.232411601128703 ], [ -111.558796243960003, 33.232263551463497 ], [ -111.559050021825996, 33.2322967985994 ], [ -111.559625047718001, 33.232372856448599 ], [ -111.560371249422005, 33.232204882013498 ], [ -111.561207405206005, 33.232099918740303 ], [ -111.561670556040994, 33.232042018017502 ], [ -111.563349050347, 33.2320132811398 ], [ -111.563364163442003, 33.232012649859001 ], [ -111.563367632235995, 33.232712805850902 ], [ -111.563376633249007, 33.234531397247999 ], [ -111.563377552522994, 33.236344390010402 ], [ -111.563378462689002, 33.2381565380308 ], [ -111.563379131369999, 33.239477099024498 ], [ -111.563379378785996, 33.239968680088602 ], [ -111.563379569386001, 33.2403119992982 ], [ -111.561218189277994, 33.240333892847502 ], [ -111.559064187923994, 33.240355720186798 ], [ -111.556910184916006, 33.240377505724197 ], [ -111.554756844691994, 33.240399251006302 ], [ -111.552603173332997, 33.2404209604831 ], [ -111.550449835248003, 33.240442631197197 ], [ -111.548296831542999, 33.240464267670802 ], [ -111.546173676606003, 33.240485449886997 ], [ -111.546170666706004, 33.2400026179291 ], [ -111.546163231256003, 33.239418611471997 ], [ -111.546163037861007, 33.239403390392503 ], [ -111.546147658188005, 33.238195076962803 ], [ -111.546124320584994, 33.236387537812199 ] ] ] } },
{ "type": "Feature", "properties": { "OBJECTID": 52, "PROGRAM": "72", "CERTIFICATE": "534978", "CONVEYANCE": "0000", "NAME": "Litchfield Park Service Co.", "EXIST_OR_P": "E", "GSF_OR_USF": "GSF", "AMA": "Phoenix", "CRSPNDG_CE": "not operating", "STATUS": "Active", "LABEL": "Litchfield Park Service Co.", "MAXSAVINGS": "840", "Shape__Area": 273149.86242675799, "Shape__Length": 2370.1612436342698 }, "geometry": { "type": "Polygon", "coordinates": [ [ [ -112.349626199148005, 33.456992523745903 ], [ -112.349644820156001, 33.455241123927998 ], [ -112.349663769518003, 33.453426722430699 ], [ -112.349677843021993, 33.452100948096003 ], [ -112.349683043040002, 33.451611471854903 ], [ -112.349685040110998, 33.451418577265102 ], [ -112.350581786616004, 33.451418489218597 ], [ -112.351289944379005, 33.451294088961397 ], [ -112.352130741642, 33.451267448657902 ], [ -112.352130125759004, 33.451141191335601 ], [ -112.352121693244001, 33.449774930049401 ], [ -112.353677469402996, 33.449761894589102 ], [ -112.353892616078994, 33.4497601089152 ], [ -112.353869561639996, 33.453272913592699 ], [ -112.353845530453, 33.456982450630498 ], [ -112.349626199148005, 33.456992523745903 ] ] ] } },
{ "type": "Feature", "properties": { "OBJECTID": 53, "PROGRAM": "72", "CERTIFICATE": "534888", "CONVEYANCE": "0007", "NAME": "New Magma Irrigation & Drainage District", "EXIST_OR_P": "E", "GSF_OR_USF": "GSF", "AMA": "Phoenix", "CRSPNDG_CE": "57.002511.0000", "STATUS": "Active", "LABEL": "New Magma IDD", "MAXSAVINGS": "59506", "Shape__Area": 631920.38952636695, "Shape__Length": 3756.8087059458699 }, "geometry": { "type": "Polygon", "coordinates": [ [ [ -111.490861745276007, 33.118258261069897 ], [ -111.492968359437, 33.118256695040401 ], [ -111.493012242497997, 33.1182568028619 ], [ -111.495120194877003, 33.118255195158703 ], [ -111.495164073615996, 33.118255297729497 ], [ -111.497272030797006, 33.118253653604697 ], [ -111.497315906894997, 33.118253478512102 ], [ -111.498848721304995, 33.118252135286298 ], [ -111.498832935164003, 33.119544321487297 ], [ -111.498839276910999, 33.120072817917602 ], [ -111.498861542604004, 33.121872794702398 ], [ -111.498861980650005, 33.121891118111101 ], [ -111.498897420969001, 33.1237096436897 ], [ -111.498907329559003, 33.124216419606199 ], [ -111.498821970948995, 33.125528054359997 ], [ -111.498782517346996, 33.126132274796397 ], [ -111.498887894286995, 33.127346179926498 ], [ -111.498939843179002, 33.127941573418603 ], [ -111.499196363321005, 33.129163891722399 ], [ -111.499250421088007, 33.129421591823998 ], [ -111.499384136448001, 33.130255409002899 ], [ -111.499419998847998, 33.130553490713403 ], [ -111.498083484391998, 33.129168350967397 ], [ -111.497638659803002, 33.128707294069599 ], [ -111.496332864663003, 33.127353864666702 ], [ -111.495431468245002, 33.126419932412901 ], [ -111.494581645037002, 33.125538787871598 ], [ -111.493209566108007, 33.124116812336801 ], [ -111.492816413105004, 33.1237217682786 ], [ -111.491011749538004, 33.121908540289603 ], [ -111.491008664545006, 33.121835546716902 ], [ -111.490936937444005, 33.120087343802801 ], [ -111.490861745276007, 33.118258261069897 ] ] ] } },
{ "type": "Feature", "properties": { "OBJECTID": 54, "PROGRAM": "72", "CERTIFICATE": "531381", "CONVEYANCE": "0006", "NAME": "Maricopa Stanfield Irrigation & Drainage District", "EXIST_OR_P": "E", "GSF_OR_USF": "GSF", "AMA": "Pinal", "CRSPNDG_CE": "57.001103.0000", "STATUS": "Active", "LABEL": "Maricopa Stanfield IDD", "MAXSAVINGS": "168114", "Shape__Area": 372249147.92675799, "Shape__Length": 243730.22750054099 }, "geometry": { "type": "Polygon", "coordinates": [ [ [ -111.921780734617997, 32.796824037638501 ], [ -111.920693291852004, 32.7968145759843 ], [ -111.920772601034997, 32.789495591786498 ], [ -111.912093241548007, 32.789431266530002 ], [ -111.912168182764006, 32.7967609682457 ], [ -111.920693291852004, 32.7968145759843 ], [ -111.920567207031993, 32.811176029636201 ], [ -111.926455720321997, 32.811202404571901 ], [ -111.929270453748003, 32.8112153224859 ], [ -111.929281430914003, 32.8186717328622 ], [ -111.929372758040998, 32.825827610301097 ], [ -111.929485472888004, 32.836629802906998 ], [ -111.942282012733003, 32.836661871055298 ], [ -111.942243926556998, 32.8330619083183 ], [ -111.937979259857002, 32.833094013141299 ], [ -111.937829322271, 32.825702940295798 ], [ -111.937828464033004, 32.818452815288403 ], [ -111.946442830257993, 32.818480860790402 ], [ -111.946420067301005, 32.811244430036403 ], [ -111.948745725969999, 32.811220025304202 ], [ -111.959860451991005, 32.811270986723301 ], [ -111.963658607720006, 32.811288542572903 ], [ -111.964221406057007, 32.811289834436302 ], [ -111.979272745988993, 32.811321600146499 ], [ -111.980848304530994, 32.811324460191301 ], [ -111.981161232784999, 32.8259828755752 ], [ -111.980947571716996, 32.825983428090197 ], [ -111.964184977835004, 32.825879425926601 ], [ -111.963919873864, 32.825876959468502 ], [ -111.963796436779006, 32.825823792972301 ], [ -111.959227027157993, 32.825858965204802 ], [ -111.959307352245006, 32.833317618296697 ], [ -111.959191108802997, 32.8366611112885 ], [ -111.950811674140994, 32.836597216702302 ], [ -111.950774601671995, 32.833124661484199 ], [ -111.946509942483004, 32.833157057915102 ], [ -111.946433567235999, 32.8403598290177 ], [ -111.950698575131, 32.840327426185503 ], [ -111.950735654845005, 32.843799977478398 ], [ -111.963839088067999, 32.843956596470001 ], [ -111.963800350476006, 32.840378079672703 ], [ -111.978592402188994, 32.8403712805071 ], [ -111.980828234149001, 32.8403700859484 ], [ -111.980750168051998, 32.8439534553711 ], [ -111.997977683534003, 32.843942678046297 ], [ -111.997878651915997, 32.850299952657899 ], [ -112.000693098881996, 32.850237961241099 ], [ -112.000694223170996, 32.850337738985203 ], [ -112.006264421428, 32.850336439892502 ], [ -112.006195503463999, 32.857768564498301 ], [ -112.014879334946002, 32.857698369221502 ], [ -112.014947645015994, 32.8503350340956 ], [ -112.015150101740005, 32.850342410783 ], [ -112.027593420900999, 32.850389022934102 ], [ -112.027635035109995, 32.853993395383 ], [ -112.031955529979001, 32.853971337184198 ], [ -112.032007668264995, 32.860482947955902 ], [ -112.032043724168005, 32.864973590643203 ], [ -112.031869585394006, 32.875068643862598 ], [ -112.032171540104002, 32.875067841779099 ], [ -112.032215162236994, 32.879401122710497 ], [ -112.032215703087999, 32.879505416807604 ], [ -112.032175195421004, 32.885684015674101 ], [ -112.032120155529, 32.893890582839497 ], [ -112.049335729202994, 32.8939800083783 ], [ -112.049333166918998, 32.886631419578599 ], [ -112.066512010330001, 32.8866178958014 ], [ -112.076434012209006, 32.886663043832201 ], [ -112.083240522200001, 32.886608730847399 ], [ -112.083220955683004, 32.888512712811199 ], [ -112.083170508598997, 32.893584708243999 ], [ -112.083175514809, 32.893940959536401 ], [ -112.083228420474001, 32.8981720610482 ], [ -112.083228742543994, 32.898472540474799 ], [ -112.083232905764007, 32.9005685499965 ], [ -112.083242350328007, 32.905783213547501 ], [ -112.083771621938993, 32.905781440435 ], [ -112.099841830437001, 32.905752608075602 ], [ -112.100234764730004, 32.905750838071498 ], [ -112.108861605927004, 32.905734881091703 ], [ -112.108834379737004, 32.913084215553397 ], [ -112.108736500502005, 32.927674999361102 ], [ -112.108732867136993, 32.934769847596698 ], [ -112.117251629456007, 32.934761559471397 ], [ -112.117250262531002, 32.935024847869698 ], [ -112.117206036183006, 32.9422384271708 ], [ -112.117430888339001, 32.942255579736397 ], [ -112.117446663178001, 32.956618084416299 ], [ -112.126158801947, 32.956666627242797 ], [ -112.126065463019003, 32.970851914251803 ], [ -112.126040279112004, 32.974712678029199 ], [ -112.126028429046997, 32.976464345549502 ], [ -112.126016936257002, 32.9782441977326 ], [ -112.125710646675998, 32.978299954539203 ], [ -112.124490639035002, 32.978296297190198 ], [ -112.124146836750995, 32.978294883797297 ], [ -112.123422449372001, 32.978292388707203 ], [ -112.122687377101002, 32.978291112941498 ], [ -112.117212064384006, 32.978275992857199 ], [ -112.117242998313998, 32.974628833875201 ], [ -112.117258143490005, 32.972859096529902 ], [ -112.117271427285004, 32.971154204572997 ], [ -112.115693089681002, 32.971154230807599 ], [ -112.114948732968003, 32.971154122750598 ], [ -112.114184295358996, 32.971153058339702 ], [ -112.113448633249007, 32.971153422989502 ], [ -112.112693558352007, 32.971152265070899 ], [ -112.111937827687996, 32.9711522358892 ], [ -112.108809895801997, 32.971150752668699 ], [ -112.107826773298001, 32.9711504651019 ], [ -112.106994133247994, 32.9711505253835 ], [ -112.106166845914004, 32.971150532700001 ], [ -112.105335534860004, 32.971150006414 ], [ -112.102850984208999, 32.971149438950398 ], [ -112.10202369772, 32.9711499825357 ], [ -112.100159790484, 32.971150080676203 ], [ -112.100162833667, 32.970802784023597 ], [ -112.100164447699001, 32.970609404648499 ], [ -112.100163822403005, 32.9699126172615 ], [ -112.100162668975997, 32.969388903429802 ], [ -112.099780881732997, 32.9693956538881 ], [ -112.098903012774997, 32.969414096865798 ], [ -112.097864659566, 32.969434509193398 ], [ -112.095819381442993, 32.969475599537901 ], [ -112.093701897005005, 32.969518421640103 ], [ -112.091695396039995, 32.969558541136699 ], [ -112.091470742088006, 32.969563323390901 ], [ -112.091458376681004, 32.9702968706641 ], [ -112.091471546159994, 32.9708774163757 ], [ -112.091436214591994, 32.971538442498897 ], [ -112.091425047589993, 32.972152461112003 ], [ -112.091413920609995, 32.9727693006948 ], [ -112.091402731187003, 32.973381066256401 ], [ -112.091390387196995, 32.974008062670897 ], [ -112.091378821771997, 32.974644071965201 ], [ -112.091367131000993, 32.975269372250402 ], [ -112.091355956932006, 32.9758828313526 ], [ -112.091344864422993, 32.976502488050997 ], [ -112.091330025822003, 32.977252404443298 ], [ -112.091295563141998, 32.979179034170798 ], [ -112.091262255062006, 32.9809816336873 ], [ -112.091229911317996, 32.982754340102296 ], [ -112.091194736923995, 32.984677031009802 ], [ -112.092074236480002, 32.984669899026599 ], [ -112.092791218260999, 32.984664184242398 ], [ -112.093508192878005, 32.984657901670303 ], [ -112.094209120566006, 32.9846523193428 ], [ -112.094955536971995, 32.9846474607373 ], [ -112.095664505056007, 32.9846429317031 ], [ -112.096379480411997, 32.984637213917999 ], [ -112.097104482381994, 32.984631403035301 ], [ -112.097815454110005, 32.984626839670398 ], [ -112.098528966616001, 32.984610976152503 ], [ -112.098774220265, 32.984700707441299 ], [ -112.099246741523004, 32.9846159264306 ], [ -112.100031278157005, 32.9846101381317 ], [ -112.100058843945007, 32.985375468258901 ], [ -112.100053820903995, 32.985617359118997 ], [ -112.100020495739997, 32.987350611818997 ], [ -112.099985413065994, 32.989157731153902 ], [ -112.099948810523003, 32.9909502063527 ], [ -112.099912808957995, 32.992791156699099 ], [ -112.099840211418993, 32.996425148418197 ], [ -112.099804234201002, 32.998214231031 ], [ -112.099782780534994, 32.999341349473099 ], [ -112.082586413707006, 32.999748861150501 ], [ -112.065343248839994, 32.9998973308088 ], [ -112.048171532924997, 33.0000428229853 ], [ -112.048386301978994, 32.985638306780601 ], [ -112.048127659901994, 32.9637781547667 ], [ -112.030950782408993, 32.963921232875002 ], [ -112.030586354636, 32.963924242188902 ], [ -112.013653963286004, 32.963934389118101 ], [ -111.998074790356, 32.962258779109597 ], [ -111.99685224337, 32.962011491955302 ], [ -111.996910119798997, 32.967155877878298 ], [ -111.981503023203004, 32.967278165951498 ], [ -111.981447472013997, 32.962262844778799 ], [ -111.979768427902997, 32.962276055488402 ], [ -111.977022089895001, 32.962168512941702 ], [ -111.976999415237998, 32.960111532435903 ], [ -111.972881135666995, 32.960143749328203 ], [ -111.968303415524005, 32.960050860990897 ], [ -111.968232320430999, 32.9673154489941 ], [ -111.959840591716997, 32.967318352089698 ], [ -111.959936667498994, 32.962173302817803 ], [ -111.946206612221005, 32.962149198621702 ], [ -111.946261539141005, 32.967293099113697 ], [ -111.937718626795004, 32.967357673628499 ], [ -111.937751304306005, 32.9991219104039 ], [ -111.946010336355002, 32.999188554186603 ], [ -111.946163563327005, 32.999315364225097 ], [ -111.954564573921004, 33.014169252252202 ], [ -111.962942016436998, 33.014104760019897 ], [ -111.962827389173, 33.003560693371497 ], [ -111.970202107502999, 33.008003325371902 ], [ -111.972762028763995, 33.004897956252798 ], [ -111.966922427854001, 33.001213647963702 ], [ -111.968732317312003, 32.999271548626901 ], [ -111.976514285473996, 32.999210787850799 ], [ -111.976524206872, 33.000109898378099 ], [ -111.976220499223004, 33.000112276521897 ], [ -111.976140986353002, 33.006800671606797 ], [ -111.973427933802995, 33.009907870163502 ], [ -111.979730274888993, 33.013973828267801 ], [ -111.980002885353002, 32.9991833882275 ], [ -111.980176812650001, 32.9991820190928 ], [ -111.996660677798005, 32.9993077354261 ], [ -112.013758169343006, 32.999684602144498 ], [ -112.030700362101001, 32.999931353810602 ], [ -112.030837371486996, 32.999747000962302 ], [ -112.030843280312993, 33.000024882292898 ], [ -112.030701850029004, 33.000059310572396 ], [ -112.030716915162998, 33.014462919789899 ], [ -112.048271236763, 33.014573092233398 ], [ -112.048070230679002, 33.0363082458191 ], [ -112.056772723129995, 33.036234774556704 ], [ -112.056815734842999, 33.039835598322497 ], [ -112.065518090194999, 33.039890049959297 ], [ -112.065496288953, 33.050692083825801 ], [ -112.078477554567996, 33.050836935521097 ], [ -112.078563841793994, 33.0579099920744 ], [ -112.082840040562999, 33.058001442905002 ], [ -112.082929692649998, 33.065373801259703 ], [ -112.082742227923006, 33.065373171445799 ], [ -112.082852273805003, 33.072604974754498 ], [ -112.080730233028007, 33.072587316620798 ], [ -112.080422208776, 33.072584916951001 ], [ -112.071213137990995, 33.068775762119202 ], [ -112.065682300182999, 33.066122874707702 ], [ -112.065472764812, 33.066124666068099 ], [ -112.065331350091995, 33.059947289838298 ], [ -112.065284321055998, 33.057878200481198 ], [ -112.060975794100003, 33.057880566776397 ], [ -112.055524256805995, 33.057861464126503 ], [ -112.055589967085993, 33.054225905594102 ], [ -112.055651172435006, 33.050829973852402 ], [ -112.054261965093005, 33.050811857411801 ], [ -112.054255803919006, 33.053046015889301 ], [ -112.052224215606998, 33.053052474680896 ], [ -112.052251947908005, 33.050770211251098 ], [ -112.048986838344007, 33.050786461002303 ], [ -112.049046992092002, 33.051173807114701 ], [ -112.048485047124004, 33.051203343378397 ], [ -112.048488379229994, 33.051710115421201 ], [ -112.049037805124001, 33.0516970370916 ], [ -112.049053346272004, 33.053063418635098 ], [ -112.049061291461996, 33.053733076947097 ], [ -112.048528400549998, 33.053730232071899 ], [ -112.048537210646003, 33.054247107710097 ], [ -112.048031018149999, 33.054237834361402 ], [ -112.047733744878002, 33.054233568021502 ], [ -112.047743560377995, 33.054779188233098 ], [ -112.046863355461994, 33.054730211569499 ], [ -112.043470451743005, 33.052666057700101 ], [ -112.042511071557996, 33.053905298774303 ], [ -112.042126761220004, 33.054410805292598 ], [ -112.042836187594006, 33.054908291789303 ], [ -112.042861017742993, 33.057864345562002 ], [ -112.046957703285997, 33.057892573882498 ], [ -112.048047503993999, 33.0578873578893 ], [ -112.048044176299001, 33.059413432522497 ], [ -112.048039879520999, 33.060575339213301 ], [ -112.048032512180995, 33.062946495849197 ], [ -112.048029301821003, 33.064031160939301 ], [ -112.048026123653997, 33.065174456136099 ], [ -112.052339340754003, 33.065197861488798 ], [ -112.056689381319003, 33.065221368386901 ], [ -112.056612392958002, 33.0725004642063 ], [ -112.056698528531996, 33.079701499823599 ], [ -112.065475105931995, 33.0796431021557 ], [ -112.069750001516994, 33.079651005391902 ], [ -112.082818404419996, 33.079673970112999 ], [ -112.082836207794998, 33.076156098016099 ], [ -112.091312439914006, 33.076316658490597 ], [ -112.091358518264997, 33.080045931751897 ], [ -112.095788189543995, 33.080007054228098 ], [ -112.095858826565006, 33.080087607892303 ], [ -112.095913345113999, 33.087124805298899 ], [ -112.089470991892, 33.087002608431 ], [ -112.088994074042006, 33.0869932469841 ], [ -112.082914103579995, 33.0868776936302 ], [ -112.082783516766, 33.086877701384701 ], [ -112.073884372275003, 33.086880883008703 ], [ -112.069025294762994, 33.086882650014402 ], [ -112.065332775008997, 33.086884400265298 ], [ -112.056127567727003, 33.086887239602703 ], [ -112.055935386282002, 33.086888305653602 ], [ -112.047864818063005, 33.086910791837497 ], [ -112.037103578829999, 33.086939960548399 ], [ -112.031041736158002, 33.086997612593301 ], [ -112.030737318749999, 33.086964614106797 ], [ -112.030092344181, 33.087015047955902 ], [ -112.021860178942006, 33.087255352255099 ], [ -112.013332407563993, 33.087534161586298 ], [ -112.013220612083003, 33.087537892525098 ], [ -112.000669239792003, 33.087688959291 ], [ -112.000669032885995, 33.087788743102401 ], [ -112.000477803327996, 33.087992660899999 ], [ -111.996113973671001, 33.088036682678698 ], [ -111.995706875785999, 33.088042759870604 ], [ -111.988276957577995, 33.087943003013301 ], [ -111.987378780796007, 33.087930965861098 ], [ -111.979198047553993, 33.087821402015301 ], [ -111.978707839408003, 33.087821310767502 ], [ -111.970400806073002, 33.087735278259402 ], [ -111.970592349198, 33.072562310328898 ], [ -111.970682989479997, 33.065392463393302 ], [ -111.961989688974001, 33.065485317995901 ], [ -111.944845209386997, 33.065969535052503 ], [ -111.944719312166001, 33.065966543599799 ], [ -111.935236554840003, 33.065745006446598 ], [ -111.927171659972004, 33.065566875056703 ], [ -111.927190324416003, 33.058219419832803 ], [ -111.927209337364005, 33.051095761581799 ], [ -111.927227428167001, 33.043755058928397 ], [ -111.927311033693002, 33.039024582069104 ], [ -111.927351045847004, 33.036775488388798 ], [ -111.927486343794996, 33.028995294347801 ], [ -111.936151783861007, 33.029004302578699 ], [ -111.937427333247001, 33.014214859963097 ], [ -111.929070665045998, 33.014160224540298 ], [ -111.920477760797993, 33.0140374332844 ], [ -111.920436958910003, 33.000067389313699 ], [ -111.920673670412995, 33.000055489140799 ], [ -111.920613471430002, 32.9990919093499 ], [ -111.918320553209995, 32.999072752283901 ], [ -111.915952026742005, 32.999052985783102 ], [ -111.911975061611003, 32.999020720079201 ], [ -111.912123166895, 32.984046717607299 ], [ -111.912251146821006, 32.984002935275498 ], [ -111.916853799273994, 32.984061036907299 ], [ -111.925323872666993, 32.984165851893799 ], [ -111.929183278495003, 32.9842137968771 ], [ -111.929183305711007, 32.983833819194302 ], [ -111.929183510501005, 32.982578326418597 ], [ -111.928815958532994, 32.982355560299702 ], [ -111.916740624788005, 32.974936263359403 ], [ -111.912308184541004, 32.972071621572297 ], [ -111.912278812178002, 32.969218634946003 ], [ -111.912193818586005, 32.9690833908816 ], [ -111.912149696062002, 32.954594431497597 ], [ -111.912148333153993, 32.954266897287702 ], [ -111.912258358646, 32.954172505307298 ], [ -111.911191710717006, 32.939389941487399 ], [ -111.912265215942995, 32.939369122395199 ], [ -111.919492691092003, 32.939525183215203 ], [ -111.919391282961001, 32.938062394602099 ], [ -111.929439515176995, 32.938111917764402 ], [ -111.930801106838004, 32.938151369774303 ], [ -111.936596282948997, 32.938101203636997 ], [ -111.938043729597993, 32.938103851421403 ], [ -111.937966673147002, 32.934419670489802 ], [ -111.937931321972997, 32.923042603839903 ], [ -111.929401857778004, 32.923028099763002 ], [ -111.929371381447993, 32.910283264579498 ], [ -111.929367178091994, 32.908476424238202 ], [ -111.929358521322996, 32.906627331519701 ], [ -111.929298972992996, 32.893971757093901 ], [ -111.920846966140999, 32.894004546261897 ], [ -111.912096927755002, 32.894038383620803 ], [ -111.912091113933997, 32.879406902785398 ], [ -111.912105441589006, 32.8750719660542 ], [ -111.912106743167001, 32.874873508332101 ], [ -111.912178744065997, 32.872122906916204 ], [ -111.912103580537007, 32.864793298142501 ], [ -111.907944357914005, 32.864836026761097 ], [ -111.907891487635993, 32.863124798280801 ], [ -111.905662568216002, 32.863141556046401 ], [ -111.905657308559, 32.859474816254199 ], [ -111.905368584583996, 32.859392907980997 ], [ -111.903500835862999, 32.8593810720131 ], [ -111.903496887139994, 32.857676252006399 ], [ -111.901303136058004, 32.857656594447 ], [ -111.894946952523, 32.857661170702897 ], [ -111.894892788399005, 32.850414245547597 ], [ -111.894822887722, 32.843593072826998 ], [ -111.892539922845003, 32.843633094272697 ], [ -111.890324147865002, 32.843647223270203 ], [ -111.889049054164005, 32.843629815431697 ], [ -111.881836273127007, 32.843626846200301 ], [ -111.881836058760996, 32.841919171124303 ], [ -111.877780988268995, 32.841921250166898 ], [ -111.877854324384003, 32.822122575223801 ], [ -111.886192793079999, 32.822163473991203 ], [ -111.886270966143002, 32.811225060167601 ], [ -111.886298050823001, 32.807502238463499 ], [ -111.889529542971999, 32.807478143679099 ], [ -111.894806320479006, 32.807437633759299 ], [ -111.894781350011002, 32.796766048869898 ], [ -111.877698241369998, 32.796708509806599 ], [ -111.877681596010007, 32.8066835850451 ], [ -111.877670428311006, 32.809889311947501 ], [ -111.877665575739996, 32.811227194185101 ], [ -111.877668421631995, 32.813211674695701 ], [ -111.877670696007002, 32.816290452062702 ], [ -111.877673100083996, 32.819246891469 ], [ -111.877674807331005, 32.821182894810299 ], [ -111.869162590887996, 32.821117269202297 ], [ -111.869163385096996, 32.8357777435426 ], [ -111.860506907965004, 32.835785838258602 ], [ -111.860458692638005, 32.829135278333901 ], [ -111.860442547915, 32.826910722517503 ], [ -111.860399338345999, 32.821121572002497 ], [ -111.860416257473005, 32.817548787407802 ], [ -111.860417552135999, 32.817406708235097 ], [ -111.860433866505005, 32.813840122627703 ], [ -111.860452233868997, 32.809863659687302 ], [ -111.860466083096995, 32.806663545642799 ], [ -111.860484634306005, 32.804850300042702 ], [ -111.860542230766995, 32.799335563335902 ], [ -111.869158906113, 32.799374004771899 ], [ -111.869154872815002, 32.792109154828303 ], [ -111.875676670288996, 32.792044446398798 ], [ -111.877647647369002, 32.792108980740601 ], [ -111.877638985936997, 32.7822028458516 ], [ -111.888143339652999, 32.782238564406001 ], [ -111.890423211986004, 32.782247148866702 ], [ -111.912013199274, 32.782318651418699 ], [ -111.920699689002006, 32.782364895750199 ], [ -111.921895711839994, 32.782371301450901 ], [ -111.929190642311994, 32.7824114288495 ], [ -111.929193247767003, 32.796888650702698 ], [ -111.921780734617997, 32.796824037638501 ] ], [ [ -111.980620945501002, 32.879435749707703 ], [ -111.972925383925997, 32.879348835965502 ], [ -111.972949647259995, 32.881565941687299 ], [ -111.973700556975004, 32.8815600858468 ], [ -111.973521498479002, 32.8823530101755 ], [ -111.974647201422997, 32.882344221464102 ], [ -111.980464784834993, 32.882298649178402 ], [ -111.980620945501002, 32.879435749707703 ] ], [ [ -111.903305004116007, 32.822108524512601 ], [ -111.903326298162995, 32.818478779458303 ], [ -111.898949688865997, 32.818466944305698 ], [ -111.898939988647996, 32.814923676012903 ], [ -111.894862621456994, 32.8149089797706 ], [ -111.894916007822005, 32.822087738511797 ], [ -111.903305004116007, 32.822108524512601 ] ], [ [ -112.057798197213998, 32.915606567294098 ], [ -112.057785198120001, 32.908286291458403 ], [ -112.057771217238994, 32.901162759200602 ], [ -112.049444726147001, 32.901115723341903 ], [ -112.049544009371999, 32.907652797687398 ], [ -112.049553909115005, 32.908377708785302 ], [ -112.049557361736007, 32.915625916306396 ], [ -112.051563103533994, 32.915621451591498 ], [ -112.057798197213998, 32.915606567294098 ] ], [ [ -111.972379881313998, 32.886587337595003 ], [ -111.972301107649997, 32.879385837243198 ], [ -111.966814387702996, 32.879428462262801 ], [ -111.966643901519006, 32.8777582163289 ], [ -111.966033247514005, 32.877634406322997 ], [ -111.966016475605002, 32.876090376720697 ], [ -111.963729755063994, 32.8759795181778 ], [ -111.963720005683001, 32.875079818120902 ], [ -111.963913122191002, 32.864790124127197 ], [ -111.961626025753006, 32.864679223036298 ], [ -111.961552302173999, 32.8720099075191 ], [ -111.957744079310004, 32.872167164424802 ], [ -111.957624302428997, 32.875126740492298 ], [ -111.957928916610001, 32.875124404272903 ], [ -111.957935839377996, 32.875767046076902 ], [ -111.955192918456007, 32.875788068973002 ], [ -111.955079285752007, 32.879390289655099 ], [ -111.956907758089997, 32.879376279726898 ], [ -111.956834336092001, 32.886707508614798 ], [ -111.972379881313998, 32.886587337595003 ] ] ] } },
{ "type": "Feature", "properties": { "OBJECTID": 55, "PROGRAM": "72", "CERTIFICATE": "534489", "CONVEYANCE": "0005", "NAME": "Hohokam Irrigation District", "EXIST_OR_P": "E", "GSF_OR_USF": "GSF", "AMA": "Pinal", "CRSPNDG_CE": "57.001102.0000", "STATUS": "Active", "LABEL": "Hohokam ID", "MAXSAVINGS": "82000", "Shape__Area": 408913.73388671898, "Shape__Length": 2630.15045935748 }, "geometry": { "type": "Polygon", "coordinates": [ [ [ -111.480514080256, 32.913002390135802 ], [ -111.480535831205003, 32.908497110474102 ], [ -111.489197274155003, 32.908526539475602 ], [ -111.489187827809005, 32.913122539367102 ], [ -111.480514080256, 32.913002390135802 ] ] ] } },
{ "type": "Feature", "properties": { "OBJECTID": 56, "PROGRAM": "72", "CERTIFICATE": "216383", "CONVEYANCE": "0001", "NAME": "Avra Valley IDD / Herb Kai-Avra Facility", "EXIST_OR_P": "E", "GSF_OR_USF": "GSF", "AMA": "Tucson", "CRSPNDG_CE": "58.109179.0007", "STATUS": "Active", "LABEL": "Avra Valley IDD / Herb Kai Avra", "MAXSAVINGS": "9709.46", "Shape__Area": 3548773.83093262, "Shape__Length": 10683.703557602201 }, "geometry": { "type": "Polygon", "coordinates": [ [ [ -111.259665196127997, 32.402199976663397 ], [ -111.259647627291997, 32.394992588861797 ], [ -111.261811763381999, 32.3949889514316 ], [ -111.261768076034002, 32.374005270109798 ], [ -111.269653555253001, 32.373992011195597 ], [ -111.269702175662005, 32.393229216109198 ], [ -111.276640019588996, 32.393216979555802 ], [ -111.276678114332995, 32.407751823008397 ], [ -111.269475148761998, 32.407764524160299 ], [ -111.269461001425, 32.402183330320902 ], [ -111.259665196127997, 32.402199976663397 ] ] ] } },
{ "type": "Feature", "properties": { "OBJECTID": 57, "PROGRAM": "72", "CERTIFICATE": "216383", "CONVEYANCE": "0001", "NAME": "Avra Valley IDD / Herb Kai-Avra Facility", "EXIST_OR_P": "E", "GSF_OR_USF": "GSF", "AMA": "Tucson", "CRSPNDG_CE": "58.112042.0000", "STATUS": "Active", "LABEL": "Avra Valley IDD / Herb Kai Avra", "MAXSAVINGS": "9709.46", "Shape__Area": 162690.921875, "Shape__Length": 1622.20717104562 }, "geometry": { "type": "Polygon", "coordinates": [ [ [ -111.250793247269996, 32.377315310574502 ], [ -111.255553215293006, 32.377307709655 ], [ -111.255560801130002, 32.380585524970897 ], [ -111.250800654871, 32.3805931234361 ], [ -111.250793247269996, 32.377315310574502 ] ] ] } },
{ "type": "Feature", "properties": { "OBJECTID": 58, "PROGRAM": "72", "CERTIFICATE": "531382", "CONVEYANCE": "0006", "NAME": "Central Arizona Irrigation and Drainage District", "EXIST_OR_P": "E", "GSF_OR_USF": "GSF", "AMA": "Pinal", "CRSPNDG_CE": "57.001101.0000", "STATUS": "Active", "LABEL": "Central Arizona IDD", "MAXSAVINGS": "110000", "Shape__Area": 5221693.1918945303, "Shape__Length": 14448.156735508899 }, "geometry": { "type": "Polygon", "coordinates": [ [ [ -111.593511936824001, 32.821223404076299 ], [ -111.602180100791003, 32.821339169878399 ], [ -111.602166699836005, 32.827854949631799 ], [ -111.602164134968007, 32.828562512957099 ], [ -111.602148056359994, 32.835867041048303 ], [ -111.593408794338004, 32.835817017046303 ], [ -111.584835847562005, 32.835771802684903 ], [ -111.580574026872, 32.8357917074648 ], [ -111.567611960443998, 32.835701392812702 ], [ -111.567742124456004, 32.828355187953498 ], [ -111.576086113222999, 32.828316935079997 ], [ -111.576218848674998, 32.821270642682201 ], [ -111.584856828173997, 32.821264277146398 ], [ -111.584832856822004, 32.817610462094301 ], [ -111.58495879422, 32.810448039262603 ], [ -111.593439943730999, 32.810407994281 ], [ -111.593511936824001, 32.821223404076299 ] ], [ [ -111.593448907557004, 32.821384383916602 ], [ -111.593320917198, 32.821416003746002 ], [ -111.593322402539002, 32.821237839473199 ], [ -111.590595368783994, 32.821214690480801 ], [ -111.589089110521002, 32.8212246315492 ], [ -111.589056882356005, 32.824834730577003 ], [ -111.589039846407999, 32.8253895791701 ], [ -111.588949865816005, 32.828445743231498 ], [ -111.593251495556999, 32.828441148114202 ], [ -111.593306592331999, 32.822874593077302 ], [ -111.593318277945002, 32.821721587144602 ], [ -111.593448907557004, 32.821384383916602 ] ] ] } },
{ "type": "Feature", "properties": { "OBJECTID": 59, "PROGRAM": "72", "CERTIFICATE": "534888", "CONVEYANCE": "0007", "NAME": "New Magma Irrigation & Drainage District", "EXIST_OR_P": "E", "GSF_OR_USF": "GSF", "AMA": "Phoenix", "CRSPNDG_CE": "57.002511.0000", "STATUS": "Active", "LABEL": "New Magma IDD", "MAXSAVINGS": "59506", "Shape__Area": 18049893.1019287, "Shape__Length": 36382.791477411003 }, "geometry": { "type": "Polygon", "coordinates": [ [ [ -111.528541711038002, 33.191030149033999 ], [ -111.526427374753993, 33.191039117738903 ], [ -111.526364682952007, 33.191039382852701 ], [ -111.524250010974995, 33.191048310579902 ], [ -111.524187659207001, 33.191048573165098 ], [ -111.522072645167, 33.191057470753698 ], [ -111.522010294444996, 33.191057732243799 ], [ -111.519895284781995, 33.191066587405103 ], [ -111.519832928699003, 33.191066853238901 ], [ -111.517718253859002, 33.191075670010697 ], [ -111.517655561943002, 33.191075930738599 ], [ -111.515540886189001, 33.191084715934998 ], [ -111.515478199609007, 33.191084975544101 ], [ -111.513363522879999, 33.191093718341598 ], [ -111.513301163967, 33.191093694080401 ], [ -111.511124081559004, 33.191094486779299 ], [ -111.510292024424999, 33.1910979005497 ], [ -111.510198667851995, 33.1892827358555 ], [ -111.511027027867996, 33.189280178641098 ], [ -111.510929978812996, 33.187467000062 ], [ -111.510832931462005, 33.185652413738602 ], [ -111.510735883251996, 33.183837825893399 ], [ -111.510638843253005, 33.182022950556103 ], [ -111.510541467772001, 33.180208081383 ], [ -111.510444429835999, 33.178392928778599 ], [ -111.510347063829002, 33.176577207734702 ], [ -111.508169967647007, 33.176571463277298 ], [ -111.508115329779002, 33.176571404847301 ], [ -111.505937562989004, 33.1765656231835 ], [ -111.505883595477002, 33.176565561049998 ], [ -111.503705492196005, 33.176559460282803 ], [ -111.503651864684002, 33.176559395806301 ], [ -111.501473422781004, 33.176553538779103 ], [ -111.501420464552993, 33.1765534706457 ], [ -111.501379907526001, 33.176553352550997 ], [ -111.500694753600996, 33.176549911231099 ], [ -111.499946264707006, 33.176547848875401 ], [ -111.499899689111999, 33.174725153496297 ], [ -111.499853092969005, 33.172899353862803 ], [ -111.499806507851005, 33.171074121884502 ], [ -111.499780204106003, 33.170045101215599 ], [ -111.499000673772997, 33.170055561757799 ], [ -111.496795788905004, 33.170084969093502 ], [ -111.496774962136996, 33.169247319102503 ], [ -111.496755045155993, 33.168452228030702 ], [ -111.494556139056002, 33.1684646591495 ], [ -111.492325395587997, 33.168477459645203 ], [ -111.492341765502005, 33.169245507467203 ], [ -111.492380466951005, 33.171066548916201 ], [ -111.492419170470001, 33.172887585296898 ], [ -111.492457876611994, 33.1747089070508 ], [ -111.492496574263996, 33.176529102593499 ], [ -111.490294777730995, 33.176540062028003 ], [ -111.488079573883994, 33.176551031476002 ], [ -111.485864028981993, 33.176561966449398 ], [ -111.483648817672005, 33.176572861603297 ], [ -111.481433648705007, 33.176590477666103 ], [ -111.479218757496, 33.176599038665103 ], [ -111.477003537117, 33.176607557012296 ], [ -111.474774904170999, 33.176616087091503 ], [ -111.474741333726996, 33.174809964660199 ], [ -111.474708098221001, 33.173003554480502 ], [ -111.474674537251005, 33.171197708754697 ], [ -111.474641308450998, 33.169391860323699 ], [ -111.474607746874995, 33.167586013526197 ], [ -111.474574527108004, 33.165780163986902 ], [ -111.474540966622001, 33.163974033784697 ], [ -111.474507748197993, 33.1621687469178 ], [ -111.474470443995003, 33.160350793831803 ], [ -111.474433477901002, 33.158533120335598 ], [ -111.474396179210999, 33.156715443049698 ], [ -111.474359218192006, 33.154897767538998 ], [ -111.474321922032004, 33.153079812234999 ], [ -111.474284968475999, 33.151262977171903 ], [ -111.474247674004005, 33.149445583618501 ], [ -111.474247256482997, 33.149430362992298 ], [ -111.476422749479994, 33.147595208205701 ], [ -111.478552212872998, 33.146062360854302 ], [ -111.479006799998999, 33.145735043332998 ], [ -111.480709970638003, 33.1445087932048 ], [ -111.481586399779999, 33.143877944967798 ], [ -111.482684093607006, 33.143087535672201 ], [ -111.482873342964993, 33.143198425242403 ], [ -111.483667995293004, 33.143664378192199 ], [ -111.485052623095001, 33.142717238876898 ], [ -111.485952543858005, 33.142101489842602 ], [ -111.487229081302004, 33.142094520903399 ], [ -111.488515001383007, 33.142087784415601 ], [ -111.488505554325997, 33.142075979953098 ], [ -111.488413115631005, 33.141962182975703 ], [ -111.487757285764999, 33.141155211050403 ], [ -111.489366221786995, 33.140131599823199 ], [ -111.489384580229995, 33.140119967616997 ], [ -111.491555368842, 33.138738667743198 ], [ -111.491847158582004, 33.138552886583902 ], [ -111.492623630717006, 33.138284567027704 ], [ -111.493695707483994, 33.137914438513199 ], [ -111.495805385015998, 33.137185569759602 ], [ -111.496170870399993, 33.1370592411728 ], [ -111.496339371467002, 33.136460992035303 ], [ -111.496852719038998, 33.134635483109399 ], [ -111.497869856986995, 33.134632543732003 ], [ -111.499747819432997, 33.1333554388547 ], [ -111.499954426426996, 33.133513866982199 ], [ -111.501399013107999, 33.134621750376901 ], [ -111.502111399366001, 33.135168253369798 ], [ -111.502334839444003, 33.135339296303499 ], [ -111.502121000344999, 33.1355008278586 ], [ -111.500857320324002, 33.136454152011297 ], [ -111.500044656658005, 33.137067403196298 ], [ -111.498648484693007, 33.138120744877497 ], [ -111.498664826224001, 33.138284729654501 ], [ -111.498762216366003, 33.139269782750198 ], [ -111.497981165154002, 33.139674300936697 ], [ -111.497139968933993, 33.140109783742702 ], [ -111.495873156328997, 33.1407656926472 ], [ -111.495736847290004, 33.1408361422653 ], [ -111.495154644237005, 33.141928477072803 ], [ -111.494337679639003, 33.1434606251741 ], [ -111.493929819729004, 33.143744120079901 ], [ -111.493788975967007, 33.143842212111402 ], [ -111.491659873947995, 33.145323449493901 ], [ -111.491327103206004, 33.145554776089298 ], [ -111.489495321754006, 33.146829031169403 ], [ -111.488658857043006, 33.147411013738001 ], [ -111.489504856463, 33.147398102762097 ], [ -111.489531997322999, 33.147397714674597 ], [ -111.491692407640997, 33.147364947806402 ], [ -111.491754573288006, 33.149193232981801 ], [ -111.491816382281002, 33.151017006268098 ], [ -111.491835653077999, 33.151585475925003 ], [ -111.489683087827004, 33.152382376224899 ], [ -111.489209893549997, 33.152557311074098 ], [ -111.488877898678993, 33.152091550482801 ], [ -111.488529608955005, 33.151646991300403 ], [ -111.488227200831005, 33.151378142697098 ], [ -111.488191569669993, 33.151358266918798 ], [ -111.488165702369997, 33.151346813648701 ], [ -111.488138841272999, 33.151337336046097 ], [ -111.488111317806002, 33.151329269059602 ], [ -111.488083134608999, 33.151322895907597 ], [ -111.488054625147996, 33.151318213478703 ], [ -111.488025457538001, 33.151315510812204 ], [ -111.487996299288994, 33.151314498455399 ], [ -111.487967150398006, 33.151315176408303 ], [ -111.487961793785004, 33.151315478818901 ], [ -111.487953069541007, 33.151313541219402 ], [ -111.487946385450002, 33.151316948111401 ], [ -111.487938345412005, 33.151317542458301 ], [ -111.487909551369, 33.151321885648898 ], [ -111.487881435296003, 33.151327635105602 ], [ -111.487853664685005, 33.151335354980901 ], [ -111.487826578954994, 33.151344761618901 ], [ -111.487800499312996, 33.1513555741411 ], [ -111.487775434837005, 33.1513680766435 ], [ -111.487751722788005, 33.151381982773003 ], [ -111.487729019425004, 33.151397570791502 ], [ -111.487707666974998, 33.151414289137499 ], [ -111.487687661080002, 33.151432125200998 ], [ -111.487672695563006, 33.151452194729302 ], [ -111.487472989493995, 33.151817163718199 ], [ -111.487452420842999, 33.151854449124897 ], [ -111.486890155121998, 33.1521610805992 ], [ -111.486244031378007, 33.1523930552667 ], [ -111.485721420944998, 33.152540546875898 ], [ -111.485408213791004, 33.152620412637901 ], [ -111.485302098147002, 33.152641400836501 ], [ -111.485078161714, 33.152685403348599 ], [ -111.484918097286993, 33.152826967270499 ], [ -111.4848459838, 33.152936895463696 ], [ -111.484645940947004, 33.153242382264899 ], [ -111.484596817235996, 33.153692166705703 ], [ -111.484428471930997, 33.154095341156001 ], [ -111.484073554579993, 33.154392415580702 ], [ -111.483842501515994, 33.154605000760299 ], [ -111.483630226578995, 33.154760010835197 ], [ -111.483593115014997, 33.154775658557597 ], [ -111.483332998302004, 33.154884066106 ], [ -111.483165249333993, 33.154910085804403 ], [ -111.483203481256993, 33.156437706772202 ], [ -111.483179088431001, 33.156451046410702 ], [ -111.482862590622005, 33.156606745395798 ], [ -111.482530054029993, 33.156770399142303 ], [ -111.481848771893993, 33.157016013713701 ], [ -111.481168331141006, 33.1572325957857 ], [ -111.481022747799997, 33.157267546097202 ], [ -111.480507343919996, 33.157391310513901 ], [ -111.479947893086006, 33.157610799777899 ], [ -111.479703114741, 33.157707017740897 ], [ -111.479598359326999, 33.157732226253103 ], [ -111.479737417985007, 33.158404243394997 ], [ -111.481046743232994, 33.158283051997302 ], [ -111.483245352227001, 33.158078903251202 ], [ -111.484560357397996, 33.157957089164299 ], [ -111.483880243393997, 33.1576245910029 ], [ -111.483888975233995, 33.156593454946702 ], [ -111.484841974027006, 33.156581282415402 ], [ -111.484849450832002, 33.155507871509798 ], [ -111.485378413199996, 33.155475366777601 ], [ -111.487573641427005, 33.155340498346803 ], [ -111.488435914305995, 33.1552872191548 ], [ -111.488416294510003, 33.154711425403399 ], [ -111.489752937318002, 33.154693765873901 ], [ -111.491940352026006, 33.154664836561999 ], [ -111.491956436048994, 33.155143114639301 ], [ -111.494127429642006, 33.155112520467199 ], [ -111.496291387870997, 33.155081917393296 ], [ -111.496949487335002, 33.155072521930101 ], [ -111.496939218399007, 33.154679063726398 ], [ -111.496904986689998, 33.153366223787202 ], [ -111.498392706990998, 33.1533430746683 ], [ -111.500553921505997, 33.153309028940903 ], [ -111.501314202003002, 33.1532972289111 ], [ -111.501304772729995, 33.152878117455103 ], [ -111.501280849216997, 33.151798066466398 ], [ -111.502655625749995, 33.151775886632798 ], [ -111.504814790281003, 33.151740932977198 ], [ -111.506973949892995, 33.151706217929998 ], [ -111.509113342017002, 33.151671551672699 ], [ -111.509087965670005, 33.151109030998001 ], [ -111.509063349407, 33.150562010765 ], [ -111.511255810308, 33.1505541491927 ], [ -111.513435536581994, 33.150546019194898 ], [ -111.514883777080996, 33.1505411593471 ], [ -111.514854219789001, 33.149271153394999 ], [ -111.513377545774006, 33.149279792106 ], [ -111.512745590357, 33.149283521793201 ], [ -111.511315790371995, 33.149977182978702 ], [ -111.511229671961004, 33.149976973626799 ], [ -111.509036809003007, 33.149971590406601 ], [ -111.509006817577998, 33.149305639624799 ], [ -111.508957617505004, 33.148215828101499 ], [ -111.508986133484996, 33.148221627811097 ], [ -111.509014312260007, 33.148227151977501 ], [ -111.509042823946004, 33.148232392450304 ], [ -111.509071336681004, 33.148237628402299 ], [ -111.509099847819996, 33.148242587439697 ], [ -111.509128691875006, 33.148247263685001 ], [ -111.509157198666003, 33.148251654465703 ], [ -111.509186039469995, 33.148255766959799 ], [ -111.509214545711998, 33.148259876304898 ], [ -111.509243384889999, 33.148263706465599 ], [ -111.509272221345995, 33.1482672506962 ], [ -111.509301057250994, 33.1482705134977 ], [ -111.509330228793004, 33.148273779429999 ], [ -111.509359061444002, 33.14827647848 ], [ -111.509387893029995, 33.148279178429803 ], [ -111.509417059694002, 33.1482815991858 ], [ -111.509445890723001, 33.148284016797703 ], [ -111.509475053033995, 33.1482858692967 ], [ -111.509504220706006, 33.148287721766899 ], [ -111.509533381417995, 33.1482892973441 ], [ -111.50956220594, 33.148290588355103 ], [ -111.509591364439999, 33.1482915956665 ], [ -111.509620521868996, 33.148292602975502 ], [ -111.509649676045001, 33.148293047441598 ], [ -111.509678830219997, 33.148293491901001 ], [ -111.509707984390005, 33.148293935451498 ], [ -111.509737136378007, 33.148293816154897 ], [ -111.509766285666004, 33.148293415437898 ], [ -111.509795434953006, 33.148293014714099 ], [ -111.509824582608005, 33.148292331663498 ], [ -111.509853729705995, 33.148291367183703 ], [ -111.509882874102999, 33.148290121283601 ], [ -111.509912023829003, 33.148288869942803 ], [ -111.509941166595993, 33.148287342611098 ], [ -111.509969973191005, 33.148285534322298 ], [ -111.509999113766, 33.148283443234703 ], [ -111.510028251608006, 33.148281065314897 ], [ -111.510057054941996, 33.148278694170102 ], [ -111.510086189543998, 33.148275757008797 ], [ -111.510114989586, 33.148272817602802 ], [ -111.510144122555005, 33.148269599010099 ], [ -111.510172920963996, 33.148266378172799 ], [ -111.510201716132997, 33.148262598100899 ], [ -111.510230511268006, 33.1482588126105 ], [ -111.510259304803, 33.148254751107402 ], [ -111.510287761065001, 33.148250404142701 ], [ -111.510316552960006, 33.148246060306597 ], [ -111.510345007029002, 33.148241150488602 ], [ -111.510373795654004, 33.148236242901298 ], [ -111.510402247010006, 33.148231050754802 ], [ -111.510430697805006, 33.148225577179502 ], [ -111.510458813011994, 33.148220109482999 ], [ -111.510487260535001, 33.148214072157003 ], [ -111.510515372442995, 33.148208036200003 ], [ -111.510543818886006, 33.148201998865503 ], [ -111.510571928599006, 33.148195400055599 ], [ -111.510599701087997, 33.1481885248051 ], [ -111.510627808085005, 33.148181643667101 ], [ -111.510655578908995, 33.148174482476399 ], [ -111.510683349729007, 33.148167321279601 ], [ -111.510711117276998, 33.148159596338701 ], [ -111.510738878392999, 33.14815187232 ], [ -111.510766309763, 33.148143867320698 ], [ -111.510793739492996, 33.148135579995497 ], [ -111.510821168150002, 33.148127293570703 ], [ -111.510848594606998, 33.1481184433976 ], [ -111.510875685448994, 33.148109594594999 ], [ -111.510902776253999, 33.148100740374701 ], [ -111.510929859532993, 33.148091328742197 ], [ -111.510956612553002, 33.148081917556503 ], [ -111.510983363936006, 33.148072224947299 ], [ -111.511010113680996, 33.1480622509144 ], [ -111.511036527780007, 33.1480522728409 ], [ -111.511063270519998, 33.148042017400698 ], [ -111.511089346833003, 33.148031482362697 ], [ -111.511115757083999, 33.148020659112397 ], [ -111.511141831751999, 33.1480098426456 ], [ -111.511167900486001, 33.147998743871 ], [ -111.511193637309006, 33.147987360518599 ], [ -111.511219374150002, 33.147975981670797 ], [ -111.511245101255994, 33.147964034596399 ], [ -111.511270501915007, 33.147952375693301 ], [ -111.511295899271005, 33.147940148537401 ], [ -111.511320955675998, 33.147927927285899 ], [ -111.511346015775999, 33.147915420079599 ], [ -111.511371075330004, 33.147902635053903 ], [ -111.511395793885995, 33.1478898478152 ], [ -111.511420516157003, 33.147876778229701 ], [ -111.51144489584, 33.1478634322294 ], [ -111.511469281928001, 33.147850082590097 ], [ -111.511493661014001, 33.147836451549999 ], [ -111.511517708233001, 33.1478225440515 ], [ -111.511541413882, 33.147808351114499 ], [ -111.511565459427004, 33.147794157679101 ], [ -111.511588830530002, 33.147779967009001 ], [ -111.511612203715003, 33.147765212574797 ], [ -111.511635570484998, 33.147750462672597 ], [ -111.511658609118996, 33.1477357096039 ], [ -111.511681639676993, 33.147720675139503 ], [ -111.511704668589005, 33.147705358350997 ], [ -111.511727032153999, 33.147689763769101 ], [ -111.511749724881, 33.147674166928802 ], [ -111.511771746888996, 33.147658290513398 ], [ -111.511794107718998, 33.147642413604103 ], [ -111.511815792475005, 33.147626258044099 ], [ -111.511837811191, 33.147609818781397 ], [ -111.511859165117002, 33.147593382246697 ], [ -111.511880510967003, 33.147576664316901 ], [ -111.511901857881995, 33.147559946378998 ], [ -111.511922867541998, 33.147542947497001 ], [ -111.511943878243997, 33.147525944999103 ], [ -111.511964551717995, 33.147508666067097 ], [ -111.511984894375999, 33.147491107066799 ], [ -111.511991225851006, 33.147485723150197 ], [ -111.513294626385999, 33.147474715917902 ], [ -111.514847999188007, 33.149009877363902 ], [ -111.515111224814007, 33.149270086291601 ], [ -111.515577688102994, 33.1497309940493 ], [ -111.516901946489, 33.151039604097598 ], [ -111.516902775785994, 33.151065819124902 ], [ -111.516963323498004, 33.152871824065599 ], [ -111.516992563074993, 33.1537407255164 ], [ -111.517948544302001, 33.153728575183202 ], [ -111.519399763619006, 33.1537098414138 ], [ -111.520169097755996, 33.154491369402301 ], [ -111.520336989628007, 33.154661765857298 ], [ -111.522109006226998, 33.156461727613802 ], [ -111.522469752364003, 33.156828059422097 ], [ -111.523881093686001, 33.158261376995597 ], [ -111.524774916384004, 33.159169197272398 ], [ -111.525654940577994, 33.160062974497301 ], [ -111.526040670398004, 33.160454839378403 ], [ -111.527084925745001, 33.161515064495198 ], [ -111.527429868976995, 33.161865380979101 ], [ -111.529247353103003, 33.163710428917099 ], [ -111.529403141936996, 33.163868458948002 ], [ -111.531062891865005, 33.165553481364299 ], [ -111.531712044984999, 33.1662128338427 ], [ -111.532878176481006, 33.167396511054498 ], [ -111.533635941157002, 33.1681655980044 ], [ -111.534025502380999, 33.168569825989202 ], [ -111.534668711327996, 33.1692367990265 ], [ -111.536345076744993, 33.170974947221801 ], [ -111.536350386769001, 33.171075837990401 ], [ -111.536442224298995, 33.171075723788398 ], [ -111.537682171271001, 33.172361354323201 ], [ -111.538195694468001, 33.1729144275292 ], [ -111.538671098918996, 33.173426511654398 ], [ -111.538995348769006, 33.173775756923803 ], [ -111.538689691230005, 33.173780746336 ], [ -111.536492481473005, 33.1738175816715 ], [ -111.536541523555002, 33.1747675688569 ], [ -111.536654695501994, 33.176613358807501 ], [ -111.538855477433998, 33.176601309655197 ], [ -111.541055928888994, 33.176589217625001 ], [ -111.541549647311996, 33.176586508263398 ], [ -111.541560707718006, 33.176586460154198 ], [ -111.543059078075004, 33.178387589262201 ], [ -111.541154542838001, 33.178395885653899 ], [ -111.538952359839996, 33.178406010008601 ], [ -111.536749512485002, 33.178416380598897 ], [ -111.536843993638996, 33.180218839477803 ], [ -111.536938481979007, 33.182021579135998 ], [ -111.537032969381002, 33.183824322695799 ], [ -111.534823586040005, 33.1838298940757 ], [ -111.532614871202995, 33.183835423382497 ], [ -111.530404814077002, 33.183840637796202 ], [ -111.528188722999005, 33.183846119996502 ], [ -111.528276964200003, 33.185642412756799 ], [ -111.528365212880999, 33.187439265026498 ], [ -111.528453457504995, 33.189233861727502 ], [ -111.528541711038002, 33.191030149033999 ] ], [ [ -111.481143674213996, 33.162091096329199 ], [ -111.483353414475999, 33.162065052100999 ], [ -111.485563149087994, 33.1620392456025 ], [ -111.487773221365003, 33.162013117150501 ], [ -111.489982950816994, 33.161986955338897 ], [ -111.492187654193998, 33.161960769675403 ], [ -111.492125824214995, 33.160136717598299 ], [ -111.492064001488004, 33.158313224157801 ], [ -111.492035508540994, 33.157474476134198 ], [ -111.490866607154004, 33.1578322900342 ], [ -111.490139744659004, 33.1565128749344 ], [ -111.489789016078007, 33.155875812317497 ], [ -111.489612641332997, 33.1555560127536 ], [ -111.489546302571995, 33.156520571409999 ], [ -111.489492372466003, 33.157306650727797 ], [ -111.487646799697998, 33.157894852166798 ], [ -111.487317954253001, 33.157999588135702 ], [ -111.487265403435003, 33.158372714682699 ], [ -111.487007765935999, 33.160198587295902 ], [ -111.486998090431996, 33.160266837195401 ], [ -111.485513392670001, 33.160435004453802 ], [ -111.483312969996007, 33.160684579289601 ], [ -111.481111863676006, 33.1609338410248 ], [ -111.481143674213996, 33.162091096329199 ] ] ] } },
{ "type": "Feature", "properties": { "OBJECTID": 60, "PROGRAM": "72", "CERTIFICATE": "531381", "CONVEYANCE": "0006", "NAME": "Maricopa Stanfield Irrigation & Drainage District", "EXIST_OR_P": "E", "GSF_OR_USF": "GSF", "AMA": "Pinal", "CRSPNDG_CE": "57.001103.0000", "STATUS": "Active", "LABEL": "Maricopa Stanfield IDD", "MAXSAVINGS": "168114", "Shape__Area": 1977072.26452637, "Shape__Length": 6475.9367028292199 }, "geometry": { "type": "Polygon", "coordinates": [ [ [ -111.877818690002997, 32.864910048335801 ], [ -111.886655802144006, 32.8648475783721 ], [ -111.894936591569007, 32.864866273676498 ], [ -111.903724048822994, 32.864850872371598 ], [ -111.903645007432999, 32.872194009920797 ], [ -111.894931000758007, 32.872211707165398 ], [ -111.877738162363997, 32.872252641103401 ], [ -111.877818690002997, 32.864910048335801 ] ] ] } },
{ "type": "Feature", "properties": { "OBJECTID": 61, "PROGRAM": "72", "CERTIFICATE": "216383", "CONVEYANCE": "0001", "NAME": "Avra Valley IDD / Herb Kai-Avra Facility", "EXIST_OR_P": "E", "GSF_OR_USF": "GSF", "AMA": "Tucson", "CRSPNDG_CE": "58.108941.0003", "STATUS": "Active", "LABEL": "Avra Valley IDD / Herb Kai Avra", "MAXSAVINGS": "9709.46", "Shape__Area": 1209928.10864258, "Shape__Length": 4629.4616263273301 }, "geometry": { "type": "Polygon", "coordinates": [ [ [ -111.295721707216003, 32.378978691834902 ], [ -111.293812192569007, 32.378983156038601 ], [ -111.286946785490002, 32.378921805435198 ], [ -111.287173698773998, 32.364414868553297 ], [ -111.292355839067, 32.364402961805098 ], [ -111.293724798859003, 32.366020180065199 ], [ -111.294456506287005, 32.367368806331498 ], [ -111.295460365484999, 32.368523885913099 ], [ -111.295469025586996, 32.371185947382898 ], [ -111.295384001372994, 32.372999448533001 ], [ -111.295302237222003, 32.375816044259103 ], [ -111.295705768508, 32.377197844969501 ], [ -111.295721707216003, 32.378978691834902 ] ] ] } },
{ "type": "Feature", "properties": { "OBJECTID": 62, "PROGRAM": "72", "CERTIFICATE": "531382", "CONVEYANCE": "0006", "NAME": "Central Arizona Irrigation and Drainage District", "EXIST_OR_P": "E", "GSF_OR_USF": "GSF", "AMA": "Pinal", "CRSPNDG_CE": "57.001101.0000", "STATUS": "Active", "LABEL": "Central Arizona IDD", "MAXSAVINGS": "110000", "Shape__Area": 1300737.17224121, "Shape__Length": 4861.6278477079704 }, "geometry": { "type": "Polygon", "coordinates": [ [ [ -111.619967535886005, 32.7557050229059 ], [ -111.620104566034001, 32.750068078644802 ], [ -111.619927859439997, 32.750081362363801 ], [ -111.619880948418, 32.748510319770801 ], [ -111.625948489929002, 32.748480054139399 ], [ -111.637478199853007, 32.748571699005701 ], [ -111.636981994085005, 32.755803182951198 ], [ -111.633860087287005, 32.755796514586898 ], [ -111.628521688244007, 32.755785164867902 ], [ -111.628238787358995, 32.755784329199599 ], [ -111.625644981945996, 32.755826673668999 ], [ -111.619967535886005, 32.7557050229059 ] ] ] } },
{ "type": "Feature", "properties": { "OBJECTID": 63, "PROGRAM": "72", "CERTIFICATE": "572386", "CONVEYANCE": "0006", "NAME": "Roosevelt Irrigation District", "EXIST_OR_P": "E", "GSF_OR_USF": "GSF", "AMA": "Phoenix", "CRSPNDG_CE": "57.002517.0000", "STATUS": "Active", "LABEL": "Roosevelt ID", "MAXSAVINGS": "133000", "Shape__Area": 152451619.72009301, "Shape__Length": 130014.31538521301 }, "geometry": { "type": "Polygon", "coordinates": [ [ [ -112.362512527975994, 33.464381551537699 ], [ -112.362425764617001, 33.464381038816001 ], [ -112.362442910301993, 33.462554872230399 ], [ -112.362460077848993, 33.460729785344697 ], [ -112.362460886882005, 33.460643811078299 ], [ -112.362477251543993, 33.458904980176897 ], [ -112.362494093582001, 33.457080459538503 ], [ -112.362511267504999, 33.455255652467002 ], [ -112.362528116351996, 33.453431412138301 ], [ -112.362545290629996, 33.451606886349502 ], [ -112.364453649813001, 33.451627606253098 ], [ -112.363526481462998, 33.449788383622803 ], [ -112.362562379444995, 33.449776441114203 ], [ -112.362559931367997, 33.447965090783697 ], [ -112.362550796337999, 33.4461560726306 ], [ -112.362541663024999, 33.444347053051999 ], [ -112.362532862625997, 33.442537747925797 ], [ -112.362523723972004, 33.440728164627401 ], [ -112.362514931343995, 33.438919135281203 ], [ -112.362505804942003, 33.437110113607403 ], [ -112.362496982672994, 33.435298553821703 ], [ -112.364669387122007, 33.435310171859101 ], [ -112.366841791756002, 33.435321471321799 ], [ -112.366869019066002, 33.435321733968202 ], [ -112.369014190187002, 33.435332731861202 ], [ -112.369042430600004, 33.435332982844997 ], [ -112.371186257625993, 33.435343957970701 ], [ -112.371215841400002, 33.435344199015702 ], [ -112.373358318938998, 33.435355150579198 ], [ -112.373389245916002, 33.435355371719403 ], [ -112.375563327161998, 33.435366498790799 ], [ -112.375497516889993, 33.433582347568901 ], [ -112.375431613892999, 33.431791995543001 ], [ -112.375365718302007, 33.430001924257098 ], [ -112.375299831204003, 33.428212134601402 ], [ -112.377412931825006, 33.428204462785899 ], [ -112.379546528896995, 33.428196527847902 ], [ -112.381679794093998, 33.428188559882898 ], [ -112.383813051022003, 33.428180549885901 ], [ -112.383819527672003, 33.428398058636503 ], [ -112.385952001654005, 33.428382415909702 ], [ -112.385946307376003, 33.428172508593597 ], [ -112.385897130987999, 33.426347875223797 ], [ -112.385847627033002, 33.424523527244403 ], [ -112.387989306427002, 33.424501264424499 ], [ -112.387943669250006, 33.422669258715104 ], [ -112.387898381027, 33.420837817627103 ], [ -112.387933661472005, 33.420837140540499 ], [ -112.390047472860005, 33.420801349478097 ], [ -112.390083088744007, 33.420800668020703 ], [ -112.392231174233999, 33.4207644510915 ], [ -112.392232843581994, 33.418953618816502 ], [ -112.392234519707003, 33.417142791379298 ], [ -112.392236187265993, 33.415331681255097 ], [ -112.392237870627994, 33.413521411001099 ], [ -112.394370986435007, 33.413527323279801 ], [ -112.396488313850995, 33.413533372991701 ], [ -112.396485807380998, 33.411718648507197 ], [ -112.396483633488998, 33.409903915267599 ], [ -112.398594754089999, 33.409905773999597 ], [ -112.400705877982006, 33.4099078790275 ], [ -112.402817331555994, 33.409909662088403 ], [ -112.404928788427, 33.409911691433301 ], [ -112.407040244059004, 33.4099136848277 ], [ -112.409138257654007, 33.409915512670203 ], [ -112.409112597900005, 33.408243941283203 ], [ -112.409110104155005, 33.408089519784902 ], [ -112.409083013005997, 33.406412330185603 ], [ -112.411272807252999, 33.4064223807042 ], [ -112.411308095121996, 33.406422542922201 ], [ -112.413487805757001, 33.4064323876418 ], [ -112.413521415345997, 33.406432567450402 ], [ -112.415703144421002, 33.406442636105602 ], [ -112.415735074688001, 33.406442835380297 ], [ -112.417918140968993, 33.406452562992001 ], [ -112.417949399278996, 33.406452769376699 ], [ -112.420133141926996, 33.4064624511471 ], [ -112.420163387456995, 33.4064626676656 ], [ -112.422347801076, 33.406472302736297 ], [ -112.422378046595, 33.406472518714502 ], [ -112.424562458161006, 33.4064821147782 ], [ -112.424592368250003, 33.406482334969802 ], [ -112.426807025480002, 33.406492111414003 ], [ -112.426807085535998, 33.408324333673797 ], [ -112.426807069765005, 33.410151763773698 ], [ -112.426807059037003, 33.411979479201797 ], [ -112.426807050755997, 33.4138071895864 ], [ -112.426807042918, 33.415634903969398 ], [ -112.426807045654996, 33.417463175980103 ], [ -112.426806986423003, 33.419287505238401 ], [ -112.426807042809003, 33.4211188789413 ], [ -112.426803866170005, 33.422937605490802 ], [ -112.426800989148006, 33.424753792048598 ], [ -112.428972586406005, 33.424753588109603 ], [ -112.431139811761, 33.424753115188899 ], [ -112.431141585887005, 33.422936378950602 ], [ -112.431142988145993, 33.421117674125199 ], [ -112.431141934907998, 33.419292514523903 ], [ -112.431141567972006, 33.417468191547002 ], [ -112.433307989680003, 33.417470790622701 ], [ -112.435474740911005, 33.417473065733503 ], [ -112.437640819145003, 33.4174755930499 ], [ -112.439807236915001, 33.417478078569403 ], [ -112.441973653440996, 33.417480530745202 ], [ -112.444142470312002, 33.417486010498202 ], [ -112.444144367033005, 33.415672377163602 ], [ -112.444146259665004, 33.413858738870999 ], [ -112.446317106647996, 33.413850351674398 ], [ -112.448485933263001, 33.413841668677101 ], [ -112.450654426151999, 33.413833233924301 ], [ -112.452822917841999, 33.413824478972401 ], [ -112.452823246351002, 33.412008325978 ], [ -112.452823570524998, 33.410191890253103 ], [ -112.452823901913007, 33.408375736228699 ], [ -112.452823893536006, 33.406559303401998 ], [ -112.450656968052996, 33.406570291060298 ], [ -112.448490035888, 33.406580958643602 ], [ -112.448491153294, 33.4047459116412 ], [ -112.448493279454993, 33.402910852352598 ], [ -112.448495416973998, 33.401076069296401 ], [ -112.448496079853996, 33.400507315519199 ], [ -112.448497556340996, 33.399241572504501 ], [ -112.450659027365006, 33.399236885853 ], [ -112.452820497478001, 33.399231884659997 ], [ -112.454981964058007, 33.399227122701497 ], [ -112.45714308993, 33.399222045683402 ], [ -112.459304224250999, 33.399217216789197 ], [ -112.461461013478996, 33.399214368375503 ], [ -112.461453630929, 33.397389004929003 ], [ -112.462965720960995, 33.3973940112352 ], [ -112.463281243617004, 33.397435103004803 ], [ -112.463617887086002, 33.397493413902303 ], [ -112.463776944656999, 33.397521130257502 ], [ -112.464261613201003, 33.397690430296102 ], [ -112.464622773911003, 33.397927983882198 ], [ -112.465146839726998, 33.398102170557401 ], [ -112.465792141470004, 33.3981726117524 ], [ -112.465795695889, 33.399224384459004 ], [ -112.465798159919004, 33.399990947694597 ], [ -112.465811235177, 33.399989380893899 ], [ -112.467966795213997, 33.399692485024403 ], [ -112.470137429410002, 33.399393678666797 ], [ -112.470578455258007, 33.398985708190601 ], [ -112.471035229533996, 33.398595584894998 ], [ -112.471739427011002, 33.398551442007303 ], [ -112.472304593155997, 33.398472018375998 ], [ -112.472862102616006, 33.398396917321698 ], [ -112.473891315727997, 33.3982195367347 ], [ -112.474475865949998, 33.398094501231199 ], [ -112.474814673682005, 33.398021985925801 ], [ -112.475671202266994, 33.397786611803099 ], [ -112.476191808988006, 33.397437426244103 ], [ -112.476390152858002, 33.3973042917317 ], [ -112.476648554294002, 33.397067013959898 ], [ -112.476905288853999, 33.396830878322703 ], [ -112.477349861023001, 33.396436370901498 ], [ -112.477678348935996, 33.396132022870397 ], [ -112.477949467211999, 33.3959117768648 ], [ -112.47827539587, 33.395773740252501 ], [ -112.478838963043003, 33.395641042303701 ], [ -112.481017253654002, 33.395643518596998 ], [ -112.483193524811, 33.395645703887197 ], [ -112.485369126370998, 33.395648135862601 ], [ -112.487545730055999, 33.395650236263798 ], [ -112.489722000762001, 33.3956525883385 ], [ -112.491897592788007, 33.395654905862102 ], [ -112.494073860727994, 33.395657182478502 ], [ -112.496252483446, 33.395659387083001 ], [ -112.496258583537994, 33.3938400737729 ], [ -112.496529057402, 33.393663763993302 ], [ -112.497084647782003, 33.393499514880602 ], [ -112.497725364675006, 33.393322959823102 ], [ -112.498433578615007, 33.393222814289899 ], [ -112.499180753166996, 33.3930830136566 ], [ -112.500072744720001, 33.392963161012297 ], [ -112.501011086101002, 33.392842461698898 ], [ -112.502415825501998, 33.392686519586498 ], [ -112.503399072197993, 33.392520727510302 ], [ -112.503943933759999, 33.3924563504494 ], [ -112.504310586675004, 33.392423161645802 ], [ -112.504764788385998, 33.392381859300002 ], [ -112.505577443394003, 33.392240952063197 ], [ -112.506050371924005, 33.392194347552 ], [ -112.506482976447003, 33.392167113031597 ], [ -112.508640905136005, 33.392182892155603 ], [ -112.510799158229005, 33.392198348379203 ], [ -112.512956750040004, 33.392214052855898 ], [ -112.515115001660007, 33.392229433944401 ], [ -112.517273262813006, 33.392245059614702 ], [ -112.515112913490995, 33.392766915829903 ], [ -112.512951863658998, 33.393289030106203 ], [ -112.510790462458004, 33.393811388234901 ], [ -112.509960349539, 33.394011730099102 ], [ -112.508627684985001, 33.394333725789302 ], [ -112.506464213285994, 33.394856316696703 ], [ -112.504288335591994, 33.395381840745898 ], [ -112.504285265722999, 33.395788566796099 ], [ -112.504271534780003, 33.397603741035702 ], [ -112.504257798381005, 33.399418918461201 ], [ -112.504244068288997, 33.4012340953226 ], [ -112.504230334827, 33.403049271737103 ], [ -112.504216611461999, 33.4048647298223 ], [ -112.504209081716994, 33.4058506757071 ], [ -112.506387141554995, 33.405845105962698 ], [ -112.507721126625, 33.405841866707 ], [ -112.507719434452, 33.404888444193297 ], [ -112.507716957881996, 33.403072902392601 ], [ -112.507714147005998, 33.401257645536901 ], [ -112.507711678537007, 33.399442384924697 ], [ -112.507710931429997, 33.398990615555903 ], [ -112.508599379887002, 33.398993627232201 ], [ -112.510762706554999, 33.399001128459901 ], [ -112.512926699052002, 33.399008301530898 ], [ -112.515090695213004, 33.399015714548597 ], [ -112.517255025696002, 33.399023090206903 ], [ -112.519418342883995, 33.399030159104797 ], [ -112.521522185487001, 33.399037073724301 ], [ -112.521579989611993, 33.399037773490498 ], [ -112.521580616831002, 33.3977247072228 ], [ -112.521581900564001, 33.395909968175403 ], [ -112.521582846547005, 33.394094950496303 ], [ -112.521584061129005, 33.392275703840703 ], [ -112.521570313477, 33.390446491597899 ], [ -112.521562318964996, 33.389351665553697 ], [ -112.522056801928997, 33.389232587640301 ], [ -112.523354673200004, 33.389022763373397 ], [ -112.523693623287002, 33.389020573957801 ], [ -112.524447102720003, 33.389015549702201 ], [ -112.525597439633003, 33.388957448790599 ], [ -112.525835680035996, 33.388959590493101 ], [ -112.526466379750005, 33.388965081384598 ], [ -112.527503377819002, 33.388842692178201 ], [ -112.527977310840996, 33.388740185393601 ], [ -112.528419778560007, 33.3886445514377 ], [ -112.528477955862996, 33.388628333739803 ], [ -112.529668417121997, 33.388291534021697 ], [ -112.530119732632997, 33.388163934215399 ], [ -112.531021351682, 33.3879093139929 ], [ -112.532263008095001, 33.387561708497401 ], [ -112.532265688486007, 33.387561111739799 ], [ -112.533434191943002, 33.387276402192199 ], [ -112.534416197518993, 33.386798394164302 ], [ -112.534404849064998, 33.388637774654001 ], [ -112.536546674427001, 33.388641148552203 ], [ -112.538698006434998, 33.388650286415803 ], [ -112.538723985242001, 33.386807627718198 ], [ -112.538738845831006, 33.385744655254101 ], [ -112.538975230374007, 33.385661398435602 ], [ -112.539457415545996, 33.3854761749568 ], [ -112.539939640743995, 33.3852743180719 ], [ -112.540977860951003, 33.384958461937998 ], [ -112.543164440043, 33.384952149588301 ], [ -112.543173831822003, 33.3840200128531 ], [ -112.543615040107994, 33.383817525563103 ], [ -112.544312690794996, 33.383545616252803 ], [ -112.544957908184998, 33.383291264714202 ], [ -112.545361787334997, 33.383143910833397 ], [ -112.545462928283996, 33.383107143529898 ], [ -112.545753320699006, 33.383001221407298 ], [ -112.546745517949006, 33.382668982113998 ], [ -112.547542448813999, 33.382427377681402 ], [ -112.547712187875007, 33.382375659836697 ], [ -112.548698676612005, 33.3820823704677 ], [ -112.549717943413995, 33.381819378359801 ], [ -112.549914910199007, 33.381768443917501 ], [ -112.550960389528001, 33.381468480215197 ], [ -112.551502990215994, 33.381321062815097 ], [ -112.551888856936998, 33.381257619368398 ], [ -112.554061271814007, 33.381253832226299 ], [ -112.556166177706999, 33.381250850011902 ], [ -112.556157897380999, 33.380616551717601 ], [ -112.556459641147995, 33.380620659580501 ], [ -112.557036845233, 33.380549725527104 ], [ -112.557757086779006, 33.380399207877602 ], [ -112.558331032398002, 33.380258695835799 ], [ -112.558339393997997, 33.380256618489099 ], [ -112.559003132735, 33.3799520809035 ], [ -112.559629189945994, 33.379720160500398 ], [ -112.560387913517999, 33.379524612556999 ], [ -112.560477876429999, 33.379502066015199 ], [ -112.560823680728006, 33.379415701158401 ], [ -112.561029021226005, 33.379364362542397 ], [ -112.561853851142004, 33.379184044211897 ], [ -112.562628760535006, 33.379029993139198 ], [ -112.562888512889003, 33.378978248594599 ], [ -112.563662774758996, 33.3788819735448 ], [ -112.564292695616004, 33.3788103417331 ], [ -112.564783657158998, 33.378689163599802 ], [ -112.565005445962001, 33.378674814141498 ], [ -112.566018192282996, 33.378521687158702 ], [ -112.566938008208993, 33.378412565905002 ], [ -112.567261484159005, 33.3783740999367 ], [ -112.568135503454997, 33.378221861757197 ], [ -112.568801861466994, 33.378066046175498 ], [ -112.569092874914006, 33.377997265262103 ], [ -112.569257118777998, 33.377958549090003 ], [ -112.569850134283001, 33.377890459149199 ], [ -112.570291459047993, 33.377849082205998 ], [ -112.570885168749001, 33.377726020823701 ], [ -112.571246219372995, 33.377685092945903 ], [ -112.571438639454001, 33.377663212703297 ], [ -112.572042220385995, 33.377584829152902 ], [ -112.572209455893002, 33.377563262233899 ], [ -112.572492875267002, 33.377520782730997 ], [ -112.572914823380003, 33.377410873409097 ], [ -112.573113428715999, 33.377359037573598 ], [ -112.573970250046003, 33.377204441489603 ], [ -112.574820788921002, 33.377054993952299 ], [ -112.575103142239996, 33.377028019406801 ], [ -112.575683945050002, 33.376972454439901 ], [ -112.576718675641004, 33.376829673677499 ], [ -112.577281991155004, 33.3767359940259 ], [ -112.578030515649004, 33.376611776913201 ], [ -112.579059204290999, 33.376413814540797 ], [ -112.579464259464999, 33.376336507758197 ], [ -112.579956023899996, 33.376242887049202 ], [ -112.580964839667999, 33.376061221188003 ], [ -112.581646057767003, 33.375930793698799 ], [ -112.581914194502005, 33.3758794655133 ], [ -112.582123113538998, 33.375822971977897 ], [ -112.582633553502006, 33.375685134028998 ], [ -112.583523496590999, 33.375524976274797 ], [ -112.583829982642001, 33.375476820658903 ], [ -112.584334425405004, 33.375397671423499 ], [ -112.585231563126996, 33.375171181683697 ], [ -112.585865207986004, 33.3749928592446 ], [ -112.586015798304999, 33.374961623045301 ], [ -112.586227626931006, 33.374917769948901 ], [ -112.586478214107004, 33.3748807494364 ], [ -112.586486823865002, 33.3758354804554 ], [ -112.586490993002002, 33.376324121171002 ], [ -112.588144803527001, 33.3763303104366 ], [ -112.588564054705003, 33.376331991564903 ], [ -112.588645835668999, 33.375841688144597 ], [ -112.588877891150005, 33.3744538010111 ], [ -112.589240511317001, 33.374389694808002 ], [ -112.589438961778001, 33.374274986348297 ], [ -112.589927893270996, 33.374101036245399 ], [ -112.590206098571997, 33.3740498435807 ], [ -112.590217814808994, 33.374047722023001 ], [ -112.590218191088994, 33.374049970011498 ], [ -112.590341528235996, 33.374883453300498 ], [ -112.590523859724001, 33.374879704390601 ], [ -112.590967093952003, 33.374870925285997 ], [ -112.59096424981, 33.374050835397597 ], [ -112.592516044248995, 33.374046440812798 ], [ -112.594649587172, 33.374040187074399 ], [ -112.596782798098999, 33.374034182279402 ], [ -112.598916679043, 33.374027850784302 ], [ -112.599794341380999, 33.374025282821997 ], [ -112.599794796281998, 33.3739765160689 ], [ -112.599804539017001, 33.372931368099998 ], [ -112.600325169279998, 33.372857301662599 ], [ -112.600911113348005, 33.372828043701901 ], [ -112.601098660234996, 33.3728526787433 ], [ -112.601437061213005, 33.372897636260802 ], [ -112.602061779772995, 33.372967923952103 ], [ -112.602581145482006, 33.373026602220499 ], [ -112.603139657561002, 33.3731132393251 ], [ -112.603222528532001, 33.373126543305702 ], [ -112.603494408949004, 33.373170660804298 ], [ -112.603849537751998, 33.373211729573498 ], [ -112.604172705186002, 33.373158516017803 ], [ -112.604463138106993, 33.373060630864401 ], [ -112.604779781521998, 33.372963251154701 ], [ -112.605175705400001, 33.372866257568703 ], [ -112.605371662028006, 33.372836664975502 ], [ -112.605491916305994, 33.372818482116998 ], [ -112.605979879265007, 33.372721986269198 ], [ -112.606599527265004, 33.372626318987898 ], [ -112.607126932385995, 33.372519163244803 ], [ -112.607767023923003, 33.372329657467297 ], [ -112.607792447915003, 33.372324253441597 ], [ -112.608255212792002, 33.372227511502203 ], [ -112.608316688833995, 33.372209524835299 ], [ -112.609007226684994, 33.372005548178201 ], [ -112.609773424900993, 33.371879217119698 ], [ -112.609943203043002, 33.3718510878196 ], [ -112.610747566263001, 33.371718059148897 ], [ -112.611604035672002, 33.371623804286003 ], [ -112.611955443678994, 33.371590774915902 ], [ -112.612433939911995, 33.371546230951203 ], [ -112.613527366388993, 33.371442401665497 ], [ -112.614131713945994, 33.371391989823501 ], [ -112.614205829876994, 33.371385669840699 ], [ -112.615107892401994, 33.371341806944997 ], [ -112.615766564366993, 33.371268415542602 ], [ -112.616280158397004, 33.371232985533602 ], [ -112.616305289110002, 33.371229555020399 ], [ -112.616879932379007, 33.371153589642702 ], [ -112.617426739926998, 33.371079674430099 ], [ -112.617736289782997, 33.371053938050999 ], [ -112.618151059194005, 33.371051066977003 ], [ -112.618479359296003, 33.371040308258301 ], [ -112.618579060390005, 33.371037032122999 ], [ -112.619145104701005, 33.371040644063697 ], [ -112.619494320366996, 33.370998603609799 ], [ -112.619830073423003, 33.370973088256598 ], [ -112.620107253797002, 33.370886329648599 ], [ -112.620653415104002, 33.370832416048202 ], [ -112.620792220341002, 33.3708187685871 ], [ -112.621312263139004, 33.3708052123512 ], [ -112.621753181537997, 33.370835810273803 ], [ -112.622161358130995, 33.370821740754302 ], [ -112.622483641244003, 33.370812453363897 ], [ -112.622766830474006, 33.370814389259401 ], [ -112.622820613767004, 33.370798467472298 ], [ -112.623189079791999, 33.370689655143401 ], [ -112.623426820440997, 33.370613835672103 ], [ -112.623847607011996, 33.370627494099999 ], [ -112.624459768513006, 33.370636679477599 ], [ -112.624729877817998, 33.370621868092101 ], [ -112.625025961950001, 33.370612640212002 ], [ -112.625198176335999, 33.370589247017399 ], [ -112.625454148038003, 33.370554612773098 ], [ -112.625843024408994, 33.370495976032501 ], [ -112.626238747849996, 33.370426535411099 ], [ -112.626482636280997, 33.370356262471198 ], [ -112.626701316695005, 33.370320987068297 ], [ -112.627157728737998, 33.370317821501203 ], [ -112.629316208985998, 33.370303604400398 ], [ -112.631474675126, 33.370289064042602 ], [ -112.633632814294003, 33.370274771803302 ], [ -112.633657084586005, 33.369309475380902 ], [ -112.634449317168006, 33.3692494456959 ], [ -112.635423022501996, 33.369266495250699 ], [ -112.635814213548002, 33.3692604958499 ], [ -112.636206411315996, 33.369254481042397 ], [ -112.637207040318998, 33.3692384709219 ], [ -112.637972454272003, 33.369163553135998 ], [ -112.638056607050004, 33.369155396453998 ], [ -112.638907452035994, 33.368961260568902 ], [ -112.639850616247998, 33.368729259328703 ], [ -112.640139339168996, 33.368632727265201 ], [ -112.640662377530006, 33.368457847155099 ], [ -112.640946430444004, 33.368380814073703 ], [ -112.641341762799001, 33.368273851326798 ], [ -112.642285169942994, 33.3680195640218 ], [ -112.642297214923005, 33.368017150952298 ], [ -112.643405781775002, 33.367794210828997 ], [ -112.644460903069998, 33.367569429446 ], [ -112.644895799851, 33.367476863896798 ], [ -112.646346117343995, 33.367192440555598 ], [ -112.646651611905995, 33.367130896782001 ], [ -112.647407795556006, 33.366977695726703 ], [ -112.648397345085996, 33.366696260337797 ], [ -112.648845752688004, 33.366590540448001 ], [ -112.649086173677006, 33.366533798921203 ], [ -112.649221601207998, 33.366502125276703 ], [ -112.650381788882001, 33.366293374569203 ], [ -112.651040204780998, 33.366139480134201 ], [ -112.651304711760005, 33.3660776206954 ], [ -112.651931269453996, 33.36592640272 ], [ -112.652801214533, 33.365804628772899 ], [ -112.653233691002995, 33.3657980240325 ], [ -112.653327704733996, 33.365796490385797 ], [ -112.654327677929004, 33.365819244131998 ], [ -112.655421475237006, 33.365741814390603 ], [ -112.655480171734993, 33.365737646933397 ], [ -112.656697906592996, 33.365678284092397 ], [ -112.657609817112004, 33.365662166966999 ], [ -112.658337063508, 33.365649355567598 ], [ -112.659811556573999, 33.365580611796503 ], [ -112.659833337644997, 33.365578066838701 ], [ -112.661274078269003, 33.365412524049702 ], [ -112.662018419518006, 33.365309842561999 ], [ -112.662927572830995, 33.365184374197703 ], [ -112.664176724122996, 33.364923572488003 ], [ -112.664318902519, 33.364894050164999 ], [ -112.664805117735, 33.364729425569699 ], [ -112.665427486148005, 33.364518724745501 ], [ -112.666341370292997, 33.364254512142097 ], [ -112.666608247840998, 33.364177369173298 ], [ -112.667736499558998, 33.363830226578997 ], [ -112.668503692160996, 33.363588821334901 ], [ -112.668858241353007, 33.363477245364599 ], [ -112.669603629665005, 33.363254725069801 ], [ -112.670309815181, 33.363037802518903 ], [ -112.670663616146996, 33.362904530729502 ], [ -112.672805281189, 33.362917684471299 ], [ -112.674947275072995, 33.3629305154058 ], [ -112.677071466460006, 33.362943263987098 ], [ -112.677054089245004, 33.361302710112298 ], [ -112.677259954354994, 33.361319658798301 ], [ -112.677772537574, 33.361411086992803 ], [ -112.678278399156994, 33.361502327067903 ], [ -112.678738743842004, 33.361549369566397 ], [ -112.679200886499004, 33.361567355175403 ], [ -112.679238864477, 33.361568813700003 ], [ -112.679647379664999, 33.3614880421393 ], [ -112.679984341912004, 33.361318613726297 ], [ -112.680288384696993, 33.361149067306101 ], [ -112.680330985626, 33.361129047136799 ], [ -112.680718073243, 33.360946817593103 ], [ -112.68115330322, 33.360805649034603 ], [ -112.681342731414006, 33.360684153457598 ], [ -112.681682770847999, 33.360465642689299 ], [ -112.682000541703005, 33.360224323348902 ], [ -112.682344974756006, 33.359955306466098 ], [ -112.682814204837001, 33.359731380221199 ], [ -112.683361532624005, 33.3595520447235 ], [ -112.683476189494996, 33.3595242816669 ], [ -112.684126398185001, 33.359368348741199 ], [ -112.684330377400997, 33.359322464570901 ], [ -112.684844997118006, 33.359206414094899 ], [ -112.685464447290002, 33.3591103584154 ], [ -112.685617347548998, 33.359115046838298 ], [ -112.685911714312994, 33.359124015667398 ], [ -112.686299350453993, 33.359214851990302 ], [ -112.686559569267999, 33.3593339087396 ], [ -112.686666303550993, 33.359382626393597 ], [ -112.687168855058999, 33.359894357089402 ], [ -112.687479776401005, 33.360482245054001 ], [ -112.687783484159993, 33.360817997448997 ], [ -112.687786239717994, 33.360821339136898 ], [ -112.688278245552993, 33.361012212938498 ], [ -112.688705166483999, 33.361119698767901 ], [ -112.689028526222998, 33.361168565676699 ], [ -112.689237695710005, 33.361200100600001 ], [ -112.689711023675002, 33.361258195763099 ], [ -112.689936221939007, 33.361354334787599 ], [ -112.690038829103003, 33.361398312413698 ], [ -112.690247954333003, 33.3615487758426 ], [ -112.690443197285006, 33.361815264305399 ], [ -112.690665857092, 33.361971180898003 ], [ -112.690908280425006, 33.362072152656602 ], [ -112.691197925907005, 33.362079478525899 ], [ -112.691514145024996, 33.362036845507603 ], [ -112.691699309433005, 33.361938502713599 ], [ -112.691925532764998, 33.361618931490597 ], [ -112.692000362163, 33.361320866193303 ], [ -112.691989278774997, 33.361181794734698 ], [ -112.692080633466006, 33.361182243960798 ], [ -112.694226924842994, 33.361193834488503 ], [ -112.696426805681995, 33.361198177632097 ], [ -112.698626696898998, 33.361202762974798 ], [ -112.698605143411001, 33.359385292358603 ], [ -112.696403597889997, 33.359379602033897 ], [ -112.694204076206006, 33.3593741263685 ], [ -112.694191652211998, 33.358386496710402 ], [ -112.694196003263997, 33.358385873682302 ], [ -112.694532434110002, 33.358260662766398 ], [ -112.695021190334998, 33.358058689695802 ], [ -112.695470342473001, 33.357823432591601 ], [ -112.695722212896996, 33.3575981972972 ], [ -112.695769820474993, 33.357559499690602 ], [ -112.696046882312004, 33.357334483258001 ], [ -112.696375162229003, 33.357135537084197 ], [ -112.696490008766006, 33.357066050853803 ], [ -112.697018584201999, 33.356770518495402 ], [ -112.697685114877999, 33.356558495054898 ], [ -112.698213028954001, 33.356367808815399 ], [ -112.698568611395999, 33.3562783955811 ], [ -112.698621748345005, 33.356264984267398 ], [ -112.699300384447, 33.356174814801399 ], [ -112.700024196187002, 33.356145744088998 ], [ -112.700556716050997, 33.356209470858502 ], [ -112.700772771876998, 33.356284576693902 ], [ -112.701107836423006, 33.356400605886897 ], [ -112.701546737441006, 33.356640909433303 ], [ -112.701914047428005, 33.356808914929601 ], [ -112.702156080292994, 33.3569760976658 ], [ -112.702444487514001, 33.357110520812697 ], [ -112.702734110790004, 33.357117538054098 ], [ -112.702985274, 33.357098315120503 ], [ -112.702989990082003, 33.357581578481799 ], [ -112.703007886246994, 33.359396561421399 ], [ -112.703018844311003, 33.3604932708067 ], [ -112.705219558394006, 33.360558598802697 ], [ -112.707101381014994, 33.360614467730898 ], [ -112.707133357060997, 33.361219949597199 ], [ -112.707226977768997, 33.363004013991102 ], [ -112.707227583174003, 33.363035006828397 ], [ -112.707439517761998, 33.363035476156298 ], [ -112.707486876774993, 33.363035670581901 ], [ -112.709637410463003, 33.3630390432929 ], [ -112.709684769533993, 33.363039241387199 ], [ -112.710240619426003, 33.363040038334702 ], [ -112.710239439560993, 33.363219859606303 ], [ -112.711805595800001, 33.363206163696802 ], [ -112.711835818493995, 33.3632060282496 ], [ -112.711844077193007, 33.364879381064299 ], [ -112.711853442456999, 33.3667119470337 ], [ -112.711854853350999, 33.3670067177516 ], [ -112.713988078666006, 33.366790430544498 ], [ -112.714003828559001, 33.366788804392698 ], [ -112.714003678547002, 33.366712716863297 ], [ -112.713998333717996, 33.364881786373999 ], [ -112.713992578371005, 33.363047194238099 ], [ -112.715075748667999, 33.363049428915602 ], [ -112.715100597002007, 33.363049366935002 ], [ -112.715129641001994, 33.363091801357903 ], [ -112.715614619687003, 33.363348606522898 ], [ -112.715961216541004, 33.363605065665901 ], [ -112.716166494470002, 33.363694099057199 ], [ -112.716308770618994, 33.363756109875602 ], [ -112.716696583963994, 33.3638192275656 ], [ -112.717176305785003, 33.363893760288001 ], [ -112.717788404873005, 33.3639024819594 ], [ -112.718338551862004, 33.363886131772503 ], [ -112.718413734405004, 33.363883683161298 ], [ -112.719124730873006, 33.363849039178596 ], [ -112.719677992718999, 33.363768947739104 ], [ -112.72029719439, 33.363694986791003 ], [ -112.720509607365997, 33.363651460531301 ], [ -112.720883612848993, 33.363576384338799 ], [ -112.721648301857996, 33.363420361773798 ], [ -112.722057375556005, 33.363284202159399 ], [ -112.722387286181998, 33.363169995319701 ], [ -112.722681771571004, 33.363065019756903 ], [ -112.724854156969002, 33.3630695206881 ], [ -112.727026199188003, 33.363073988331799 ], [ -112.729220074373004, 33.3630783960256 ], [ -112.729208807590993, 33.364902223760801 ], [ -112.729201901234006, 33.366046799828801 ], [ -112.729188836020001, 33.366048671868597 ], [ -112.727016657915996, 33.366262095714802 ], [ -112.724847491999, 33.366475435325299 ], [ -112.722678304024001, 33.366688460621603 ], [ -112.722404432673002, 33.366715370789002 ], [ -112.720509779604996, 33.366901438957498 ], [ -112.718341578055004, 33.367114370574903 ], [ -112.716174030499005, 33.367327259930299 ], [ -112.714006140815002, 33.367540116304603 ], [ -112.711858686401996, 33.367750958576302 ], [ -112.709664959951994, 33.367966349437097 ], [ -112.708594905775996, 33.368071264720299 ], [ -112.708589879786999, 33.368535497756397 ], [ -112.708570421174002, 33.370288705467502 ], [ -112.708572294643005, 33.3703673088608 ], [ -112.707430258044994, 33.370365265247798 ], [ -112.707422479113006, 33.371393749169798 ], [ -112.709650798837998, 33.3714309970347 ], [ -112.711877104986002, 33.371468232592001 ], [ -112.711880884977006, 33.3722096572575 ], [ -112.711889923509005, 33.374042225728701 ], [ -112.714025770815994, 33.3740367080797 ], [ -112.714031472727996, 33.375867912521201 ], [ -112.714035172815002, 33.377699708656301 ], [ -112.714059220175997, 33.379506985864303 ], [ -112.71408358251, 33.3813134141134 ], [ -112.714107624220006, 33.3831201276573 ], [ -112.714132003925997, 33.384926836029599 ], [ -112.714156049951001, 33.386733548509 ], [ -112.714180435060996, 33.388540255801402 ], [ -112.714204476636993, 33.390346685067399 ], [ -112.714234573018004, 33.392153031074301 ], [ -112.712480266499995, 33.392158370046097 ], [ -112.712477498949994, 33.392102889441098 ], [ -112.712461602426998, 33.3903504574237 ], [ -112.712445691792993, 33.3885458863286 ], [ -112.712442686225003, 33.388204078850599 ], [ -112.712041065186, 33.388213000363002 ], [ -112.712015857921998, 33.388212503174103 ], [ -112.712020406744003, 33.388547243466199 ], [ -112.712044364853995, 33.390351422360403 ], [ -112.712068396511995, 33.392159543402002 ], [ -112.712074293365006, 33.393967631929797 ], [ -112.712080466763993, 33.395772618402198 ], [ -112.712086306738001, 33.397577608090401 ], [ -112.712092490527994, 33.399382870310497 ], [ -112.713177718368996, 33.399381418197201 ], [ -112.713198036920005, 33.401186770144498 ], [ -112.713218368919996, 33.402992403677899 ], [ -112.713238631646007, 33.404794653142901 ], [ -112.713258109278001, 33.406539704269001 ], [ -112.713257339622004, 33.4066031290021 ], [ -112.714281873689004, 33.406603348890698 ], [ -112.716448546574995, 33.406604107302201 ], [ -112.718614880331003, 33.406604837038302 ], [ -112.720781555223994, 33.406605519661298 ], [ -112.720782716722994, 33.408419303602699 ], [ -112.718616360710001, 33.408419739259799 ], [ -112.716450003220999, 33.408420423843197 ], [ -112.716451247706999, 33.410123171502399 ], [ -112.716168436941999, 33.409856537674798 ], [ -112.715985507254004, 33.409662074561197 ], [ -112.715619255055003, 33.409372634255703 ], [ -112.715213844131, 33.408988765642398 ], [ -112.714761036618995, 33.408825930918198 ], [ -112.714283778156997, 33.408684287890097 ], [ -112.714248629571998, 33.408673784104003 ], [ -112.713649891215994, 33.408642884282898 ], [ -112.713083278333002, 33.408656625206397 ], [ -112.712700898454003, 33.408726159357101 ], [ -112.712390891197998, 33.408802021401002 ], [ -112.712117088713001, 33.408839341515701 ], [ -112.712002145815006, 33.408855296729399 ], [ -112.711626139377998, 33.408941653237903 ], [ -112.711131496231005, 33.409044014893603 ], [ -112.710485502406002, 33.409156628711301 ], [ -112.709962084672995, 33.409231203401802 ], [ -112.709812967066995, 33.409252419994203 ], [ -112.709258681726993, 33.4094153446135 ], [ -112.708400998317003, 33.409631762889802 ], [ -112.707798086140002, 33.409833954996699 ], [ -112.707654862633007, 33.409881864689801 ], [ -112.706956684174997, 33.409955447263599 ], [ -112.706212253586997, 33.410001196230098 ], [ -112.705679390306997, 33.409954132718198 ], [ -112.705634653725994, 33.409951931524297 ], [ -112.704922243536998, 33.409916632265301 ], [ -112.704218211439994, 33.409862892409002 ], [ -112.703684991710006, 33.409849083412603 ], [ -112.703472481079999, 33.4098418530738 ], [ -112.703105956502, 33.409829132145497 ], [ -112.702480527855002, 33.409825596818798 ], [ -112.701828673893004, 33.409811149951103 ], [ -112.701309678247, 33.409785578726797 ], [ -112.701196994100002, 33.4097797969889 ], [ -112.700512436118998, 33.409759590810197 ], [ -112.699735814489003, 33.409705416448297 ], [ -112.699148165669001, 33.4096920478828 ], [ -112.699097401944002, 33.4096907664836 ], [ -112.698458886476999, 33.409670767737097 ], [ -112.697761091337, 33.409661153548399 ], [ -112.697312734473996, 33.409708434380399 ], [ -112.696984814491003, 33.409779992380997 ], [ -112.696917223135003, 33.409794727600797 ], [ -112.696580060174, 33.409943912636798 ], [ -112.696447787036007, 33.410002372447202 ], [ -112.695991642105, 33.410254076280999 ], [ -112.695634329046996, 33.4104731450279 ], [ -112.695223510467002, 33.410775235291901 ], [ -112.694892617209007, 33.411005498609903 ], [ -112.694791093719004, 33.411055357879597 ], [ -112.694548783453996, 33.411175057677397 ], [ -112.694244361463006, 33.411366910694497 ], [ -112.693834380474001, 33.411591205604097 ], [ -112.693642430085006, 33.411708807281499 ], [ -112.693477061869004, 33.411810550628097 ], [ -112.693014810628995, 33.411973835852699 ], [ -112.692599044424995, 33.412073634349497 ], [ -112.692519770410996, 33.412092474814102 ], [ -112.691992739404995, 33.412156028452898 ], [ -112.69145277186, 33.412158600110999 ], [ -112.691037691475003, 33.412172713649298 ], [ -112.691033998763004, 33.413455617813298 ], [ -112.691034946943006, 33.4135218365059 ], [ -112.690436904425994, 33.4135280120678 ], [ -112.688280912642, 33.413550610753099 ], [ -112.686124923373995, 33.413573168304403 ], [ -112.683968594912997, 33.413595697477703 ], [ -112.681812600163994, 33.413618184621797 ], [ -112.679656607967004, 33.413640911098902 ], [ -112.677555700541006, 33.413662578190603 ], [ -112.677556790108994, 33.413736680807403 ], [ -112.677566308196006, 33.415437076434401 ], [ -112.677576586802999, 33.4172118609265 ], [ -112.675374911022999, 33.4172579602889 ], [ -112.673189353702995, 33.417303808530598 ], [ -112.671003461142007, 33.417349617368799 ], [ -112.668817895824006, 33.4173953886935 ], [ -112.667859485237003, 33.417415321617 ], [ -112.667856613856998, 33.417370553014301 ], [ -112.667801988880996, 33.416833845358099 ], [ -112.666636770333, 33.416793988994598 ], [ -112.666627363106997, 33.416794115408301 ], [ -112.666618788918996, 33.415659606083899 ], [ -112.665318075203004, 33.415686094193703 ], [ -112.665316678989001, 33.415630593793999 ], [ -112.665318274412002, 33.414640526386201 ], [ -112.664426719448002, 33.414640372550501 ], [ -112.663288148061, 33.414639582379102 ], [ -112.663223807641003, 33.413944053417403 ], [ -112.663199666655998, 33.413682563189802 ], [ -112.662236391988998, 33.413674619135598 ], [ -112.660048347395005, 33.413656293645403 ], [ -112.658827947484994, 33.413645844635099 ], [ -112.658802089006997, 33.412816217389299 ], [ -112.657873695898999, 33.412821864705002 ], [ -112.657860248985003, 33.412821763071904 ], [ -112.657855126900998, 33.412216189800901 ], [ -112.657850498502995, 33.411654575814801 ], [ -112.657837398981997, 33.411654750903203 ], [ -112.655677719332999, 33.411658791689902 ], [ -112.655671175902995, 33.4109951816963 ], [ -112.653497520578, 33.410987818323299 ], [ -112.653491011772999, 33.410414108062 ], [ -112.651315707280006, 33.410407572260901 ], [ -112.649141744191994, 33.410400981337602 ], [ -112.646966772438006, 33.410394364763398 ], [ -112.644791799372001, 33.410387710931097 ], [ -112.642627238849002, 33.410381161498002 ], [ -112.640496165932007, 33.4103501778037 ], [ -112.638366126690002, 33.410320551543599 ], [ -112.636236417334999, 33.410290883394602 ], [ -112.634105705918003, 33.410261192724803 ], [ -112.634131337618001, 33.412078073259302 ], [ -112.634156962543003, 33.413894102941697 ], [ -112.632026534524996, 33.413866346617603 ], [ -112.629896437395999, 33.4138385483948 ], [ -112.629921681940999, 33.415656843174098 ], [ -112.627790890433005, 33.415629863648803 ], [ -112.625712496017002, 33.415601602438798 ], [ -112.625675917440006, 33.413783453836999 ], [ -112.623440734837004, 33.413778909505297 ], [ -112.621241211628998, 33.413776107925599 ], [ -112.619042358691999, 33.413773540829602 ], [ -112.616843834498994, 33.413770652665796 ], [ -112.616861818746003, 33.415592711775901 ], [ -112.616879479280001, 33.417415337342398 ], [ -112.616897473411001, 33.419237672169302 ], [ -112.616930591347, 33.4210600960904 ], [ -112.616935509664998, 33.421941586813702 ], [ -112.614729546682, 33.421947211825497 ], [ -112.612588442112994, 33.421952522392999 ], [ -112.612524269448002, 33.421953638182302 ], [ -112.612523030697005, 33.421559660553598 ], [ -112.610318029216003, 33.421562377935402 ], [ -112.608133526695994, 33.4215650761574 ], [ -112.608095883082996, 33.421564996116899 ], [ -112.608095241087995, 33.421056308528499 ], [ -112.605944872823997, 33.421050629767997 ], [ -112.603792824875001, 33.421044935407501 ], [ -112.601641452007001, 33.4210391994582 ], [ -112.599489735846007, 33.421033426071098 ], [ -112.597338361398002, 33.421027611816697 ], [ -112.595186979193997, 33.421021759404198 ], [ -112.595179050656, 33.419210555055798 ], [ -112.593028100059996, 33.419207193923199 ], [ -112.590872765944994, 33.4192035748164 ], [ -112.590877494219001, 33.421010033229003 ], [ -112.588697656969998, 33.421046987337903 ], [ -112.586505764389003, 33.421068279661903 ], [ -112.584325100979996, 33.421097276375498 ], [ -112.582144768987007, 33.421126235019898 ], [ -112.579964098478001, 33.421155159638197 ], [ -112.577783430215007, 33.4211840413682 ], [ -112.575603090173999, 33.421212885988801 ], [ -112.573434169015002, 33.421241541989602 ], [ -112.573437245932993, 33.422044998120803 ], [ -112.573437499383999, 33.422152092234903 ], [ -112.571295786147004, 33.422181211035301 ], [ -112.569149368043995, 33.422210356881301 ], [ -112.567003618986007, 33.422239457118899 ], [ -112.564857530328993, 33.4222685200005 ], [ -112.562711308584994, 33.422290224445 ], [ -112.560565755187, 33.422311883325598 ], [ -112.558419192770003, 33.422333517754801 ], [ -112.556266576298995, 33.422355190086797 ], [ -112.556266786837, 33.421312698107499 ], [ -112.556270317799004, 33.419495691297399 ], [ -112.556274011194006, 33.417687708528199 ], [ -112.556276639713005, 33.4163661707031 ], [ -112.556268579936997, 33.416366554111399 ], [ -112.555789175474004, 33.416413432059699 ], [ -112.554922524681004, 33.416511384957701 ], [ -112.554113407711995, 33.416557033459398 ], [ -112.553377489019994, 33.416598662118297 ], [ -112.551949167718007, 33.416672906150801 ], [ -112.550839146944, 33.4167307529084 ], [ -112.549783955790005, 33.4168479360658 ], [ -112.548836419015004, 33.416953058348099 ], [ -112.547618258824002, 33.417128904964301 ], [ -112.546881458597994, 33.417235325528999 ], [ -112.545452025226993, 33.4175510361246 ], [ -112.545054328115995, 33.417638850920397 ], [ -112.544412585030003, 33.417780712980203 ], [ -112.543284590878997, 33.418020497083198 ], [ -112.542349452978002, 33.4182195425469 ], [ -112.541116123432005, 33.418508813503003 ], [ -112.540391856149995, 33.4186787339628 ], [ -112.539018675368993, 33.419061595076499 ], [ -112.538939362245003, 33.419080896676199 ], [ -112.537500446951, 33.419434118505698 ], [ -112.537323423377003, 33.41947745972 ], [ -112.536765684708996, 33.419562438504002 ], [ -112.535486629318996, 33.4197575255548 ], [ -112.534597764184994, 33.419838135279903 ], [ -112.533614277238001, 33.419927522141101 ], [ -112.532430453687994, 33.420034309550701 ], [ -112.532024426117999, 33.420070609074102 ], [ -112.530761039750999, 33.420374236942799 ], [ -112.530264633201995, 33.420526916988401 ], [ -112.529447303178003, 33.420777961415602 ], [ -112.528099374161997, 33.421206331540702 ], [ -112.528068625022996, 33.421216009374902 ], [ -112.527705951333999, 33.4213484281576 ], [ -112.526972250105999, 33.421616185522801 ], [ -112.525932231332007, 33.421914475673397 ], [ -112.525455355256, 33.422051113118201 ], [ -112.524358332, 33.422434642507199 ], [ -112.523840139680999, 33.422515134620198 ], [ -112.523763308520003, 33.422542005917798 ], [ -112.523056769876007, 33.4227882682044 ], [ -112.522186611443004, 33.423018775629799 ], [ -112.521586181570001, 33.423144230247203 ], [ -112.521438500189007, 33.423175072630499 ], [ -112.520948236845001, 33.423277471403601 ], [ -112.519665174885006, 33.423575591203601 ], [ -112.519390527802997, 33.423630251779997 ], [ -112.518452706478996, 33.423817317391503 ], [ -112.517363553449002, 33.4242502946584 ], [ -112.517215463946002, 33.424315799695698 ], [ -112.516086756958003, 33.424813788076797 ], [ -112.515899670590002, 33.424917535116997 ], [ -112.515307134203994, 33.425247188361901 ], [ -112.515042173585996, 33.4253761228846 ], [ -112.514578240380004, 33.425602182331197 ], [ -112.513339519620004, 33.426115301504602 ], [ -112.512871231670999, 33.426342534222002 ], [ -112.512169309106, 33.426683933426297 ], [ -112.511842336577999, 33.4268426470626 ], [ -112.510702166376007, 33.427284362140497 ], [ -112.509813400824996, 33.427628873735401 ], [ -112.508534061301006, 33.428051123125798 ], [ -112.507977940546994, 33.428234593948403 ], [ -112.507236201127, 33.428452732860599 ], [ -112.506367050695999, 33.428708482014898 ], [ -112.505905224073004, 33.428844581882501 ], [ -112.504930730889996, 33.429131757307097 ], [ -112.504258229792001, 33.429369890959698 ], [ -112.504207087908995, 33.429386576015901 ], [ -112.503722438267999, 33.429544645962601 ], [ -112.503137003985003, 33.4298420273959 ], [ -112.502468354084002, 33.430245822923197 ], [ -112.501841446431996, 33.430731683913699 ], [ -112.500774582245, 33.431551485206498 ], [ -112.499832448953001, 33.432081457429 ], [ -112.499016982472995, 33.432393729044698 ], [ -112.498081791616997, 33.432663755169401 ], [ -112.497122336858993, 33.433028194581802 ], [ -112.496222492637997, 33.433302009777599 ], [ -112.495814865521993, 33.433425861332402 ], [ -112.495141583266999, 33.433641691637298 ], [ -112.494660976201004, 33.433802777600199 ], [ -112.494115858450996, 33.433985210328999 ], [ -112.494050768223005, 33.434011926502002 ], [ -112.492994323215996, 33.4344462720059 ], [ -112.492134616637998, 33.434847526007601 ], [ -112.491870253892003, 33.435034742817898 ], [ -112.491694223200994, 33.4351588967331 ], [ -112.491089684027003, 33.435484356325702 ], [ -112.490847420159, 33.435607893208399 ], [ -112.490328569651993, 33.435872854236301 ], [ -112.489691594579995, 33.436090758591398 ], [ -112.489512132722993, 33.436152097783598 ], [ -112.487873787667993, 33.436765313115799 ], [ -112.487517014158996, 33.436915863621998 ], [ -112.486292151108998, 33.437433063218101 ], [ -112.486224067278997, 33.437461778171603 ], [ -112.485344079941996, 33.437800943247503 ], [ -112.483959800145001, 33.438334403475899 ], [ -112.483172263853007, 33.438615794142699 ], [ -112.481393030876006, 33.439252027440098 ], [ -112.481002432886996, 33.439391695808197 ], [ -112.480472494425996, 33.439581215614403 ], [ -112.478842861103004, 33.440200406739898 ], [ -112.477809761051006, 33.4405929177574 ], [ -112.476677893461002, 33.440970250502197 ], [ -112.476365009937993, 33.441074874291601 ], [ -112.474512746434996, 33.441692434782503 ], [ -112.473745224851001, 33.441948445892898 ], [ -112.472348248369997, 33.442454870720802 ], [ -112.471084564362997, 33.442912918381097 ], [ -112.470245225471004, 33.4432171085326 ], [ -112.470182741833995, 33.4432398340169 ], [ -112.468018511582002, 33.444022767089997 ], [ -112.466718996454006, 33.4444919037186 ], [ -112.466008765639003, 33.4447587425378 ], [ -112.465853086902996, 33.4448172360825 ], [ -112.463687280605996, 33.4456313976576 ], [ -112.462919567976996, 33.4459200362434 ], [ -112.461519719481998, 33.446463577917399 ], [ -112.461147626406003, 33.446608036623601 ], [ -112.459558358400002, 33.447224811767903 ], [ -112.459349044690995, 33.4473129540511 ], [ -112.457178019080004, 33.448224577290198 ], [ -112.456711293929004, 33.448420581415199 ], [ -112.455214609074005, 33.449048897479102 ], [ -112.455003643889995, 33.4491393056582 ], [ -112.452828468223004, 33.4500695069489 ], [ -112.452459258003003, 33.450227430414898 ], [ -112.451491157651006, 33.4506415153338 ], [ -112.450657555757005, 33.4509962351637 ], [ -112.449437021875994, 33.451515564697402 ], [ -112.449162230059997, 33.451650672203002 ], [ -112.448487731339, 33.452011132078503 ], [ -112.448155057541996, 33.452183554387901 ], [ -112.447880843354, 33.4522930116159 ], [ -112.447331683087, 33.452467678627102 ], [ -112.446913309256999, 33.452601926855699 ], [ -112.446537582904995, 33.452591374174901 ], [ -112.446317551939003, 33.452501780519803 ], [ -112.446158457544001, 33.452437125381401 ], [ -112.445594258731006, 33.452252905870303 ], [ -112.444898385499997, 33.4520761329225 ], [ -112.444500894932006, 33.4519900165268 ], [ -112.444146598155001, 33.451913259306302 ], [ -112.444158939952004, 33.450183778952599 ], [ -112.440086663057997, 33.450175350436197 ], [ -112.440119817028005, 33.452953010701599 ], [ -112.439819220421995, 33.453073746803902 ], [ -112.439151552192001, 33.453341915251798 ], [ -112.438255873356994, 33.453769990241703 ], [ -112.437655078513998, 33.454057105747403 ], [ -112.435822655698004, 33.454933147816298 ], [ -112.435490950249005, 33.4550849539472 ], [ -112.434436107563002, 33.455568676796403 ], [ -112.433325190578003, 33.456078120817601 ], [ -112.432909382515007, 33.456268655254497 ], [ -112.431160189419003, 33.456915667137501 ], [ -112.430048628514001, 33.457326730941801 ], [ -112.429930633506999, 33.457369239512303 ], [ -112.428993033634001, 33.457706697436201 ], [ -112.426824321842005, 33.458487281813802 ], [ -112.426824387726001, 33.458409211471 ], [ -112.426825264409004, 33.457457447710297 ], [ -112.426825361308005, 33.4573607779189 ], [ -112.426826522707003, 33.455544056408399 ], [ -112.426827687241996, 33.453727047570297 ], [ -112.426828515791001, 33.451910328891699 ], [ -112.426829617829, 33.4500896627234 ], [ -112.424657101932993, 33.450093228406402 ], [ -112.422491980659998, 33.450096676559298 ], [ -112.420326863159005, 33.450100085931901 ], [ -112.418161738619006, 33.450103453040697 ], [ -112.418163060962002, 33.451919023823798 ], [ -112.418164361847005, 33.453733185642001 ], [ -112.420328582398, 33.4537306680391 ], [ -112.422492800694002, 33.453728398545998 ], [ -112.422493218249002, 33.455544258702702 ], [ -112.422493631864, 33.457360118404402 ], [ -112.420330307529994, 33.457361252587198 ], [ -112.418166981710002, 33.457362348106997 ], [ -112.416003319669002, 33.457363132817598 ], [ -112.413840663261993, 33.457364145140403 ], [ -112.411676662614994, 33.457364853635703 ], [ -112.409514339021001, 33.457365792052798 ], [ -112.409511907259002, 33.455553894187602 ], [ -112.409509818334001, 33.4537422787173 ], [ -112.409507390664004, 33.451930380707999 ], [ -112.409505404225996, 33.450125246578402 ], [ -112.408446811377004, 33.451920737623901 ], [ -112.407383584068, 33.453723882326898 ], [ -112.407380311113997, 33.453729271148198 ], [ -112.406319330464996, 33.455528156132701 ], [ -112.405254714446997, 33.457333833772203 ], [ -112.403126108031998, 33.457319339952697 ], [ -112.400997490994996, 33.457304523776301 ], [ -112.400998115389001, 33.459119542268702 ], [ -112.400998742270005, 33.460934559330298 ], [ -112.400999365977, 33.462749290036001 ], [ -112.400999984739002, 33.464560548120502 ], [ -112.396732956698997, 33.4645408530276 ], [ -112.396261724438006, 33.464538668737802 ], [ -112.394607403747003, 33.464531001465303 ], [ -112.392471929877004, 33.464519221834898 ], [ -112.390325411700999, 33.464510626272201 ], [ -112.388178897977994, 33.4645019943585 ], [ -112.386032041202995, 33.464493329078302 ], [ -112.383885855881999, 33.464484618184798 ], [ -112.381739334055993, 33.464475879262601 ], [ -112.379593152278005, 33.464467094843499 ], [ -112.377447295398994, 33.464457987338299 ], [ -112.375725503824995, 33.464450901510702 ], [ -112.375294391129003, 33.464449484516798 ], [ -112.373149173751003, 33.464438323961801 ], [ -112.371004286811996, 33.464426841209999 ], [ -112.368859745639995, 33.464415598875199 ], [ -112.366715192810005, 33.464404038150597 ], [ -112.364570313334994, 33.464392725269498 ], [ -112.362512527975994, 33.464381551537699 ] ], [ [ -112.467989077270005, 33.410142956492002 ], [ -112.469775134385003, 33.410139840392297 ], [ -112.469774726706007, 33.410135620005498 ], [ -112.469727721387997, 33.408323130106801 ], [ -112.469680963721999, 33.406505285086197 ], [ -112.469633850261999, 33.404686030517396 ], [ -112.46958676877, 33.4028684696205 ], [ -112.469579915885006, 33.402601088377899 ], [ -112.467973216901001, 33.402590523325401 ], [ -112.465806643359002, 33.402576123830201 ], [ -112.465227954970999, 33.402572534404001 ], [ -112.465196579871005, 33.401044508602801 ], [ -112.465189924618997, 33.400708077892403 ], [ -112.463632562409003, 33.401032537708602 ], [ -112.463587359518002, 33.401042089616297 ], [ -112.461476151835001, 33.401482122896802 ], [ -112.461470127370006, 33.401483606184499 ], [ -112.461470158872999, 33.401505586022601 ], [ -112.461475784263001, 33.402864535424001 ], [ -112.461483172832004, 33.404689615894299 ], [ -112.461490567913998, 33.406514978062802 ], [ -112.461491834834007, 33.4083356176235 ], [ -112.461493401078997, 33.410154005716301 ], [ -112.463661541850996, 33.410150418350398 ], [ -112.465825646726998, 33.410146563884901 ], [ -112.467989077270005, 33.410142956492002 ] ], [ [ -112.409286385825993, 33.420871112516203 ], [ -112.409263187866003, 33.419227696754703 ], [ -112.409260563966001, 33.4190445335391 ], [ -112.409237299178997, 33.417397174188203 ], [ -112.409234752946006, 33.417218802570098 ], [ -112.409211413083, 33.415566655571801 ], [ -112.409208944444003, 33.4153930719473 ], [ -112.409185866803, 33.413735846672303 ], [ -112.409183475730003, 33.413567050142603 ], [ -112.407078258710001, 33.413561643589198 ], [ -112.404960275502006, 33.413556059984501 ], [ -112.402841949378001, 33.413550448575599 ], [ -112.400723958653003, 33.4135447926664 ], [ -112.400162030608001, 33.413543246462197 ], [ -112.400184156845995, 33.415361136998399 ], [ -112.400206277365996, 33.417178458901297 ], [ -112.400228750118004, 33.418996339977703 ], [ -112.400250887870001, 33.420814511111303 ], [ -112.400746006953995, 33.420817655819498 ], [ -112.402877745582003, 33.4208310409877 ], [ -112.405009142694993, 33.420844396959303 ], [ -112.407141210023994, 33.420857705058403 ], [ -112.409286385825993, 33.420871112516203 ] ], [ [ -112.703236609, 33.377678707563099 ], [ -112.703660225434007, 33.377680220816799 ], [ -112.703660952068006, 33.377665836659801 ], [ -112.703681989572004, 33.375851169519699 ], [ -112.703703387388003, 33.374020432751998 ], [ -112.702928440354995, 33.374018665321898 ], [ -112.702901310445995, 33.375849199536802 ], [ -112.701366492008006, 33.375845166847299 ], [ -112.701365624979005, 33.375800649310598 ], [ -112.701411798376, 33.374014946834201 ], [ -112.700691269314007, 33.374013265259798 ], [ -112.700725164879998, 33.372182918863999 ], [ -112.700731279387, 33.3718587378048 ], [ -112.699469197197999, 33.371781896004798 ], [ -112.699416158822004, 33.370350113743697 ], [ -112.698896861776007, 33.3703490456138 ], [ -112.698896015990002, 33.370340039829401 ], [ -112.698790874226006, 33.369493190403396 ], [ -112.698554049950999, 33.369508829179601 ], [ -112.696329649266005, 33.369653666836903 ], [ -112.694102555377995, 33.369798783752898 ], [ -112.694094176448999, 33.369799460865401 ], [ -112.694081806247993, 33.370339607847498 ], [ -112.694039678387995, 33.372168372348497 ], [ -112.696265039530005, 33.372173210596003 ], [ -112.696218264825006, 33.374002606204101 ], [ -112.698454767358996, 33.374008097037802 ], [ -112.699241478830004, 33.374010011819301 ], [ -112.699248486765001, 33.375561920992197 ], [ -112.69893141288, 33.375839064446502 ], [ -112.698877243183006, 33.375886306864501 ], [ -112.698917526542004, 33.377663779292199 ], [ -112.700624063017997, 33.377669718145 ], [ -112.701077236176999, 33.377671403321003 ], [ -112.702874142579006, 33.377677480134203 ], [ -112.703236609, 33.377678707563099 ] ], [ [ -112.386099550471002, 33.451773843505997 ], [ -112.388230221067005, 33.451778186814103 ], [ -112.388237877498, 33.449959403520197 ], [ -112.386108931658001, 33.449955044920699 ], [ -112.383979994556, 33.449950931923098 ], [ -112.381851046464007, 33.449946500178399 ], [ -112.379722433881, 33.449942024507102 ], [ -112.377593823615001, 33.449937797227101 ], [ -112.375724775357995, 33.449934034448198 ], [ -112.375447732671006, 33.449933728217403 ], [ -112.375428376463006, 33.451752357611397 ], [ -112.377575524600999, 33.4517566959438 ], [ -112.379706199696997, 33.451761185806497 ], [ -112.381836868068007, 33.451765353206397 ], [ -112.383968207593, 33.451769475566799 ], [ -112.386099550471002, 33.451773843505997 ] ], [ [ -112.411645997890005, 33.442861644373401 ], [ -112.413811682342995, 33.442862612647502 ], [ -112.413805147385006, 33.441051041268203 ], [ -112.411639144212998, 33.441048668028003 ], [ -112.409473479865994, 33.441046534453598 ], [ -112.409479966586005, 33.442860361708398 ], [ -112.411645997890005, 33.442861644373401 ] ], [ [ -112.464764547073997, 33.398847627318602 ], [ -112.463622332021998, 33.398559546065897 ], [ -112.462206801812002, 33.3982025265787 ], [ -112.462246970085999, 33.399216101188401 ], [ -112.462294795334998, 33.400425739709902 ], [ -112.463629408350002, 33.4002637241325 ], [ -112.464779585450003, 33.400123886119999 ], [ -112.464769148656998, 33.3992218542449 ], [ -112.464764547073997, 33.398847627318602 ] ], [ [ -112.426063335061997, 33.435648202347501 ], [ -112.426698687314996, 33.435649911541702 ], [ -112.426784733817996, 33.435649485151501 ], [ -112.426783931268005, 33.435600455532303 ], [ -112.426786875494997, 33.433829928953301 ], [ -112.426789474665995, 33.432017409650697 ], [ -112.426792349975003, 33.430201505584002 ], [ -112.426043736837002, 33.430198283145103 ], [ -112.426050255076007, 33.432014359885102 ], [ -112.426056738940005, 33.4338279022775 ], [ -112.426063335061997, 33.435648202347501 ] ], [ [ -112.696357403541995, 33.368574750156597 ], [ -112.696358923643004, 33.368514699258597 ], [ -112.696381301632996, 33.3676432770528 ], [ -112.694146158364006, 33.3675261207486 ], [ -112.694123593257004, 33.368510560742799 ], [ -112.694117095424005, 33.368798957379099 ], [ -112.694130508129007, 33.368797924774299 ], [ -112.696357403541995, 33.368574750156597 ] ], [ [ -112.409460847852998, 33.437418594071602 ], [ -112.410236055287996, 33.4374202100067 ], [ -112.410265837527007, 33.4356048426041 ], [ -112.409454665281004, 33.435602508986001 ], [ -112.409454858830998, 33.435656056020001 ], [ -112.409460847852998, 33.437418594071602 ] ], [ [ -112.477160606455996, 33.398952030223697 ], [ -112.478730672881994, 33.398550026671103 ], [ -112.478732160331006, 33.3980630004814 ], [ -112.477160513205007, 33.3981330170338 ], [ -112.477160606455996, 33.398952030223697 ] ] ] } },
{ "type": "Feature", "properties": { "OBJECTID": 64, "PROGRAM": "72", "CERTIFICATE": "211277", "CONVEYANCE": "0001", "NAME": "Gila River Indian IDD (Expired)", "EXIST_OR_P": "E", "GSF_OR_USF": "GSF", "AMA": " ", "CRSPNDG_CE": "N/A", "STATUS": "Inactive", "LABEL": "Gila River Indain IDD", "MAXSAVINGS": "56000 (37520 in PHX and 18480 in PIN)", "Shape__Area": 117185150.855225, "Shape__Length": 143737.29472888701 }, "geometry": { "type": "Polygon", "coordinates": [ [ [ -112.012774263918004, 33.095165730542 ], [ -112.011106030231005, 33.095136075849197 ], [ -111.995715795934998, 33.095232104139697 ], [ -111.995743445680006, 33.095746840646697 ], [ -111.995756869090002, 33.1030126677082 ], [ -111.995720881847006, 33.103012789257299 ], [ -111.995628688419004, 33.117298590299498 ], [ -111.995596373292003, 33.117298848496802 ], [ -111.995598671745, 33.117502560717497 ], [ -111.985996894447993, 33.117532403428797 ], [ -111.985987361857994, 33.117506345275601 ], [ -111.982798776102001, 33.1175315349439 ], [ -111.982800433102994, 33.117680306745903 ], [ -111.982778848259002, 33.117676741040398 ], [ -111.982831425816997, 33.126231962915803 ], [ -111.974771212232, 33.1261710678273 ], [ -111.974749668550999, 33.126170903552101 ], [ -111.969944558300995, 33.126190356573403 ], [ -111.969839406085001, 33.1297932749222 ], [ -111.965394983468002, 33.129870137392103 ], [ -111.965433268843995, 33.131492972836497 ], [ -111.961404505521003, 33.1314965722446 ], [ -111.961368549089002, 33.131519191449797 ], [ -111.961368953792999, 33.131498393468803 ], [ -111.960899393665002, 33.131495873680599 ], [ -111.960901394006996, 33.1308114552481 ], [ -111.956763994756997, 33.130825163132499 ], [ -111.956712182611994, 33.133599449286798 ], [ -111.952268683569002, 33.1336156085043 ], [ -111.952274685858001, 33.1322011746337 ], [ -111.952260447220993, 33.1322011734309 ], [ -111.952267966432004, 33.131672498496698 ], [ -111.948730058970995, 33.131664056358801 ], [ -111.948392142648004, 33.131663244157799 ], [ -111.948407148778003, 33.125354200926303 ], [ -111.944243146589997, 33.125354402227103 ], [ -111.944243995765007, 33.125717340419399 ], [ -111.944247337389996, 33.127149286142 ], [ -111.944257850300005, 33.127148500223697 ], [ -111.944232733749999, 33.129975812422103 ], [ -111.939924375852996, 33.129956110231397 ], [ -111.939933683196998, 33.130829453459398 ], [ -111.935365077537, 33.130824477895203 ], [ -111.935394582783999, 33.131706090046897 ], [ -111.931191784088995, 33.131657215669399 ], [ -111.931203828090005, 33.134500223657099 ], [ -111.931234901875996, 33.134507052000501 ], [ -111.931205680022003, 33.139614776240201 ], [ -111.935391779954998, 33.139629445392401 ], [ -111.935403891362995, 33.140083440791003 ], [ -111.935437004134997, 33.141324708025103 ], [ -111.935409992326001, 33.141345992588597 ], [ -111.935305855836006, 33.149591815299999 ], [ -111.931166115807002, 33.149553197891798 ], [ -111.931134843660999, 33.151338909614203 ], [ -111.931072514546997, 33.154898021721998 ], [ -111.926962964894003, 33.154809503516397 ], [ -111.926946522593994, 33.156141977290901 ], [ -111.926996989388996, 33.1561622855642 ], [ -111.926994906904, 33.156804495592503 ], [ -111.920282748605999, 33.1568153426363 ], [ -111.918150579788005, 33.156847686779599 ], [ -111.918141367551996, 33.156771344450298 ], [ -111.918103237183004, 33.1564551528244 ], [ -111.918054781902995, 33.1560533493778 ], [ -111.915039180826, 33.155989578436198 ], [ -111.914120663874002, 33.155980557505004 ], [ -111.914119055108003, 33.155825489295303 ], [ -111.914101261249002, 33.155825504451897 ], [ -111.914080632319994, 33.155058454613503 ], [ -111.909664140429996, 33.155090792342797 ], [ -111.909672028098001, 33.1558548146429 ], [ -111.909666565053996, 33.1558548545473 ], [ -111.909665041471001, 33.156036430296403 ], [ -111.905409404325994, 33.1560441951694 ], [ -111.905389416744995, 33.154098980874799 ], [ -111.905380973438994, 33.153277212225198 ], [ -111.903340587325005, 33.153319063277998 ], [ -111.900813049434007, 33.153387199148803 ], [ -111.900801927377003, 33.153264757714503 ], [ -111.900795982158002, 33.153199361846902 ], [ -111.900724659573996, 33.152414502071402 ], [ -111.897526425368, 33.1524579758794 ], [ -111.896752472475995, 33.152468482974797 ], [ -111.896705334448995, 33.151720645409398 ], [ -111.896698126085994, 33.151717954413897 ], [ -111.896680088395996, 33.151341631245799 ], [ -111.889244502587999, 33.148442619836402 ], [ -111.888126085702993, 33.147962707560502 ], [ -111.888126732532996, 33.147941985539397 ], [ -111.888117140198005, 33.147943985061197 ], [ -111.888097739733993, 33.146018545975103 ], [ -111.888089518971995, 33.145202604101598 ], [ -111.888049505159998, 33.145202529505099 ], [ -111.888058807502006, 33.145177202526398 ], [ -111.879903628403994, 33.144987466204398 ], [ -111.879620096194003, 33.144980855865398 ], [ -111.879601733312995, 33.143140581564403 ], [ -111.879594787342, 33.142444432825997 ], [ -111.871307927713005, 33.142199652362301 ], [ -111.866978030994005, 33.141661725231401 ], [ -111.862094810580999, 33.140619480210603 ], [ -111.858227147837994, 33.140646187307901 ], [ -111.858236020497003, 33.141557636552498 ], [ -111.858208900071006, 33.141560788202298 ], [ -111.858243609129005, 33.142337150712301 ], [ -111.858143873052001, 33.1423374130244 ], [ -111.853614639775003, 33.142349285341801 ], [ -111.853640430141994, 33.138756029105402 ], [ -111.849437112526005, 33.138707893833001 ], [ -111.849459913161994, 33.137913443250198 ], [ -111.845256880457001, 33.137890790652897 ], [ -111.845218570254005, 33.137071134339699 ], [ -111.840980659837996, 33.136944840721299 ], [ -111.840968467573006, 33.135666443848301 ], [ -111.840967825353005, 33.135666439163899 ], [ -111.840968507859003, 33.135306331200603 ], [ -111.836309096049007, 33.135263738207499 ], [ -111.836262555665996, 33.1338248873381 ], [ -111.836226142721998, 33.132699101237598 ], [ -111.836135012563005, 33.129804422139301 ], [ -111.832292746345999, 33.129781168918498 ], [ -111.832145109413005, 33.125335466115502 ], [ -111.832094036130997, 33.124322646843403 ], [ -111.836388018888996, 33.124370760802201 ], [ -111.836395128646004, 33.125120657851902 ], [ -111.836409793723007, 33.125120739803101 ], [ -111.836418791092996, 33.126069674991903 ], [ -111.840849868438994, 33.126057435784801 ], [ -111.840858904691999, 33.127005404694103 ], [ -111.840842612274997, 33.1270269384801 ], [ -111.840881417065006, 33.1270270915022 ], [ -111.840886060895997, 33.127023721932296 ], [ -111.840920053922005, 33.130589321985902 ], [ -111.840914602428995, 33.130589742123099 ], [ -111.840927586123001, 33.131379305118003 ], [ -111.840938128652994, 33.132020406052497 ], [ -111.840938425372997, 33.132038257829997 ], [ -111.845263391299, 33.132084791521699 ], [ -111.845264421142005, 33.132140119141603 ], [ -111.84526944436, 33.132409312251902 ], [ -111.853274383867003, 33.132401354562298 ], [ -111.853761633288997, 33.132400851317897 ], [ -111.853793082853002, 33.133286194259597 ], [ -111.853797669266996, 33.133415326979701 ], [ -111.853838300554997, 33.1345589495266 ], [ -111.853853625455997, 33.134990399377003 ], [ -111.857957999161997, 33.135000359447602 ], [ -111.858187993469002, 33.135000913864197 ], [ -111.858188008642998, 33.134974272054599 ], [ -111.858188818341006, 33.133633296599299 ], [ -111.858190526285995, 33.133633423738402 ], [ -111.858182400909996, 33.133340464180399 ], [ -111.858149726175995, 33.132162753317303 ], [ -111.858191978266007, 33.132126615869602 ], [ -111.858183759976001, 33.1312820406065 ], [ -111.858150510287004, 33.127864683539201 ], [ -111.858144066305996, 33.127202313171097 ], [ -111.858110929996002, 33.125049573456003 ], [ -111.858089309408001, 33.123644969638299 ], [ -111.858069972939006, 33.122388795697297 ], [ -111.866723719858996, 33.122536915164702 ], [ -111.866708693592003, 33.117703619208598 ], [ -111.866750664405004, 33.117677872530102 ], [ -111.866729027773005, 33.115474993090501 ], [ -111.862720817460001, 33.115421767646701 ], [ -111.862688555453005, 33.115421339766897 ], [ -111.853542468366001, 33.115457217585302 ], [ -111.85353209118, 33.115300659735503 ], [ -111.853466786045999, 33.114315425250702 ], [ -111.858120194218998, 33.114258520543899 ], [ -111.858113032578999, 33.113521972114498 ], [ -111.847234161014001, 33.1136496425164 ], [ -111.847224516541004, 33.113312647540504 ], [ -111.847251729562004, 33.113297111706402 ], [ -111.847237370678997, 33.1118013233922 ], [ -111.845330715919999, 33.111814271149797 ], [ -111.845338269825007, 33.112602962409902 ], [ -111.845369145323005, 33.1126342023653 ], [ -111.845366476424005, 33.1127754058665 ], [ -111.845350837271994, 33.113601056987903 ], [ -111.840842031766002, 33.113587693095603 ], [ -111.840851725693994, 33.112367918758999 ], [ -111.840876004029994, 33.112361169571699 ], [ -111.840861235510999, 33.110810984410698 ], [ -111.836661957101995, 33.1108392470327 ], [ -111.836337012466004, 33.110841428125902 ], [ -111.836341876706996, 33.108715594743899 ], [ -111.836343300371993, 33.108094383955397 ], [ -111.834354202249997, 33.108107716251297 ], [ -111.834016625968005, 33.1081099757671 ], [ -111.834025844945998, 33.1070320870571 ], [ -111.834031980486998, 33.106314804834597 ], [ -111.832154985713998, 33.106303045665598 ], [ -111.832159787403, 33.106216335660001 ], [ -111.832178556507998, 33.1058773070217 ], [ -111.832212386525995, 33.105266242250799 ], [ -111.840851028946005, 33.105285882659501 ], [ -111.840852188683996, 33.103446006512002 ], [ -111.840887974346003, 33.103440140314603 ], [ -111.840879362991004, 33.099142905982802 ], [ -111.826596338184999, 33.099102451490801 ], [ -111.824044811177004, 33.095773977676103 ], [ -111.823628717652994, 33.095444196924397 ], [ -111.823633857250996, 33.092308900527101 ], [ -111.823689239247003, 33.092294971428402 ], [ -111.823684266140006, 33.088296875947499 ], [ -111.818311638161006, 33.088306705119997 ], [ -111.814902387415998, 33.083662984258801 ], [ -111.815091722014998, 33.077990838511099 ], [ -111.814704075449001, 33.077993371996698 ], [ -111.814694891562993, 33.077996858661997 ], [ -111.814694966383996, 33.077987076999001 ], [ -111.810762231320993, 33.077937471693602 ], [ -111.810761783147001, 33.077149010937902 ], [ -111.810760103345999, 33.074184130488298 ], [ -111.810441791886007, 33.074186199738499 ], [ -111.810441800215003, 33.074167361614201 ], [ -111.806900215045999, 33.074151606240299 ], [ -111.806435318311998, 33.073549219126001 ], [ -111.806398211501005, 33.066816494936504 ], [ -111.806483780622003, 33.066838810695103 ], [ -111.806460460918998, 33.066759685437603 ], [ -111.808525922482005, 33.066555921784399 ], [ -111.810985454657995, 33.067056718752298 ], [ -111.816839810546995, 33.067888854426101 ], [ -111.819619404275002, 33.068061006225598 ], [ -111.819654154264001, 33.068087974645202 ], [ -111.823669223940001, 33.068061520123599 ], [ -111.823694842519004, 33.068754900975101 ], [ -111.824838957416006, 33.068754746681698 ], [ -111.825795632463993, 33.068754612792098 ], [ -111.825798926792004, 33.068742130889902 ], [ -111.828056418746996, 33.068712424510601 ], [ -111.828138751284001, 33.074162675172303 ], [ -111.831669871689002, 33.074139173680997 ], [ -111.831785755908001, 33.074138400714901 ], [ -111.831923925671006, 33.074137478959898 ], [ -111.831985196125999, 33.069864641653197 ], [ -111.831985140070003, 33.068898744259897 ], [ -111.831985096566001, 33.068157386955697 ], [ -111.832314455854998, 33.068085713439601 ], [ -111.835476539965001, 33.0677109963462 ], [ -111.838801133903999, 33.067443891571102 ], [ -111.841059546691994, 33.0671566976497 ], [ -111.841094418118004, 33.067176196168397 ], [ -111.843221563159005, 33.0669245164001 ], [ -111.845188725602, 33.066584818872499 ], [ -111.845348700111003, 33.073718033867799 ], [ -111.853658113861997, 33.073729126633602 ], [ -111.853730530763997, 33.068049733273703 ], [ -111.853687128296997, 33.0680212822611 ], [ -111.853697964397995, 33.068022759498596 ], [ -111.853619979306004, 33.065258811766299 ], [ -111.853599753116995, 33.0645420656993 ], [ -111.866472088229997, 33.059639224676197 ], [ -111.866519763498005, 33.059615100833902 ], [ -111.866521171520006, 33.059614389305402 ], [ -111.866729206469998, 33.059509117826401 ], [ -111.866718203660994, 33.058386400493603 ], [ -111.869365714094002, 33.058286380732397 ], [ -111.871006402592997, 33.057622177476503 ], [ -111.872968678736996, 33.056819711615397 ], [ -111.874796633857002, 33.0555013927017 ], [ -111.877358136427006, 33.053253156316003 ], [ -111.880498465727996, 33.050702148878997 ], [ -111.883668534929001, 33.048040962425098 ], [ -111.885522445627998, 33.0461239463244 ], [ -111.885805233244, 33.045891232820097 ], [ -111.887561853498994, 33.044242398762499 ], [ -111.887655619298997, 33.0441543876656 ], [ -111.888594057117999, 33.043273495196601 ], [ -111.888628074243002, 33.0425132310789 ], [ -111.888673177683998, 33.041505052373601 ], [ -111.892742552770997, 33.041557592199801 ], [ -111.892752545004996, 33.042548105502199 ], [ -111.892755990742003, 33.042889664233201 ], [ -111.892762536, 33.043538447279303 ], [ -111.892775744304998, 33.043665001637997 ], [ -111.892809472834998, 33.043707441373598 ], [ -111.910064294783993, 33.043674449076697 ], [ -111.910140515253005, 33.043729172079402 ], [ -111.910152037065998, 33.029099693366597 ], [ -111.927459894071006, 33.028972246783802 ], [ -111.927122490871, 33.058164652480201 ], [ -111.927208427414996, 33.058235751823901 ], [ -111.927198397568006, 33.065446745358898 ], [ -111.930537066528998, 33.065444548226402 ], [ -111.930284677193995, 33.065769525861697 ], [ -111.925922498971005, 33.071708070280401 ], [ -111.924759246969003, 33.073988271141097 ], [ -111.923304426965004, 33.078790258980597 ], [ -111.923619195005003, 33.078494422847903 ], [ -111.925166424832994, 33.076801993462702 ], [ -111.927728768961003, 33.074147940798802 ], [ -111.935300244320999, 33.065550286622702 ], [ -111.936206866380999, 33.065540033654003 ], [ -111.936215871288994, 33.065528019335602 ], [ -111.936226175575001, 33.065527941978097 ], [ -111.936628913527997, 33.065524917831503 ], [ -111.937501818787993, 33.065546616855499 ], [ -111.939918864299997, 33.065584949200897 ], [ -111.942570539448994, 33.065593193484403 ], [ -111.943375722580001, 33.0655588470268 ], [ -111.944852438449004, 33.065547667373103 ], [ -111.944918054308005, 33.065599350568597 ], [ -111.961902658856999, 33.065402662007003 ], [ -111.961923101644004, 33.065415933854702 ], [ -111.970440257798998, 33.065349946437102 ], [ -111.970315221917005, 33.0876434254888 ], [ -111.961956432036999, 33.087645934554097 ], [ -111.961893209725005, 33.072703009425098 ], [ -111.947288246395999, 33.0730268769234 ], [ -111.947260775182997, 33.073033901858899 ], [ -111.947248431787997, 33.073018825274303 ], [ -111.944701610137002, 33.072995091528703 ], [ -111.944642928896002, 33.080249418313997 ], [ -111.944589380574996, 33.086869848362902 ], [ -111.944613368299002, 33.086867601986 ], [ -111.944588319269002, 33.088238055616799 ], [ -111.940241534281, 33.088233767792502 ], [ -111.940242942653995, 33.0883660896355 ], [ -111.940230933142004, 33.088366069270201 ], [ -111.940226558692999, 33.088861718051803 ], [ -111.944588286479004, 33.088866992364103 ], [ -111.944569506752998, 33.089557057241002 ], [ -111.944558678747001, 33.089954837224603 ], [ -111.944553386953999, 33.090149475723997 ], [ -111.94450931419, 33.092560638663201 ], [ -111.944476477495996, 33.0943571896048 ], [ -111.944437710299994, 33.096478099706303 ], [ -111.944404305283001, 33.098305761139898 ], [ -111.944317584049003, 33.103049969186799 ], [ -111.978636938828998, 33.103052670849202 ], [ -111.978648944179994, 33.103033287062303 ], [ -111.978714558190006, 33.087798636570703 ], [ -111.995629279007005, 33.088057967181498 ], [ -111.995657811498006, 33.088031632689798 ], [ -111.999448915008998, 33.088001296367601 ], [ -112.001780312041006, 33.087842291056099 ], [ -112.012651228378004, 33.087544023441801 ], [ -112.012664579767005, 33.088371395628897 ], [ -112.012774263918004, 33.095165730542 ] ], [ [ -111.914781619056996, 33.0770150950379 ], [ -111.915731902226, 33.076344442703501 ], [ -111.902013642021004, 33.0673425159519 ], [ -111.884390544178004, 33.0672791199462 ], [ -111.884352265070007, 33.0690808154433 ], [ -111.884387531314005, 33.069101499490202 ], [ -111.884236153540996, 33.082999595351403 ], [ -111.888638957091004, 33.081044029662003 ], [ -111.892692542939002, 33.0809676668121 ], [ -111.892703339896002, 33.082036395251698 ], [ -111.892720476571995, 33.083732539586997 ], [ -111.892727503822996, 33.084428037627397 ], [ -111.892718483314994, 33.084433343631297 ], [ -111.892713464574001, 33.0861979574915 ], [ -111.893530687167996, 33.085891864222802 ], [ -111.901614573190997, 33.083415970532201 ], [ -111.909065956662999, 33.079711621751201 ], [ -111.910487291246, 33.080494447205901 ], [ -111.914731052901999, 33.077017045381098 ], [ -111.914781619056996, 33.0770150950379 ] ], [ [ -111.909753874402995, 33.120700834241497 ], [ -111.909768075973005, 33.119568050979403 ], [ -111.909750865983995, 33.1190576175795 ], [ -111.905921145082999, 33.119085519493801 ], [ -111.905808029395999, 33.119086341822602 ], [ -111.905793158852006, 33.119822613849202 ], [ -111.905788038153005, 33.119822581621001 ], [ -111.905785612906001, 33.119984043721601 ], [ -111.905779295038002, 33.120011276070002 ], [ -111.905754005752996, 33.120120248884099 ], [ -111.904686911051996, 33.120069466496197 ], [ -111.901436154410007, 33.120078160623997 ], [ -111.901435981169001, 33.120061203841097 ], [ -111.901314750080005, 33.120049339509798 ], [ -111.900969723448995, 33.120046145084302 ], [ -111.901053304572002, 33.117719516553699 ], [ -111.901068479219006, 33.117297173094201 ], [ -111.897095585602997, 33.117299920805998 ], [ -111.897090462650993, 33.117683423773897 ], [ -111.897058879029998, 33.120047160658103 ], [ -111.896725279802993, 33.120049561868697 ], [ -111.896724619232003, 33.120068833725398 ], [ -111.892465272397004, 33.120056492984197 ], [ -111.892451757952003, 33.118720355305598 ], [ -111.892431653149004, 33.116327090263503 ], [ -111.884029652299006, 33.116441375897402 ], [ -111.884070509617999, 33.117469602742801 ], [ -111.884158284281, 33.119678612947297 ], [ -111.888426194708998, 33.119755442682198 ], [ -111.888466732604002, 33.120571087904601 ], [ -111.901299584404995, 33.120695962477797 ], [ -111.909753874402995, 33.120700834241497 ] ], [ [ -111.922621736661, 33.096257022846302 ], [ -111.922637453410999, 33.095550486654901 ], [ -111.918597602302995, 33.095526064821001 ], [ -111.918615689730998, 33.096237025757198 ], [ -111.91860422309, 33.096236966846597 ], [ -111.918486608799995, 33.101531533530597 ], [ -111.918496895573, 33.103305765349901 ], [ -111.922464570760994, 33.103321789687101 ], [ -111.922621736661, 33.096257022846302 ] ], [ [ -111.927014195347994, 33.090868574729498 ], [ -111.927020529820993, 33.087499090720002 ], [ -111.922880100732996, 33.087495751618903 ], [ -111.922849843646006, 33.089148183758901 ], [ -111.918604981561998, 33.089298687315697 ], [ -111.918729921956995, 33.090933308329397 ], [ -111.918738809152998, 33.091787743862703 ], [ -111.922624088118994, 33.0917222974929 ], [ -111.922614598075, 33.090813742122997 ], [ -111.927014195347994, 33.090868574729498 ] ], [ [ -111.883909855644006, 33.135393383035002 ], [ -111.883901124174002, 33.134522289704002 ], [ -111.879819306665993, 33.1344230729011 ], [ -111.879795887449006, 33.135322781847499 ], [ -111.879265514240998, 33.135327898282299 ], [ -111.879189498871, 33.135328633214101 ], [ -111.871240790455005, 33.135405055736001 ], [ -111.871210565151998, 33.135405345589 ], [ -111.871217152729997, 33.136072109625204 ], [ -111.871203155830003, 33.136089382035898 ], [ -111.871247437977999, 33.136090124950996 ], [ -111.871247505664002, 33.136097517974399 ], [ -111.871244366471004, 33.136895338499301 ], [ -111.883829900438997, 33.136943007979603 ], [ -111.883879225504998, 33.135456808952597 ], [ -111.883879563744998, 33.135446701729101 ], [ -111.883909855644006, 33.135393383035002 ] ], [ [ -111.881653302257007, 33.119821513362197 ], [ -111.881641098713999, 33.119821604218302 ], [ -111.881665050848994, 33.119150717228003 ], [ -111.877753690522994, 33.119096738038799 ], [ -111.877762077379003, 33.1199398097855 ], [ -111.877767802806005, 33.119946539697402 ], [ -111.877817945630994, 33.121598486515602 ], [ -111.879847029977, 33.121584175185603 ], [ -111.879904370749003, 33.124330749207999 ], [ -111.881641569723996, 33.124318469003498 ], [ -111.881653302257007, 33.119821513362197 ] ], [ [ -111.913548206683004, 33.106184472215503 ], [ -111.913538252324003, 33.1056700364256 ], [ -111.913549161925999, 33.104666342984203 ], [ -111.909754196060007, 33.104694101813898 ], [ -111.909756127836999, 33.104316639376798 ], [ -111.909748715839001, 33.103597342740102 ], [ -111.909746333838996, 33.103366176275898 ], [ -111.907875856889007, 33.1033578006897 ], [ -111.907811969178994, 33.106208099436301 ], [ -111.913548206683004, 33.106184472215503 ] ], [ [ -111.918352021109996, 33.122337536672198 ], [ -111.918386630038995, 33.119837400187301 ], [ -111.914476962728997, 33.1198661546537 ], [ -111.914400812593001, 33.122383147229598 ], [ -111.918349992613003, 33.122388364282202 ], [ -111.918352021109996, 33.122337536672198 ] ], [ [ -111.862778259492003, 33.134337361293198 ], [ -111.862771302865994, 33.135054751745201 ], [ -111.870872810953003, 33.135126490875798 ], [ -111.870826421589996, 33.133512607827697 ], [ -111.866928879653997, 33.133565412632898 ], [ -111.866905984850007, 33.1343342436802 ], [ -111.862778259492003, 33.134337361293198 ] ], [ [ -111.939344392771005, 33.124573973737398 ], [ -111.939348532587005, 33.124448441421102 ], [ -111.931456758831999, 33.124381384153899 ], [ -111.931455024420003, 33.125163092515201 ], [ -111.935699136606004, 33.125193940751302 ], [ -111.935680999094998, 33.126071620713397 ], [ -111.936191417478, 33.126067786460403 ], [ -111.936219675082995, 33.126067574128697 ], [ -111.939304167263998, 33.126044358281099 ], [ -111.939316229219003, 33.125427798446999 ], [ -111.939334091201005, 33.124886322668999 ], [ -111.939344392771005, 33.124573973737398 ] ], [ [ -111.844850562130006, 33.088103323335602 ], [ -111.844897335872005, 33.086712218879903 ], [ -111.840842098490995, 33.086714345769103 ], [ -111.840833937032997, 33.087435084757601 ], [ -111.840839099541, 33.087442632932699 ], [ -111.840831506944994, 33.088657114020698 ], [ -111.844807310375998, 33.088652397785701 ], [ -111.844821662829006, 33.088657062104303 ], [ -111.844821755232999, 33.088652382880902 ], [ -111.844824299541003, 33.088523814707699 ], [ -111.844832585565001, 33.088104669152997 ], [ -111.844850562130006, 33.088103323335602 ] ], [ [ -111.903653019488004, 33.1169533645093 ], [ -111.907693268968004, 33.116978392561798 ], [ -111.907645568367997, 33.1154828638564 ], [ -111.903541030865995, 33.115485496097001 ], [ -111.903620033326007, 33.116963085280403 ], [ -111.903653019488004, 33.1169533645093 ] ], [ [ -111.935395055889003, 33.085738822593498 ], [ -111.935380947024996, 33.085738836449998 ], [ -111.935383058875004, 33.084556387818402 ], [ -111.931571043521004, 33.084584930244098 ], [ -111.931587023682994, 33.085755587888798 ], [ -111.931580038969003, 33.086080054134598 ], [ -111.935383671566996, 33.086079661225597 ], [ -111.935395055889003, 33.085738822593498 ] ], [ [ -111.896501436660998, 33.116080294475701 ], [ -111.896514012810002, 33.114584256317201 ], [ -111.892995475027007, 33.114555192031503 ], [ -111.892979503242998, 33.115340240064 ], [ -111.892938783584995, 33.115340144003198 ], [ -111.892945980769994, 33.116051425524901 ], [ -111.896501569611004, 33.1160933811951 ], [ -111.896501436660998, 33.116080294475701 ] ], [ [ -111.939556200490003, 33.0786202784358 ], [ -111.939571937764001, 33.078193505696902 ], [ -111.935650194336006, 33.078222996902603 ], [ -111.935658883600993, 33.079043692491297 ], [ -111.935659066450995, 33.0790609621844 ], [ -111.939540102951995, 33.079056909764098 ], [ -111.939540533824001, 33.079045337759098 ], [ -111.939556200490003, 33.0786202784358 ] ], [ [ -111.939655893194995, 33.091508053174799 ], [ -111.939658726703996, 33.091136514482798 ], [ -111.939646285506996, 33.090882408143798 ], [ -111.935713694106994, 33.090871621820099 ], [ -111.935714976918007, 33.090992717778498 ], [ -111.935734202492995, 33.091652123399498 ], [ -111.939293767972003, 33.091649917408198 ], [ -111.939318983077996, 33.091672064829801 ], [ -111.939654659005001, 33.091669535000698 ], [ -111.939655893194995, 33.091508053174799 ] ], [ [ -111.866757470096005, 33.127082584434902 ], [ -111.866758368923001, 33.126969069705503 ], [ -111.866760411715006, 33.126711022228001 ], [ -111.866763136097006, 33.126366661551998 ], [ -111.862686344048996, 33.126369357834598 ], [ -111.862692719687999, 33.1270212733805 ], [ -111.866757470096005, 33.127082584434902 ] ], [ [ -111.922743810884, 33.123187336544902 ], [ -111.922733739738007, 33.123187291166502 ], [ -111.922748575349999, 33.122606538205503 ], [ -111.918741243129006, 33.122663346347203 ], [ -111.918804774395994, 33.123221410260903 ], [ -111.918771953230006, 33.123221711814601 ], [ -111.918772697682002, 33.123293194902097 ], [ -111.922729938076003, 33.123315439117199 ], [ -111.922743810884, 33.123187336544902 ] ], [ [ -111.935127875910993, 33.130530743338397 ], [ -111.935152236888001, 33.129904568716199 ], [ -111.931094381867993, 33.129879225916703 ], [ -111.931061041424002, 33.130233003434498 ], [ -111.931060506226999, 33.1302478042644 ], [ -111.931066127194995, 33.130458965922003 ], [ -111.931158816758, 33.130461270431397 ], [ -111.931159190187998, 33.130478465515999 ], [ -111.935127875910993, 33.130530743338397 ] ], [ [ -111.853290524517007, 33.134069532730003 ], [ -111.853284179943998, 33.133413821043199 ], [ -111.849599189778999, 33.133402956630498 ], [ -111.849605854236998, 33.134094715945601 ], [ -111.853290524517007, 33.134069532730003 ] ], [ [ -111.939398336037002, 33.095373156311503 ], [ -111.939412269835998, 33.094613169052202 ], [ -111.936208778942998, 33.094591416520899 ], [ -111.936191362195999, 33.095358726845298 ], [ -111.939398336037002, 33.095373156311503 ] ], [ [ -111.862200980620003, 33.1359042359584 ], [ -111.862225169162997, 33.135263512523302 ], [ -111.858510000983998, 33.135289170679897 ], [ -111.858484288853006, 33.135776172050903 ], [ -111.862200980620003, 33.1359042359584 ] ], [ [ -111.931106483283003, 33.084298169652698 ], [ -111.931121590011003, 33.083754078844102 ], [ -111.927404203451005, 33.0837383258256 ], [ -111.927399029178005, 33.084274916552197 ], [ -111.931106483283003, 33.084298169652698 ] ], [ [ -111.969420593834002, 33.1240743420935 ], [ -111.969415377982003, 33.123599690659098 ], [ -111.966076784020999, 33.123583486251903 ], [ -111.966065170950998, 33.124047078688903 ], [ -111.966615962958002, 33.1240428068459 ], [ -111.966732711944005, 33.124044122595997 ], [ -111.969420593834002, 33.1240743420935 ] ], [ [ -111.878975213540002, 33.124915593643998 ], [ -111.875772533577006, 33.1248692756485 ], [ -111.875778370758994, 33.125029881246597 ], [ -111.875779730450006, 33.125067287501899 ], [ -111.875782644400005, 33.1253608037213 ], [ -111.878948152378996, 33.1253602552326 ], [ -111.878957559179, 33.125042923969801 ], [ -111.878976483033, 33.125043003336998 ], [ -111.878975213540002, 33.124915593643998 ] ] ] } },
{ "type": "Feature", "properties": { "OBJECTID": 65, "PROGRAM": "72", "CERTIFICATE": "572386", "CONVEYANCE": "0006", "NAME": "Roosevelt Irrigation District", "EXIST_OR_P": "E", "GSF_OR_USF": "GSF", "AMA": "Phoenix", "CRSPNDG_CE": "57.002517.0000", "STATUS": "Active", "LABEL": "Roosevelt ID", "MAXSAVINGS": "133000", "Shape__Area": 863372.91772460903, "Shape__Length": 3771.6369614610599 }, "geometry": { "type": "Polygon", "coordinates": [ [ [ -112.441975523178996, 33.412918989846098 ], [ -112.439808628869002, 33.412921052656202 ], [ -112.437641726652998, 33.412923083090902 ], [ -112.435475153637, 33.412924785044197 ], [ -112.435475242836006, 33.412011349996597 ], [ -112.435475192520002, 33.410190970194201 ], [ -112.435475474384006, 33.408370300154601 ], [ -112.435475388748003, 33.406547662385897 ], [ -112.435482373468005, 33.404705215768303 ], [ -112.435482207240995, 33.403939748245399 ], [ -112.437650934890996, 33.403633638277498 ], [ -112.439819640544997, 33.403327490842898 ], [ -112.439819882852007, 33.402894027600603 ], [ -112.441989154577001, 33.402908281652202 ], [ -112.444160851058996, 33.402926703768898 ], [ -112.444156921176003, 33.404760095270802 ], [ -112.444153148263993, 33.406602502189799 ], [ -112.444151272761999, 33.408417832363199 ], [ -112.444149717223993, 33.410231750503698 ], [ -112.444147817130997, 33.412045103984497 ], [ -112.444147133102007, 33.412917115637903 ], [ -112.441975523178996, 33.412918989846098 ] ] ] } },
{ "type": "Feature", "properties": { "OBJECTID": 66, "PROGRAM": "72", "CERTIFICATE": "534888", "CONVEYANCE": "0007", "NAME": "New Magma Irrigation & Drainage District", "EXIST_OR_P": "E", "GSF_OR_USF": "GSF", "AMA": "Phoenix", "CRSPNDG_CE": "57.002511.0000", "STATUS": "Active", "LABEL": "New Magma IDD", "MAXSAVINGS": "59506", "Shape__Area": 456276.96899414097, "Shape__Length": 3523.8289461609402 }, "geometry": { "type": "Polygon", "coordinates": [ [ [ -111.495979086120002, 33.146060877449102 ], [ -111.495586362954995, 33.145879225678797 ], [ -111.495277521991994, 33.1456586198941 ], [ -111.495184891435002, 33.145572450881701 ], [ -111.495088892509003, 33.145482915379901 ], [ -111.495947212762005, 33.144687706289098 ], [ -111.496950188141994, 33.143758866960198 ], [ -111.498049133631, 33.1427416896246 ], [ -111.498641093852996, 33.142193607559399 ], [ -111.498848397626006, 33.141940494406398 ], [ -111.500128489446993, 33.140379113241103 ], [ -111.500345106245007, 33.140115251592903 ], [ -111.501845748494006, 33.1382851869189 ], [ -111.50218812144, 33.137867192385499 ], [ -111.503349652189002, 33.136450578971299 ], [ -111.504298865387995, 33.137452189584899 ], [ -111.505088320694995, 33.1382853148206 ], [ -111.506502092787002, 33.139776893429001 ], [ -111.506832787742994, 33.1401259190174 ], [ -111.506992915975005, 33.140294955903101 ], [ -111.506534198816993, 33.140697373661602 ], [ -111.505093681503993, 33.141960394276097 ], [ -111.504459594078, 33.142516574443299 ], [ -111.503446090839006, 33.143405206851398 ], [ -111.503263419901003, 33.142808931674203 ], [ -111.503128313510004, 33.142444449369897 ], [ -111.502974939018003, 33.142225201844298 ], [ -111.502803558172005, 33.1420787553241 ], [ -111.502717362446006, 33.142004971162301 ], [ -111.502318427350005, 33.142436444569903 ], [ -111.501077299843999, 33.143778667452302 ], [ -111.500668026493003, 33.144221454870298 ], [ -111.501143316145999, 33.1446026108053 ], [ -111.500251270426006, 33.145234501961603 ], [ -111.499733664486001, 33.145601331557302 ], [ -111.498160115404005, 33.146715978745199 ], [ -111.498151373892, 33.146710943546601 ], [ -111.498048848221998, 33.146653283483701 ], [ -111.497687892358002, 33.146461645263798 ], [ -111.497066891583003, 33.146384358992101 ], [ -111.496463494384997, 33.146278246305897 ], [ -111.496033511793001, 33.146086034074798 ], [ -111.495979086120002, 33.146060877449102 ] ] ] } },
{ "type": "Feature", "properties": { "OBJECTID": 67, "PROGRAM": "72", "CERTIFICATE": "584465", "CONVEYANCE": "0003", "NAME": "Farmers Investment Company", "EXIST_OR_P": "F", "GSF_OR_USF": "GSF", "AMA": "Tucson", "CRSPNDG_CE": "58.101964.0004", "STATUS": "Active", "LABEL": "Farmers Investment Company", "MAXSAVINGS": "22000", "Shape__Area": 15319716.0974121, "Shape__Length": 23377.070672720401 }, "geometry": { "type": "Polygon", "coordinates": [ [ [ -110.930926019789993, 31.957183191955799 ], [ -110.944168316097006, 31.9571950874079 ], [ -110.944196217934007, 31.930741573935698 ], [ -110.947867516914997, 31.930744550262698 ], [ -110.947877341487001, 31.9209432911546 ], [ -110.961003367090001, 31.9209533909942 ], [ -110.960934229228002, 32.0007899091787 ], [ -110.951804739935, 32.000782812440498 ], [ -110.951807409284996, 31.9982138301127 ], [ -110.944682085764001, 31.998207816342301 ], [ -110.944709922795994, 31.971659179508801 ], [ -110.930908565655002, 31.971646754411701 ], [ -110.930925547184003, 31.957373498188399 ], [ -110.930926019789993, 31.957183191955799 ] ] ] } },
{ "type": "Feature", "properties": { "OBJECTID": 68, "PROGRAM": "72", "CERTIFICATE": "534489", "CONVEYANCE": "0005", "NAME": "Hohokam Irrigation District", "EXIST_OR_P": "E", "GSF_OR_USF": "GSF", "AMA": "Pinal", "CRSPNDG_CE": "57.001102.0000", "STATUS": "Active", "LABEL": "Hohokam ID", "MAXSAVINGS": "82000", "Shape__Area": 631542.76220703102, "Shape__Length": 3175.2508624891698 }, "geometry": { "type": "Polygon", "coordinates": [ [ [ -111.523671287832997, 32.886876934342901 ], [ -111.523685888694004, 32.8899235678076 ], [ -111.523580472933006, 32.894035129495101 ], [ -111.519527367647001, 32.8940047297314 ], [ -111.515109545467993, 32.893998257848899 ], [ -111.515148333214995, 32.886853811551397 ], [ -111.516308340859993, 32.886857470996702 ], [ -111.517374796628999, 32.88686037558 ], [ -111.518949748012005, 32.8868634153608 ], [ -111.520540742996005, 32.886867491566299 ], [ -111.522113700522993, 32.886872191118499 ], [ -111.523671287832997, 32.886876934342901 ] ] ] } },
{ "type": "Feature", "properties": { "OBJECTID": 69, "PROGRAM": "72", "CERTIFICATE": "531382", "CONVEYANCE": "0006", "NAME": "Central Arizona Irrigation and Drainage District", "EXIST_OR_P": "E", "GSF_OR_USF": "GSF", "AMA": "Pinal", "CRSPNDG_CE": "57.001101.0000", "STATUS": "Active", "LABEL": "Central Arizona IDD", "MAXSAVINGS": "110000", "Shape__Area": 1961545.6304931601, "Shape__Length": 6645.2579490173302 }, "geometry": { "type": "Polygon", "coordinates": [ [ [ -111.585245575426995, 32.763067778109999 ], [ -111.580987229780007, 32.763087671568499 ], [ -111.580962858364003, 32.759339669221397 ], [ -111.570142610096994, 32.759389566854097 ], [ -111.569940561539994, 32.755642933706802 ], [ -111.570827919943994, 32.755638881380499 ], [ -111.570811652285997, 32.753091720703999 ], [ -111.567862089719, 32.753105175418099 ], [ -111.567864527178003, 32.752858784254499 ], [ -111.567895598419, 32.750083073323097 ], [ -111.567909774805003, 32.748848871613497 ], [ -111.567916655321994, 32.748462075921502 ], [ -111.572556176841999, 32.748585777664701 ], [ -111.585343827057002, 32.748526475564098 ], [ -111.585336964397001, 32.750025625660001 ], [ -111.585245575426995, 32.763067778109999 ] ] ] } },
{ "type": "Feature", "properties": { "OBJECTID": 70, "PROGRAM": "72", "CERTIFICATE": "534489", "CONVEYANCE": "0005", "NAME": "Hohokam Irrigation District", "EXIST_OR_P": "E", "GSF_OR_USF": "GSF", "AMA": "Pinal", "CRSPNDG_CE": "57.001102.0000", "STATUS": "Active", "LABEL": "Hohokam ID", "MAXSAVINGS": "82000", "Shape__Area": 162528.06396484401, "Shape__Length": 1613.0486843199201 }, "geometry": { "type": "Polygon", "coordinates": [ [ [ -111.593180967250007, 32.890624869248498 ], [ -111.593061021322001, 32.894280442826897 ], [ -111.588679105376997, 32.894146165507202 ], [ -111.588805605478001, 32.890645603818001 ], [ -111.593180967250007, 32.890624869248498 ] ] ] } },
{ "type": "Feature", "properties": { "OBJECTID": 71, "PROGRAM": "72", "CERTIFICATE": "534489", "CONVEYANCE": "0005", "NAME": "Hohokam Irrigation District", "EXIST_OR_P": "E", "GSF_OR_USF": "GSF", "AMA": "Pinal", "CRSPNDG_CE": "57.001102.0000", "STATUS": "Active", "LABEL": "Hohokam ID", "MAXSAVINGS": "82000", "Shape__Area": 1282238.63842773, "Shape__Length": 4764.7240232211097 }, "geometry": { "type": "Polygon", "coordinates": [ [ [ -111.463507069586996, 32.8796095973482 ], [ -111.463500845455997, 32.875081285503299 ], [ -111.463493800844006, 32.869752962789498 ], [ -111.465590059617, 32.869086636241398 ], [ -111.470280053360995, 32.868615730859702 ], [ -111.472188196423005, 32.868645721675698 ], [ -111.472084048099006, 32.872310168771001 ], [ -111.476431167168997, 32.872284593958099 ], [ -111.476494220343994, 32.875076227431499 ], [ -111.476471755998006, 32.878241975657303 ], [ -111.476517156246004, 32.8796072939693 ], [ -111.468297475461, 32.879574198693497 ], [ -111.463507069586996, 32.8796095973482 ] ] ] } },
{ "type": "Feature", "properties": { "OBJECTID": 72, "PROGRAM": "72", "CERTIFICATE": "531381", "CONVEYANCE": "0006", "NAME": "Maricopa Stanfield Irrigation & Drainage District", "EXIST_OR_P": "E", "GSF_OR_USF": "GSF", "AMA": "Pinal", "CRSPNDG_CE": "57.001103.0000", "STATUS": "Active", "LABEL": "Maricopa Stanfield IDD", "MAXSAVINGS": "168114", "Shape__Area": 1301228.4326171901, "Shape__Length": 4840.2558940728204 }, "geometry": { "type": "Polygon", "coordinates": [ [ [ -112.168816111351006, 33.000068243394999 ], [ -112.168870831925005, 32.992809567497098 ], [ -112.170792671588998, 32.992806765853302 ], [ -112.174677146901004, 32.992800689013499 ], [ -112.186148622866, 32.992783465501603 ], [ -112.186081636911993, 33.0000698740986 ], [ -112.181528432188003, 33.000069115882098 ], [ -112.168816111351006, 33.000068243394999 ] ] ] } },
{ "type": "Feature", "properties": { "OBJECTID": 73, "PROGRAM": "72", "CERTIFICATE": "558246", "CONVEYANCE": "0007", "NAME": "Maricopa Water District", "EXIST_OR_P": "E", "GSF_OR_USF": "GSF", "AMA": "Phoenix", "CRSPNDG_CE": "57.002508.0000", "STATUS": "Active", "LABEL": "Maricopa Water District", "MAXSAVINGS": "40000", "Shape__Area": 447697.42517089797, "Shape__Length": 4190.2535966896203 }, "geometry": { "type": "Polygon", "coordinates": [ [ [ -112.359640983350005, 33.6458143670583 ], [ -112.361184131729004, 33.645816225534503 ], [ -112.362511969295994, 33.6458193197358 ], [ -112.363797565075004, 33.645817103804397 ], [ -112.365322994172004, 33.645823746051903 ], [ -112.366325815463995, 33.645818572508396 ], [ -112.367434745360001, 33.645824034006203 ], [ -112.368896564330996, 33.6458137615056 ], [ -112.370019712285, 33.645824947628803 ], [ -112.371149731146005, 33.645824231373901 ], [ -112.372166770480007, 33.645824763403098 ], [ -112.373021393057996, 33.645827085684502 ], [ -112.374179657061006, 33.645826027999803 ], [ -112.375634595582994, 33.645827569114601 ], [ -112.376782504584995, 33.645830526174599 ], [ -112.376796396326, 33.647674495223598 ], [ -112.374628825318993, 33.647658943074099 ], [ -112.370299900080994, 33.647652895627502 ], [ -112.368133790301002, 33.647659945171 ], [ -112.368134896363998, 33.6478212384987 ], [ -112.368140166662997, 33.648591495326798 ], [ -112.368155425799998, 33.652352835597597 ], [ -112.366476700093003, 33.651059971489701 ], [ -112.365591227585, 33.650381234455303 ], [ -112.364416648751003, 33.649470382122701 ], [ -112.362960774111002, 33.648355453709499 ], [ -112.360616943208996, 33.646552382319101 ], [ -112.359640983350005, 33.6458143670583 ] ] ] } },
{ "type": "Feature", "properties": { "OBJECTID": 74, "PROGRAM": "72", "CERTIFICATE": "534550", "CONVEYANCE": "0006", "NAME": "Queen Creek Irrigation District", "EXIST_OR_P": "E", "GSF_OR_USF": "GSF", "AMA": "Phoenix", "CRSPNDG_CE": "57.002515.0000", "STATUS": "Active", "LABEL": "Queen Creek ID", "MAXSAVINGS": "22000", "Shape__Area": 323017.47143554699, "Shape__Length": 3635.51770808523 }, "geometry": { "type": "Polygon", "coordinates": [ [ [ -111.528763063271995, 33.2364329774773 ], [ -111.528752117032994, 33.234618618507803 ], [ -111.530934972181001, 33.234618616863401 ], [ -111.533103736064007, 33.234618356782399 ], [ -111.535272163478993, 33.2346180639423 ], [ -111.537440927977997, 33.234618009654902 ], [ -111.539609298863994, 33.2346086179612 ], [ -111.541778003635002, 33.234599191524602 ], [ -111.543946708440004, 33.234589722767502 ], [ -111.546101322170003, 33.234580278061301 ], [ -111.546124320584994, 33.236387537812199 ], [ -111.543958907852996, 33.236393363819701 ], [ -111.541788119173006, 33.236399175544399 ], [ -111.539617670992996, 33.2364049515148 ], [ -111.537447221963006, 33.236410686007702 ], [ -111.535276772108006, 33.2364163826309 ], [ -111.533106656331995, 33.236422044458998 ], [ -111.530936204834006, 33.236427664446502 ], [ -111.528763063271995, 33.2364329774773 ] ] ] } },
{ "type": "Feature", "properties": { "OBJECTID": 75, "PROGRAM": "72", "CERTIFICATE": "534489", "CONVEYANCE": "0005", "NAME": "Hohokam Irrigation District", "EXIST_OR_P": "E", "GSF_OR_USF": "GSF", "AMA": "Pinal", "CRSPNDG_CE": "57.001102.0000", "STATUS": "Active", "LABEL": "Hohokam ID", "MAXSAVINGS": "82000", "Shape__Area": 647459.80163574195, "Shape__Length": 3219.31274663764 }, "geometry": { "type": "Polygon", "coordinates": [ [ [ -111.627949299177004, 32.865111432291997 ], [ -111.625692660222001, 32.8651047309029 ], [ -111.623377238234994, 32.8650982808241 ], [ -111.620387754112997, 32.865088380669498 ], [ -111.619336267693996, 32.865086274211102 ], [ -111.619361537564998, 32.861518514219902 ], [ -111.619388352453001, 32.8576919701026 ], [ -111.627769553500002, 32.857812443978197 ], [ -111.627938024280994, 32.864649186003298 ], [ -111.627949299177004, 32.865111432291997 ] ] ] } },
{ "type": "Feature", "properties": { "OBJECTID": 76, "PROGRAM": "72", "CERTIFICATE": "531382", "CONVEYANCE": "0006", "NAME": "Central Arizona Irrigation and Drainage District", "EXIST_OR_P": "E", "GSF_OR_USF": "GSF", "AMA": "Pinal", "CRSPNDG_CE": "57.001101.0000", "STATUS": "Active", "LABEL": "Central Arizona IDD", "MAXSAVINGS": "110000", "Shape__Area": 761212.32055664097, "Shape__Length": 3773.68189131595 }, "geometry": { "type": "Polygon", "coordinates": [ [ [ -111.445233459720995, 32.581015246877101 ], [ -111.445245836050006, 32.581362513676503 ], [ -111.436574296897007, 32.581393009172402 ], [ -111.432325092842007, 32.581407728891499 ], [ -111.432289021917995, 32.573912459709199 ], [ -111.440256770705005, 32.574034718305299 ], [ -111.440266319021006, 32.575983239987401 ], [ -111.445070476561, 32.580913771116201 ], [ -111.445233459720995, 32.581015246877101 ] ] ] } },
{ "type": "Feature", "properties": { "OBJECTID": 77, "PROGRAM": "72", "CERTIFICATE": "538100", "CONVEYANCE": "0008", "NAME": "Cortaro Marana Irrigation District", "EXIST_OR_P": "E", "GSF_OR_USF": "GSF", "AMA": "Tucson", "CRSPNDG_CE": "57.000035.0000", "STATUS": "Active", "LABEL": "Cortaro Marana ID", "MAXSAVINGS": "20000", "Shape__Area": 51556546.644165002, "Shape__Length": 40892.65540802 }, "geometry": { "type": "Polygon", "coordinates": [ [ [ -111.292572261041002, 32.469548493310398 ], [ -111.291303125864999, 32.469551778144897 ], [ -111.291293011456006, 32.471364766989304 ], [ -111.291282565825995, 32.4731780420476 ], [ -111.293412652917993, 32.473175631295 ], [ -111.295543067214993, 32.473173460679 ], [ -111.295533712329998, 32.474989273053197 ], [ -111.295524358124993, 32.476805643308197 ], [ -111.297654872189, 32.476806259118298 ], [ -111.299785719089002, 32.476806837173797 ], [ -111.301916897761004, 32.476807379264599 ], [ -111.304047078856996, 32.476808169140199 ], [ -111.304040243165005, 32.478630454253597 ], [ -111.304033739556999, 32.480452738038601 ], [ -111.306185633309994, 32.4804562607615 ], [ -111.30835249687, 32.480459986971198 ], [ -111.310519359241994, 32.480463680390699 ], [ -111.312685889419996, 32.480467337331802 ], [ -111.314852413135995, 32.480470671028897 ], [ -111.317019276129997, 32.480474252547403 ], [ -111.31918613789, 32.480477792254803 ], [ -111.321367963176002, 32.480481260966997 ], [ -111.321358798223002, 32.482297910654196 ], [ -111.321349301108995, 32.484114846634498 ], [ -111.321340137009003, 32.485932062698701 ], [ -111.321330973928994, 32.4877492791394 ], [ -111.321321808719006, 32.489566208192997 ], [ -111.321312645481996, 32.491383705044797 ], [ -111.321303481257999, 32.4932006375603 ], [ -111.321294446590997, 32.494960900808501 ], [ -111.321293319540004, 32.495017853556199 ], [ -111.321232331736994, 32.498069396619599 ], [ -111.321128411730001, 32.500088696286802 ], [ -111.321358615712001, 32.500088670610602 ], [ -111.321358776094996, 32.501436798593701 ], [ -111.312428700610994, 32.501479033201797 ], [ -111.308380157399995, 32.5014974828362 ], [ -111.304193885298005, 32.501517261969298 ], [ -111.295293005239003, 32.501540728019798 ], [ -111.291012267073995, 32.501564803495199 ], [ -111.287030917175997, 32.501586922244698 ], [ -111.278164697069002, 32.501635599673101 ], [ -111.270252475622996, 32.501654541211401 ], [ -111.270251738886998, 32.500082283634299 ], [ -111.270181861910004, 32.496743773708801 ], [ -111.267835345671998, 32.496754431539003 ], [ -111.265489167059002, 32.496765044000597 ], [ -111.264455951634005, 32.496767220429703 ], [ -111.264456906969002, 32.496752839748098 ], [ -111.264408276436001, 32.4965054291917 ], [ -111.264256548652, 32.496264429905601 ], [ -111.263842020791003, 32.495795920125097 ], [ -111.263207164167, 32.4950566732252 ], [ -111.263132766520997, 32.494981842089302 ], [ -111.263105742544994, 32.494954555736904 ], [ -111.261310207334006, 32.493152101136303 ], [ -111.261105372998003, 32.492946449850699 ], [ -111.260775027641998, 32.492704690810299 ], [ -111.258929989052007, 32.491354208265797 ], [ -111.258420658277004, 32.490981161116402 ], [ -111.258384991867004, 32.490955013692002 ], [ -111.256377907054997, 32.489558311240799 ], [ -111.256066617616, 32.489341593844401 ], [ -111.253801312321997, 32.487765231970897 ], [ -111.253713331938002, 32.487703952343303 ], [ -111.251381124854007, 32.486080883323197 ], [ -111.251380825460004, 32.485973196542801 ], [ -111.251361167124003, 32.484169572751803 ], [ -111.251341509823007, 32.482365949338799 ], [ -111.250672322027, 32.482368414137703 ], [ -111.250671998502, 32.4822517017382 ], [ -111.250672429746999, 32.482167689281397 ], [ -111.249205399876004, 32.482174272973602 ], [ -111.247069546423006, 32.482183848309603 ], [ -111.245710939399999, 32.482189895146803 ], [ -111.244931842002998, 32.481635206481499 ], [ -111.243326691730999, 32.480492916896303 ], [ -111.242789209796001, 32.480109998932399 ], [ -111.240750607644003, 32.478658974054099 ], [ -111.240644645223, 32.478583344423299 ], [ -111.238498156689005, 32.4770555297114 ], [ -111.238174954328002, 32.476825259206798 ], [ -111.236349069900996, 32.475525429230103 ], [ -111.235599740976994, 32.474992052924897 ], [ -111.234204723264995, 32.473998949745898 ], [ -111.233043283045006, 32.473172005916197 ], [ -111.232059444632, 32.472471303635899 ], [ -111.230510919131007, 32.471368776652 ], [ -111.229911242713996, 32.470941936083797 ], [ -111.227980987283004, 32.469567464170801 ], [ -111.227764772354007, 32.469413368040001 ], [ -111.225620045480994, 32.467886174220403 ], [ -111.225453813185993, 32.467767790192703 ], [ -111.223474058012997, 32.466357817899102 ], [ -111.222932737677993, 32.465972275790598 ], [ -111.221334463031994, 32.464833921055003 ], [ -111.220411763206002, 32.464176714464998 ], [ -111.219198275015003, 32.4633122366442 ], [ -111.217892214412004, 32.4623819401925 ], [ -111.217060828409998, 32.461789953785903 ], [ -111.215367440378003, 32.460583743453498 ], [ -111.214934776793001, 32.4602755081293 ], [ -111.214934182888001, 32.460585050274503 ], [ -111.212803472991993, 32.460591208709403 ], [ -111.210672425959004, 32.460597617622703 ], [ -111.208541383078, 32.460603704492399 ], [ -111.206410003056007, 32.460610042719999 ], [ -111.205295435788997, 32.460613277552397 ], [ -111.204282179800003, 32.459837131527003 ], [ -111.202944186826997, 32.458812571801602 ], [ -111.202160123279995, 32.458212230608098 ], [ -111.200593358649996, 32.4570121030983 ], [ -111.200033809030998, 32.456583355145099 ], [ -111.200040725459004, 32.455206486331598 ], [ -111.200050339946998, 32.453399127577001 ], [ -111.197920475543, 32.453413772113599 ], [ -111.195783631709006, 32.4534283905774 ], [ -111.193647114704007, 32.453442977693101 ], [ -111.191510934085002, 32.453457523539399 ], [ -111.189698914873006, 32.453469855603501 ], [ -111.189371850187001, 32.453358145546197 ], [ -111.187221141139005, 32.452623597474499 ], [ -111.185070133818002, 32.451889012947099 ], [ -111.184497534086006, 32.451693360752699 ], [ -111.182921156209005, 32.451154953292601 ], [ -111.182900632040997, 32.449893705214002 ], [ -111.182871678688997, 32.448083298200999 ], [ -111.182842394671994, 32.446272328218001 ], [ -111.182813110942007, 32.444461356802201 ], [ -111.182784160484999, 32.442650385274597 ], [ -111.182783362577993, 32.442600294620597 ], [ -111.183205839786993, 32.442064520150197 ], [ -111.182769592445993, 32.441738987426596 ], [ -111.182755211365006, 32.440839412312798 ], [ -111.182725931115002, 32.439028158743 ], [ -111.180611335942004, 32.439031213029999 ], [ -111.179143677292004, 32.439033118544899 ], [ -111.166409469450002, 32.429528003755202 ], [ -111.165600320319996, 32.430017261310297 ], [ -111.165600188591, 32.429945180413803 ], [ -111.165597493926001, 32.428124295447297 ], [ -111.165590769651004, 32.424481440438697 ], [ -111.182659059063994, 32.424439763123999 ], [ -111.184798913874005, 32.424436640851098 ], [ -111.186945080965003, 32.424433473769902 ], [ -111.189091251972002, 32.424430270123601 ], [ -111.190539590412996, 32.424428089000401 ], [ -111.191237418379998, 32.424427029022702 ], [ -111.191376018200998, 32.424426819473702 ], [ -111.193383588697998, 32.424423752258797 ], [ -111.194814146067003, 32.424421549286798 ], [ -111.195530085653004, 32.424420156065402 ], [ -111.197676255093, 32.424416242354503 ], [ -111.199829066922007, 32.424412000088303 ], [ -111.201973901990002, 32.4244085791088 ], [ -111.204111096684997, 32.424405133091199 ], [ -111.206248617547999, 32.424401651187601 ], [ -111.208385790766997, 32.424389112410502 ], [ -111.210522972522, 32.424383304155803 ], [ -111.210528538641, 32.4261979722571 ], [ -111.210534105204005, 32.428012644344697 ], [ -111.212673373076001, 32.428007359738899 ], [ -111.212676031174993, 32.428007355251701 ], [ -111.213952655598007, 32.428668818472403 ], [ -111.213963747410006, 32.429279139879597 ], [ -111.214818026092004, 32.429288119083402 ], [ -111.215134811002997, 32.429291524378101 ], [ -111.216195745356003, 32.429815758992397 ], [ -111.216393094851995, 32.429913243964499 ], [ -111.216391897608005, 32.431630943947503 ], [ -111.216966949503998, 32.431629106867703 ], [ -111.217874640171999, 32.431626939487302 ], [ -111.217890378115001, 32.431630616360302 ], [ -111.218019094476006, 32.431662813947298 ], [ -111.218147489504005, 32.431696702526203 ], [ -111.218274555487, 32.431732565304401 ], [ -111.218401293393995, 32.431770405061101 ], [ -111.21852703879, 32.4318099378808 ], [ -111.218652124235007, 32.431851443747703 ], [ -111.218818801582998, 32.431910354866503 ], [ -111.219607307960999, 32.432199636730402 ], [ -111.220393835161005, 32.432493143512502 ], [ -111.220500302228999, 32.432532143354102 ], [ -111.220607761587999, 32.432569728652702 ], [ -111.220729191719997, 32.432609829741601 ], [ -111.221206573559996, 32.432763199325599 ], [ -111.221684286821002, 32.432915722128001 ], [ -111.222161671167996, 32.433068801199099 ], [ -111.222639390077006, 32.433221883274399 ], [ -111.223343998133998, 32.433447859350203 ], [ -111.224048274937999, 32.433674394977203 ], [ -111.224634458820006, 32.433863076992303 ], [ -111.225220641575007, 32.434052038631997 ], [ -111.225421920377997, 32.434118773525 ], [ -111.225621539624996, 32.434188331985403 ], [ -111.225956263971995, 32.434312899786597 ], [ -111.227398369971993, 32.434877229007498 ], [ -111.228835203225998, 32.435451422153903 ], [ -111.229004246196993, 32.435521030765599 ], [ -111.229171636038004, 32.4355934603675 ], [ -111.229337375586994, 32.435668146236097 ], [ -111.229501782566004, 32.435745371063398 ], [ -111.229664539279995, 32.435824855777803 ], [ -111.229825642191003, 32.435906880048101 ], [ -111.230124234434001, 32.436067589974598 ], [ -111.230152192163004, 32.436083044467999 ], [ -111.230180818636001, 32.436097933910602 ], [ -111.230209444403002, 32.436112541887603 ], [ -111.230238401695004, 32.4361265818211 ], [ -111.230267689117994, 32.436140343292699 ], [ -111.230297308073006, 32.436153540328803 ], [ -111.230326926309999, 32.436166451388303 ], [ -111.230357213302995, 32.436178802808001 ], [ -111.230387493538998, 32.436190584997597 ], [ -111.230418103909997, 32.436202090528397 ], [ -111.230448713906, 32.436213027719198 ], [ -111.230479656148006, 32.436223681932397 ], [ -111.230510927794995, 32.436233772614699 ], [ -111.230542536301002, 32.436243303360797 ], [ -111.230574138766997, 32.436252548139201 ], [ -111.230605739805995, 32.4362612299918 ], [ -111.230637671306994, 32.436269346506698 ], [ -111.230694218389004, 32.436282490533699 ], [ -111.230785354595, 32.436301778629101 ], [ -111.230877147485003, 32.436319933299202 ], [ -111.230968936104006, 32.436336398246802 ], [ -111.231061059092994, 32.436351734869 ], [ -111.231153505082005, 32.436365658117303 ], [ -111.231246285789993, 32.436378176088503 ], [ -111.231354687511995, 32.436390942251698 ], [ -111.231801266673997, 32.436443406540903 ], [ -111.232246861953996, 32.436502350958101 ], [ -111.232810536634005, 32.436586729088702 ], [ -111.233277787529005, 32.436662262139201 ], [ -111.233744379429993, 32.436739767603697 ], [ -111.233948241061, 32.4367729361324 ], [ -111.233987477789995, 32.4367789281794 ], [ -111.234152430704, 32.436804132597601 ], [ -111.234246537762004, 32.4368174866622 ], [ -111.234340979490995, 32.436829435439201 ], [ -111.234435748756994, 32.436839689362301 ], [ -111.234530841700007, 32.436848814966403 ], [ -111.234635577649996, 32.436857077254501 ], [ -111.235349104155006, 32.436912408945602 ], [ -111.236061657940994, 32.436977044641303 ], [ -111.237657072888993, 32.437143752508099 ], [ -111.239248565593002, 32.437334410494401 ], [ -111.241058945681999, 32.437580453463603 ], [ -111.241230218102004, 32.437606624322797 ], [ -111.241401159098999, 32.437635332332903 ], [ -111.241571447747006, 32.437666299356799 ], [ -111.241741073848999, 32.437700084728398 ], [ -111.241910041986998, 32.437736406981301 ], [ -111.242078357818002, 32.437774989157802 ], [ -111.242245679242998, 32.437816389425798 ], [ -111.242412009031995, 32.4378600466679 ], [ -111.242668172050998, 32.437932569754899 ], [ -111.242814224802999, 32.437975987674498 ], [ -111.242960609581004, 32.438019400272999 ], [ -111.243253049925002, 32.438107070875603 ], [ -111.243545823050994, 32.438194463203402 ], [ -111.244106086201995, 32.438363091863202 ], [ -111.244666027871006, 32.438532839974201 ], [ -111.244751536858004, 32.438559740922301 ], [ -111.244836709885007, 32.438587483236397 ], [ -111.244860007032997, 32.438596176741797 ], [ -111.244882305909002, 32.438606281287697 ], [ -111.244903942980002, 32.438617518368901 ], [ -111.244924587086004, 32.4386301619706 ], [ -111.244944238551994, 32.438643938751902 ], [ -111.244962562273003, 32.438658844854203 ], [ -111.244979892580005, 32.4386745981678 ], [ -111.244995566130996, 32.4386917638056 ], [ -111.245009906160007, 32.438709495857204 ], [ -111.245027930025003, 32.438736240992 ], [ -111.245033916368001, 32.438746210350502 ], [ -111.245040952075996, 32.438757924162402 ], [ -111.245054311355005, 32.438779606675197 ], [ -111.245068328654, 32.438800720475903 ], [ -111.245082683190006, 32.438821837227103 ], [ -111.245097695458, 32.438842671236898 ], [ -111.245113045243997, 32.438863218617399 ], [ -111.245128722695995, 32.438883769868902 ], [ -111.245144734776005, 32.4389037521345 ], [ -111.245161079840997, 32.438923738260499 ], [ -111.245178089007993, 32.438943437120997 ], [ -111.245195424016998, 32.438962858395499 ], [ -111.245213095479002, 32.43898199214 ], [ -111.245231099153997, 32.439000843775098 ], [ -111.245249765891998, 32.439019417167202 ], [ -111.245268432621998, 32.439037985143699 ], [ -111.245287762706994, 32.4390559889057 ], [ -111.245307423940005, 32.439073710559903 ], [ -111.245327417395004, 32.439091153712297 ], [ -111.245353741686998, 32.439113370251398 ], [ -111.245516986960993, 32.439245271585001 ], [ -111.245801485152001, 32.439464325846401 ], [ -111.245946383561005, 32.439570886816902 ], [ -111.246232485437005, 32.439770201383801 ], [ -111.246349380313006, 32.439847500588399 ], [ -111.246467600529002, 32.4399231020153 ], [ -111.246587809906998, 32.439997008872098 ], [ -111.246709015148994, 32.4400689416386 ], [ -111.246831872320996, 32.440139180486398 ], [ -111.246958720608006, 32.440208847565998 ], [ -111.246992016153001, 32.440226542219499 ], [ -111.247025636762004, 32.440243672404698 ], [ -111.247059593076003, 32.440260239002697 ], [ -111.247094207420005, 32.440276239576598 ], [ -111.247128826330993, 32.440291959574097 ], [ -111.247163770301, 32.440307114200202 ], [ -111.247199051025007, 32.440321700725299 ], [ -111.247234661080995, 32.440335728184799 ], [ -111.247270597259998, 32.440349191172203 ], [ -111.247306870189007, 32.440362085155499 ], [ -111.247369096070997, 32.440382826178798 ], [ -111.247453270967995, 32.440409159564901 ], [ -111.247538113033002, 32.440434364841799 ], [ -111.247623616173001, 32.440458159658 ], [ -111.247714767887999, 32.440482224767301 ], [ -111.248044103937005, 32.440562768797498 ], [ -111.248401696046997, 32.440644664444399 ], [ -111.248710380907994, 32.440710304820399 ], [ -111.249020714702993, 32.440771146437299 ], [ -111.249429810218004, 32.440844198536503 ], [ -111.249884477259002, 32.4409242035182 ], [ -111.250672787968995, 32.441079944299901 ], [ -111.250849424200993, 32.441118496342703 ], [ -111.251025077975996, 32.441159867399499 ], [ -111.251199735780006, 32.441203781454199 ], [ -111.251373736963998, 32.441250231518801 ], [ -111.251554064325006, 32.441301458937097 ], [ -111.251605638746, 32.441316861472302 ], [ -111.251656878302001, 32.4413331099367 ], [ -111.251707792565995, 32.441350203409797 ], [ -111.251758373048006, 32.441368148223397 ], [ -111.251808295534005, 32.441386652741102 ], [ -111.251858214007996, 32.441406002528403 ], [ -111.251907475579998, 32.4414259219418 ], [ -111.251956734206004, 32.441446686623202 ], [ -111.252015316173001, 32.441472785779801 ], [ -111.252045945267994, 32.441487103298698 ], [ -111.252076569823998, 32.441501697768402 ], [ -111.252106531082006, 32.441516860988301 ], [ -111.252136167326, 32.441532588673397 ], [ -111.252165799047006, 32.441548598722299 ], [ -111.252194767457993, 32.441565173011902 ], [ -111.252223737462998, 32.441582315623798 ], [ -111.252252043637995, 32.441599454145702 ], [ -111.252280019205003, 32.441617439506899 ], [ -111.252307662871004, 32.441635425526698 ], [ -111.252334977001993, 32.441654261992497 ], [ -111.252361958153998, 32.441673093706797 ], [ -111.252388608977, 32.441692490800797 ], [ -111.252414596503996, 32.441712456648602 ], [ -111.252440253181007, 32.441732418643298 ], [ -111.252465578197999, 32.441753231089599 ], [ -111.252505897514993, 32.441787260123299 ], [ -111.252674202975996, 32.441937182423501 ], [ -111.252839525653997, 32.442089646325201 ], [ -111.253001533648003, 32.442244657017397 ], [ -111.253160558055001, 32.4424019224641 ], [ -111.253315928684003, 32.442561453947697 ], [ -111.253566688960007, 32.442830740237703 ], [ -111.253872175566002, 32.443172366328803 ], [ -111.254174685935993, 32.443515970583697 ], [ -111.254310437661005, 32.443674413650697 ], [ -111.254446211813999, 32.443838777096602 ], [ -111.254490252913001, 32.443893939008198 ], [ -111.254532966642998, 32.443949953377803 ], [ -111.254574681730006, 32.444006818640197 ], [ -111.254615406141994, 32.444063963742103 ], [ -111.254654797849994, 32.444121956805802 ], [ -111.254692861647996, 32.444180234001301 ], [ -111.254729931059998, 32.444239363889501 ], [ -111.254765672543002, 32.444298772499103 ], [ -111.254832504226997, 32.4444178868712 ], [ -111.254842194057005, 32.444435344825798 ], [ -111.254852216876998, 32.4444528021059 ], [ -111.254862570845006, 32.444469981765899 ], [ -111.254873256726, 32.444487156242701 ], [ -111.254884274803999, 32.444504047684603 ], [ -111.254895961258995, 32.444520656313202 ], [ -111.254907643465998, 32.444537265851402 ], [ -111.254919656533005, 32.444553873816702 ], [ -111.254932007388007, 32.4445699172757 ], [ -111.254945015711996, 32.4445859603047 ], [ -111.254958025102994, 32.444602002427999 ], [ -111.254971370155999, 32.444617480951202 ], [ -111.254985041818003, 32.444632958811603 ], [ -111.254999051791003, 32.444648435985599 ], [ -111.255013724028004, 32.4446633479958 ], [ -111.255028390950997, 32.444678260014904 ], [ -111.255043063469003, 32.444692890561299 ], [ -111.255067392507002, 32.444715390538498 ], [ -111.255104722313007, 32.444748584001303 ], [ -111.255142720508005, 32.444781490128499 ], [ -111.255181374876997, 32.4448135496337 ], [ -111.255223690522001, 32.444847292269301 ], [ -111.255506241636994, 32.445067176225898 ], [ -111.255791113350995, 32.445284795930299 ], [ -111.256049657657996, 32.445477942731401 ], [ -111.256310517781003, 32.445669111356402 ], [ -111.256380146710001, 32.445718866462997 ], [ -111.256515057022995, 32.445810215869599 ], [ -111.256537702876003, 32.445824547636903 ], [ -111.256561349296007, 32.4458383099321 ], [ -111.256585320745998, 32.445851512250002 ], [ -111.25660996005, 32.445863868823899 ], [ -111.256634929941001, 32.445875374025903 ], [ -111.256660556777007, 32.445886314063003 ], [ -111.256686518486006, 32.445896413544297 ], [ -111.256712810783995, 32.445905662554999 ], [ -111.256739433416001, 32.445914347065603 ], [ -111.256766384784001, 32.445921903257997 ], [ -111.256813958801004, 32.445933362339403 ], [ -111.256855214230995, 32.445942866778502 ], [ -111.256896135608997, 32.445953495017299 ], [ -111.256936397147996, 32.445965537299301 ], [ -111.256976001216998, 32.445978703139502 ], [ -111.257015270462006, 32.445992719441698 ], [ -111.257053879861999, 32.446008146180297 ], [ -111.257091827552998, 32.446024700997903 ], [ -111.257129113537005, 32.446042383895197 ], [ -111.257165738892994, 32.446061200283303 ], [ -111.257186387717994, 32.446072432738603 ], [ -111.257272301886005, 32.446121308809602 ], [ -111.257357222512994, 32.446171319004399 ], [ -111.257440822700005, 32.446222735529403 ], [ -111.257564391597995, 32.446301700209602 ], [ -111.257755595369005, 32.446430141723802 ], [ -111.258116718910998, 32.446685376929501 ], [ -111.258196682771995, 32.446744699306301 ], [ -111.258275320888004, 32.446805428039198 ], [ -111.258352961222997, 32.446867290019497 ], [ -111.258428943097002, 32.446930282996099 ], [ -111.258503936752007, 32.446994404694401 ], [ -111.258622934152996, 32.447101002228898 ], [ -111.258641268530994, 32.447117879210097 ], [ -111.258660265985995, 32.447134476975698 ], [ -111.258679594824997, 32.447150506628198 ], [ -111.258699255600007, 32.4471665346938 ], [ -111.258718915578001, 32.447182281298403 ], [ -111.258739239687998, 32.447197745075997 ], [ -111.258759900238999, 32.447212922189003 ], [ -111.258780554940998, 32.447227539098002 ], [ -111.258801872454995, 32.447242155543698 ], [ -111.258823194748999, 32.447256209056903 ], [ -111.258844842854003, 32.447269978633202 ], [ -111.258867155079997, 32.447283461772699 ], [ -111.258892134262993, 32.447298352136002 ], [ -111.258956738340999, 32.447334869489303 ], [ -111.259040984, 32.447380649007599 ], [ -111.259172844302, 32.447449442645201 ], [ -111.259305692072999, 32.447517111880899 ], [ -111.259372951567002, 32.447550520280402 ], [ -111.259441197553002, 32.447582516607902 ], [ -111.259510107973, 32.447613949512302 ], [ -111.259585676312, 32.447646494493597 ], [ -111.259616632876998, 32.447659964191999 ], [ -111.259647259131, 32.447673997482703 ], [ -111.259677558766001, 32.447688026928603 ], [ -111.259707522531002, 32.4477029068508 ], [ -111.259737155180005, 32.4477180698102 ], [ -111.259770454903006, 32.447735760138002 ], [ -111.259806088662998, 32.447755985993901 ], [ -111.259840727997997, 32.447777060073797 ], [ -111.259874367571996, 32.447798976074701 ], [ -111.259921675778003, 32.447832992774401 ], [ -111.260004310766007, 32.447896252513601 ], [ -111.260085621111003, 32.447960924034497 ], [ -111.260235931336993, 32.448086060539097 ], [ -111.260296259583995, 32.448139218298998 ], [ -111.260355930718006, 32.4481932235702 ], [ -111.260414271032005, 32.448248357401901 ], [ -111.260499962691995, 32.448332469156497 ], [ -111.260551641139998, 32.448383955023701 ], [ -111.260604653206002, 32.4484348688758 ], [ -111.260658658964999, 32.448484654810898 ], [ -111.260752987545004, 32.448567907742998 ], [ -111.260789982326997, 32.448599123652301 ], [ -111.260827640450003, 32.448629774355801 ], [ -111.260865967222998, 32.448659856233498 ], [ -111.260904617150004, 32.448689095757999 ], [ -111.260944264236997, 32.448718052647102 ], [ -111.261003234624994, 32.448759370831503 ], [ -111.261048876488999, 32.448791131661203 ], [ -111.261093848684993, 32.448823457683297 ], [ -111.261138165046006, 32.448856348869803 ], [ -111.261181817872, 32.4488900866968 ], [ -111.261224476552997, 32.448924394901802 ], [ -111.261270134585999, 32.448962072577899 ], [ -111.261290798800005, 32.448980075582398 ], [ -111.261311131070002, 32.448998074761597 ], [ -111.261331464972997, 32.449016636852903 ], [ -111.261351140089005, 32.449035487179898 ], [ -111.261370478752994, 32.4490546151508 ], [ -111.261396824537997, 32.449081908938702 ], [ -111.261510219002005, 32.449204303204901 ], [ -111.261684007637001, 32.449400150052803 ], [ -111.261756738992005, 32.449486545848401 ], [ -111.261828144917999, 32.449574071997603 ], [ -111.261897553265996, 32.449662447538799 ], [ -111.261964977629006, 32.449751959319102 ], [ -111.262030738212999, 32.449842595850001 ], [ -111.262094506777004, 32.4499338003113 ], [ -111.262156616905003, 32.4500261403428 ], [ -111.262216732381006, 32.450119611234499 ], [ -111.262274860063997, 32.450213644643398 ], [ -111.262365080964003, 32.450368511020301 ], [ -111.262522175967007, 32.4506537619773 ], [ -111.262673296022996, 32.450941278663301 ], [ -111.262818432572999, 32.451231061117198 ], [ -111.262957600717002, 32.451522828771203 ], [ -111.263090783148002, 32.451816866748501 ], [ -111.263238754187995, 32.452162461881301 ], [ -111.263295353412005, 32.452303019933801 ], [ -111.263369070739998, 32.4524987920557 ], [ -111.263386161883005, 32.452544426672198 ], [ -111.263403916130997, 32.452589779341999 ], [ -111.263422667315993, 32.452635129021402 ], [ -111.263446765243003, 32.4526886388498 ], [ -111.263463491056001, 32.452724972534 ], [ -111.263481218289996, 32.452761017248697 ], [ -111.263499941657997, 32.452796783829903 ], [ -111.263519002543006, 32.452832262829901 ], [ -111.263539053174, 32.452867461904802 ], [ -111.263559767961993, 32.452902374518601 ], [ -111.263592173806003, 32.452954180880099 ], [ -111.263609541277006, 32.452980642282803 ], [ -111.263627572668, 32.453007103195297 ], [ -111.263645935442995, 32.453032998688698 ], [ -111.263664962396007, 32.453058616742197 ], [ -111.263684653256007, 32.453084228892102 ], [ -111.263704674435999, 32.453109275624399 ], [ -111.263725361666005, 32.453134321860702 ], [ -111.263757390319, 32.453170905815902 ], [ -111.263771396729993, 32.453186381089701 ], [ -111.263785740665995, 32.4532015750979 ], [ -111.263800412291005, 32.453216763005301 ], [ -111.263815418503, 32.453231391802298 ], [ -111.263830757739001, 32.453246019899701 ], [ -111.263846422794998, 32.453260365853403 ], [ -111.263862093415995, 32.453274429432199 ], [ -111.263878427118001, 32.453288205649898 ], [ -111.263894760838994, 32.453301986375898 ], [ -111.263911424876, 32.453315202587198 ], [ -111.263928415539993, 32.453328413601 ], [ -111.263945743739995, 32.453341346956499 ], [ -111.263963403079003, 32.453353998156402 ], [ -111.263981062650998, 32.453366362481397 ], [ -111.263999052310993, 32.453378449163303 ], [ -111.264017374161995, 32.453390249176401 ], [ -111.264035695206999, 32.453401771337901 ], [ -111.264054679333, 32.4534130061366 ], [ -111.264073330697002, 32.4534239637795 ], [ -111.264094315899996, 32.453435476737198 ], [ -111.264131615356007, 32.453456261668101 ], [ -111.264168584502002, 32.453477605688398 ], [ -111.264204891413002, 32.453499519418102 ], [ -111.264240866145002, 32.453521716195397 ], [ -111.264276173067998, 32.4535447596433 ], [ -111.264311487214002, 32.453568084525202 ], [ -111.264345805025997, 32.453591974406599 ], [ -111.264379792547004, 32.453616428792401 ], [ -111.264413444457006, 32.453641447693798 ], [ -111.264446438375998, 32.453667031788299 ], [ -111.264479101177002, 32.453692897126302 ], [ -111.264511095363005, 32.453719333093098 ], [ -111.264542426221993, 32.453746328852802 ], [ -111.264584766392005, 32.453784016766797 ], [ -111.264657114987997, 32.453851239916197 ], [ -111.264728138105994, 32.453919597058402 ], [ -111.264797498457, 32.4539890843945 ], [ -111.264902225499995, 32.4540982425723 ], [ -111.264963257416994, 32.454162671146499 ], [ -111.265025622229999, 32.454226252507702 ], [ -111.265089312727, 32.454288703405901 ], [ -111.265205342456994, 32.454397278221101 ], [ -111.265275685972995, 32.454459996470298 ], [ -111.265347347963996, 32.454521299192997 ], [ -111.265420010913004, 32.454581758995502 ], [ -111.265494005700006, 32.454641369765902 ], [ -111.265569320023999, 32.454699565001199 ], [ -111.265648626596999, 32.454758879409297 ], [ -111.265683614346003, 32.454784181115997 ], [ -111.265719265434996, 32.4548089139845 ], [ -111.265755246845004, 32.454833081423203 ], [ -111.265791558584993, 32.454856686138299 ], [ -111.265828533670998, 32.454879724720101 ], [ -111.265865839068994, 32.454902195164898 ], [ -111.265903807829005, 32.4549241048881 ], [ -111.265942108806001, 32.4549457324391 ], [ -111.265981076559001, 32.454966513290699 ], [ -111.266009049030998, 32.454981109922002 ], [ -111.266037352894003, 32.4549951465372 ], [ -111.266065986008996, 32.4550086195323 ], [ -111.266094953218001, 32.455022090912799 ], [ -111.266124248837997, 32.455034712704702 ], [ -111.266153550032996, 32.4550470566275 ], [ -111.266183177035998, 32.455059113885 ], [ -111.266213134363994, 32.455070611127702 ], [ -111.266243421989003, 32.455081539334003 ], [ -111.266273715180006, 32.455092186964301 ], [ -111.266304333372005, 32.455102273688297 ], [ -111.266335282693007, 32.455112074636901 ], [ -111.266366235679001, 32.4551213108479 ], [ -111.266397181695993, 32.455129984147902 ], [ -111.266428797195999, 32.455138374564697 ], [ -111.266477043090006, 32.4551501145082 ], [ -111.266554901141006, 32.455168836350303 ], [ -111.266632435915, 32.455188690077598 ], [ -111.266709303721001, 32.455209667397199 ], [ -111.266785841870004, 32.455231776616898 ], [ -111.266861724777002, 32.455255014818803 ], [ -111.266937272929994, 32.455279098061403 ], [ -111.267012492256001, 32.455304591957201 ], [ -111.267087051035006, 32.455331217555504 ], [ -111.267160948183005, 32.455358967642802 ], [ -111.267272133874002, 32.455403275303297 ], [ -111.267354031224997, 32.455437493581201 ], [ -111.267434935024994, 32.455472844262097 ], [ -111.267515178050999, 32.455509601785302 ], [ -111.267594428595004, 32.455547491712501 ], [ -111.267673343127996, 32.455586509943899 ], [ -111.267751270491004, 32.455626656962501 ], [ -111.267828199817998, 32.455668215154297 ], [ -111.267941438771004, 32.455731972803399 ], [ -111.267962424765003, 32.455743765664202 ], [ -111.267983405677995, 32.455755277975399 ], [ -111.268004716673005, 32.455766511730097 ], [ -111.268026365173, 32.455777457891102 ], [ -111.268048008603998, 32.455788128012699 ], [ -111.268070314051002, 32.455798508947602 ], [ -111.268092292259993, 32.4558083285593 ], [ -111.268114929077996, 32.4558181458627 ], [ -111.268137569567998, 32.455827404746799 ], [ -111.268160203891995, 32.455836376768303 ], [ -111.268183173837002, 32.455844785152898 ], [ -111.268206471491993, 32.455853191933201 ], [ -111.268229772802997, 32.4558610357834 ], [ -111.268253066900002, 32.455868598185702 ], [ -111.268276698514995, 32.4558758784055 ], [ -111.268305650447999, 32.455883991662198 ], [ -111.268354233105995, 32.455897134754103 ], [ -111.268403484432, 32.455909717092403 ], [ -111.268452727113996, 32.4559211735939 ], [ -111.268502306466999, 32.455932060125498 ], [ -111.268551877777995, 32.455942383736698 ], [ -111.268601778556999, 32.455951861346499 ], [ -111.268652015200004, 32.4559604974514 ], [ -111.268733849122995, 32.455973005633098 ], [ -111.268869573106002, 32.455993296701401 ], [ -111.269004964664006, 32.4560155612524 ], [ -111.269139702472998, 32.456039798169698 ], [ -111.269274114257996, 32.4560660085588 ], [ -111.269441468363993, 32.456101455412202 ], [ -111.269579552994003, 32.456133297620298 ], [ -111.269716979438996, 32.456167394562101 ], [ -111.269893345476007, 32.456214095204501 ], [ -111.270014805108005, 32.456246535482599 ], [ -111.270136931162, 32.456277284557501 ], [ -111.270319603218994, 32.456319463219103 ], [ -111.270367180180997, 32.456329508935902 ], [ -111.270414755469005, 32.456338990818303 ], [ -111.270462993235, 32.456347625078799 ], [ -111.270511228486001, 32.4563554149493 ], [ -111.270559468447004, 32.456362641873199 ], [ -111.270608032309994, 32.456369303360503 ], [ -111.270656593653996, 32.4563751204577 ], [ -111.270705158848003, 32.456380087738196 ], [ -111.270754047956004, 32.456384494994197 ], [ -111.270802935603001, 32.456388056955397 ], [ -111.270851826873994, 32.456391050559198 ], [ -111.270900709234994, 32.4563931988843 ], [ -111.270949922100002, 32.456394502102398 ], [ -111.271027734287003, 32.456395465899803 ], [ -111.271055664342995, 32.456395123421899 ], [ -111.271083592493, 32.456394500385002 ], [ -111.271111518938994, 32.456393308112901 ], [ -111.271139112588003, 32.456391839602801 ], [ -111.271167036516005, 32.456389807457597 ], [ -111.271194627629995, 32.4563874936619 ], [ -111.271222549852993, 32.456384893177599 ], [ -111.271250138431, 32.456381734096198 ], [ -111.271277725320999, 32.456378012094703 ], [ -111.271305312194997, 32.456374285576501 ], [ -111.271332564578003, 32.4563697181027 ], [ -111.271360148913004, 32.456365146298999 ], [ -111.271387065715004, 32.456359730649197 ], [ -111.271414315558005, 32.456354318786303 ], [ -111.271441230663001, 32.456348339308498 ], [ -111.271468144074007, 32.456341796008601 ], [ -111.271495051315995, 32.456334971257299 ], [ -111.271521631078002, 32.4563278702581 ], [ -111.271558175598997, 32.456317357627697 ], [ -111.271612324420005, 32.456300607703199 ], [ -111.271666136811007, 32.4562827317433 ], [ -111.271719949398999, 32.456264574301102 ], [ -111.271811619055995, 32.456230829625802 ], [ -111.271868081175995, 32.456209562233902 ], [ -111.271925208691002, 32.456189144071402 ], [ -111.271982672579, 32.4561698464817 ], [ -111.272073692522, 32.456140897744199 ], [ -111.272233820915005, 32.456093471347501 ], [ -111.272395279308995, 32.4560485777072 ], [ -111.272557082687996, 32.456005941099598 ], [ -111.272831201092998, 32.455939943470298 ], [ -111.272986369877003, 32.455903243051203 ], [ -111.273141194432, 32.455864283397297 ], [ -111.273295021479996, 32.455823073144302 ], [ -111.273569427930994, 32.455743258341499 ], [ -111.273604309402003, 32.455732189421298 ], [ -111.273639182550994, 32.455720834540102 ], [ -111.273673727570994, 32.455708639594 ], [ -111.273707939749997, 32.455696158490198 ], [ -111.273742149167006, 32.455683118975799 ], [ -111.273776019571997, 32.455669511858602 ], [ -111.273809229657999, 32.455655343250299 ], [ -111.273842437815006, 32.4556408922763 ], [ -111.273875306134002, 32.455625601264202 ], [ -111.273908179751999, 32.455610306623598 ], [ -111.273940381551, 32.455594167254901 ], [ -111.273972254781, 32.455577747133802 ], [ -111.274003789009001, 32.4555607639223 ], [ -111.274047273175995, 32.455536139067902 ], [ -111.274069179012002, 32.455523971518701 ], [ -111.274091757920004, 32.4555123654185 ], [ -111.274114996058003, 32.455501317188798 ], [ -111.274138243148997, 32.455491119626899 ], [ -111.274162150543006, 32.455481482638902 ], [ -111.274186398840996, 32.455472691085099 ], [ -111.274210981657006, 32.455464744077297 ], [ -111.274235892817003, 32.455457359267399 ], [ -111.274261144882999, 32.455450819891297 ], [ -111.274286398651, 32.455444843424203 ], [ -111.274312318916003, 32.455439715289799 ], [ -111.274342558930996, 32.455434573228501 ], [ -111.274420662118999, 32.4554236913716 ], [ -111.274499104925994, 32.4554139363659 ], [ -111.274606802069997, 32.4554024215496 ], [ -111.274938879627001, 32.455372380118902 ], [ -111.275271298549995, 32.455345154362497 ], [ -111.275460445107001, 32.455330924908303 ], [ -111.275649598846996, 32.455316977515302 ], [ -111.275769937819007, 32.455308538199098 ], [ -111.275890610651999, 32.455300379495498 ], [ -111.275975381666996, 32.455295122070403 ], [ -111.276060161206999, 32.455291268255898 ], [ -111.276145272758001, 32.455288827265598 ], [ -111.276263972283004, 32.455287440175603 ], [ -111.276300880489998, 32.455287640658298 ], [ -111.276337790419007, 32.455288404946401 ], [ -111.276374702065993, 32.4552897321378 ], [ -111.276411283488002, 32.455291628373701 ], [ -111.276448197722004, 32.455293801718803 ], [ -111.276509728971007, 32.455299305725703 ], [ -111.276541989405004, 32.4553028974588 ], [ -111.276574258823004, 32.455307338953403 ], [ -111.276606193326998, 32.4553129034026 ], [ -111.276637804651997, 32.4553196007042 ], [ -111.276669412382006, 32.455326860923499 ], [ -111.276712009939999, 32.455338610252298 ], [ -111.276899050471997, 32.455395989302701 ], [ -111.277084769037998, 32.455455911329899 ], [ -111.277387668225003, 32.455560959361101 ], [ -111.277757502374001, 32.455697432953002 ], [ -111.278260514148002, 32.455893659408702 ], [ -111.278284154356001, 32.455903473565201 ], [ -111.278307795445002, 32.455913572782499 ], [ -111.278331100977994, 32.455924232948497 ], [ -111.278354410770007, 32.455934892198599 ], [ -111.278377386095002, 32.455946120514199 ], [ -111.278400034567994, 32.455957626496499 ], [ -111.278422345582001, 32.455969420092401 ], [ -111.278444664703002, 32.455981772073599 ], [ -111.278472644889007, 32.4559977786164 ], [ -111.278592389064997, 32.456068297055197 ], [ -111.278643858498995, 32.456098606895303 ], [ -111.278814748645004, 32.456199999474599 ], [ -111.279341740003005, 32.456514290988302 ], [ -111.279868410093997, 32.456829140292001 ], [ -111.280080944104995, 32.456956373377203 ], [ -111.280293810502997, 32.457083891328601 ], [ -111.280701230990005, 32.457328523215303 ], [ -111.281108979467007, 32.4575728769886 ], [ -111.281381160267003, 32.457739442058603 ], [ -111.281650025253001, 32.457909681032 ], [ -111.281915249527998, 32.458084153966098 ], [ -111.282176830102998, 32.458262579431498 ], [ -111.282434763997003, 32.458444679606899 ], [ -111.282688722252004, 32.458630736711598 ], [ -111.282939032770003, 32.458820464965399 ], [ -111.283185699811, 32.4590138634778 ], [ -111.283651766052998, 32.459399034407198 ], [ -111.283811127050996, 32.459532860740602 ], [ -111.283972812935005, 32.459664150301101 ], [ -111.284137149269, 32.459792894226098 ], [ -111.284304468924006, 32.459919376821098 ], [ -111.284474113618003, 32.460043035742103 ], [ -111.284646409638995, 32.460164430453197 ], [ -111.284821024129002, 32.460283283846401 ], [ -111.284997956195994, 32.4603993144556 ], [ -111.285177213086001, 32.460512798300698 ], [ -111.285359115090003, 32.460623740960997 ], [ -111.285543013308001, 32.460731861535798 ], [ -111.285762537064002, 32.4608556825197 ], [ -111.286050333112996, 32.461013463161201 ], [ -111.286339123782, 32.461169831778498 ], [ -111.286618920709998, 32.461319735826798 ], [ -111.286899711283993, 32.461467946427099 ], [ -111.287081562758999, 32.461561689747199 ], [ -111.287265743381994, 32.461652606587997 ], [ -111.287451238941003, 32.461740984321899 ], [ -111.287729628224994, 32.461866362505603 ], [ -111.287757600052998, 32.461878986769101 ], [ -111.287784908812995, 32.461891894000402 ], [ -111.287812217395995, 32.461905078174098 ], [ -111.287839194911996, 32.461918549067697 ], [ -111.287866175293004, 32.461932583768103 ], [ -111.287892491375004, 32.461947183800703 ], [ -111.287918809412005, 32.4619620607711 ], [ -111.287944463333005, 32.461977226126002 ], [ -111.287970113734005, 32.4619929544006 ], [ -111.287995438373997, 32.462008964873498 ], [ -111.288036761759003, 32.462036500193399 ], [ -111.288056756659998, 32.462050550832103 ], [ -111.288076753515995, 32.462064879313303 ], [ -111.288096086251002, 32.462079495279802 ], [ -111.288115418825001, 32.462094392702099 ], [ -111.288152758904005, 32.462124754389301 ], [ -111.288458190281005, 32.462385950362702 ], [ -111.288760967258995, 32.462649406040001 ], [ -111.288969058747995, 32.462834424204303 ], [ -111.289174825865004, 32.463021706239097 ], [ -111.289380598237003, 32.463208701046099 ], [ -111.289588687877, 32.463394005036498 ], [ -111.289607693495995, 32.463410312073201 ], [ -111.289627031272005, 32.463426335982398 ], [ -111.289646373478007, 32.463442079322 ], [ -111.289666373610004, 32.463457256423801 ], [ -111.289686372687996, 32.463472434426997 ], [ -111.289706703923002, 32.463487329302197 ], [ -111.289727698229996, 32.463501935777103 ], [ -111.289748698045003, 32.463516266189998 ], [ -111.289770021668005, 32.463530032035301 ], [ -111.289791677449003, 32.463543514751798 ], [ -111.289813671600996, 32.463556993077198 ], [ -111.289835657584007, 32.4635699121092 ], [ -111.289858313037996, 32.463582547235603 ], [ -111.289894954942, 32.4636021947356 ], [ -111.289929593848996, 32.463620719199298 ], [ -111.289963244678006, 32.463640378077301 ], [ -111.289995901189997, 32.4636608845137 ], [ -111.290027890038999, 32.463682232344098 ], [ -111.290059222802995, 32.463704713826097 ], [ -111.290089223939006, 32.463728043645602 ], [ -111.290118564717005, 32.463752501715099 ], [ -111.290157583454999, 32.463787935101699 ], [ -111.290174929133997, 32.463804527334901 ], [ -111.290191942666993, 32.4638214026916 ], [ -111.290208293120997, 32.463838560130597 ], [ -111.290224644486003, 32.463855999925698 ], [ -111.290240326393004, 32.463873723622498 ], [ -111.290256014703004, 32.4638914509109 ], [ -111.290271038697995, 32.463909739037099 ], [ -111.290285726451998, 32.463928028838801 ], [ -111.290300087391003, 32.463946604458997 ], [ -111.290314110848001, 32.463965458705701 ], [ -111.290327808699999, 32.463984312799397 ], [ -111.290341168039006, 32.464003455445301 ], [ -111.290353870667005, 32.464022875649903 ], [ -111.290366235842995, 32.464042583502398 ], [ -111.290378274332994, 32.4640622866943 ], [ -111.290389974467999, 32.4640819960781 ], [ -111.290401012415003, 32.464102266296301 ], [ -111.290411717321007, 32.464122540890102 ], [ -111.290422090223998, 32.4641428117381 ], [ -111.290432132058001, 32.46416337022 ], [ -111.290441847047006, 32.464184206402699 ], [ -111.290450892747003, 32.464205048639101 ], [ -111.290459601136007, 32.464225891653001 ], [ -111.290467649625, 32.464247014038399 ], [ -111.290475367198994, 32.464268140795099 ], [ -111.290482752624001, 32.464289550678103 ], [ -111.290489806040995, 32.464310955913902 ], [ -111.290496194425998, 32.464332368096201 ], [ -111.290502246401999, 32.464354062512697 ], [ -111.290507970627999, 32.464375753174501 ], [ -111.290513026466996, 32.464397732249203 ], [ -111.290522145514998, 32.464441409425497 ], [ -111.290541764140997, 32.464543130302303 ], [ -111.290563703608001, 32.4646448512311 ], [ -111.290587640739005, 32.464746003724898 ], [ -111.290613571110995, 32.464846864740601 ], [ -111.290641826918005, 32.464947161974997 ], [ -111.290671742933, 32.465047173008003 ], [ -111.290703989527003, 32.465146892682199 ], [ -111.290738222273006, 32.465245762482901 ], [ -111.290774453642996, 32.465344350708897 ], [ -111.290812682706999, 32.4654423659793 ], [ -111.290852898847007, 32.465539813729201 ], [ -111.290895444862997, 32.465636409902302 ], [ -111.290939651128994, 32.4657327207645 ], [ -111.290985847838002, 32.465828182634297 ], [ -111.291039201946006, 32.465932934106903 ], [ -111.291041066331005, 32.465936592363597 ], [ -111.291285977699005, 32.466398922941501 ], [ -111.291535537540994, 32.466859270224703 ], [ -111.291606464436001, 32.466991320082499 ], [ -111.291715573424, 32.467207860538899 ], [ -111.291825724559004, 32.467438207971497 ], [ -111.291934216824998, 32.467669405322702 ], [ -111.292059474344995, 32.4679425668064 ], [ -111.292182733882001, 32.4682162966064 ], [ -111.292241705281995, 32.468352040891503 ], [ -111.292308743627004, 32.468515959143701 ], [ -111.292403644333007, 32.468760434173703 ], [ -111.292494897238996, 32.469005767383003 ], [ -111.292505978196004, 32.469039006924902 ], [ -111.292516062982997, 32.469072533846798 ], [ -111.292524818499004, 32.469106341705903 ], [ -111.292531913809, 32.469140435782002 ], [ -111.292537674534003, 32.469174813514599 ], [ -111.292542112551004, 32.469209199733001 ], [ -111.292545215969, 32.469243865999701 ], [ -111.292547040255002, 32.469294322153303 ], [ -111.292547464494007, 32.469322514793099 ], [ -111.292548558061995, 32.469350700464801 ], [ -111.292550309443996, 32.469378608562302 ], [ -111.292552394796999, 32.469406791929103 ], [ -111.292555144350004, 32.469434697706902 ], [ -111.292558563233996, 32.469462596516301 ], [ -111.292562309892006, 32.469490499074503 ], [ -111.292566725884996, 32.469518395566404 ], [ -111.292571801666995, 32.4695462950353 ], [ -111.292572261041002, 32.469548493310398 ] ] ] } },
{ "type": "Feature", "properties": { "OBJECTID": 78, "PROGRAM": "72", "CERTIFICATE": "531382", "CONVEYANCE": "0006", "NAME": "Central Arizona Irrigation and Drainage District", "EXIST_OR_P": "E", "GSF_OR_USF": "GSF", "AMA": "Pinal", "CRSPNDG_CE": "57.001101.0000", "STATUS": "Active", "LABEL": "Central Arizona IDD", "MAXSAVINGS": "110000", "Shape__Area": 354607481.65673798, "Shape__Length": 254320.199206822 }, "geometry": { "type": "Polygon", "coordinates": [ [ [ -111.563258227367996, 32.821180425816699 ], [ -111.549943723436002, 32.821303540318901 ], [ -111.549928989018994, 32.819997866430199 ], [ -111.549924424864003, 32.817742723334398 ], [ -111.549923799447001, 32.817532996538297 ], [ -111.549917512413003, 32.814132233703504 ], [ -111.547780914951005, 32.814111754679601 ], [ -111.545914736602001, 32.814094567020199 ], [ -111.545354731591999, 32.814118437463897 ], [ -111.545312023655995, 32.816851319944199 ], [ -111.545266680102003, 32.821336475847801 ], [ -111.547900606764998, 32.821311403770402 ], [ -111.549943723436002, 32.821303540318901 ], [ -111.549880057153004, 32.824837660167198 ], [ -111.549812369340003, 32.828586036914601 ], [ -111.549723529521003, 32.8429765879687 ], [ -111.567658761801994, 32.843045654476597 ], [ -111.584883084880005, 32.842966082229204 ], [ -111.584932241244999, 32.850348651724097 ], [ -111.584955283171993, 32.853856431713197 ], [ -111.584821424859996, 32.853916819353103 ], [ -111.584821263194996, 32.853790529152903 ], [ -111.584844646625001, 32.853690066148097 ], [ -111.584240356718993, 32.853312343901599 ], [ -111.583164848118003, 32.851967667660404 ], [ -111.582276219801997, 32.851822418227798 ], [ -111.579612604093995, 32.851834824475397 ], [ -111.578545341517, 32.851539841527 ], [ -111.577303646651998, 32.8518455292255 ], [ -111.576593657835005, 32.851848816398601 ], [ -111.574292128322, 32.852908075982903 ], [ -111.573227099429999, 32.8530635065421 ], [ -111.571629732822004, 32.8532202426018 ], [ -111.569856034520001, 32.853378889034701 ], [ -111.568089595269001, 32.854886057030598 ], [ -111.567555263805005, 32.854785882888301 ], [ -111.567413569428993, 32.854667004245997 ], [ -111.567575793295006, 32.852767429409397 ], [ -111.558742755940997, 32.852514143403702 ], [ -111.558729000135003, 32.850322197625999 ], [ -111.549725039943993, 32.850362210869399 ], [ -111.549742185024002, 32.853138792720102 ], [ -111.549588575602002, 32.856063271722697 ], [ -111.549598501627997, 32.857671149467201 ], [ -111.549572889667999, 32.863909002762703 ], [ -111.549563974850003, 32.864953174390401 ], [ -111.544987256197999, 32.8649445071024 ], [ -111.542701995768994, 32.8649544775528 ], [ -111.541020742300006, 32.864873832228 ], [ -111.541116625767003, 32.855153157040498 ], [ -111.541117986993001, 32.855046593807998 ], [ -111.541118789970994, 32.854849830566799 ], [ -111.541119565418001, 32.854756803202697 ], [ -111.541125915687005, 32.852834821943603 ], [ -111.541132558128993, 32.850411066672997 ], [ -111.541000982450996, 32.850411635600999 ], [ -111.536808030388002, 32.850452307524201 ], [ -111.532471880976999, 32.850450602223397 ], [ -111.523601267472003, 32.850456592119201 ], [ -111.523733825549996, 32.855392001850802 ], [ -111.522952815706006, 32.855477028833597 ], [ -111.520674923734006, 32.855564930604899 ], [ -111.519926215496994, 32.855463190451502 ], [ -111.519490771815001, 32.855131241207403 ], [ -111.519215497652993, 32.855003279715 ], [ -111.518724553029003, 32.854774734697997 ], [ -111.518742429392006, 32.855550436093203 ], [ -111.518787324295005, 32.857751839194002 ], [ -111.515196173622002, 32.857732900907003 ], [ -111.515241544703997, 32.8649943009002 ], [ -111.515242136845998, 32.865095780030501 ], [ -111.513084605523005, 32.865016728776297 ], [ -111.512955686178003, 32.865017821218501 ], [ -111.512017153705003, 32.865027318096899 ], [ -111.510973745528005, 32.865036672555398 ], [ -111.510737920891003, 32.865034818453701 ], [ -111.510374587186007, 32.865048147763403 ], [ -111.510027236078002, 32.865052385924301 ], [ -111.509533596183005, 32.865058918471298 ], [ -111.507919714996007, 32.865072832851801 ], [ -111.506508903921997, 32.865084772344296 ], [ -111.506506700489993, 32.865636727735001 ], [ -111.506505016594005, 32.865810384099397 ], [ -111.506448156133999, 32.875069686706802 ], [ -111.506532876121, 32.879505213793799 ], [ -111.504476387451007, 32.8795135568365 ], [ -111.502190736220001, 32.879523349256999 ], [ -111.500688698293004, 32.879512474919899 ], [ -111.500052626498999, 32.8795122114931 ], [ -111.498030970285996, 32.879537222564302 ], [ -111.496631881002997, 32.879537737849802 ], [ -111.495863515737, 32.879537415464597 ], [ -111.493784272406998, 32.879540034249203 ], [ -111.493766584552006, 32.875872111767698 ], [ -111.493762216234998, 32.875085085558503 ], [ -111.493964569485996, 32.875069623023897 ], [ -111.493959176134993, 32.874098241380104 ], [ -111.493949364537002, 32.872330804701299 ], [ -111.493910952129994, 32.865170858875103 ], [ -111.493891938006996, 32.8625865334987 ], [ -111.493884609277998, 32.861386821331699 ], [ -111.493892566892995, 32.861014689497203 ], [ -111.493738961117003, 32.8506624505753 ], [ -111.498051035293997, 32.850653744702697 ], [ -111.498106286, 32.8457243146743 ], [ -111.498109921963007, 32.845419287734401 ], [ -111.498210900681002, 32.8361276294684 ], [ -111.498242192155999, 32.828825290118097 ], [ -111.498258163933002, 32.824993701204498 ], [ -111.498272605473005, 32.821604129375501 ], [ -111.496426391168001, 32.821603607118497 ], [ -111.492352034500996, 32.821602861416402 ], [ -111.490696870383005, 32.821618411162703 ], [ -111.489567687119006, 32.821602556675003 ], [ -111.489744343254998, 32.807084213249603 ], [ -111.490372450682003, 32.807065391839103 ], [ -111.493188496090994, 32.807085286941899 ], [ -111.498314335634007, 32.807088005439397 ], [ -111.498353063658996, 32.799680170991202 ], [ -111.496869121461003, 32.799682150717103 ], [ -111.494087484484993, 32.799685321837103 ], [ -111.494130029667005, 32.792540755395201 ], [ -111.489824726649999, 32.792543096933997 ], [ -111.489775643588004, 32.7798263342385 ], [ -111.489774528943997, 32.779258598042396 ], [ -111.489767900792998, 32.777928065807401 ], [ -111.489753756515, 32.774132652256597 ], [ -111.489661070905001, 32.7704948414504 ], [ -111.489632478857999, 32.765278704195403 ], [ -111.487680708015006, 32.765286360960999 ], [ -111.487670998699997, 32.763507621777201 ], [ -111.488313538553001, 32.763500030917299 ], [ -111.488797282581999, 32.763494186587302 ], [ -111.489711386753001, 32.763483829445804 ], [ -111.498330016145005, 32.763386513665303 ], [ -111.498332422012993, 32.763100095298803 ], [ -111.498387363668002, 32.757398758964698 ], [ -111.498457249260994, 32.750070237255898 ], [ -111.498677417717005, 32.750069920698401 ], [ -111.498674234215002, 32.7487827877504 ], [ -111.498424728299, 32.748785475204897 ], [ -111.498285806850006, 32.748758403808097 ], [ -111.489964246206995, 32.7488737184568 ], [ -111.489949418484002, 32.7416706924976 ], [ -111.481336215135002, 32.7417696540234 ], [ -111.481321770733004, 32.748993098928104 ], [ -111.481296928004994, 32.7500779459303 ], [ -111.481165473049003, 32.7635808361511 ], [ -111.481167155755998, 32.770707218472197 ], [ -111.463971165459, 32.770780913106201 ], [ -111.463967943121006, 32.765407942543703 ], [ -111.463975279579003, 32.763608279364298 ], [ -111.463978584974001, 32.762959898112904 ], [ -111.463939755926006, 32.750082907886899 ], [ -111.463878167789005, 32.749143843295201 ], [ -111.463884245521001, 32.748772840645202 ], [ -111.447548901280996, 32.748543945257502 ], [ -111.447503179712996, 32.734097247214002 ], [ -111.447487099236994, 32.719700026548701 ], [ -111.456092846616997, 32.719720149766303 ], [ -111.464256400690005, 32.719739075939401 ], [ -111.464358216928005, 32.705185242475302 ], [ -111.464358618492994, 32.705006516037997 ], [ -111.464379359915995, 32.704891422850103 ], [ -111.464343769649005, 32.696878771410901 ], [ -111.464337158762007, 32.695220082386697 ], [ -111.480236188096001, 32.705153905255699 ], [ -111.481534559726995, 32.705160177619497 ], [ -111.481386260877997, 32.712670031286599 ], [ -111.485040849469002, 32.712669971049301 ], [ -111.490165274337997, 32.712670239753599 ], [ -111.490124000815001, 32.719740461711503 ], [ -111.498567231782005, 32.719801160842799 ], [ -111.498549552380993, 32.727155991881503 ], [ -111.500686894655004, 32.727204375884803 ], [ -111.507279282865994, 32.727160853116501 ], [ -111.507298209553994, 32.730730745806298 ], [ -111.502921945050005, 32.7307484508217 ], [ -111.502943032234, 32.734495931488198 ], [ -111.507352224681, 32.734371532709801 ], [ -111.510655036239001, 32.734294917616303 ], [ -111.510638269140998, 32.741517229425703 ], [ -111.515936864398995, 32.741477959048702 ], [ -111.515876842750998, 32.734430750154502 ], [ -111.515860020123, 32.734174291265703 ], [ -111.520022948657996, 32.734149694013702 ], [ -111.524563410813002, 32.7341233694167 ], [ -111.524603257913, 32.7412546537522 ], [ -111.533358331516993, 32.741255325825001 ], [ -111.533330102307005, 32.738871723063298 ], [ -111.525620392568996, 32.734073256373499 ], [ -111.515946615797006, 32.728027983467001 ], [ -111.507274705943004, 32.723532827323602 ], [ -111.507238222157994, 32.717101158193699 ], [ -111.507352385070007, 32.717003719952103 ], [ -111.50737769234, 32.705357210968899 ], [ -111.503152434808996, 32.705446457696397 ], [ -111.503163443139997, 32.701712363873 ], [ -111.500686134321001, 32.701693559239096 ], [ -111.499115225810996, 32.701832341067799 ], [ -111.499108792212994, 32.690874316735098 ], [ -111.516116786801007, 32.690931554103997 ], [ -111.516487263160997, 32.676557599311003 ], [ -111.525148609954996, 32.676537331813101 ], [ -111.525232901690003, 32.669081263002802 ], [ -111.516614816667001, 32.669081618450498 ], [ -111.516743648177993, 32.661714997825001 ], [ -111.508144875664001, 32.661588388776899 ], [ -111.508229950086999, 32.654023478891602 ], [ -111.506289335925004, 32.654043746483097 ], [ -111.506326719444999, 32.652166122489 ], [ -111.504107272761999, 32.652134486414198 ], [ -111.504060938688994, 32.650293846985697 ], [ -111.499729237896005, 32.650194501821098 ], [ -111.499698919273996, 32.6465479278164 ], [ -111.507995684592004, 32.6465523224226 ], [ -111.508135717054998, 32.642921406468702 ], [ -111.506088621065004, 32.642925186628403 ], [ -111.506038575342004, 32.639368897574101 ], [ -111.503927899903999, 32.639427019181802 ], [ -111.504131955492994, 32.635778937222597 ], [ -111.499649260949994, 32.6354817290363 ], [ -111.499707046826998, 32.631979128135697 ], [ -111.495612486279001, 32.631949736422001 ], [ -111.495412087603995, 32.628358510353202 ], [ -111.491334919905995, 32.626486949831403 ], [ -111.491010056093998, 32.625074190699202 ], [ -111.486810100501998, 32.6231217702557 ], [ -111.482491391934005, 32.6213517721187 ], [ -111.482431141554997, 32.617579552788101 ], [ -111.465557641220997, 32.6180566954569 ], [ -111.465730029723005, 32.6072427063813 ], [ -111.460606304761001, 32.607120694982797 ], [ -111.456249258634998, 32.606992304886298 ], [ -111.448478894714995, 32.606832053039398 ], [ -111.448444718095999, 32.603191064800399 ], [ -111.448434785214005, 32.598934865783498 ], [ -111.448428525587005, 32.596215043438399 ], [ -111.448422203297, 32.593348628636697 ], [ -111.448472070308, 32.588396458901698 ], [ -111.449535700576007, 32.588542622712097 ], [ -111.449507195440006, 32.582845931814703 ], [ -111.449540949308997, 32.582671590226099 ], [ -111.449559142929999, 32.582580749990399 ], [ -111.449679166913, 32.581946593099197 ], [ -111.446489766444003, 32.581358087622696 ], [ -111.445781231596001, 32.5813606093053 ], [ -111.445233459720995, 32.581015246877101 ], [ -111.445043737990005, 32.575515883835997 ], [ -111.446107961370998, 32.575812616953499 ], [ -111.446665457749006, 32.5759775221374 ], [ -111.447793978522, 32.576080059965001 ], [ -111.449357658338997, 32.576248122549799 ], [ -111.452076542718004, 32.576260903347098 ], [ -111.457749446909006, 32.576693633777801 ], [ -111.459608933826004, 32.577016101738401 ], [ -111.463989835869995, 32.577659071173898 ], [ -111.465205164981001, 32.577801161956401 ], [ -111.466136626, 32.578160236456597 ], [ -111.466233072330994, 32.586354362663101 ], [ -111.466345877159995, 32.5865315447532 ], [ -111.466360088339997, 32.589269370666202 ], [ -111.483561096730995, 32.5891455654195 ], [ -111.500543593832006, 32.588782347344299 ], [ -111.500710352748001, 32.588948573651301 ], [ -111.517709104863997, 32.588879609039999 ], [ -111.534480282416993, 32.588515003693303 ], [ -111.534825917036997, 32.588513533016098 ], [ -111.546159182333, 32.588462474783697 ], [ -111.551496679676006, 32.588523711685497 ], [ -111.551486557374005, 32.590131167089801 ], [ -111.551398695718007, 32.595460089299799 ], [ -111.568570355956993, 32.595383468491001 ], [ -111.568714063903002, 32.5899877651905 ], [ -111.568676876520001, 32.589793987566999 ], [ -111.568697406522006, 32.5881960683638 ], [ -111.568659607588003, 32.582742547066402 ], [ -111.568634739328999, 32.579335017007701 ], [ -111.578719041715004, 32.579305297951301 ], [ -111.578692773643994, 32.582780149281803 ], [ -111.595466537616005, 32.582923859317397 ], [ -111.595579500729997, 32.582987597000297 ], [ -111.595611246673002, 32.5877842813805 ], [ -111.598801782473998, 32.587766852238097 ], [ -111.603124602982007, 32.587770961971202 ], [ -111.603089768524001, 32.595887623793601 ], [ -111.603085847398006, 32.5968928988109 ], [ -111.611786629978994, 32.596850788654201 ], [ -111.611970568548003, 32.597748592448603 ], [ -111.612855706318996, 32.597744272321101 ], [ -111.612861834512003, 32.598643504761398 ], [ -111.613923475657003, 32.598638311383503 ], [ -111.613949839499, 32.602500779074298 ], [ -111.620274147367994, 32.602490537683302 ], [ -111.625688488850002, 32.602464783288198 ], [ -111.637692556188995, 32.602382933078999 ], [ -111.637812445262995, 32.602382324436498 ], [ -111.638424566051995, 32.602382590642698 ], [ -111.655234853612001, 32.602375999825 ], [ -111.655698420120999, 32.602373581056803 ], [ -111.669750721442995, 32.602309516825798 ], [ -111.672300346626002, 32.602297577407597 ], [ -111.672323454354, 32.600932507612796 ], [ -111.672532998953997, 32.6008969909958 ], [ -111.672651988678993, 32.593735030495203 ], [ -111.672599294408002, 32.593635522878998 ], [ -111.672801802799, 32.593641205040001 ], [ -111.672777595217994, 32.587548959331798 ], [ -111.672230207563004, 32.587553021105101 ], [ -111.656416685872003, 32.587702093204797 ], [ -111.655628233239, 32.587709032248704 ], [ -111.655639899985005, 32.579158413155803 ], [ -111.655667210304998, 32.575592247159797 ], [ -111.655693957175004, 32.571947714377799 ], [ -111.655683239778, 32.564619509925002 ], [ -111.656261164414005, 32.5646215645354 ], [ -111.664744274056005, 32.5646525186567 ], [ -111.672710043069998, 32.564680600237303 ], [ -111.672893146825004, 32.5646818735555 ], [ -111.681327007906006, 32.564627964494697 ], [ -111.681591983160999, 32.564626527961799 ], [ -111.690139679469993, 32.564659362395503 ], [ -111.690132068191005, 32.567926040613898 ], [ -111.690121232844007, 32.572076200740199 ], [ -111.707047817770999, 32.572004056069098 ], [ -111.707040803539996, 32.569157499303998 ], [ -111.707029139555999, 32.564613945386 ], [ -111.709110984958997, 32.5646033430099 ], [ -111.720024156899001, 32.564544661299799 ], [ -111.724327906759001, 32.564472568013102 ], [ -111.724269495038996, 32.579163067750301 ], [ -111.720197722145997, 32.579186485053803 ], [ -111.720044869858995, 32.5790582532969 ], [ -111.720043905237006, 32.579187367377699 ], [ -111.717986982971993, 32.579191812234299 ], [ -111.715611103567994, 32.579196913422898 ], [ -111.707063286247006, 32.5791528680979 ], [ -111.707046019158994, 32.586371204613599 ], [ -111.707064959285006, 32.593619207493397 ], [ -111.706945180983993, 32.593632286748999 ], [ -111.698369992341995, 32.593669572417902 ], [ -111.698380927238006, 32.6009187532864 ], [ -111.693627987995995, 32.600925940690701 ], [ -111.689259093041002, 32.608291157922601 ], [ -111.688374531068007, 32.608296013161002 ], [ -111.681161420435004, 32.6082395324554 ], [ -111.681195955644995, 32.617200266698802 ], [ -111.681120540071007, 32.622812096471101 ], [ -111.681126352597005, 32.633518459995599 ], [ -111.689565348705997, 32.633472329544098 ], [ -111.689575488931993, 32.637139723876103 ], [ -111.689591897561996, 32.643968816281003 ], [ -111.689607901673, 32.650309093908596 ], [ -111.689610318001996, 32.651665558180902 ], [ -111.689106473587003, 32.651663253848199 ], [ -111.689611512737002, 32.652169014231497 ], [ -111.689620055288998, 32.655365080096601 ], [ -111.672431582908004, 32.6553051633853 ], [ -111.672416967306006, 32.653352841017004 ], [ -111.661182442262003, 32.653412631220398 ], [ -111.654842768674996, 32.653445927816698 ], [ -111.654835384555994, 32.656545693659503 ], [ -111.654948692345002, 32.656546792921603 ], [ -111.654782540873001, 32.664835951066998 ], [ -111.637945489135006, 32.664775137319197 ], [ -111.637886911522997, 32.6565311014404 ], [ -111.637600623566001, 32.6562912548547 ], [ -111.637603768860998, 32.652416853666502 ], [ -111.637608154671, 32.646182400996899 ], [ -111.629814328495002, 32.646230836754803 ], [ -111.627333440916004, 32.646246100445701 ], [ -111.627318687108996, 32.644992295677604 ], [ -111.625690269266997, 32.645025806558799 ], [ -111.620262728211998, 32.645052793766098 ], [ -111.620261330061993, 32.640508044339398 ], [ -111.620261323215999, 32.638963239967403 ], [ -111.614627594786, 32.638993252776402 ], [ -111.603330134722995, 32.639053223442502 ], [ -111.603399215831999, 32.646359137925401 ], [ -111.603008769015005, 32.661051299769198 ], [ -111.620196354453, 32.660816825135299 ], [ -111.620145611519007, 32.653471962203199 ], [ -111.625815574363997, 32.653443764414497 ], [ -111.625690540394999, 32.660940031066602 ], [ -111.622676996826002, 32.660804514410302 ], [ -111.622514940396997, 32.662904890248498 ], [ -111.624819022026998, 32.662893416935297 ], [ -111.624832577882998, 32.664841255412703 ], [ -111.625717707717001, 32.664836836365502 ], [ -111.625794017356995, 32.675779107794099 ], [ -111.646323234619004, 32.675525392713901 ], [ -111.646359045113996, 32.676424452617098 ], [ -111.646582808774994, 32.682869110629198 ], [ -111.654873816828001, 32.682826000542804 ], [ -111.654869988125, 32.683945142771499 ], [ -111.654855793452995, 32.690219621960203 ], [ -111.654961613493995, 32.697405105171399 ], [ -111.646510297236006, 32.697410168792203 ], [ -111.646563269368997, 32.704754357369197 ], [ -111.637698787307997, 32.704799871836599 ], [ -111.637448152012993, 32.7193418045116 ], [ -111.62574621057, 32.719549772417302 ], [ -111.603049032504998, 32.719661340589603 ], [ -111.60314598926, 32.7340521713312 ], [ -111.611658556231006, 32.734010784260498 ], [ -111.611531985754993, 32.741355867778097 ], [ -111.602840275595995, 32.741248722609697 ], [ -111.602710637984998, 32.748443849491402 ], [ -111.585343827057002, 32.748526475564098 ], [ -111.585409444942997, 32.733986585664702 ], [ -111.56803126298, 32.734366203440302 ], [ -111.559340903418999, 32.734256020711499 ], [ -111.559182132244004, 32.7478024079441 ], [ -111.556506506616003, 32.747745583672398 ], [ -111.553106409015996, 32.747697553763402 ], [ -111.553148193932998, 32.7453937088545 ], [ -111.553079744993994, 32.743495158669496 ], [ -111.552004935935997, 32.743482439180902 ], [ -111.552055885705002, 32.739200768838202 ], [ -111.550457561280993, 32.739203880145503 ], [ -111.550483647921993, 32.741274013182 ], [ -111.549427256651995, 32.741214394465402 ], [ -111.549429815360995, 32.7453216178913 ], [ -111.549429492016003, 32.747765096577503 ], [ -111.548641828423996, 32.747260583286099 ], [ -111.546142578968997, 32.745713220500797 ], [ -111.546165241226007, 32.747020557509401 ], [ -111.546153927505003, 32.748444184864297 ], [ -111.543770871754006, 32.748448389222297 ], [ -111.543761692768001, 32.748804180592302 ], [ -111.543331629039997, 32.748846083523503 ], [ -111.543327133071998, 32.750081373813202 ], [ -111.543513272566997, 32.750081125100401 ], [ -111.543557662544998, 32.752114552305997 ], [ -111.546230926101998, 32.7522009811793 ], [ -111.546203367106003, 32.759154402445503 ], [ -111.546197497465997, 32.760486681057202 ], [ -111.548848437478995, 32.760481813901997 ], [ -111.549448285153005, 32.760480866591003 ], [ -111.549745207403006, 32.760480123585801 ], [ -111.550511876889004, 32.760480692539801 ], [ -111.550509495523002, 32.762910096753401 ], [ -111.550983269388993, 32.7629130812306 ], [ -111.551217871784004, 32.762976884612598 ], [ -111.551706614587999, 32.762918341709003 ], [ -111.551834033107994, 32.762913268550903 ], [ -111.558376226671996, 32.762967610813902 ], [ -111.558456751025005, 32.763040542967403 ], [ -111.558297333926006, 32.766039525092701 ], [ -111.567701420345998, 32.766147069330998 ], [ -111.567586508868004, 32.775891095347497 ], [ -111.567596986975005, 32.777539583528601 ], [ -111.567610535380993, 32.779670662960903 ], [ -111.567644635582994, 32.7850338814374 ], [ -111.567689447836003, 32.792079963856501 ], [ -111.567782931481005, 32.806769712831297 ], [ -111.576301802407997, 32.806730655477701 ], [ -111.576218848674998, 32.821270642682201 ], [ -111.576057247874004, 32.821268569307598 ], [ -111.567874567649, 32.821160062223797 ], [ -111.563258227367996, 32.821180425816699 ] ], [ [ -111.590715057227001, 32.705167641604099 ], [ -111.587495577449999, 32.705166460969103 ], [ -111.587460754172, 32.708092147681597 ], [ -111.590689965211993, 32.708036341933798 ], [ -111.590715057227001, 32.705167641604099 ] ], [ [ -111.625688818653998, 32.631614244437998 ], [ -111.629057276507993, 32.631572015580701 ], [ -111.629051083861995, 32.625070350723 ], [ -111.629084586721007, 32.624240836737101 ], [ -111.625689537137006, 32.624252746621501 ], [ -111.620241072743994, 32.624349731402802 ], [ -111.620181426463006, 32.625071685437298 ], [ -111.620258605, 32.631619804058602 ], [ -111.622945056792005, 32.631616632429697 ], [ -111.625688818653998, 32.631614244437998 ] ], [ [ -111.490173096015994, 32.734532120065701 ], [ -111.490132887399, 32.727201195888497 ], [ -111.489069560830004, 32.727055961101399 ], [ -111.486410424699997, 32.727215770441902 ], [ -111.481265794573005, 32.727086321637898 ], [ -111.481305351954006, 32.734431358172799 ], [ -111.490173096015994, 32.734532120065701 ] ], [ [ -111.559292276332997, 32.719650034287397 ], [ -111.559403702628003, 32.712187713340803 ], [ -111.559062670146005, 32.712147514706899 ], [ -111.550584965913998, 32.712217286333498 ], [ -111.550582243267996, 32.712316527818103 ], [ -111.550572420191997, 32.7126711976818 ], [ -111.550403652382002, 32.7196038066824 ], [ -111.559292276332997, 32.719650034287397 ] ], [ [ -111.525179763089, 32.632580280838802 ], [ -111.529502176741005, 32.632600427988301 ], [ -111.529541624833996, 32.630590858291399 ], [ -111.525119426822002, 32.6305807128849 ], [ -111.523102301525, 32.630648348924403 ], [ -111.523080470859, 32.626901949143701 ], [ -111.520954490102994, 32.626910805775601 ], [ -111.520913454953998, 32.625465375498003 ], [ -111.524798976357005, 32.625458187921602 ], [ -111.524820249946004, 32.629096902186198 ], [ -111.525275968984005, 32.629094992189003 ], [ -111.525200605866004, 32.624527353354203 ], [ -111.521102538682996, 32.624524160212601 ], [ -111.521063493022993, 32.6177969838255 ], [ -111.518937726768996, 32.617805800531798 ], [ -111.518858173775996, 32.6178737832156 ], [ -111.516803203297002, 32.617913843121599 ], [ -111.508181814957993, 32.617764158478998 ], [ -111.508252304709998, 32.622095607598098 ], [ -111.508301125707007, 32.625070619669202 ], [ -111.508121907854999, 32.625070785662899 ], [ -111.508082576256001, 32.632362657927899 ], [ -111.516571558755004, 32.632534871821001 ], [ -111.516857437561995, 32.6325410202451 ], [ -111.520747406053005, 32.632558745879798 ], [ -111.525179763089, 32.632580280838802 ] ], [ [ -111.524756280953, 32.6978686737977 ], [ -111.516139883652997, 32.6979451377725 ], [ -111.516077544563004, 32.705173306591199 ], [ -111.516074257238003, 32.705413499476997 ], [ -111.516011248918005, 32.719693654848697 ], [ -111.533034083659999, 32.719539864396197 ], [ -111.533402334219005, 32.705795171979901 ], [ -111.533417524596999, 32.705211011861401 ], [ -111.524617830718, 32.705191874414702 ], [ -111.524756280953, 32.6978686737977 ] ] ] } },
{ "type": "Feature", "properties": { "OBJECTID": 79, "PROGRAM": "72", "CERTIFICATE": "572386", "CONVEYANCE": "0006", "NAME": "Roosevelt Irrigation District", "EXIST_OR_P": "E", "GSF_OR_USF": "GSF", "AMA": "Phoenix", "CRSPNDG_CE": "57.002517.0000", "STATUS": "Active", "LABEL": "Roosevelt ID", "MAXSAVINGS": "133000", "Shape__Area": 437354.636352539, "Shape__Length": 2881.8301611474599 }, "geometry": { "type": "Polygon", "coordinates": [ [ [ -112.357879565420006, 33.420820111771803 ], [ -112.357917127522001, 33.422627701 ], [ -112.357946317029999, 33.424048416155699 ], [ -112.357946426734998, 33.424055461311703 ], [ -112.357258229726995, 33.4244324877846 ], [ -112.355838152426998, 33.425210399888002 ], [ -112.353981781924006, 33.426227266431603 ], [ -112.353729820379996, 33.426365299318 ], [ -112.351621764048005, 33.427519883595899 ], [ -112.350704535031994, 33.428022249084101 ], [ -112.350733689367004, 33.426216188746302 ], [ -112.350762521931003, 33.424432674743201 ], [ -112.350762518037996, 33.424410689730003 ], [ -112.349424385803999, 33.424406376556199 ], [ -112.349386691505998, 33.422600755689203 ], [ -112.349349332325005, 33.420794849259501 ], [ -112.351481979781994, 33.420801221661897 ], [ -112.353614620778998, 33.420807552026801 ], [ -112.355747261847995, 33.420813845694497 ], [ -112.357879565420006, 33.420820111771803 ] ] ] } },
{ "type": "Feature", "properties": { "OBJECTID": 80, "PROGRAM": "72", "CERTIFICATE": "558246", "CONVEYANCE": "0007", "NAME": "Maricopa Water District", "EXIST_OR_P": "E", "GSF_OR_USF": "GSF", "AMA": "Phoenix", "CRSPNDG_CE": "57.002508.0000", "STATUS": "Active", "LABEL": "Maricopa Water District", "MAXSAVINGS": "40000", "Shape__Area": 125427108.316284, "Shape__Length": 115692.77492013801 }, "geometry": { "type": "Polygon", "coordinates": [ [ [ -112.369183351353996, 33.653144926317601 ], [ -112.372489113089003, 33.653158924575699 ], [ -112.374654148421996, 33.653168122109598 ], [ -112.377109184925999, 33.653179467572997 ], [ -112.379364758833006, 33.650942248293099 ], [ -112.379468078515998, 33.650853156735202 ], [ -112.379568919565003, 33.650769244976701 ], [ -112.379671500797997, 33.650686815281098 ], [ -112.379775784968004, 33.650605898722297 ], [ -112.379881737892006, 33.650526515518202 ], [ -112.379989332961998, 33.650448687605802 ], [ -112.380098538295002, 33.650372444195803 ], [ -112.380209315453996, 33.650297809160897 ], [ -112.380321630213004, 33.6502248000142 ], [ -112.380435457071997, 33.650153440484097 ], [ -112.380550751141996, 33.650083755417498 ], [ -112.380667485673001, 33.650015757734899 ], [ -112.380785615888996, 33.649949479496797 ], [ -112.380905116093004, 33.649884931808401 ], [ -112.381025941451, 33.6498221431237 ], [ -112.381148064124005, 33.649761125473702 ], [ -112.38127143586, 33.649701895626897 ], [ -112.381396023657999, 33.649644480101799 ], [ -112.381521794259996, 33.649588889186603 ], [ -112.381648702676998, 33.649535141417303 ], [ -112.381776719030995, 33.6494832560631 ], [ -112.381905791777996, 33.649433246322502 ], [ -112.382035893151993, 33.649385128735503 ], [ -112.382166974903001, 33.649338920071798 ], [ -112.382299003702997, 33.649294626111697 ], [ -112.382431935658005, 33.6492522662817 ], [ -112.382565732177994, 33.649211854538102 ], [ -112.385509145425999, 33.6483568263805 ], [ -112.385994359655996, 33.648207881570599 ], [ -112.386234579038998, 33.648128113922098 ], [ -112.386473091107007, 33.648044855897901 ], [ -112.386709835751006, 33.647958126219201 ], [ -112.386944724993, 33.647867953840603 ], [ -112.387177703196997, 33.647774367354103 ], [ -112.387408688768005, 33.647677390232602 ], [ -112.387637616513999, 33.647577060194699 ], [ -112.387864414559004, 33.647473401506801 ], [ -112.388089016565004, 33.647366447391803 ], [ -112.388311345412006, 33.647256231194199 ], [ -112.388531348835997, 33.6471427895871 ], [ -112.388748942028997, 33.647026146983499 ], [ -112.388964070732996, 33.646906349999803 ], [ -112.389176670786, 33.646783432737898 ], [ -112.389386669358004, 33.646657426692201 ], [ -112.389594002448007, 33.646528375883499 ], [ -112.389798613487997, 33.646396317034998 ], [ -112.390000438437994, 33.646261291462899 ], [ -112.390199411143001, 33.646123343213198 ], [ -112.390395477195995, 33.645982508985199 ], [ -112.390588570505997, 33.6458388364318 ], [ -112.390778642056006, 33.645692362191802 ], [ -112.390965622581007, 33.645543137561503 ], [ -112.391149460009999, 33.645391210036401 ], [ -112.391330097798004, 33.645236617242396 ], [ -112.391507484021005, 33.645079415691796 ], [ -112.391681561031007, 33.644919641219197 ], [ -112.391852278071994, 33.644757355735003 ], [ -112.392003843772002, 33.6446050102169 ], [ -112.392113272532001, 33.644490313803402 ], [ -112.392220291537001, 33.6443740382554 ], [ -112.392324866859994, 33.644256219132998 ], [ -112.392426966713998, 33.644136891070303 ], [ -112.392526563643003, 33.644016089554199 ], [ -112.392623619464999, 33.643893853800002 ], [ -112.392718114269996, 33.6437702192095 ], [ -112.392810013114001, 33.643645224961297 ], [ -112.392899290695993, 33.643518906517897 ], [ -112.392985918600999, 33.643391306591496 ], [ -112.393069866093995, 33.643262458 ], [ -112.393151115584999, 33.643132406039001 ], [ -112.393229636371004, 33.643001185329602 ], [ -112.393305410847006, 33.6428688402654 ], [ -112.393378408383995, 33.6427354099756 ], [ -112.393448611317993, 33.642600935246797 ], [ -112.393515998683, 33.642465452393601 ], [ -112.393580543227998, 33.642329009525099 ], [ -112.393642235919003, 33.642191647330201 ], [ -112.393701049260002, 33.642053398589198 ], [ -112.393756972305994, 33.641914319343499 ], [ -112.393809985095999, 33.641774441386303 ], [ -112.393860070057997, 33.641633810913 ], [ -112.393907211731005, 33.641492471389697 ], [ -112.393951394599, 33.641350462675497 ], [ -112.393992607643995, 33.641207836302399 ], [ -112.394030842781007, 33.641064624830697 ], [ -112.394017893807998, 33.638690518478803 ], [ -112.392758326066996, 33.638676160268602 ], [ -112.385893378196997, 33.638597674720401 ], [ -112.380022000346003, 33.638534134255799 ], [ -112.376745319947005, 33.638510835884098 ], [ -112.376739337679993, 33.637463527279898 ], [ -112.376738505674993, 33.636631190523801 ], [ -112.376727266931994, 33.633852968271903 ], [ -112.376715277325005, 33.632149109922501 ], [ -112.376717472432006, 33.631122237930903 ], [ -112.376710456135996, 33.629285354563798 ], [ -112.376704025332003, 33.6281141251172 ], [ -112.376708998577996, 33.626524100319102 ], [ -112.376697307729003, 33.625314327242599 ], [ -112.376685206269002, 33.623801709694597 ], [ -112.376684973101007, 33.6237732265906 ], [ -112.385347388273999, 33.623908184718502 ], [ -112.385273841669004, 33.616674284811197 ], [ -112.386103606424996, 33.616692276601498 ], [ -112.391250168008995, 33.616745826280599 ], [ -112.393948908558997, 33.6167941754005 ], [ -112.393943694114, 33.614600048793001 ], [ -112.393914747245006, 33.6113433160913 ], [ -112.393898338541007, 33.609531464382599 ], [ -112.393869718361003, 33.609531029373002 ], [ -112.393060726317998, 33.609518829504204 ], [ -112.391723241304007, 33.609497495122902 ], [ -112.389553898537002, 33.609466083359301 ], [ -112.388203488111998, 33.6094490586825 ], [ -112.386857006670994, 33.609429615058303 ], [ -112.385215208047995, 33.609402867832898 ], [ -112.385195817018996, 33.6058061225812 ], [ -112.387373144109006, 33.605823961556197 ], [ -112.389522367018003, 33.605863433607801 ], [ -112.389483421044005, 33.5986429983097 ], [ -112.390246895063996, 33.598656002484198 ], [ -112.392980479772007, 33.598710578261901 ], [ -112.393810832778996, 33.598715124463197 ], [ -112.393631830486001, 33.565803707758199 ], [ -112.393594511146006, 33.558935364966402 ], [ -112.376293049617999, 33.558678636350102 ], [ -112.376254895317999, 33.551384762253299 ], [ -112.393029264885996, 33.551668172771599 ], [ -112.393559309809007, 33.551675384780999 ], [ -112.395552838875005, 33.551685614138101 ], [ -112.397562180725004, 33.551695637349098 ], [ -112.399570513848005, 33.551705639321703 ], [ -112.401578514544994, 33.551715612447701 ], [ -112.403585837121994, 33.551725560662803 ], [ -112.405592484736999, 33.551735479454898 ], [ -112.407598796760993, 33.5517453740162 ], [ -112.409604434968998, 33.551755243705102 ], [ -112.411769634451005, 33.5517452260165 ], [ -112.413932813811996, 33.551735188101702 ], [ -112.416095648882006, 33.5517251208163 ], [ -112.418258824424001, 33.551715007314101 ], [ -112.418254468727994, 33.549905422183599 ], [ -112.418250457122994, 33.548095836218302 ], [ -112.418246105662007, 33.546286249137196 ], [ -112.418242091831004, 33.544476662197503 ], [ -112.418237747061994, 33.542667355417002 ], [ -112.418233752055002, 33.540858330918603 ], [ -112.418229410470005, 33.539049024003702 ], [ -112.418225370684993, 33.537237459405397 ], [ -112.418209718716, 33.535415318726599 ], [ -112.418206884471999, 33.5335950030723 ], [ -112.418204061748, 33.531774968158999 ], [ -112.418201245535997, 33.529955500833303 ], [ -112.418198083535003, 33.528135468796201 ], [ -112.418195261929, 33.526315150977702 ], [ -112.418192108702996, 33.524495399208398 ], [ -112.418189266122994, 33.522673671925403 ], [ -112.418193227206004, 33.520856655067902 ], [ -112.418189148031999, 33.519041705743497 ], [ -112.418185075036007, 33.517227037224202 ], [ -112.418180998962001, 33.515412082349698 ], [ -112.418176934521, 33.513597412727201 ], [ -112.418172857103002, 33.511782179993403 ], [ -112.418168790452, 33.509967509390997 ], [ -112.418165028982003, 33.508150858827001 ], [ -112.417579670427003, 33.5081505960394 ], [ -112.417448435398995, 33.5064195944571 ], [ -112.418867003773997, 33.501015277879603 ], [ -112.419743422997996, 33.490948001883297 ], [ -112.420376583654004, 33.489143211200599 ], [ -112.422433160302006, 33.481106793857101 ], [ -112.422502345748995, 33.4791116549004 ], [ -112.422672217629994, 33.474212353382597 ], [ -112.422822538212003, 33.473591249581801 ], [ -112.423896944876006, 33.469151758904701 ], [ -112.425674158991001, 33.464838701563302 ], [ -112.425678409598007, 33.464625867782999 ], [ -112.425723703710005, 33.462299929672803 ], [ -112.421287870192998, 33.461725484418103 ], [ -112.418251624983995, 33.4617206506556 ], [ -112.418516526896994, 33.461575476953797 ], [ -112.427605105455996, 33.461621770162203 ], [ -112.427622594940999, 33.464639190770903 ], [ -112.427807848523997, 33.464639158198601 ], [ -112.438037870874993, 33.464637033456697 ], [ -112.439621509264995, 33.464638490596002 ], [ -112.449550202501001, 33.4646494203052 ], [ -112.452429118504, 33.464671343289403 ], [ -112.470176049228996, 33.464719379952903 ], [ -112.470197356941995, 33.475948566859401 ], [ -112.470156219339998, 33.485084069034897 ], [ -112.470135414983005, 33.493676250008697 ], [ -112.474521801034001, 33.493653774899499 ], [ -112.474507586231994, 33.497294607370101 ], [ -112.478836760570005, 33.497266031659898 ], [ -112.478823274777, 33.498682132539301 ], [ -112.478817876367998, 33.499608125216298 ], [ -112.478803481477001, 33.5009373714677 ], [ -112.478795910648003, 33.502703119962803 ], [ -112.471184788407996, 33.5027123916066 ], [ -112.470119496029994, 33.502713652994501 ], [ -112.470110987837003, 33.504526259002297 ], [ -112.472272003678, 33.504520821631601 ], [ -112.472263386547993, 33.5062617833578 ], [ -112.472249374076995, 33.5081530934361 ], [ -112.470077250653006, 33.508153708873699 ], [ -112.470054843935003, 33.513611223621602 ], [ -112.476233162851997, 33.513610832745997 ], [ -112.476700804130999, 33.515223588883899 ], [ -112.476713238805004, 33.515418823592498 ], [ -112.475096317204006, 33.515418750099897 ], [ -112.476404374053999, 33.5167841342899 ], [ -112.477563230290002, 33.517878180041599 ], [ -112.476541404106996, 33.522633545395102 ], [ -112.476528274824005, 33.5226946431615 ], [ -112.477798404582003, 33.522684945414198 ], [ -112.478756865684005, 33.522677623743903 ], [ -112.478774028749001, 33.527390776290702 ], [ -112.472196998022994, 33.533499423745603 ], [ -112.472213504018001, 33.536986974590597 ], [ -112.470060421813997, 33.537005927069799 ], [ -112.470061381996004, 33.537421513029699 ], [ -112.470178864866, 33.5878027220528 ], [ -112.461511001174003, 33.5878144622653 ], [ -112.461508954606998, 33.588415046339001 ], [ -112.461508922980997, 33.588429208269801 ], [ -112.461507440318996, 33.5887263145598 ], [ -112.461505451258006, 33.589914519872003 ], [ -112.461492201330003, 33.596220786443602 ], [ -112.461494843592007, 33.598716069963402 ], [ -112.461507286937007, 33.604714597893597 ], [ -112.461511890292002, 33.608494697592199 ], [ -112.461534390690005, 33.611433861955597 ], [ -112.461530317471002, 33.612508051758702 ], [ -112.461532346317995, 33.6132124118135 ], [ -112.46154060021, 33.616769374149598 ], [ -112.461540843422995, 33.617221747333403 ], [ -112.461542559806006, 33.619076687888402 ], [ -112.461538381699, 33.619998018741001 ], [ -112.461546682825997, 33.622534542941402 ], [ -112.461541587900001, 33.624003128054603 ], [ -112.462532310434995, 33.623994301083997 ], [ -112.462575253634995, 33.630868487046598 ], [ -112.459738648094003, 33.638841364459502 ], [ -112.452835209322004, 33.638874561431898 ], [ -112.452834846252998, 33.6388946693409 ], [ -112.452826814380003, 33.640753083301398 ], [ -112.452794176328993, 33.643397373216899 ], [ -112.450942400981006, 33.644807818643699 ], [ -112.449132734206998, 33.645885263173099 ], [ -112.449154148738998, 33.647732183373201 ], [ -112.449578567667999, 33.649296389099497 ], [ -112.450839353887005, 33.6514821505437 ], [ -112.450806006120004, 33.652763496809101 ], [ -112.451529870049995, 33.6530318846565 ], [ -112.451338204649005, 33.653332334554001 ], [ -112.451314019375999, 33.653370379974703 ], [ -112.449706631249995, 33.655891008184298 ], [ -112.444008894926995, 33.658840450350297 ], [ -112.444009837620996, 33.658781526338203 ], [ -112.444021163173005, 33.656959679331401 ], [ -112.444023857969, 33.656536344576097 ], [ -112.444025343071004, 33.6562623960235 ], [ -112.444032012098006, 33.655129382726997 ], [ -112.444042198172994, 33.653370057585498 ], [ -112.444042488470004, 33.653320685230497 ], [ -112.439080125502997, 33.653330859350802 ], [ -112.435376484691005, 33.653320337145203 ], [ -112.435326247727005, 33.660208511298499 ], [ -112.434384759292001, 33.661954655584303 ], [ -112.433469606108005, 33.665979015325597 ], [ -112.432809868329002, 33.6669676801693 ], [ -112.430136578879996, 33.669387185735602 ], [ -112.427823273835997, 33.672118993363199 ], [ -112.427038730543003, 33.673385202790897 ], [ -112.424509577034996, 33.675727813903798 ], [ -112.424415746532006, 33.6756983983542 ], [ -112.424321316337, 33.6756703550178 ], [ -112.424226311446006, 33.675643695328901 ], [ -112.424130771874999, 33.675618426039797 ], [ -112.424034713975004, 33.675594557782802 ], [ -112.423938177630006, 33.675572089195299 ], [ -112.423841183562004, 33.6755510344668 ], [ -112.423743765259999, 33.675531396817703 ], [ -112.423645950934997, 33.675513186744098 ], [ -112.423547774059998, 33.675496406565102 ], [ -112.423449261696007, 33.675481062280802 ], [ -112.423350441845997, 33.675467151764302 ], [ -112.423251347128001, 33.6754546908723 ], [ -112.423152005456998, 33.675443672067999 ], [ -112.423052451605002, 33.6754341111833 ], [ -112.422952716739005, 33.675426001546199 ], [ -112.422852822525002, 33.675419349219602 ], [ -112.422752804504995, 33.675414151088503 ], [ -112.422652694063999, 33.675410414005803 ], [ -112.422552524691, 33.675408141193401 ], [ -112.422452319027002, 33.6754073323904 ], [ -112.422352115817006, 33.675407982641801 ], [ -112.422251936623994, 33.675410091699298 ], [ -112.422151819337003, 33.675413668145403 ], [ -112.422051792833003, 33.675418697218703 ], [ -112.421951883239998, 33.675425193949799 ], [ -112.42185212583, 33.675433138994897 ], [ -112.421752552083007, 33.675442544617702 ], [ -112.421653189837997, 33.675453398774799 ], [ -112.421554067174995, 33.675465703849099 ], [ -112.421455216295001, 33.675479450452499 ], [ -112.421356666251, 33.675494634644103 ], [ -112.421258453779998, 33.675511260511399 ], [ -112.421160595895003, 33.675529313430303 ], [ -112.421063131414996, 33.675548792955297 ], [ -112.420966093619001, 33.675569689686199 ], [ -112.420869499684997, 33.675591998917398 ], [ -112.420773391591993, 33.675615715658303 ], [ -112.420677792899994, 33.675640829718901 ], [ -112.420582730492001, 33.675667336282302 ], [ -112.420488237661004, 33.6756952268505 ], [ -112.420394335720999, 33.675724485848697 ], [ -112.420301063580993, 33.675755118242002 ], [ -112.420208449984003, 33.675787101155798 ], [ -112.420116508934001, 33.675820433528799 ], [ -112.420025280090002, 33.675855100477399 ], [ -112.419934791372, 33.675891094467801 ], [ -112.419845070638999, 33.675928404359503 ], [ -112.419756138138993, 33.675967015492098 ], [ -112.419668021793001, 33.6760069203321 ], [ -112.419580754791994, 33.676048104070503 ], [ -112.419494364920993, 33.676090551058799 ], [ -112.419408867217996, 33.676134257518797 ], [ -112.419324302289994, 33.676179200440103 ], [ -112.419240685144999, 33.676225374241298 ], [ -112.419158042446995, 33.676272760581398 ], [ -112.419076403001, 33.676321340192999 ], [ -112.418995788315002, 33.676371109223901 ], [ -112.418916225024006, 33.676422047529798 ], [ -112.418837740868995, 33.676474136757598 ], [ -112.418760351805005, 33.676527363198801 ], [ -112.418684086653002, 33.676581708487603 ], [ -112.418608965740006, 33.676637162472801 ], [ -112.41853501672, 33.676693701391301 ], [ -112.418462255563, 33.676751312436103 ], [ -112.418390710988007, 33.6768099709303 ], [ -112.418254185839004, 33.676927850050802 ], [ -112.415255444064002, 33.679563663813802 ], [ -112.411968416345005, 33.682360043910499 ], [ -112.406545300562996, 33.682357530175601 ], [ -112.383998771882005, 33.664796809693399 ], [ -112.381208285813997, 33.662576864147503 ], [ -112.377887967077996, 33.659991657884603 ], [ -112.377106413204004, 33.6593871501995 ], [ -112.375139284625007, 33.657849124150403 ], [ -112.374096924667995, 33.657021580458 ], [ -112.371895136180996, 33.655281700357598 ], [ -112.370333363260002, 33.6540322753957 ], [ -112.369183351353996, 33.653144926317601 ] ], [ [ -112.461636634019001, 33.551581281990401 ], [ -112.461605394881005, 33.549768084611699 ], [ -112.461575497661997, 33.5479545894894 ], [ -112.461544931201999, 33.546141100842803 ], [ -112.461514372875001, 33.544327612477602 ], [ -112.461483811823001, 33.542514119110997 ], [ -112.461453253580999, 33.540700629696097 ], [ -112.461422698071999, 33.538887139724601 ], [ -112.461387441607002, 33.537073986090803 ], [ -112.459254184352005, 33.537099151462797 ], [ -112.457102759258007, 33.5371244893742 ], [ -112.454951326076994, 33.537149789087898 ], [ -112.452799895685999, 33.537175056788598 ], [ -112.450648457154003, 33.537200282684204 ], [ -112.448496828627995, 33.537213919852903 ], [ -112.446345197317996, 33.537227801925702 ], [ -112.444175393975001, 33.5372415771783 ], [ -112.444170748638001, 33.535426079748497 ], [ -112.444166161214994, 33.533613965775899 ], [ -112.444161546247003, 33.531800161560703 ], [ -112.444156938665998, 33.529986638134702 ], [ -112.444152332716996, 33.528173114188398 ], [ -112.444148064309005, 33.526359586706299 ], [ -112.444143461617998, 33.524546061719803 ], [ -112.444139163673995, 33.522730561235498 ], [ -112.441972153685995, 33.5227287588867 ], [ -112.439804469438997, 33.522726921921297 ], [ -112.437636784982004, 33.522725050595596 ], [ -112.435468756858, 33.522723146185299 ], [ -112.433301074374995, 33.522721481170201 ], [ -112.431133384833998, 33.522719496889501 ], [ -112.428966035545997, 33.522717752090401 ], [ -112.426794304154996, 33.522715738443097 ], [ -112.426794385106007, 33.524542287105803 ], [ -112.426794415795001, 33.526366014849799 ], [ -112.426794452633004, 33.528190028807103 ], [ -112.426794486963999, 33.530013474122299 ], [ -112.426794525519, 33.5318374816393 ], [ -112.426794572063002, 33.533661493970499 ], [ -112.426794545180002, 33.535481276965001 ], [ -112.426794649285, 33.537308943724703 ], [ -112.426809062222006, 33.539106012159102 ], [ -112.426823791033996, 33.540901667763599 ], [ -112.426838180191993, 33.542697045405603 ], [ -112.426852913005007, 33.544492699964103 ], [ -112.429024391989998, 33.544487097611203 ], [ -112.431195522213002, 33.544481180706001 ], [ -112.431210023738998, 33.5462776806243 ], [ -112.431224541198006, 33.548075024889698 ], [ -112.433395457949004, 33.548070759678502 ], [ -112.435566367394003, 33.548066179592197 ], [ -112.435580308732, 33.549864091848903 ], [ -112.435594270340005, 33.551662848400703 ], [ -112.437764624017007, 33.551659920400901 ], [ -112.439934976182002, 33.5516569588519 ], [ -112.442105320219, 33.551653954812203 ], [ -112.444276005188996, 33.551650913228002 ], [ -112.446446599302007, 33.5516424785597 ], [ -112.448616845383995, 33.551633723096899 ], [ -112.450786426698002, 33.551625224143201 ], [ -112.452956332029999, 33.551616401965603 ], [ -112.455126246643005, 33.551607822997603 ], [ -112.457296153479007, 33.551598919277701 ], [ -112.459466390181007, 33.5515899790229 ], [ -112.461636634019001, 33.551581281990401 ] ], [ [ -112.444360696087998, 33.580606690296001 ], [ -112.444362818971001, 33.578795636904402 ], [ -112.444364971427007, 33.576986277232599 ], [ -112.444367115779002, 33.575176349901902 ], [ -112.444369252542003, 33.573366144396999 ], [ -112.442188132614007, 33.573381438105201 ], [ -112.440008378513994, 33.5733983675158 ], [ -112.437829295325002, 33.573415249820698 ], [ -112.435650209927005, 33.573432099177403 ], [ -112.435651810793004, 33.57161879 ], [ -112.435653394783998, 33.569804768965497 ], [ -112.440036798598001, 33.5697713739264 ], [ -112.440015170424005, 33.566150543130199 ], [ -112.444377119769001, 33.5661233413025 ], [ -112.444376200899995, 33.5661278080347 ], [ -112.445008716844001, 33.566122165072699 ], [ -112.445714852075994, 33.566122608517603 ], [ -112.447029940294996, 33.566112166971699 ], [ -112.447296557225997, 33.566111173200099 ], [ -112.447709851129005, 33.566107844501602 ], [ -112.448068568655998, 33.566107859438098 ], [ -112.448387727506997, 33.566106529909497 ], [ -112.448542657874, 33.566106217309802 ], [ -112.448659558450998, 33.566106959318397 ], [ -112.448657673846, 33.566536039363399 ], [ -112.448665151895, 33.567777503207203 ], [ -112.448660492719995, 33.5693526552744 ], [ -112.448664657555, 33.570660862121798 ], [ -112.448657188045004, 33.572332407307499 ], [ -112.448656099611995, 33.573855629932503 ], [ -112.448658377281006, 33.5753158128596 ], [ -112.448653852052004, 33.5768983765062 ], [ -112.448655169917998, 33.576979568276499 ], [ -112.449149406893994, 33.576977470618303 ], [ -112.449171425808004, 33.580598292580198 ], [ -112.461608617181994, 33.5805447994113 ], [ -112.461518492164004, 33.566061520368898 ], [ -112.461391122384995, 33.566049947755097 ], [ -112.460979991372, 33.566053601450598 ], [ -112.460609070635002, 33.566054368607702 ], [ -112.460166253861004, 33.566054778066899 ], [ -112.459516487361995, 33.566060036406597 ], [ -112.459090959045, 33.566062647850302 ], [ -112.458651054987001, 33.566065422755599 ], [ -112.458093206756004, 33.566064775299203 ], [ -112.457575678496994, 33.566068465400001 ], [ -112.457129987684993, 33.566068902346998 ], [ -112.456644091477003, 33.566072211608201 ], [ -112.456233020168995, 33.5660794597989 ], [ -112.455663622529002, 33.566076525756102 ], [ -112.455272598413003, 33.566078718223999 ], [ -112.454844156445006, 33.5660789441079 ], [ -112.454151218977998, 33.566082272026101 ], [ -112.453656656749999, 33.566083270672799 ], [ -112.453055758055996, 33.566087916572002 ], [ -112.452423194117998, 33.566090530468003 ], [ -112.451730219992001, 33.566091439139498 ], [ -112.451135113728995, 33.566098418387803 ], [ -112.450808165309994, 33.566097366253601 ], [ -112.450803849113996, 33.5652029532529 ], [ -112.448669198927007, 33.565212031729303 ], [ -112.448663627211005, 33.5642948929273 ], [ -112.446504112770995, 33.5643040452726 ], [ -112.446500440286997, 33.563780856712299 ], [ -112.446503091687006, 33.563386884282501 ], [ -112.444351700667994, 33.563395963291498 ], [ -112.444351717051006, 33.5636241575314 ], [ -112.444358171074001, 33.564322093007803 ], [ -112.442186207302001, 33.564325741867499 ], [ -112.442232528950996, 33.563421243212602 ], [ -112.437773713115007, 33.563473124663602 ], [ -112.437765697426997, 33.566153894078901 ], [ -112.435656573369997, 33.5661763374857 ], [ -112.433476603553999, 33.566189489224598 ], [ -112.431297304077006, 33.566202877073898 ], [ -112.431295663667996, 33.568019565097202 ], [ -112.431294342173004, 33.569835127037202 ], [ -112.431292692371997, 33.571650687765697 ], [ -112.431291365321002, 33.573465680609303 ], [ -112.429111940458995, 33.5734826955863 ], [ -112.426932509823004, 33.573499395366902 ], [ -112.426931130731006, 33.575316361036201 ], [ -112.426929419803997, 33.5771338981939 ], [ -112.426927700883994, 33.578950866781398 ], [ -112.426926320592997, 33.580767836374498 ], [ -112.429099144274005, 33.580747830222798 ], [ -112.431278030841, 33.580727998051103 ], [ -112.433457248649006, 33.5807078467965 ], [ -112.435636461041, 33.5806879340794 ], [ -112.437815336659995, 33.580667704607897 ], [ -112.439994883110998, 33.5806474298521 ], [ -112.442174089968006, 33.580627124259003 ], [ -112.444360696087998, 33.580606690296001 ] ], [ [ -112.425018200227001, 33.508153650406598 ], [ -112.426799289734006, 33.508154567099297 ], [ -112.426820414171999, 33.500060665668997 ], [ -112.426836567215005, 33.493789125577699 ], [ -112.426792286185005, 33.482848854819899 ], [ -112.426788699990993, 33.481932935282103 ], [ -112.426780074879005, 33.479889737796299 ], [ -112.425705393292006, 33.479902106888403 ], [ -112.425692774384004, 33.479132283465198 ], [ -112.426776931511, 33.479123748447897 ], [ -112.426805517405001, 33.4754939619365 ], [ -112.426833190701004, 33.4719312588254 ], [ -112.426819971038995, 33.4654841621267 ], [ -112.425156920928998, 33.470132997521702 ], [ -112.424543419420999, 33.474049657851999 ], [ -112.424378153423007, 33.480942970330602 ], [ -112.423192438282001, 33.483564403489403 ], [ -112.421632768671998, 33.489485886581001 ], [ -112.421322653109996, 33.494733806582097 ], [ -112.420690924029003, 33.497286008894299 ], [ -112.420429098824002, 33.500120030150903 ], [ -112.419451298034005, 33.5040594195615 ], [ -112.419809848282, 33.508150897461697 ], [ -112.419966288961007, 33.508150794258 ], [ -112.424070801037004, 33.508153274701698 ], [ -112.425018200227001, 33.508153650406598 ] ] ] } },
{ "type": "Feature", "properties": { "OBJECTID": 81, "PROGRAM": "72", "CERTIFICATE": "534978", "CONVEYANCE": "0000", "NAME": "Litchfield Park Service Co.", "EXIST_OR_P": "E", "GSF_OR_USF": "GSF", "AMA": "Phoenix", "CRSPNDG_CE": "not operating", "STATUS": "Active", "LABEL": "Litchfield Park Service Co.", "MAXSAVINGS": "840", "Shape__Area": 378485.34191894502, "Shape__Length": 3456.8777303389002 }, "geometry": { "type": "Polygon", "coordinates": [ [ [ -112.340961498005001, 33.464270498765501 ], [ -112.340974884638996, 33.4631311638529 ], [ -112.341003549606995, 33.460582469208497 ], [ -112.341025355865995, 33.458723791126502 ], [ -112.342175663654999, 33.458746286413799 ], [ -112.342117879808001, 33.460581679719198 ], [ -112.349353716617998, 33.460605139941698 ], [ -112.349370746035007, 33.458189036840501 ], [ -112.349771435739996, 33.458225258759299 ], [ -112.349754558103996, 33.460606977117898 ], [ -112.350085446782003, 33.460607880298802 ], [ -112.350075722965002, 33.464317258926997 ], [ -112.349187908093, 33.464312837816699 ], [ -112.346512020033998, 33.464298813798599 ], [ -112.344779769821002, 33.464290003550097 ], [ -112.343655544599002, 33.464284159068399 ], [ -112.340961498005001, 33.464270498765501 ] ] ] } },
{ "type": "Feature", "properties": { "OBJECTID": 82, "PROGRAM": "72", "CERTIFICATE": "572386", "CONVEYANCE": "0006", "NAME": "Roosevelt Irrigation District", "EXIST_OR_P": "E", "GSF_OR_USF": "GSF", "AMA": "Phoenix", "CRSPNDG_CE": "57.002517.0000", "STATUS": "Active", "LABEL": "Roosevelt ID", "MAXSAVINGS": "133000", "Shape__Area": 157946.78833007801, "Shape__Length": 1589.73308482534 }, "geometry": { "type": "Polygon", "coordinates": [ [ [ -112.375035679031996, 33.421054951257197 ], [ -112.375724487837999, 33.421042805301603 ], [ -112.377152863679996, 33.421018778874398 ], [ -112.377185792693993, 33.421018130954003 ], [ -112.379301974569998, 33.420982773568802 ], [ -112.379363113305004, 33.422786421537502 ], [ -112.379424246189004, 33.424589793036397 ], [ -112.377282889163993, 33.424611622053497 ], [ -112.375167742547006, 33.424633123468098 ], [ -112.375101876594002, 33.422844176948303 ], [ -112.375035679031996, 33.421054951257197 ] ] ] } },
{ "type": "Feature", "properties": { "OBJECTID": 83, "PROGRAM": "72", "CERTIFICATE": "534489", "CONVEYANCE": "0005", "NAME": "Hohokam Irrigation District", "EXIST_OR_P": "E", "GSF_OR_USF": "GSF", "AMA": "Pinal", "CRSPNDG_CE": "57.001102.0000", "STATUS": "Active", "LABEL": "Hohokam ID", "MAXSAVINGS": "82000", "Shape__Area": 78245680.978637695, "Shape__Length": 125971.439259962 }, "geometry": { "type": "Polygon", "coordinates": [ [ [ -111.625694420368006, 32.967349701587999 ], [ -111.618646196444999, 32.967379812228302 ], [ -111.618647584659996, 32.966429276231501 ], [ -111.617573478764001, 32.966425022051197 ], [ -111.617580749447995, 32.967372129115098 ], [ -111.618646196444999, 32.967379812228302 ], [ -111.618604943378998, 32.970764926360999 ], [ -111.618543822362, 32.975710669555603 ], [ -111.618467641798006, 32.981853378019601 ], [ -111.618421240114998, 32.9889086815162 ], [ -111.614291041643995, 32.989094858609398 ], [ -111.614213317882999, 32.992645887845697 ], [ -111.618394989596993, 32.992717667986497 ], [ -111.618370804014006, 32.996343978098999 ], [ -111.617212480339006, 32.996306310271898 ], [ -111.603357449160001, 32.996247882596798 ], [ -111.603239765008993, 32.991837487925601 ], [ -111.601025843257005, 32.991798570902098 ], [ -111.601018509045005, 32.996237765607802 ], [ -111.601028492563003, 33.0000741971023 ], [ -111.601028987047997, 33.002412119269103 ], [ -111.592529810806994, 33.002399833666203 ], [ -111.592452025068994, 33.000075807977197 ], [ -111.583941574292993, 32.999740509798897 ], [ -111.584025704222, 32.9961646607224 ], [ -111.584042911284001, 32.992585741900299 ], [ -111.588618910643007, 32.988980854622199 ], [ -111.592752496846003, 32.984993978518702 ], [ -111.595661883424995, 32.981940789859401 ], [ -111.592662720712994, 32.981673768410801 ], [ -111.584084583800006, 32.981659020735798 ], [ -111.575895078087001, 32.981645272837198 ], [ -111.575886767341004, 32.980366103257303 ], [ -111.573093952221001, 32.980442686353797 ], [ -111.571357133676003, 32.980386956692897 ], [ -111.572836893689995, 32.981653165436903 ], [ -111.575919009982002, 32.984502938591802 ], [ -111.575931978214001, 32.985366582340703 ], [ -111.579709066339007, 32.985409954570599 ], [ -111.579661703824996, 32.988905582886602 ], [ -111.575967902932007, 32.988731025797598 ], [ -111.575967251604993, 32.9877043945502 ], [ -111.573989146486994, 32.987702809883203 ], [ -111.567077049505002, 32.982610868216099 ], [ -111.567098844536005, 32.977550315477501 ], [ -111.567106614435005, 32.976779034196298 ], [ -111.567106144283002, 32.9758696688247 ], [ -111.567094808964001, 32.974933848504001 ], [ -111.564639511378999, 32.9749449985677 ], [ -111.564628646439999, 32.973135327424103 ], [ -111.562850180976994, 32.973133225290503 ], [ -111.562889491541, 32.969528822742603 ], [ -111.558566304478006, 32.9695336149003 ], [ -111.554267862735998, 32.9695392787348 ], [ -111.554267925185002, 32.973185786601498 ], [ -111.549990878244998, 32.973218269200999 ], [ -111.549992234715006, 32.971281128681703 ], [ -111.549998996644007, 32.966119714050002 ], [ -111.541356998428995, 32.966136700804199 ], [ -111.541311942199997, 32.9697106845015 ], [ -111.537138428994993, 32.9696949154227 ], [ -111.537168726768996, 32.9661965476256 ], [ -111.532834982061004, 32.966200498906503 ], [ -111.528380854112996, 32.966203680678099 ], [ -111.528403425825999, 32.9625852522664 ], [ -111.532774682769002, 32.962620765816297 ], [ -111.532785587996003, 32.958871593134504 ], [ -111.535043317830997, 32.9588844690077 ], [ -111.535031152480997, 32.958308337343198 ], [ -111.532788020485995, 32.958274537703197 ], [ -111.532802835119, 32.953393842930403 ], [ -111.541416210899001, 32.956885973628196 ], [ -111.541331118924006, 32.951381603596097 ], [ -111.541218004152, 32.944239574140902 ], [ -111.532129806734005, 32.944310846776297 ], [ -111.525725468361003, 32.944384260225 ], [ -111.525775870814996, 32.941154713671303 ], [ -111.523575308082997, 32.941122261734201 ], [ -111.523556588798002, 32.944408614904397 ], [ -111.519806910151999, 32.944405706568702 ], [ -111.519811374680998, 32.945168483907402 ], [ -111.516490356725001, 32.945182290228999 ], [ -111.516950101996997, 32.946282576652202 ], [ -111.517464183279003, 32.947067478388902 ], [ -111.518196961018006, 32.947972684943402 ], [ -111.518974409891996, 32.948854017735002 ], [ -111.519399028455993, 32.9495423143549 ], [ -111.520607516693005, 32.950488931491599 ], [ -111.520704924371998, 32.951021861475503 ], [ -111.521280783869003, 32.951384779409999 ], [ -111.522220968013002, 32.952978597088197 ], [ -111.522769117999005, 32.953742472021602 ], [ -111.522781625782997, 32.954502955633401 ], [ -111.523321418473003, 32.9553215537643 ], [ -111.523575994069006, 32.955966575200399 ], [ -111.523805547318005, 32.958036369469397 ], [ -111.524144355966996, 32.958900908306397 ], [ -111.515629593054001, 32.958946022207101 ], [ -111.515537664728001, 32.951644900276499 ], [ -111.515536128793002, 32.951495501592099 ], [ -111.511447724210001, 32.951480780982997 ], [ -111.510869310345001, 32.951479207419702 ], [ -111.506779585022997, 32.951467157370701 ], [ -111.506400597753995, 32.944582687065697 ], [ -111.500690731412007, 32.944623801609602 ], [ -111.498516386139997, 32.944631960718503 ], [ -111.498219552294003, 32.944638224902597 ], [ -111.497802384460002, 32.9446489124403 ], [ -111.493878949725996, 32.944666788443598 ], [ -111.493745227808006, 32.9446673169261 ], [ -111.489249454135006, 32.944687313295297 ], [ -111.485299854676995, 32.944689237686099 ], [ -111.480535187407, 32.944691361058098 ], [ -111.480511470834003, 32.937348773013703 ], [ -111.480511240048003, 32.9371824604873 ], [ -111.480498698109002, 32.933630684888499 ], [ -111.480488376809006, 32.930365301156797 ], [ -111.480464196520003, 32.9230565226514 ], [ -111.489293397024994, 32.9230649973696 ], [ -111.489370432246005, 32.917514255935998 ], [ -111.484856577686003, 32.917399418633202 ], [ -111.484408839843994, 32.918276714468703 ], [ -111.480531026970993, 32.918111329498302 ], [ -111.480501350839006, 32.915715365707399 ], [ -111.489181315579003, 32.915823648070102 ], [ -111.493585897147, 32.915894785070897 ], [ -111.497911314448004, 32.915913089354298 ], [ -111.497945615616004, 32.908557271018502 ], [ -111.500689836768004, 32.908546268413303 ], [ -111.510261837865997, 32.908507449803501 ], [ -111.510212114802997, 32.923007017253802 ], [ -111.510811066208007, 32.923007947220299 ], [ -111.512997106835996, 32.923035052148698 ], [ -111.513019377072993, 32.924112910432399 ], [ -111.514000708121998, 32.924114504672602 ], [ -111.515015446516003, 32.924113694863998 ], [ -111.515024819356, 32.922962981099701 ], [ -111.515026806449001, 32.919386897523403 ], [ -111.515923419827004, 32.919428295422101 ], [ -111.519175972501998, 32.919301466976002 ], [ -111.519326702653998, 32.9158144085849 ], [ -111.516874663855006, 32.915876471795002 ], [ -111.515029586943996, 32.915716663243302 ], [ -111.515030464009996, 32.908489524949999 ], [ -111.516157911581999, 32.908477532648199 ], [ -111.516915109915999, 32.908468756517301 ], [ -111.518294517778003, 32.9084551355378 ], [ -111.519521607306999, 32.908452846778303 ], [ -111.520542791365003, 32.908441819341903 ], [ -111.523716280943006, 32.908464042661102 ], [ -111.523680665385001, 32.905937318015901 ], [ -111.523667811075001, 32.905003744684201 ], [ -111.523615108691004, 32.901276227817398 ], [ -111.526839820046007, 32.901302107060602 ], [ -111.527994032815002, 32.901311315516899 ], [ -111.532348895525004, 32.901345225625803 ], [ -111.532341297185994, 32.897733659398497 ], [ -111.534013789444998, 32.897700568984703 ], [ -111.541078606675001, 32.897670105352397 ], [ -111.541074844216993, 32.893978462816101 ], [ -111.542923159042999, 32.893968739490198 ], [ -111.545381553647005, 32.893955189350201 ], [ -111.545338903040005, 32.891032719015797 ], [ -111.545373918804003, 32.886719047331297 ], [ -111.549655685104, 32.886717721100602 ], [ -111.549654673841999, 32.889040519533197 ], [ -111.551313972502996, 32.889062510943099 ], [ -111.551347636664005, 32.886732803544298 ], [ -111.567216083804993, 32.886874171670101 ], [ -111.567112457329998, 32.894093897999902 ], [ -111.567007318682997, 32.901287126595498 ], [ -111.567005265635999, 32.901384108166297 ], [ -111.570798053830998, 32.901411902000397 ], [ -111.575639458065993, 32.901447153131897 ], [ -111.575705746330996, 32.894141905754203 ], [ -111.584381902041002, 32.8941900577341 ], [ -111.584291563698002, 32.901591826687103 ], [ -111.584204452212006, 32.908773695351002 ], [ -111.575573527347998, 32.908705592095401 ], [ -111.569181736049003, 32.908658264454502 ], [ -111.569174952013, 32.912189828485097 ], [ -111.575539511220995, 32.9122237479164 ], [ -111.575505018558999, 32.915978698931099 ], [ -111.584178029464994, 32.916037022413001 ], [ -111.584146758767005, 32.916567123317499 ], [ -111.584148425243001, 32.916820817966801 ], [ -111.584524737408003, 32.916819049829797 ], [ -111.584457661952001, 32.917901262506099 ], [ -111.587301382560995, 32.917937510349603 ], [ -111.588082166391004, 32.917947362695699 ], [ -111.588151862117002, 32.9176719083436 ], [ -111.588228765379, 32.917374431234101 ], [ -111.588884521039006, 32.917379795681804 ], [ -111.592899963698997, 32.917415448394102 ], [ -111.592944794481994, 32.923329298649001 ], [ -111.588872664853, 32.923353110136397 ], [ -111.587287115142004, 32.923360587361799 ], [ -111.587308581222999, 32.926606169995303 ], [ -111.588817316621004, 32.9265990540313 ], [ -111.588844162526996, 32.930646873081798 ], [ -111.592858752094997, 32.930665050313699 ], [ -111.597219708265996, 32.9306949769704 ], [ -111.601446624131, 32.930674659319202 ], [ -111.601471316732002, 32.938066815645399 ], [ -111.597195408266003, 32.938012950696901 ], [ -111.592773214212997, 32.937977682057799 ], [ -111.590689794208998, 32.937956561324803 ], [ -111.584826948753005, 32.9379407932405 ], [ -111.584108221519998, 32.937939656462703 ], [ -111.584183905702005, 32.938874047658501 ], [ -111.584089387796993, 32.945235043826798 ], [ -111.592810553448004, 32.945267729227801 ], [ -111.592894184515998, 32.952578972233702 ], [ -111.597047578030995, 32.952606501733896 ], [ -111.601560794283003, 32.952645130360899 ], [ -111.605895987810996, 32.952660212093498 ], [ -111.614413806938003, 32.952674898202503 ], [ -111.614303462638006, 32.9453356174823 ], [ -111.618663848264006, 32.945084033942699 ], [ -111.618665973288998, 32.938196903066697 ], [ -111.625694740618002, 32.938200729664999 ], [ -111.627304668936006, 32.938201092936602 ], [ -111.635670586947001, 32.938206077039197 ], [ -111.635721815945999, 32.945449238341702 ], [ -111.635771227752002, 32.952716636933303 ], [ -111.635794258199994, 32.959939626785797 ], [ -111.635816994758002, 32.967306370160301 ], [ -111.625694420368006, 32.967349701587999 ] ], [ [ -111.575774059777004, 32.975373824053101 ], [ -111.575736347752994, 32.9730698433562 ], [ -111.574923059596003, 32.973073597951597 ], [ -111.574901853544006, 32.975372211715303 ], [ -111.575774059777004, 32.975373824053101 ] ], [ [ -111.516182063567996, 32.9444833555484 ], [ -111.515722019828999, 32.943213373406898 ], [ -111.515409450754007, 32.941431427565099 ], [ -111.515179780012005, 32.940796431688199 ], [ -111.514952759614999, 32.9407342288603 ], [ -111.514974549474999, 32.944488351644402 ], [ -111.516182063567996, 32.9444833555484 ] ], [ [ -111.566349907329993, 32.894185878819897 ], [ -111.563994047297996, 32.894140743846798 ], [ -111.563947164758005, 32.895914055869 ], [ -111.566285337140997, 32.895903458116599 ], [ -111.566349907329993, 32.894185878819897 ] ], [ [ -111.578626678909004, 32.926265092721202 ], [ -111.578607184793995, 32.923273762374599 ], [ -111.576117479722001, 32.923221586918899 ], [ -111.575513875838993, 32.923224372176797 ], [ -111.575453599366, 32.925579001556997 ], [ -111.578626678909004, 32.926265092721202 ] ], [ [ -111.558517031978994, 32.8959384983673 ], [ -111.560855211467, 32.895928002124201 ], [ -111.560843566627, 32.8940827905585 ], [ -111.558380635860999, 32.894012660205902 ], [ -111.556225418587999, 32.893992979092303 ], [ -111.556173067139994, 32.895878504198997 ], [ -111.558517031978994, 32.8959384983673 ] ], [ [ -111.555209287861999, 32.933816317707198 ], [ -111.558245068884005, 32.933802758398798 ], [ -111.558356221178997, 32.930429158974199 ], [ -111.553982487449005, 32.930385532288803 ], [ -111.554003814961007, 32.933803077583697 ], [ -111.555209287861999, 32.933816317707198 ] ], [ [ -111.562641972915003, 32.930408763542701 ], [ -111.565847875531006, 32.930463032228502 ], [ -111.565872961007997, 32.931357074644502 ], [ -111.566868912415003, 32.9313333776158 ], [ -111.566868239879, 32.930390740626201 ], [ -111.566865639447002, 32.928622173864198 ], [ -111.566863612459997, 32.927676720159397 ], [ -111.561412684656005, 32.927679406044398 ], [ -111.561466586441, 32.930388126165901 ], [ -111.562641972915003, 32.930408763542701 ] ], [ [ -111.549751134624998, 32.9043135639563 ], [ -111.549724047986999, 32.9013397273511 ], [ -111.551057369432996, 32.901349625671699 ], [ -111.551023500582005, 32.893946165985398 ], [ -111.549652854629997, 32.893934176487498 ], [ -111.549724047986999, 32.9013397273511 ], [ -111.545996096690004, 32.901313260677902 ], [ -111.546043186860999, 32.904626409335499 ], [ -111.546197510263994, 32.904616147515902 ], [ -111.549745750447997, 32.9046321240182 ], [ -111.549751134624998, 32.9043135639563 ] ], [ [ -111.541222986272004, 32.937602733874499 ], [ -111.549697086872996, 32.937588196853902 ], [ -111.54970642824, 32.933806884155302 ], [ -111.541088247152004, 32.933815277406602 ], [ -111.541103768989004, 32.934387446883498 ], [ -111.541119606516006, 32.937314527331502 ], [ -111.536289963862004, 32.937335403461802 ], [ -111.536347150674004, 32.934408008968703 ], [ -111.536333690885002, 32.932180569852498 ], [ -111.536322546673006, 32.930335924248098 ], [ -111.532248016769998, 32.930353391029001 ], [ -111.532259076418995, 32.932198036953999 ], [ -111.532176527220003, 32.9376078659323 ], [ -111.533876668496006, 32.937600592336601 ], [ -111.541120206817993, 32.937632496771698 ], [ -111.541222986272004, 32.937602733874499 ] ], [ [ -111.558544583116998, 32.965980787987199 ], [ -111.567186743552995, 32.965888196079298 ], [ -111.567140126680002, 32.9586004523673 ], [ -111.558499594485994, 32.958626507702299 ], [ -111.550008029531, 32.9587353126187 ], [ -111.55000337429, 32.9622978446857 ], [ -111.554248393438002, 32.962253103183201 ], [ -111.554272404783006, 32.964810295933503 ], [ -111.554227087631006, 32.966012467792297 ], [ -111.558544583116998, 32.965980787987199 ] ], [ [ -111.562817123814995, 32.915959950360403 ], [ -111.566877602920002, 32.915940987344001 ], [ -111.566898506390004, 32.908638784100503 ], [ -111.566951295568998, 32.905075437849703 ], [ -111.562730103836003, 32.905072013514797 ], [ -111.562750697837004, 32.901464271131601 ], [ -111.558334371751997, 32.901434516176202 ], [ -111.558329174858997, 32.908584433434903 ], [ -111.558345590165999, 32.915981750229101 ], [ -111.558333242025, 32.919333487303803 ], [ -111.562787192206997, 32.919358559796102 ], [ -111.562817123814995, 32.915959950360403 ] ], [ [ -111.532315946737, 32.919494102999899 ], [ -111.532299943859996, 32.923069678640502 ], [ -111.530079299161002, 32.923069558974902 ], [ -111.530186372954006, 32.926671664562697 ], [ -111.532271562226995, 32.926697732005799 ], [ -111.532299943859996, 32.923069678640502 ], [ -111.533359300298002, 32.923042597392502 ], [ -111.535685196621998, 32.9230923824122 ], [ -111.541084311749998, 32.923078644479801 ], [ -111.545543544042999, 32.923062026523397 ], [ -111.545619667571998, 32.928270468093999 ], [ -111.546397215564994, 32.928826336044601 ], [ -111.549717789208998, 32.928840485447097 ], [ -111.549728797754, 32.925976427996702 ], [ -111.549728304536998, 32.923088742397901 ], [ -111.549758817424006, 32.915924635673299 ], [ -111.549774280400001, 32.9123749929295 ], [ -111.545517963006006, 32.912367758662597 ], [ -111.545328627670003, 32.9085275343663 ], [ -111.541158045985995, 32.9085209040501 ], [ -111.541037041430002, 32.915868079300701 ], [ -111.532331879539996, 32.915906689141799 ], [ -111.532315946737, 32.919494102999899 ] ] ] } },
{ "type": "Feature", "properties": { "OBJECTID": 84, "PROGRAM": "72", "CERTIFICATE": "593304", "CONVEYANCE": "0000", "NAME": "Harquahala Valley Irrigation District (Expired)", "EXIST_OR_P": "E", "GSF_OR_USF": "GSF", "AMA": "INA", "CRSPNDG_CE": "57.002771.0000", "STATUS": "Inactive", "LABEL": "Harquahala Valley ID", "MAXSAVINGS": "50000", "Shape__Area": 2599860.70953369, "Shape__Length": 6449.6633113069802 }, "geometry": { "type": "Polygon", "coordinates": [ [ [ -113.265837646847004, 33.464531093699797 ], [ -113.265819727964001, 33.450051723779602 ], [ -113.283203260077997, 33.449985127261201 ], [ -113.283221122474998, 33.464505561060299 ], [ -113.265837646847004, 33.464531093699797 ] ] ] } },
{ "type": "Feature", "properties": { "OBJECTID": 85, "PROGRAM": "72", "CERTIFICATE": "593304", "CONVEYANCE": "0000", "NAME": "Harquahala Valley Irrigation District (Expired)", "EXIST_OR_P": "E", "GSF_OR_USF": "GSF", "AMA": "INA", "CRSPNDG_CE": "57.002771.0000", "STATUS": "Inactive", "LABEL": "Harquahala Valley ID", "MAXSAVINGS": "50000", "Shape__Area": 242139389.97790501, "Shape__Length": 107350.522437473 }, "geometry": { "type": "Polygon", "coordinates": [ [ [ -113.127271894844, 33.522450453896703 ], [ -113.127272507382003, 33.522695596974302 ], [ -113.125754405417993, 33.522691237732197 ], [ -113.110143231571996, 33.522644958122598 ], [ -113.110100840222003, 33.5155659566908 ], [ -113.092793483337005, 33.515593683404099 ], [ -113.092794721464998, 33.515421767264797 ], [ -113.092749008137005, 33.508186108164601 ], [ -113.092782028021006, 33.500055257594099 ], [ -113.092805107668994, 33.493667158658603 ], [ -113.092739482236993, 33.486361890806997 ], [ -113.092674599494003, 33.479135505030499 ], [ -113.092673927015994, 33.479135507372298 ], [ -113.084079409262998, 33.479151043586803 ], [ -113.075487147241006, 33.479165963049098 ], [ -113.075529601027995, 33.4646636465556 ], [ -113.075529637200006, 33.4646549658315 ], [ -113.075565664980004, 33.450122071288703 ], [ -113.084029883979994, 33.450109658425603 ], [ -113.092839609389003, 33.450096464527697 ], [ -113.092761118924997, 33.435584130119501 ], [ -113.101304279207, 33.435588976028903 ], [ -113.104768858957996, 33.435591053847098 ], [ -113.110123696317004, 33.435594144534498 ], [ -113.110124356190994, 33.435594124285203 ], [ -113.110101406870996, 33.421017786119002 ], [ -113.110057929690996, 33.4137487292925 ], [ -113.110014758912001, 33.406524775371203 ], [ -113.109947206721998, 33.392009414612801 ], [ -113.109946535996997, 33.392009417003798 ], [ -113.101048541815999, 33.392017858933599 ], [ -113.092632241950994, 33.392025996054798 ], [ -113.092599234323998, 33.381122628651802 ], [ -113.092587818227997, 33.377535506221797 ], [ -113.09258735585, 33.377488171562099 ], [ -113.091460425410006, 33.377471677115501 ], [ -113.086937983884994, 33.377492585896199 ], [ -113.075342007274998, 33.377546196024902 ], [ -113.074227698016003, 33.377523682423799 ], [ -113.074231522348001, 33.376440380877 ], [ -113.074234997424, 33.375060066218097 ], [ -113.074271655269996, 33.3627734869278 ], [ -113.074276658678997, 33.358996138554602 ], [ -113.074280371518, 33.355970368605298 ], [ -113.082983197198004, 33.355930196148499 ], [ -113.087472031844001, 33.355909236988701 ], [ -113.091608836328007, 33.355889782045203 ], [ -113.091609231595996, 33.355889775384099 ], [ -113.091608824630995, 33.3557886152593 ], [ -113.091608287065, 33.355613919873598 ], [ -113.091585990376998, 33.348352864857098 ], [ -113.100212828842004, 33.348339069414997 ], [ -113.100218219097997, 33.348339061175203 ], [ -113.108839657222006, 33.348325800067499 ], [ -113.125751435417001, 33.348354074488498 ], [ -113.13440411373, 33.348329017568403 ], [ -113.142361337428, 33.348305462477398 ], [ -113.143014441812994, 33.348303524287303 ], [ -113.143015113288001, 33.348303522613598 ], [ -113.151516860235006, 33.348314253721 ], [ -113.160124704162001, 33.348325362373203 ], [ -113.160125363795999, 33.3483253599112 ], [ -113.160406878998998, 33.348325567007798 ], [ -113.168819684848998, 33.3483318952416 ], [ -113.177443482398999, 33.348337800771901 ], [ -113.177444153012999, 33.348337807944098 ], [ -113.177475071527994, 33.344750576645403 ], [ -113.177505971067006, 33.341168986972498 ], [ -113.177569112216005, 33.333836708247297 ], [ -113.181328066258004, 33.333827077558702 ], [ -113.194847924976003, 33.333792255893101 ], [ -113.194848607059996, 33.3337922537537 ], [ -113.195169684953001, 33.3337911659601 ], [ -113.203527064072006, 33.333762761798802 ], [ -113.212169920652997, 33.333732789955299 ], [ -113.228948664417004, 33.3337268615239 ], [ -113.228911624690994, 33.3482600269055 ], [ -113.220987388363, 33.348242583964399 ], [ -113.220685875946003, 33.3482423456433 ], [ -113.220668082255997, 33.348242663987897 ], [ -113.220671494822, 33.3628568247345 ], [ -113.221036426422003, 33.362853110806299 ], [ -113.228919810514995, 33.3627703856097 ], [ -113.228890815347, 33.373106361880701 ], [ -113.228889546483998, 33.373559501409503 ], [ -113.228885364546997, 33.375052508003101 ], [ -113.228878657574, 33.3774737601765 ], [ -113.231063615683993, 33.377466613774899 ], [ -113.231103552910994, 33.392089592119099 ], [ -113.231097678221005, 33.399899183486198 ], [ -113.231092200041005, 33.4065669469271 ], [ -113.231118313018001, 33.410108549798501 ], [ -113.231198832592, 33.421026923793001 ], [ -113.231150934991007, 33.424694964748703 ], [ -113.231101240572997, 33.428397976438099 ], [ -113.231005335174004, 33.435571736614499 ], [ -113.231066881307001, 33.450070794997302 ], [ -113.239757796383998, 33.450104517079097 ], [ -113.248438239647001, 33.450071882771702 ], [ -113.250756878, 33.450068678017502 ], [ -113.257278574192995, 33.450061636873897 ], [ -113.257330340341994, 33.450061534396603 ], [ -113.257358799366997, 33.464574576706298 ], [ -113.265837646847004, 33.464531093699797 ], [ -113.265847002811995, 33.479115425627903 ], [ -113.257109572662003, 33.4791232027262 ], [ -113.250758173361007, 33.4791284754439 ], [ -113.248437386671, 33.479130601290002 ], [ -113.248437155204002, 33.479130596474199 ], [ -113.239484990570006, 33.479096376440197 ], [ -113.239518995937004, 33.4646143838537 ], [ -113.239518993339999, 33.464614282910397 ], [ -113.231069728402005, 33.464608074330798 ], [ -113.213885282023, 33.4645911302716 ], [ -113.213884620200005, 33.464591123160602 ], [ -113.205104643599, 33.464578643766203 ], [ -113.196660896904007, 33.464566883986699 ], [ -113.196643253824007, 33.471858180077703 ], [ -113.196638415186996, 33.479069206356897 ], [ -113.179277561833004, 33.479110962696403 ], [ -113.179297759603998, 33.486357085571498 ], [ -113.179290700286003, 33.493587901687803 ], [ -113.179212125166998, 33.500057734171499 ], [ -113.179267282843, 33.500057603995998 ], [ -113.179241971981, 33.508144777223102 ], [ -113.179253425566998, 33.515522889485801 ], [ -113.179263260330998, 33.522620092677897 ], [ -113.179263255210998, 33.522620360574599 ], [ -113.187824163884997, 33.522596535829003 ], [ -113.196488000485004, 33.522571815218399 ], [ -113.196620579546007, 33.522572842571002 ], [ -113.196648754021993, 33.537200362254701 ], [ -113.196500020762002, 33.537200185670301 ], [ -113.182108483342006, 33.537181600392302 ], [ -113.179306939490004, 33.537177791829798 ], [ -113.179298284205998, 33.537177777402498 ], [ -113.179123872006002, 33.537177644280703 ], [ -113.179123199957999, 33.5371776380779 ], [ -113.170561941081999, 33.537165683634299 ], [ -113.161919210641997, 33.5371530162558 ], [ -113.161916399312005, 33.537153019370699 ], [ -113.161743573820999, 33.5371532866642 ], [ -113.161742900917005, 33.537153289398901 ], [ -113.159652818373999, 33.537159229180702 ], [ -113.155569404475997, 33.537170768749903 ], [ -113.155418007910001, 33.537171715337202 ], [ -113.148864310307999, 33.537190982939997 ], [ -113.144555519944007, 33.537204289287203 ], [ -113.144454047853003, 33.537210553141001 ], [ -113.127245729454998, 33.537180044506499 ], [ -113.127272507382003, 33.522695596974302 ], [ -113.136276826016001, 33.5226377680018 ], [ -113.136406493996006, 33.508221713842303 ], [ -113.130038478686004, 33.508198078296303 ], [ -113.130036162945004, 33.508198062221901 ], [ -113.127201283844002, 33.508187437586699 ], [ -113.127201301366, 33.5081908358666 ], [ -113.127238179920994, 33.515604657724502 ], [ -113.127271894844, 33.522450453896703 ] ], [ [ -113.166382967016006, 33.435515573718497 ], [ -113.162029902119002, 33.435503941719197 ], [ -113.162027801708007, 33.450014551945102 ], [ -113.166248402489998, 33.450023136568603 ], [ -113.166382967016006, 33.435515573718497 ] ], [ [ -113.194648541777994, 33.355484544131798 ], [ -113.193829439449004, 33.355483059602903 ], [ -113.190489855351998, 33.355476900094601 ], [ -113.186134881634004, 33.355468742645201 ], [ -113.185908354066996, 33.355468309580701 ], [ -113.185909163402002, 33.355626089061197 ], [ -113.185946778328002, 33.362868830706503 ], [ -113.185946780628001, 33.362868922641802 ], [ -113.186093236448002, 33.362869593504897 ], [ -113.186135860481997, 33.362869821011003 ], [ -113.186136531206003, 33.362869828131601 ], [ -113.186369088494004, 33.362872120761999 ], [ -113.194556805573001, 33.362953375771198 ], [ -113.194557477369997, 33.3629533828272 ], [ -113.194645629009003, 33.355726554004001 ], [ -113.194648541777994, 33.355484544131798 ] ] ] } },
{ "type": "Feature", "properties": { "OBJECTID": 86, "PROGRAM": "72", "CERTIFICATE": "534439", "CONVEYANCE": "0005", "NAME": "Tonopah Irrigation District", "EXIST_OR_P": "E", "GSF_OR_USF": "GSF", "AMA": "Phoenix", "CRSPNDG_CE": "57.002524.0000", "STATUS": "Active", "LABEL": "Tonopah ID", "MAXSAVINGS": "15000", "Shape__Area": 15956555.7814941, "Shape__Length": 33206.398838838002 }, "geometry": { "type": "MultiPolygon", "coordinates": [ [ [ [ -112.895872476559006, 33.493725356668101 ], [ -112.893709685768002, 33.4937215062116 ], [ -112.893712755498996, 33.491901269853599 ], [ -112.893732429451006, 33.491044472856203 ], [ -112.893742383946005, 33.489725583808003 ], [ -112.893721417319995, 33.488717119129497 ], [ -112.893705229042993, 33.488328167754297 ], [ -112.894088565179004, 33.488373566866102 ], [ -112.901829158986999, 33.490022705623602 ], [ -112.902395337098994, 33.4936650108625 ], [ -112.902808039020996, 33.490291246384501 ], [ -112.910907167614994, 33.492116135863498 ], [ -112.910941038993002, 33.4936575368409 ], [ -112.913150309770003, 33.493729798086001 ], [ -112.914445867186998, 33.493728894091198 ], [ -112.915252766457002, 33.493728322360603 ], [ -112.915262002139002, 33.493728327452402 ], [ -112.915306593815998, 33.493728339561102 ], [ -112.915293433326994, 33.495844362968697 ], [ -112.915285123276007, 33.497183824259999 ], [ -112.915155608096001, 33.497185826829899 ], [ -112.914368931145006, 33.497203418901599 ], [ -112.914355987185004, 33.497320690006802 ], [ -112.914357991323001, 33.497411714095698 ], [ -112.914408267976, 33.501105171408398 ], [ -112.912081277162002, 33.501096854041201 ], [ -112.911959152391006, 33.501098739291201 ], [ -112.910938241324999, 33.501098994884103 ], [ -112.908028384190999, 33.501058961592499 ], [ -112.907969429711997, 33.508298917989599 ], [ -112.907969421104994, 33.508299555671698 ], [ -112.906642044891001, 33.508301106962499 ], [ -112.904631421057005, 33.508303293638697 ], [ -112.904531180060999, 33.508303413117403 ], [ -112.904153069185995, 33.508303881523702 ], [ -112.903416123152994, 33.508304749471399 ], [ -112.902886657850999, 33.508305360535701 ], [ -112.902405945398996, 33.508305913909503 ], [ -112.902415709574001, 33.513736434210003 ], [ -112.902418978941995, 33.515545566130903 ], [ -112.902422034015999, 33.517232524026703 ], [ -112.902422266875007, 33.517354420450303 ], [ -112.902425511629005, 33.519163274959404 ], [ -112.902425588775998, 33.519203571939997 ], [ -112.902427614442004, 33.520246186341502 ], [ -112.902429018830006, 33.520967895676399 ], [ -112.902432119544002, 33.522722648162798 ], [ -112.902432728712995, 33.522780694535797 ], [ -112.902432719507004, 33.522781257379599 ], [ -112.902437648577006, 33.524588671520299 ], [ -112.902442822761998, 33.526392138898899 ], [ -112.902447669675993, 33.528195610833798 ], [ -112.902452722519996, 33.529954569783499 ], [ -112.902452849092995, 33.5299990762853 ], [ -112.904569420064007, 33.5300026274735 ], [ -112.905881722854005, 33.530004943582298 ], [ -112.906689356754001, 33.530006357519603 ], [ -112.906690861211004, 33.530641909851802 ], [ -112.906693659324006, 33.531811533909099 ], [ -112.906697954072001, 33.533616700929002 ], [ -112.906702250882006, 33.535421867444697 ], [ -112.906718700229007, 33.537228535313702 ], [ -112.906729995823, 33.539045431429599 ], [ -112.906741214559005, 33.540858670691897 ], [ -112.906752440470001, 33.542672177184102 ], [ -112.904636142311006, 33.543570164551802 ], [ -112.902754299820998, 33.544368429691197 ], [ -112.902550824738, 33.544454747748603 ], [ -112.902505492306005, 33.544473968546598 ], [ -112.900338597247, 33.544478779713899 ], [ -112.898165066822003, 33.544487321235799 ], [ -112.895991191503001, 33.544495819918602 ], [ -112.893817645650003, 33.544504285265603 ], [ -112.893056031667996, 33.544507237898401 ], [ -112.891643765674999, 33.544512707596297 ], [ -112.891036604125006, 33.544515134142202 ], [ -112.889469900384995, 33.544521378250103 ], [ -112.887296347540996, 33.544529728182198 ], [ -112.885111678848006, 33.544538201083398 ], [ -112.883203676598995, 33.544513854902497 ], [ -112.882936015821002, 33.544510428590698 ], [ -112.880769921137997, 33.544490091441503 ], [ -112.878603476847999, 33.5444694258494 ], [ -112.876947975735007, 33.544453819613899 ], [ -112.876437379167001, 33.5444490028827 ], [ -112.876442127, 33.542629034462699 ], [ -112.876443432512005, 33.542130758262601 ], [ -112.876446883791999, 33.540809352195097 ], [ -112.876388214626004, 33.538188605784399 ], [ -112.876364961199997, 33.537151896643202 ], [ -112.876360546553002, 33.536954712181398 ], [ -112.876255066051996, 33.536956310898397 ], [ -112.876034174566001, 33.536959659454297 ], [ -112.867784559514007, 33.537084340361602 ], [ -112.867781858596999, 33.535285053130401 ], [ -112.867779573758, 33.533964339579597 ], [ -112.867778744166003, 33.5334818191998 ], [ -112.867775889509005, 33.531675201935897 ], [ -112.867773776063004, 33.530149559975399 ], [ -112.867773379092995, 33.529868578102999 ], [ -112.867772488276998, 33.529301602830202 ], [ -112.867770522390998, 33.528061682175696 ], [ -112.867769696018996, 33.527462829007398 ], [ -112.867768015907004, 33.526255058237098 ], [ -112.867765163133996, 33.524448161302097 ], [ -112.867763018559003, 33.522988459503502 ], [ -112.867762773433995, 33.522819634046101 ], [ -112.867763517300006, 33.522634763737898 ], [ -112.867819375766004, 33.5226350474559 ], [ -112.869932960596003, 33.522632461398103 ], [ -112.872107777929997, 33.522629486066698 ], [ -112.874282583544996, 33.522626472673203 ], [ -112.875744797509995, 33.522624633954699 ], [ -112.875744779903002, 33.522710124013997 ], [ -112.875744777150999, 33.5228106112177 ], [ -112.876030691626994, 33.522810360138102 ], [ -112.876278494412006, 33.522810142146497 ], [ -112.876457380828995, 33.522809978832697 ], [ -112.878631873708002, 33.5228077340659 ], [ -112.880806702269993, 33.522805731832399 ], [ -112.882981532331002, 33.522803405473397 ], [ -112.885012017948995, 33.522801271656 ], [ -112.885155502809994, 33.522797046493899 ], [ -112.885170057216001, 33.522796612086303 ], [ -112.885158883596006, 33.520979423024102 ], [ -112.885147717926998, 33.5191624912609 ], [ -112.885136891472001, 33.517345305860303 ], [ -112.885125900915, 33.515556571545197 ], [ -112.885125724695001, 33.515528105315497 ], [ -112.882960162529002, 33.515514258025803 ], [ -112.880791295983997, 33.515504088698101 ], [ -112.878622114630005, 33.51549417287 ], [ -112.876453934704003, 33.5154841938974 ], [ -112.876449892354998, 33.513676466416797 ], [ -112.876445521961003, 33.511869306138202 ], [ -112.876442517200005, 33.510526144874902 ], [ -112.876441471834994, 33.510061577824999 ], [ -112.876437037176999, 33.5082507527611 ], [ -112.876468640636006, 33.508250772608399 ], [ -112.878599808234, 33.508252377015097 ], [ -112.880762239462996, 33.508253663816603 ], [ -112.881719988781001, 33.508254221204702 ], [ -112.882080314451997, 33.5082544244028 ], [ -112.882925341456001, 33.508254902618397 ], [ -112.884903078139004, 33.508256109584799 ], [ -112.885080705670006, 33.508256231291597 ], [ -112.885080681228999, 33.508255104448601 ], [ -112.885061664801995, 33.506433228928302 ], [ -112.885042889323998, 33.504619807869702 ], [ -112.885031222514996, 33.503516942640097 ], [ -112.885023660959007, 33.502801610208699 ], [ -112.885005438579, 33.501046511832797 ], [ -112.885004742815994, 33.500983397411602 ], [ -112.884996399951007, 33.500191304148302 ], [ -112.884994890089004, 33.500047947008298 ], [ -112.884987412076001, 33.499160085683997 ], [ -112.885010324910994, 33.497347152756497 ], [ -112.885033470775994, 33.495529137935797 ], [ -112.885056501864, 33.4937063314715 ], [ -112.887221315716005, 33.493710302379398 ], [ -112.889384105358999, 33.4937139795178 ], [ -112.891546899519, 33.493717904639901 ], [ -112.892886584021994, 33.493720135307299 ], [ -112.893601057512996, 33.493721320888497 ], [ -112.893709685768002, 33.4937215062116 ], [ -112.893709693204997, 33.493722836211901 ], [ -112.893714053484999, 33.495543051388204 ], [ -112.893718369295996, 33.497362611175497 ], [ -112.893723027419995, 33.499182175168201 ], [ -112.893727554495001, 33.500949128646802 ], [ -112.893727591222003, 33.500951852336101 ], [ -112.893727680221005, 33.501001447489301 ], [ -112.894345925615994, 33.501002703765103 ], [ -112.894831415528003, 33.501003689325302 ], [ -112.895891666219995, 33.501005838459001 ], [ -112.898055321090993, 33.501010187629198 ], [ -112.900218973208993, 33.501014498996902 ], [ -112.902450009242997, 33.501023111182903 ], [ -112.902700081554997, 33.501039550677397 ], [ -112.902681138291996, 33.4998518722781 ], [ -112.902692197540006, 33.498886165096003 ], [ -112.902678725651995, 33.497373986075502 ], [ -112.902647244727007, 33.496831982925997 ], [ -112.902649597578005, 33.496042875532403 ], [ -112.902633775731005, 33.495319803387602 ], [ -112.902619752285005, 33.494678898086903 ], [ -112.902610044, 33.494235194098003 ], [ -112.902599616827004, 33.493758623475898 ], [ -112.902422014758002, 33.493712034274502 ], [ -112.902167755033005, 33.493748816546301 ], [ -112.901794375055005, 33.493721671887698 ], [ -112.901342899309995, 33.493712163200897 ], [ -112.900950624014001, 33.4937181836695 ], [ -112.900637522286999, 33.493755866685603 ], [ -112.900198041986997, 33.493732388908597 ], [ -112.898034918524004, 33.493728896914099 ], [ -112.895872476559006, 33.493725356668101 ] ] ], [ [ [ -112.902912426262006, 33.4892616909925 ], [ -112.902364477198006, 33.486452101721902 ], [ -112.902411635709996, 33.485706998678403 ], [ -112.902359246057003, 33.484640245511102 ], [ -112.902358466704996, 33.4828211946663 ], [ -112.902358466113, 33.482809061336098 ], [ -112.902357357762, 33.481002139388004 ], [ -112.902357174014995, 33.480629840212302 ], [ -112.902356446675, 33.479176884517798 ], [ -112.904511845371999, 33.479182394562898 ], [ -112.906673967597996, 33.479188040438203 ], [ -112.908836082113993, 33.479193370906202 ], [ -112.910986882903998, 33.479198903923802 ], [ -112.910987037810003, 33.479198901534502 ], [ -112.910998542102007, 33.479198936010597 ], [ -112.910998544338995, 33.479199037876199 ], [ -112.910997818572994, 33.481017739504999 ], [ -112.910997040802997, 33.482783870975901 ], [ -112.910997022838998, 33.482833708473599 ], [ -112.911034162440004, 33.491157120476601 ], [ -112.902912426262006, 33.4892616909925 ] ] ], [ [ [ -112.902364477198006, 33.486452101721902 ], [ -112.901914738350996, 33.489099779997801 ], [ -112.893711816218001, 33.4872803665546 ], [ -112.893708478028998, 33.486780817299099 ], [ -112.893709378999006, 33.486508997403703 ], [ -112.893709341215995, 33.4864474979588 ], [ -112.895871235569004, 33.486449389035698 ], [ -112.898033795583004, 33.486450956199398 ], [ -112.900196016617997, 33.4864527667091 ], [ -112.902364477198006, 33.486452101721902 ] ] ], [ [ [ -112.893711816218001, 33.4872803665546 ], [ -112.893704258094004, 33.487278689363499 ], [ -112.893666511597004, 33.487252309650202 ], [ -112.893711816218001, 33.4872803665546 ] ] ] ] } },
{ "type": "Feature", "properties": { "OBJECTID": 87, "PROGRAM": "72", "CERTIFICATE": "538133", "CONVEYANCE": "0006", "NAME": "BKW Farms (Expansion)", "EXIST_OR_P": "E", "GSF_OR_USF": "GSF", "AMA": "Tucson", "CRSPNDG_CE": "58.107019.0002", "STATUS": "Active", "LABEL": "BKW Farms", "MAXSAVINGS": "14324", "Shape__Area": 53917508.744750999, "Shape__Length": 64904.694432421202 }, "geometry": { "type": "MultiPolygon", "coordinates": [ [ [ [ -111.265777035830993, 32.451699141404802 ], [ -111.265684723977003, 32.451470838225603 ], [ -111.265649137479997, 32.451654410265597 ], [ -111.265472029706004, 32.451268965402598 ], [ -111.265126642037998, 32.451022412129802 ], [ -111.264753955405993, 32.450506154633402 ], [ -111.264716202040006, 32.450443649002601 ], [ -111.264679776983002, 32.450380576747399 ], [ -111.264288542312002, 32.450051483009702 ], [ -111.264254440149998, 32.449987279012099 ], [ -111.264222003309001, 32.449922789149099 ], [ -111.264190555620999, 32.449857452824098 ], [ -111.263637361063999, 32.449451933155302 ], [ -111.263608907477007, 32.449385744228302 ], [ -111.263581782987004, 32.449319266542503 ], [ -111.263555653552999, 32.449252509818898 ], [ -111.263121976741999, 32.448930766802498 ], [ -111.263078713889996, 32.448801178395101 ], [ -111.263039789860997, 32.448680038220203 ], [ -111.262564241584002, 32.4483606260453 ], [ -111.262520336521007, 32.448240341363402 ], [ -111.262227796646002, 32.447926229592902 ], [ -111.262178907727005, 32.447807364259802 ], [ -111.261855723793005, 32.4474373130776 ], [ -111.261801856215996, 32.447320153009201 ], [ -111.261567906571003, 32.447143980009898 ], [ -111.261509386737998, 32.447028520032198 ], [ -111.261448543019, 32.446913623257203 ], [ -111.261376692537993, 32.4467843759166 ], [ -111.261189824734998, 32.446534620999302 ], [ -111.260912733954001, 32.446009630184697 ], [ -111.2608997058, 32.445989357809196 ], [ -111.260885356640003, 32.445969937057598 ], [ -111.260870006133004, 32.445950800739901 ], [ -111.260853330089006, 32.4459327893953 ], [ -111.260835658841003, 32.445915348441197 ], [ -111.260577802835002, 32.4457490849625 ], [ -111.260471177579007, 32.445546984839503 ], [ -111.260337847413993, 32.445277498688299 ], [ -111.260151819174993, 32.445120522835701 ], [ -111.260099423273999, 32.445012971871499 ], [ -111.259912448313997, 32.444851255197698 ], [ -111.259875790432005, 32.444730300522401 ], [ -111.259741630001997, 32.444564587390097 ], [ -111.259679376788995, 32.444499938557897 ], [ -111.259669723151006, 32.444463521173098 ], [ -111.259683872756, 32.444402764389103 ], [ -111.259664671042998, 32.444366366689302 ], [ -111.259698033950002, 32.444346055364797 ], [ -111.259663064866999, 32.444325268782201 ], [ -111.259669131129996, 32.444257046529103 ], [ -111.259659478589001, 32.444220630041897 ], [ -111.259673627099005, 32.444159872356799 ], [ -111.259687741826994, 32.444086969577398 ], [ -111.259682804744997, 32.444030299928002 ], [ -111.259682700265998, 32.4439938628527 ], [ -111.259682619005005, 32.443965523105497 ], [ -111.259683156776006, 32.44394975214 ], [ -111.259680078895997, 32.443933375191399 ], [ -111.259679262953995, 32.443911867766801 ], [ -111.259676144655003, 32.443879538817399 ], [ -111.259677905125002, 32.4438605438813 ], [ -111.259677265948, 32.443848740133703 ], [ -111.259677828597006, 32.443833854090499 ], [ -111.259677177648001, 32.443817944845698 ], [ -111.259680775773006, 32.443806132361701 ], [ -111.259678329438998, 32.4437974121576 ], [ -111.259678302946995, 32.443788172759199 ], [ -111.259680648417998, 32.443766168968097 ], [ -111.259680539326993, 32.443762999163901 ], [ -111.259680738133, 32.443761097097401 ], [ -111.259680527181999, 32.4437587637631 ], [ -111.259680926705002, 32.443755997057401 ], [ -111.259680921501001, 32.443754182014501 ], [ -111.259683181252996, 32.443750888247202 ], [ -111.259684047755002, 32.443748103438502 ], [ -111.259683845915006, 32.4437422689805 ], [ -111.259683809986996, 32.4437412406444 ], [ -111.259683742804, 32.443736361247502 ], [ -111.259683679846006, 32.443731842687598 ], [ -111.259683644879004, 32.443729294287202 ], [ -111.259683141007997, 32.443725722052001 ], [ -111.259684033205005, 32.443722994023503 ], [ -111.259684028513007, 32.4437213575981 ], [ -111.259684152236005, 32.443719612654299 ], [ -111.259683887907002, 32.4437172144778 ], [ -111.259683240029005, 32.443715361968998 ], [ -111.259683620451, 32.443713725651698 ], [ -111.259683487345995, 32.443712198646899 ], [ -111.259683350803996, 32.4437094727394 ], [ -111.259682961002, 32.443707838010198 ], [ -111.259683337358993, 32.4437047835778 ], [ -111.259682943803995, 32.443701839888703 ], [ -111.259683703834995, 32.4436979123209 ], [ -111.259683409488005, 32.443685045171499 ], [ -111.259683267003993, 32.443680247120099 ], [ -111.259682865632001, 32.443674577258101 ], [ -111.259682855313997, 32.443670978745999 ], [ -111.259682714394998, 32.443666726470497 ], [ -111.259682825295997, 32.443660509773203 ], [ -111.259682563083004, 32.443651057961702 ], [ -111.259682708948006, 32.443648872740503 ], [ -111.259682496647002, 32.443643842087504 ], [ -111.259682662794006, 32.443632776412699 ], [ -111.259682400236997, 32.443626172576302 ], [ -111.259689869555999, 32.443163894919998 ], [ -111.259703925013, 32.443070749708497 ], [ -111.259727517832005, 32.442973536138702 ], [ -111.259711406158999, 32.442870853730099 ], [ -111.259737916947998, 32.442870799062703 ], [ -111.259717586772993, 32.4428399543974 ], [ -111.259703182028005, 32.442811644179699 ], [ -111.259707852036001, 32.442775197252701 ], [ -111.259712533650003, 32.442742798990302 ], [ -111.259707724335001, 32.442730663742303 ], [ -111.259707689506001, 32.442718517747402 ], [ -111.259712440775999, 32.4427104114747 ], [ -111.259731502826995, 32.442698226100902 ], [ -111.259736254092005, 32.442690118925199 ], [ -111.259721815600997, 32.4426496636137 ], [ -111.259716866972994, 32.442588945287397 ], [ -111.259716611561998, 32.442499877361598 ], [ -111.259721026137001, 32.442374363407097 ], [ -111.259512820785005, 32.4421757906455 ], [ -111.259274515772006, 32.441966258362001 ], [ -111.258938873443, 32.441665865426401 ], [ -111.258604564958006, 32.441364624457499 ], [ -111.258557566811007, 32.441321589945197 ], [ -111.258498891664999, 32.4412653282197 ], [ -111.258376203685003, 32.441143231569001 ], [ -111.258337352756996, 32.441010396405098 ], [ -111.258203971618997, 32.440718428973398 ], [ -111.258214530372996, 32.440396518389903 ], [ -111.258089169754001, 32.440270764331302 ], [ -111.257963145394996, 32.440145288452896 ], [ -111.257778787427995, 32.439964113491001 ], [ -111.257593765072997, 32.439783225580904 ], [ -111.257506424179994, 32.439699674384698 ], [ -111.257417432192995, 32.439617539212399 ], [ -111.257326444433005, 32.439536817156203 ], [ -111.257234131353997, 32.439457224480797 ], [ -111.257075180306003, 32.439326457268798 ], [ -111.257038197816001, 32.439297780537302 ], [ -111.257000884231005, 32.439269381419599 ], [ -111.256962908209999, 32.439241833434203 ], [ -111.256924601096003, 32.439214563963802 ], [ -111.256885298577998, 32.439188146303898 ], [ -111.256845992622999, 32.439162009196302 ], [ -111.256805697622994, 32.439136715765898 ], [ -111.256765065970001, 32.439111991341001 ], [ -111.256714786001993, 32.439082496337001 ], [ -111.256616224753998, 32.439027160272197 ], [ -111.256525730998007, 32.438978047628602 ], [ -111.256516338145005, 32.438972954472099 ], [ -111.256338891279995, 32.438882255330697 ], [ -111.256059846865, 32.438856579469999 ], [ -111.254439747283001, 32.438861802021002 ], [ -111.254203452981997, 32.438860339564201 ], [ -111.253871486425993, 32.438850584231901 ], [ -111.253514989867995, 32.438861727079598 ], [ -111.253146140734003, 32.438852044061598 ], [ -111.252752790516993, 32.438873684556199 ], [ -111.252273324634999, 32.438874645738402 ], [ -111.251892210329999, 32.438875408454003 ], [ -111.251449597051007, 32.438865867054801 ], [ -111.251458942767997, 32.438255127279803 ], [ -111.251451551640997, 32.438142484988397 ], [ -111.251444334495005, 32.4380089683034 ], [ -111.251447483776005, 32.437910265199299 ], [ -111.251440395575003, 32.4378231936548 ], [ -111.251443560968994, 32.437730295627503 ], [ -111.251439928246995, 32.437654829210302 ], [ -111.251436359986997, 32.4376025849147 ], [ -111.251439710696999, 32.437576452065997 ], [ -111.251439662352993, 32.4375590350229 ], [ -111.251445892804, 32.437531402522502 ], [ -111.251449795048998, 32.437509666384301 ], [ -111.251449690298998, 32.437471929306803 ], [ -111.251442763282, 32.437442914868598 ], [ -111.251439275601996, 32.4374196986765 ], [ -111.251439146685996, 32.437373253527703 ], [ -111.251445285098001, 32.437312466668502 ], [ -111.251431938748993, 32.437242639814102 ], [ -111.251432441299002, 32.437114406725399 ], [ -111.251434813017994, 32.437045239514198 ], [ -111.251432122997997, 32.436999725947203 ], [ -111.251431116942996, 32.436946550059197 ], [ -111.251437857539997, 32.436908799314601 ], [ -111.251328145043999, 32.436901778787401 ], [ -111.251128635849994, 32.436884981473298 ], [ -111.250827695403004, 32.436853726483598 ], [ -111.250718286855005, 32.436840410760503 ], [ -111.250609205559002, 32.436825404628898 ], [ -111.250500786318995, 32.436808987981898 ], [ -111.250392365923005, 32.4367905992194 ], [ -111.250284601201002, 32.436770796347901 ], [ -111.250177163760995, 32.4367493057781 ], [ -111.250070060748996, 32.436726401739698 ], [ -111.249947652746997, 32.436697887954303 ], [ -111.249925361189, 32.4366920106987 ], [ -111.249903402675002, 32.4366850060362 ], [ -111.249881774791007, 32.436677155431902 ], [ -111.249860809431993, 32.436668458227501 ], [ -111.249840504757998, 32.436658632966903 ], [ -111.249820529651998, 32.436647961767299 ], [ -111.249801550014993, 32.436636437895501 ], [ -111.249782899959996, 32.436624073497697 ], [ -111.249765576209001, 32.436610856674697 ], [ -111.249697383203994, 32.436523600336002 ], [ -111.249648035228006, 32.436461145459603 ], [ -111.249623448511002, 32.436461194184901 ], [ -111.249586480668, 32.436429990191598 ], [ -111.249157092828995, 32.436363290733198 ], [ -111.248120273848997, 32.436127846319899 ], [ -111.247615803670001, 32.4359863444081 ], [ -111.247279620735, 32.4359395066095 ], [ -111.246915433729995, 32.4358927228078 ], [ -111.246607126594995, 32.435798330373501 ], [ -111.246270815743003, 32.435703991932797 ], [ -111.245934570057003, 32.435633401561702 ], [ -111.245783057108, 32.435605235527902 ], [ -111.245695699677995, 32.435594417274203 ], [ -111.245616226699994, 32.435564323416003 ], [ -111.245470300229996, 32.435546934514399 ], [ -111.245417073292998, 32.435539174482201 ], [ -111.245377583733998, 32.4355318134673 ], [ -111.245270080232004, 32.435509708096497 ], [ -111.245230680744996, 32.435505746934297 ], [ -111.245191633133999, 32.435499342145398 ], [ -111.245171981555004, 32.435485283934199 ], [ -111.245151667277, 32.435471231520097 ], [ -111.245125244434007, 32.435467220712702 ], [ -111.245110430897, 32.4354649816189 ], [ -111.245088271349005, 32.435462454607602 ], [ -111.245081375181002, 32.435461727387803 ], [ -111.245055378139995, 32.435466083762996 ], [ -111.245033738455007, 32.435454001422698 ], [ -111.245013385402999, 32.435456280965397 ], [ -111.244989250849997, 32.435450749221999 ], [ -111.244958881149003, 32.435455268343198 ], [ -111.244949776447001, 32.435448966727101 ], [ -111.244923443418998, 32.435441579083303 ], [ -111.244890090574998, 32.435429826211198 ], [ -111.244869235793999, 32.435423975034396 ], [ -111.244827540038003, 32.435418165263897 ], [ -111.244743540509006, 32.435404738120397 ], [ -111.244651381124001, 32.435380743146602 ], [ -111.244578950372002, 32.435354850541003 ], [ -111.244479271540001, 32.435339183939398 ], [ -111.244420964781995, 32.435314247136198 ], [ -111.244252065417996, 32.435292260007998 ], [ -111.244164301067997, 32.435271975578097 ], [ -111.244129187534, 32.435260886265297 ], [ -111.244100672263997, 32.435257222101697 ], [ -111.244052403376003, 32.435246158258998 ], [ -111.244023868080006, 32.435235056171798 ], [ -111.243977800549004, 32.435227707459603 ], [ -111.243887076104997, 32.435218563384801 ], [ -111.243810568821999, 32.435183364784301 ], [ -111.241285554826007, 32.434676618613402 ], [ -111.233585010989998, 32.433412506812502 ], [ -111.232549980686997, 32.432068498229903 ], [ -111.229771165871, 32.431467932343203 ], [ -111.227228750107002, 32.4301939158088 ], [ -111.225640592576994, 32.429725697447502 ], [ -111.224289331373001, 32.428785962646302 ], [ -111.222860902586007, 32.428721201470502 ], [ -111.221273450433998, 32.428522111191299 ], [ -111.220400461167998, 32.428456345311403 ], [ -111.219606169437, 32.428121251579803 ], [ -111.218811395022996, 32.427584264239201 ], [ -111.217619413175001, 32.426846070015699 ], [ -111.216447331192001, 32.425503454485899 ], [ -111.214282094216998, 32.424832902762198 ], [ -111.210522972522, 32.424383304155803 ], [ -111.208385790766997, 32.424389112410502 ], [ -111.206248617547999, 32.424401651187601 ], [ -111.204111096684997, 32.424405133091199 ], [ -111.201973901990002, 32.4244085791088 ], [ -111.199829066922007, 32.424412000088303 ], [ -111.197676255093, 32.424416242354503 ], [ -111.195530085653004, 32.424420156065402 ], [ -111.194814146067003, 32.424421549286798 ], [ -111.193383588697998, 32.424423752258797 ], [ -111.191376018200998, 32.424426819473702 ], [ -111.191237418379998, 32.424427029022702 ], [ -111.190539590412996, 32.424428089000401 ], [ -111.190527607844999, 32.4171177809705 ], [ -111.182183898947002, 32.417126737823999 ], [ -111.182178228311002, 32.4136721596524 ], [ -111.174081944692006, 32.413680343182001 ], [ -111.165570851523, 32.413688379915101 ], [ -111.165388401613001, 32.413688544628997 ], [ -111.165383270335994, 32.4099661147539 ], [ -111.163421151332997, 32.409972367725501 ], [ -111.161324178643, 32.409979016345197 ], [ -111.159227200174001, 32.409985630078303 ], [ -111.157692258652006, 32.409991762190501 ], [ -111.157600730434993, 32.408648864838298 ], [ -111.157553965123, 32.407400490533703 ], [ -111.157530123016002, 32.406511484600003 ], [ -111.157549594977993, 32.4048847130966 ], [ -111.157570117846006, 32.403863241437499 ], [ -111.157523717036, 32.4028229375661 ], [ -111.165372243213994, 32.402850715322401 ], [ -111.165372252561994, 32.401321780111402 ], [ -111.165343453814998, 32.400293888827399 ], [ -111.165337875394997, 32.397232951501501 ], [ -111.165357442734006, 32.396276880893303 ], [ -111.165308187986994, 32.395611200118601 ], [ -111.165322080745, 32.394937641199697 ], [ -111.165321949483996, 32.394374797479202 ], [ -111.165335077823002, 32.392511515015499 ], [ -111.165333333229995, 32.391834079098302 ], [ -111.165348232754994, 32.391222660365202 ], [ -111.165314375546004, 32.390217291976001 ], [ -111.165268696680002, 32.389463842689601 ], [ -111.165280344877004, 32.3891168180891 ], [ -111.165258643319007, 32.388442827019702 ], [ -111.165278637667001, 32.388179340777498 ], [ -111.165598914483994, 32.388192507371102 ], [ -111.166223380861993, 32.388178098640701 ], [ -111.168112990780998, 32.3882435265377 ], [ -111.169570138002996, 32.388241574972803 ], [ -111.169530524608007, 32.384179215673903 ], [ -111.173715295731995, 32.384155115689502 ], [ -111.173705283836, 32.3772473228397 ], [ -111.178030307992998, 32.377242990843399 ], [ -111.178024352582, 32.373390888572096 ], [ -111.181934947650007, 32.373387006536902 ], [ -111.181928273720004, 32.369258341175097 ], [ -111.188095517799994, 32.3692515601183 ], [ -111.188090515013997, 32.366215039973902 ], [ -111.219064879699999, 32.366177793221702 ], [ -111.219072177973999, 32.369875957273699 ], [ -111.221964477748998, 32.369872033447798 ], [ -111.221957070474005, 32.366175278281098 ], [ -111.233473657776003, 32.366159302209901 ], [ -111.233488052290994, 32.372909258370797 ], [ -111.233520214224001, 32.387982475021403 ], [ -111.233527812798997, 32.391541684732204 ], [ -111.233545230543996, 32.399698990401902 ], [ -111.233551491556, 32.4026294133036 ], [ -111.238847128249006, 32.402539991339701 ], [ -111.250543187850994, 32.402214794652103 ], [ -111.250800605148996, 32.4022143882259 ], [ -111.259341859246007, 32.402200514300802 ], [ -111.259665196127997, 32.402199976663397 ], [ -111.269461001425, 32.402183330320902 ], [ -111.269475148761998, 32.407764524160299 ], [ -111.269774732504004, 32.422355559569603 ], [ -111.303754391536003, 32.422278221471899 ], [ -111.303576704224994, 32.439166247646099 ], [ -111.291947281141006, 32.439188972232301 ], [ -111.291936053257004, 32.435195708395703 ], [ -111.286374233206004, 32.435206231812899 ], [ -111.286384827299997, 32.4390765826859 ], [ -111.270070793673995, 32.4391061498984 ], [ -111.270080636445002, 32.440444947732999 ], [ -111.270081701454004, 32.440579136752802 ], [ -111.270088454228997, 32.441521214569299 ], [ -111.270093669923995, 32.442248879276697 ], [ -111.270094752638997, 32.442388985185701 ], [ -111.270106709494002, 32.444052805777602 ], [ -111.270107809932, 32.444198833082901 ], [ -111.270119744531002, 32.445856731768799 ], [ -111.270120863535993, 32.446008961924697 ], [ -111.270132779524999, 32.447660379390001 ], [ -111.270133923263003, 32.447819094741 ], [ -111.270144821613002, 32.449326383317199 ], [ -111.270145821452999, 32.449464304328004 ], [ -111.270146978447997, 32.449629222533702 ], [ -111.270033110062002, 32.453166828444203 ], [ -111.269428153174005, 32.453193849734497 ], [ -111.268926616851004, 32.453205281625003 ], [ -111.268886728455001, 32.4532101570178 ], [ -111.268846178130005, 32.4532139106811 ], [ -111.268805951076999, 32.453216532392197 ], [ -111.268765392142996, 32.453217746601098 ], [ -111.268725162878994, 32.4532178324529 ], [ -111.268684591932001, 32.453216792282298 ], [ -111.268169256822006, 32.453200203918797 ], [ -111.268129010319996, 32.453196622529397 ], [ -111.268089099668003, 32.453192199643198 ], [ -111.268049185899002, 32.453186363140702 ], [ -111.268009262416001, 32.453179399907697 ], [ -111.267611229843993, 32.453229507135603 ], [ -111.267572301957998, 32.453220287269097 ], [ -111.267533702937996, 32.453209658494103 ], [ -111.267495765324995, 32.453198178512402 ], [ -111.267458150192994, 32.453185288734403 ], [ -111.267341398070002, 32.453194205944797 ], [ -111.267122133179996, 32.453122028620101 ], [ -111.267150336255995, 32.453076090054402 ], [ -111.267122698627006, 32.453062333729598 ], [ -111.267095393193003, 32.453048295235 ], [ -111.267068085887004, 32.4530339797899 ], [ -111.267041441882, 32.453019093699098 ], [ -111.267014796229006, 32.453003645590002 ], [ -111.266988482765996, 32.452987913507599 ], [ -111.266962832393006, 32.452971899456898 ], [ -111.266937186516003, 32.452955603030198 ], [ -111.266912197576005, 32.4529387422875 ], [ -111.266887208862997, 32.452921594667501 ], [ -111.266756101387998, 32.452769232293299 ], [ -111.266320558017, 32.452297100675601 ], [ -111.266403342976005, 32.452413483048304 ], [ -111.266380016735994, 32.452394641249398 ], [ -111.266357016089003, 32.452375804170103 ], [ -111.266334352111997, 32.452356397141401 ], [ -111.266312015856997, 32.452336994828201 ], [ -111.266290346111006, 32.452317027281097 ], [ -111.266269004289995, 32.452296772164999 ], [ -111.266247997030007, 32.452275953419502 ], [ -111.265924454363997, 32.451750698980597 ], [ -111.265777035830993, 32.451699141404802 ] ] ], [ [ [ -111.244363919144007, 32.435301341182097 ], [ -111.244278373276998, 32.435290349733698 ], [ -111.244306893578994, 32.435295873107997 ], [ -111.244363919144007, 32.435301341182097 ] ] ], [ [ [ -111.176570333309002, 32.409961680356801 ], [ -111.176804053184995, 32.408487498607997 ], [ -111.176798401526, 32.408487225075 ], [ -111.174867061778997, 32.408546300507702 ], [ -111.173192486353997, 32.408716073750803 ], [ -111.171130155281006, 32.4091006021021 ], [ -111.170096381676998, 32.409673444987902 ], [ -111.169125208384003, 32.409964560335702 ], [ -111.176570333309002, 32.409961680356801 ] ] ], [ [ [ -111.269354244531996, 32.427388596978098 ], [ -111.263892946205999, 32.4273979103966 ], [ -111.264044610797001, 32.434933163525699 ], [ -111.269347314965003, 32.434996177320201 ], [ -111.269354423839999, 32.427448923809798 ], [ -111.269354244531996, 32.427388596978098 ] ] ], [ [ [ -111.192973901938998, 32.414873679652501 ], [ -111.192921085793003, 32.414884752857098 ], [ -111.192836377407005, 32.414904055273198 ], [ -111.192805486392999, 32.414911996092798 ], [ -111.192774930050007, 32.414920781679299 ], [ -111.192744708378001, 32.414930412032902 ], [ -111.192714819855993, 32.414941173128398 ], [ -111.192672976189002, 32.414957869502302 ], [ -111.192569384772995, 32.415003131148701 ], [ -111.192466786384003, 32.415049803913 ], [ -111.192365193781995, 32.4150978886804 ], [ -111.192260612905997, 32.415149636021901 ], [ -111.192237708625001, 32.415161513997802 ], [ -111.192215136742007, 32.415173668413303 ], [ -111.192192560140995, 32.415186108803901 ], [ -111.192170321256995, 32.415198826528403 ], [ -111.192148415386995, 32.415212111174803 ], [ -111.192126842391005, 32.415225395309697 ], [ -111.192105602390996, 32.4152392382477 ], [ -111.192084695869994, 32.415253366645899 ], [ -111.192063783560997, 32.415267777412801 ], [ -111.192043210039003, 32.4152824691215 ], [ -111.192023301804994, 32.415297441274397 ], [ -111.192003393096996, 32.415312694886303 ], [ -111.191983818457004, 32.415328511811097 ], [ -111.191964575629996, 32.415344329129397 ], [ -111.191945665207001, 32.415360426497799 ], [ -111.191927093573995, 32.4153768057108 ], [ -111.191908849626998, 32.415393747345 ], [ -111.191890938555005, 32.415410689371598 ], [ -111.191873691705993, 32.415427910943599 ], [ -111.191849484743997, 32.415452474639302 ], [ -111.191822624729994, 32.4154812724097 ], [ -111.191796428930004, 32.4155103506247 ], [ -111.191770904315007, 32.415539987127097 ], [ -111.191746039671997, 32.415569909494103 ], [ -111.191721512740997, 32.415600111901597 ], [ -111.191697650625997, 32.415630878020004 ], [ -111.191674448471005, 32.4156619236891 ], [ -111.191651916916001, 32.415693250697501 ], [ -111.191630050642999, 32.415724859053498 ], [ -111.191608849182998, 32.415757029317597 ], [ -111.191588312410005, 32.415789198567303 ], [ -111.191568440449998, 32.415821929725801 ], [ -111.191549233179998, 32.415854660772602 ], [ -111.191530691788003, 32.4158879537272 ], [ -111.191513146915995, 32.415921250577 ], [ -111.191493968179003, 32.415967509762098 ], [ -111.191685901992003, 32.416046436695602 ], [ -111.191876513289998, 32.416128465032699 ], [ -111.192107053821999, 32.416232422285802 ], [ -111.192212182413002, 32.416281878560397 ], [ -111.192315985300993, 32.416333030950902 ], [ -111.192419128243003, 32.416385871227199 ], [ -111.192550891414001, 32.416456431329102 ], [ -111.192671675750006, 32.416523909298 ], [ -111.192790809591003, 32.416593356296502 ], [ -111.193003126481003, 32.416723274819802 ], [ -111.193027083879997, 32.416737335548397 ], [ -111.193051708447001, 32.416750549061803 ], [ -111.193076988940007, 32.416762630307097 ], [ -111.193103269961995, 32.416773587777001 ], [ -111.193127553715996, 32.416782571758098 ], [ -111.193160145153001, 32.416793232670102 ], [ -111.193192741315997, 32.4168036121049 ], [ -111.193225662800998, 32.416813432620302 ], [ -111.193258583681995, 32.416822966253903 ], [ -111.193292172794003, 32.416831653567598 ], [ -111.193325423109002, 32.416840059930799 ], [ -111.193359010430996, 32.4168479019432 ], [ -111.193392924728002, 32.416855461983303 ], [ -111.193451110945006, 32.416866929723199 ], [ -111.193621346458997, 32.4168993700968 ], [ -111.193790919161998, 32.416934633992 ], [ -111.193959837416003, 32.416972147650299 ], [ -111.194184291667, 32.417026494764798 ], [ -111.194592979183994, 32.417131864255801 ], [ -111.194999689585998, 32.417241743368898 ], [ -111.195154988753004, 32.4172835119479 ], [ -111.195432985248004, 32.4173515844452 ], [ -111.195486849955998, 32.417363620867903 ], [ -111.195540718184006, 32.417374817388698 ], [ -111.195594911704006, 32.417385444143903 ], [ -111.195649439947999, 32.417394943608699 ], [ -111.195703966381004, 32.417403598668699 ], [ -111.195761144686998, 32.417411967221703 ], [ -111.195962616886007, 32.417441257111399 ], [ -111.196163097706005, 32.417473365541298 ], [ -111.196393508065, 32.417513884378202 ], [ -111.196524509200003, 32.417539333705498 ], [ -111.196654854225002, 32.4175667559537 ], [ -111.196784865865993, 32.4175958745722 ], [ -111.196953462710994, 32.417637051825601 ], [ -111.197022963059993, 32.417654984662697 ], [ -111.197091802857997, 32.417674332115801 ], [ -111.197160311624003, 32.417694520824703 ], [ -111.197228491055, 32.417715841269498 ], [ -111.197354213319002, 32.417757930372701 ], [ -111.197384149024998, 32.417769158172597 ], [ -111.197413091274001, 32.4177818011432 ], [ -111.197441372946003, 32.417795853350697 ], [ -111.197468992355994, 32.417811029728597 ], [ -111.197495285871, 32.4178273394363 ], [ -111.197520917142995, 32.417844781434503 ], [ -111.197545216120005, 32.417863348654997 ], [ -111.197568195575002, 32.417883044686903 ], [ -111.197590174579005, 32.417903873541199 ], [ -111.197617825399007, 32.417933432328098 ], [ -111.197638481420995, 32.417956236183898 ], [ -111.197659798188994, 32.417978188301198 ], [ -111.197681784848001, 32.417999580951701 ], [ -111.197704760452993, 32.418020408221999 ], [ -111.197728731823005, 32.418040384128901 ], [ -111.197753370331995, 32.418059513698203 ], [ -111.197779004180006, 32.4180780832883 ], [ -111.197805296197998, 32.418096083504601 ], [ -111.197832254738998, 32.418112955019502 ], [ -111.197859876780001, 32.4181292625642 ], [ -111.197887828199995, 32.418144442838297 ], [ -111.197931084898002, 32.418165802038601 ], [ -111.197956364586005, 32.418177037015099 ], [ -111.197982314151005, 32.418187708011402 ], [ -111.198008593710995, 32.418197536806296 ], [ -111.198035196869995, 32.418206516192697 ], [ -111.198062469285006, 32.418214648333503 ], [ -111.198089739861004, 32.418221936087399 ], [ -111.198117341035996, 32.4182286594909 ], [ -111.198145271569004, 32.418234250210503 ], [ -111.198173533776995, 32.418239281990303 ], [ -111.198201793514002, 32.418243182509897 ], [ -111.198230383858004, 32.418246523188998 ], [ -111.198276251587004, 32.418249832165003 ], [ -111.198303842914001, 32.418252043141599 ], [ -111.198330774292998, 32.418255949331297 ], [ -111.198357708301998, 32.418261542474298 ], [ -111.198383976431003, 32.4182685493791 ], [ -111.198409588245994, 32.418276966422397 ], [ -111.198434539057004, 32.418287079583799 ], [ -111.198458492143999, 32.418298598009599 ], [ -111.198481788929001, 32.418311531085699 ], [ -111.198507413966993, 32.4183284054578 ], [ -111.198548363431996, 32.418358225449403 ], [ -111.198588312279995, 32.418388605416403 ], [ -111.198627930572002, 32.418419554226801 ], [ -111.198697518353001, 32.418476953722099 ], [ -111.198940936477996, 32.418686600169202 ], [ -111.199180373117997, 32.418899346699597 ], [ -111.199349556364993, 32.419054693827697 ], [ -111.199515086508995, 32.419212305414703 ], [ -111.199712943652003, 32.419408206514902 ], [ -111.199773898241006, 32.4194687187683 ], [ -111.199836183708001, 32.419528389007702 ], [ -111.199899459066003, 32.419586924583299 ], [ -111.199964066356998, 32.419644613629103 ], [ -111.200046319297996, 32.419715244394801 ], [ -111.200089270766, 32.419750977697497 ], [ -111.200133222914999, 32.419786150082103 ], [ -111.200177836888997, 32.419820471603302 ], [ -111.200223110129002, 32.419854228236403 ], [ -111.200269050521001, 32.419887138506901 ], [ -111.200315653369998, 32.419919484784899 ], [ -111.200362919737998, 32.419951266165803 ], [ -111.200410849003006, 32.419982201188702 ], [ -111.200497049586005, 32.420035065356302 ], [ -111.200547299537007, 32.420064020090898 ], [ -111.200597880741, 32.420092696425201 ], [ -111.200649129523995, 32.420120240418498 ], [ -111.200701036515994, 32.420147224930602 ], [ -111.200753278809003, 32.420173358188599 ], [ -111.200806178676999, 32.420198645993203 ], [ -111.200859413852996, 32.420223087053301 ], [ -111.200913307226003, 32.420246964118803 ], [ -111.201007454533993, 32.420286001112302 ], [ -111.201333463241994, 32.420416006414001 ], [ -111.201659471626996, 32.420545447043303 ], [ -111.202054000933003, 32.420700994344401 ], [ -111.202448868122005, 32.420856262007298 ], [ -111.203031027071006, 32.4210842388609 ], [ -111.203613515455004, 32.421312211574801 ], [ -111.203655765958004, 32.421328494195301 ], [ -111.203698011157996, 32.421344776810002 ], [ -111.203831737157003, 32.421394740908902 ], [ -111.203966124874, 32.421443294684202 ], [ -111.204408190047005, 32.421598479759098 ], [ -111.204850922323999, 32.4217516865506 ], [ -111.204908468542996, 32.421771606481698 ], [ -111.204966012450001, 32.421790963467998 ], [ -111.205148625513999, 32.421852970199602 ], [ -111.205331570031007, 32.421914695566102 ], [ -111.205414726336997, 32.421941904143601 ], [ -111.205498872045993, 32.4219682657669 ], [ -111.205583020348996, 32.421992935856899 ], [ -111.205668162305997, 32.422016759885402 ], [ -111.205791213880005, 32.422048416384598 ], [ -111.205983763378995, 32.422097435910104 ], [ -111.206174997035006, 32.422149562386302 ], [ -111.206484309459995, 32.422239831552503 ], [ -111.206519568526005, 32.422251329904597 ], [ -111.206554493019993, 32.422263960954197 ], [ -111.206588761072993, 32.422277433844997 ], [ -111.206622366323998, 32.422291757609202 ], [ -111.206655635930005, 32.422307208661103 ], [ -111.206688244431007, 32.4223237875348 ], [ -111.206719863597996, 32.422341213308499 ], [ -111.206750815714003, 32.422359490866597 ], [ -111.206781104588003, 32.4223788908389 ], [ -111.206810731074, 32.4223988557154 ], [ -111.206839363564001, 32.4224199543754 ], [ -111.206877657346993, 32.422450620372203 ], [ -111.206895972614006, 32.422465532991303 ], [ -111.206915613739, 32.422479311271402 ], [ -111.206935584793996, 32.422492248231997 ], [ -111.206956551581996, 32.422504338268702 ], [ -111.206978184796995, 32.422515295950298 ], [ -111.207000476163003, 32.4225256887227 ], [ -111.207023428002998, 32.422534671296603 ], [ -111.207047047985995, 32.422542808385401 ], [ -111.207070660080007, 32.422549817834302 ], [ -111.207095272580005, 32.422555698888303 ], [ -111.207119876768999, 32.422560734666099 ], [ -111.207157114408005, 32.422565745157499 ], [ -111.207193019759998, 32.422569071769203 ], [ -111.207229250116001, 32.422571266579297 ], [ -111.207265482796004, 32.422572616090001 ], [ -111.207301713318003, 32.422572556484504 ], [ -111.207337940841995, 32.422571651588498 ], [ -111.207374160876995, 32.422569333074499 ], [ -111.207410383243001, 32.422566174673797 ], [ -111.207446271170994, 32.422561884654499 ], [ -111.207481820012006, 32.4225567553109 ], [ -111.207517370928002, 32.422550211431997 ], [ -111.207552586999, 32.422542823711503 ], [ -111.207592449027004, 32.422533173932202 ], [ -111.207654897292002, 32.422517283949801 ], [ -111.207717351726998, 32.422502239211603 ], [ -111.207780135248996, 32.422488320645797 ], [ -111.207843253598, 32.4224752476837 ], [ -111.207906379194995, 32.422463023571702 ], [ -111.207969833874003, 32.422451921120398 ], [ -111.208033628715, 32.422441668773303 ], [ -111.208097750940993, 32.422432260236299 ], [ -111.208161882124998, 32.422423979300099 ], [ -111.208226347082004, 32.422416543064898 ], [ -111.208290808653004, 32.422409952087399 ], [ -111.208405125509998, 32.4224010242283 ], [ -111.209036207333, 32.422360508400097 ], [ -111.209667296164994, 32.422322811227197 ], [ -111.209714149906006, 32.422320479757701 ], [ -111.209760679476005, 32.422318707221798 ], [ -111.209845432893999, 32.422317439347502 ], [ -111.210805653280005, 32.422316117001898 ], [ -111.210901709621993, 32.422316238614698 ], [ -111.211765868946998, 32.422315074219902 ], [ -111.212822145930005, 32.422313575023097 ], [ -111.212848072197005, 32.4223135312278 ], [ -111.212874324729995, 32.422312923953903 ], [ -111.212900248338997, 32.422311748895702 ], [ -111.212926504863006, 32.422310576877997 ], [ -111.212952421178002, 32.422308561046897 ], [ -111.212978343873004, 32.422306545199802 ], [ -111.213004264168006, 32.422303961016603 ], [ -111.213030178493, 32.422301099887903 ], [ -111.213056097871998, 32.422297674921197 ], [ -111.213081683671007, 32.422293964541801 ], [ -111.213107263498003, 32.422289977216799 ], [ -111.213132847305005, 32.422285421545297 ], [ -111.213158425127006, 32.4222805835157 ], [ -111.213183675771006, 32.422275469084099 ], [ -111.213208925076998, 32.422269787217097 ], [ -111.213234167333994, 32.422263822993898 ], [ -111.213259083463996, 32.422257577856698 ], [ -111.213283991896006, 32.422250774316197 ], [ -111.213308906029994, 32.422243683887501 ], [ -111.213333481272002, 32.422236311664498 ], [ -111.213380973735994, 32.422220725629302 ], [ -111.213419168073003, 32.422208255005401 ], [ -111.213458028085, 32.4221966330378 ], [ -111.213496892058998, 32.422186697111101 ], [ -111.213536421710003, 32.4221776098398 ], [ -111.213576286914005, 32.422169648733401 ], [ -111.213616488335006, 32.4221630952513 ], [ -111.213656691354998, 32.422157673912402 ], [ -111.213697235241995, 32.422153375120097 ], [ -111.213738108314004, 32.422150206110899 ], [ -111.213778652854003, 32.4221484422443 ], [ -111.213819531905003, 32.422147809955703 ], [ -111.213878031283997, 32.4221488374126 ], [ -111.213921580904994, 32.422151304747402 ], [ -111.213965127459005, 32.422155174866703 ], [ -111.214008683070006, 32.422160177114201 ], [ -111.214051903780003, 32.422166584514002 ], [ -111.214094463482994, 32.422174124278897 ], [ -111.214126722393004, 32.422180836250703 ], [ -111.214163967982003, 32.422188666484097 ], [ -111.214201211184005, 32.422195933788601 ], [ -111.214238780646994, 32.422202636703197 ], [ -111.214276685943005, 32.422208775211303 ], [ -111.21431425806, 32.422214346842303 ], [ -111.214352160700997, 32.422219358586297 ], [ -111.214390394907994, 32.422223801420003 ], [ -111.214454226463005, 32.422229895756701 ], [ -111.214486802994003, 32.422232376159897 ], [ -111.214519045299994, 32.422234298712297 ], [ -111.214551293309, 32.422235934372999 ], [ -111.214583866509997, 32.422237005647602 ], [ -111.214616438378002, 32.422237513994098 ], [ -111.214648681322998, 32.422237459068498 ], [ -111.214681251189006, 32.422237122116698 ], [ -111.214713819720004, 32.4222362213346 ], [ -111.214746060390993, 32.422234758181098 ], [ -111.214778626907005, 32.422233007590201 ], [ -111.214810859189001, 32.422230698247198 ], [ -111.214843096517995, 32.4222278259654 ], [ -111.214875326115006, 32.422224385353999 ], [ -111.214908884549004, 32.422220665517301 ], [ -111.214939453868993, 32.422217228623502 ], [ -111.214970362358997, 32.422214640037097 ], [ -111.215001269265997, 32.422213178191697 ], [ -111.215032177116001, 32.422212562524301 ], [ -111.215063086968996, 32.422212791228802 ], [ -111.21509399883, 32.422213866109402 ], [ -111.215124919746003, 32.422216066810698 ], [ -111.215155504446997, 32.4222191142658 ], [ -111.215186423011005, 32.422223010938801 ], [ -111.215222667434006, 32.422228870537801 ], [ -111.215254588603997, 32.422235295923699 ], [ -111.215286511797999, 32.422242571995803 ], [ -111.215318105159994, 32.422250693006298 ], [ -111.215349041108993, 32.4222596613196 ], [ -111.215379974433006, 32.422269760886302 ], [ -111.215410246077994, 32.422280702351003 ], [ -111.215439854988006, 32.422292489324498 ], [ -111.215469466599998, 32.422305409347203 ], [ -111.215498082964999, 32.4223188930848 ], [ -111.215537350337996, 32.422339121777902 ], [ -111.215574291766004, 32.422358513664001 ], [ -111.215611893808997, 32.422377053710903 ], [ -111.215650490171996, 32.422394183837703 ], [ -111.215689749288003, 32.422410467533197 ], [ -111.215729335846007, 32.422425342448797 ], [ -111.215769917388002, 32.422439088 ], [ -111.21581082742, 32.422451419355802 ], [ -111.215852405519996, 32.422462905170903 ], [ -111.215895303403002, 32.422472984112403 ], [ -111.216120102616003, 32.422521651401901 ], [ -111.216345896573003, 32.422567213294002 ], [ -111.216467600908999, 32.422591812512302 ], [ -111.216663804302996, 32.422635457148203 ], [ -111.216730649658999, 32.422651407105398 ], [ -111.216797496110999, 32.422667360633604 ], [ -111.217066875534996, 32.422732582771403 ], [ -111.217336257083005, 32.422798086690896 ], [ -111.217415408479994, 32.422817968138098 ], [ -111.217525162201994, 32.4228476631733 ], [ -111.217719401878, 32.422903142636898 ], [ -111.217912649946996, 32.422960600958298 ], [ -111.217936300836996, 32.422981141879497 ], [ -111.217960611170994, 32.423001680753302 ], [ -111.217985256638002, 32.4230213701492 ], [ -111.218010228642001, 32.423041058975201 ], [ -111.218035537538995, 32.423060187899701 ], [ -111.218061510512996, 32.4230790296983 ], [ -111.218087481756996, 32.4230975900335 ], [ -111.218114111101002, 32.4231155899108 ], [ -111.218141076932, 32.423133303228198 ], [ -111.218168374323, 32.4231504512397 ], [ -111.218196002894999, 32.423167318112803 ], [ -111.218238604809997, 32.423192052579402 ], [ -111.218262569350003, 32.423204980821303 ], [ -111.218286860118994, 32.4232173401588 ], [ -111.218311817881002, 32.423228858463801 ], [ -111.218337101871995, 32.423239807864 ], [ -111.218363053904994, 32.423249909914396 ], [ -111.218389002855005, 32.423259172092699 ], [ -111.218415614519003, 32.423267583321397 ], [ -111.218442550678006, 32.423275148697101 ], [ -111.218489444339994, 32.423286624422602 ], [ -111.218515384856005, 32.423291937115799 ], [ -111.218540986457, 32.423296964419997 ], [ -111.218567255723002, 32.423301431247403 ], [ -111.218593193519993, 32.423305612672998 ], [ -111.218619461817994, 32.423309235108597 ], [ -111.218645723723, 32.423312852137101 ], [ -111.218671989973004, 32.423315623867701 ], [ -111.218698256237005, 32.423318401005602 ], [ -111.218724514746995, 32.423320608914899 ], [ -111.218751110810004, 32.423322535673798 ], [ -111.218777373663997, 32.423323898279797 ], [ -111.218803967699003, 32.423324984256901 ], [ -111.218830555043994, 32.423325501905602 ], [ -111.218857147026, 32.423325737177599 ], [ -111.218883738328003, 32.423325690984299 ], [ -111.218909991095998, 32.4233250779412 ], [ -111.218937908803994, 32.423324184147098 ], [ -111.218965494665994, 32.423323290923499 ], [ -111.218992750723004, 32.423323243551899 ], [ -111.219020009502998, 32.423324322915299 ], [ -111.219047601491994, 32.4233259655174 ], [ -111.219074525462005, 32.423328459070298 ], [ -111.219101789014005, 32.423331511340201 ], [ -111.219128722392, 32.423335695434702 ], [ -111.219155658869994, 32.423340720292302 ], [ -111.219182258496005, 32.423346314064403 ], [ -111.219208532576999, 32.423352752780097 ], [ -111.219234477924999, 32.423360038249001 ], [ -111.219257758935001, 32.4233673283493 ], [ -111.219284704981007, 32.423376301733803 ], [ -111.219311650652998, 32.423385557476202 ], [ -111.219338265846005, 32.423395376709898 ], [ -111.219364877092005, 32.423405759768599 ], [ -111.219390829982004, 32.423416149380898 ], [ -111.219416783846995, 32.423427378858001 ], [ -111.219442732399997, 32.423438608339097 ], [ -111.219468356871005, 32.423450406713698 ], [ -111.219493316199006, 32.423462483192097 ], [ -111.219518604501999, 32.423475127426798 ], [ -111.219554215664999, 32.423493669759303 ], [ -111.219576179214997, 32.423505474491201 ], [ -111.219598141394002, 32.423516710887199 ], [ -111.219620773350997, 32.4235273822881 ], [ -111.219643066033996, 32.423538059688902 ], [ -111.219666023848006, 32.423548449052603 ], [ -111.219688984558005, 32.423558275485298 ], [ -111.219711940333994, 32.423567819559402 ], [ -111.219735564442004, 32.423577080100699 ], [ -111.219758850038005, 32.423585783718998 ], [ -111.219782804638001, 32.423594480753302 ], [ -111.219806753620006, 32.423602613968903 ], [ -111.219834363486996, 32.423611586979199 ], [ -111.219863301128001, 32.423620275303499 ], [ -111.219892571000997, 32.423628681580396 ], [ -111.219921839134003, 32.423636806392601 ], [ -111.219951106281997, 32.423644085012903 ], [ -111.219980705284001, 32.423651363949098 ], [ -111.220010634074001, 32.423657791605002 ], [ -111.220040231032996, 32.4236642252461 ], [ -111.220070490702, 32.4236698124379 ], [ -111.220100416768005, 32.423675113331697 ], [ -111.220130675074998, 32.423680136687601 ], [ -111.220160935587003, 32.423684314747703 ], [ -111.220191191835994, 32.423688488297401 ], [ -111.220221777882003, 32.4236918159787 ], [ -111.220252363257003, 32.4236948667034 ], [ -111.220287272210001, 32.423697904448701 ], [ -111.220317856904998, 32.423700673697802 ], [ -111.220348110732999, 32.423704283390201 ], [ -111.220378367693996, 32.4237087437672 ], [ -111.220408627386007, 32.4237143254649 ], [ -111.220438556239003, 32.4237207584316 ], [ -111.220468155302001, 32.423728036350802 ], [ -111.220497424582007, 32.423736161027001 ], [ -111.220526031161995, 32.423745131238803 ], [ -111.220554639805997, 32.423754947627302 ], [ -111.220582917601007, 32.423765608971003 ], [ -111.220602880285, 32.423773754426499 ], [ -111.220655787566997, 32.423796774946702 ], [ -111.220708358717005, 32.423820645828698 ], [ -111.220760267569005, 32.423845080770697 ], [ -111.220811519067993, 32.423870363029899 ], [ -111.220870755831001, 32.423900706586203 ], [ -111.220988897249995, 32.423961676559799 ], [ -111.221108697128003, 32.424020948431298 ], [ -111.221275746971997, 32.424099592290801 ], [ -111.221378562525004, 32.424145928491001 ], [ -111.221482375595997, 32.424190850136497 ], [ -111.221667035118998, 32.424268053407403 ], [ -111.221852355886995, 32.424344123985499 ], [ -111.221872318110002, 32.424351982365799 ], [ -111.221892611496003, 32.424359558698697 ], [ -111.221912909514998, 32.424366853559498 ], [ -111.221933200463994, 32.424373866066503 ], [ -111.221953824704997, 32.424380596522198 ], [ -111.221974446491998, 32.424386758644602 ], [ -111.221995400143996, 32.4243929246894 ], [ -111.222016354171998, 32.424398809269199 ], [ -111.222037305746994, 32.424404125515501 ], [ -111.222058595570005, 32.424409446574899 ], [ -111.222079878694004, 32.424414202916601 ], [ -111.222101161121003, 32.424418674186697 ], [ -111.222122774718997, 32.424422867017 ], [ -111.222144055765995, 32.424426773556398 ], [ -111.222165672613997, 32.424430121089003 ], [ -111.222187615985007, 32.4244334635315 ], [ -111.222209226127006, 32.424436243636301 ], [ -111.222231169192995, 32.424439026758598 ], [ -111.222252783273007, 32.4244412430252 ], [ -111.222274724258, 32.424443176348397 ], [ -111.222296663489004, 32.424444828210099 ], [ -111.222318602415001, 32.4244459216576 ], [ -111.222340545582995, 32.424447009681003 ], [ -111.222362814966004, 32.424447534203203 ], [ -111.222396051358004, 32.4244480384612 ], [ -111.222420981287001, 32.424447431531398 ], [ -111.222446233905998, 32.424445691869003 ], [ -111.222471158299996, 32.424442830546298 ], [ -111.222495747010001, 32.424438842164001 ], [ -111.222520327626, 32.424433723437502 ], [ -111.222544247778004, 32.424427759686097 ], [ -111.222568158778998, 32.424420669200998 ], [ -111.222591403305998, 32.424412452241398 ], [ -111.222613985617997, 32.424403110604402 ], [ -111.222636228677999, 32.424392923376097 ], [ -111.222657472341993, 32.424381606654201 ], [ -111.222678381020003, 32.424369449746798 ], [ -111.222698292055, 32.424356444804197 ], [ -111.222716872174999, 32.424342879289497 ], [ -111.222734123143994, 32.424329038269498 ], [ -111.222750375405994, 32.424314349217703 ], [ -111.222765623653999, 32.4242988166544 ], [ -111.222780211068994, 32.424282722336201 ], [ -111.222793795162005, 32.424266065966698 ], [ -111.222806049392005, 32.4242488436131 ], [ -111.222817305630997, 32.424231063710103 ], [ -111.222827564563005, 32.424213005011303 ], [ -111.222836824799998, 32.424194101891203 ], [ -111.222844756561003, 32.424175196609497 ], [ -111.222851358485997, 32.424155735268499 ], [ -111.222857940850005, 32.4241309153808 ], [ -111.222862210065998, 32.424108353977097 ], [ -111.222863814223999, 32.424085515826697 ], [ -111.222863426223, 32.424062680297901 ], [ -111.222860375617998, 32.4240401318417 ], [ -111.222855005276003, 32.424017591999103 ], [ -111.222847636710995, 32.423995615003797 ], [ -111.222837946224004, 32.423974486497102 ], [ -111.222825931008003, 32.423953930435403 ], [ -111.222811920395998, 32.423934219577497 ], [ -111.222426818776, 32.4234446520802 ], [ -111.22184934133, 32.422710155241496 ], [ -111.221828001245001, 32.422683693994202 ], [ -111.221806000678001, 32.422657234808 ], [ -111.221783669657995, 32.422631339121203 ], [ -111.221760670322993, 32.422605721556998 ], [ -111.221737012271007, 32.422580392021302 ], [ -111.221713016695006, 32.422555344535901 ], [ -111.221688695984994, 32.422530860539602 ], [ -111.221663706973999, 32.422506660077197 ], [ -111.221638059232006, 32.422482742229498 ], [ -111.221612075722007, 32.422459388790898 ], [ -111.221585760007002, 32.422436317391899 ], [ -111.221558780256998, 32.422413534028699 ], [ -111.221531471106999, 32.422391309649903 ], [ -111.221502498190006, 32.422368525268297 ], [ -111.221420585074995, 32.422306364447103 ], [ -111.221337009934004, 32.422245621012898 ], [ -111.221252771143995, 32.422185718560002 ], [ -111.221166881646994, 32.4221275140278 ], [ -111.221079993103999, 32.422070438837203 ], [ -111.220991773671003, 32.422014492665902 ], [ -111.220902566508997, 32.421959956370699 ], [ -111.220791397827995, 32.421894747646597 ], [ -111.220616658975004, 32.421796666896803 ], [ -111.220433951090001, 32.421697754559503 ], [ -111.220228948219003, 32.421591263437797 ], [ -111.220022296002, 32.421487320638001 ], [ -111.219945428483001, 32.421450240654003 ], [ -111.219867565431002, 32.4214140067428 ], [ -111.219789043256, 32.421379188454701 ], [ -111.219709858065997, 32.421345497117201 ], [ -111.219630005987995, 32.421312653079298 ], [ -111.219549498640006, 32.4212815007023 ], [ -111.219464999029, 32.421250072864403 ], [ -111.219372521089994, 32.421215841544601 ], [ -111.219280697477998, 32.421179913937102 ], [ -111.219189541280997, 32.421142861963602 ], [ -111.219099373003004, 32.4211043954883 ], [ -111.219009871072004, 32.421064801043698 ], [ -111.218869117135995, 32.420998796744399 ], [ -111.218849817632005, 32.420989246160303 ], [ -111.218830853545001, 32.4209794135297 ], [ -111.218811884515006, 32.420969294031103 ], [ -111.218793245594995, 32.420958897005903 ], [ -111.218774938897994, 32.420948217038102 ], [ -111.218756632197, 32.420937533459004 ], [ -111.218738657052, 32.420926289988202 ], [ -111.218721013066997, 32.420914763576803 ], [ -111.218703367333006, 32.4209029511944 ], [ -111.218686054518002, 32.420891143644297 ], [ -111.218669078551997, 32.420878766270498 ], [ -111.218652429124006, 32.420866393740297 ], [ -111.218635777944996, 32.4208537343373 ], [ -111.218619464309995, 32.420840792885301 ], [ -111.218603477594002, 32.420827573913598 ], [ -111.218587820964999, 32.420814067493403 ], [ -111.218572501880004, 32.420800279024803 ], [ -111.218557177492997, 32.420786495073997 ], [ -111.218542522476, 32.420772423988701 ], [ -111.218515201258001, 32.420745122746801 ], [ -111.218494207361999, 32.420724018906903 ], [ -111.218473218395005, 32.420703191103101 ], [ -111.218451234621995, 32.420682652796401 ], [ -111.218429250461, 32.420662390534702 ], [ -111.218406931588007, 32.420642697184 ], [ -111.218383952232003, 32.420623000463401 ], [ -111.218360642419, 32.420603872645998 ], [ -111.218336996139001, 32.420585026868203 ], [ -111.218313024698006, 32.420566740962798 ], [ -111.218288383225001, 32.420548460724198 ], [ -111.218263743115997, 32.420530743400398 ], [ -111.218238444958004, 32.420513591035601 ], [ -111.218213141491006, 32.420496438674903 ], [ -111.218187181025996, 32.420479846760202 ], [ -111.218160883040994, 32.420463541396103 ], [ -111.218134586421002, 32.420447798946199 ], [ -111.218099638091005, 32.420427845943003 ], [ -111.218065363896002, 32.420409582333697 ], [ -111.218030088795999, 32.420392165732103 ], [ -111.217994489223003, 32.4203755940649 ], [ -111.217957891165995, 32.420360434126302 ], [ -111.217920963314995, 32.4203461191305 ], [ -111.217883373451002, 32.420332932014801 ], [ -111.217845123326001, 32.420321160551502 ], [ -111.217806542329996, 32.420310229520901 ], [ -111.217767300391003, 32.420300430877603 ], [ -111.217728060781994, 32.4202920413274 ], [ -111.217688160216994, 32.420284780555299 ], [ -111.217648262373004, 32.420278650120402 ], [ -111.217608035395997, 32.420273643379197 ], [ -111.217567805822, 32.420269768788401 ], [ -111.217527252037002, 32.420267297539198 ], [ -111.217486369137006, 32.420265959905997 ], [ -111.217445820774998, 32.420265747526301 ], [ -111.217386664602998, 32.420267540172503 ], [ -111.217354092853995, 32.420269009082098 ], [ -111.217321523711007, 32.420269347624 ], [ -111.217288952928001, 32.420268558511999 ], [ -111.217256373724993, 32.420266918708101 ], [ -111.217223797829007, 32.4202644390176 ], [ -111.217191219235005, 32.4202608325771 ], [ -111.217158965124995, 32.4202563757731 ], [ -111.217127046532994, 32.4202507907343 ], [ -111.217095125930996, 32.420244364916101 ], [ -111.217063866971998, 32.4202370890564 ], [ -111.217032601062002, 32.420228685552502 ], [ -111.217001669899005, 32.420219717640101 ], [ -111.216971401831998, 32.420209618223502 ], [ -111.216941461852997, 32.420198394194799 ], [ -111.216911853434993, 32.420186607568098 ], [ -111.216882907048998, 32.420173687636002 ], [ -111.216854291157006, 32.4201602033041 ], [ -111.216826337312, 32.4201455910801 ], [ -111.216799045805999, 32.420130418396603 ], [ -111.216772417011995, 32.420114395673302 ], [ -111.216754778741006, 32.420102864463601 ], [ -111.216681871692998, 32.420053937156602 ], [ -111.216609626372005, 32.420004163383901 ], [ -111.216538712534998, 32.419952974563003 ], [ -111.216438159841005, 32.419877595784001 ], [ -111.216391876402994, 32.419842437617802 ], [ -111.216344930277003, 32.419808121346797 ], [ -111.216297321876993, 32.419774374529801 ], [ -111.216248717902005, 32.4197414746885 ], [ -111.216177816577996, 32.419695360960198 ], [ -111.215934157088, 32.4195424176662 ], [ -111.215688849559996, 32.419392017082899 ], [ -111.215636592042998, 32.419361095288302 ], [ -111.215584010059004, 32.419331019312303 ], [ -111.215504805427003, 32.419287742136902 ], [ -111.215450560942998, 32.419259358616699 ], [ -111.215395987353006, 32.419232108696903 ], [ -111.215340755726004, 32.419205422799998 ], [ -111.215284856752007, 32.4191798602549 ], [ -111.215228295494995, 32.419154866248803 ], [ -111.215171403384005, 32.419130718969697 ], [ -111.215114181477006, 32.419107417513203 ], [ -111.215019373082995, 32.419071496384497 ], [ -111.214842732926996, 32.419004984960303 ], [ -111.214667748292001, 32.4189359300996 ], [ -111.214493753414004, 32.418864338355299 ], [ -111.214159382766994, 32.418717748950499 ], [ -111.214012651754999, 32.418649213484997 ], [ -111.213867575844006, 32.418578416132199 ], [ -111.213723823224996, 32.418505362872999 ], [ -111.213454271154006, 32.4183609151154 ], [ -111.213399027337999, 32.4183308427287 ], [ -111.213343121229997, 32.418301335263301 ], [ -111.213286890245001, 32.418272959580101 ], [ -111.213229991237, 32.418245425777002 ], [ -111.213172430605994, 32.418218742863502 ], [ -111.213114206613994, 32.418192623967897 ], [ -111.213006079473999, 32.418147416677499 ], [ -111.212952523054994, 32.4181260845792 ], [ -111.212898298200003, 32.418105876725598 ], [ -111.212843749255001, 32.418086236828998 ], [ -111.212788864098997, 32.418067438251498 ], [ -111.212690414601994, 32.4180363153692 ], [ -111.212177233570003, 32.417884946142699 ], [ -111.211661075753995, 32.417740627173799 ], [ -111.211084417915998, 32.417588232442903 ], [ -111.210322223812, 32.417401187766799 ], [ -111.210275003698996, 32.417390273349802 ], [ -111.210227120846, 32.417380206208698 ], [ -111.210179572849995, 32.417370982874402 ], [ -111.210131361454998, 32.417362323550897 ], [ -111.210083150966994, 32.417354510395299 ], [ -111.210034942855003, 32.417347260139699 ], [ -111.209986404885996, 32.417340856603197 ], [ -111.209931880667995, 32.417334180658202 ], [ -111.209830491605004, 32.417323919233198 ], [ -111.209728767618998, 32.417315067394398 ], [ -111.209626722121001, 32.417307907481998 ], [ -111.209508389830006, 32.417301336588103 ], [ -111.209206907536, 32.417284922760899 ], [ -111.208779429204995, 32.417254060305197 ], [ -111.208275476040001, 32.417208375611203 ], [ -111.207502557872999, 32.417123667994602 ], [ -111.207113603799996, 32.417079484303002 ], [ -111.206378616462004, 32.4170119036337 ], [ -111.206320445222005, 32.417007767955397 ], [ -111.206262276561006, 32.417004763503698 ], [ -111.206203776300001, 32.417002323392502 ], [ -111.206145279026998, 32.417000728535101 ], [ -111.206087116139997, 32.417000259850802 ], [ -111.206028622711997, 32.417000355504797 ], [ -111.205970131843998, 32.417001577874601 ], [ -111.205911974076997, 32.417003363497699 ], [ -111.205853485980001, 32.417006276380697 ], [ -111.205795333758999, 32.417010038484499 ], [ -111.205696312610996, 32.4170183751745 ], [ -111.205656438725995, 32.417021820500899 ], [ -111.205616226006995, 32.417024990319 ], [ -111.205576349560005, 32.417027308877103 ], [ -111.205536140012001, 32.417029065043401 ], [ -111.205495928131, 32.417030261886502 ], [ -111.205455716025995, 32.417030891284099 ], [ -111.205415833827004, 32.417030673943003 ], [ -111.205375619169004, 32.417030176571998 ], [ -111.205335396850998, 32.417029114473799 ], [ -111.205295178992998, 32.417027203461203 ], [ -111.205255291694002, 32.417024732583101 ], [ -111.205215070232995, 32.417021698412 ], [ -111.205175180376003, 32.417018095352901 ], [ -111.205130299998999, 32.417013379070902 ], [ -111.205037552191001, 32.417002249922298 ], [ -111.204944794214995, 32.416989435562598 ], [ -111.204852370848002, 32.416975488430701 ], [ -111.204760271260994, 32.416959851035003 ], [ -111.204668506301005, 32.416943085378897 ], [ -111.204549798881999, 32.416919315135601 ], [ -111.204292766143993, 32.416862784925399 ], [ -111.204037048089006, 32.416802871819002 ], [ -111.203593432225006, 32.4166885682207 ], [ -111.203309430428007, 32.416610653329499 ], [ -111.203025758844007, 32.416531327251199 ], [ -111.202877098323, 32.416488716909797 ], [ -111.202728772995002, 32.416444697644401 ], [ -111.202634982193004, 32.416415245450899 ], [ -111.202541521819001, 32.416384665908701 ], [ -111.202449059144001, 32.416352676485303 ], [ -111.202356920954998, 32.416319277361801 ], [ -111.202265782162002, 32.416284748916802 ], [ -111.202175297983004, 32.416248525174503 ], [ -111.202021938951006, 32.416183648926598 ], [ -111.201987677749997, 32.416169048015 ], [ -111.201953078976999, 32.416154725487999 ], [ -111.201918154965995, 32.416140966395197 ], [ -111.201882894017999, 32.416127770755097 ], [ -111.201847302524996, 32.416115143970103 ], [ -111.201811718667997, 32.416103076476901 ], [ -111.201775796191995, 32.416091295487703 ], [ -111.201739544852003, 32.4160803612031 ], [ -111.201702961251002, 32.416069703488397 ], [ -111.201666384240994, 32.416059614087999 ], [ -111.201629471355005, 32.416050089039103 ], [ -111.201575932929998, 32.4160374863825 ], [ -111.201215818386999, 32.415956306443 ], [ -111.200855373104005, 32.415874844537598 ], [ -111.200495254526999, 32.415793663442102 ], [ -111.200135142967994, 32.415712480401503 ], [ -111.198694363252002, 32.4153874578885 ], [ -111.198189286022, 32.415276899221297 ], [ -111.197682226248006, 32.415172541002697 ], [ -111.197459461533001, 32.4151300404802 ], [ -111.197061495941, 32.415062436136601 ], [ -111.197010632792995, 32.415054903580497 ], [ -111.196959432240007, 32.415048222230297 ], [ -111.196908572167004, 32.4150420978374 ], [ -111.196857048176994, 32.415036820649703 ], [ -111.196805853599002, 32.4150323918212 ], [ -111.196754334353997, 32.415028805156702 ], [ -111.196702815278996, 32.415025785904398 ], [ -111.196651299105994, 32.415023611912801 ], [ -111.196599777776001, 32.415022001733199 ], [ -111.196510708803999, 32.415021295379098 ], [ -111.196346196915002, 32.415020987998901 ], [ -111.196182011342003, 32.4150181386239 ], [ -111.196017821981997, 32.415013040958002 ], [ -111.195853626087001, 32.415005401816202 ], [ -111.195689756560995, 32.414995226094398 ], [ -111.195524886144995, 32.414982512244599 ], [ -111.195384278770007, 32.414969764169101 ], [ -111.195243662318006, 32.4149547579444 ], [ -111.195103710008993, 32.414937496136403 ], [ -111.194874319787999, 32.4149051492439 ], [ -111.194715411025001, 32.414881713341401 ], [ -111.194556169585994, 32.414860813611199 ], [ -111.194396273685001, 32.4148421726957 ], [ -111.194180532147996, 32.414820801227499 ], [ -111.194109067455997, 32.414814989816797 ], [ -111.194037605183993, 32.414810305109697 ], [ -111.193965807604002, 32.414806470675302 ], [ -111.193894350177004, 32.414804044788099 ], [ -111.193822561681003, 32.414802464656098 ], [ -111.193750771341996, 32.414802011233903 ], [ -111.193678988125995, 32.414802403046302 ], [ -111.193607534413999, 32.414804202520997 ], [ -111.193535756008004, 32.414806848642499 ], [ -111.193456667446, 32.4148112010297 ], [ -111.193402501053995, 32.414814946783501 ], [ -111.193348673602998, 32.414819541790997 ], [ -111.193294510212993, 32.414824700213799 ], [ -111.193240687406998, 32.414830981230402 ], [ -111.193187191239005, 32.414837830059 ], [ -111.193133372028996, 32.414845806107898 ], [ -111.193080211267002, 32.4148543485584 ], [ -111.193027058669003, 32.414863732652002 ], [ -111.192973901938998, 32.414873679652501 ] ] ], [ [ [ -111.229522753514004, 32.419455362869499 ], [ -111.225923000815001, 32.414570672798902 ], [ -111.225562759870002, 32.402954298740198 ], [ -111.204738807159998, 32.402915148291697 ], [ -111.204831242105996, 32.404857144478399 ], [ -111.228027702806997, 32.420279752133503 ], [ -111.229522753514004, 32.419455362869499 ] ] ], [ [ [ -111.265777035830993, 32.451699141404802 ], [ -111.265865907899993, 32.4519189376282 ], [ -111.265846893241999, 32.4518972738381 ], [ -111.265827870541003, 32.451875041731 ], [ -111.265809519198996, 32.451852809106001 ], [ -111.265791829871006, 32.451830292719698 ], [ -111.265774478294006, 32.4518072117976 ], [ -111.265757452291993, 32.4517841301858 ], [ -111.265730071939998, 32.451744725038502 ], [ -111.265689657647002, 32.451683352069203 ], [ -111.265649137479997, 32.451654410265597 ], [ -111.265777035830993, 32.451699141404802 ] ] ], [ [ [ -111.259682563083004, 32.443651057961702 ], [ -111.259682415981999, 32.443652441205998 ], [ -111.259682479708999, 32.443644984198997 ], [ -111.259682563083004, 32.443651057961702 ] ] ], [ [ [ -111.259682496647002, 32.443643842087504 ], [ -111.259682479708999, 32.443644984198997 ], [ -111.259682447575003, 32.4436426820699 ], [ -111.259682496647002, 32.443643842087504 ] ] ] ] } },
{ "type": "Feature", "properties": { "OBJECTID": 88, "PROGRAM": "72", "CERTIFICATE": "538133", "CONVEYANCE": "0006", "NAME": "BKW Farms (Expansion)", "EXIST_OR_P": "E", "GSF_OR_USF": "GSF", "AMA": "Tucson", "CRSPNDG_CE": "58.107019.0002", "STATUS": "Active", "LABEL": "BKW Farms", "MAXSAVINGS": "14324", "Shape__Area": 605300.37744140602, "Shape__Length": 3929.3431301836399 }, "geometry": { "type": "Polygon", "coordinates": [ [ [ -111.165587604440006, 32.380956417264301 ], [ -111.165577933150999, 32.374086116356402 ], [ -111.165668020357003, 32.372556500150097 ], [ -111.165584817221003, 32.369709787440499 ], [ -111.173216720583994, 32.369716017105297 ], [ -111.173223413174, 32.374228092540797 ], [ -111.169107480090005, 32.3742319791181 ], [ -111.169117130100005, 32.380953150546297 ], [ -111.165587604440006, 32.380956417264301 ] ] ] } },
{ "type": "Feature", "properties": { "OBJECTID": 89, "PROGRAM": "72", "CERTIFICATE": "531382", "CONVEYANCE": "0006", "NAME": "Central Arizona Irrigation and Drainage District", "EXIST_OR_P": "E", "GSF_OR_USF": "GSF", "AMA": "Pinal", "CRSPNDG_CE": "57.001101.0000", "STATUS": "Active", "LABEL": "Central Arizona IDD", "MAXSAVINGS": "110000", "Shape__Area": 957572.51220703102, "Shape__Length": 5576.5233834296696 }, "geometry": { "type": "Polygon", "coordinates": [ [ [ -111.668898328222994, 32.822756736583401 ], [ -111.671041309374999, 32.8243954374285 ], [ -111.670894632173997, 32.828593060553999 ], [ -111.677642428075004, 32.828706010950597 ], [ -111.683885489084005, 32.832569981130803 ], [ -111.683893115770005, 32.833563332996803 ], [ -111.682649749825003, 32.833831734326701 ], [ -111.681572451715994, 32.834072724547298 ], [ -111.679591162196004, 32.834515951017003 ], [ -111.675321910435002, 32.834245390507299 ], [ -111.672554771478005, 32.833385901534903 ], [ -111.672149065395004, 32.833426422857798 ], [ -111.671384028321, 32.833547808958201 ], [ -111.670946618404002, 32.833546778171403 ], [ -111.670705701049002, 32.833566676601997 ], [ -111.670311839595001, 32.833673093525299 ], [ -111.668725521403005, 32.834430879937898 ], [ -111.667703087896001, 32.834871032583003 ], [ -111.666995551262005, 32.835449876786903 ], [ -111.666847251088001, 32.835622061139397 ], [ -111.666688398804993, 32.835811214705799 ], [ -111.666662888852002, 32.832402133128099 ], [ -111.666784797637007, 32.828615087509199 ], [ -111.668942209061996, 32.828603541393498 ], [ -111.668898328222994, 32.822756736583401 ] ] ] } },
{ "type": "Feature", "properties": { "OBJECTID": 90, "PROGRAM": "72", "CERTIFICATE": "534489", "CONVEYANCE": "0005", "NAME": "Hohokam Irrigation District", "EXIST_OR_P": "E", "GSF_OR_USF": "GSF", "AMA": "Pinal", "CRSPNDG_CE": "57.001102.0000", "STATUS": "Active", "LABEL": "Hohokam ID", "MAXSAVINGS": "82000", "Shape__Area": 680967.28601074195, "Shape__Length": 3298.0474598111 }, "geometry": { "type": "Polygon", "coordinates": [ [ [ -111.679569328412995, 32.865171885558397 ], [ -111.673219567635002, 32.865145980595003 ], [ -111.670899450095007, 32.865135928048502 ], [ -111.670994265934993, 32.857776341962797 ], [ -111.679717675270993, 32.857743221305 ], [ -111.679839481222004, 32.857774130634603 ], [ -111.679809156247998, 32.865173400488899 ], [ -111.679569328412995, 32.865171885558397 ] ] ] } },
{ "type": "Feature", "properties": { "OBJECTID": 91, "PROGRAM": "72", "CERTIFICATE": "531382", "CONVEYANCE": "0006", "NAME": "Central Arizona Irrigation and Drainage District", "EXIST_OR_P": "E", "GSF_OR_USF": "GSF", "AMA": "Pinal", "CRSPNDG_CE": "57.001101.0000", "STATUS": "Active", "LABEL": "Central Arizona IDD", "MAXSAVINGS": "110000", "Shape__Area": 17479257.522216801, "Shape__Length": 20954.681453876299 }, "geometry": { "type": "Polygon", "coordinates": [ [ [ -111.706022022471998, 32.733777669270502 ], [ -111.705965259042998, 32.726659707013901 ], [ -111.693513565876998, 32.7264379319463 ], [ -111.688795467879999, 32.726457816663398 ], [ -111.688870525393, 32.719217878466203 ], [ -111.688865267181995, 32.715496942425702 ], [ -111.689051326012006, 32.704477902089998 ], [ -111.689030288045004, 32.690023718039797 ], [ -111.689056685105001, 32.682782879174297 ], [ -111.689072258001005, 32.678473213512298 ], [ -111.689083273929, 32.675392625076498 ], [ -111.706350514270994, 32.675490349305598 ], [ -111.706910420409002, 32.675484932861998 ], [ -111.714815220177996, 32.675422015278997 ], [ -111.714761853065994, 32.682868207736099 ], [ -111.714751520391999, 32.684249535212302 ], [ -111.714707818061001, 32.690062944394597 ], [ -111.714682042739, 32.693607030086 ], [ -111.714653622079993, 32.6973208220478 ], [ -111.723175389069993, 32.697378980639897 ], [ -111.722945350860996, 32.704741593929597 ], [ -111.723156707033993, 32.704738117588299 ], [ -111.731685992162994, 32.704650752280003 ], [ -111.731625756414005, 32.719171224109303 ], [ -111.722840127547997, 32.7192335905265 ], [ -111.718629753911003, 32.7192285430135 ], [ -111.714520094722005, 32.719224465241702 ], [ -111.714493401330998, 32.733776319868902 ], [ -111.706022022471998, 32.733777669270502 ] ] ] } },
{ "type": "Feature", "properties": { "OBJECTID": 92, "PROGRAM": "72", "CERTIFICATE": "531382", "CONVEYANCE": "0006", "NAME": "Central Arizona Irrigation and Drainage District", "EXIST_OR_P": "E", "GSF_OR_USF": "GSF", "AMA": "Pinal", "CRSPNDG_CE": "57.001101.0000", "STATUS": "Active", "LABEL": "Central Arizona IDD", "MAXSAVINGS": "110000", "Shape__Area": 16243282.1164551, "Shape__Length": 23925.593990199301 }, "geometry": { "type": "Polygon", "coordinates": [ [ [ -111.366510953255997, 32.559432668133603 ], [ -111.362979005195001, 32.559418693567302 ], [ -111.36284156104, 32.547149120230401 ], [ -111.367382085768, 32.547135909600499 ], [ -111.367550622598003, 32.544886314253098 ], [ -111.362816499836001, 32.544900089242901 ], [ -111.362815393239003, 32.544624942353799 ], [ -111.362784558458003, 32.530390090982401 ], [ -111.375554716679005, 32.530275880862398 ], [ -111.380939186833004, 32.530155356549102 ], [ -111.385008951727002, 32.530292363262603 ], [ -111.385187940115998, 32.530592900020402 ], [ -111.385202706596999, 32.534040087536603 ], [ -111.38944904825, 32.534026993595297 ], [ -111.389464625656004, 32.537624146202504 ], [ -111.398136011722997, 32.5375969590648 ], [ -111.406290950688998, 32.544656974436499 ], [ -111.406443315573, 32.544788415083303 ], [ -111.406830082786001, 32.544792797002302 ], [ -111.406728010772994, 32.544890106814798 ], [ -111.415210547060994, 32.548648970034698 ], [ -111.415211525527994, 32.549438321575202 ], [ -111.415215958554995, 32.552128300414203 ], [ -111.419263406145006, 32.552110896681903 ], [ -111.419278590597997, 32.555367477784401 ], [ -111.423611130783001, 32.5553529307319 ], [ -111.423608137082994, 32.559380873343997 ], [ -111.427856408189996, 32.559386757304502 ], [ -111.427881079193, 32.559534393414403 ], [ -111.427766192533994, 32.566730254477299 ], [ -111.423619363976002, 32.566707113169201 ], [ -111.419507653780997, 32.566647072225599 ], [ -111.419517984359004, 32.568859465917001 ], [ -111.419354886850996, 32.570008511231201 ], [ -111.419333620819998, 32.5740117042496 ], [ -111.415118734006995, 32.574030798421802 ], [ -111.415099372526996, 32.5776212672383 ], [ -111.409359246739996, 32.5776057491817 ], [ -111.397753805473997, 32.577573755327798 ], [ -111.397732869593995, 32.574049374254301 ], [ -111.397732319621994, 32.5739247738844 ], [ -111.397772326360993, 32.570329158267697 ], [ -111.397825456985998, 32.565486887348698 ], [ -111.397893981020005, 32.559310001589303 ], [ -111.397916054448004, 32.556927779781802 ], [ -111.397927510924006, 32.555757245753497 ], [ -111.389353920024007, 32.555710280978502 ], [ -111.389370813493997, 32.550850631811599 ], [ -111.389240673152997, 32.550928842172397 ], [ -111.388682561343998, 32.551331451151803 ], [ -111.388209579271006, 32.551563521009101 ], [ -111.380850077567999, 32.554211236363997 ], [ -111.37645159393, 32.555796450649403 ], [ -111.375735666609998, 32.556053445556898 ], [ -111.366510953255997, 32.559432668133603 ] ] ] } },
{ "type": "Feature", "properties": { "OBJECTID": 93, "PROGRAM": "72", "CERTIFICATE": "534489", "CONVEYANCE": "0005", "NAME": "Hohokam Irrigation District", "EXIST_OR_P": "E", "GSF_OR_USF": "GSF", "AMA": "Pinal", "CRSPNDG_CE": "57.001102.0000", "STATUS": "Active", "LABEL": "Hohokam ID", "MAXSAVINGS": "82000", "Shape__Area": 892089.77026367199, "Shape__Length": 4844.2944076607801 }, "geometry": { "type": "Polygon", "coordinates": [ [ [ -111.627769553500002, 32.857812443978197 ], [ -111.627967289180006, 32.850428107305603 ], [ -111.630255692112001, 32.850445884879797 ], [ -111.636693309110001, 32.850480856043099 ], [ -111.645340156358003, 32.850576249351903 ], [ -111.645289725450994, 32.853109599615998 ], [ -111.644433041070002, 32.8525942203499 ], [ -111.643503804701993, 32.851927544463301 ], [ -111.643013193919003, 32.851693284910603 ], [ -111.642466149943999, 32.851691028152501 ], [ -111.641940558512005, 32.851885421841402 ], [ -111.641435162329998, 32.852194718481698 ], [ -111.640598296891994, 32.8528513192514 ], [ -111.639600416868007, 32.853503667264299 ], [ -111.638731080360998, 32.854013269767101 ], [ -111.637581895276995, 32.854621270456398 ], [ -111.636667133006995, 32.854853148563699 ], [ -111.636667930474005, 32.855338563351097 ], [ -111.636668654938006, 32.855999879943496 ], [ -111.636662146161001, 32.857518189574698 ], [ -111.636660913132999, 32.857719466117302 ], [ -111.627929188726995, 32.857811080037997 ], [ -111.627769553500002, 32.857812443978197 ] ] ] } },
{ "type": "Feature", "properties": { "OBJECTID": 94, "PROGRAM": "72", "CERTIFICATE": "572386", "CONVEYANCE": "0006", "NAME": "Roosevelt Irrigation District", "EXIST_OR_P": "E", "GSF_OR_USF": "GSF", "AMA": "Phoenix", "CRSPNDG_CE": "57.002517.0000", "STATUS": "Active", "LABEL": "Roosevelt ID", "MAXSAVINGS": "133000", "Shape__Area": 84015.605102539106, "Shape__Length": 1601.6052808695599 }, "geometry": { "type": "Polygon", "coordinates": [ [ [ -112.714279991476999, 33.404797461930798 ], [ -112.714273411508998, 33.402991639410502 ], [ -112.715248826771003, 33.4029911231178 ], [ -112.715248356052001, 33.402967174607902 ], [ -112.715259343612004, 33.401184219127899 ], [ -112.715270213695007, 33.399378155687799 ], [ -112.716423307729002, 33.399376299504198 ], [ -112.716430618020993, 33.401182956968903 ], [ -112.716438275678996, 33.402990171876603 ], [ -112.716445930896001, 33.404797104964402 ], [ -112.714279991476999, 33.404797461930798 ] ] ] } },
{ "type": "Feature", "properties": { "OBJECTID": 95, "PROGRAM": "72", "CERTIFICATE": "531381", "CONVEYANCE": "0006", "NAME": "Maricopa Stanfield Irrigation & Drainage District", "EXIST_OR_P": "E", "GSF_OR_USF": "GSF", "AMA": "Pinal", "CRSPNDG_CE": "57.001103.0000", "STATUS": "Active", "LABEL": "Maricopa Stanfield IDD", "MAXSAVINGS": "168114", "Shape__Area": 21860884.423583999, "Shape__Length": 35615.112408925801 }, "geometry": { "type": "Polygon", "coordinates": [ [ [ -112.100512743457003, 33.079989086826998 ], [ -112.100433444122004, 33.072763819953899 ], [ -112.117560866641, 33.072726380704701 ], [ -112.117294121811995, 33.029163175785797 ], [ -112.119333495410004, 33.029182654360298 ], [ -112.121437779741001, 33.029202079010297 ], [ -112.125731918661003, 33.029233285036099 ], [ -112.127895560823006, 33.029289272885798 ], [ -112.130059309608001, 33.029300685123403 ], [ -112.132235721810005, 33.029308560742201 ], [ -112.134067505985996, 33.029317847257097 ], [ -112.134489498041006, 33.029399695532703 ], [ -112.134486332265993, 33.028735078870298 ], [ -112.134483708345002, 33.0281127348563 ], [ -112.134480477918999, 33.0274430424085 ], [ -112.134477681860005, 33.026807736840503 ], [ -112.134474733499999, 33.026160028815397 ], [ -112.134471720299004, 33.025507245072802 ], [ -112.134468476297997, 33.024836431337903 ], [ -112.134464011622001, 33.024175205664299 ], [ -112.134460684847994, 33.023550049868703 ], [ -112.134457721946006, 33.022901215096297 ], [ -112.134451920161993, 33.022135143742297 ], [ -112.132252737469997, 33.022112291479502 ], [ -112.130087006913996, 33.022089092071603 ], [ -112.127902541954995, 33.022066029793699 ], [ -112.125710720148007, 33.022042990200099 ], [ -112.125711522634006, 33.021948275889599 ], [ -112.123607332237995, 33.021922718448003 ], [ -112.121487743678998, 33.021896700155203 ], [ -112.119390929938007, 33.021872131812302 ], [ -112.117379766834006, 33.021847328629597 ], [ -112.117223105335995, 33.000045503278699 ], [ -112.125724767573004, 33.000042911544199 ], [ -112.129105400298002, 33.000055763209097 ], [ -112.134246055724006, 33.000058732597701 ], [ -112.134283098970997, 33.003213086237899 ], [ -112.134332238105998, 33.0074677449281 ], [ -112.142107687697006, 33.007493188428697 ], [ -112.142602187741005, 33.008328062062098 ], [ -112.143128564636001, 33.009091616473903 ], [ -112.143868516539001, 33.010021200923198 ], [ -112.144115147628, 33.010260221679701 ], [ -112.144434172112, 33.0105092826212 ], [ -112.146458717035998, 33.0128792496836 ], [ -112.147772032993004, 33.0144698735918 ], [ -112.137562609957001, 33.014563423002599 ], [ -112.137593997183998, 33.017005818309798 ], [ -112.138824930257996, 33.017765776608101 ], [ -112.139903348535, 33.018527112921703 ], [ -112.141897731637997, 33.019280059628002 ], [ -112.143124772093998, 33.019784638503602 ], [ -112.144816771419997, 33.020797377090197 ], [ -112.145434965685993, 33.021306389364 ], [ -112.147613025460004, 33.024501358485701 ], [ -112.147677398384005, 33.029465032592 ], [ -112.147452532114997, 33.029464284847698 ], [ -112.142916916480999, 33.029442238266597 ], [ -112.142989214306994, 33.043429571289899 ], [ -112.142988133651002, 33.050647649363 ], [ -112.134515385404995, 33.050725054209202 ], [ -112.134638013758007, 33.057828698047601 ], [ -112.134662075345005, 33.065126028307603 ], [ -112.134686799668003, 33.0722643647102 ], [ -112.135050358133995, 33.072263875278203 ], [ -112.151939811797007, 33.072271234362098 ], [ -112.151958066662004, 33.076751613945 ], [ -112.151349419743994, 33.076854198528402 ], [ -112.149396459087995, 33.0770763016343 ], [ -112.146596103844999, 33.077425684262401 ], [ -112.142007528609994, 33.077952074952499 ], [ -112.138563309269998, 33.078379900927402 ], [ -112.135081227509005, 33.078782605738702 ], [ -112.134725392730005, 33.078812908854097 ], [ -112.134729306029001, 33.079378295839803 ], [ -112.134733134539005, 33.080197365406697 ], [ -112.134735083650995, 33.080609438834799 ], [ -112.134768986715997, 33.086478714577702 ], [ -112.134777400218994, 33.087862604147297 ], [ -112.133433515741004, 33.087925570558397 ], [ -112.133321081177002, 33.087931105259699 ], [ -112.132103786006994, 33.0879438672129 ], [ -112.125711989281001, 33.088011370985299 ], [ -112.125711883953997, 33.087057533521197 ], [ -112.121864296968994, 33.087080970098299 ], [ -112.120980504483001, 33.087093436539902 ], [ -112.117686353465999, 33.087140506228799 ], [ -112.116135686115001, 33.087162304224201 ], [ -112.100602755704998, 33.0872114286109 ], [ -112.100512743457003, 33.079989086826998 ] ] ] } },
{ "type": "Feature", "properties": { "OBJECTID": 96, "PROGRAM": "72", "CERTIFICATE": "563502", "CONVEYANCE": "0005", "NAME": "BKW Milewide", "EXIST_OR_P": "E", "GSF_OR_USF": "GSF", "AMA": "Tucson", "CRSPNDG_CE": "58.107037.0000", "STATUS": "Active", "LABEL": "BKW Milewide", "MAXSAVINGS": "612.8", "Shape__Area": 675066.62133789097, "Shape__Length": 3984.47860847733 }, "geometry": { "type": "Polygon", "coordinates": [ [ [ -111.252351155666005, 32.248158221010897 ], [ -111.252444538044003, 32.262752779469302 ], [ -111.247708869274007, 32.262796254330901 ], [ -111.247772590797993, 32.249629465433799 ], [ -111.252351155666005, 32.248158221010897 ] ] ] } },
{ "type": "Feature", "properties": { "OBJECTID": 97, "PROGRAM": "72", "CERTIFICATE": "531382", "CONVEYANCE": "0006", "NAME": "Central Arizona Irrigation and Drainage District", "EXIST_OR_P": "E", "GSF_OR_USF": "GSF", "AMA": "Pinal", "CRSPNDG_CE": "57.001101.0000", "STATUS": "Active", "LABEL": "Central Arizona IDD", "MAXSAVINGS": "110000", "Shape__Area": 1301564.98937988, "Shape__Length": 5699.68859315177 }, "geometry": { "type": "Polygon", "coordinates": [ [ [ -111.585081783849006, 32.792149038083103 ], [ -111.586224338790004, 32.792122816660701 ], [ -111.592456557331005, 32.792116497920802 ], [ -111.596538177533006, 32.7921128421182 ], [ -111.597903165353998, 32.792111950379699 ], [ -111.597905019129001, 32.794580220915599 ], [ -111.597905218313997, 32.795705552582 ], [ -111.598060057715998, 32.7957025554404 ], [ -111.598134306744996, 32.8067773185522 ], [ -111.593520074637993, 32.806799350489598 ], [ -111.593468220592996, 32.799005180241302 ], [ -111.584948773093004, 32.799045403386799 ], [ -111.585081783849006, 32.792149038083103 ] ] ] } },
{ "type": "Feature", "properties": { "OBJECTID": 98, "PROGRAM": "72", "CERTIFICATE": "531382", "CONVEYANCE": "0006", "NAME": "Central Arizona Irrigation and Drainage District", "EXIST_OR_P": "E", "GSF_OR_USF": "GSF", "AMA": "Pinal", "CRSPNDG_CE": "57.001101.0000", "STATUS": "Active", "LABEL": "Central Arizona IDD", "MAXSAVINGS": "110000", "Shape__Area": 1316739.3531494101, "Shape__Length": 4855.2733537746699 }, "geometry": { "type": "Polygon", "coordinates": [ [ [ -111.414417389879006, 32.596068847916001 ], [ -111.397232728171005, 32.595855578880602 ], [ -111.397254524556004, 32.593859589645099 ], [ -111.397314238506993, 32.588542018416099 ], [ -111.397799738627995, 32.588542730353502 ], [ -111.414476441968006, 32.588663466082401 ], [ -111.414492938623994, 32.5922357665875 ], [ -111.414439715889998, 32.5944128450015 ], [ -111.414417389879006, 32.596068847916001 ] ] ] } },
{ "type": "Feature", "properties": { "OBJECTID": 99, "PROGRAM": "72", "CERTIFICATE": "572386", "CONVEYANCE": "0006", "NAME": "Roosevelt Irrigation District", "EXIST_OR_P": "E", "GSF_OR_USF": "GSF", "AMA": "Phoenix", "CRSPNDG_CE": "57.002517.0000", "STATUS": "Active", "LABEL": "Roosevelt ID", "MAXSAVINGS": "133000", "Shape__Area": 1162704.0957031299, "Shape__Length": 6434.7396368259797 }, "geometry": { "type": "Polygon", "coordinates": [ [ [ -112.349626199148005, 33.456992523745903 ], [ -112.349625533560996, 33.457055528602801 ], [ -112.347481402290001, 33.457059692758101 ], [ -112.345337606154004, 33.4570635338847 ], [ -112.343193807402997, 33.457067614821 ], [ -112.341043619272, 33.457071451811402 ], [ -112.341064644187995, 33.455271119835501 ], [ -112.341086011632001, 33.453470783667903 ], [ -112.341107033105999, 33.451670169371802 ], [ -112.341128374378997, 33.449868424688098 ], [ -112.341127718183003, 33.448035350940899 ], [ -112.341127067724997, 33.4462025589051 ], [ -112.341126414247, 33.444369479592197 ], [ -112.341125765501005, 33.442536686511303 ], [ -112.341125119208996, 33.440703891988598 ], [ -112.341124647003994, 33.439777773920603 ], [ -112.338944081115002, 33.439745820174899 ], [ -112.336865391296996, 33.439715263965198 ], [ -112.33677399279, 33.439717943981002 ], [ -112.336771572443993, 33.438858921411502 ], [ -112.338942286785993, 33.438863679698898 ], [ -112.341124478653001, 33.438871379178003 ], [ -112.343267249985004, 33.438873547363997 ], [ -112.345401281283003, 33.438875491944799 ], [ -112.345403587400995, 33.440701220422099 ], [ -112.345405902600007, 33.442527511962801 ], [ -112.345408220403002, 33.444353807474101 ], [ -112.345410544971998, 33.446180097892103 ], [ -112.3454128602, 33.448006106516097 ], [ -112.345416015666999, 33.449842817974101 ], [ -112.347559157863998, 33.449829966364902 ], [ -112.349701633354002, 33.449817085854697 ], [ -112.349685040110998, 33.451418577265102 ], [ -112.349683043040002, 33.451611471854903 ], [ -112.349677843021993, 33.452100948096003 ], [ -112.349663769518003, 33.453426722430699 ], [ -112.349644820156001, 33.455241123927998 ], [ -112.349626199148005, 33.456992523745903 ] ] ] } },
{ "type": "Feature", "properties": { "OBJECTID": 100, "PROGRAM": "72", "CERTIFICATE": "531381", "CONVEYANCE": "0006", "NAME": "Maricopa Stanfield Irrigation & Drainage District", "EXIST_OR_P": "E", "GSF_OR_USF": "GSF", "AMA": "Pinal", "CRSPNDG_CE": "57.001103.0000", "STATUS": "Active", "LABEL": "Maricopa Stanfield IDD", "MAXSAVINGS": "168114", "Shape__Area": 1382767.43432617, "Shape__Length": 4950.7897927181803 }, "geometry": { "type": "Polygon", "coordinates": [ [ [ -111.895331164680002, 32.939376322977097 ], [ -111.895398673093993, 32.946063798707897 ], [ -111.878007993451007, 32.945801895634197 ], [ -111.877933425055005, 32.938268235300903 ], [ -111.886696737069997, 32.938251309796499 ], [ -111.890823008256007, 32.938243314031197 ], [ -111.894978020368001, 32.938235539876601 ], [ -111.895189286887003, 32.938235717764002 ], [ -111.895195810014002, 32.939147279715598 ], [ -111.895196986116005, 32.939329932885101 ], [ -111.895331164680002, 32.939376322977097 ] ] ] } },
{ "type": "Feature", "properties": { "OBJECTID": 101, "PROGRAM": "72", "CERTIFICATE": "534888", "CONVEYANCE": "0007", "NAME": "New Magma Irrigation & Drainage District", "EXIST_OR_P": "E", "GSF_OR_USF": "GSF", "AMA": "Phoenix", "CRSPNDG_CE": "57.002511.0000", "STATUS": "Active", "LABEL": "New Magma IDD", "MAXSAVINGS": "59506", "Shape__Area": 24547020.4536133, "Shape__Length": 35225.629081578198 }, "geometry": { "type": "Polygon", "coordinates": [ [ [ -111.565758681538995, 33.219970363897303 ], [ -111.563303940949993, 33.2199781254375 ], [ -111.563309657527, 33.218152979672197 ], [ -111.561157096561999, 33.2181584804583 ], [ -111.561158070253995, 33.219987826547303 ], [ -111.563303940949993, 33.2199781254375 ], [ -111.563315623302998, 33.221797840402999 ], [ -111.563327308422998, 33.223616985669601 ], [ -111.563338994621006, 33.2254361349096 ], [ -111.563350676507, 33.227255284539503 ], [ -111.563349621449007, 33.229074485903602 ], [ -111.563357093147005, 33.230583874237603 ], [ -111.563332508884002, 33.230587370722098 ], [ -111.562378797400996, 33.230768137875302 ], [ -111.561667925297996, 33.230898473697899 ], [ -111.561546657519003, 33.230920727474199 ], [ -111.56137748319, 33.230899784688603 ], [ -111.561202599335999, 33.230878028581401 ], [ -111.560786717761999, 33.230826628144001 ], [ -111.559887770813006, 33.230760213079201 ], [ -111.559129926138993, 33.230520931056297 ], [ -111.559043332339002, 33.230511173768697 ], [ -111.558145175121993, 33.230410069236001 ], [ -111.557645487822001, 33.230260098855098 ], [ -111.556885635578993, 33.2303889375005 ], [ -111.556830688635003, 33.230398202428503 ], [ -111.556029381713998, 33.230813041369103 ], [ -111.555780491033005, 33.230914779279203 ], [ -111.555055563939007, 33.231211445900101 ], [ -111.554730442386003, 33.231298305293201 ], [ -111.553892686734002, 33.231521050665002 ], [ -111.552852163767, 33.231715385226998 ], [ -111.552573407851995, 33.231762284151699 ], [ -111.551950561507994, 33.231867369767997 ], [ -111.550962906175997, 33.231989289570798 ], [ -111.550415399239995, 33.231860644534301 ], [ -111.550255847166, 33.231823015002803 ], [ -111.549531590887, 33.231641876350402 ], [ -111.549084301760999, 33.231448797472702 ], [ -111.548370945223994, 33.231776940162803 ], [ -111.548257650313005, 33.231841142410701 ], [ -111.547639013061996, 33.232191982281698 ], [ -111.546925805596999, 33.232491085581898 ], [ -111.546265713965994, 33.232703416676202 ], [ -111.546099378134002, 33.232760807149297 ], [ -111.546099227465007, 33.232736566890701 ], [ -111.546097101602996, 33.230941614980601 ], [ -111.546096466665006, 33.230463002179597 ], [ -111.543928295453995, 33.230542124548599 ], [ -111.542726850270995, 33.230585707240998 ], [ -111.542728091038995, 33.230678158327699 ], [ -111.542717963778003, 33.230721608888402 ], [ -111.542706492177004, 33.230764788402297 ], [ -111.542693338104996, 33.230807688422402 ], [ -111.542678510585006, 33.2308500329002 ], [ -111.542662334393, 33.230892100936899 ], [ -111.542644484777995, 33.230933617940202 ], [ -111.542636540594998, 33.230950846291499 ], [ -111.542625286459995, 33.230974853991299 ], [ -111.542604744171001, 33.231015533060699 ], [ -111.542582516614004, 33.231055655734203 ], [ -111.542558950450996, 33.231095221401198 ], [ -111.542533698350994, 33.231133949253298 ], [ -111.542507443123995, 33.2311723946424 ], [ -111.542479500249001, 33.231209725311999 ], [ -111.542450548241007, 33.231246496632998 ], [ -111.542419916301, 33.231282707921501 ], [ -111.542388268118003, 33.231318077568297 ], [ -111.542355277873, 33.231352331886697 ], [ -111.542320938239996, 33.231386022924397 ], [ -111.542285591370003, 33.231418592662202 ], [ -111.542248892328999, 33.231450322218897 ], [ -111.542211182420999, 33.231481211909902 ], [ -111.542172460941998, 33.231510974003001 ], [ -111.542132392691997, 33.231539901300302 ], [ -111.542091646659003, 33.231567700445098 ], [ -111.542049547819005, 33.231594382495899 ], [ -111.542006779377999, 33.231620218678998 ], [ -111.541962990149003, 33.2316446503892 ], [ -111.541918531342006, 33.231668239838001 ], [ -111.541873052821998, 33.231690424807198 ], [ -111.541826561670007, 33.231711483077298 ], [ -111.541779728723, 33.231731420745298 ], [ -111.541761325173994, 33.231738548126799 ], [ -111.541732217995005, 33.231750229352301 ], [ -111.541683692931002, 33.231767634354398 ], [ -111.541634824975006, 33.231783914247501 ], [ -111.54158527861, 33.231798788169399 ], [ -111.541535390424002, 33.2318125360745 ], [ -111.541484822735995, 33.231824874403998 ], [ -111.541433907897996, 33.231836092150601 ], [ -111.541382653778001, 33.231845897937603 ], [ -111.541331052483997, 33.231854578631001 ], [ -111.541279113011996, 33.231861851869098 ], [ -111.541226828926, 33.2318677176793 ], [ -111.541174531839005, 33.2318721710107 ], [ -111.541121895542005, 33.2318752223022 ], [ -111.541069581751998, 33.231877139271504 ], [ -111.541016929807, 33.231877650587997 ], [ -111.540987080557002, 33.231877780398598 ], [ -111.539593658163, 33.232776801440799 ], [ -111.537425306632997, 33.232781966703797 ], [ -111.535256955994001, 33.232787371075197 ], [ -111.533088602842994, 33.232792456238798 ], [ -111.530919914706999, 33.232797791866403 ], [ -111.528751224047994, 33.232802802862402 ], [ -111.528750655086995, 33.231373713088701 ], [ -111.526611111064, 33.231423382523801 ], [ -111.524740181897997, 33.231466806918803 ], [ -111.524472355567994, 33.231268656271098 ], [ -111.524116936672002, 33.231005757689601 ], [ -111.523046994796005, 33.230214258804999 ], [ -111.522330974656001, 33.230222060370998 ], [ -111.520192976352007, 33.230245676984602 ], [ -111.518053300025002, 33.230269268355102 ], [ -111.515914963585999, 33.230292817370497 ], [ -111.513801443484994, 33.230315940308998 ], [ -111.513776691984006, 33.230327883857299 ], [ -111.512265290960002, 33.231054583846998 ], [ -111.511653234858997, 33.231348838695197 ], [ -111.511279307671003, 33.231528805005901 ], [ -111.509483764720997, 33.231676265050503 ], [ -111.507314087739005, 33.231854541087699 ], [ -111.507189378082998, 33.231864632340901 ], [ -111.506958581307998, 33.2311033895866 ], [ -111.506450820588, 33.2294266290412 ], [ -111.506413836256996, 33.229294583866697 ], [ -111.505905675958999, 33.227485620938999 ], [ -111.505397193620993, 33.225676093764399 ], [ -111.505360898385007, 33.225546862299602 ], [ -111.505111583851999, 33.224709868102302 ], [ -111.504860226396005, 33.223866683974499 ], [ -111.504417373806007, 33.222381037544501 ], [ -111.504312891069006, 33.222057027318002 ], [ -111.503819499003001, 33.220527894187001 ], [ -111.503695472648999, 33.2202462424301 ], [ -111.503433499346002, 33.219651427802297 ], [ -111.502920307300997, 33.219283685495903 ], [ -111.502816591154996, 33.219209128373699 ], [ -111.502271637570004, 33.218564150860502 ], [ -111.502087499721995, 33.218441993972199 ], [ -111.501825945383004, 33.218268854557202 ], [ -111.501471827206998, 33.218036610291399 ], [ -111.501465771804007, 33.218032690283103 ], [ -111.501459390698997, 33.218031307989897 ], [ -111.501454341815005, 33.218028506003201 ], [ -111.5014496326, 33.218025426637801 ], [ -111.501444916915005, 33.218022341886197 ], [ -111.501439871822996, 33.218019263873998 ], [ -111.501435490435, 33.2180159008632 ], [ -111.501430781189995, 33.218012816085199 ], [ -111.501426398730004, 33.218009453078402 ], [ -111.501422021078994, 33.218005804120502 ], [ -111.501417638088, 33.218002159693903 ], [ -111.501413595234993, 33.217998508484499 ], [ -111.501409552414003, 33.217994862686801 ], [ -111.501405504226994, 33.217991216910598 ], [ -111.501401459776005, 33.217987285187597 ], [ -111.501397745855996, 33.2179833557405 ], [ -111.501394034599002, 33.217979140350899 ], [ -111.501390660854, 33.217975210434801 ], [ -111.501387280108005, 33.217970993713202 ], [ -111.501383903681003, 33.217966781484101 ], [ -111.501380522934994, 33.217962564762303 ], [ -111.501377480754002, 33.217958065254599 ], [ -111.501374440204003, 33.217953851671801 ], [ -111.501371733900001, 33.2179493508105 ], [ -111.501369021177993, 33.2179448535829 ], [ -111.501366313801, 33.217940352725797 ], [ -111.501363605918996, 33.217935574959 ], [ -111.501361227974996, 33.2179310718724 ], [ -111.501359189674005, 33.217926286897502 ], [ -111.501357152465999, 33.2179215055261 ], [ -111.501355114164994, 33.217916720551202 ], [ -111.501353070519997, 33.217911939205699 ], [ -111.501351367023005, 33.2179071528817 ], [ -111.501349663545994, 33.217902370165497 ], [ -111.501348294314994, 33.217897300170897 ], [ -111.501346926695007, 33.217892512493499 ], [ -111.501345892293003, 33.217887445659699 ], [ -111.501344521988997, 33.217882375669397 ], [ -111.501343818072996, 33.217877302994097 ], [ -111.501342785282006, 33.2178725184774 ], [ -111.501342420461, 33.217867444435797 ], [ -111.501341721936001, 33.217862376248704 ], [ -111.501341357114995, 33.217857302207001 ], [ -111.501340993366995, 33.217852228161 ], [ -111.501340964452993, 33.217847158177896 ], [ -111.501340935507997, 33.217842082782902 ], [ -111.501341241366006, 33.217837006038998 ], [ -111.501341212447002, 33.217831935153797 ], [ -111.501341854181007, 33.2178268570566 ], [ -111.501342160064993, 33.217821784822497 ], [ -111.501343138211993, 33.217816987693297 ], [ -111.501343779945003, 33.217811909596101 ], [ -111.501344756508004, 33.217806834659598 ], [ -111.501345738409, 33.217801755191701 ], [ -111.501347051357996, 33.217796956713499 ], [ -111.501348362722993, 33.217791880428102 ], [ -111.501350011542002, 33.217787079694602 ], [ -111.501351660392004, 33.217782284372902 ], [ -111.501353306533005, 33.217777202228497 ], [ -111.501355290155004, 33.217772400146004 ], [ -111.501357280777, 33.217767884868799 ], [ -111.501359264403007, 33.217763083688098 ], [ -111.501361582851999, 33.217758284766198 ], [ -111.501363903959003, 33.217753763647302 ], [ -111.501366562548995, 33.217748958844801 ], [ -111.501369218484001, 33.217744440886598 ], [ -111.501371873318007, 33.217739918422801 ], [ -111.501374865659002, 33.217735680530602 ], [ -111.501377861734994, 33.217731156691698 ], [ -111.501380854074995, 33.217726918799301 ], [ -111.501384181191995, 33.217722675048002 ], [ -111.501387514773, 33.217718435780398 ], [ -111.501390841889005, 33.2177141920289 ], [ -111.501394505443002, 33.217710233755099 ], [ -111.501398175405001, 33.2177062700435 ], [ -111.501402174833999, 33.217702310416001 ], [ -111.501405843721002, 33.217698346708502 ], [ -111.501409844755003, 33.217694668496001 ], [ -111.501413844151998, 33.217690703456398 ], [ -111.501418186961999, 33.217687306190001 ], [ -111.501422523838997, 33.217683621211798 ], [ -111.501426866643996, 33.217680223043097 ], [ -111.501766824870998, 33.217372738893403 ], [ -111.501803848361007, 33.217337634672099 ], [ -111.502344970070993, 33.216964506801602 ], [ -111.502407445413994, 33.216924228641801 ], [ -111.502906362575004, 33.216618634950102 ], [ -111.502914746478993, 33.216618601064603 ], [ -111.505066560572004, 33.216605086748601 ], [ -111.507226762794005, 33.216591506439201 ], [ -111.509386958449994, 33.216577884144002 ], [ -111.511548163751002, 33.216564219293502 ], [ -111.511541675984006, 33.215452540632597 ], [ -111.513685107781001, 33.215443705968802 ], [ -111.514568698621005, 33.215440055150403 ], [ -111.514850378679995, 33.215438889986501 ], [ -111.515470005628998, 33.214741787169501 ], [ -111.515791808320003, 33.214379655918997 ], [ -111.515829474979995, 33.214398101564797 ], [ -111.516523949898996, 33.214738825602701 ], [ -111.516557577065001, 33.214755316038598 ], [ -111.517022314721999, 33.214919687981499 ], [ -111.517383270325993, 33.2151121150455 ], [ -111.517624234446004, 33.215201874931999 ], [ -111.517673601899006, 33.2152143560754 ], [ -111.517725941840993, 33.215218645568797 ], [ -111.517778226063996, 33.215214202186203 ], [ -111.517828449551999, 33.215201306673499 ], [ -111.517874602011005, 33.215180254232997 ], [ -111.517881282518005, 33.215175437754098 ], [ -111.517885953955997, 33.215172033136099 ], [ -111.517915010183998, 33.215151901510303 ], [ -111.517948009449995, 33.2151176589391 ], [ -111.517972253815998, 33.215078376392903 ], [ -111.517984125664, 33.215043658011901 ], [ -111.517986762378996, 33.215036036930002 ], [ -111.517987726890993, 33.215029267073398 ], [ -111.517991529458996, 33.214992042272797 ], [ -111.517986975265003, 33.214958518856903 ], [ -111.517983917021994, 33.214952329491098 ], [ -111.517880681925007, 33.214733181876298 ], [ -111.517855888254999, 33.214680290328197 ], [ -111.517635101275999, 33.214372559943499 ], [ -111.517518436971002, 33.214037052253602 ], [ -111.517469689455993, 33.2137892107582 ], [ -111.517318987612001, 33.213424245509898 ], [ -111.517217601797995, 33.2132341238122 ], [ -111.517065738116997, 33.212956263026101 ], [ -111.517055854858995, 33.212930090393399 ], [ -111.515821198077006, 33.212933524155297 ], [ -111.513668422772994, 33.212939616927997 ], [ -111.511527050200002, 33.212945343258497 ], [ -111.511537604118999, 33.2147549249676 ], [ -111.509377107853993, 33.214766609323497 ], [ -111.507217945402004, 33.214778255239999 ], [ -111.505058786668997, 33.214789577743701 ], [ -111.502899627439007, 33.214801148714898 ], [ -111.500740460141003, 33.214812395418903 ], [ -111.500735099371994, 33.212992926501201 ], [ -111.500729403503001, 33.211173462911702 ], [ -111.500771327932995, 33.211174421698402 ], [ -111.500729133845994, 33.21112610934 ], [ -111.500694365924005, 33.211086222374 ], [ -111.500372052635996, 33.210603261935802 ], [ -111.499894476712001, 33.210118669422599 ], [ -111.499194683501997, 33.209413700328398 ], [ -111.499154464065995, 33.209357768468301 ], [ -111.498685369, 33.208710498604901 ], [ -111.498684684013, 33.208707965844901 ], [ -111.498656997206993, 33.208674248410198 ], [ -111.498630289196001, 33.208636024293398 ], [ -111.498606924092002, 33.208596373352201 ], [ -111.498587578967999, 33.208555298287699 ], [ -111.498571578886995, 33.208513363748203 ], [ -111.498566103770003, 33.208493370437203 ], [ -111.498559600345999, 33.208470281994401 ], [ -111.498551304310993, 33.2084266271522 ], [ -111.498547031924005, 33.208382387933497 ], [ -111.498546777290997, 33.208338418550802 ], [ -111.498550217420004, 33.208294148434 ], [ -111.498551839073997, 33.2082845591531 ], [ -111.498557677964996, 33.208250430466201 ], [ -111.498565227460006, 33.208221646456103 ], [ -111.498568838072998, 33.208207260520403 ], [ -111.498584019057006, 33.208164915122502 ], [ -111.498602897454006, 33.208123686911101 ], [ -111.498625134167, 33.208083570929197 ], [ -111.498677370094995, 33.208012328690003 ], [ -111.498887552390002, 33.207825168583497 ], [ -111.499184160778, 33.207624411183801 ], [ -111.499253743628998, 33.207536469053103 ], [ -111.499412874778002, 33.207335418293397 ], [ -111.499453561251997, 33.206884820796603 ], [ -111.499322906347004, 33.206316246285503 ], [ -111.499291816965993, 33.205684408569098 ], [ -111.499843024984003, 33.205680500166103 ], [ -111.500695326119995, 33.205674815467802 ], [ -111.500712938955999, 33.205705751559996 ], [ -111.502102430703999, 33.205706069506498 ], [ -111.502866581904996, 33.205706083396599 ], [ -111.504361693329997, 33.205706512137802 ], [ -111.505020559120993, 33.205706375702 ], [ -111.506620953804003, 33.205706632337296 ], [ -111.507174200025005, 33.205706632995501 ], [ -111.508879880576004, 33.205706989795097 ], [ -111.509328177868994, 33.2057071285493 ], [ -111.511139476352, 33.205707308910902 ], [ -111.511137544760999, 33.203880213860202 ], [ -111.511135624069993, 33.202053967909798 ], [ -111.511133698023002, 33.200227435516297 ], [ -111.511131776864005, 33.198400902569603 ], [ -111.513371666094997, 33.198388575663202 ], [ -111.515580375089996, 33.198376338513803 ], [ -111.517788742839997, 33.1983640635885 ], [ -111.519996779021, 33.198351755374802 ], [ -111.522205149808002, 33.198339401173598 ], [ -111.524413854160997, 33.1983270072854 ], [ -111.526622222615003, 33.198314575622803 ], [ -111.528800746610003, 33.198302230676397 ], [ -111.528735813786994, 33.196484141964604 ], [ -111.528671225940002, 33.194666331731199 ], [ -111.52860629784, 33.192847959522197 ], [ -111.528541711038002, 33.191030149033999 ], [ -111.530756349143005, 33.191031431575098 ], [ -111.530806299345997, 33.191031500006098 ], [ -111.532659199929995, 33.191032318049203 ], [ -111.532975005726001, 33.1910323751801 ], [ -111.533024286520003, 33.191032445587197 ], [ -111.535192994750005, 33.191033845852701 ], [ -111.53524227554, 33.191033916283601 ], [ -111.537410982609998, 33.191034991072698 ], [ -111.537460932781997, 33.191035056833101 ], [ -111.539628968914002, 33.191036101283899 ], [ -111.539679254847997, 33.191036164698502 ], [ -111.541847290470997, 33.191037169608499 ], [ -111.541897575326004, 33.191037233033498 ], [ -111.544065610440995, 33.1910381993046 ], [ -111.544115896353006, 33.191038260926803 ], [ -111.546284265633005, 33.191039183482303 ], [ -111.548512261211002, 33.191032761862502 ], [ -111.550742936681999, 33.191026288504901 ], [ -111.552973951305006, 33.191019774565703 ], [ -111.553791592300001, 33.191017261694498 ], [ -111.555300334224, 33.192576906205801 ], [ -111.555521369187005, 33.192805085666301 ], [ -111.557253569837997, 33.1945948401575 ], [ -111.557682499839004, 33.195038000068998 ], [ -111.558986860722996, 33.196385979031703 ], [ -111.560062772437007, 33.1974973593397 ], [ -111.560721907114001, 33.198178492928101 ], [ -111.562442172095999, 33.1999558309953 ], [ -111.562458031532998, 33.1999721079194 ], [ -111.564199297361995, 33.201771026854601 ], [ -111.564822373176, 33.202414533168799 ], [ -111.565412384387997, 33.203024362709598 ], [ -111.565948355014996, 33.203571857695501 ], [ -111.567175908365996, 33.204825390426699 ], [ -111.567715949627001, 33.205377090192599 ], [ -111.568205712045994, 33.2058774304721 ], [ -111.569521767523, 33.207221865177097 ], [ -111.570625213149, 33.208348805821203 ], [ -111.571306394282999, 33.209044441915999 ], [ -111.573049571097002, 33.210824621696197 ], [ -111.573087380261001, 33.210863346763901 ], [ -111.574864053119001, 33.212677733313399 ], [ -111.575477110734994, 33.213303754451303 ], [ -111.576636744680997, 33.214487885245298 ], [ -111.576835589330997, 33.214690755271199 ], [ -111.577909436363996, 33.215776331391901 ], [ -111.578421891950001, 33.216294286460901 ], [ -111.580029187940994, 33.217919122805299 ], [ -111.580221507792999, 33.218096650125503 ], [ -111.580347023157003, 33.218212757612598 ], [ -111.581157825906999, 33.218962135544302 ], [ -111.581172351324, 33.2191802350236 ], [ -111.581081670109, 33.219514115203999 ], [ -111.581091652685998, 33.219552967693303 ], [ -111.581092948830999, 33.219596930821403 ], [ -111.581100618118995, 33.219640869596397 ], [ -111.581115320002993, 33.219683080690601 ], [ -111.581136378471996, 33.219723571769102 ], [ -111.581163458505998, 33.219761499231097 ], [ -111.581196214320997, 33.219796015015902 ], [ -111.581233977690999, 33.219826844428397 ], [ -111.581276407413995, 33.21985285977 ], [ -111.581302312435994, 33.219865142874802 ], [ -111.581322494510005, 33.2198743498762 ], [ -111.581371561601998, 33.219890469137901 ], [ -111.581408502585006, 33.219898188912701 ], [ -111.581422603468994, 33.219900939926902 ], [ -111.581474619727999, 33.219906053748197 ], [ -111.581527262143993, 33.2199052439762 ], [ -111.581579200072994, 33.219898517731799 ], [ -111.581584220078994, 33.219897367684801 ], [ -111.581629756878996, 33.2198864401172 ], [ -111.581700301821996, 33.2198542593475 ], [ -111.581909997352, 33.219666962488901 ], [ -111.581963552537005, 33.219550859845903 ], [ -111.582051324431006, 33.219435446789902 ], [ -111.582559731659998, 33.219892799540901 ], [ -111.582769916678004, 33.220081798125001 ], [ -111.582787434319002, 33.220094397113101 ], [ -111.583455592204004, 33.220567909090498 ], [ -111.583384454542994, 33.220712561504101 ], [ -111.583311837145999, 33.220988575389597 ], [ -111.583395079940999, 33.221251172056299 ], [ -111.583576236965996, 33.221563481559102 ], [ -111.583818470314, 33.221982050499598 ], [ -111.584988957942002, 33.223200718213299 ], [ -111.585172332488, 33.223391529838104 ], [ -111.58526993465, 33.2234931088785 ], [ -111.586669698437007, 33.224989167920299 ], [ -111.586952945560995, 33.2252184039843 ], [ -111.586955303847006, 33.225220082278497 ], [ -111.587159983898999, 33.225385421978501 ], [ -111.587543040087994, 33.225695082912601 ], [ -111.587521944453997, 33.226000448914597 ], [ -111.587653198536998, 33.226568927180601 ], [ -111.588123879867993, 33.227040528854502 ], [ -111.588165746526997, 33.227082609714301 ], [ -111.588819382506003, 33.227379145777903 ], [ -111.589164663469006, 33.227455022342603 ], [ -111.589323915123998, 33.227496552256 ], [ -111.589681725147997, 33.227590406839703 ], [ -111.590113922881997, 33.227623313063297 ], [ -111.590527583254001, 33.227743117385501 ], [ -111.590748663141994, 33.228050714633298 ], [ -111.590865859234995, 33.228371772747202 ], [ -111.590862493456996, 33.2286189904924 ], [ -111.590751132088002, 33.228865594522802 ], [ -111.590738247275993, 33.228894403787898 ], [ -111.590145581857996, 33.229238283516402 ], [ -111.589641250466002, 33.229452081374802 ], [ -111.589349707226006, 33.229538302718296 ], [ -111.589068541857003, 33.229621662752102 ], [ -111.588738887014003, 33.229677061885297 ], [ -111.588478286631997, 33.229776667241403 ], [ -111.588352834667006, 33.230124524121102 ], [ -111.588262171243002, 33.230458408768698 ], [ -111.588180605391003, 33.230657486492298 ], [ -111.587524414995002, 33.230660273380899 ], [ -111.587562582961993, 33.229063070894497 ], [ -111.587210507139005, 33.229075443421998 ], [ -111.586739735235994, 33.229092040494599 ], [ -111.585803672919994, 33.2292438732417 ], [ -111.585771173997003, 33.229248538904798 ], [ -111.585768890764996, 33.2292581323522 ], [ -111.585637722981005, 33.230057293164201 ], [ -111.585289647584005, 33.230669745103498 ], [ -111.585102834039006, 33.230669497308199 ], [ -111.582970361275002, 33.230664855077301 ], [ -111.582973691752997, 33.230862709878302 ], [ -111.580514933523006, 33.230866888245501 ], [ -111.578065236642004, 33.230870970494202 ], [ -111.576222592508998, 33.230873885368297 ], [ -111.576223678155998, 33.229048197021797 ], [ -111.576224432122004, 33.227223072520303 ], [ -111.576225513519006, 33.225397388543698 ], [ -111.576226266735006, 33.223571981564099 ], [ -111.576227363810005, 33.221747704455503 ], [ -111.57622811812, 33.219922296409699 ], [ -111.575498407999007, 33.2199256782323 ], [ -111.573063478134998, 33.2199369213455 ], [ -111.570628547995994, 33.219948116806997 ], [ -111.568193615439, 33.219959264626603 ], [ -111.565758681538995, 33.219970363897303 ] ], [ [ -111.531587112037002, 33.220089557295999 ], [ -111.531572095493999, 33.2182766150502 ], [ -111.531566047305006, 33.2177763183685 ], [ -111.530912492704005, 33.217782775300201 ], [ -111.528744944959996, 33.217804696044603 ], [ -111.528744862813994, 33.218291487337197 ], [ -111.528744972097996, 33.220089271611201 ], [ -111.530913398381998, 33.220092433863996 ], [ -111.531587112037002, 33.220089557295999 ] ], [ [ -111.550420289374998, 33.210571666410203 ], [ -111.552200063133995, 33.210555884522797 ], [ -111.552573086433995, 33.210259670143103 ], [ -111.553543993524002, 33.209488940931998 ], [ -111.554727735824002, 33.209501145851199 ], [ -111.555180773570001, 33.209505886836801 ], [ -111.555176834476001, 33.209042227149702 ], [ -111.555168873778001, 33.207889682758299 ], [ -111.554732939055995, 33.207884584019098 ], [ -111.552580763134003, 33.207858363529603 ], [ -111.552576850297001, 33.209047600784999 ], [ -111.552575543369002, 33.209478592180602 ], [ -111.550423311341007, 33.209503074549197 ], [ -111.548271074735993, 33.209527237394902 ], [ -111.548267665598004, 33.210590760970398 ], [ -111.550420289374998, 33.210571666410203 ] ], [ [ -111.568118277436, 33.210137488788703 ], [ -111.567514909110002, 33.209080119861902 ], [ -111.567500204585002, 33.209035371556404 ], [ -111.567139165721002, 33.207700943995498 ], [ -111.565776586473007, 33.207718142418997 ], [ -111.563759542290001, 33.207743648502799 ], [ -111.563737268856997, 33.209026552570499 ], [ -111.563716592768998, 33.210245182361398 ], [ -111.565769085499994, 33.210194987664998 ], [ -111.568118277436, 33.210137488788703 ] ] ] } },
{ "type": "Feature", "properties": { "OBJECTID": 102, "PROGRAM": "72", "CERTIFICATE": "211277", "CONVEYANCE": "0001", "NAME": "Gila River Indian IDD (Expired)", "EXIST_OR_P": "E", "GSF_OR_USF": "GSF", "AMA": " ", "CRSPNDG_CE": "N/A", "STATUS": "Inactive", "LABEL": "Gila River Indain IDD", "MAXSAVINGS": "56000 (37520 in PHX and 18480 in PIN)", "Shape__Area": 7661936.0360107403, "Shape__Length": 20056.736542825402 }, "geometry": { "type": "Polygon", "coordinates": [ [ [ -111.832744925922, 33.190037621429198 ], [ -111.826972522066001, 33.190047468952201 ], [ -111.826934832185003, 33.186036493177397 ], [ -111.828278009277, 33.186035445495797 ], [ -111.841041813694005, 33.186024782482399 ], [ -111.841079644564999, 33.189983230863298 ], [ -111.858617278162001, 33.1901416900238 ], [ -111.863227108741, 33.190109805945802 ], [ -111.866392535369002, 33.190087813273998 ], [ -111.866383292367999, 33.190104128380597 ], [ -111.866647332344996, 33.190104363897902 ], [ -111.875517666674, 33.190111988222398 ], [ -111.875505114584996, 33.193281470859397 ], [ -111.876209740329998, 33.193276512490201 ], [ -111.883481730024997, 33.193358735474 ], [ -111.884270422151005, 33.193367625708397 ], [ -111.884303991243996, 33.196707515494602 ], [ -111.884305777408997, 33.196885210863599 ], [ -111.891510259225996, 33.196901491406202 ], [ -111.892171848870007, 33.196919277226201 ], [ -111.892173990629004, 33.199680354660302 ], [ -111.900895500199994, 33.199728614016401 ], [ -111.900926244537004, 33.199721136964399 ], [ -111.900960787363005, 33.200523716892697 ], [ -111.900915708279996, 33.202198254858303 ], [ -111.892243570039994, 33.202197879709097 ], [ -111.892269577034, 33.202235981642097 ], [ -111.892225535042996, 33.202235656107099 ], [ -111.892231255431994, 33.203396913242003 ], [ -111.889423456770004, 33.2034425360292 ], [ -111.889424770017001, 33.203448054784602 ], [ -111.875705422503003, 33.203622975758499 ], [ -111.875697252991003, 33.203495454671902 ], [ -111.875231573258006, 33.203498730642202 ], [ -111.869024124955004, 33.203612764430403 ], [ -111.869029490417006, 33.203597657807201 ], [ -111.864585688426004, 33.203650721733602 ], [ -111.862974513398001, 33.203669967465103 ], [ -111.862982826391999, 33.201898639098602 ], [ -111.862985926549996, 33.201238214168697 ], [ -111.866852097278993, 33.201172641554301 ], [ -111.866870151632995, 33.200427795763702 ], [ -111.858314994303996, 33.200517442281303 ], [ -111.858289797775996, 33.203721765646101 ], [ -111.858262862494996, 33.203722099333298 ], [ -111.851163623454994, 33.203809616765099 ], [ -111.851142230190007, 33.203824638344102 ], [ -111.841130804453996, 33.203944106242098 ], [ -111.841092460029998, 33.202684206091099 ], [ -111.841111174145993, 33.202682929599597 ], [ -111.841110116623, 33.202572343576598 ], [ -111.841103247193999, 33.202573834959203 ], [ -111.841101762963007, 33.202004398323503 ], [ -111.841100575818999, 33.201549382581497 ], [ -111.841098422195998, 33.200724454854203 ], [ -111.836658051735, 33.2007334143618 ], [ -111.836497766554999, 33.2007337341458 ], [ -111.836478782415, 33.200733769742797 ], [ -111.836478756359, 33.200728209272398 ], [ -111.836461184670995, 33.1962505413724 ], [ -111.836460367412997, 33.196042155549002 ], [ -111.832696598230996, 33.196040575981101 ], [ -111.832654084541005, 33.196040560048701 ], [ -111.832696914723996, 33.196001472514901 ], [ -111.832744925922, 33.190037621429198 ] ], [ [ -111.870944773668995, 33.1926090506009 ], [ -111.870215781610995, 33.192583984951803 ], [ -111.866577658037002, 33.192567467592603 ], [ -111.866562149068997, 33.193115916402697 ], [ -111.867033907180002, 33.1931234790191 ], [ -111.870941318161996, 33.193096198793498 ], [ -111.870944773668995, 33.1926090506009 ] ] ] } },
{ "type": "Feature", "properties": { "OBJECTID": 103, "PROGRAM": "72", "CERTIFICATE": "211277", "CONVEYANCE": "0001", "NAME": "Gila River Indian IDD (Expired)", "EXIST_OR_P": "E", "GSF_OR_USF": "GSF", "AMA": " ", "CRSPNDG_CE": "N/A", "STATUS": "Inactive", "LABEL": "Gila River Indain IDD", "MAXSAVINGS": "56000 (37520 in PHX and 18480 in PIN)", "Shape__Area": 3938035.0698242201, "Shape__Length": 16766.275843816002 }, "geometry": { "type": "Polygon", "coordinates": [ [ [ -111.759370431662006, 33.0874643512171 ], [ -111.759532961389993, 33.088603831081997 ], [ -111.763623888306995, 33.088604444122403 ], [ -111.763627378672993, 33.089008228539299 ], [ -111.763652366296995, 33.091898695426103 ], [ -111.772211466290003, 33.091990047915097 ], [ -111.772250997170005, 33.096511282584501 ], [ -111.781043127646996, 33.096456503189998 ], [ -111.781087832349002, 33.096923016348597 ], [ -111.781112464312997, 33.097180089643501 ], [ -111.781137770889998, 33.097180245854297 ], [ -111.781140326069007, 33.097373653428001 ], [ -111.784950161378006, 33.0973760016048 ], [ -111.785039083764005, 33.100909299813303 ], [ -111.789232100752997, 33.100926388416198 ], [ -111.789219408568997, 33.101443816008299 ], [ -111.789233058719006, 33.1014437295768 ], [ -111.789226262392006, 33.1045081793375 ], [ -111.793381748922997, 33.104551739486602 ], [ -111.793389912449001, 33.104420951625997 ], [ -111.793403449230993, 33.103169232973002 ], [ -111.794347403730995, 33.103163220564902 ], [ -111.802115828683995, 33.103183022990201 ], [ -111.802089661384002, 33.106657613948101 ], [ -111.799614922729006, 33.106673515903601 ], [ -111.797961984821001, 33.106684109831697 ], [ -111.797742248538995, 33.106685516503703 ], [ -111.797808237221005, 33.109268785595397 ], [ -111.797454021687003, 33.109271052616201 ], [ -111.797374860690994, 33.109221872282902 ], [ -111.793334645428999, 33.109247656312697 ], [ -111.793363628086993, 33.107409078664702 ], [ -111.789226190701996, 33.107435347625298 ], [ -111.789225956923005, 33.106295162706999 ], [ -111.789170494914998, 33.106295513901102 ], [ -111.789156669535004, 33.105696761808701 ], [ -111.785024822029001, 33.1056758652201 ], [ -111.785017117950005, 33.1038788417587 ], [ -111.776472415433005, 33.103921231495598 ], [ -111.776474159461003, 33.103197431065098 ], [ -111.772237481836996, 33.103204882895298 ], [ -111.772211235160995, 33.101925387194399 ], [ -111.772171631430993, 33.099994305963499 ], [ -111.772157274739996, 33.0992943097935 ], [ -111.761590665422005, 33.099309632268302 ], [ -111.761544244302996, 33.099290920859197 ], [ -111.761531641188, 33.099309992890298 ], [ -111.761030208809004, 33.099083743052503 ], [ -111.759135399786004, 33.098228757720499 ], [ -111.758924113792006, 33.098133417561698 ], [ -111.758853290895999, 33.095363461350402 ], [ -111.758835201048001, 33.094655897411997 ], [ -111.754906547055995, 33.094679750878001 ], [ -111.754904458075004, 33.092819639387102 ], [ -111.754923355190002, 33.0927915568641 ], [ -111.754916985587002, 33.092046291494597 ], [ -111.746065191322003, 33.092058867233597 ], [ -111.746113132936998, 33.091006188330702 ], [ -111.742063782613997, 33.0911987512522 ], [ -111.742109509548001, 33.088678321887997 ], [ -111.742138508452996, 33.088644949558699 ], [ -111.743519497685, 33.0844133473353 ], [ -111.743533054544997, 33.084403748637598 ], [ -111.754841983885996, 33.087776352394997 ], [ -111.754868584560995, 33.086382305648598 ], [ -111.759177923707, 33.086455513239798 ], [ -111.759330359626006, 33.087457746458099 ], [ -111.759370431662006, 33.0874643512171 ] ] ] } },
{ "type": "Feature", "properties": { "OBJECTID": 104, "PROGRAM": "72", "CERTIFICATE": "211277", "CONVEYANCE": "0001", "NAME": "Gila River Indian IDD (Expired)", "EXIST_OR_P": "E", "GSF_OR_USF": "GSF", "AMA": " ", "CRSPNDG_CE": "N/A", "STATUS": "Inactive", "LABEL": "Gila River Indain IDD", "MAXSAVINGS": "56000 (37520 in PHX and 18480 in PIN)", "Shape__Area": 2591243.1826171898, "Shape__Length": 10624.4746097343 }, "geometry": { "type": "Polygon", "coordinates": [ [ [ -111.541569818696999, 33.036323637295702 ], [ -111.541583595690994, 33.0385753929461 ], [ -111.543912001961004, 33.038595902067598 ], [ -111.544005678198999, 33.042410826096102 ], [ -111.546046638747995, 33.042438874541098 ], [ -111.546086630752001, 33.043236162854903 ], [ -111.549571796289001, 33.043159056628603 ], [ -111.549705124043001, 33.043156105056603 ], [ -111.550474091753998, 33.043139076936598 ], [ -111.550429887639993, 33.044112928215903 ], [ -111.545899512066001, 33.044132834100502 ], [ -111.545872751716004, 33.046842253212901 ], [ -111.541600342083001, 33.046860874752703 ], [ -111.541638122852007, 33.045336717 ], [ -111.541637101261003, 33.044186949962203 ], [ -111.537059912570001, 33.044128868898198 ], [ -111.537008544713004, 33.043361889809397 ], [ -111.536949374398006, 33.0424783595655 ], [ -111.534161827565995, 33.042421281732501 ], [ -111.532977973092002, 33.042368389378098 ], [ -111.532972407480003, 33.0414442040111 ], [ -111.532971491829002, 33.041444207922702 ], [ -111.532748046478005, 33.037334956231497 ], [ -111.532773485516003, 33.037308176781004 ], [ -111.532771246742996, 33.036936212717897 ], [ -111.528672644940002, 33.036841088258001 ], [ -111.528646286916995, 33.036324870994797 ], [ -111.528558857758, 33.034612821404302 ], [ -111.528539355614996, 33.034230898794704 ], [ -111.524385409443994, 33.034276869598202 ], [ -111.524428648455995, 33.033091365447397 ], [ -111.524451624018994, 33.033073317826997 ], [ -111.524430547584998, 33.033073189024698 ], [ -111.524481830596002, 33.0326182807622 ], [ -111.524425124499004, 33.032617761406101 ], [ -111.524438580801004, 33.029963286046097 ], [ -111.524415886561997, 33.026131383385398 ], [ -111.520385378152, 33.026081778843803 ], [ -111.520518164456007, 33.021304561127302 ], [ -111.520543197589006, 33.021304867135797 ], [ -111.520539760879004, 33.021296720898597 ], [ -111.520536526699004, 33.020746404064901 ], [ -111.524384155460993, 33.020772393027897 ], [ -111.524405947534007, 33.020772541398699 ], [ -111.524410828613, 33.020638662999701 ], [ -111.524449176841998, 33.019587030263203 ], [ -111.525811665402003, 33.020554958908598 ], [ -111.527427942486995, 33.021945130284202 ], [ -111.529045541128994, 33.023546943160099 ], [ -111.530516500996995, 33.025826681634904 ], [ -111.531782961320999, 33.027514613014397 ], [ -111.536532370928995, 33.031727582086504 ], [ -111.539262645281994, 33.034425126563399 ], [ -111.540318325708, 33.035103830792103 ], [ -111.540372421323994, 33.035097648629502 ], [ -111.541562432240994, 33.03557244404 ], [ -111.541579514568994, 33.036236105950202 ], [ -111.541581751403001, 33.036323054213803 ], [ -111.541569818696999, 33.036323637295702 ] ] ] } },
{ "type": "Feature", "properties": { "OBJECTID": 105, "PROGRAM": "72", "CERTIFICATE": "211277", "CONVEYANCE": "0001", "NAME": "Gila River Indian IDD (Expired)", "EXIST_OR_P": "E", "GSF_OR_USF": "GSF", "AMA": " ", "CRSPNDG_CE": "N/A", "STATUS": "Inactive", "LABEL": "Gila River Indain IDD", "MAXSAVINGS": "56000 (37520 in PHX and 18480 in PIN)", "Shape__Area": 5329781.8610839797, "Shape__Length": 19999.138487133401 }, "geometry": { "type": "Polygon", "coordinates": [ [ [ -111.695211067195999, 33.0671188113893 ], [ -111.695211671246994, 33.0671956323621 ], [ -111.695232758396003, 33.069877237604103 ], [ -111.690523851264004, 33.0698556337098 ], [ -111.690456032583, 33.0698553209943 ], [ -111.690390160546002, 33.069855020916897 ], [ -111.690378435284998, 33.070658092294799 ], [ -111.690336408912003, 33.070656704056702 ], [ -111.690353488601005, 33.070675618274997 ], [ -111.685999021007007, 33.070699648425901 ], [ -111.686006679195998, 33.0723156046638 ], [ -111.683561409345003, 33.0723290327104 ], [ -111.682296429809, 33.0723359604469 ], [ -111.682252812588004, 33.072336199090401 ], [ -111.682099108345994, 33.072337039932698 ], [ -111.682084904898005, 33.072329013140703 ], [ -111.682091417061997, 33.073172962157599 ], [ -111.682138072879994, 33.073172706945599 ], [ -111.682091676870002, 33.073206631543101 ], [ -111.682005831956999, 33.077985890465897 ], [ -111.685982075376998, 33.077976501730298 ], [ -111.686007707033994, 33.077966237565001 ], [ -111.685989143596998, 33.080727248423599 ], [ -111.685980706744999, 33.080730919978997 ], [ -111.685994370889006, 33.081400613987498 ], [ -111.686158787945999, 33.081402522608698 ], [ -111.687420427836003, 33.081417157985797 ], [ -111.694253569051995, 33.081496208058503 ], [ -111.694212680674994, 33.083880346051899 ], [ -111.694210444134001, 33.083886842072701 ], [ -111.694213474256003, 33.083981351070697 ], [ -111.690614044998, 33.084001340936801 ], [ -111.690659147667006, 33.083967387900202 ], [ -111.690653771526001, 33.083967449251404 ], [ -111.690669097843994, 33.083943331486097 ], [ -111.690613781828006, 33.083967670767997 ], [ -111.690608480994001, 33.083289466217899 ], [ -111.685977682792995, 33.083240044650402 ], [ -111.685977647214997, 33.083251747388502 ], [ -111.684695886067004, 33.083226335405698 ], [ -111.684525499277996, 33.083229760512602 ], [ -111.682028049485993, 33.083190226501898 ], [ -111.682028394952994, 33.0814845101389 ], [ -111.681935140964001, 33.081485020213101 ], [ -111.681919678965997, 33.081495283850799 ], [ -111.681919630571002, 33.081489012508598 ], [ -111.681672845061996, 33.081481485408297 ], [ -111.678593975248006, 33.081387534548099 ], [ -111.677275203739001, 33.0813472715515 ], [ -111.677266672881998, 33.081365015140399 ], [ -111.677131962911005, 33.081362725999099 ], [ -111.677038791532993, 33.081361144732 ], [ -111.674862383155002, 33.080829390038097 ], [ -111.673467942784001, 33.080488668106199 ], [ -111.673454447295995, 33.080438221732003 ], [ -111.673468715422004, 33.080425140518201 ], [ -111.673416924299005, 33.078876617719899 ], [ -111.673033319102998, 33.078864122493599 ], [ -111.670126230091, 33.078769395178298 ], [ -111.668730597308993, 33.078723898190297 ], [ -111.668732027366005, 33.076736584217699 ], [ -111.668658187768003, 33.076736583321498 ], [ -111.668181790508001, 33.076736569078399 ], [ -111.664488272691003, 33.076736411180001 ], [ -111.664449144627994, 33.075061136986697 ], [ -111.664366728768996, 33.075099293347698 ], [ -111.660203652198007, 33.075110776981802 ], [ -111.660179662812993, 33.076002028451903 ], [ -111.655657372082999, 33.074543489789399 ], [ -111.655672839222007, 33.074455241267401 ], [ -111.655872835595005, 33.070574169712998 ], [ -111.655154119382004, 33.070561807224301 ], [ -111.651595130798, 33.070500539320797 ], [ -111.651591904952994, 33.068619233597197 ], [ -111.651589158063999, 33.067014743671102 ], [ -111.655654975592, 33.067037658713097 ], [ -111.655648155470999, 33.066117940700799 ], [ -111.651587580824994, 33.066092942068401 ], [ -111.651582943948995, 33.0633870556563 ], [ -111.664606345278997, 33.063524254961699 ], [ -111.664608510926996, 33.063531475689302 ], [ -111.664614718533997, 33.0643573904809 ], [ -111.664856156927996, 33.064357669493901 ], [ -111.668775154125996, 33.064362097361297 ], [ -111.668783516990999, 33.062574310951902 ], [ -111.668824681234, 33.062595671552998 ], [ -111.668838303694002, 33.062602737860097 ], [ -111.685926022860002, 33.062666322808703 ], [ -111.685960970964004, 33.0626664490037 ], [ -111.685973888944005, 33.065393543160098 ], [ -111.690214813059995, 33.065426399434799 ], [ -111.690225116424003, 33.066120248738898 ], [ -111.690239584558995, 33.067094646109098 ], [ -111.695211067195999, 33.0671188113893 ] ], [ [ -111.655847600290997, 33.068653452911398 ], [ -111.655816507419999, 33.068669928265997 ], [ -111.659990344492996, 33.068700164719402 ], [ -111.659967286864998, 33.067206574908901 ], [ -111.659932872669003, 33.067232010424704 ], [ -111.655867283510005, 33.067206240893597 ], [ -111.655847600290997, 33.068653452911398 ] ], [ [ -111.682018902720003, 33.080254622536202 ], [ -111.682012945110998, 33.079482670002399 ], [ -111.677126576790997, 33.079455601157697 ], [ -111.677128675735005, 33.080198526270102 ], [ -111.677122735327004, 33.080202803345699 ], [ -111.677128687605006, 33.0802028720449 ], [ -111.681927612869003, 33.080259158302901 ], [ -111.681927729145997, 33.080246596410703 ], [ -111.682018902720003, 33.080254622536202 ] ], [ [ -111.686005213727, 33.066997044725497 ], [ -111.686011723011006, 33.066280783300797 ], [ -111.682149385049001, 33.0662712904359 ], [ -111.682150138736006, 33.066368980376197 ], [ -111.682155106471001, 33.067012866434403 ], [ -111.682186282097007, 33.067012695902697 ], [ -111.682186313157004, 33.0670132504641 ], [ -111.685404449681002, 33.066999600190996 ], [ -111.686005213727, 33.066997044725497 ] ], [ [ -111.668582954651995, 33.071499354059902 ], [ -111.664616608944002, 33.071415116665897 ], [ -111.664593956836001, 33.071963858066297 ], [ -111.668542853893996, 33.071978121083902 ], [ -111.668543228003003, 33.071993590225098 ], [ -111.668582954651995, 33.071499354059902 ] ] ] } },
{ "type": "Feature", "properties": { "OBJECTID": 106, "PROGRAM": "72", "CERTIFICATE": "211277", "CONVEYANCE": "0001", "NAME": "Gila River Indian IDD (Expired)", "EXIST_OR_P": "E", "GSF_OR_USF": "GSF", "AMA": " ", "CRSPNDG_CE": "N/A", "STATUS": "Inactive", "LABEL": "Gila River Indain IDD", "MAXSAVINGS": "56000 (37520 in PHX and 18480 in PIN)", "Shape__Area": 21225487.4533691, "Shape__Length": 57863.889431535899 }, "geometry": { "type": "Polygon", "coordinates": [ [ [ -111.567382335063996, 33.020643312517102 ], [ -111.558778507504002, 33.020576653936402 ], [ -111.558751746832996, 33.0188607449047 ], [ -111.558751552491003, 33.018848267262399 ], [ -111.558721826289002, 33.016942530525 ], [ -111.558712603291994, 33.015480154302999 ], [ -111.558683310253002, 33.015176242160997 ], [ -111.558667912435993, 33.013787951576099 ], [ -111.558837642547999, 33.013782383994801 ], [ -111.575935035602996, 33.013607977642202 ], [ -111.575932515073006, 33.013220234563903 ], [ -111.575963259893996, 33.0132192195424 ], [ -111.575926226692999, 33.010707208382598 ], [ -111.580252019726004, 33.010712136477899 ], [ -111.580255009894998, 33.010407894632301 ], [ -111.580261875670004, 33.009708689067502 ], [ -111.580241483885004, 33.006594458177098 ], [ -111.584438549257001, 33.006728599287001 ], [ -111.584463502299997, 33.006281852859999 ], [ -111.584493552576006, 33.005743819969702 ], [ -111.584528687854998, 33.005733185728403 ], [ -111.584731612335005, 32.999780011403203 ], [ -111.592481355771, 33.000063971408302 ], [ -111.592485429988997, 33.0001856956602 ], [ -111.592491176194997, 33.000357373856801 ], [ -111.592491333276996, 33.000361977011799 ], [ -111.592497620374004, 33.000549871823601 ], [ -111.592537344874998, 33.001267372139502 ], [ -111.592538824575001, 33.002044542873698 ], [ -111.592470168763001, 33.002053140234203 ], [ -111.592530651561006, 33.002512469151903 ], [ -111.592523517809994, 33.002518552845402 ], [ -111.592530592646995, 33.003576842252002 ], [ -111.597053508114996, 33.003590257856402 ], [ -111.597052637569007, 33.003639964078602 ], [ -111.597344919316001, 33.009734512389997 ], [ -111.597545886751007, 33.009733550483197 ], [ -111.597546219790004, 33.0097829369954 ], [ -111.601131131708996, 33.009797188880199 ], [ -111.601134620969006, 33.0119176332054 ], [ -111.601134717262994, 33.011974589633198 ], [ -111.597051361954996, 33.012055631348296 ], [ -111.597136712121994, 33.014399224326901 ], [ -111.597140773847997, 33.014447951632697 ], [ -111.601138582578997, 33.014320087003597 ], [ -111.601156103950998, 33.024953378704801 ], [ -111.599333680756004, 33.024953471583899 ], [ -111.593232496434993, 33.024961504436199 ], [ -111.593082343464999, 33.030914170183699 ], [ -111.600053427244006, 33.0309878758586 ], [ -111.600049425500998, 33.031327733091103 ], [ -111.604114705710003, 33.031347026794997 ], [ -111.604181821273002, 33.033097247971497 ], [ -111.608551900218004, 33.033076011098103 ], [ -111.608579658368001, 33.034091121213898 ], [ -111.612911065556005, 33.034105000988902 ], [ -111.612903955332996, 33.0358530021715 ], [ -111.617202299346999, 33.035896174968798 ], [ -111.617155696021996, 33.036225916549 ], [ -111.617147814964994, 33.036238309478001 ], [ -111.617175420978, 33.0362380710012 ], [ -111.617166830979002, 33.037738801266499 ], [ -111.621469974457995, 33.037790286042402 ], [ -111.621435794665999, 33.038701913778901 ], [ -111.625804339134007, 33.0387159720771 ], [ -111.625583551465994, 33.039038179667102 ], [ -111.624473223932, 33.040658532555703 ], [ -111.624969704422, 33.040619668458 ], [ -111.624964663201993, 33.040625545050702 ], [ -111.629561290352001, 33.040590334250297 ], [ -111.630207122686002, 33.040585531211001 ], [ -111.630271700538998, 33.040585048044299 ], [ -111.630255848660994, 33.041311164772203 ], [ -111.630255468247, 33.041328578186601 ], [ -111.630290301659997, 33.041312118232597 ], [ -111.632451748269006, 33.041371862260398 ], [ -111.632454598954993, 33.041770771424403 ], [ -111.632423072481004, 33.043384754935097 ], [ -111.630227129877994, 33.043395867394899 ], [ -111.630230906015996, 33.043926101725397 ], [ -111.630281387392003, 33.043926308526203 ], [ -111.630302435447007, 33.044900508355397 ], [ -111.634410415871002, 33.044946539870701 ], [ -111.634411342047997, 33.045218690169797 ], [ -111.634411396494997, 33.045235546633798 ], [ -111.634412974908997, 33.046224286318903 ], [ -111.634413866621998, 33.046784701553598 ], [ -111.639132456330003, 33.046780788545803 ], [ -111.639087184318996, 33.0486227722512 ], [ -111.643301178483995, 33.048580233645303 ], [ -111.643308559442005, 33.049595367284098 ], [ -111.643333378218003, 33.049595113911998 ], [ -111.643308743586999, 33.0496206929026 ], [ -111.647715698816995, 33.0496862453655 ], [ -111.647709910467, 33.050455878761298 ], [ -111.651654836659006, 33.050499632456898 ], [ -111.651641739970998, 33.052533394890801 ], [ -111.651609475065996, 33.052509918240801 ], [ -111.647695692606007, 33.052530301614503 ], [ -111.647233104370997, 33.052532702705498 ], [ -111.647229342295006, 33.0520184908045 ], [ -111.647229125289996, 33.051988829432602 ], [ -111.647226530275006, 33.051634126857898 ], [ -111.634393338634993, 33.051558165083897 ], [ -111.634367297118999, 33.051842067400202 ], [ -111.634387137046005, 33.0518779521068 ], [ -111.634387803997996, 33.053157794922299 ], [ -111.634387236405004, 33.054779376505998 ], [ -111.634387225279994, 33.0548076959886 ], [ -111.634388704059006, 33.056063675086101 ], [ -111.630072329762001, 33.056043291716797 ], [ -111.630052944894004, 33.056254490976499 ], [ -111.629982366269999, 33.0570233849174 ], [ -111.629972579363994, 33.0571300335872 ], [ -111.629978473568997, 33.057133748952197 ], [ -111.629946408362997, 33.0580425290797 ], [ -111.629912141510999, 33.058042457696899 ], [ -111.629876689151999, 33.058759873216999 ], [ -111.625523275968007, 33.058781782115503 ], [ -111.625516874257997, 33.057876613540998 ], [ -111.621164389952, 33.057898365332797 ], [ -111.621151294715006, 33.056033665059601 ], [ -111.618372114557005, 33.0560214691277 ], [ -111.618359449078994, 33.056057267686001 ], [ -111.601957134299994, 33.055870968530897 ], [ -111.599955006414007, 33.054344704841498 ], [ -111.599935365646999, 33.054346009805201 ], [ -111.595096173551994, 33.053925377265799 ], [ -111.595043358606006, 33.053928949524199 ], [ -111.591401213994999, 33.053977924114498 ], [ -111.591384981494002, 33.051549757603098 ], [ -111.589752916696995, 33.051518496720803 ], [ -111.587030725233006, 33.0514663109767 ], [ -111.587029989054997, 33.0513553643598 ], [ -111.587019488294004, 33.051354735463001 ], [ -111.587006501855996, 33.050667764379398 ], [ -111.586558247159999, 33.050620387686699 ], [ -111.584754080845997, 33.050416263851297 ], [ -111.582623873621998, 33.048529841792401 ], [ -111.582653180427002, 33.047846367735701 ], [ -111.581038708026995, 33.047853897850899 ], [ -111.576434448208005, 33.045299283271703 ], [ -111.576429961534004, 33.045290699703003 ], [ -111.576435916568997, 33.045284816320603 ], [ -111.576432043696002, 33.044690273384298 ], [ -111.576185204203995, 33.044680473150002 ], [ -111.575214584370002, 33.044641937017097 ], [ -111.574911421696001, 33.044629899873698 ], [ -111.574911456322994, 33.044635229708597 ], [ -111.574576514938002, 33.044618894877203 ], [ -111.574456832471, 33.044613063388901 ], [ -111.573652718939996, 33.044345023023297 ], [ -111.568080517617005, 33.042450957369603 ], [ -111.563088275173001, 33.038891334232403 ], [ -111.563034575659998, 33.038084932895003 ], [ -111.562999852489, 33.036860251898801 ], [ -111.558914958230005, 33.036878617248099 ], [ -111.558904852286005, 33.035278014014601 ], [ -111.556978062172007, 33.035313582137597 ], [ -111.553039425804997, 33.033463171319298 ], [ -111.552976858866998, 33.033433775897798 ], [ -111.552980146779007, 33.0334290320571 ], [ -111.551832483016995, 33.032768044429098 ], [ -111.551396967958993, 33.032412437590096 ], [ -111.545984752650995, 33.032406241052698 ], [ -111.545977734073006, 33.031268112629597 ], [ -111.549699505779003, 33.0312792705787 ], [ -111.550349404398006, 33.031281209122703 ], [ -111.550278827198994, 33.027900083637299 ], [ -111.549652048498004, 33.027890570431602 ], [ -111.548117693866004, 33.027867263250698 ], [ -111.548104463670001, 33.027804217151903 ], [ -111.546056808352006, 33.0277916306149 ], [ -111.546085527139994, 33.026349917166002 ], [ -111.546126952115003, 33.024270443866698 ], [ -111.548553560686003, 33.024233757901399 ], [ -111.550394420554994, 33.024829610021897 ], [ -111.554337726634003, 33.024849901829199 ], [ -111.555252614007998, 33.024260751962998 ], [ -111.557828561687998, 33.024173768926801 ], [ -111.558810382454993, 33.024201182377098 ], [ -111.558931383496997, 33.030103570658099 ], [ -111.558938577052999, 33.030113199930199 ], [ -111.558994201226, 33.031290317910702 ], [ -111.571376159536001, 33.031193330313599 ], [ -111.571376253246001, 33.031234234465003 ], [ -111.572361924133006, 33.031229717153998 ], [ -111.572322472148002, 33.0402440147029 ], [ -111.573171209994996, 33.040240122952802 ], [ -111.573309680392001, 33.040239486735501 ], [ -111.573662297414003, 33.040237870414401 ], [ -111.573691067219002, 33.040237687615097 ], [ -111.574074012550994, 33.040235274906401 ], [ -111.574077213142999, 33.038630453253901 ], [ -111.576121329434002, 33.038621031116399 ], [ -111.576121285666005, 33.038614306806203 ], [ -111.576252636280998, 33.038613700214398 ], [ -111.576267279473996, 33.037971585498603 ], [ -111.576274588608001, 33.037650842525302 ], [ -111.578715959817004, 33.037663313333397 ], [ -111.578651255167998, 33.0402207477917 ], [ -111.582896020825004, 33.040270632874503 ], [ -111.582863808892995, 33.042213422415401 ], [ -111.583896678334995, 33.042215234208001 ], [ -111.583907361458003, 33.042220458277001 ], [ -111.587417647378999, 33.042258323405299 ], [ -111.587560582237003, 33.042246700800199 ], [ -111.587501284160993, 33.045631303747697 ], [ -111.587506421097004, 33.0458384843323 ], [ -111.591563223970994, 33.0458959591327 ], [ -111.591470450900005, 33.048604444955402 ], [ -111.594051629736001, 33.048599679309397 ], [ -111.594072247848004, 33.048610914893203 ], [ -111.596066982869999, 33.048611965765097 ], [ -111.596056488466999, 33.049544205404601 ], [ -111.599925575045006, 33.049570414168898 ], [ -111.599925546297996, 33.049563805275596 ], [ -111.600077917736002, 33.049556316338602 ], [ -111.600164359654997, 33.047877246861901 ], [ -111.600169824627997, 33.047771060210401 ], [ -111.600168784865005, 33.047617770274698 ], [ -111.603551557304002, 33.047642145882598 ], [ -111.603574942776007, 33.046889352641202 ], [ -111.599914940768002, 33.046864194837802 ], [ -111.599912304458996, 33.046192259816102 ], [ -111.599911740430997, 33.046047455473499 ], [ -111.599911351062005, 33.045948791763898 ], [ -111.595832529603996, 33.045933522659098 ], [ -111.595840692498001, 33.044926634133297 ], [ -111.591581760853003, 33.0449217328283 ], [ -111.591619274199005, 33.0439154400608 ], [ -111.591613231310006, 33.043915385732099 ], [ -111.591645833754001, 33.041990857787603 ], [ -111.595904912251001, 33.042000985189603 ], [ -111.595905033899996, 33.042019051907602 ], [ -111.596269396118004, 33.042017311030897 ], [ -111.596211795922002, 33.043842534751001 ], [ -111.597776059558996, 33.043847602612097 ], [ -111.597775595464, 33.0438350244807 ], [ -111.597843611905006, 33.040575019207999 ], [ -111.597410283477004, 33.040577094899 ], [ -111.597406040387, 33.040582014945898 ], [ -111.596276448040001, 33.040587418704298 ], [ -111.596266343628997, 33.0415642423131 ], [ -111.587075801520996, 33.041469385234699 ], [ -111.587086520970004, 33.040969250868102 ], [ -111.587087131811998, 33.040940734471 ], [ -111.587200513056004, 33.037743455444698 ], [ -111.586931559891994, 33.0377447209368 ], [ -111.586913606652999, 33.037752734988203 ], [ -111.586913689854995, 33.037742994658899 ], [ -111.582777311984998, 33.037701265109298 ], [ -111.582813331222994, 33.036909338294898 ], [ -111.582872403883997, 33.0339880550099 ], [ -111.582608895353005, 33.033989285676697 ], [ -111.582608865327998, 33.033984723430201 ], [ -111.581889558965003, 33.033988079981199 ], [ -111.581829105883997, 33.033988361888902 ], [ -111.581850032484994, 33.0330237343288 ], [ -111.581087952030003, 33.033014700759303 ], [ -111.581075222888003, 33.033034956136298 ], [ -111.579937383485003, 33.033008304910098 ], [ -111.579758117386007, 33.033008301802099 ], [ -111.579796082249999, 33.031232776107899 ], [ -111.576303789731995, 33.031199926108201 ], [ -111.576289326159994, 33.030268123173997 ], [ -111.576361152106003, 33.027612203061302 ], [ -111.575995851767999, 33.027607424103003 ], [ -111.575808253077, 33.027604974071302 ], [ -111.573288867117995, 33.027584416974399 ], [ -111.572639193903996, 33.027579109523501 ], [ -111.572638661276997, 33.027563807470102 ], [ -111.571969880911993, 33.027559152481899 ], [ -111.572036432169, 33.024233974739097 ], [ -111.571498530593004, 33.024223854299798 ], [ -111.571479368530007, 33.0242346616105 ], [ -111.568737025578997, 33.024204405229902 ], [ -111.567323678227993, 33.0241985628546 ], [ -111.567351491759993, 33.022826253798101 ], [ -111.567382203883994, 33.020652753622002 ], [ -111.567382335063996, 33.020643312517102 ] ], [ [ -111.621188025861002, 33.0539708650522 ], [ -111.621228936147006, 33.0515764082906 ], [ -111.619767272855995, 33.051583679019501 ], [ -111.619240591543999, 33.051586294684398 ], [ -111.613108989425996, 33.051616582498298 ], [ -111.613098760979994, 33.052095905523601 ], [ -111.617185958766996, 33.0521136749514 ], [ -111.617186313028, 33.052201300670497 ], [ -111.617187384584, 33.052470499958098 ], [ -111.617175608181995, 33.053276707964599 ], [ -111.617175242293996, 33.053292582425101 ], [ -111.617174048275004, 33.053343897303499 ], [ -111.617173630896005, 33.053478282452303 ], [ -111.613049048929, 33.053481594536599 ], [ -111.613059458527999, 33.053890016394398 ], [ -111.621188025861002, 33.0539708650522 ] ], [ [ -111.621257959413995, 33.044229098920297 ], [ -111.621240735878999, 33.044206389095201 ], [ -111.617399334679007, 33.044165329076201 ], [ -111.617407060622, 33.044173898724303 ], [ -111.617388178965001, 33.044917177240897 ], [ -111.621255060411997, 33.044958785194098 ], [ -111.621257959413995, 33.044229098920297 ] ], [ [ -111.616931218987006, 33.0485104174507 ], [ -111.616956729381997, 33.0485104572574 ], [ -111.616961903036, 33.048146653904297 ], [ -111.616968747385997, 33.048143640716397 ], [ -111.616967099514994, 33.047907316927599 ], [ -111.613090576152999, 33.047875946913699 ], [ -111.613074232017993, 33.048503191105503 ], [ -111.616931519931001, 33.048553578022599 ], [ -111.616931218987006, 33.0485104174507 ] ], [ [ -111.603627030772998, 33.050347847143897 ], [ -111.603958822604994, 33.050350503182401 ], [ -111.603971117026006, 33.050205008942797 ], [ -111.603962447802004, 33.0501938659893 ], [ -111.603984321441004, 33.0501937600838 ], [ -111.603981190319004, 33.049735100322899 ], [ -111.600460862475998, 33.049718529498499 ], [ -111.600450424802006, 33.049928397307603 ], [ -111.600419584831002, 33.049928425782603 ], [ -111.600435888964995, 33.049953581952401 ], [ -111.600431442970006, 33.050322249619697 ], [ -111.603627030772998, 33.050347847143897 ] ], [ [ -111.607935707623, 33.051143727551 ], [ -111.608188579651994, 33.0511466143926 ], [ -111.608211765066997, 33.050654265562002 ], [ -111.607931323266001, 33.050655632600197 ], [ -111.607931224614006, 33.050644549183502 ], [ -111.604475754701994, 33.0506613414246 ], [ -111.604469555584004, 33.051104076212603 ], [ -111.607935707623, 33.051143727551 ] ] ] } },
{ "type": "Feature", "properties": { "OBJECTID": 107, "PROGRAM": "72", "CERTIFICATE": "534753", "CONVEYANCE": "0000", "NAME": "Chandler Heights Citrus ID (Denied)", "EXIST_OR_P": "E", "GSF_OR_USF": "GSF", "AMA": "Phoenix", "CRSPNDG_CE": "57.002504.0000", "STATUS": "Inactive", "LABEL": "Chandler Heights Citrus ID", "MAXSAVINGS": "3000", "Shape__Area": 5687509.8538818397, "Shape__Length": 12111.5292194699 }, "geometry": { "type": "Polygon", "coordinates": [ [ [ -111.694625090244003, 33.219438593792198 ], [ -111.692445553026005, 33.2194682221972 ], [ -111.690265681984997, 33.219497531959298 ], [ -111.688085470871002, 33.219527092244597 ], [ -111.685906935790001, 33.219556319163701 ], [ -111.683772306549997, 33.2195398835239 ], [ -111.681648750546003, 33.219523637414603 ], [ -111.679525524067998, 33.219507348740301 ], [ -111.677402303115002, 33.219491027399997 ], [ -111.675278742106002, 33.2194746680535 ], [ -111.673155521433998, 33.219458275120303 ], [ -111.671031623752995, 33.2194415627648 ], [ -111.668916447135999, 33.219425054086599 ], [ -111.668921804809997, 33.217575106302597 ], [ -111.668926839964001, 33.2157268509266 ], [ -111.668931872382004, 33.213878031285397 ], [ -111.668937231474004, 33.212028927928202 ], [ -111.668942262741993, 33.210179830301598 ], [ -111.668947629208006, 33.208330724919897 ], [ -111.668952660325004, 33.2064816217013 ], [ -111.668958020234996, 33.204632234755103 ], [ -111.671080705910001, 33.204624745465303 ], [ -111.673211440494995, 33.204617458747002 ], [ -111.673205576111002, 33.206477562616101 ], [ -111.673200002656998, 33.208331739239703 ], [ -111.675328868663001, 33.208332041160503 ], [ -111.677457740457996, 33.208332584435603 ], [ -111.679586605140003, 33.2083328081019 ], [ -111.681715806124004, 33.208333276723501 ], [ -111.681725143601, 33.206468365766298 ], [ -111.681734347146005, 33.204586826042998 ], [ -111.683865074433996, 33.204579075526901 ], [ -111.685880457655998, 33.204571646468303 ], [ -111.686004686212996, 33.204593507690198 ], [ -111.688183104106997, 33.204596134081498 ], [ -111.690344755316005, 33.204598529414802 ], [ -111.692506072387999, 33.2046011749812 ], [ -111.694667719310004, 33.204603776653698 ], [ -111.696829369997999, 33.204606346162599 ], [ -111.698990685365999, 33.204608879098402 ], [ -111.701152335935006, 33.204611368092799 ], [ -111.703296547185005, 33.204613641180401 ], [ -111.705443099692005, 33.204615295797502 ], [ -111.707604073406003, 33.2046171128042 ], [ -111.709765044272999, 33.204618616290098 ], [ -111.711926014458996, 33.204620076837202 ], [ -111.711926141980001, 33.2064567465669 ], [ -111.711926599349994, 33.208292850137603 ], [ -111.711926726059005, 33.210129236483297 ], [ -111.711927185988998, 33.2119653389706 ], [ -111.709774099567994, 33.211965806590101 ], [ -111.707619674512003, 33.211966522370801 ], [ -111.707623743138001, 33.213803449661199 ], [ -111.705472290811002, 33.213804396720001 ], [ -111.703325536513006, 33.213805563240598 ], [ -111.703331205802002, 33.215644172080196 ], [ -111.703336871537999, 33.217482216664997 ], [ -111.703342537378006, 33.219320824448197 ], [ -111.701164018518995, 33.2193503183857 ], [ -111.698984490944, 33.2193797789485 ], [ -111.696804621078002, 33.219409208665198 ], [ -111.694625090244003, 33.219438593792198 ] ] ] } },
{ "type": "Feature", "properties": { "OBJECTID": 108, "PROGRAM": "72", "CERTIFICATE": "431255", "CONVEYANCE": "0000", "NAME": "Coolidge", "EXIST_OR_P": "E", "GSF_OR_USF": "GSF", "AMA": "Pinal", "CRSPNDG_CE": "N/A", "STATUS": "Active", "LABEL": "Coolidge", "MAXSAVINGS": "2240", "Shape__Area": 8991044.1697997991, "Shape__Length": 29244.481630644201 }, "geometry": { "type": "Polygon", "coordinates": [ [ [ -111.549680702000998, 32.931047782162402 ], [ -111.549668218123003, 32.933976089116399 ], [ -111.541032581755005, 32.933977619686999 ], [ -111.536464856424004, 32.933978143208897 ], [ -111.536490994668, 32.932160474832699 ], [ -111.536478577617004, 32.930350749662203 ], [ -111.532335741121003, 32.930338961936599 ], [ -111.523634995565999, 32.9303100274511 ], [ -111.523616190755007, 32.932992394948599 ], [ -111.532299504934997, 32.933019403627597 ], [ -111.532212730897996, 32.939437057306399 ], [ -111.533696371386, 32.939433809050897 ], [ -111.533704936760003, 32.938362068020197 ], [ -111.534275374567997, 32.9383613415444 ], [ -111.534277199117994, 32.938133205661003 ], [ -111.533706759587005, 32.9381339357519 ], [ -111.533710906984993, 32.937615346834001 ], [ -111.540977909082997, 32.937604299321002 ], [ -111.549652765424995, 32.937599583296901 ], [ -111.549668218123003, 32.933976089116399 ], [ -111.554003147787, 32.933803639799997 ], [ -111.554038835333998, 32.9376035819297 ], [ -111.552648152135006, 32.937574213563799 ], [ -111.552652291214002, 32.938239695596401 ], [ -111.558302191186002, 32.938324095966003 ], [ -111.558288895632003, 32.9411674897922 ], [ -111.557579700660995, 32.941161594622102 ], [ -111.557583678144994, 32.941795181768001 ], [ -111.558285912683004, 32.941797967118397 ], [ -111.558275030209003, 32.944092731335303 ], [ -111.558453553449993, 32.944091933564302 ], [ -111.558476852823006, 32.951405174671102 ], [ -111.558499595227005, 32.9586261153175 ], [ -111.554291397276998, 32.958680499379497 ], [ -111.549967185952994, 32.958678166830197 ], [ -111.541383012167998, 32.958754505096202 ], [ -111.541365340707998, 32.957304715047798 ], [ -111.541360907222, 32.956941348835102 ], [ -111.541294598933007, 32.9515018831476 ], [ -111.541206554227003, 32.944279441119598 ], [ -111.544339132152004, 32.944247055830097 ], [ -111.547850625448007, 32.944210665301704 ], [ -111.549624643968997, 32.944192243064101 ], [ -111.549631821605004, 32.942509571895599 ], [ -111.549637777059004, 32.941113133113802 ], [ -111.540924892472006, 32.9411210284904 ], [ -111.540906343420005, 32.942396722383599 ], [ -111.540879037964004, 32.944282815799298 ], [ -111.536633729724997, 32.944316369529503 ], [ -111.532146267246006, 32.944351680125699 ], [ -111.526463889382001, 32.9443960815358 ], [ -111.526464051153994, 32.944244850959002 ], [ -111.526418584861005, 32.941109446248603 ], [ -111.532189613563006, 32.9411466344799 ], [ -111.532873903899997, 32.941144649988701 ], [ -111.532880691272993, 32.9407030058861 ], [ -111.532195635616006, 32.940701311565398 ], [ -111.532196621693004, 32.940628409769801 ], [ -111.525863107369005, 32.940567720726101 ], [ -111.525922696322993, 32.939653057695899 ], [ -111.525925255632004, 32.939554468462198 ], [ -111.525920103646996, 32.939455950469302 ], [ -111.525907261124999, 32.939357933897703 ], [ -111.525886785165994, 32.939260844263202 ], [ -111.525858763870005, 32.939165103341701 ], [ -111.525823320607003, 32.939071128249502 ], [ -111.525780607578994, 32.938979327861901 ], [ -111.525730812229995, 32.938890100982498 ], [ -111.525674149745001, 32.938803835473202 ], [ -111.525610867330002, 32.938720907333803 ], [ -111.525541240978001, 32.938641677108201 ], [ -111.523942756835993, 32.936942806913102 ], [ -111.523862250356004, 32.936861966101901 ], [ -111.523776542568996, 32.936785022165601 ], [ -111.523685895892001, 32.936712213934101 ], [ -111.523590591900998, 32.936643764823202 ], [ -111.523558662938996, 32.941196728284901 ], [ -111.523538344905006, 32.944418842798903 ], [ -111.521341767307007, 32.944436206777702 ], [ -111.519747725513994, 32.944448784797402 ], [ -111.516244855121002, 32.944476348039103 ], [ -111.515792905500007, 32.944479895897999 ], [ -111.515447544303996, 32.944482608275898 ], [ -111.514932387543993, 32.944486650985901 ], [ -111.514952596618002, 32.941121748576897 ], [ -111.515018537659998, 32.929025923219697 ], [ -111.515020269106003, 32.9264186697661 ], [ -111.515020282178, 32.926399695435997 ], [ -111.515021611625997, 32.924397685652998 ], [ -111.515021867863993, 32.9240128498787 ], [ -111.515021929024996, 32.923920201722296 ], [ -111.515022522297997, 32.923026915914697 ], [ -111.516929011244997, 32.923031319704201 ], [ -111.519353171223997, 32.9230368775073 ], [ -111.519640909320003, 32.923037534364703 ], [ -111.520028455765996, 32.923038417591599 ], [ -111.525867116555006, 32.923051807936403 ], [ -111.530159788763001, 32.923061763194397 ], [ -111.530151863037005, 32.926629710381 ], [ -111.532347592297995, 32.926634694380702 ], [ -111.532354869415002, 32.924360449581798 ], [ -111.536236733633004, 32.924342264304599 ], [ -111.536336408381999, 32.923074658399202 ], [ -111.541198036628998, 32.9230250693046 ], [ -111.545462135041006, 32.923024503684097 ], [ -111.545410362506004, 32.928248545841498 ], [ -111.546633526706003, 32.928589311447297 ], [ -111.549693854132997, 32.928597912771899 ], [ -111.549680702000998, 32.931047782162402 ] ] ] } },
{ "type": "Feature", "properties": { "OBJECTID": 109, "PROGRAM": "72", "CERTIFICATE": "553133", "CONVEYANCE": "0006", "NAME": "Salt River Project", "EXIST_OR_P": "E", "GSF_OR_USF": "GSF", "AMA": "Phoenix", "CRSPNDG_CE": "57.002520.0000", "STATUS": "Active", "LABEL": "Salt River Project", "MAXSAVINGS": "117000", "Shape__Area": 1420501291.0242901, "Shape__Length": 215997.235932318 }, "geometry": { "type": "Polygon", "coordinates": [ [ [ -111.770028718185998, 33.469195877806797 ], [ -111.770529618501001, 33.469109344947903 ], [ -111.771101370327997, 33.469011075281401 ], [ -111.773064282600004, 33.468245645524497 ], [ -111.773503130720997, 33.4682316056956 ], [ -111.773904313649993, 33.468145241310097 ], [ -111.774880407411004, 33.468000117023401 ], [ -111.774880322254006, 33.4680036080535 ], [ -111.775185708264004, 33.4679445555266 ], [ -111.775229846249999, 33.467931660492198 ], [ -111.775496642459004, 33.4678537166387 ], [ -111.775762430425004, 33.467767264234801 ], [ -111.77610632359, 33.467695103222397 ], [ -111.776562566894995, 33.467607013675 ], [ -111.776803722821001, 33.467597735196598 ], [ -111.776976993380003, 33.467572140013502 ], [ -111.777244431099007, 33.467406745573399 ], [ -111.7773101274, 33.467359167722101 ], [ -111.777496834668995, 33.467223954489697 ], [ -111.777597568269002, 33.467174838992001 ], [ -111.777676800852007, 33.467137957792602 ], [ -111.777733842868003, 33.467111405857402 ], [ -111.777868475434005, 33.467048736897603 ], [ -111.777887524766996, 33.467039869468998 ], [ -111.778163380193007, 33.466928808858199 ], [ -111.778670697422001, 33.466724559668499 ], [ -111.778874024863001, 33.466629942599397 ], [ -111.779069871532002, 33.466538806791299 ], [ -111.779274726454005, 33.466463695587699 ], [ -111.779355894961995, 33.466433934573402 ], [ -111.779519452692995, 33.466387094967097 ], [ -111.780048614286002, 33.466351720427298 ], [ -111.780206313948995, 33.466344984439203 ], [ -111.780292300675001, 33.466314349177601 ], [ -111.780358863765002, 33.466290521291803 ], [ -111.780563349513997, 33.466186302976197 ], [ -111.780843957120993, 33.466043403303203 ], [ -111.780934423060003, 33.465997384805497 ], [ -111.781051066133003, 33.465914200239098 ], [ -111.781099300489998, 33.465872193449002 ], [ -111.781288057211, 33.465709143184696 ], [ -111.781320699185002, 33.465676242227502 ], [ -111.781480566838994, 33.465569483265497 ], [ -111.781700957465006, 33.465496856891299 ], [ -111.781943038367004, 33.465439712155998 ], [ -111.781951520419994, 33.465437795249898 ], [ -111.782203919531, 33.465376527104901 ], [ -111.782255984333005, 33.465365818172003 ], [ -111.782449243075007, 33.465297331109198 ], [ -111.782691703013995, 33.465211596529997 ], [ -111.782974926164002, 33.465111269531803 ], [ -111.783324895410999, 33.464987158165698 ], [ -111.783617993275001, 33.464883311987002 ], [ -111.783625952161003, 33.4648804295934 ], [ -111.784071482225997, 33.464722612728899 ], [ -111.784146148470001, 33.464696165557903 ], [ -111.784267864631005, 33.464652857514601 ], [ -111.784276730662, 33.464649021404497 ], [ -111.784414752385999, 33.464590341164502 ], [ -111.784500431883998, 33.464553913607197 ], [ -111.784620840936995, 33.464413946579597 ], [ -111.784659646288006, 33.464266041228498 ], [ -111.784681143778002, 33.464183632254198 ], [ -111.784773174246993, 33.463987698216201 ], [ -111.784804718798995, 33.4639509781803 ], [ -111.784894117055998, 33.463846910386501 ], [ -111.785014625014, 33.463773363705997 ], [ -111.785083225424998, 33.463731422127502 ], [ -111.785386703564996, 33.463635813801297 ], [ -111.785477558528001, 33.4636147398326 ], [ -111.785913418679002, 33.463514293064399 ], [ -111.786314670048995, 33.463421920168699 ], [ -111.786676405196999, 33.463338384093298 ], [ -111.786711887221003, 33.463328821169704 ], [ -111.786951332447003, 33.463263632745203 ], [ -111.787155363542993, 33.4631651870274 ], [ -111.787284082794002, 33.463045248999698 ], [ -111.787422380226005, 33.462897244854098 ], [ -111.787489152945, 33.462826656315698 ], [ -111.787528806878996, 33.462783556087999 ], [ -111.787530822158004, 33.462781386754003 ], [ -111.787565430510995, 33.4627441468851 ], [ -111.787744578721004, 33.462549627006602 ], [ -111.787995257152005, 33.462277810781103 ], [ -111.788239933103, 33.462012578475601 ], [ -111.788245499322002, 33.462006235837201 ], [ -111.788491751470005, 33.461739358703497 ], [ -111.788496026963998, 33.4617349850746 ], [ -111.788746268858006, 33.461463127719398 ], [ -111.789185154161999, 33.460987638337201 ], [ -111.789304957336, 33.4608315791778 ], [ -111.789443254245995, 33.4606805981972 ], [ -111.789450552996001, 33.460670363436201 ], [ -111.789456414797002, 33.4606599664572 ], [ -111.789462706926997, 33.460648965145502 ], [ -111.789467949501997, 33.460637683701101 ], [ -111.789473190951995, 33.460626159642501 ], [ -111.789476802406995, 33.460614069625997 ], [ -111.789481037637003, 33.460601704153802 ], [ -111.789483452107007, 33.460589333139801 ], [ -111.789486011424998, 33.460576440785502 ], [ -111.789487371620993, 33.4605635064609 ], [ -111.789488397501003, 33.460550372231403 ], [ -111.789488034122996, 33.4605371133623 ], [ -111.789487429020994, 33.460523897521597 ], [ -111.789485434366, 33.460510761783098 ], [ -111.789483585989004, 33.460497262534098 ], [ -111.789479915864007, 33.460484360243598 ], [ -111.789476336180002, 33.460471463690702 ], [ -111.789471181877005, 33.460458767473703 ], [ -111.789466264639003, 33.460446107628201 ], [ -111.789459664507007, 33.460434049268102 ], [ -111.789453213930003, 33.460421869997603 ], [ -111.789445369977997, 33.4604106547512 ], [ -111.789437432013003, 33.4603992768523 ], [ -111.789428242398998, 33.460388946856703 ], [ -111.789419489634, 33.460378494121002 ], [ -111.789409580904007, 33.460368842450301 ], [ -111.789399723138999, 33.460359470956703 ], [ -111.789389048052001, 33.460350984055403 ], [ -111.789378518982005, 33.4603426982573 ], [ -111.789367025860997, 33.460335254692602 ], [ -111.789356252635997, 33.460327811954599 ], [ -111.789344519354003, 33.460321533416 ], [ -111.789244648563994, 33.4602164261347 ], [ -111.788459107684005, 33.459390834955002 ], [ -111.788163524954001, 33.459079933356499 ], [ -111.787707026793996, 33.458695229695401 ], [ -111.787580900818995, 33.458589249699997 ], [ -111.787582990564999, 33.458440739599403 ], [ -111.787583145004007, 33.458433066736198 ], [ -111.787582285138001, 33.458432221671501 ], [ -111.787493943043003, 33.458345083839802 ], [ -111.787404978346004, 33.458257378068197 ], [ -111.786188323711002, 33.457056453858399 ], [ -111.785977815522003, 33.456848469505701 ], [ -111.785668778268004, 33.456543371585198 ], [ -111.785559357804004, 33.4564852486562 ], [ -111.785312937498006, 33.456354392629002 ], [ -111.784870043143997, 33.456119531082798 ], [ -111.784648477382007, 33.4560019164607 ], [ -111.783725682135994, 33.455512416767 ], [ -111.782773929051999, 33.455007456904198 ], [ -111.782539966830996, 33.454883237855903 ], [ -111.782318166272006, 33.454765377854201 ], [ -111.782292693632002, 33.454751894955002 ], [ -111.782148877329007, 33.454627775565797 ], [ -111.781963899670004, 33.4544684549926 ], [ -111.780907173287005, 33.453556801676001 ], [ -111.780542210114007, 33.4532419455956 ], [ -111.780129244861001, 33.452885619840501 ], [ -111.779440050543997, 33.452290938658699 ], [ -111.779440744097002, 33.452245547812403 ], [ -111.779437011826005, 33.452242208845497 ], [ -111.779090340861003, 33.451942836893799 ], [ -111.778884755096001, 33.451791367971303 ], [ -111.778680654867003, 33.451640861659499 ], [ -111.777549753485999, 33.450651887441801 ], [ -111.777263964891006, 33.450401986718802 ], [ -111.776574952475997, 33.449718753495098 ], [ -111.775564488743996, 33.4487172421005 ], [ -111.774276042538006, 33.447440236060601 ], [ -111.774029947309998, 33.447196442015802 ], [ -111.773705245005004, 33.446874501384897 ], [ -111.772903241714999, 33.4460795655664 ], [ -111.772639498697998, 33.4458179101821 ], [ -111.772280364172005, 33.445462063392199 ], [ -111.771934771006997, 33.445119526847201 ], [ -111.771332140555003, 33.444522010553499 ], [ -111.771016690913001, 33.444211202627102 ], [ -111.770869877657006, 33.444065813318701 ], [ -111.770740812187, 33.443937680396701 ], [ -111.770253390359002, 33.443455339240302 ], [ -111.770208327074997, 33.443408848977498 ], [ -111.768505710268002, 33.440771358747398 ], [ -111.767574534104995, 33.439328721595203 ], [ -111.767505421585, 33.439226646333601 ], [ -111.766799508600002, 33.438184455313099 ], [ -111.766588216233004, 33.437872997738602 ], [ -111.766339695325001, 33.437505577012701 ], [ -111.766296968968007, 33.437442621174498 ], [ -111.766137973295997, 33.437202207620402 ], [ -111.766096536028002, 33.4371417006356 ], [ -111.765557959839001, 33.436354465625598 ], [ -111.765273454734, 33.435938273902103 ], [ -111.764873534425007, 33.435353784577202 ], [ -111.763899182006995, 33.4339289032499 ], [ -111.762465765160997, 33.431832595138602 ], [ -111.762298127803007, 33.431587625885001 ], [ -111.762286659042999, 33.431570701952197 ], [ -111.762287621864999, 33.431541055459398 ], [ -111.761644708391998, 33.4305414520895 ], [ -111.761319369591007, 33.430019954069003 ], [ -111.761183740289994, 33.4298012948422 ], [ -111.760629094283004, 33.4289131068358 ], [ -111.760433374556001, 33.428599573512201 ], [ -111.760088178261995, 33.4280455884399 ], [ -111.759881613930006, 33.427714719413999 ], [ -111.759869574400994, 33.427697111454599 ], [ -111.759808789255999, 33.4276099059283 ], [ -111.759613924215003, 33.427329348270497 ], [ -111.759260749136999, 33.4268217857529 ], [ -111.758950870563993, 33.426375861311698 ], [ -111.758672290402004, 33.425975365874002 ], [ -111.757994396932006, 33.425000005446101 ], [ -111.757571577636995, 33.424391721034603 ], [ -111.756791876253999, 33.4233029009022 ], [ -111.756480329710001, 33.422866604674098 ], [ -111.756391451778001, 33.422743245529198 ], [ -111.756302427473997, 33.422619846620996 ], [ -111.755682304024006, 33.421753810494103 ], [ -111.755678338340999, 33.421747978320298 ], [ -111.755338704143995, 33.421273766378697 ], [ -111.755334212044005, 33.421267131058997 ], [ -111.755321361579007, 33.421249318312199 ], [ -111.755319781758999, 33.4212471073415 ], [ -111.755115135123006, 33.420961308143497 ], [ -111.755113415501995, 33.420959098922999 ], [ -111.754864092133005, 33.420610452170401 ], [ -111.754862322559006, 33.420608683399699 ], [ -111.754567568240006, 33.420196786612898 ], [ -111.754565794491995, 33.420194657986798 ], [ -111.753863712709006, 33.419215505144798 ], [ -111.753686833868997, 33.418969187832502 ], [ -111.753686255477007, 33.418968221754398 ], [ -111.753684969736995, 33.419069130285401 ], [ -111.753506800899004, 33.418820680223398 ], [ -111.753146215735001, 33.418317551872001 ], [ -111.753006818821007, 33.418316524772202 ], [ -111.753009330772997, 33.418126318803203 ], [ -111.752426488313006, 33.417312895733303 ], [ -111.752502172609994, 33.417312871391999 ], [ -111.751552467278998, 33.415985944724497 ], [ -111.751551170222996, 33.416089824381501 ], [ -111.751316070482005, 33.415761839433898 ], [ -111.751129596325995, 33.415501163227397 ], [ -111.750982689828007, 33.415295532940597 ], [ -111.750362668676004, 33.414431436707901 ], [ -111.749967773060007, 33.413880125550399 ], [ -111.749881729929996, 33.413760463912098 ], [ -111.749848447307997, 33.413707108361201 ], [ -111.749757667875997, 33.413560767697497 ], [ -111.749666793024005, 33.413414425734203 ], [ -111.749576349720002, 33.413268080189198 ], [ -111.749485473584002, 33.413122017692899 ], [ -111.749394696194003, 33.412975395320402 ], [ -111.749303821748995, 33.412829332669297 ], [ -111.749213374844004, 33.412683551477201 ], [ -111.749122173130004, 33.412537003606097 ], [ -111.749031729126997, 33.412390862375503 ], [ -111.748940808336997, 33.412244519209402 ], [ -111.748849983545, 33.412098172685504 ], [ -111.748759260800995, 33.411952151978397 ], [ -111.748668337686993, 33.411805805903299 ], [ -111.748577608486002, 33.411659462193398 ], [ -111.748486787109002, 33.411513118967598 ], [ -111.748395868423998, 33.411367055860197 ], [ -111.748304711114002, 33.411220470088097 ], [ -111.748213600822993, 33.411073561964201 ], [ -111.748122826645002, 33.4109269349523 ], [ -111.748032004666996, 33.410780592270001 ], [ -111.747941520262003, 33.410634325047702 ], [ -111.747831074242001, 33.410456259045297 ], [ -111.747686631529007, 33.410223595468103 ], [ -111.747354781530007, 33.4096830885534 ], [ -111.747105205924996, 33.409276781291702 ], [ -111.746855871687004, 33.408870756144097 ], [ -111.746574690752993, 33.408412787676397 ], [ -111.746563138268002, 33.408393526636601 ], [ -111.746499118437995, 33.408261439996998 ], [ -111.746412770662999, 33.408083564949898 ], [ -111.745208649920997, 33.406142101833296 ], [ -111.745120682036998, 33.406010583058702 ], [ -111.745110657393994, 33.4059957457739 ], [ -111.745104542956, 33.405987464722202 ], [ -111.741666923256005, 33.4010166725133 ], [ -111.741591900662002, 33.4009085054224 ], [ -111.741504832836995, 33.400643416883703 ], [ -111.741468697029006, 33.400533742864098 ], [ -111.741317322872007, 33.400072849890101 ], [ -111.741257294600004, 33.3998908279166 ], [ -111.740997806235995, 33.399105524712198 ], [ -111.740730419892003, 33.398297112209796 ], [ -111.740411151765997, 33.3973313936445 ], [ -111.740311572061998, 33.397030332268102 ], [ -111.740184905603002, 33.396646199472698 ], [ -111.740171068863006, 33.3965249444107 ], [ -111.740085402237995, 33.395783871611499 ], [ -111.739959639201999, 33.394739012703397 ], [ -111.739860454647996, 33.393911590671102 ], [ -111.739846870497999, 33.393760008613597 ], [ -111.739836985954, 33.393650769130097 ], [ -111.739666328493001, 33.392171876869597 ], [ -111.739438446982007, 33.390195705724302 ], [ -111.739429264948996, 33.390116999324803 ], [ -111.739339236063998, 33.389336951664198 ], [ -111.739211749564006, 33.388230826059001 ], [ -111.739156437163999, 33.388045759314799 ], [ -111.738915282188003, 33.3875713571327 ], [ -111.738355960880995, 33.3864730878065 ], [ -111.737771563083996, 33.385325287899498 ], [ -111.737676373214001, 33.385207049456397 ], [ -111.737534816443997, 33.385095490342103 ], [ -111.737228079272001, 33.384926047326502 ], [ -111.736927996060999, 33.384760151095399 ], [ -111.736713329533004, 33.384642218963002 ], [ -111.736685300386995, 33.384626754499998 ], [ -111.736606754457995, 33.384565340439302 ], [ -111.736541068625002, 33.384513906780903 ], [ -111.736455254274006, 33.384446414203602 ], [ -111.736328429794, 33.3843203359204 ], [ -111.735448214132006, 33.383445215672999 ], [ -111.734957849905996, 33.382956062722201 ], [ -111.734888053442006, 33.382854728506103 ], [ -111.734765790851995, 33.382677636855 ], [ -111.733183030418999, 33.379443634930098 ], [ -111.733080050525004, 33.379233031823503 ], [ -111.733066931327997, 33.379232890131298 ], [ -111.733022926242995, 33.379141878630797 ], [ -111.732993463072006, 33.379081417895001 ], [ -111.732978817724998, 33.379054160755899 ], [ -111.732786127519006, 33.378676509539801 ], [ -111.732687763276999, 33.378362789118498 ], [ -111.732510474310999, 33.376965501324797 ], [ -111.732246904546002, 33.375594640483797 ], [ -111.731963544672993, 33.374121709400299 ], [ -111.731908313987006, 33.373749242879697 ], [ -111.731907260537994, 33.373634634133197 ], [ -111.731906371018994, 33.373556539142299 ], [ -111.731954782228996, 33.373303535071202 ], [ -111.732007440396998, 33.373148311170603 ], [ -111.732156159417997, 33.372709864389599 ], [ -111.732378338500993, 33.3720601882182 ], [ -111.732395162662996, 33.372005499957403 ], [ -111.732396808927007, 33.371996705206399 ], [ -111.732398118182005, 33.371988230833601 ], [ -111.732399715013997, 33.371979438178101 ], [ -111.732401460169996, 33.3719706428435 ], [ -111.732402817464006, 33.371962128501302 ], [ -111.732404415339005, 33.371953332231598 ], [ -111.732405772430994, 33.371944537382703 ], [ -111.732407085435, 33.371935740989798 ], [ -111.732408052680995, 33.371930838571302 ], [ -111.732408735294001, 33.371925579756002 ], [ -111.732409417173002, 33.3719203615331 ], [ -111.732410335498002, 33.371915137405402 ], [ -111.732411018405998, 33.371909913764597 ], [ -111.732411650721005, 33.371904938459899 ], [ -111.732412332576999, 33.3718997175312 ], [ -111.732413012275998, 33.371894495713299 ], [ -111.732415345063998, 33.371879113544303 ], [ -111.732417338353002, 33.371864011180399 ], [ -111.732419381968995, 33.371848628913497 ], [ -111.732420993434005, 33.371833245588498 ], [ -111.732422990502002, 33.371817824812098 ], [ -111.732424745488004, 33.371802763540003 ], [ -111.732426406049996, 33.371787338435198 ], [ -111.732428017483002, 33.371771951502303 ], [ -111.732429772288, 33.371756612429003 ], [ -111.732431386317003, 33.371741150618597 ], [ -111.732432759454994, 33.371725805679503 ], [ -111.732434080671993, 33.371710422262701 ], [ -111.732435457451004, 33.371694998831998 ], [ -111.732436733843997, 33.371679654463598 ], [ -111.732438057200994, 33.371664270132001 ], [ -111.732439143402004, 33.371648806925798 ], [ -111.732440515484996, 33.371633464698498 ], [ -111.732441504516999, 33.371618079633599 ], [ -111.732442448092002, 33.371602657856599 ], [ -111.732443152261993, 33.371587273570398 ], [ -111.732444235900999, 33.371571889751102 ], [ -111.732444889858996, 33.371556542741203 ], [ -111.732445593709997, 33.371541120574598 ], [ -111.732446297870993, 33.371525735386399 ], [ -111.732446998813998, 33.371510351118999 ], [ -111.732447318856998, 33.371494924001297 ], [ -111.732448023025, 33.371479539714798 ], [ -111.732448293242001, 33.3714641958709 ], [ -111.732448708967993, 33.371448769992398 ], [ -111.732449026162996, 33.3714333879891 ], [ -111.732449443296005, 33.3714180017882 ], [ -111.732449475600006, 33.371402616955997 ], [ -111.732454536115, 33.371158866300298 ], [ -111.732456729354993, 33.371048597507503 ], [ -111.732477233745996, 33.370061948987797 ], [ -111.732477239662998, 33.370058935521499 ], [ -111.732477245574003, 33.370055921153302 ], [ -111.732477539472001, 33.370053151319603 ], [ -111.732477547547006, 33.370050138742499 ], [ -111.732477552397995, 33.370047126184502 ], [ -111.732477559398006, 33.370044113613801 ], [ -111.732477564264002, 33.370041102859602 ], [ -111.732477571109996, 33.370038328405897 ], [ -111.732477577034999, 33.370035315841498 ], [ -111.732477584042996, 33.370032304172703 ], [ -111.732477590696007, 33.370029250114101 ], [ -111.732477595755, 33.370026518964799 ], [ -111.732477602005005, 33.370023545182598 ], [ -111.732477607258005, 33.3700204523482 ], [ -111.732477615348003, 33.370017441574902 ], [ -111.732477333177002, 33.370014428004602 ], [ -111.732477340030002, 33.370011654452803 ], [ -111.732477344889006, 33.370008642796698 ], [ -111.732477351889003, 33.370005630225897 ], [ -111.732476975102998, 33.370002614508003 ], [ -111.732476980710999, 33.369999564063399 ], [ -111.732476986837995, 33.369996832005803 ], [ -111.732476707906002, 33.369993820220202 ], [ -111.732476713809007, 33.369990804950099 ], [ -111.732476720082005, 33.369987833873601 ], [ -111.732476290177004, 33.369985021408901 ], [ -111.732476298207004, 33.369982003420297 ], [ -111.732476070561006, 33.369978954352 ], [ -111.732476077545996, 33.3699759399775 ], [ -111.732475697558996, 33.369972926984197 ], [ -111.732475415278998, 33.369970156942301 ], [ -111.732475420129006, 33.369967144384297 ], [ -111.732474398780994, 33.369953403715698 ], [ -111.732473132533997, 33.369939942294103 ], [ -111.732471916296006, 33.369926163089303 ], [ -111.732470268583, 33.369912462194598 ], [ -111.732468672875996, 33.369898681620903 ], [ -111.732466735854004, 33.369885219647202 ], [ -111.732464510889997, 33.369871518550397 ], [ -111.732462151091994, 33.3698580184831 ], [ -111.732459642007996, 33.369844277572597 ], [ -111.732457037103998, 33.369830775343502 ], [ -111.732454142294998, 33.3698173127069 ], [ -111.732451112937994, 33.369803572160002 ], [ -111.732447976604007, 33.369790149732403 ], [ -111.732444414987995, 33.369776646833898 ], [ -111.732440758040994, 33.369763184183903 ], [ -111.732436908672, 33.369749720865002 ], [ -111.732432962423999, 33.369736498037597 ], [ -111.732428775523999, 33.369723034906002 ], [ -111.732424544408005, 33.369709811053099 ], [ -111.732419927720997, 33.369696627357001 ], [ -111.732415405332006, 33.3696834079281 ], [ -111.732410169467997, 33.369670223374897 ], [ -111.732405263282004, 33.369656998994301 ], [ -111.732400122236001, 33.369644097094998 ], [ -111.732394593858004, 33.3696311532848 ], [ -111.732389016374995, 33.369618250352097 ], [ -111.732383111770005, 33.369605306956998 ], [ -111.732377295641001, 33.369592402725701 ], [ -111.732371337502997, 33.369579741055801 ], [ -111.732364901308998, 33.369567114676201 ], [ -111.732358704530995, 33.369554452609599 ], [ -111.732351740504001, 33.369541950205097 ], [ -111.732351457174005, 33.369541106744798 ], [ -111.732350885399995, 33.369540220790199 ], [ -111.732350406896003, 33.369539176443404 ], [ -111.732120509142007, 33.369105552034803 ], [ -111.731874546596003, 33.368641249859103 ], [ -111.731629773668999, 33.3681791589404 ], [ -111.731552526456994, 33.368033102359398 ], [ -111.731410232908004, 33.367764710735898 ], [ -111.731190694180995, 33.367350381145698 ], [ -111.730971156078994, 33.366936130492299 ], [ -111.730790051610001, 33.366594405808598 ], [ -111.730789430840005, 33.3665934407625 ], [ -111.730789005039, 33.366592396098604 ], [ -111.730788478381001, 33.3665916307327 ], [ -111.730788049031005, 33.366590547305599 ], [ -111.730787428254004, 33.366589581357601 ], [ -111.730780323123994, 33.366575831379699 ], [ -111.730773029694006, 33.3665618010996 ], [ -111.730766310489997, 33.366548054260797 ], [ -111.730759446692005, 33.366533983568601 ], [ -111.730752581424994, 33.366519994060802 ], [ -111.730745954455003, 33.3665059643657 ], [ -111.730739473683997, 33.366491935613602 ], [ -111.730733279692004, 33.366477622860998 ], [ -111.730727087009996, 33.366463595118297 ], [ -111.730720893707996, 33.3664493644389 ], [ -111.730715083161002, 33.366435015154003 ], [ -111.730709128908998, 33.366420705498797 ], [ -111.730703366007006, 33.3664063974228 ], [ -111.730697794763003, 33.366392127904497 ], [ -111.730692274443996, 33.366377777812097 ], [ -111.730686991086003, 33.366363227894503 ], [ -111.730681849619003, 33.366348678043401 ], [ -111.730676997935007, 33.366334332132404 ], [ -111.730671666191995, 33.366319779793002 ], [ -111.730667196222996, 33.366305190812803 ], [ -111.730662342523004, 33.366290603188901 ], [ -111.730657732392004, 33.366276091699397 ], [ -111.730653551391995, 33.366261223215503 ], [ -111.730649322228004, 33.366246636425103 ], [ -111.730645092103998, 33.366231806112097 ], [ -111.730641149937, 33.366217218534203 ], [ -111.730636969274997, 33.366202389733701 ], [ -111.730633405475999, 33.366187801732501 ], [ -111.730629848999001, 33.366172932277998 ], [ -111.730626290729006, 33.3661581052258 ], [ -111.730623017281005, 33.3661432746933 ], [ -111.730619697291999, 33.3661284056505 ], [ -111.730615766111001, 33.366110244458703 ], [ -111.730612259839006, 33.366092121354001 ], [ -111.730608659867997, 33.366073719194297 ], [ -111.730605826488997, 33.366055595737201 ], [ -111.730602513934997, 33.366037114317599 ], [ -111.730599920087002, 33.366018712550201 ], [ -111.730597470277004, 33.366000310836903 ], [ -111.730594825883003, 33.3659819057589 ], [ -111.730592615437004, 33.365963462950802 ], [ -111.730590695572005, 33.365945062628299 ], [ -111.730588959190996, 33.365926623343903 ], [ -111.730587418773993, 33.365908223494202 ], [ -111.730585880259994, 33.365889536811203 ], [ -111.730584865153006, 33.365871098693702 ], [ -111.730583564986006, 33.365852378137603 ], [ -111.730583076184999, 33.365834020804598 ], [ -111.730582444584996, 33.365815297216002 ], [ -111.730582055081996, 33.365796859926398 ], [ -111.730581854147005, 33.365778220391 ], [ -111.730581893519002, 33.365759781479397 ], [ -111.730582172718997, 33.365741100334297 ], [ -111.730582641354999, 33.365722706700197 ], [ -111.730583351464006, 33.365704267449203 ], [ -111.730584347665001, 33.365685591104103 ], [ -111.730585008638997, 33.365667189122199 ], [ -111.730586390748002, 33.365648515015799 ], [ -111.730587770539998, 33.365630078137301 ], [ -111.730589626867001, 33.365611683552103 ], [ -111.730591441971995, 33.3655932441117 ], [ -111.730593439125997, 33.365574851403501 ], [ -111.730595728297999, 33.365556416388699 ], [ -111.730598017809001, 33.3655380219599 ], [ -111.730599083467993, 33.365532800580702 ], [ -111.730599763247, 33.365527580570401 ], [ -111.730600444093994, 33.365522359651898 ], [ -111.730600984112996, 33.365517136856198 ], [ -111.730602045495004, 33.365511918208 ], [ -111.730602727409007, 33.365506696381303 ], [ -111.730603650839001, 33.365501434349 ], [ -111.730604329536007, 33.365496213443102 ], [ -111.730605394443003, 33.365491030852297 ], [ -111.730606363177003, 33.365485530437198 ], [ -111.730607046179998, 33.365480310407897 ], [ -111.730607964575995, 33.3654750889932 ], [ -111.730609030248004, 33.365469869417801 ], [ -111.730609951866995, 33.365464647984098 ], [ -111.730611014630995, 33.365459466307897 ], [ -111.730612030527993, 33.365454207339198 ], [ -111.730612951403998, 33.365449025596 ], [ -111.730614014918999, 33.3654438051312 ], [ -111.730614936544995, 33.365438584599403 ], [ -111.730616002231002, 33.365433366827702 ], [ -111.730616972939004, 33.365428102713203 ], [ -111.730618320228004, 33.365422882382198 ], [ -111.730619241854001, 33.365417661850401 ], [ -111.730620307539994, 33.3654124440787 ], [ -111.730621609661995, 33.365407221307599 ], [ -111.7306225807, 33.365401996877097 ], [ -111.730623931243002, 33.365396780134802 ], [ -111.730624847689, 33.365391840141598 ], [ -111.730626202508006, 33.365386620668197 ], [ -111.73062755302, 33.3653814003181 ], [ -111.730628475713004, 33.365376178878002 ], [ -111.730629829411001, 33.365370953999403 ], [ -111.730729364604997, 33.364959674356101 ], [ -111.730759261700996, 33.364835590401199 ], [ -111.730787706570993, 33.364718453731598 ], [ -111.730754435234005, 33.364718686554198 ], [ -111.730571794412, 33.3647197794985 ], [ -111.730813611738, 33.363676015457301 ], [ -111.730845059925997, 33.363474600350301 ], [ -111.730838755202996, 33.363264060503397 ], [ -111.730627317360003, 33.361472314453202 ], [ -111.730592943027006, 33.361180661711103 ], [ -111.730516335334997, 33.360531944710097 ], [ -111.730509588551996, 33.360463764931701 ], [ -111.730492191438998, 33.3602919273319 ], [ -111.730487559330996, 33.360039322887701 ], [ -111.730548802995003, 33.3588111858678 ], [ -111.730612987813998, 33.357551115542002 ], [ -111.730672506001994, 33.356346030452301 ], [ -111.731284406463999, 33.353808815135103 ], [ -111.731729590518, 33.350846054522599 ], [ -111.731998829115, 33.350461776039602 ], [ -111.732063976488007, 33.350369479787197 ], [ -111.732245675222003, 33.3503676598475 ], [ -111.732283297777997, 33.350367273831502 ], [ -111.732347886238003, 33.3502447236528 ], [ -111.732411512989998, 33.350124267143997 ], [ -111.732773575313004, 33.349571808795702 ], [ -111.732995323622006, 33.349233252615001 ], [ -111.732999355622994, 33.349227192011099 ], [ -111.733003341560007, 33.349221533952097 ], [ -111.733007183742004, 33.349215393292198 ], [ -111.733011167737004, 33.349209375363301 ], [ -111.733015201677006, 33.349203674628598 ], [ -111.733018992606006, 33.349197573956999 ], [ -111.733023026761003, 33.349191514241497 ], [ -111.733026867803005, 33.349185494449998 ], [ -111.733040698102997, 33.349164589307797 ], [ -111.733054526679993, 33.3491434794296 ], [ -111.733067974340003, 33.349122570229397 ], [ -111.733081801783996, 33.349101454943103 ], [ -111.733095633279007, 33.349080310768699 ], [ -111.733109078151003, 33.349059199541898 ], [ -111.733122475230999, 33.349038285222498 ], [ -111.733136353202994, 33.3490171750435 ], [ -111.733149797769002, 33.348996029539599 ], [ -111.733163340415004, 33.348974918631399 ], [ -111.733176786507002, 33.348953443900903 ], [ -111.733189942262001, 33.348932334372201 ], [ -111.733203393196007, 33.348911182511102 ], [ -111.733216838434004, 33.348889992799897 ], [ -111.733229998257997, 33.348868601831903 ], [ -111.733243158278, 33.3488474913703 ], [ -111.733256605660998, 33.348826303446003 ], [ -111.733269762250004, 33.348804913394801 ], [ -111.733282923819999, 33.348783477312999 ], [ -111.733295987830999, 33.348762326824499 ], [ -111.733309144098001, 33.348740900692697 ], [ -111.733321922304, 33.348719502948903 ], [ -111.733335080887997, 33.348698354603599 ], [ -111.733347954755004, 33.348676959899898 ], [ -111.733361018525002, 33.348655527995099 ], [ -111.733373936817998, 33.3486341781242 ], [ -111.733386713274996, 33.3486127037175 ], [ -111.733399490075001, 33.348591270797399 ], [ -111.733412362874006, 33.348569880603002 ], [ -111.733425190169001, 33.3485484473821 ], [ -111.733437677631002, 33.348526731148198 ], [ -111.733450456555005, 33.348505298210299 ], [ -111.733479995866006, 33.348455609854703 ], [ -111.733913194286998, 33.3477301148435 ], [ -111.734563529932004, 33.346640783909002 ], [ -111.735249246424999, 33.345491846088102 ], [ -111.735287046015003, 33.345428390506399 ], [ -111.735645865064996, 33.344827312885201 ], [ -111.735816174544993, 33.344541943516496 ], [ -111.735820689110994, 33.344534276278502 ], [ -111.735825393051996, 33.344526892937203 ], [ -111.735829621093004, 33.344519146220399 ], [ -111.735834279651996, 33.344511478128801 ], [ -111.735838507314995, 33.344503814394102 ], [ -111.735842784021003, 33.344496104368702 ], [ -111.735847298612995, 33.3444884407375 ], [ -111.735851669919995, 33.344480734661097 ], [ -111.735855946647007, 33.344473027341103 ], [ -111.735860221573006, 33.344465361521699 ], [ -111.735864498290994, 33.344457653299401 ], [ -111.735868436854005, 33.344449987668902 ], [ -111.735872758325996, 33.344442362161303 ], [ -111.735876606765999, 33.344434330869497 ], [ -111.735880834065, 33.344426624743399 ], [ -111.735884870411994, 33.344418958532899 ], [ -111.735888810554002, 33.344410969991202 ], [ -111.735892702890993, 33.344403302829903 ], [ -111.735896692078001, 33.344395396075598 ], [ -111.735900634033001, 33.344387367836703 ], [ -111.735904526360002, 33.3443796997731 ], [ -111.735908132271007, 33.3443717096036 ], [ -111.735912121862, 33.344363723473997 ], [ -111.735915679626004, 33.344356014098601 ], [ -111.735919331366006, 33.344348106637298 ], [ -111.735923323096003, 33.3443401195928 ], [ -111.735926878840004, 33.3443321703081 ], [ -111.735930484755002, 33.344324181039802 ], [ -111.735933851362006, 33.344316231973799 ], [ -111.735937411402006, 33.344308282663299 ], [ -111.735941016232999, 33.344300292499199 ], [ -111.735944381772001, 33.344292344341198 ], [ -111.735948372335997, 33.344283835970799 ], [ -111.735951983299998, 33.344275042125098 ], [ -111.735955538282994, 33.344266492139802 ], [ -111.735958862323002, 33.344257699092402 ], [ -111.735962469342994, 33.344248947661796 ], [ -111.735966076020006, 33.344240155644997 ], [ -111.735969398837, 33.3442316007215 ], [ -111.735973005521004, 33.3442228096064 ], [ -111.735976327431004, 33.344214019276897 ], [ -111.735979550440007, 33.3442052250237 ], [ -111.735982869428994, 33.344196470789697 ], [ -111.735986191321999, 33.344187678656098 ], [ -111.735989173660002, 33.344178890338704 ], [ -111.735992450389006, 33.344170094864801 ], [ -111.735995434830002, 33.344161301123002 ], [ -111.735998754679002, 33.344152266374401 ], [ -111.736001696136, 33.344143472887197 ], [ -111.736004632218993, 33.344134679431697 ], [ -111.736007568301005, 33.344125885976197 ], [ -111.736010219392, 33.344116811896697 ], [ -111.736013157629998, 33.3441080193302 ], [ -111.736015855130006, 33.3440992245826 ], [ -111.736018745866005, 33.344090150886501 ], [ -111.736021446589007, 33.344081356119702 ], [ -111.736024097685004, 33.344072282941802 ], [ -111.736026797338994, 33.344063489083098 ], [ -111.736029301201, 33.344054414973698 ], [ -111.736031951415995, 33.344045620505902 ], [ -111.736034219179004, 33.344036584776099 ], [ -111.736036917546002, 33.3440275104157 ], [ -111.736039186268002, 33.344018716404896 ], [ -111.736041598024002, 33.344009679821497 ], [ -111.736111499244998, 33.343742925320903 ], [ -111.736287713679005, 33.343071961914802 ], [ -111.736317933162994, 33.343017051005901 ], [ -111.736463552727002, 33.342466756820002 ], [ -111.736610420496007, 33.341915337499501 ], [ -111.737068385924005, 33.3401905277616 ], [ -111.737058292724996, 33.340188664685897 ], [ -111.737416240884997, 33.3388484667189 ], [ -111.737949721687997, 33.337556605152301 ], [ -111.737973435154998, 33.337498391615199 ], [ -111.738000063043003, 33.337441227773297 ], [ -111.738378872347994, 33.3369407945017 ], [ -111.738486313373997, 33.336798822319203 ], [ -111.738693693209001, 33.336580587629904 ], [ -111.739397167044004, 33.3358395506419 ], [ -111.739483299799005, 33.335748766162197 ], [ -111.739198984542995, 33.335749565661203 ], [ -111.739283919650006, 33.335658820916002 ], [ -111.740961600548005, 33.333864825790499 ], [ -111.741027592679998, 33.333794256945303 ], [ -111.741170940567002, 33.333640803634097 ], [ -111.741279230711996, 33.333524984392902 ], [ -111.741407279710998, 33.333388622244698 ], [ -111.745982435664999, 33.328497304902299 ], [ -111.746265061920994, 33.328495645148301 ], [ -111.747006980755998, 33.3277015884454 ], [ -111.747633276398005, 33.327031261414099 ], [ -111.747835297242005, 33.326815253540197 ], [ -111.747838364540002, 33.3268119618619 ], [ -111.748035777515, 33.326600888064803 ], [ -111.748186101244997, 33.326440006632701 ], [ -111.748522664410999, 33.326080125552899 ], [ -111.749945802200003, 33.3245566561041 ], [ -111.749952038116007, 33.324550398541199 ], [ -111.750044477708002, 33.324452906797397 ], [ -111.751311456901007, 33.323095560270303 ], [ -111.751819310638993, 33.322551709478901 ], [ -111.752853747559001, 33.321444345403101 ], [ -111.753049416950006, 33.3212348273929 ], [ -111.753298808129998, 33.321233944963701 ], [ -111.753352358675997, 33.321233737489401 ], [ -111.754039127729001, 33.3204918278904 ], [ -111.755623541798997, 33.318780251594198 ], [ -111.755890227907997, 33.318451794901698 ], [ -111.756037991853006, 33.318237229466703 ], [ -111.757790149993994, 33.314845557174301 ], [ -111.757968094673998, 33.314655933046602 ], [ -111.758325728675004, 33.314452639610202 ], [ -111.758594230954998, 33.3143504210421 ], [ -111.759947510066993, 33.314029393312097 ], [ -111.759953781335994, 33.314027873031598 ], [ -111.760027678105999, 33.314014145949997 ], [ -111.760342943347993, 33.313955648722001 ], [ -111.760785375409995, 33.313873414470301 ], [ -111.760788168038005, 33.3138729905858 ], [ -111.761155325608996, 33.313494826258797 ], [ -111.761156185497995, 33.313494387147799 ], [ -111.761157632709995, 33.313493543066102 ], [ -111.761162929237003, 33.3134902545399 ], [ -111.761202891078995, 33.3134610116781 ], [ -111.761920425246004, 33.3129475099473 ], [ -111.76273868957, 33.312364309104296 ], [ -111.763303920178998, 33.311958631996902 ], [ -111.763660874284, 33.311692489682898 ], [ -111.764150726501995, 33.311211879831397 ], [ -111.764263254249997, 33.311105240700002 ], [ -111.764551504958007, 33.310832305443398 ], [ -111.765233586335, 33.310073975278101 ], [ -111.765529622954006, 33.3096950761568 ], [ -111.765750218161998, 33.309253821518801 ], [ -111.765970595187994, 33.3087748415021 ], [ -111.766277975989993, 33.307968530557297 ], [ -111.766585980311007, 33.307243927211601 ], [ -111.766776713186005, 33.306802831451499 ], [ -111.766854732837004, 33.306669193450801 ], [ -111.767307619486999, 33.3058945894484 ], [ -111.767554296089003, 33.305469107189197 ], [ -111.768207074814995, 33.304343075774199 ], [ -111.768619785065994, 33.303611521457398 ], [ -111.769062338184, 33.302879799989903 ], [ -111.769858728225003, 33.301529974519099 ], [ -111.770094720692995, 33.301126324865102 ], [ -111.770167379034007, 33.300874494245697 ], [ -111.770239100536998, 33.3005221150826 ], [ -111.770208095548, 33.300409196741398 ], [ -111.769995877520003, 33.300096291839303 ], [ -111.769723185136996, 33.299733464136402 ], [ -111.769481664191005, 33.299496168164701 ], [ -111.769435294351993, 33.299333055849999 ], [ -111.769478201428996, 33.299106579915303 ], [ -111.769446777731005, 33.298930754793702 ], [ -111.769579722580005, 33.298728885133997 ], [ -111.769707576355998, 33.298652068726199 ], [ -111.769981771044002, 33.2984875280967 ], [ -111.770472943369995, 33.298182840683303 ], [ -111.770896555503995, 33.297943712858903 ], [ -111.771078794456002, 33.297840765165603 ], [ -111.771082152560993, 33.297838999032898 ], [ -111.771206428599001, 33.2976977887704 ], [ -111.771286918464, 33.297591546821501 ], [ -111.771319360662005, 33.297548723251403 ], [ -111.771320710099999, 33.297546939814602 ], [ -111.771444729894, 33.297270553845898 ], [ -111.771540609613993, 33.297057597960602 ], [ -111.771567493286, 33.297030150307698 ], [ -111.771635536554001, 33.296960450832302 ], [ -111.771689010909, 33.296905840515301 ], [ -111.771726207425999, 33.296860812684997 ], [ -111.771866646492995, 33.2966910489938 ], [ -111.771987050145995, 33.296604497455199 ], [ -111.772086759448996, 33.296533630511597 ], [ -111.772091396133007, 33.296530217543101 ], [ -111.772092312507993, 33.296529022161799 ], [ -111.772093142220996, 33.296528108731103 ], [ -111.772168446072001, 33.2964287560469 ], [ -111.772678381887999, 33.2957558697587 ], [ -111.772784678768005, 33.295692416919998 ], [ -111.772784690909006, 33.295687337895302 ], [ -111.772784465729998, 33.295649740098703 ], [ -111.772784288040995, 33.295639454324501 ], [ -111.772783615598996, 33.295553688212202 ], [ -111.772783583644994, 33.2955433645512 ], [ -111.772782251329005, 33.295363755172602 ], [ -111.772782172828997, 33.295353390310503 ], [ -111.772781139716997, 33.295224159070997 ], [ -111.772781108114998, 33.295213753328802 ], [ -111.772756716733994, 33.292050138917297 ], [ -111.772756638241006, 33.2920397731476 ], [ -111.772755935050995, 33.29074158513 ], [ -111.772754773409005, 33.288436981968502 ], [ -111.772754791560999, 33.288426735553202 ], [ -111.772754746743999, 33.288423844137597 ], [ -111.772754760846993, 33.288415087790703 ], [ -111.772754763522002, 33.2884133199261 ], [ -111.772754785266002, 33.288369975044802 ], [ -111.772754741678995, 33.288369050803396 ], [ -111.772754743969998, 33.288367604942103 ], [ -111.772754755817999, 33.288359689238902 ], [ -111.772754758415999, 33.288358765612401 ], [ -111.772754759649004, 33.288357199796401 ], [ -111.772753421757002, 33.284813338455599 ], [ -111.772751354731, 33.281217095378501 ], [ -111.772751359658997, 33.2812142424348 ], [ -111.772749678395996, 33.277614860583 ], [ -111.774865855111997, 33.277584935630799 ], [ -111.774911289263002, 33.277584307867102 ], [ -111.774917217088998, 33.277584225816597 ], [ -111.774923930914994, 33.277584139768102 ], [ -111.774931899742, 33.277584020640703 ], [ -111.774933314814007, 33.277583995584003 ], [ -111.777098599050007, 33.277553404488103 ], [ -111.777104525381006, 33.277553275440503 ], [ -111.778602619197002, 33.277531990922199 ], [ -111.781447796875995, 33.277491402171698 ], [ -111.781453725443995, 33.277491284628297 ], [ -111.785565102592003, 33.277433097230002 ], [ -111.785570896175997, 33.277433016421902 ], [ -111.785766396295998, 33.277430283561699 ], [ -111.785772305546004, 33.2774301686404 ], [ -111.789049806945997, 33.277383678816904 ], [ -111.789682238232004, 33.277374700310702 ], [ -111.789688160403998, 33.277374590532901 ], [ -111.793989519178993, 33.2773143447885 ], [ -111.793995410524005, 33.277314271081003 ], [ -111.794014153958003, 33.277314036812498 ], [ -111.798296946571, 33.277253939217701 ], [ -111.798300589644995, 33.277253898685302 ], [ -111.798302918426998, 33.277253863887097 ], [ -111.798459274573005, 33.2772516826344 ], [ -111.798465099325, 33.277251608240803 ], [ -111.802604410426994, 33.277193788254401 ], [ -111.802610301263002, 33.277193426415998 ], [ -111.806911780448999, 33.277132915013503 ], [ -111.806917674372997, 33.277132774833703 ], [ -111.811236641595002, 33.27708680237 ], [ -111.811242608339001, 33.277086758019898 ], [ -111.815554359187004, 33.277040737663199 ], [ -111.815555697128005, 33.277040735199201 ], [ -111.815561727732998, 33.277040630693399 ], [ -111.815567925740993, 33.277040514265401 ], [ -111.815568750975004, 33.277038379320999 ], [ -111.815571627241994, 33.277031516369597 ], [ -111.815657558751994, 33.276831769781801 ], [ -111.815702160263996, 33.276721616452299 ], [ -111.816184646737995, 33.275487685606002 ], [ -111.816499822508007, 33.274762076073202 ], [ -111.816820943330001, 33.274061414581702 ], [ -111.816918426982994, 33.273874896910598 ], [ -111.817029068991005, 33.273473468005903 ], [ -111.817042552814996, 33.273392372420901 ], [ -111.817086462662999, 33.273128559532097 ], [ -111.817255258344005, 33.272508924436998 ], [ -111.817727410637005, 33.270851931307 ], [ -111.817746037633995, 33.270786263221702 ], [ -111.817916303773998, 33.270383799004897 ], [ -111.818137230789006, 33.270052715258203 ], [ -111.818370514389002, 33.269787443508299 ], [ -111.818417431233001, 33.2697422873172 ], [ -111.818638026829007, 33.269533124856899 ], [ -111.818903320288996, 33.269337333225302 ], [ -111.819213361690998, 33.269149371056699 ], [ -111.819546573058005, 33.268983320082697 ], [ -111.81991777943, 33.268837944072899 ], [ -111.820484795314002, 33.2685769845857 ], [ -111.820792553990003, 33.268415607174703 ], [ -111.821010889422993, 33.268253641596203 ], [ -111.821250387315004, 33.2680223526662 ], [ -111.821427840284002, 33.267809497125199 ], [ -111.821433162643999, 33.2677976913576 ], [ -111.821584849942994, 33.2675306635185 ], [ -111.821658208363999, 33.267173711640503 ], [ -111.821694855640999, 33.266890328238198 ], [ -111.821675501517007, 33.266612767290901 ], [ -111.821638666290994, 33.266269429912697 ], [ -111.821589142815995, 33.265763390213998 ], [ -111.821638098218003, 33.265197243252601 ], [ -111.821806089614995, 33.264436599551999 ], [ -111.821822212151005, 33.264342084586097 ], [ -111.821844355867995, 33.263846823997298 ], [ -111.821863859722995, 33.263406516647798 ], [ -111.821914190013999, 33.263071480094297 ], [ -111.822043986682999, 33.262563122860499 ], [ -111.822059451288993, 33.262502155278597 ], [ -111.822096983994996, 33.262413764633003 ], [ -111.822134091476997, 33.262326176827997 ], [ -111.822136869581001, 33.262319712131998 ], [ -111.822169824175006, 33.262267073062297 ], [ -111.822173896684006, 33.262260567335801 ], [ -111.822173899758994, 33.262258718292003 ], [ -111.822206805551005, 33.262205917181902 ], [ -111.823376181716995, 33.260172692826899 ], [ -111.823938758484005, 33.259021181539097 ], [ -111.823985334742005, 33.258923960593798 ], [ -111.824114359367996, 33.258544151202102 ], [ -111.824243619217, 33.2581638972406 ], [ -111.824290392785002, 33.257743454600003 ], [ -111.824335997389994, 33.2573419320303 ], [ -111.824369086629005, 33.256973619697803 ], [ -111.824434012062, 33.256567488008102 ], [ -111.824556437457005, 33.256180562032299 ], [ -111.824705958481999, 33.255760995465302 ], [ -111.825048914009997, 33.255085918051599 ], [ -111.825057679468003, 33.255068331137601 ], [ -111.825348941170006, 33.254720575625001 ], [ -111.825951874276996, 33.254064684645499 ], [ -111.826371580404995, 33.253641454119602 ], [ -111.826750910429993, 33.253236873542001 ], [ -111.826999155232002, 33.2529523139169 ], [ -111.827319281184998, 33.2524589103013 ], [ -111.827472054393994, 33.2521154687796 ], [ -111.827723580916995, 33.251416134124803 ], [ -111.827957458759997, 33.250765753248501 ], [ -111.828309426736993, 33.249779861221697 ], [ -111.828399264688002, 33.249588622841301 ], [ -111.829045407059994, 33.2482131768001 ], [ -111.829260661373993, 33.247911310991299 ], [ -111.829304132919006, 33.247849717328002 ], [ -111.829385214957995, 33.247758138686201 ], [ -111.829520380812994, 33.247605258964498 ], [ -111.829544503494006, 33.247577557493202 ], [ -111.829668995472005, 33.247436597908703 ], [ -111.829959735017994, 33.247136390201398 ], [ -111.830760602016994, 33.246436619106497 ], [ -111.831070583024996, 33.246107577983601 ], [ -111.831265798364996, 33.245798784747102 ], [ -111.831419691414993, 33.245405000266899 ], [ -111.831530414566004, 33.244813617776103 ], [ -111.831653170479001, 33.244433870965203 ], [ -111.831859805188998, 33.2441225551811 ], [ -111.832230472679001, 33.243715819526301 ], [ -111.832348551707, 33.243465185226199 ], [ -111.832364453040995, 33.243235409810701 ], [ -111.832274138631007, 33.242942371561803 ], [ -111.831467148640996, 33.241214377004397 ], [ -111.831164251805006, 33.240565267670497 ], [ -111.831112689514995, 33.240442625702499 ], [ -111.830749923108002, 33.239579916842501 ], [ -111.830610473183, 33.238942205435897 ], [ -111.830559574798002, 33.238141215947799 ], [ -111.830581181636006, 33.237852071156503 ], [ -111.830663958208007, 33.236741200767099 ], [ -111.830839437614003, 33.235917945816801 ], [ -111.83094585389, 33.235418518337099 ], [ -111.830972497838005, 33.2352012823089 ], [ -111.830990038617003, 33.235058200860003 ], [ -111.830895659163005, 33.234631587300498 ], [ -111.830666228148004, 33.2341661114977 ], [ -111.830358136529995, 33.2338301387515 ], [ -111.830094785908003, 33.233542927281498 ], [ -111.829925873563994, 33.2333773403682 ], [ -111.829897792032995, 33.233350365915399 ], [ -111.829756832594995, 33.233201589817803 ], [ -111.829671351233998, 33.233111382513997 ], [ -111.829654016332995, 33.233093254966398 ], [ -111.829464391056007, 33.232895433980097 ], [ -111.829195019112007, 33.232614400345703 ], [ -111.828680592526993, 33.231927696992898 ], [ -111.828664218699998, 33.231905707893297 ], [ -111.82864861182, 33.231883444896603 ], [ -111.828632617834003, 33.231861216947102 ], [ -111.828617488730004, 33.2318386296635 ], [ -111.828602166325993, 33.231815801938502 ], [ -111.828587514706001, 33.231792973351297 ], [ -111.828573101605997, 33.231769943838799 ], [ -111.828559071626003, 33.231746796321097 ], [ -111.828545091951995, 33.231723405837499 ], [ -111.828531727636005, 33.231700055449998 ], [ -111.828518225078, 33.231676384881702 ], [ -111.828505821427996, 33.231652475187303 ], [ -111.828493129180998, 33.231628803728903 ], [ -111.828481106034999, 33.231604611887903 ], [ -111.828468940635005, 33.231580698798801 ], [ -111.828457591005005, 33.231556226468001 ], [ -111.828446092690001, 33.231532033833801 ], [ -111.82843565201, 33.231507322740001 ], [ -111.828424966715005, 33.231482847785401 ], [ -111.828415193224998, 33.2314580961677 ], [ -111.828404986649005, 33.2314336252388 ], [ -111.828395595798, 33.231408590559496 ], [ -111.828393162918005, 33.231402120720098 ], [ -111.828386395994997, 33.231383556411103 ], [ -111.828383249267006, 33.231374112129899 ], [ -111.828377910678995, 33.231358604092698 ], [ -111.828369190632003, 33.231333570355801 ], [ -111.828361327047006, 33.2313085372286 ], [ -111.828353562773998, 33.2312832229279 ], [ -111.828346369163, 33.2312579896115 ], [ -111.828339127180001, 33.231232633949197 ], [ -111.828332650145995, 33.231207362487297 ], [ -111.828326462872994, 33.231182089095498 ], [ -111.828320657882003, 33.231156495665502 ], [ -111.828307197380994, 33.231089799184701 ], [ -111.828306579008995, 33.231086705949203 ], [ -111.828301679215002, 33.231061956142902 ], [ -111.828298112854995, 33.231043516635197 ], [ -111.828295502597001, 33.231024832641801 ], [ -111.828292603665005, 33.231006151472499 ], [ -111.828289995014998, 33.230987751587598 ], [ -111.828287718544004, 33.2309690680773 ], [ -111.828285540449002, 33.230950346029303 ], [ -111.828283595650007, 33.230931666624102 ], [ -111.828281989966996, 33.230912984059003 ], [ -111.828280288258, 33.230894019817597 ], [ -111.828278968091993, 33.2308753407629 ], [ -111.828278078967998, 33.230856619151702 ], [ -111.828277143574994, 33.2308376570234 ], [ -111.828276491649007, 33.230818936538597 ], [ -111.828275842251998, 33.2308002566254 ], [ -111.828275479260995, 33.230781333078099 ], [ -111.828275497047002, 33.230762613545799 ], [ -111.828275516147997, 33.230743691964101 ], [ -111.828276202954001, 33.230725013977398 ], [ -111.828276604436994, 33.230706011378501 ], [ -111.828277531251004, 33.230687291205101 ], [ -111.828278266349002, 33.2306686128967 ], [ -111.828279578332001, 33.230649652039403 ], [ -111.828280933765001, 33.230630974110397 ], [ -111.828282911688007, 33.230612297448197 ], [ -111.828284556466997, 33.230593574297998 ], [ -111.828286537598999, 33.230574896712398 ], [ -111.828288849266997, 33.230556216925898 ], [ -111.828291496496007, 33.230537498826301 ], [ -111.828293760958999, 33.230518821157801 ], [ -111.828296697260001, 33.230500142623697 ], [ -111.828299725285007, 33.230481744892302 ], [ -111.828303330351005, 33.230463309043898 ], [ -111.828303762684001, 33.230460216027602 ], [ -111.828304675837998, 33.230455075051502 ], [ -111.828306309057993, 33.2304470799684 ], [ -111.828307893887001, 33.230438847088202 ], [ -111.828309576871007, 33.230430894065996 ], [ -111.828311210123999, 33.230422902590398 ], [ -111.828312793660999, 33.230414988112898 ], [ -111.828314522984002, 33.230406713682001 ], [ -111.828316107226996, 33.230398760415298 ], [ -111.828318123616995, 33.230390768192301 ], [ -111.828320093518997, 33.230382853847999 ], [ -111.828321726970998, 33.230374542172697 ], [ -111.828323693287004, 33.2303665890676 ], [ -111.828325710041, 33.2303586356267 ], [ -111.828327677437997, 33.230350683416297 ], [ -111.828329548922994, 33.230342689452101 ], [ -111.828331947392002, 33.230334698292602 ], [ -111.828333820340006, 33.230326745809002 ], [ -111.828336218774993, 33.2303187510417 ], [ -111.828338186169006, 33.230310798831198 ], [ -111.828340440117003, 33.230302846516402 ], [ -111.828342694762, 33.230294854510397 ], [ -111.828344995229003, 33.230286941572302 ], [ -111.828347348223005, 33.230278908322802 ], [ -111.828349887073003, 33.230271236426297 ], [ -111.828352285538003, 33.2302632452663 ], [ -111.828354922995004, 33.230255331888003 ], [ -111.828357178711002, 33.230247339874502 ], [ -111.828359816290998, 33.230239667320397 ], [ -111.828362403648995, 33.230231676706303 ], [ -111.828365041428, 33.230223683952502 ], [ -111.828367677575997, 33.230215973525098 ], [ -111.828370316093995, 33.230208059237299 ], [ -111.828372855157994, 33.230200068944598 ], [ -111.828375924373006, 33.230192076023499 ], [ -111.828378462711996, 33.230184122716203 ], [ -111.828381482376997, 33.230176452126898 ], [ -111.828384408868999, 33.230168461058 ], [ -111.828387378268999, 33.230160467899303 ], [ -111.828390254686994, 33.230152515948198 ], [ -111.828393176692003, 33.230144846009097 ], [ -111.828396245904003, 33.230136853087402 ], [ -111.828399408481005, 33.230128859544003 ], [ -111.828402474304994, 33.230121190450802 ], [ -111.828405639427004, 33.230113239282701 ], [ -111.828408703777995, 33.2301055278067 ], [ -111.828411917191005, 33.230097576316801 ], [ -111.828415222320004, 33.230089904727699 ], [ -111.828418525619, 33.230082152875703 ], [ -111.828421739421998, 33.2300742428734 ], [ -111.828425425156993, 33.230066529964802 ], [ -111.828428588644002, 33.230058861122501 ], [ -111.828432230988, 33.230050871598898 ], [ -111.828435486348994, 33.230043157948302 ], [ -111.828439081262999, 33.230035488036499 ], [ -111.828442718719998, 33.230027777252801 ], [ -111.828446408778007, 33.230020067922702 ], [ -111.828449997234003, 33.230012396249698 ], [ -111.828453592844994, 33.230004686646403 ], [ -111.828457521526005, 33.229997016315203 ], [ -111.828461113200007, 33.229989344620499 ], [ -111.828464993704003, 33.229981914533099 ], [ -111.828468680539004, 33.229974205223698 ], [ -111.828472514788004, 33.2299665364229 ], [ -111.828476535009997, 33.229958786108497 ], [ -111.828479459635005, 33.229952761336897 ], [ -111.828482760981998, 33.229946738566198 ], [ -111.828485921844006, 33.2299409548501 ], [ -111.828488990297004, 33.2299349318263 ], [ -111.828492196813997, 33.229928868196403 ], [ -111.828495499922994, 33.229922804825101 ], [ -111.828498805535006, 33.229916779319602 ], [ -111.828502014196999, 33.229910715675203 ], [ -111.828505319949997, 33.229904932797602 ], [ -111.828508622366996, 33.229898910019003 ], [ -111.828511926930005, 33.2298928872261 ], [ -111.828515517661003, 33.229886823742497 ], [ -111.828518725429007, 33.229881120890298 ], [ -111.828522030315995, 33.229875018721799 ], [ -111.828525618323994, 33.229869235767801 ], [ -111.828528923923997, 33.2298632093596 ], [ -111.828532518404998, 33.229857429970103 ], [ -111.828536107343993, 33.229851404380497 ], [ -111.828539793043007, 33.229845624383202 ], [ -111.828542954819994, 33.229839597128603 ], [ -111.828546544988995, 33.229833815963502 ], [ -111.828550278978994, 33.229828035644303 ], [ -111.828553867924001, 33.229822010956099 ], [ -111.828557459172998, 33.229816230685401 ], [ -111.828561386312998, 33.229810447275398 ], [ -111.828564975790002, 33.2298047067029 ], [ -111.828568567011999, 33.229798923726101 ], [ -111.828572542442998, 33.2297931399942 ], [ -111.828576132484002, 33.229787118003898 ], [ -111.828579961963996, 33.229781335243899 ], [ -111.828583694683999, 33.229775876032299 ], [ -111.828587524162998, 33.229770093272002 ], [ -111.828591495956005, 33.2297641517195 ], [ -111.828603562731004, 33.229745879579298 ], [ -111.828618690933993, 33.229721183082397 ], [ -111.828633677097002, 33.229696447843402 ], [ -111.828647470638003, 33.229671229876899 ], [ -111.828661548400007, 33.229645651934902 ], [ -111.828674384956003, 33.229619788218201 ], [ -111.828687172040006, 33.229593686710501 ], [ -111.828698575180994, 33.229567299477701 ], [ -111.828710119316, 33.229540955500802 ], [ -111.828720615623993, 33.229514005165903 ], [ -111.828723586753, 33.229505973202798 ], [ -111.828730683743998, 33.229487058584503 ], [ -111.828739984349994, 33.229459868172597 ], [ -111.828748756932001, 33.229432678571698 ], [ -111.828756718208993, 33.229404926135999 ], [ -111.828764155829006, 33.229377409895797 ], [ -111.828770825289993, 33.229349694928203 ], [ -111.828777067805007, 33.229321659900499 ], [ -111.828781970918001, 33.2292936229722 ], [ -111.828786924607996, 33.229265828335699 ], [ -111.828790539701998, 33.229237548339299 ], [ -111.828794532711996, 33.229209511159802 ], [ -111.828796423125993, 33.229181230025802 ], [ -111.828798793415004, 33.229153191931601 ], [ -111.828799779432003, 33.229124832037797 ], [ -111.828800856160996, 33.229096872914802 ], [ -111.828800214968993, 33.229068832334598 ], [ -111.828799863537995, 33.229040790725698 ], [ -111.828797882995005, 33.229012752754599 ], [ -111.828796330732999, 33.228984949147197 ], [ -111.828793062084998, 33.228957226426303 ], [ -111.828790172430004, 33.228929746515099 ], [ -111.828785945164, 33.228902225906999 ], [ -111.828785326475995, 33.228899212949997 ], [ -111.828785045488999, 33.228896161664501 ], [ -111.828784378492003, 33.2288931472253 ], [ -111.828783709365993, 33.228890134604299 ], [ -111.828783284910003, 33.228887119451301 ], [ -111.828782667286006, 33.228884105585202 ], [ -111.828782381300002, 33.228881093117501 ], [ -111.828781762936998, 33.228878000785201 ], [ -111.828781099142006, 33.2288749845208 ], [ -111.828780719791993, 33.228871972675101 ], [ -111.828780051739002, 33.228868960047002 ], [ -111.828779482415996, 33.228865946760997 ], [ -111.828778812216996, 33.228862934147102 ], [ -111.828778481832003, 33.2288598795827 ], [ -111.828777768707994, 33.228856867254798 ], [ -111.828777150003006, 33.228853852493899 ], [ -111.828776486226005, 33.228850838033203 ], [ -111.828775818173995, 33.228847825404998 ], [ -111.828775154414004, 33.2288448127482 ], [ -111.828774487733, 33.228841718031802 ], [ -111.828773963309004, 33.228839027350801 ], [ -111.828773298467993, 33.228836013799203 ], [ -111.828772632886, 33.228832921781397 ], [ -111.828771963726993, 33.228829905552701 ], [ -111.828771346113001, 33.228826892588401 ], [ -111.828770682344995, 33.228823879029598 ], [ -111.828770014301, 33.228820867303199 ], [ -111.828769346223993, 33.228817851969197 ], [ -111.828768729326001, 33.228814801117501 ], [ -111.828767776863998, 33.228811787678097 ], [ -111.828767109286005, 33.228809052852398 ], [ -111.828766444078994, 33.228806000518503 ], [ -111.828651049258994, 33.2283353797174 ], [ -111.828643668807004, 33.228304881966999 ], [ -111.828306955146999, 33.227079789021403 ], [ -111.828284901519993, 33.226999348705498 ], [ -111.828278235251005, 33.2269747991527 ], [ -111.828010739735006, 33.225990186714299 ], [ -111.828004357175004, 33.225966800594897 ], [ -111.827839141566002, 33.225328224875597 ], [ -111.827834906307999, 33.2253106259097 ], [ -111.827831050460006, 33.225292746612901 ], [ -111.827826815064995, 33.225274905018203 ], [ -111.827823581673002, 33.225257026991002 ], [ -111.827820017210001, 33.225238864341001 ], [ -111.827816976313997, 33.225221028326999 ], [ -111.827814078328998, 33.225202869359599 ], [ -111.827811847150002, 33.2251847492496 ], [ -111.827809237858006, 33.225166591066902 ], [ -111.827807248113004, 33.225148467546198 ], [ -111.827805691606002, 33.2251303095738 ], [ -111.827804132254002, 33.225112191306799 ], [ -111.827802809702007, 33.225094033581499 ], [ -111.827801779612003, 33.225075593398202 ], [ -111.827800888447996, 33.225057432802302 ], [ -111.827800572902007, 33.225039314376602 ], [ -111.827800256868002, 33.225020916344199 ], [ -111.827800275789997, 33.2250027596141 ], [ -111.827800628340995, 33.224984361642697 ], [ -111.827801219226998, 33.224966201106703 ], [ -111.827801906050993, 33.224948085932702 ], [ -111.827802878550003, 33.224931816087 ], [ -111.827802975094997, 33.224929647114898 ], [ -111.827804334787004, 33.224911531071399 ], [ -111.827805929123002, 33.224893374681997 ], [ -111.827807523832007, 33.2248752579765 ], [ -111.827809932684005, 33.224857099775001 ], [ -111.827812193829999, 33.224838983144799 ], [ -111.827814894029004, 33.224821108026198 ], [ -111.827817397353996, 33.224802953705598 ], [ -111.827820712123, 33.224785041124697 ], [ -111.827823645929001, 33.224767243824502 ], [ -111.827827676869006, 33.224749370674203 ], [ -111.827832292363993, 33.224725995240398 ], [ -111.827837906889997, 33.224703180496199 ], [ -111.827843472994005, 33.224680124346598 ], [ -111.827849993146003, 33.224657069064001 ], [ -111.827856520937999, 33.224634255457403 ], [ -111.827863807857, 33.224611484603102 ], [ -111.827870952707997, 33.224588670497397 ], [ -111.827879197555006, 33.224565857188999 ], [ -111.827887440270004, 33.224543045698098 ], [ -111.827896593294994, 33.2245207188191 ], [ -111.827898368038007, 33.2245160194839 ], [ -111.827905361649002, 33.224498227635401 ], [ -111.827915278427, 33.2244759795554 ], [ -111.827925098231006, 33.224453690629403 ], [ -111.827935877119998, 33.224431481908802 ], [ -111.827946366015993, 33.224409476256 ], [ -111.827957906014007, 33.224387749530798 ], [ -111.827969304749999, 33.224366065235003 ], [ -111.827981754237996, 33.224344622888196 ], [ -111.827993867090996, 33.2243232170553 ], [ -111.828006985279004, 33.224302016492501 ], [ -111.828020103824997, 33.224280854710599 ], [ -111.828033890192003, 33.224260296408602 ], [ -111.828042695419001, 33.224246964449399 ], [ -111.828047579582005, 33.224239697260003 ], [ -111.828062272515993, 33.224219341275301 ], [ -111.828076727565005, 33.224199023852897 ], [ -111.828092092063997, 33.224178986299101 ], [ -111.828107216340996, 33.224159194775602 ], [ -111.828123295495004, 33.224139720700499 ], [ -111.828138896846994, 33.224120449138702 ], [ -111.828155598012003, 33.224101501275896 ], [ -111.828172298070001, 33.224082550712303 ], [ -111.828188614553994, 33.2240648050226 ], [ -111.828189377461996, 33.224063882643001 ], [ -111.828198277892, 33.2240548497182 ], [ -111.828206984212997, 33.224046058910197 ], [ -111.828215507192994, 33.2240369446139 ], [ -111.828224783346997, 33.224028152717104 ], [ -111.828233539609002, 33.224019081964897 ], [ -111.828242679469, 33.224010290072201 ], [ -111.828251957738004, 33.2240014954534 ], [ -111.828261098507994, 33.223993028261603 ], [ -111.828268510442001, 33.223986043688001 ], [ -111.828270520602004, 33.223984236291798 ], [ -111.828280088791004, 33.223975687781902 ], [ -111.828289561139997, 33.223967218380501 ], [ -111.828298987677996, 33.223958670812202 ], [ -111.828308554535994, 33.223950437095603 ], [ -111.828318359896997, 33.223941889709501 ], [ -111.828328169328998, 33.2239336606902 ], [ -111.828337974484, 33.223925433502401 ], [ -111.828348163244002, 33.223917486075599 ], [ -111.828358255609999, 33.2239092172874 ], [ -111.828368058386005, 33.2239013076058 ], [ -111.828378537624999, 33.223893323967602 ], [ -111.828388725305004, 33.2238853765447 ], [ -111.828398917083007, 33.223877750194198 ], [ -111.828409342360999, 33.223869962639696 ], [ -111.828419818171994, 33.223862299219498 ], [ -111.828430296774997, 33.223854590681299 ], [ -111.828441007720997, 33.2238471674208 ], [ -111.828451528597, 33.223839503697803 ], [ -111.828462386186004, 33.223832040674402 ], [ -111.828473100127994, 33.2238249357858 ], [ -111.828483958462996, 33.223817552128601 ], [ -111.828494721005995, 33.223810366639398 ], [ -111.828505863155996, 33.223803264308202 ], [ -111.828510453666993, 33.223800257244903 ], [ -111.828514710511001, 33.223797486915103 ], [ -111.828519255909001, 33.223794475642102 ], [ -111.828523846402007, 33.2237914667745 ], [ -111.828528487461995, 33.223788699297302 ], [ -111.828532980294995, 33.223785690177799 ], [ -111.828537907859996, 33.223782919890198 ], [ -111.828542547712999, 33.223779910693203 ], [ -111.828547043872007, 33.223777140572501 ], [ -111.828551729683994, 33.223774453071499 ], [ -111.828556321247007, 33.223771444195599 ], [ -111.828560817430002, 33.223768676780097 ], [ -111.828565695630999, 33.223765906820198 ], [ -111.828570335299005, 33.223763219625802 ], [ -111.828574876524996, 33.223760449203901 ], [ -111.828579754735003, 33.223757680145397 ], [ -111.828585732894993, 33.223754110931402 ], [ -111.828591568291003, 33.2237505381582 ], [ -111.828597784676006, 33.223746967357101 ], [ -111.828603715976001, 33.223743436337003 ], [ -111.828609979583007, 33.223739866122699 ], [ -111.828615814062999, 33.223736537787602 ], [ -111.828622030803004, 33.223733004865601 ], [ -111.828627868493001, 33.223729675606599 ], [ -111.828634083767, 33.223726101203198 ], [ -111.828640300662997, 33.223722812712403 ], [ -111.828646517558994, 33.223719524221202 ], [ -111.828652495122995, 33.223716233715997 ], [ -111.828658711309998, 33.223712984013602 ], [ -111.828664928886994, 33.223709654026599 ], [ -111.828671049885003, 33.223706324682503 ], [ -111.828677267136001, 33.223703074070102 ], [ -111.828683483638002, 33.223699744089302 ], [ -111.828689699956996, 33.223696736111698 ], [ -111.828696348245998, 33.223693446548602 ], [ -111.828702564422002, 33.223690195942098 ], [ -111.828708781055994, 33.223687107686501 ], [ -111.828714902949002, 33.223684101238597 ], [ -111.828721501158995, 33.2236808498904 ], [ -111.828727718164998, 33.223677801317898 ], [ -111.828734221011999, 33.223674793233499 ], [ -111.828740438016993, 33.223671744660301 ], [ -111.828746943007999, 33.223668736561002 ], [ -111.828753204392001, 33.223665728280103 ], [ -111.828759803080999, 33.223662755634599 ], [ -111.828766257994999, 33.223659672102499 ], [ -111.828772478374006, 33.223656981586402 ], [ -111.828779121809006, 33.223653974367103 ], [ -111.829397023406997, 33.223381674597398 ], [ -111.829727534591001, 33.223236559440501 ], [ -111.829740238173997, 33.223247776369398 ], [ -111.829849547997995, 33.223198681997197 ], [ -111.831351589034995, 33.222369664890202 ], [ -111.831752503969, 33.221720186176398 ], [ -111.831752458815998, 33.221719383727098 ], [ -111.831749416636995, 33.221152629294501 ], [ -111.831289422623996, 33.220128483260197 ], [ -111.831194422226005, 33.219519081935999 ], [ -111.831200051620002, 33.219480601554402 ], [ -111.831221371165, 33.219327998586799 ], [ -111.831259631608006, 33.219052160197599 ], [ -111.831345562902996, 33.218860395001002 ], [ -111.831455326338002, 33.218680336773602 ], [ -111.831547953688002, 33.218528466730497 ], [ -111.831572211899001, 33.2185004419077 ], [ -111.832371009629995, 33.2174299006575 ], [ -111.832560607722002, 33.2171783071175 ], [ -111.833117195119996, 33.216432956299201 ], [ -111.833131262589006, 33.216414004657501 ], [ -111.833141648608006, 33.216400512925198 ], [ -111.833145714346998, 33.216395293972298 ], [ -111.833160164226001, 33.216376385767099 ], [ -111.833174857377998, 33.216357671658201 ], [ -111.833189592926004, 33.216339242285699 ], [ -111.833204664581004, 33.216320612227598 ], [ -111.833209018516996, 33.216315232596401 ], [ -111.833209977815002, 33.216313985064197 ], [ -111.833219641548993, 33.216302182136801 ], [ -111.833234809896993, 33.216283792253101 ], [ -111.833250168193004, 33.2162654047034 ], [ -111.833265815272, 33.2162472578473 ], [ -111.833281172593004, 33.216229108419803 ], [ -111.833290023003002, 33.216219351185899 ], [ -111.833297201879006, 33.2162113233952 ], [ -111.833306004874004, 33.216201205690403 ], [ -111.833312989508997, 33.216193176493803 ], [ -111.833328966150006, 33.216175272757901 ], [ -111.833345428146004, 33.216157404553897 ], [ -111.833349826092004, 33.216152707412903 ], [ -111.833361786576006, 33.216139818455403 ], [ -111.833378149718001, 33.216122277421697 ], [ -111.833394750631996, 33.216104689694703 ], [ -111.833401447203002, 33.216097742980601 ], [ -111.833411447068997, 33.216087104933699 ], [ -111.833428142233998, 33.216069839475601 ], [ -111.833445266978003, 33.216052498980403 ], [ -111.833459524185997, 33.216038407639097 ], [ -111.833462584670997, 33.216035477389099 ], [ -111.833470189417, 33.2160278914061 ], [ -111.833479568631006, 33.216018455324999 ], [ -111.833487223172, 33.216011028655799 ], [ -111.833497315548996, 33.216001435363502 ], [ -111.833514535725001, 33.2159846561457 ], [ -111.833532283110003, 33.215967913080299 ], [ -111.833544959091, 33.215955910456699 ], [ -111.833549887795996, 33.2159511727723 ], [ -111.833554907769994, 33.215946554437998 ], [ -111.833567972946, 33.215934631283901 ], [ -111.833570645660004, 33.215932225868599 ], [ -111.833585952665999, 33.215918175284202 ], [ -111.833603984914006, 33.215901714420198 ], [ -111.833622258749003, 33.215885496368401 ], [ -111.833640580199997, 33.215869321289397 ], [ -111.833670330079997, 33.215843228260901 ], [ -111.833699126574004, 33.215816291057301 ], [ -111.833728257177995, 33.215789396706903 ], [ -111.833746290958999, 33.215771971608099 ], [ -111.833756479022995, 33.215762177416799 ], [ -111.833784991534998, 33.215734719856798 ], [ -111.833812448141998, 33.2157066966166 ], [ -111.833830533056002, 33.215687991270201 ], [ -111.833839955686997, 33.215678388908898 ], [ -111.833844979532003, 33.215673050766497 ], [ -111.833866746328994, 33.215649846076197 ], [ -111.833880908053004, 33.215634752338197 ], [ -111.833893634210995, 33.215621261997498 ], [ -111.833907124798998, 33.215606005890301 ], [ -111.833919467646993, 33.2155921528188 ], [ -111.833928940514994, 33.215581513752703 ], [ -111.833945590807005, 33.215563045300797 ], [ -111.833970897374002, 33.215533374108702 ], [ -111.833996065508998, 33.215503703839303 ], [ -111.834020230343995, 33.215473470246003 ], [ -111.834044870905004, 33.215443276753703 ], [ -111.834066020986995, 33.215415250632702 ], [ -111.834068080700007, 33.215412478607 ], [ -111.834075927365006, 33.215402240080998 ], [ -111.834091667875001, 33.2153817600053 ], [ -111.834114206481999, 33.215350683131298 ], [ -111.834136844016996, 33.215319403549202 ], [ -111.834144261020995, 33.215308441814798 ], [ -111.834158473027998, 33.215287801505703 ], [ -111.834170247809993, 33.215270859368701 ], [ -111.834180344559996, 33.215256202342303 ], [ -111.834194083061007, 33.215235080846597 ], [ -111.834201020156996, 33.215224319857398 ], [ -111.834204803576, 33.215218536326702 ], [ -111.834221984747998, 33.215192475118002 ], [ -111.834237255679994, 33.215167297113801 ], [ -111.834241607652004, 33.215160026934299 ], [ -111.83424921916, 33.2151477407022 ], [ -111.834261617216995, 33.215127618547498 ], [ -111.834280618321003, 33.215094894014399 ], [ -111.834299530712997, 33.215062207956002 ], [ -111.834311928147002, 33.2150391958941 ], [ -111.834317289002996, 33.215029236493599 ], [ -111.834325664546995, 33.215014015540802 ], [ -111.834335241507006, 33.214996265530203 ], [ -111.834343955475006, 33.214979279860898 ], [ -111.834352334906995, 33.2149627735755 ], [ -111.834361241424006, 33.214945386140002 ], [ -111.834369332931004, 33.2149295221815 ], [ -111.834385373253994, 33.214895988577503 ], [ -111.834868584177002, 33.213877690247301 ], [ -111.834875478911997, 33.213863391984198 ], [ -111.834882091289003, 33.2138488520838 ], [ -111.834888362618997, 33.213834557100803 ], [ -111.834894587635006, 33.213820017994898 ], [ -111.834900815482001, 33.213805438281099 ], [ -111.834902493132006, 33.213801423186702 ], [ -111.834906942494001, 33.213790861949398 ], [ -111.834912888516001, 33.213776322910597 ], [ -111.834918495965994, 33.213761498415401 ], [ -111.834924048912001, 33.213746923228904 ], [ -111.834929653887002, 33.213732064475003 ], [ -111.834934829982998, 33.213717241069503 ], [ -111.834940101623005, 33.213702422434501 ], [ -111.834945036628, 33.213687522175 ], [ -111.834949970785004, 33.213672419880098 ], [ -111.834952802684995, 33.213663060092898 ], [ -111.834954576059005, 33.213657600304103 ], [ -111.834959079921006, 33.213642497288298 ], [ -111.834961236634001, 33.213635709935602 ], [ -111.834963730935002, 33.213627635914399 ], [ -111.834967998726, 33.213612532678503 ], [ -111.834972266540007, 33.213597432148099 ], [ -111.834976197041001, 33.213582291488599 ], [ -111.834978595916994, 33.213571965892399 ], [ -111.834979844613002, 33.213567187904196 ], [ -111.834981185979998, 33.213561886152497 ], [ -111.834983683188, 33.213552084842 ], [ -111.834987375839006, 33.213536982758797 ], [ -111.834990591139004, 33.213521557366199 ], [ -111.834993903926005, 33.213506454224103 ], [ -111.834996831501002, 33.2134913518628 ], [ -111.834998369342998, 33.213483237356897 ], [ -111.834999762446998, 33.213475926574198 ], [ -111.835002834191997, 33.213460864735801 ], [ -111.835005333797, 33.213445441439603 ], [ -111.835007207729006, 33.2134335102538 ], [ -111.835007733984995, 33.213430057595097 ], [ -111.835008362834003, 33.213426560953501 ], [ -111.835010285969005, 33.213414952342099 ], [ -111.835012259083996, 33.213399567755502 ], [ -111.835056428035998, 33.213079502790599 ], [ -111.835066000381005, 33.2130106914164 ], [ -111.835072493385994, 33.212963935796502 ], [ -111.835082381788993, 33.212917783354797 ], [ -111.83509260452, 33.212870793445397 ], [ -111.835106412803995, 33.212824318848099 ], [ -111.835120506256999, 33.212777366997699 ], [ -111.835133343981994, 33.212743828629101 ], [ -111.835138135931004, 33.212731499028898 ], [ -111.835141633098004, 33.212722143791098 ], [ -111.835155907832004, 33.212684791272203 ], [ -111.835174342903997, 33.212645997443097 ], [ -111.835177503682999, 33.212639410799397 ], [ -111.835178174936999, 33.2126380073408 ], [ -111.835199148567, 33.2125935465384 ], [ -111.835224612608002, 33.212548731784601 ], [ -111.835250223610004, 33.212503915137098 ], [ -111.835279367853005, 33.212460548582897 ], [ -111.835308799239996, 33.212417140407702 ], [ -111.835337125809005, 33.212381004096898 ], [ -111.835341524713996, 33.212375422047799 ], [ -111.835344444613995, 33.212371606060202 ], [ -111.835374296620003, 33.212333624896203 ], [ -111.835404294992998, 33.212300661295302 ], [ -111.835410561622993, 33.212293796732602 ], [ -111.835416158723007, 33.2122876131411 ], [ -111.835446635582997, 33.212253967135297 ], [ -111.835478822870002, 33.212223377232498 ], [ -111.835486239301005, 33.212216351611197 ], [ -111.835495327933003, 33.2122076794926 ], [ -111.835525458443001, 33.212178693558599 ], [ -111.835562382225007, 33.2121479067698 ], [ -111.835567738270996, 33.212143571119803 ], [ -111.835572523327002, 33.212139558600697 ], [ -111.835609591722005, 33.212108410941497 ], [ -111.835654351010007, 33.212075976826597 ], [ -111.835657314830001, 33.212073849021799 ], [ -111.835698874621002, 33.212043586671101 ], [ -111.835742963157003, 33.212015775108298 ], [ -111.835746021887005, 33.212013924470298 ], [ -111.835754724357002, 33.212008430757699 ], [ -111.835792406831004, 33.211984553296197 ], [ -111.835841267198006, 33.211957667537803 ], [ -111.835889323467995, 33.211931305793797 ], [ -111.835939719113995, 33.211907678417496 ], [ -111.835989057600003, 33.2118843665966 ], [ -111.836028979112996, 33.211868366246001 ], [ -111.836040454355, 33.211863791029302 ], [ -111.836047383980997, 33.211860984446403 ], [ -111.836090792169998, 33.211843456165902 ], [ -111.836142809845995, 33.211825895273101 ], [ -111.836146009684995, 33.211824893331503 ], [ -111.836149305633995, 33.211823730193601 ], [ -111.836155810690997, 33.211821524462898 ], [ -111.836162454174996, 33.211819319605503 ], [ -111.836164317943997, 33.211818637820699 ], [ -111.836168904375995, 33.211816874319098 ], [ -111.836175554288005, 33.211814668515999 ], [ -111.836182006735996, 33.211812459529497 ], [ -111.836185398579005, 33.211811338138801 ], [ -111.836188650604001, 33.211810295256797 ], [ -111.836193810655999, 33.211808372760999 ], [ -111.836195391201997, 33.211807809232901 ], [ -111.836196538425, 33.2118074894424 ], [ -111.836202037215003, 33.211805644945102 ], [ -111.836203708541007, 33.2118049238643 ], [ -111.836208252036997, 33.211803158845903 ], [ -111.836214703839005, 33.211800994960598 ], [ -111.836217429059005, 33.211800069266097 ], [ -111.836221350539006, 33.211798790078497 ], [ -111.836225269299007, 33.211797224984998 ], [ -111.836227849671999, 33.211796300263799 ], [ -111.836234353139005, 33.211793814929401 ], [ -111.836239706754, 33.211792049877303 ], [ -111.836240949794998, 33.2117916509712 ], [ -111.836243006657995, 33.2117908515336 ], [ -111.836247403889004, 33.211789164164003 ], [ -111.836249222283996, 33.211788562958098 ], [ -111.836253953318007, 33.211786998718601 ], [ -111.836260551888998, 33.211784472155102 ], [ -111.836267053569003, 33.211782024713699 ], [ -111.836268535035003, 33.211781423066 ], [ -111.836273268379998, 33.211779537709397 ], [ -111.836279865566993, 33.211777091429497 ], [ -111.836284023006996, 33.211775688888302 ], [ -111.836286413560998, 33.211774888109296 ], [ -111.83629286803, 33.2117724409839 ], [ -111.836299513835002, 33.211769916806801 ], [ -111.836305729011997, 33.211767468583098 ], [ -111.836312230697999, 33.211765022041298 ], [ -111.836318683715007, 33.211762535237703 ], [ -111.836324947182007, 33.211760087590498 ], [ -111.836331546135, 33.2117576016093 ], [ -111.836335608236993, 33.211755877704398 ], [ -111.836337998998005, 33.211754873078199 ], [ -111.836344266387002, 33.211752386618898 ], [ -111.836350618237006, 33.211749980768801 ], [ -111.836425057390997, 33.211720580445203 ], [ -111.836656578752994, 33.211636889812603 ], [ -111.836745259935, 33.211604807594298 ], [ -111.836753049514996, 33.211602281113699 ], [ -111.836760984739001, 33.211599837536298 ], [ -111.836768827647006, 33.211597390069301 ], [ -111.836776618692994, 33.211594905067997 ], [ -111.836784551890005, 33.2115926996224 ], [ -111.836792392693994, 33.211590256678001 ], [ -111.836800187318005, 33.211587809533803 ], [ -111.836808026257998, 33.211585283619797 ], [ -111.836815960216995, 33.211583158442302 ], [ -111.836823804513003, 33.2115806315893 ], [ -111.836831973100999, 33.211578468754198 ], [ -111.836839813490002, 33.2115759825151 ], [ -111.836842441925, 33.211575261302798 ], [ -111.836847607596994, 33.211573819491498 ], [ -111.836855540797998, 33.211571614943402 ], [ -111.836863620442003, 33.211569126191698 ], [ -111.836871553677994, 33.211566925250203 ], [ -111.836889478501007, 33.211561994497998 ], [ -111.836907166185995, 33.2115570635343 ], [ -111.836925189363001, 33.211552095134699 ], [ -111.836943211267993, 33.2115474442341 ], [ -111.836961087836002, 33.211542517404098 ], [ -111.836979061438001, 33.211537865019203 ], [ -111.836996842090002, 33.2115334583631 ], [ -111.837015101912996, 33.2115288906367 ], [ -111.837033126427002, 33.211524402059901 ], [ -111.837049948187996, 33.211520035219301 ], [ -111.837051100072998, 33.211519755076203 ], [ -111.837069022346, 33.211515347457102 ], [ -111.837086134852996, 33.211511540582102 ], [ -111.837087424090996, 33.211511261318599 ], [ -111.837088386418998, 33.2115110194311 ], [ -111.837105398256, 33.2115068948358 ], [ -111.837123706240007, 33.211502766028303 ], [ -111.837141679870001, 33.21149868186 ], [ -111.837159987858996, 33.211494553949102 ], [ -111.837177958404993, 33.211490709719897 ], [ -111.837196219568, 33.211486622707397 ], [ -111.837214530257, 33.2114827788903 ], [ -111.837232929072002, 33.211479175303303 ], [ -111.837251186470994, 33.211475369722102 ], [ -111.837269493928005, 33.211471525016897 ], [ -111.837287896334999, 33.211467961084203 ], [ -111.837306154941999, 33.211464395410502 ], [ -111.837310746195996, 33.211463593333001 ], [ -111.837324415187993, 33.211461114745099 ], [ -111.837342816526004, 33.211457551713501 ], [ -111.837361123944007, 33.211454267117503 ], [ -111.837379764020994, 33.211450985691897 ], [ -111.837398021008994, 33.211447701429798 ], [ -111.837416286064993, 33.211444701230903 ], [ -111.837434970507005, 33.211441459185203 ], [ -111.837453373203999, 33.211438377779203 ], [ -111.838053702180005, 33.211341214109801 ], [ -111.838070381959994, 33.211338171275699 ], [ -111.838087018848, 33.211335131434303 ], [ -111.838104128027993, 33.211332447392998 ], [ -111.838120809819003, 33.211329165517 ], [ -111.83813749123, 33.211325843954803 ], [ -111.838154077862001, 33.211322597892099 ], [ -111.838170760325994, 33.211319274514501 ], [ -111.838187441532, 33.211315706709598 ], [ -111.838204123853004, 33.211312143404797 ], [ -111.838220805635004, 33.2113082986873 ], [ -111.838237487917993, 33.211304731770397 ], [ -111.838254170057994, 33.2113009249287 ], [ -111.838270565336998, 33.211297079428697 ], [ -111.838287246568001, 33.211292952389897 ], [ -111.838296615998999, 33.211290587446001 ], [ -111.838303547259002, 33.211288864893298 ], [ -111.838319990787994, 33.211284453527497 ], [ -111.838336675267001, 33.211280330068199 ], [ -111.838352927125001, 33.211275960578 ], [ -111.838369370676006, 33.211271551911501 ], [ -111.838385623066003, 33.211266900999398 ], [ -111.838401635118004, 33.211262251704497 ], [ -111.838418079199002, 33.211257561613898 ], [ -111.838434379320006, 33.2112526280577 ], [ -111.838450391910996, 33.211247698240697 ], [ -111.838466408800002, 33.211242769294699 ], [ -111.838482853233003, 33.211237554247703 ], [ -111.838498866188004, 33.211232663206701 ], [ -111.838514882517003, 33.211227451040202 ], [ -111.838530512711003, 33.211221916765098 ], [ -111.838546529957995, 33.211216463762803 ], [ -111.838562541989006, 33.211211251619197 ], [ -111.838578316897994, 33.211205478243201 ], [ -111.838901815290001, 33.211090500258699 ], [ -111.839261973104996, 33.210855151846999 ], [ -111.839633357216002, 33.210517369475802 ], [ -111.839732582254996, 33.210388514867603 ], [ -111.839935249445006, 33.210125308313998 ], [ -111.840123524774, 33.2097565564452 ], [ -111.840195901067005, 33.209508093199901 ], [ -111.840213056070994, 33.209449610988003 ], [ -111.840218719507007, 33.209368226013602 ], [ -111.840312647771, 33.208013303069798 ], [ -111.840331970310999, 33.207718408315102 ], [ -111.840338264972004, 33.207622480218397 ], [ -111.840342817209006, 33.207553506594998 ], [ -111.840349502001004, 33.207448217033097 ], [ -111.840366695840999, 33.207186020365199 ], [ -111.840416764081994, 33.206424139121999 ], [ -111.840466104018006, 33.2056730213801 ], [ -111.840511138693003, 33.204985334729002 ], [ -111.840524397973994, 33.2047924727298 ], [ -111.840578032723002, 33.203994920345103 ], [ -111.840590934082002, 33.203994765554597 ], [ -111.840708153866998, 33.203993069052103 ], [ -111.840789532621002, 33.203992003341902 ], [ -111.840836084840006, 33.203991405599098 ], [ -111.841080193208995, 33.203987986362101 ], [ -111.841148776042999, 33.203987107016403 ], [ -111.845475330647005, 33.203929805604098 ], [ -111.849801699533998, 33.203872612118197 ], [ -111.854128272291007, 33.203815096371201 ], [ -111.858454636440996, 33.203757874525301 ], [ -111.862780540404998, 33.203701437212203 ], [ -111.867106093998004, 33.203645594300397 ], [ -111.871429510031007, 33.203594046480497 ], [ -111.875752959265995, 33.203542341020999 ], [ -111.880070935457994, 33.203489075516799 ], [ -111.884388980455, 33.203436117910698 ], [ -111.888716267514994, 33.2033814445209 ], [ -111.892294526392007, 33.203336525874199 ], [ -111.89268874922, 33.203331602484297 ], [ -111.893043980401004, 33.203327174130202 ], [ -111.893048353894997, 33.204710866739603 ], [ -111.893057094349004, 33.2069621447489 ], [ -111.893065235489004, 33.2083391620531 ], [ -111.893069737939996, 33.210597566736197 ], [ -111.893081759867002, 33.211967610279203 ], [ -111.893103250939006, 33.214221021131301 ], [ -111.893105504079003, 33.215596663933802 ], [ -111.893136336859996, 33.217845225123199 ], [ -111.893129283348003, 33.219225875794002 ], [ -111.893119662714, 33.221442241934803 ], [ -111.893120090208001, 33.222090901730297 ], [ -111.893120596155995, 33.222850864751102 ], [ -111.893102439174996, 33.225039791924203 ], [ -111.893111895817995, 33.226476179156599 ], [ -111.893126852590001, 33.228670051825503 ], [ -111.893134507200998, 33.229852611523697 ], [ -111.893136132831998, 33.230099003733699 ], [ -111.893151168491002, 33.232300725234197 ], [ -111.893160347773005, 33.233721747913002 ], [ -111.893167354921005, 33.234636433756798 ], [ -111.893177335307001, 33.235939346658803 ], [ -111.893180391713003, 33.236493694340197 ], [ -111.893180435689004, 33.2365002359371 ], [ -111.893185140512998, 33.237351262278601 ], [ -111.893202708781999, 33.239578547124196 ], [ -111.893209888011995, 33.2409809453451 ], [ -111.893217554065004, 33.242105030464998 ], [ -111.893225141984999, 33.243217159581803 ], [ -111.893225502407006, 33.243438645553397 ], [ -111.8932255056, 33.243439487057799 ], [ -111.893227393778005, 33.244606536534498 ], [ -111.893247232153001, 33.2468561241648 ], [ -111.893244676693996, 33.248232519594502 ], [ -111.893263793169993, 33.250497433568803 ], [ -111.893267694529001, 33.251859309021597 ], [ -111.893279986275004, 33.254139337906501 ], [ -111.893290368615993, 33.255486276514098 ], [ -111.893300506786005, 33.257772409568503 ], [ -111.893315544898002, 33.259112570924103 ], [ -111.893321065501993, 33.261405655645397 ], [ -111.893321117430006, 33.261408014789303 ], [ -111.893321213646004, 33.261416201152798 ], [ -111.893322420046999, 33.261496429590402 ], [ -111.893322564631006, 33.261506836221997 ], [ -111.893323729132007, 33.261584002818701 ], [ -111.893339715867995, 33.262673410118801 ], [ -111.893340631496002, 33.262738568947299 ], [ -111.893340716943996, 33.262749282666697 ], [ -111.893344051781995, 33.262984583487302 ], [ -111.893360654836997, 33.264151098808597 ], [ -111.893372960188998, 33.265024919648503 ], [ -111.89337311029, 33.265035127804303 ], [ -111.893391995412998, 33.2663651021346 ], [ -111.893392166206993, 33.266375549157701 ], [ -111.893394530373996, 33.266541620923903 ], [ -111.893394533868999, 33.266542596814404 ], [ -111.893394720602004, 33.266553027487397 ], [ -111.893404677321996, 33.2672475318235 ], [ -111.893405332713002, 33.267293442946396 ], [ -111.893424506965999, 33.268644674693697 ], [ -111.893424688227, 33.268655199205803 ], [ -111.893425765847994, 33.268738140653198 ], [ -111.893426047353998, 33.268761250324403 ], [ -111.893426143751995, 33.2687715598789 ], [ -111.893428028654, 33.268906677225203 ], [ -111.893437092775002, 33.2695530801453 ], [ -111.893437252585997, 33.269563395556503 ], [ -111.893438255237996, 33.269635070310599 ], [ -111.893438360450006, 33.269644347062098 ], [ -111.893443074576993, 33.269991477397099 ], [ -111.893443229347, 33.270002246527099 ], [ -111.893452570424998, 33.270649445572097 ], [ -111.893453778817999, 33.270733620828999 ], [ -111.893453897065996, 33.270743966301403 ], [ -111.893475636437998, 33.272264963671503 ], [ -111.893475742188997, 33.272275451739901 ], [ -111.893476426404007, 33.272337040390603 ], [ -111.893487863705005, 33.273617827190897 ], [ -111.893488018118006, 33.273628242751002 ], [ -111.893525295176005, 33.275793137325799 ], [ -111.893525338244004, 33.275794729866902 ], [ -111.8935255162, 33.275805030706003 ], [ -111.893526891630998, 33.275885234290698 ], [ -111.893526935009007, 33.275895711075897 ], [ -111.893527202667002, 33.275976161639697 ], [ -111.893527242050993, 33.275986457160798 ], [ -111.893530444266005, 33.276935718941402 ], [ -111.893530447358998, 33.2769460354667 ], [ -111.893530923659, 33.277080901193003 ], [ -111.893530969737, 33.277091221016903 ], [ -111.893531256862005, 33.277187597223197 ], [ -111.893531468030005, 33.277244265460098 ], [ -111.893531506833, 33.277254714315397 ], [ -111.893540961544005, 33.279569061067598 ], [ -111.893540968465004, 33.2795795417166 ], [ -111.893544161007995, 33.280873512427902 ], [ -111.893544174035995, 33.280883959658603 ], [ -111.893546890549004, 33.281469558498301 ], [ -111.893548316809003, 33.2817702386752 ], [ -111.893555023518999, 33.283251419179798 ], [ -111.893555017221999, 33.283252592665796 ], [ -111.893555029514999, 33.283263072368101 ], [ -111.893555115265002, 33.283316694655298 ], [ -111.893555157300995, 33.283343476040201 ], [ -111.893555187645006, 33.283353830241197 ], [ -111.893555925981005, 33.283916816684801 ], [ -111.893556718485002, 33.284503233616903 ], [ -111.893556761306996, 33.284513652666902 ], [ -111.893559063482996, 33.285064315209503 ], [ -111.893561314455994, 33.285605200906403 ], [ -111.893564099261994, 33.286269790011602 ], [ -111.893564109571003, 33.286278282722002 ], [ -111.893566768932004, 33.286907682986303 ], [ -111.893566865804004, 33.2869387879215 ], [ -111.893566899614001, 33.286949270169004 ], [ -111.893566944892996, 33.286961825922504 ], [ -111.893569840048997, 33.288131157390701 ], [ -111.893569886666995, 33.288141631426498 ], [ -111.893578431509994, 33.290651346214801 ], [ -111.893579196700003, 33.290882547046103 ], [ -111.893580770097003, 33.291357275348602 ], [ -111.893580867100994, 33.291392286614098 ], [ -111.893580913093004, 33.2913992213904 ], [ -111.893582412252002, 33.291399210611502 ], [ -111.896668605803001, 33.291334032696803 ], [ -111.897987549483005, 33.2913058511472 ], [ -111.899314237658999, 33.291278197558903 ], [ -111.900986549004998, 33.291243402193501 ], [ -111.901601601715996, 33.2912299133082 ], [ -111.902393772451006, 33.291212457588998 ], [ -111.903441426658006, 33.291190533269699 ], [ -111.904701417100995, 33.291164033087398 ], [ -111.905305229841005, 33.291151633216799 ], [ -111.906796943391001, 33.291119574123499 ], [ -111.909623875715994, 33.2910600490953 ], [ -111.911200378497, 33.291026655434102 ], [ -111.911265416495993, 33.291025064670499 ], [ -111.913949062149996, 33.290955838888102 ], [ -111.915359486366995, 33.290937932136003 ], [ -111.915413550905001, 33.290937109112598 ], [ -111.917520126579007, 33.290874061303498 ], [ -111.918217541532002, 33.290853159917901 ], [ -111.918274073470997, 33.2908514713925 ], [ -111.919627037054994, 33.290847460077998 ], [ -111.919852526656996, 33.290846944960101 ], [ -111.922592170770002, 33.290841357647302 ], [ -111.923966651712007, 33.290837488402801 ], [ -111.924042285876993, 33.290837307609003 ], [ -111.926909654048004, 33.290831258967003 ], [ -111.928235497119999, 33.290827770178097 ], [ -111.928306021555997, 33.290827815263398 ], [ -111.931232272048007, 33.290821563471603 ], [ -111.931519273912997, 33.290820882846504 ], [ -111.932652281087002, 33.290818250951197 ], [ -111.932743215716002, 33.290818154783103 ], [ -111.935554776982997, 33.290811826683999 ], [ -111.936997671227999, 33.290808321993502 ], [ -111.938215058336993, 33.290805468587401 ], [ -111.939878986235001, 33.290801070690001 ], [ -111.940780690682004, 33.290799650077297 ], [ -111.941340204455997, 33.290798569370601 ], [ -111.941398293350005, 33.290798412590497 ], [ -111.944202541386005, 33.290791105398398 ], [ -111.945682752318007, 33.290788771298999 ], [ -111.948520419757998, 33.290780652367303 ], [ -111.948858937508007, 33.290780956370703 ], [ -111.949887112664001, 33.290781842141399 ], [ -111.950026537615003, 33.2907819606937 ], [ -111.952288534263005, 33.2907753768757 ], [ -111.952843993212994, 33.290773741484301 ], [ -111.953304186409994, 33.290774071851601 ], [ -111.954370380559993, 33.290774789437798 ], [ -111.955503916387997, 33.290771193788999 ], [ -111.956773913107, 33.290767165996897 ], [ -111.956920897662002, 33.2907667063104 ], [ -111.956941328499994, 33.290766691506697 ], [ -111.956958241698999, 33.2907665396312 ], [ -111.956959628180996, 33.290766539778701 ], [ -111.957081045970995, 33.290766170332503 ], [ -111.957166391941001, 33.290766027171898 ], [ -111.957219553106, 33.290766044355799 ], [ -111.957239172127004, 33.290766038461598 ], [ -111.957256240315999, 33.290766114445901 ], [ -111.957257636462998, 33.290766114515698 ], [ -111.958713797908004, 33.290767266664801 ], [ -111.961491027080996, 33.290758816238302 ], [ -111.963057204335001, 33.290759996214597 ], [ -111.964449657193995, 33.290756429205203 ], [ -111.965122430896002, 33.290754690742702 ], [ -111.965181643863005, 33.290754522232099 ], [ -111.965198215526001, 33.290754469297397 ], [ -111.965203406613995, 33.290754430786102 ], [ -111.965216284058997, 33.290754395715901 ], [ -111.965217678095996, 33.290754399320399 ], [ -111.965816335027, 33.2907528899581 ], [ -111.965871691700002, 33.290752845790699 ], [ -111.965887991938999, 33.290752916636002 ], [ -111.965889953046997, 33.290752922139397 ], [ -111.965906133193002, 33.290752912740601 ], [ -111.965907520746995, 33.29075291278 ], [ -111.965919718579997, 33.290752896447898 ], [ -111.967382684859004, 33.290752073083901 ], [ -111.967715747293994, 33.290751413915999 ], [ -111.968246360067994, 33.290750380259702 ], [ -111.969443257883, 33.290748061481501 ], [ -111.970141532149995, 33.290746712051501 ], [ -111.971044325324002, 33.290745067822101 ], [ -111.971206731411996, 33.2907447900308 ], [ -111.971210020916999, 33.290744787775203 ], [ -111.971707773597004, 33.290743857221401 ], [ -111.972052181869003, 33.290742688237799 ], [ -111.974484352152999, 33.290734344886999 ], [ -111.975884342211998, 33.290738469108703 ], [ -111.976006016976996, 33.290738836783703 ], [ -111.976027393566994, 33.290738887177703 ], [ -111.976110639290994, 33.290738706910901 ], [ -111.976111621955994, 33.290738706408597 ], [ -111.976510993538, 33.290737786963703 ], [ -111.978793669001007, 33.290732481083403 ], [ -111.980166940472998, 33.290733516866403 ], [ -111.980219743050995, 33.290733558605197 ], [ -111.980238936, 33.290733584007697 ], [ -111.980346903658997, 33.2907336496678 ], [ -111.983114995505005, 33.290724476814198 ], [ -111.984668851, 33.290726401812499 ], [ -111.987435736482993, 33.290716721952997 ], [ -111.988990616915004, 33.290719042041701 ], [ -111.991608623472999, 33.290707567687399 ], [ -111.991716832768006, 33.2907070785703 ], [ -111.991756445695003, 33.290706900464599 ], [ -111.991777597074005, 33.290706887711799 ], [ -111.993314857849995, 33.290706219570197 ], [ -111.993671664342997, 33.290704927644498 ], [ -111.993672841964994, 33.290704883053202 ], [ -111.993803927917, 33.290704430184697 ], [ -111.994948741070999, 33.290700462072699 ], [ -111.995394579676997, 33.290698828518103 ], [ -111.995670526138994, 33.290697839322597 ], [ -111.997217223351996, 33.290694574175603 ], [ -111.997229813336006, 33.290694576877499 ], [ -111.999990351880001, 33.290693770760903 ], [ -112.001598865694007, 33.290694065610502 ], [ -112.004260182818996, 33.2906888890044 ], [ -112.005864126440002, 33.290693522835298 ], [ -112.008627566453001, 33.290694256497098 ], [ -112.010151986422002, 33.290694210300799 ], [ -112.012932009349001, 33.2906852169125 ], [ -112.012939272327003, 33.290685203715199 ], [ -112.014498354034004, 33.290694982924002 ], [ -112.017264084776997, 33.290685039685002 ], [ -112.018826090204996, 33.290682135152998 ], [ -112.021628156003004, 33.290680883928701 ], [ -112.023153550377998, 33.290669412201602 ], [ -112.025900276043998, 33.290670847210301 ], [ -112.027478361236007, 33.290671940273299 ], [ -112.030121647396996, 33.290673214405103 ], [ -112.030248296706006, 33.2906732748663 ], [ -112.030252273488998, 33.2906732707618 ], [ -112.031802836064998, 33.2906745650061 ], [ -112.034541400985006, 33.2906678711268 ], [ -112.036127987862997, 33.290670766907503 ], [ -112.038878306127003, 33.290665058275899 ], [ -112.040452793182993, 33.290667052935397 ], [ -112.040499523296006, 33.290667007150503 ], [ -112.040500921543, 33.290667004463401 ], [ -112.043186115867996, 33.290663458462497 ], [ -112.044774327975006, 33.290660745507203 ], [ -112.047507467542005, 33.290659329478103 ], [ -112.049095525016995, 33.2906545548786 ], [ -112.05182949972, 33.290650210956599 ], [ -112.053397423757005, 33.290647135564903 ], [ -112.056151352848005, 33.290641301674 ], [ -112.057702182211003, 33.290644229408002 ], [ -112.060470904436997, 33.2906339005051 ], [ -112.062001195034, 33.290630461317001 ], [ -112.064790262786005, 33.290626498727597 ], [ -112.066310169687, 33.2906300619617 ], [ -112.0691204994, 33.290618059500297 ], [ -112.070631147886999, 33.290613165034301 ], [ -112.073450543847002, 33.290609630649698 ], [ -112.074971367941998, 33.290613683388898 ], [ -112.077780237398997, 33.290602715288401 ], [ -112.079275817489005, 33.290596630584801 ], [ -112.082109928088002, 33.290595649061999 ], [ -112.082126371976003, 33.290595625839003 ], [ -112.083610967650998, 33.290593802024297 ], [ -112.086431803742002, 33.290588147608901 ], [ -112.087931965953999, 33.290580854371299 ], [ -112.090753511464996, 33.290580700217902 ], [ -112.092266415251999, 33.290580870438497 ], [ -112.095082680971004, 33.290569131386398 ], [ -112.096588410346001, 33.290564195545102 ], [ -112.096793904928006, 33.290563749490701 ], [ -112.098967840057, 33.290559000987002 ], [ -112.100455000628003, 33.290556263234102 ], [ -112.100479548118997, 33.290556218138001 ], [ -112.103285353413, 33.290542976065403 ], [ -112.104573000512005, 33.290546839481401 ], [ -112.107602763610004, 33.290522595434702 ], [ -112.108666101641006, 33.290537532018902 ], [ -112.111920017253993, 33.2905036066741 ], [ -112.112944358934996, 33.290509277957803 ], [ -112.116237219360997, 33.290485133082299 ], [ -112.116244113700006, 33.290485108137702 ], [ -112.117222439011002, 33.290481012571099 ], [ -112.117226404961997, 33.290481005780002 ], [ -112.120583228897004, 33.290471976065099 ], [ -112.120948620855003, 33.290468542885897 ], [ -112.121540019757006, 33.290463005212999 ], [ -112.124097873118998, 33.290461150468097 ], [ -112.124929715056993, 33.290460528791399 ], [ -112.125029061438994, 33.290458863759802 ], [ -112.125857396742006, 33.290444938952099 ], [ -112.128861646109002, 33.290449183606697 ], [ -112.129275610254993, 33.290449764595699 ], [ -112.129562249217003, 33.290448192365702 ], [ -112.130176290817005, 33.290444838474102 ], [ -112.132104336405007, 33.2904427940517 ], [ -112.133318976639003, 33.2904414199798 ], [ -112.133337816715994, 33.2904597015592 ], [ -112.134517037725999, 33.291603866931197 ], [ -112.134518072071003, 33.291604873056002 ], [ -112.137043463279994, 33.294058627796097 ], [ -112.138822763076007, 33.2957873392849 ], [ -112.140785780002005, 33.297694437154597 ], [ -112.140794415868001, 33.297702827834698 ], [ -112.140802410961001, 33.297710590344799 ], [ -112.140967210512997, 33.297870696513201 ], [ -112.143139751475999, 33.299980063634699 ], [ -112.144503368610003, 33.301303959139297 ], [ -112.144509596556006, 33.301310002376802 ], [ -112.148179275833002, 33.304869603831001 ], [ -112.148234718557006, 33.304923328514498 ], [ -112.151748149555999, 33.3083279013183 ], [ -112.151770388464996, 33.308349286230602 ], [ -112.153264994314995, 33.309786658094801 ], [ -112.153372004081007, 33.309889224979798 ], [ -112.153860349618995, 33.310357464267803 ], [ -112.154791141958, 33.311259100174901 ], [ -112.155724916254997, 33.312163747686903 ], [ -112.155726695289999, 33.312165470037499 ], [ -112.156118337056995, 33.312544704352199 ], [ -112.159456710344998, 33.315779576319997 ], [ -112.160511730153999, 33.316801827018999 ], [ -112.163165246058995, 33.319372790867 ], [ -112.16479687556, 33.320953551811499 ], [ -112.164810807370003, 33.320967058157102 ], [ -112.166939342630997, 33.323029053808597 ], [ -112.169029126275007, 33.325053561161802 ], [ -112.169141448492994, 33.325162316738499 ], [ -112.169145673740005, 33.325166405938702 ], [ -112.169248984028002, 33.325266513889297 ], [ -112.170360023056006, 33.326342676322099 ], [ -112.170646780157995, 33.326620576145402 ], [ -112.170650951243005, 33.326624621608303 ], [ -112.173463243399993, 33.329348639543802 ], [ -112.173464730107995, 33.329350062247599 ], [ -112.173472625971002, 33.3293577612503 ], [ -112.173493896687006, 33.329378333181197 ], [ -112.174409068353, 33.330264784528303 ], [ -112.174411188937, 33.330266843389403 ], [ -112.177791783767006, 33.333540927184302 ], [ -112.177806352104994, 33.333555044671598 ], [ -112.178020775191001, 33.333762714909298 ], [ -112.178073809913997, 33.333814562514803 ], [ -112.178075127661998, 33.333815874023998 ], [ -112.178113738906006, 33.333853592862297 ], [ -112.178114857541004, 33.333854719563803 ], [ -112.178117939350997, 33.333857772167804 ], [ -112.178118681135999, 33.333858520934697 ], [ -112.178119359275996, 33.333859171094801 ], [ -112.178214201166995, 33.333951072862199 ], [ -112.180468173387993, 33.336134091655502 ], [ -112.181845075891999, 33.337467627344402 ], [ -112.181926709295993, 33.337546483001702 ], [ -112.181950503142005, 33.3375691588097 ], [ -112.182074994372996, 33.337690566352201 ], [ -112.182082770218997, 33.3376980972631 ], [ -112.185681115017999, 33.341182599911001 ], [ -112.185682577159, 33.341184003755203 ], [ -112.185683784675007, 33.341185172827899 ], [ -112.185741830894997, 33.341241407440201 ], [ -112.186346191284997, 33.341826594574599 ], [ -112.186347635049003, 33.341827988665202 ], [ -112.186377315236996, 33.341856747557301 ], [ -112.186446345459004, 33.341923605118701 ], [ -112.186449277617996, 33.341926435260703 ], [ -112.186468159621, 33.341944652942203 ], [ -112.186954864255, 33.342416355174898 ], [ -112.187857030974996, 33.3432904125739 ], [ -112.188449195521997, 33.343864130468098 ], [ -112.189451142956003, 33.344839161818797 ], [ -112.190598702790993, 33.345946792570601 ], [ -112.190642733567003, 33.345989420356602 ], [ -112.190651465952996, 33.345997878615101 ], [ -112.192100153949994, 33.3474020735595 ], [ -112.192207954899004, 33.347505689848298 ], [ -112.192444674412997, 33.347735420396603 ], [ -112.192939057241006, 33.348214168214298 ], [ -112.193021205639994, 33.348293844607703 ], [ -112.193035850312995, 33.348308152488599 ], [ -112.193039698600998, 33.348312330136103 ], [ -112.193066730039007, 33.348338652385003 ], [ -112.193114692997, 33.348384417990502 ], [ -112.193133806993004, 33.348402893027099 ], [ -112.193208608860999, 33.348475035884398 ], [ -112.193245275151, 33.348510464078501 ], [ -112.193270841384006, 33.348535167003199 ], [ -112.194880379094002, 33.3500890537331 ], [ -112.194881452014997, 33.350090106758699 ], [ -112.194976055020007, 33.3501815085083 ], [ -112.195010217551996, 33.350214485411797 ], [ -112.195952321495, 33.351123693025897 ], [ -112.195953635872002, 33.351124954762597 ], [ -112.196811610409, 33.351952981426102 ], [ -112.196852138704003, 33.351992092546098 ], [ -112.196999260717007, 33.352134422241498 ], [ -112.199138119081994, 33.354207067015899 ], [ -112.199144468884001, 33.354213212617502 ], [ -112.199304419472995, 33.3543654005544 ], [ -112.199316403409, 33.354376754355002 ], [ -112.200513420384993, 33.355536264001003 ], [ -112.200515416708001, 33.355538262264503 ], [ -112.200573112572997, 33.355594113258903 ], [ -112.200574670094994, 33.355595618813602 ], [ -112.200722649653002, 33.355739320898699 ], [ -112.200822754716, 33.355836516319599 ], [ -112.201774924963999, 33.3567589904968 ], [ -112.201780941010995, 33.356764831636703 ], [ -112.201782617516002, 33.356766467702101 ], [ -112.202910688474006, 33.357859794462698 ], [ -112.202931864934001, 33.357880154558103 ], [ -112.202934260188997, 33.357882471797801 ], [ -112.203042718085001, 33.3579878115928 ], [ -112.203050138386004, 33.357994701506499 ], [ -112.203069728740005, 33.3580124956897 ], [ -112.203077347394, 33.358019038249402 ], [ -112.203081920112993, 33.358023387125101 ], [ -112.203085267470001, 33.358026553750697 ], [ -112.203086774629995, 33.358027985803801 ], [ -112.203106031203006, 33.358045578482702 ], [ -112.203107331496, 33.358046816826601 ], [ -112.203144974433002, 33.358081087957203 ], [ -112.204233647910996, 33.359135183832301 ], [ -112.204298772002005, 33.359198137418502 ], [ -112.204338542410994, 33.359236510145301 ], [ -112.204406541386007, 33.359302174872802 ], [ -112.204437995511995, 33.359332602180302 ], [ -112.204641570931003, 33.3595297607025 ], [ -112.205262687320996, 33.360131533167397 ], [ -112.205575449571, 33.360434265968898 ], [ -112.205861069283998, 33.3607106625754 ], [ -112.207379685381994, 33.362180314820499 ], [ -112.207382513628005, 33.362183070594298 ], [ -112.207427244301002, 33.362226151588203 ], [ -112.207445951547001, 33.362244461407499 ], [ -112.207879102224993, 33.362663662564501 ], [ -112.207962984494003, 33.362744789895501 ], [ -112.208047304651998, 33.3628260932866 ], [ -112.208055610892004, 33.362834112469002 ], [ -112.208080396664997, 33.362857804230799 ], [ -112.208082101450003, 33.362859369582701 ], [ -112.208083130464999, 33.362860411190603 ], [ -112.208172195447005, 33.3629464862966 ], [ -112.208233820486001, 33.363005953428598 ], [ -112.208240102583005, 33.363012006302803 ], [ -112.208412911378005, 33.363181082906003 ], [ -112.208518188548993, 33.363284036025803 ], [ -112.208722199500997, 33.363483520995899 ], [ -112.209079473540996, 33.363827104818199 ], [ -112.211716654742006, 33.366362135884899 ], [ -112.211875849109006, 33.366516263164797 ], [ -112.211935835738998, 33.366574487101303 ], [ -112.211937038984999, 33.366575607243902 ], [ -112.215290378025998, 33.369828479774299 ], [ -112.215434055564003, 33.369967806015097 ], [ -112.215807142513995, 33.369964136019 ], [ -112.216035124038996, 33.3699618612821 ], [ -112.220122380768998, 33.369921441338199 ], [ -112.220452087916001, 33.369918180169897 ], [ -112.220425298905994, 33.3733235938885 ], [ -112.220413347581001, 33.374799755589997 ], [ -112.220904816802005, 33.375277115076003 ], [ -112.222926271476993, 33.377239438790298 ], [ -112.223019616841, 33.377329914985197 ], [ -112.223058263343006, 33.377329819156202 ], [ -112.223067785227002, 33.377329795672203 ], [ -112.223223927312006, 33.377480856797597 ], [ -112.223756397548996, 33.377995219273103 ], [ -112.226812865523002, 33.380947829375501 ], [ -112.227109912979003, 33.3812390023758 ], [ -112.228425351769005, 33.382528250553797 ], [ -112.232273833408001, 33.386264033149402 ], [ -112.232895222479996, 33.386866904501098 ], [ -112.234414879810004, 33.388341916726297 ], [ -112.237030010008993, 33.388513672206301 ], [ -112.237104538002001, 33.388518576928597 ], [ -112.241344944785993, 33.388920427146502 ], [ -112.246036211223995, 33.389412566141097 ], [ -112.247471554171995, 33.3891929509902 ], [ -112.247489212660994, 33.389190284235902 ], [ -112.248424770865, 33.389151196815597 ], [ -112.249973047653, 33.389192118025598 ], [ -112.252480004123996, 33.389257936895802 ], [ -112.253406040726006, 33.3894788974875 ], [ -112.253562595849999, 33.389543992303501 ], [ -112.25408867, 33.389762823059499 ], [ -112.254214920693997, 33.389807587027697 ], [ -112.254284942370006, 33.389832390290898 ], [ -112.254346615607005, 33.389854270082303 ], [ -112.254415758657004, 33.389878752058202 ], [ -112.254481276780993, 33.389880585265203 ], [ -112.254587623274006, 33.389883701218601 ], [ -112.254869544084002, 33.389892172072898 ], [ -112.256741972735, 33.3899484300076 ], [ -112.256880192254002, 33.389952554188497 ], [ -112.257515049820995, 33.389844997212897 ], [ -112.258727348324996, 33.389607222284603 ], [ -112.261400740325996, 33.389082294584199 ], [ -112.261837370129001, 33.3890474579539 ], [ -112.261953977662998, 33.389038140674799 ], [ -112.261981669574993, 33.389029584173599 ], [ -112.262493867385004, 33.388871328975 ], [ -112.263054921578004, 33.388729245026802 ], [ -112.263151635407993, 33.388723480553402 ], [ -112.263430744060997, 33.3887068635986 ], [ -112.263818241072997, 33.388730765499197 ], [ -112.264184028339002, 33.388773451948403 ], [ -112.264482685508, 33.388770402693197 ], [ -112.264537530672996, 33.388774346969399 ], [ -112.264825986985997, 33.388794746368497 ], [ -112.265324378312997, 33.388826767523398 ], [ -112.266178331987007, 33.388966569212599 ], [ -112.266438746185003, 33.3889926298707 ], [ -112.267020377603998, 33.389050763961599 ], [ -112.267386734883004, 33.389139870006801 ], [ -112.267804855978, 33.3892649033575 ], [ -112.267856891134997, 33.389280468712002 ], [ -112.268941697019002, 33.389441760072202 ], [ -112.269293523901993, 33.389493860928901 ], [ -112.269717406395003, 33.389556620737103 ], [ -112.269761515588996, 33.389566302164297 ], [ -112.269816426629006, 33.389578351443099 ], [ -112.269913109637997, 33.389599494504402 ], [ -112.270118839836002, 33.389672016986196 ], [ -112.270254738315998, 33.389719468853201 ], [ -112.270508543675007, 33.389872397464003 ], [ -112.270819155282993, 33.390100726482899 ], [ -112.270819467109007, 33.390101024521698 ], [ -112.270884823179003, 33.3901632063072 ], [ -112.271100370257997, 33.390368145342599 ], [ -112.271983609700001, 33.3912459314001 ], [ -112.272094832033005, 33.391356436544697 ], [ -112.273839513395998, 33.393106420671302 ], [ -112.276567381701994, 33.395788463691801 ], [ -112.276824178105002, 33.395952862524602 ], [ -112.277068901217007, 33.3960338591016 ], [ -112.277323821693997, 33.396068388482597 ], [ -112.279116816248006, 33.3961055803154 ], [ -112.281209129735998, 33.396176818235297 ], [ -112.285172687705995, 33.3963400073728 ], [ -112.285582989055996, 33.396400729906603 ], [ -112.286038665147998, 33.396535192808997 ], [ -112.287037346789006, 33.3967290506856 ], [ -112.288093285521001, 33.3970521619461 ], [ -112.288760056268003, 33.397249450207603 ], [ -112.289114681521994, 33.397292171146297 ], [ -112.289578855946004, 33.397250245651399 ], [ -112.290341128159, 33.397168049083398 ], [ -112.290722841241006, 33.397138378553798 ], [ -112.291170043861996, 33.397103726054702 ], [ -112.291422813547996, 33.3970813512205 ], [ -112.292241781414006, 33.397009015703802 ], [ -112.292585032573996, 33.397024002950602 ], [ -112.293161647462995, 33.397101548278201 ], [ -112.294092924083998, 33.397231046073699 ], [ -112.294791633809993, 33.397335129037103 ], [ -112.295856443920997, 33.397509632932 ], [ -112.296554602279997, 33.397585869456499 ], [ -112.296987633176997, 33.397683443673401 ], [ -112.297410732003996, 33.397864642299098 ], [ -112.297679189582993, 33.398056797798503 ], [ -112.297859238372993, 33.398258987498103 ], [ -112.298085260874004, 33.398581509266599 ], [ -112.298177314141995, 33.398812531608101 ], [ -112.298226525239997, 33.399146159919603 ], [ -112.298313148080993, 33.3997670944646 ], [ -112.298421088495004, 33.400322850011001 ], [ -112.298544819905999, 33.401203218021998 ], [ -112.299527382565998, 33.4040237202356 ], [ -112.299711451270994, 33.404505886250497 ], [ -112.299998782114997, 33.405258961890198 ], [ -112.300137702179995, 33.405622884838003 ], [ -112.300244197818998, 33.406085807541601 ], [ -112.300204363928998, 33.406383193809702 ], [ -112.300097414891994, 33.406634955310203 ], [ -112.299862814457995, 33.407222054538302 ], [ -112.299558852771, 33.407624419566297 ], [ -112.299166703756001, 33.408046181687098 ], [ -112.298576089842996, 33.408507112147703 ], [ -112.298314425393997, 33.408769671881799 ], [ -112.298162528651005, 33.408975454075303 ], [ -112.298101242326993, 33.409319504090597 ], [ -112.298107612373997, 33.409746381553497 ], [ -112.298180599703002, 33.409909495076803 ], [ -112.298256357561996, 33.410078901779002 ], [ -112.298558824645994, 33.410326341329501 ], [ -112.299296191802, 33.410791943856204 ], [ -112.299764495692003, 33.4110283511354 ], [ -112.300109259096999, 33.411145387200797 ], [ -112.300330723299993, 33.411152370677399 ], [ -112.300540530448004, 33.4111222803866 ], [ -112.301113717666993, 33.410967811152098 ], [ -112.301779049529003, 33.410774006127603 ], [ -112.302006185357996, 33.410707833759403 ], [ -112.302141184088001, 33.410671049302003 ], [ -112.303174498206005, 33.4103892944132 ], [ -112.304143890380999, 33.410091409006199 ], [ -112.305030957043996, 33.409828093780703 ], [ -112.305177947234995, 33.409784443712198 ], [ -112.305829600760006, 33.409591028936497 ], [ -112.306171487691998, 33.409513187273703 ], [ -112.306217521039997, 33.409514127546998 ], [ -112.306470300428998, 33.409519319233503 ], [ -112.306628489076999, 33.409557304534601 ], [ -112.306692405502005, 33.409572729042203 ], [ -112.307004400083002, 33.409708571609897 ], [ -112.307439374965, 33.409936052049602 ], [ -112.30779640614, 33.4101271868808 ], [ -112.308041875876, 33.410263793932003 ], [ -112.308352539538006, 33.410316241633403 ], [ -112.308618128437999, 33.410313434777699 ], [ -112.309690707081003, 33.410182617435296 ], [ -112.310111914450005, 33.410159066896099 ], [ -112.310511110587001, 33.410183472503299 ], [ -112.310762496411996, 33.410228624526503 ], [ -112.310922638644996, 33.410274755636102 ], [ -112.311106232168001, 33.410358770362102 ], [ -112.311748846387005, 33.410667287357001 ], [ -112.312794067710001, 33.411220035236703 ], [ -112.314218028804007, 33.411959883945002 ], [ -112.315537930416994, 33.412595647235101 ], [ -112.315997075243999, 33.412820089063899 ], [ -112.316398754483998, 33.413006955962402 ], [ -112.316708221149, 33.413127915801702 ], [ -112.317234740486001, 33.413284730638203 ], [ -112.317600737239999, 33.413376420639899 ], [ -112.317876049394002, 33.413497727675903 ], [ -112.318048346634001, 33.4135914542587 ], [ -112.318278481256002, 33.413741832816498 ], [ -112.318485819276006, 33.413892523592502 ], [ -112.318786221392998, 33.414166478847399 ], [ -112.319051963646999, 33.414402543133299 ], [ -112.320242898207994, 33.415546112959198 ], [ -112.320496634853995, 33.415753612883698 ], [ -112.320760229713997, 33.4158559524111 ], [ -112.320965662256, 33.415872876606201 ], [ -112.321159131382998, 33.415861238100497 ], [ -112.321442629562, 33.415772181321103 ], [ -112.321747575071001, 33.415587401345199 ], [ -112.321937491330999, 33.415336958479202 ], [ -112.321951714855999, 33.415284854857198 ], [ -112.322037869645996, 33.4149720828201 ], [ -112.322265016195004, 33.4142714440801 ], [ -112.322360415302001, 33.4140210268217 ], [ -112.322555979258993, 33.4138527528578 ], [ -112.322705366335995, 33.413756336962599 ], [ -112.322791609857006, 33.413700619813604 ], [ -112.323164924721993, 33.413480545387301 ], [ -112.323400189119994, 33.413311780791801 ], [ -112.323645651516003, 33.413244570740503 ], [ -112.323716121108006, 33.413225298599201 ], [ -112.324327511912998, 33.413019263723399 ], [ -112.324559898089007, 33.4129218882358 ], [ -112.324938140514007, 33.412763374342902 ], [ -112.325648798683005, 33.412572911525999 ], [ -112.326318369543003, 33.412283157463897 ], [ -112.326812341492001, 33.412178126680899 ], [ -112.327169176165995, 33.412174294083499 ], [ -112.327550488081002, 33.412262774894501 ], [ -112.327785789133998, 33.412317309512098 ], [ -112.328421568660005, 33.4124102425167 ], [ -112.329435347563006, 33.412598889631397 ], [ -112.330309975686006, 33.412755733233602 ], [ -112.330946474921006, 33.412898504196498 ], [ -112.331346107399, 33.4131103542448 ], [ -112.331847402516004, 33.413487328188197 ], [ -112.332209325326005, 33.4138159571919 ], [ -112.332474020853994, 33.414278559603801 ], [ -112.332559191136994, 33.414660017869799 ], [ -112.332642607568999, 33.414925065664598 ], [ -112.332792156148997, 33.415638360020203 ], [ -112.332937264112999, 33.416052354960698 ], [ -112.333222666975999, 33.416564658346303 ], [ -112.333644222283993, 33.416909232769498 ], [ -112.334011335485997, 33.417127130489298 ], [ -112.334084307054994, 33.4171704268702 ], [ -112.334324155247003, 33.417300899543001 ], [ -112.334426913632996, 33.417532499045798 ], [ -112.334377568814006, 33.418141211985898 ], [ -112.334375997123999, 33.418992315201699 ], [ -112.334260929395001, 33.420121903357803 ], [ -112.333983850349, 33.4215715135769 ], [ -112.333961235518998, 33.421689853463299 ], [ -112.334112063488007, 33.424875847016899 ], [ -112.334070471648005, 33.425294284827899 ], [ -112.334127120961, 33.425668969968903 ], [ -112.334171060627, 33.426010671170999 ], [ -112.334195067023003, 33.426401852827802 ], [ -112.333935177073002, 33.427083583051399 ], [ -112.333814685608999, 33.427512730428603 ], [ -112.333648511606995, 33.427897361574999 ], [ -112.333547155557, 33.428381558312701 ], [ -112.333334051899996, 33.428931366829097 ], [ -112.333337829208006, 33.429410550388603 ], [ -112.333348578314002, 33.429785187118 ], [ -112.333326718405004, 33.430192550970297 ], [ -112.332839604826006, 33.430449392481997 ], [ -112.332189157185994, 33.430644795780999 ], [ -112.331832876782002, 33.431012103226301 ], [ -112.331587063079994, 33.431567162665097 ], [ -112.331498917383001, 33.432062441510602 ], [ -112.331595045813998, 33.432448318009001 ], [ -112.331717062142005, 33.4328785801262 ], [ -112.331629915738006, 33.4331810753051 ], [ -112.331555927279993, 33.433500118393503 ], [ -112.331599217890997, 33.433968522142401 ], [ -112.331910698960996, 33.434482226596103 ], [ -112.331777986294, 33.434784514078103 ], [ -112.331625651346002, 33.435031388788502 ], [ -112.331557677823994, 33.435416694954696 ], [ -112.331520259626998, 33.436231760655303 ], [ -112.331517554447998, 33.436639142812503 ], [ -112.331416445395007, 33.437139924864198 ], [ -112.331256509354006, 33.437552411415702 ], [ -112.331345422506999, 33.438042877501999 ], [ -112.331328329851004, 33.4387091249165 ], [ -112.331097138844001, 33.438999970674601 ], [ -112.330937400641005, 33.439384858082398 ], [ -112.330862285600006, 33.439891095586297 ], [ -112.330785283989997, 33.440717101374801 ], [ -112.330833306648003, 33.441455314805502 ], [ -112.330723202287004, 33.442302720990597 ], [ -112.330653258728006, 33.443051535665802 ], [ -112.330597756494001, 33.443552486539303 ], [ -112.330819526767002, 33.443795701987199 ], [ -112.330927896728994, 33.444286465863101 ], [ -112.331050788555999, 33.4445954888578 ], [ -112.331303375451995, 33.445141807224999 ], [ -112.331659786215994, 33.445875696970496 ], [ -112.331958648135995, 33.446367230090999 ], [ -112.332230708522999, 33.446924847711202 ], [ -112.332455691087006, 33.447707942790501 ], [ -112.332734492664997, 33.448282008109601 ], [ -112.332993483321999, 33.448850113263902 ], [ -112.333278226416994, 33.449512453843901 ], [ -112.333473218904004, 33.4498437288647 ], [ -112.333539760720996, 33.449869373165001 ], [ -112.333878892013999, 33.4499998302189 ], [ -112.334328926208997, 33.450442361127301 ], [ -112.334635059611003, 33.450834760256903 ], [ -112.334913882367005, 33.451397692487703 ], [ -112.335135189531002, 33.451668580312997 ], [ -112.335351029258007, 33.451818247802301 ], [ -112.335742087846, 33.452260530027097 ], [ -112.336079811570002, 33.452801770419804 ], [ -112.336201947830006, 33.453226361004802 ], [ -112.336081924707997, 33.453578295547501 ], [ -112.335823708879005, 33.453984694379002 ], [ -112.335559688367994, 33.4542699125398 ], [ -112.335419774689001, 33.454632765987 ], [ -112.33511024005, 33.454802205561002 ], [ -112.335003630781998, 33.455115614404399 ], [ -112.334968169484995, 33.455534230917301 ], [ -112.334775412978004, 33.455951610955402 ], [ -112.334510367967994, 33.456335448967799 ], [ -112.334491094575, 33.456363393614197 ], [ -112.334154087919998, 33.456741967480298 ], [ -112.333698635722996, 33.457235712631402 ], [ -112.333381347520998, 33.457619887579703 ], [ -112.333410639072994, 33.458242391991803 ], [ -112.333603830336997, 33.458843575997697 ], [ -112.333736775646997, 33.459814009415702 ], [ -112.333754850904995, 33.459945586928299 ], [ -112.333546947534003, 33.460715750991298 ], [ -112.333293313549007, 33.461254125189903 ], [ -112.333148275951004, 33.4615620383912 ], [ -112.332809915518993, 33.4621939326952 ], [ -112.332465625058006, 33.462699067350897 ], [ -112.331728029383001, 33.463202383857499 ], [ -112.330879476890004, 33.4635456286913 ], [ -112.329672336879995, 33.4635291693452 ], [ -112.328630838224001, 33.463260120462103 ], [ -112.327811508753996, 33.463157356165503 ], [ -112.326933121511999, 33.463021274783898 ], [ -112.325863880217995, 33.462933862921403 ], [ -112.324760603051999, 33.4631104769758 ], [ -112.323865536701007, 33.463607679490003 ], [ -112.323796086263002, 33.463659200434797 ], [ -112.323199868382005, 33.464100426622998 ], [ -112.323111424806996, 33.464168925732203 ], [ -112.323109121477003, 33.464170585419502 ], [ -112.323097479935001, 33.464179658095503 ], [ -112.322435107046005, 33.464691790615703 ], [ -112.321859076403996, 33.465581282474197 ], [ -112.321323806928007, 33.466190089279998 ], [ -112.320506554399998, 33.466786795549197 ], [ -112.319729434782005, 33.467295394276597 ], [ -112.319465019575006, 33.467474246509497 ], [ -112.319090229047006, 33.467727576466402 ], [ -112.318572732697007, 33.468143011542097 ], [ -112.318503296260999, 33.468198671743203 ], [ -112.318277151312003, 33.468726240341503 ], [ -112.318214098656995, 33.469364794028699 ], [ -112.318223029026001, 33.470053124949303 ], [ -112.318128950458998, 33.470460396956199 ], [ -112.318008261946005, 33.470856307748498 ], [ -112.317796618790993, 33.471141798527903 ], [ -112.317459653273005, 33.471536842629 ], [ -112.317155285747006, 33.471942945413197 ], [ -112.316876534599999, 33.472448386505 ], [ -112.316695454319998, 33.4730864743157 ], [ -112.316671888578995, 33.473736066697001 ], [ -112.316752029710003, 33.474590110747798 ], [ -112.316711713260005, 33.4748807155731 ], [ -112.316607884391004, 33.475630509243899 ], [ -112.316377695927002, 33.476796958372198 ], [ -112.316470162447999, 33.477766735114798 ], [ -112.316793016957007, 33.478632813940102 ], [ -112.317201595100997, 33.479427828285303 ], [ -112.317214855879996, 33.480496159349997 ], [ -112.317248252723999, 33.481471186562203 ], [ -112.317786021819003, 33.482624825981297 ], [ -112.318062640774002, 33.483562227967397 ], [ -112.318112555056999, 33.483970076196599 ], [ -112.317959316631999, 33.484338333057003 ], [ -112.317668761226003, 33.484650876633502 ], [ -112.317417514270005, 33.484963692463502 ], [ -112.317185872642995, 33.485265639246499 ], [ -112.317117868522999, 33.485656229381298 ], [ -112.317174703353999, 33.4860364620287 ], [ -112.317132832636005, 33.4864384211239 ], [ -112.317071056467995, 33.4868898151095 ], [ -112.31699381496, 33.487720869033502 ], [ -112.316832255747002, 33.488408705043398 ], [ -112.316539576170001, 33.489024256459601 ], [ -112.316340625438997, 33.489359236234897 ], [ -112.316003756575995, 33.4897707804869 ], [ -112.315660138902004, 33.490143745734201 ], [ -112.315221264631006, 33.491072367707503 ], [ -112.315219893809996, 33.491076670664697 ], [ -112.314967013488996, 33.4918862757835 ], [ -112.314664154248007, 33.493069140268098 ], [ -112.314450508625001, 33.493696000818602 ], [ -112.314354713414005, 33.494345298502303 ], [ -112.314168251976, 33.494774111114602 ], [ -112.313922668638, 33.495191547434203 ], [ -112.313625818402002, 33.495459991877503 ], [ -112.313308839678996, 33.495772447533398 ], [ -112.312991877464, 33.496068392539598 ], [ -112.312615703668001, 33.496386097681302 ], [ -112.312358768009005, 33.496555712933898 ], [ -112.312043092969006, 33.496713908839901 ], [ -112.311765439026004, 33.497010125312002 ], [ -112.311586346528998, 33.497312135775402 ], [ -112.311321619867002, 33.497668767043102 ], [ -112.310990838753995, 33.498091329202602 ], [ -112.310726323644005, 33.4984315284714 ], [ -112.310467000304001, 33.498975654194801 ], [ -112.310281042431001, 33.499310822414699 ], [ -112.309930865146995, 33.499689093052197 ], [ -112.309573858207003, 33.499987408158098 ], [ -112.309540701844995, 33.500015029465203 ], [ -112.309414144740003, 33.500126541732598 ], [ -112.309246039629997, 33.500274618374597 ], [ -112.308872938937, 33.500683368123603 ], [ -112.308388902559997, 33.501268531310302 ], [ -112.308049591130995, 33.5018258001652 ], [ -112.307762510634007, 33.502355548041699 ], [ -112.307540467961005, 33.502697814796399 ], [ -112.307141395577005, 33.503211203641598 ], [ -112.306754687457996, 33.503660601017103 ], [ -112.306690003930996, 33.503735800531402 ], [ -112.306573232068999, 33.503870659930897 ], [ -112.306192704530005, 33.504309992239698 ], [ -112.305676234990997, 33.505016362248298 ], [ -112.305310455395997, 33.505634442675401 ], [ -112.305056937641993, 33.5063624374109 ], [ -112.304907212966, 33.506754084400903 ], [ -112.304804214648001, 33.507332936667503 ], [ -112.304808081516995, 33.507553980879699 ], [ -112.304812469921004, 33.507795710340702 ], [ -112.304900399355006, 33.508434624448398 ], [ -112.304928862856997, 33.509029693579798 ], [ -112.304878467085004, 33.509630314704502 ], [ -112.304762948575998, 33.510391017670699 ], [ -112.304659946428004, 33.510980956315301 ], [ -112.304576374698996, 33.5114878045841 ], [ -112.304581130941997, 33.511586771878903 ], [ -112.304604884273999, 33.512071989256903 ], [ -112.304639937163003, 33.512639321117298 ], [ -112.304648619011004, 33.5132509663582 ], [ -112.304597717226002, 33.513675442469498 ], [ -112.304467590919003, 33.514044889226902 ], [ -112.304344057576003, 33.5144529657086 ], [ -112.304082961445999, 33.514866649030999 ], [ -112.303841013105995, 33.515164824204199 ], [ -112.303520273901995, 33.5154962269823 ], [ -112.303073874896995, 33.515706786273299 ], [ -112.302483218922006, 33.515895458412402 ], [ -112.301833016068997, 33.516012811380598 ], [ -112.301352041179996, 33.516139114374099 ], [ -112.301176482157999, 33.516185214570299 ], [ -112.300342878658995, 33.516495700251703 ], [ -112.299884050941003, 33.516750357533802 ], [ -112.299524037718001, 33.517109343851303 ], [ -112.299295331455994, 33.517468006923401 ], [ -112.298790745540998, 33.517854875727402 ], [ -112.298403841709003, 33.518153450289603 ], [ -112.297991015918001, 33.518479374929903 ], [ -112.297842923134993, 33.518621306798401 ], [ -112.297558766010994, 33.518893611872002 ], [ -112.297107066460995, 33.519390660669401 ], [ -112.296497945192002, 33.519904575873198 ], [ -112.295823062538005, 33.520440666909401 ], [ -112.294845692291005, 33.520988359668301 ], [ -112.294229366951996, 33.521330322534297 ], [ -112.294117605083002, 33.521392322568197 ], [ -112.293015300815, 33.521890615896503 ], [ -112.292555797347006, 33.522068034362803 ], [ -112.292096293965002, 33.522212353345601 ], [ -112.292019872257001, 33.522251993358999 ], [ -112.291637383883, 33.522450426667397 ], [ -112.291550814831993, 33.5225726033215 ], [ -112.291528416180995, 33.522604203113602 ], [ -112.291316803144994, 33.522903109390597 ], [ -112.290865363981993, 33.523493647348097 ], [ -112.290400604842006, 33.524023687827601 ], [ -112.290139105413004, 33.524421197699603 ], [ -112.290206634577999, 33.524966381874499 ], [ -112.290326807227004, 33.525428900235397 ], [ -112.290321417569999, 33.525836600589301 ], [ -112.290034319396, 33.5263717698558 ], [ -112.289477594908007, 33.526979291406398 ], [ -112.289118063344006, 33.527503630047299 ], [ -112.289368066812997, 33.527563572088098 ], [ -112.289281321515006, 33.5278139329086 ], [ -112.289192447760001, 33.528070885957703 ], [ -112.288957519229001, 33.528595008214403 ], [ -112.289070903959001, 33.529040792741199 ], [ -112.289105479753005, 33.529575273183603 ], [ -112.289022113523998, 33.5301099477931 ], [ -112.288722578714996, 33.530904205814501 ], [ -112.288218694711006, 33.531550045208 ], [ -112.287491450692997, 33.532190970346903 ], [ -112.286612374992004, 33.532672104379998 ], [ -112.285975703595994, 33.532938082668998 ], [ -112.285516567604006, 33.533130098409401 ], [ -112.285247050172003, 33.533242773833798 ], [ -112.285188607543006, 33.533281833511097 ], [ -112.284676527727001, 33.533624278571303 ], [ -112.284080109078005, 33.534121506847903 ], [ -112.283497156715001, 33.534673803481198 ], [ -112.282940474803993, 33.535292342755298 ], [ -112.282547966292995, 33.5358275634145 ], [ -112.282364886927994, 33.536092462446803 ], [ -112.282168870245997, 33.536440070518204 ], [ -112.282295023114003, 33.536803397903697 ], [ -112.282396191692001, 33.537508645155597 ], [ -112.282457361363001, 33.538169620622497 ], [ -112.282585171879006, 33.538935365052801 ], [ -112.282705911026994, 33.539673173088701 ], [ -112.282780213641999, 33.540251559439398 ], [ -112.282730090098994, 33.540979104638097 ], [ -112.282600730084994, 33.5415965378293 ], [ -112.282202425652002, 33.542379823596796 ], [ -112.281691693691002, 33.542953913430203 ], [ -112.281128991014995, 33.543502565115702 ], [ -112.281023262966002, 33.543605670590402 ], [ -112.280590791422, 33.5440051476291 ], [ -112.280407291052995, 33.544174603142501 ], [ -112.279784902838998, 33.544782190952198 ], [ -112.278998620154994, 33.545456055517199 ], [ -112.278939577054004, 33.545516725533801 ], [ -112.278568803078997, 33.545897697621399 ], [ -112.278310519418994, 33.546163009292897 ], [ -112.277923955419993, 33.546543825964903 ], [ -112.277392656193001, 33.546892202046401 ], [ -112.276927531994005, 33.547372544075003 ], [ -112.276791610358003, 33.547519516870899 ], [ -112.276598133996998, 33.5477285635383 ], [ -112.276252926509997, 33.548101538853601 ], [ -112.275774813840997, 33.548681094531602 ], [ -112.275422057672003, 33.549249435495902 ], [ -112.275200049687996, 33.549729387406202 ], [ -112.275122662859999, 33.550181079150697 ], [ -112.275032534104, 33.550787545767598 ], [ -112.275007803817999, 33.551233786155699 ], [ -112.275004521490004, 33.551311040798304 ], [ -112.274983411592999, 33.551774021352202 ], [ -112.274768584255, 33.552380483151701 ], [ -112.274606443848, 33.5530697438953 ], [ -112.274523424500003, 33.553796978314303 ], [ -112.274492354822002, 33.5543592064585 ], [ -112.274690839434001, 33.5546838876474 ], [ -112.274732032903998, 33.555212887168302 ], [ -112.274838510601001, 33.555598249015503 ], [ -112.274965007809996, 33.5560333221203 ], [ -112.275058291254993, 33.5564188475593 ], [ -112.274835322856006, 33.556601140101797 ], [ -112.275066721399995, 33.5570414168266 ], [ -112.275226635427003, 33.557619599342097 ], [ -112.275452976333995, 33.558423582633402 ], [ -112.275652380161006, 33.5591284308436 ], [ -112.275897804191004, 33.559811126024499 ], [ -112.275947751347005, 33.559984073925598 ], [ -112.276110881272004, 33.560548870470299 ], [ -112.276178414569998, 33.561143872043999 ], [ -112.276113906107, 33.561496745724298 ], [ -112.275773927098001, 33.561987766363501 ], [ -112.275694084451999, 33.562149120114299 ], [ -112.275473581008995, 33.562594682652502 ], [ -112.275101404246001, 33.563400039546799 ], [ -112.274768448738996, 33.564072684546701 ], [ -112.274644388900995, 33.564403720529597 ], [ -112.274455588351998, 33.564894539687401 ], [ -112.274410864039993, 33.565346416010797 ], [ -112.274326873883993, 33.565759884682102 ], [ -112.274325775321003, 33.565761737608199 ], [ -112.274091299464999, 33.566151621273598 ], [ -112.273310562941006, 33.566632737314002 ], [ -112.272667181575997, 33.566959202417102 ], [ -112.272514000518996, 33.567014798484102 ], [ -112.272250715197004, 33.567110312890797 ], [ -112.272056426486998, 33.5671808456298 ], [ -112.271471995471998, 33.567374896027303 ], [ -112.270756898390005, 33.567850385913196 ], [ -112.270357287118003, 33.5683471448341 ], [ -112.270208196181002, 33.568970200458502 ], [ -112.270236356547002, 33.569543261650701 ], [ -112.270223676027001, 33.569680958288899 ], [ -112.270403104981, 33.570270260576898 ], [ -112.270720773465001, 33.570831368525901 ], [ -112.271004797686999, 33.571238559273297 ], [ -112.271143970511005, 33.571568920794398 ], [ -112.271250344636002, 33.571893627938501 ], [ -112.271258402835997, 33.5723840783116 ], [ -112.271207039497, 33.572777287285398 ], [ -112.271194430039998, 33.572874694071402 ], [ -112.271182340040994, 33.572911405229803 ], [ -112.271025185593999, 33.573393005134299 ], [ -112.270692006342003, 33.574120871723402 ], [ -112.270366336348005, 33.574997705667002 ], [ -112.269895338523995, 33.575742673688502 ], [ -112.269437143567004, 33.576404853346801 ], [ -112.268992155448004, 33.5770946301297 ], [ -112.268697923515006, 33.5776131355655 ], [ -112.268351192140997, 33.578203454806903 ], [ -112.268265408871002, 33.578351720812201 ], [ -112.267945823264995, 33.578904120367298 ], [ -112.267652113178997, 33.579494364238997 ], [ -112.267227192687002, 33.580288717117298 ], [ -112.266867324540002, 33.580912126400698 ], [ -112.266593582650003, 33.581590323545797 ], [ -112.266286936922, 33.582417519675801 ], [ -112.266092000583001, 33.583145223434798 ], [ -112.265844553538003, 33.5838731141341 ], [ -112.265597007525002, 33.584600844790899 ], [ -112.265388529910993, 33.585174412499398 ], [ -112.265175549099993, 33.585668134015997 ], [ -112.265133992070005, 33.585764619476102 ], [ -112.264905529041002, 33.586360217671 ], [ -112.264611758960996, 33.586983513685396 ], [ -112.264513568656, 33.587176442581502 ], [ -112.264356866263995, 33.5875239495439 ], [ -112.264324715322005, 33.587788517800099 ], [ -112.264260127474998, 33.588102703595801 ], [ -112.264149444919994, 33.588460968273203 ], [ -112.263815795064005, 33.588968563520403 ], [ -112.263503298429001, 33.589475377291301 ], [ -112.263475498144004, 33.589520445175701 ], [ -112.263453781113995, 33.589681866567098 ], [ -112.263366529641004, 33.590330650283001 ], [ -112.263289741551006, 33.591003144439803 ], [ -112.263173641120005, 33.591736006765103 ], [ -112.263005154230001, 33.592535369826997 ], [ -112.262836633717995, 33.593340238837001 ], [ -112.262648352152993, 33.594029351820701 ], [ -112.262741339342995, 33.594343339769502 ], [ -112.262920314772998, 33.594734172665902 ], [ -112.262980993976001, 33.595191134690303 ], [ -112.262929602544006, 33.595554932664101 ], [ -112.262739690325006, 33.595886100028203 ], [ -112.262307118436993, 33.596333271986602 ], [ -112.261920163880006, 33.596714277132797 ], [ -112.261572754363996, 33.5971173442043 ], [ -112.261455119857999, 33.597265937470802 ], [ -112.261323775376994, 33.597431843738399 ], [ -112.261265719473002, 33.597558943056697 ], [ -112.261069180546997, 33.597988942371401 ], [ -112.260840084500998, 33.598342031110001 ], [ -112.260517076905003, 33.598716784105598 ], [ -112.260492804047999, 33.598744972128998 ], [ -112.260092688889003, 33.599164408890204 ], [ -112.259620821810998, 33.599600793250097 ], [ -112.259083010891004, 33.600125413681397 ], [ -112.258571557086, 33.600616937556303 ], [ -112.258112995161994, 33.601229383797197 ], [ -112.257628105696, 33.601825636978703 ], [ -112.257064104598001, 33.602410730808401 ], [ -112.256434786042007, 33.603100802549399 ], [ -112.255798968152007, 33.6038128713977 ], [ -112.255262017590994, 33.604508351355598 ], [ -112.254784914580995, 33.605533939619797 ], [ -112.254373156922995, 33.606416547221599 ], [ -112.254157631059002, 33.606890772609098 ], [ -112.254073662262002, 33.607381352167501 ], [ -112.253759729273, 33.607993588598298 ], [ -112.253563809433004, 33.608423778135901 ], [ -112.253334495096993, 33.6087494927745 ], [ -112.253138277049999, 33.609129910719098 ], [ -112.252942038284999, 33.609505064375199 ], [ -112.252661013834995, 33.610089692254199 ], [ -112.252431855468004, 33.6104702397596 ], [ -112.252275058692007, 33.610779208225203 ], [ -112.252072250579999, 33.6112450824875 ], [ -112.252039847307998, 33.611319765665499 ], [ -112.251712313503006, 33.611700615905796 ], [ -112.251246467236001, 33.612120363243903 ], [ -112.250725638331005, 33.612488680466697 ], [ -112.250487103999006, 33.612595329925 ], [ -112.250401348615995, 33.612655615390999 ], [ -112.250263087274007, 33.6127325127256 ], [ -112.250183778787999, 33.612820738490001 ], [ -112.249961632156001, 33.612894525085302 ], [ -112.249920398626003, 33.612908213637397 ], [ -112.249742535748993, 33.613012532279797 ], [ -112.249551229841998, 33.613127972102902 ], [ -112.249347008499001, 33.613232240825099 ], [ -112.249215101881006, 33.613325587768102 ], [ -112.249043986268006, 33.6133748532597 ], [ -112.248918681057006, 33.6134628798603 ], [ -112.248760235296999, 33.6135726485182 ], [ -112.248529644105005, 33.613699037951001 ], [ -112.248338449786004, 33.613819818350002 ], [ -112.248147336095997, 33.613924171071801 ], [ -112.247922889140995, 33.614138794495602 ], [ -112.247823628693993, 33.6142708180517 ], [ -112.247717570888, 33.6144582106717 ], [ -112.247618974117003, 33.6145130619825 ], [ -112.247566148288996, 33.614584629357701 ], [ -112.247355352905998, 33.614677943968303 ], [ -112.247104905127003, 33.6147986797436 ], [ -112.246841194918005, 33.614941343195298 ], [ -112.246538262787993, 33.615073024377899 ], [ -112.246287819599004, 33.615193639427197 ], [ -112.246103436156005, 33.615264949925603 ], [ -112.245853252166995, 33.615341335823999 ], [ -112.245681747964994, 33.615478930226402 ], [ -112.245477386180994, 33.615610788436499 ], [ -112.245219888099996, 33.615797579123999 ], [ -112.244963022505999, 33.615923711571803 ], [ -112.244738967903999, 33.616055420493304 ], [ -112.244573824350994, 33.616198540933198 ], [ -112.244238103635993, 33.616269284592299 ], [ -112.243967842386994, 33.616434094589202 ], [ -112.243644987926004, 33.616631896419499 ], [ -112.243295933276002, 33.616796352792399 ], [ -112.242913654475004, 33.616960854396098 ], [ -112.242551655488995, 33.617092360158097 ], [ -112.242438754774, 33.617148734565497 ], [ -112.242189122620999, 33.617273354692998 ], [ -112.241867639351, 33.6175057770267 ], [ -112.241866680122996, 33.6175064639597 ], [ -112.241740365292003, 33.617597700569597 ], [ -112.241365063393005, 33.617767718962497 ], [ -112.241127518518994, 33.617965736634801 ], [ -112.240896267672994, 33.618152610386403 ], [ -112.240592451387997, 33.6184883385612 ], [ -112.240427205673996, 33.618697574852703 ], [ -112.240221943414994, 33.619017017064998 ], [ -112.240115280134006, 33.619369784461099 ], [ -112.239923581015006, 33.619606401735503 ], [ -112.239790758141993, 33.619909468672503 ], [ -112.239644885180994, 33.620190472269499 ], [ -112.239386478789001, 33.620719417938403 ], [ -112.239301743436002, 33.620812668629902 ], [ -112.239201372436, 33.620923075200203 ], [ -112.239003038364004, 33.621170879354203 ], [ -112.238692452506996, 33.621550648415898 ], [ -112.238448168551002, 33.621709994317499 ], [ -112.238171451105003, 33.621863719378702 ], [ -112.238006425896003, 33.622045353192497 ], [ -112.237761368503996, 33.622397755202499 ], [ -112.237623256885996, 33.6225345678872 ], [ -112.237517147234996, 33.6226398078418 ], [ -112.237484767134006, 33.622659816878702 ], [ -112.237291703367006, 33.622779498905402 ], [ -112.236435625506004, 33.623309866939799 ], [ -112.236027043866997, 33.623540330432199 ], [ -112.235789444193998, 33.623705277088298 ], [ -112.235637585366007, 33.623853696698298 ], [ -112.235506864382003, 33.624042909156898 ], [ -112.235485322423003, 33.6240740565595 ], [ -112.235326722153999, 33.624294352378797 ], [ -112.235240836513, 33.624415566949203 ], [ -112.234983682199996, 33.624552682842001 ], [ -112.234897528201998, 33.624679318265997 ], [ -112.234791756947999, 33.6248390648975 ], [ -112.234764502134993, 33.625065247115401 ], [ -112.234681527882003, 33.625143994955003 ], [ -112.234651141922996, 33.625184802914902 ], [ -112.234530205454007, 33.625347479381702 ], [ -112.234431541324994, 33.625545687856501 ], [ -112.234234291140993, 33.625782352767999 ], [ -112.233951610033998, 33.626029918461903 ], [ -112.233684840229003, 33.626280100724799 ], [ -112.233300860707004, 33.626458991979803 ], [ -112.232926369328993, 33.626563387165199 ], [ -112.232446745909996, 33.626623743909597 ], [ -112.232072105588998, 33.6266622982182 ], [ -112.231546494913999, 33.626634717817502 ], [ -112.231054037952006, 33.626810509530301 ], [ -112.230784355186998, 33.627058118167298 ], [ -112.230521265503995, 33.627283815627997 ], [ -112.230192657855994, 33.627569771361301 ], [ -112.229876927014999, 33.627778971147798 ], [ -112.229594446194994, 33.628021028177002 ], [ -112.229260405958996, 33.628227018360697 ], [ -112.229219632557999, 33.628252065356698 ], [ -112.229068359416999, 33.628461210064103 ], [ -112.228917043465003, 33.628697907912802 ], [ -112.228713014316995, 33.6290445635642 ], [ -112.228693266549001, 33.629066949291598 ], [ -112.228449934262002, 33.629341680748198 ], [ -112.228147533872999, 33.629655363785098 ], [ -112.227759523079996, 33.630012843898697 ], [ -112.227411083456005, 33.630370465734401 ], [ -112.227003688951996, 33.630733619265399 ], [ -112.226602633536999, 33.631030673989997 ], [ -112.226050345426998, 33.631432306702898 ], [ -112.225524607352, 33.631657848814498 ], [ -112.224762090189003, 33.6318887978966 ], [ -112.224589444282998, 33.631966312373599 ], [ -112.224586522006007, 33.631967570557997 ], [ -112.224307867099, 33.6320926644417 ], [ -112.224223147778005, 33.632130754823301 ], [ -112.223355534171006, 33.632504761640099 ], [ -112.222469948034998, 33.633080536926002 ], [ -112.222453466377999, 33.633091224649498 ], [ -112.222431328167005, 33.633132090615597 ], [ -112.222223364361, 33.633516984928399 ], [ -112.222100757644, 33.633663866186801 ], [ -112.222027737572006, 33.633751377141401 ], [ -112.221899485557998, 33.633905020271499 ], [ -112.221638388746001, 33.634218143298703 ], [ -112.221580479847006, 33.634287820905698 ], [ -112.221522186838996, 33.634357256071198 ], [ -112.221470159842994, 33.6344197264279 ], [ -112.221445246309997, 33.634449796343702 ], [ -112.221419176883003, 33.634478944241799 ], [ -112.221392916992002, 33.634508730733202 ], [ -112.221365741539998, 33.634537359248597 ], [ -112.221338277873002, 33.634566270183399 ], [ -112.221310094130004, 33.634594657927799 ], [ -112.221281716324995, 33.6346230475826 ], [ -112.221252521227001, 33.634650595745804 ], [ -112.221222986494993, 33.634678144551202 ], [ -112.221192636286005, 33.634705133228302 ], [ -112.221162139981999, 33.634732161219297 ], [ -112.221155007882004, 33.634738044183699 ], [ -112.221130728625994, 33.634758067300297 ], [ -112.221099512617002, 33.634784294312198 ], [ -112.221092519324998, 33.634789776375598 ], [ -112.221067092444002, 33.634809922644997 ], [ -112.221034620861005, 33.634835270996803 ], [ -112.221001621455002, 33.634859814677 ], [ -112.220968427974, 33.634884359363198 ], [ -112.220934318594004, 33.634908104110899 ], [ -112.220913623450002, 33.634922575080502 ], [ -112.220900352523003, 33.634931843826898 ], [ -112.220865622003998, 33.634954666669302 ], [ -112.220830546502995, 33.634977569566999 ], [ -112.220794702817997, 33.634999672869498 ], [ -112.220759387336997, 33.635021770044901 ], [ -112.220722867347007, 33.635042709382198 ], [ -112.220686539775997, 33.6350636855895 ], [ -112.220649444011002, 33.635083861298199 ], [ -112.220612824233996, 33.635103998026203 ], [ -112.220575147668995, 33.635123053917901 ], [ -112.220573321350997, 33.635123979223799 ], [ -112.220537705160993, 33.635142423140998 ], [ -112.220513975295006, 33.635153488794302 ], [ -112.220499302696993, 33.635160391310301 ], [ -112.220461188277994, 33.635178601932203 ], [ -112.220422544840005, 33.635195769795999 ], [ -112.220302720621007, 33.635248766456399 ], [ -112.220123997230004, 33.635281341582299 ], [ -112.219974793988001, 33.635308542267701 ], [ -112.219961776893001, 33.635310897411699 ], [ -112.219948876339998, 33.635313259521098 ], [ -112.219944851755997, 33.635313966611001 ], [ -112.219905382910994, 33.635331486069603 ], [ -112.219787632180001, 33.635383687977097 ], [ -112.219785762634004, 33.635384530726199 ], [ -112.219765336855005, 33.635393581340097 ], [ -112.219739428002995, 33.635405119275397 ], [ -112.219737944917995, 33.635405766113998 ], [ -112.219609594518005, 33.635462720635601 ], [ -112.219595075189005, 33.635469185030601 ], [ -112.219580969914006, 33.635474963529099 ], [ -112.219566200287005, 33.635481034470502 ], [ -112.219551765427994, 33.635486607885603 ], [ -112.219536998246994, 33.635492393809699 ], [ -112.219522596255004, 33.635497851458403 ], [ -112.219516456096997, 33.635500076498197 ], [ -112.219507159116006, 33.635503226422998 ], [ -112.219492290557, 33.635508245853799 ], [ -112.219482402387001, 33.635511600919898 ], [ -112.219477309379997, 33.635513460294703 ], [ -112.219461957041005, 33.635518273456697 ], [ -112.219453964981994, 33.635520910873701 ], [ -112.219446915464999, 33.635523104294798 ], [ -112.219445079614999, 33.635523660814997 ], [ -112.219431365578004, 33.635527594729602 ], [ -112.219415922539994, 33.635532016468801 ], [ -112.219400521790007, 33.635536225850501 ], [ -112.219385219735003, 33.635540399985999 ], [ -112.219369373915001, 33.635544089768999 ], [ -112.219353935705996, 33.635547783646999 ], [ -112.219337845322002, 33.635551486660198 ], [ -112.219322102879005, 33.635554861568401 ], [ -112.219317502348005, 33.635555785354299 ], [ -112.219306325725, 33.635557915752599 ], [ -112.219295917967003, 33.635559978142702 ], [ -112.219290542140001, 33.6355609727038 ], [ -112.219274463253996, 33.635563808902198 ], [ -112.219258721981006, 33.635566578638702 ], [ -112.219246863337005, 33.635568207104697 ], [ -112.219242586895007, 33.635568946417003 ], [ -112.219238990053995, 33.635569557275701 ], [ -112.219226850943002, 33.635571634929001 ], [ -112.219210768983999, 33.635573564774198 ], [ -112.219194683555997, 33.635575784150497 ], [ -112.219178559761005, 33.635577499759897 ], [ -112.219162475421001, 33.6355791843148 ], [ -112.219146384433003, 33.635580397257201 ], [ -112.219131450248994, 33.635581909935098 ], [ -112.219130309766001, 33.6355820032502 ], [ -112.219129011611003, 33.635582078278802 ], [ -112.219114183822995, 33.635582725016 ], [ -112.219004956885001, 33.635589893139503 ], [ -112.218699502419994, 33.635609920656997 ], [ -112.218683503554004, 33.635610938730103 ], [ -112.218681917550001, 33.6356110156893 ], [ -112.218673903082006, 33.6356118351151 ], [ -112.218408922372006, 33.635628871022497 ], [ -112.218125818548998, 33.635172476210897 ], [ -112.218124900679996, 33.635171150491701 ], [ -112.218060722236004, 33.635069318124202 ], [ -112.217928215534997, 33.634859193503502 ], [ -112.217817244002006, 33.634683240274398 ], [ -112.217660639564002, 33.633993751862697 ], [ -112.217843285965003, 33.633407032230103 ], [ -112.218014627721004, 33.6328565343996 ], [ -112.218066201021003, 33.632691191310599 ], [ -112.218113152418994, 33.632411537049201 ], [ -112.218219813652993, 33.632166525922401 ], [ -112.218254591285998, 33.632086662095801 ], [ -112.218258099964004, 33.632074363042598 ], [ -112.218396147891994, 33.631589379578102 ], [ -112.218585453461003, 33.6309606689641 ], [ -112.218531791065004, 33.630898374659502 ], [ -112.218468123536994, 33.630844946869701 ], [ -112.218360285740999, 33.630754185892201 ], [ -112.218353015003999, 33.630748376458101 ], [ -112.217788710511996, 33.630275273959597 ], [ -112.215756407670995, 33.628571480974401 ], [ -112.215678575889001, 33.628503902658203 ], [ -112.215598380423998, 33.628433517466704 ], [ -112.214923266617006, 33.627846144424097 ], [ -112.211893917946, 33.625209141691201 ], [ -112.211694103127002, 33.625035643020603 ], [ -112.211602626436004, 33.624964759599898 ], [ -112.211578219131994, 33.624946342680197 ], [ -112.211261230641995, 33.6246711349268 ], [ -112.210647045452006, 33.624135851275597 ], [ -112.210330061041006, 33.623859274654798 ], [ -112.210273089015999, 33.623809720799599 ], [ -112.209943896164006, 33.623599853014603 ], [ -112.209355892868999, 33.623360070829598 ], [ -112.207495892756, 33.622792207062098 ], [ -112.207176593569002, 33.622694862389302 ], [ -112.206896614524993, 33.622609237142498 ], [ -112.205947569649993, 33.622319470683898 ], [ -112.204512480324993, 33.6219174304386 ], [ -112.204314806488995, 33.621760144903497 ], [ -112.204218327500996, 33.621683364862299 ], [ -112.204030208366007, 33.621411170557003 ], [ -112.203971976529999, 33.6213265486493 ], [ -112.203639393775006, 33.620508623416399 ], [ -112.203510235373003, 33.620191506701502 ], [ -112.203125385074003, 33.6192453185079 ], [ -112.202826795014005, 33.618756221021002 ], [ -112.202727795608993, 33.618684911533698 ], [ -112.202714663159, 33.618678433044202 ], [ -112.202548647767998, 33.618593658132802 ], [ -112.202335294812997, 33.618484688771197 ], [ -112.202084565446, 33.618396573728802 ], [ -112.202078027797, 33.618394341110097 ], [ -112.201611836191006, 33.618268961494501 ], [ -112.200997196871, 33.618103595216702 ], [ -112.200731641274004, 33.6180321806197 ], [ -112.200636299782005, 33.6180065713828 ], [ -112.200465941142994, 33.617960806531201 ], [ -112.199967844515001, 33.617826820749798 ], [ -112.199945161016004, 33.6178207656165 ], [ -112.199408431522997, 33.617676418311 ], [ -112.199359992281998, 33.617663437558797 ], [ -112.199031291593002, 33.617575010850601 ], [ -112.198769053131002, 33.617504629451602 ], [ -112.198766122953998, 33.617503753276303 ], [ -112.198602398868999, 33.617459617039202 ], [ -112.198520415622994, 33.617437510330603 ], [ -112.196060919260006, 33.616776121521703 ], [ -112.196052659887997, 33.616773930483198 ], [ -112.196049437089002, 33.616773014684703 ], [ -112.19604487494, 33.616772060431799 ], [ -112.196036609052996, 33.616769865847701 ], [ -112.196028344343006, 33.616767678466601 ], [ -112.196025940804006, 33.616766919787402 ], [ -112.196020463322, 33.616765486472701 ], [ -112.196012244404002, 33.616763336526297 ], [ -112.196004123007995, 33.616761145052102 ], [ -112.195996146086998, 33.616758955787802 ], [ -112.195987881292993, 33.616756762091697 ], [ -112.195980049865, 33.6167545705175 ], [ -112.195971781371, 33.616752421047799 ], [ -112.195963664299001, 33.616750230430902 ], [ -112.195955683020003, 33.616748037598597 ], [ -112.195952129784004, 33.616747001436401 ], [ -112.195947562740997, 33.616745848815398 ], [ -112.195939587411999, 33.616743696508699 ], [ -112.195937903494993, 33.616743139201503 ], [ -112.195934540503004, 33.616742140881499 ], [ -112.195931465390998, 33.616741225455499 ], [ -112.195890955408004, 33.616730109286799 ], [ -112.195862935622998, 33.616722500565203 ], [ -112.194606370453997, 33.616384775560803 ], [ -112.192010898060005, 33.615686852728203 ], [ -112.191558855045002, 33.615472110464701 ], [ -112.191197444821, 33.615238242449699 ], [ -112.190820330582994, 33.614835291771698 ], [ -112.190699615905004, 33.614664077256798 ], [ -112.190589412942998, 33.614507939942598 ], [ -112.190554062179999, 33.6144574452779 ], [ -112.190133372944004, 33.613861737884697 ], [ -112.189958500859007, 33.613613956119003 ], [ -112.189854909456002, 33.6134671637219 ], [ -112.189751271532003, 33.613320332897302 ], [ -112.189648017316998, 33.613174101640602 ], [ -112.189544377925003, 33.613027268837698 ], [ -112.189441124257996, 33.612880476422603 ], [ -112.189337534648004, 33.612733684438503 ], [ -112.189234239807007, 33.612587373831602 ], [ -112.189130645507007, 33.612440580802001 ], [ -112.189054740887997, 33.612333052390198 ], [ -112.189006610896996, 33.612264710273898 ], [ -112.188493834718003, 33.611538043490803 ], [ -112.188037581144997, 33.610891550983503 ], [ -112.188018389882998, 33.6108643986286 ], [ -112.188008840837995, 33.610850642980601 ], [ -112.187852509625003, 33.610632545430803 ], [ -112.187842575711997, 33.610618545449597 ], [ -112.187585858700999, 33.610262925251497 ], [ -112.187358266472003, 33.609947608311103 ], [ -112.187150788883002, 33.609660043323203 ], [ -112.186684956041006, 33.609014090972899 ], [ -112.186334613856005, 33.608528684615798 ], [ -112.186228683047005, 33.608381893314601 ], [ -112.185990117697003, 33.608131513703 ], [ -112.185839842172001, 33.608003457970597 ], [ -112.185692592131005, 33.607909219482401 ], [ -112.185534088004999, 33.607805564885801 ], [ -112.185302156117004, 33.607711509809803 ], [ -112.185019429757006, 33.607645925180101 ], [ -112.184375049571997, 33.607576421410997 ], [ -112.182979028052998, 33.607432864145601 ], [ -112.182803762039001, 33.607404878452598 ], [ -112.182634063557003, 33.607329563010602 ], [ -112.182486908320001, 33.6072637188634 ], [ -112.182351013517007, 33.607174193703798 ], [ -112.182260311148994, 33.607075085135101 ], [ -112.182186497066994, 33.606957067821803 ], [ -112.182089873205996, 33.606758675106299 ], [ -112.182051298451, 33.606562731742798 ], [ -112.181961899906995, 33.605996769370201 ], [ -112.181939308028007, 33.6054867440713 ], [ -112.181965161015995, 33.604806454406599 ], [ -112.181873448237994, 33.604471393038203 ], [ -112.181739977373994, 33.604215521028699 ], [ -112.18158744131, 33.604051470509702 ], [ -112.181470453578996, 33.603927235369902 ], [ -112.181439112026993, 33.603897817918103 ], [ -112.181437043925996, 33.603896093443097 ], [ -112.181296031073003, 33.6037642394652 ], [ -112.181270947368006, 33.603740753366601 ], [ -112.181071973488002, 33.6035549910508 ], [ -112.177303102351004, 33.6000280994798 ], [ -112.177220061411006, 33.599950504049097 ], [ -112.177058508759998, 33.599799285973504 ], [ -112.176946343203994, 33.599694315928602 ], [ -112.176873317559995, 33.599626100985198 ], [ -112.176527732550994, 33.599398260623303 ], [ -112.176127983179001, 33.599196525874802 ], [ -112.172981524459999, 33.598350768085801 ], [ -112.172312990508999, 33.598171027013002 ], [ -112.171823648788006, 33.597940899939701 ], [ -112.171350353112999, 33.597567012118297 ], [ -112.171115621829003, 33.5973225781173 ], [ -112.17077072795, 33.596963529438099 ], [ -112.170309604612996, 33.596483563357701 ], [ -112.170257080713995, 33.596429722975699 ], [ -112.170161509457998, 33.596331864144197 ], [ -112.170113655196005, 33.596282874020702 ], [ -112.170013610479003, 33.596180607514 ], [ -112.169720221584996, 33.5959655774205 ], [ -112.169559641516997, 33.595910831927 ], [ -112.169014238272993, 33.595725158366101 ], [ -112.168827471981999, 33.595694205574198 ], [ -112.168679752844, 33.595669801955701 ], [ -112.168679838863994, 33.595666831258796 ], [ -112.168547383939995, 33.595643361032302 ], [ -112.168500027972001, 33.595634898663 ], [ -112.167024011370998, 33.595373179790499 ], [ -112.166629761850999, 33.595199763792898 ], [ -112.166297297407993, 33.594930248839397 ], [ -112.166138933037004, 33.594677741101599 ], [ -112.166007235745994, 33.594116512288899 ], [ -112.165902268183999, 33.593470032016803 ], [ -112.165785503901006, 33.593177024243197 ], [ -112.165566243971, 33.592877358394098 ], [ -112.164033502457997, 33.591122843807199 ], [ -112.163243608339002, 33.590168017948301 ], [ -112.162894445440998, 33.589906243193902 ], [ -112.162418645970007, 33.589687862491203 ], [ -112.161070359207997, 33.589131530760703 ], [ -112.160649559307004, 33.588958950254899 ], [ -112.160102807708995, 33.588749255467498 ], [ -112.159968659873996, 33.588699226867199 ], [ -112.159470003679999, 33.588402269655901 ], [ -112.159241865523995, 33.588194394581599 ], [ -112.159021761106004, 33.587923278820398 ], [ -112.158913579699004, 33.587770160784899 ], [ -112.158692398433004, 33.5874569465851 ], [ -112.158535114656999, 33.587234110879898 ], [ -112.158528319442993, 33.587224684918503 ], [ -112.158417976226005, 33.587068761061701 ], [ -112.158317697691004, 33.586926595763799 ], [ -112.158200650062, 33.586760881413902 ], [ -112.158083991365004, 33.586595288664903 ], [ -112.157983765097001, 33.586453403068397 ], [ -112.157888743360004, 33.586318980444702 ], [ -112.157866383664995, 33.586287690596897 ], [ -112.15776620394, 33.586145443621 ], [ -112.157649548462999, 33.585980207541098 ], [ -112.157549274114999, 33.5858380830134 ], [ -112.157432183154, 33.585672288913003 ], [ -112.157406692250007, 33.585635986750702 ], [ -112.157327674040999, 33.585524386670997 ], [ -112.157315190695002, 33.585506816644198 ], [ -112.157215060715998, 33.585364929470103 ], [ -112.156943839969003, 33.584949497995098 ], [ -112.156384170511998, 33.584206077250101 ], [ -112.156346357797005, 33.584155817048497 ], [ -112.156041745733006, 33.583846897393698 ], [ -112.155841232933, 33.583728906011601 ], [ -112.155228984808005, 33.583333288070101 ], [ -112.155215474637004, 33.583324076119602 ], [ -112.153838764362007, 33.582308577710201 ], [ -112.153357088663995, 33.5819899068076 ], [ -112.151428144239006, 33.580787483526201 ], [ -112.151252384193, 33.580677910431803 ], [ -112.150959691048001, 33.580522807344003 ], [ -112.150704514151002, 33.580433430202703 ], [ -112.150689907521993, 33.580427834566201 ], [ -112.150675829540006, 33.580421314994197 ], [ -112.150158208278, 33.580163919251 ], [ -112.150154651275997, 33.580162120588298 ], [ -112.149607592302999, 33.579878625952901 ], [ -112.149561933615999, 33.579855013141 ], [ -112.148860467648007, 33.579491508518402 ], [ -112.148849170839, 33.579485222655897 ], [ -112.148838307790996, 33.579478413280903 ], [ -112.148100458762002, 33.578986591126998 ], [ -112.148047190124998, 33.578951059615299 ], [ -112.148038294548002, 33.578944889387699 ], [ -112.148006170849996, 33.578921173867897 ], [ -112.147805167661005, 33.5787727567457 ], [ -112.140845131914006, 33.573633848315701 ], [ -112.140843592604995, 33.573632727033001 ], [ -112.139313585118998, 33.572482691364897 ], [ -112.139072793851, 33.572337788739603 ], [ -112.138993895048003, 33.572298324190498 ], [ -112.138733900079998, 33.572168357874503 ], [ -112.138717711435007, 33.5721624046732 ], [ -112.138372062816003, 33.572034518956301 ], [ -112.138355494435999, 33.5720304126529 ], [ -112.137964680276994, 33.571933015471998 ], [ -112.137946815529006, 33.571929954593699 ], [ -112.135058670489002, 33.571435093902203 ], [ -112.135043546198006, 33.5714320660909 ], [ -112.135028709881993, 33.571428156298303 ], [ -112.134540171831006, 33.571284847365099 ], [ -112.134535707116996, 33.571283448884103 ], [ -112.132207939219995, 33.570554384959998 ], [ -112.132193818885995, 33.5705495095687 ], [ -112.131561476746, 33.5703102718346 ], [ -112.131550282478003, 33.570305712332697 ], [ -112.13088913048, 33.570018397914602 ], [ -112.130881203024998, 33.570014756383202 ], [ -112.129303758142996, 33.569262118167401 ], [ -112.129035805116999, 33.569145203538298 ], [ -112.128705722109999, 33.569092625543803 ], [ -112.125944475718995, 33.568863858236803 ], [ -112.125910293784997, 33.568858857983599 ], [ -112.125407527318004, 33.5687515299119 ], [ -112.125374394470001, 33.568742102527096 ], [ -112.123398955276997, 33.568039030432402 ], [ -112.123051395779996, 33.5679389843352 ], [ -112.122753069596996, 33.567897825829697 ], [ -112.122414442511001, 33.567919401220401 ], [ -112.122022173313994, 33.568007662349103 ], [ -112.120130847200002, 33.568713765708402 ], [ -112.120113391874, 33.568719619105003 ], [ -112.119496431542998, 33.5689008744963 ], [ -112.119474417036002, 33.568906336136003 ], [ -112.116963090054995, 33.569415205644901 ], [ -112.116959394830005, 33.569415972228597 ], [ -112.116586509605995, 33.5694860296991 ], [ -112.116575286322998, 33.569487935630697 ], [ -112.116265398975997, 33.569532704825498 ], [ -112.116247070989004, 33.569534742447701 ], [ -112.115906909087002, 33.569560597925097 ], [ -112.115871928190998, 33.569561055816799 ], [ -112.113067075030997, 33.569415471504399 ], [ -112.112847870446998, 33.569436182130303 ], [ -112.112695166909006, 33.569473018240203 ], [ -112.112253477940996, 33.569698028654997 ], [ -112.108516039226998, 33.5718402914693 ], [ -112.108504320031003, 33.5718465951173 ], [ -112.108492168637, 33.571852296566099 ], [ -112.106382989992994, 33.572769232034801 ], [ -112.106345981030003, 33.572781931384 ], [ -112.106044693380994, 33.5728604840427 ], [ -112.105715161110993, 33.572883563313198 ], [ -112.105396024000996, 33.572877342990502 ], [ -112.104163778784994, 33.5725881446999 ], [ -112.103752784907996, 33.572489869379297 ], [ -112.103624374367001, 33.572470503771399 ], [ -112.100605969015007, 33.572018171497398 ], [ -112.099783775006003, 33.571894985174097 ], [ -112.099652341595998, 33.571875257176501 ], [ -112.099652341942999, 33.571807649710799 ], [ -112.099520923266994, 33.5717945097457 ], [ -112.098847753287998, 33.571727613056801 ], [ -112.098823708362005, 33.571725199337202 ], [ -112.098799371677998, 33.571722462620897 ], [ -112.098775420720997, 33.571719726984803 ], [ -112.098751469958003, 33.571716751439503 ], [ -112.098727565451, 33.571713770067603 ], [ -112.098703515246996, 33.571710514006199 ], [ -112.098679563800999, 33.57170697387 ], [ -112.098655608035003, 33.571703432865498 ], [ -112.098631560906995, 33.571699653666599 ], [ -112.098607604823997, 33.571695832167798 ], [ -112.098583941445, 33.571691727578397 ], [ -112.098560033545994, 33.571687626958699 ], [ -112.098536366066, 33.5716832833957 ], [ -112.098512411493999, 33.571678899987504 ], [ -112.098488694107999, 33.571674273664897 ], [ -112.098465073957996, 33.571669328107497 ], [ -112.098441404195, 33.571664463254102 ], [ -112.098417737896995, 33.571659276390598 ], [ -112.098394451919006, 33.571654088852902 ], [ -112.098370782028994, 33.5716486179169 ], [ -112.098347500055993, 33.571643150748898 ], [ -112.098324212323007, 33.571637398630301 ], [ -112.098300830293994, 33.571631687027299 ], [ -112.098277543368994, 33.571625658012401 ], [ -112.098254161061007, 33.571619668620897 ], [ -112.098231257302004, 33.571613353003599 ], [ -112.098208208661006, 33.571607081958398 ], [ -112.098185208391001, 33.571600206213297 ], [ -112.098162208958996, 33.571593651529298 ], [ -112.098139496856007, 33.571586814705597 ], [ -112.098116591603997, 33.571579699103701 ], [ -112.098093832302993, 33.571572622787599 ], [ -112.097352412882003, 33.571336824934001 ], [ -112.097335603933999, 33.571331345274402 ], [ -112.097318509825996, 33.5713261486286 ], [ -112.097301467427997, 33.571320951521898 ], [ -112.097284704976005, 33.571315995441203 ], [ -112.097267562395004, 33.571310799217997 ], [ -112.097250517088995, 33.5713058826178 ], [ -112.097233473188993, 33.571301247392597 ], [ -112.097216331484006, 33.571296290155303 ], [ -112.097198901311003, 33.571291695327197 ], [ -112.097181854208003, 33.571287061927002 ], [ -112.097164761814994, 33.571282425318202 ], [ -112.097147333150005, 33.571278034296597 ], [ -112.097130240072005, 33.571273598810699 ], [ -112.097112860891997, 33.571269286711797 ], [ -112.097095431130995, 33.571264893888703 ], [ -112.097078051219995, 33.571260779305398 ], [ -112.097060628275997, 33.571256669610399 ], [ -112.097043290917995, 33.571252597033798 ], [ -112.097025865039001, 33.571248766044 ], [ -112.097008436465003, 33.571244977464502 ], [ -112.096991012190998, 33.571241187942498 ], [ -112.096973247467005, 33.571237313952203 ], [ -112.096955914703003, 33.571233603882398 ], [ -112.096954521754, 33.5712334439675 ], [ -112.096938105532999, 33.571230219105402 ], [ -112.096920677789001, 33.571226665899502 ], [ -112.096902964904999, 33.571223397509797 ], [ -112.096885585674997, 33.5712198465745 ], [ -112.096867870978002, 33.571216860487503 ], [ -112.096850061142007, 33.571213592949398 ], [ -112.096832395500002, 33.571210566739403 ], [ -112.096814972760001, 33.571207578959203 ], [ -112.096797255878002, 33.571204590175697 ], [ -112.09669766479, 33.571171757356502 ], [ -112.095633542520005, 33.570846237297403 ], [ -112.095572470190007, 33.570831903955799 ], [ -112.095260739964999, 33.570758842009603 ], [ -112.094997255907998, 33.570697120291896 ], [ -112.094486477437997, 33.570577744720303 ], [ -112.092297948364006, 33.570065010507797 ], [ -112.092032214175006, 33.570003002851799 ], [ -112.091766770470002, 33.569940676395802 ], [ -112.091303288888, 33.569832226953302 ], [ -112.091235549746997, 33.569816416119998 ], [ -112.091235402356006, 33.5697680526089 ], [ -112.091235209136997, 33.569719043747398 ], [ -112.09112771849, 33.569694290247597 ], [ -112.090646812385998, 33.569583617252398 ], [ -112.090124862105995, 33.569463398421199 ], [ -112.090075604592997, 33.5694519390278 ], [ -112.089713619980003, 33.569368610057403 ], [ -112.088026321339996, 33.568979904057898 ], [ -112.087920559574002, 33.568955584397401 ], [ -112.087565877665, 33.568873929157 ], [ -112.087128331890995, 33.568773063545898 ], [ -112.086691458489, 33.568672555737002 ], [ -112.086476964319999, 33.568623080597803 ], [ -112.086254011272999, 33.568617079259901 ], [ -112.085818273607003, 33.568604742659602 ], [ -112.085380986526999, 33.568635346362598 ], [ -112.084944520424997, 33.568666150565598 ], [ -112.084589902242996, 33.568690775062301 ], [ -112.084507904964994, 33.568696668641202 ], [ -112.084331294145002, 33.568709043269102 ], [ -112.083635108736999, 33.568757825344399 ], [ -112.083470557265002, 33.5687299697844 ], [ -112.083442862821997, 33.568725266243398 ], [ -112.083306297527997, 33.568702432524397 ], [ -112.083142420350001, 33.568674894402797 ], [ -112.082980175770999, 33.568647637598097 ], [ -112.082821478420001, 33.568593662554498 ], [ -112.082727843393997, 33.568561932421197 ], [ -112.0825473501, 33.568500794563597 ], [ -112.082547104886999, 33.568524134974602 ], [ -112.080100809247, 33.567775688022401 ], [ -112.079513606752002, 33.567596098825099 ], [ -112.079699493592997, 33.567591195406102 ], [ -112.079756258960003, 33.567589669340997 ], [ -112.079603275243002, 33.567483825630802 ], [ -112.079564787970995, 33.567457445468001 ], [ -112.079510589799, 33.567419999010298 ], [ -112.079421703323007, 33.567358775419599 ], [ -112.079351167995995, 33.567310139986702 ], [ -112.078729748355002, 33.566662089241198 ], [ -112.078505970099997, 33.5664179867236 ], [ -112.078220308089996, 33.5661065978137 ], [ -112.078219371855994, 33.566143517748799 ], [ -112.077983195770997, 33.565887500900899 ], [ -112.077767455978005, 33.565653507533298 ], [ -112.077755529902007, 33.565640589845401 ], [ -112.077552820375999, 33.5654208010776 ], [ -112.077195929167004, 33.565065358082997 ], [ -112.076923577762003, 33.564861284619603 ], [ -112.076820892724001, 33.5647844113386 ], [ -112.076510150667005, 33.564551785074997 ], [ -112.076165761571005, 33.5643103224863 ], [ -112.075202984227005, 33.563635819803402 ], [ -112.075236474616005, 33.563634692826099 ], [ -112.075354554018006, 33.563630845004901 ], [ -112.075193795654997, 33.563517852542397 ], [ -112.074259907916996, 33.562863309063701 ], [ -112.074173995657006, 33.562797300065903 ], [ -112.074092933182001, 33.562735178474902 ], [ -112.074075444681995, 33.562721983099898 ], [ -112.073960744261001, 33.562657296103303 ], [ -112.073878273478002, 33.562610881347403 ], [ -112.073749787821001, 33.562538499736497 ], [ -112.073735825607002, 33.562538637989803 ], [ -112.073729145306004, 33.562530892750502 ], [ -112.073722605814993, 33.562523470069301 ], [ -112.073715970194996, 33.562515765928801 ], [ -112.073709380319002, 33.562508101976299 ], [ -112.073702889293997, 33.562500677971698 ], [ -112.073696250924996, 33.562493012635301 ], [ -112.073689956809005, 33.562485308236703 ], [ -112.073683458499005, 33.562477643488499 ], [ -112.073677166002994, 33.562469895784197 ], [ -112.073670529861005, 33.562462235838403 ], [ -112.073664372824993, 33.562454291247398 ], [ -112.073658120725, 33.562446586482601 ], [ -112.073651871259997, 33.562438920475998 ], [ -112.073645618336002, 33.562430974911898 ], [ -112.073639318256994, 33.562423310245599 ], [ -112.073633066724994, 33.5624155639874 ], [ -112.073626813805006, 33.562407618422299 ], [ -112.073620848526005, 33.562399673067603 ], [ -112.073614692313996, 33.562391968370598 ], [ -112.073608680193999, 33.562383981032497 ], [ -112.073602476862007, 33.5623760377417 ], [ -112.073596559547994, 33.562368050482597 ], [ -112.073590597735006, 33.562360384683402 ], [ -112.073584730006004, 33.5623523996993 ], [ -112.073578764724004, 33.562344453440602 ], [ -112.073572846578003, 33.5623362244799 ], [ -112.073566883452003, 33.562328278201797 ], [ -112.073561015728004, 33.562320293216501 ], [ -112.073555148484999, 33.562312347008103 ], [ -112.073549566205003, 33.562304358644603 ], [ -112.073543555449007, 33.562296132289298 ], [ -112.073537973119997, 33.562288226899902 ], [ -112.073553760107004, 33.562288165738103 ], [ -112.073533923324007, 33.562250510536401 ], [ -112.073520166489999, 33.562231286922803 ], [ -112.073506600344999, 33.562212063457402 ], [ -112.073493512506005, 33.5621928385481 ], [ -112.073480333310002, 33.562173369114198 ], [ -112.073467103080006, 33.562153866751402 ], [ -112.073454354103006, 33.562134078822403 ], [ -112.073441406334993, 33.562114331397403 ], [ -112.073429276791003, 33.562094541701398 ], [ -112.073416716371995, 33.562074754838697 ], [ -112.073404880116996, 33.562054724496498 ], [ -112.073392751941995, 33.5620346957827 ], [ -112.073380862426006, 33.562014626216502 ], [ -112.073369407051004, 33.561994555590097 ], [ -112.073357807557997, 33.5619742427007 ], [ -112.073346589948997, 33.561953971593397 ], [ -112.073335804148996, 33.561933336884799 ], [ -112.073324639427, 33.561912985950002 ], [ -112.073314093305996, 33.561892392451902 ], [ -112.073303547189994, 33.561871798952701 ], [ -112.073293241298998, 33.561851204271399 ], [ -112.073283029943994, 33.561830326476603 ], [ -112.073273156568007, 33.561809773137803 ], [ -112.073263234547994, 33.561788857658399 ], [ -112.073253747156997, 33.561767980798699 ], [ -112.073244445894005, 33.561746822737 ], [ -112.073235243387998, 33.561725983990698 ], [ -112.073225990138994, 33.561704787631598 ], [ -112.073217461791998, 33.561683668862699 ], [ -112.073208931858005, 33.561662508619698 ], [ -112.073200259775007, 33.561641352314098 ], [ -112.073192109561006, 33.561620232970299 ], [ -112.073184106194006, 33.561598792180199 ], [ -112.072940711282996, 33.560943600636101 ], [ -112.07293343325, 33.560923569513299 ], [ -112.072924852455003, 33.560903772449997 ], [ -112.072915939897996, 33.5608839782616 ], [ -112.072906404395994, 33.560864509644503 ], [ -112.072896583982995, 33.5608449993032 ], [ -112.072885656400004, 33.560825771831503 ], [ -112.072874439873004, 33.560806263668198 ], [ -112.072862266387006, 33.560787598952402 ], [ -112.072850046374995, 33.560768655952998 ], [ -112.072836959989004, 33.560749954052 ], [ -112.072823398666003, 33.560731611612297 ], [ -112.072809257871, 33.560713712513802 ], [ -112.072794878685997, 33.560695613455302 ], [ -112.072779014787997, 33.560678279442499 ], [ -112.072763580642004, 33.5606610255793 ], [ -112.072747092466003, 33.560644257048999 ], [ -112.072730655989005, 33.5606274871664 ], [ -112.072712968958996, 33.5606116011528 ], [ -112.072695568526996, 33.560595718064398 ], [ -112.072677022654005, 33.560580594373803 ], [ -112.072658663433998, 33.5605652318647 ], [ -112.072639636825997, 33.560550956507498 ], [ -112.072620609943002, 33.5605363970529 ], [ -112.072600480979006, 33.560522967297999 ], [ -112.072580448964999, 33.560509536699698 ], [ -112.072559798232007, 33.560496947515297 ], [ -112.072539332928997, 33.560484281863602 ], [ -112.072518009156994, 33.560472496680397 ], [ -112.072496972227995, 33.560460995810701 ], [ -112.072475312845, 33.560450295801402 ], [ -112.072453652904002, 33.560439637280098 ], [ -112.072431566128003, 33.560429743652101 ], [ -112.072428345253996, 33.560428101248199 ], [ -112.072424650087001, 33.560426696544198 ], [ -112.072421432992002, 33.5604250983003 ], [ -112.072417832648, 33.560423695480097 ], [ -112.072414517441999, 33.560422090870901 ], [ -112.072410917154997, 33.560420692559497 ], [ -112.072407316001005, 33.560419049842103 ], [ -112.072404001650995, 33.560417688736699 ], [ -112.072400454613003, 33.560416327843299 ], [ -112.072396704767996, 33.560414682806197 ], [ -112.072393484738996, 33.560413283003797 ], [ -112.072389933381999, 33.560411921245603 ], [ -112.072386234443002, 33.560410559864003 ], [ -112.072382968564995, 33.560409198338 ], [ -112.072379419361994, 33.560407836560898 ], [ -112.072375719345999, 33.560406475188302 ], [ -112.069747680575006, 33.559401645347499 ], [ -112.065410964527004, 33.557743889180202 ], [ -112.065143251229003, 33.557640331199998 ], [ -112.063667291781996, 33.557073285398197 ], [ -112.062672123346999, 33.556690997512597 ], [ -112.062649127048005, 33.556682227366998 ], [ -112.062654694726007, 33.556682098401801 ], [ -112.06297355433, 33.556675739686703 ], [ -112.062948774579993, 33.556662874068401 ], [ -112.062923848758999, 33.556649163720699 ], [ -112.062898830359003, 33.556635457770199 ], [ -112.062874240206, 33.556621183550703 ], [ -112.062849508990993, 33.556606913242902 ], [ -112.062825540266005, 33.556591835499802 ], [ -112.062801575037994, 33.556577042721003 ], [ -112.062777896797002, 33.556561406004398 ], [ -112.062754644885999, 33.556545484231499 ], [ -112.062731585636996, 33.556529284819803 ], [ -112.062708576966003, 33.55651308046 ], [ -112.062686239296994, 33.556496074862999 ], [ -112.062663849662997, 33.556479311416197 ], [ -112.062641801336, 33.556461741445801 ], [ -112.062638434142997, 33.556458855421603 ], [ -112.062620227554007, 33.556444217002003 ], [ -112.062599086874997, 33.556426080958602 ], [ -112.062578043675003, 33.556407987365802 ], [ -112.062557666011003, 33.5563896138801 ], [ -112.062537289242002, 33.556370960795398 ], [ -112.062517590664996, 33.556351741808498 ], [ -112.062497885848003, 33.556332804263597 ], [ -112.062478757782998, 33.556313022099701 ], [ -112.062460109320995, 33.556293522619498 ], [ -112.062441604770996, 33.556273459117797 ], [ -112.062423476660996, 33.556253434771698 ], [ -112.062406174930004, 33.556232806275098 ], [ -112.062388962781, 33.556212543177097 ], [ -112.062372187023001, 33.556191672962797 ], [ -112.062355837376003, 33.556170763915297 ], [ -112.062339964619994, 33.5561496523557 ], [ -112.062324243302996, 33.556128503418499 ], [ -112.062309333157998, 33.556106828025897 ], [ -112.061879925203002, 33.5554793118799 ], [ -112.061868475943996, 33.555462531999098 ], [ -112.061857556212999, 33.555445274079197 ], [ -112.061846734184002, 33.555428253420999 ], [ -112.061836196155994, 33.555410672953599 ], [ -112.061825947871995, 33.55539309 ], [ -112.06181646524, 33.555375222694003 ], [ -112.061806840965005, 33.555357399893197 ], [ -112.061797934951002, 33.555339293146702 ], [ -112.061789410169993, 33.555320825978598 ], [ -112.061781127054005, 33.555302476689199 ], [ -112.061772988410993, 33.555284049498901 ], [ -112.061765617551998, 33.555265336134703 ], [ -112.061758436627002, 33.555246386647902 ], [ -112.061751784736998, 33.555227711309101 ], [ -112.061744940970996, 33.555208760733301 ], [ -112.061739341150997, 33.555189527115402 ], [ -112.061733311506998, 33.5551702917722 ], [ -112.061728340201995, 33.555151098759701 ], [ -112.061723413143, 33.555131824196799 ], [ -112.061719159766994, 33.555112584440998 ], [ -112.061714856075994, 33.555093106113901 ], [ -112.061711272566001, 33.555073589141799 ], [ -112.061707831212004, 33.5550540691465 ], [ -112.061705208549, 33.555034550246603 ], [ -112.061702538421997, 33.555015113826201 ], [ -112.061700872854999, 33.554995550641799 ], [ -112.061698779661995, 33.554975989320901 ], [ -112.061697884221999, 33.554956507917296 ], [ -112.061696793226005, 33.5549370669723 ], [ -112.061696472522996, 33.554917545465401 ], [ -112.061696199886995, 33.554898342817602 ], [ -112.061696841694996, 33.554878779685602 ], [ -112.061687869400004, 33.554878669942198 ], [ -112.061891444525997, 33.5528740556679 ], [ -112.061892812647997, 33.552860594846699 ], [ -112.061897766605995, 33.552811824669597 ], [ -112.061906357989002, 33.552727736575797 ], [ -112.061908764308996, 33.552702991333902 ], [ -112.061881177889006, 33.552702821205799 ], [ -112.061795347922001, 33.552702601377497 ], [ -112.061796713112003, 33.552688459649801 ], [ -112.061804262563001, 33.5526120872061 ], [ -112.061808695002995, 33.552566205769601 ], [ -112.061810634235997, 33.552520009309198 ], [ -112.061812522042999, 33.552473571581302 ], [ -112.061811531667999, 33.552427135991699 ], [ -112.061810784486994, 33.552380416021997 ], [ -112.061807394599001, 33.552333662800798 ], [ -112.061804006043999, 33.552286666055501 ], [ -112.061797691653993, 33.552239913565103 ], [ -112.061791374972998, 33.552192885113101 ], [ -112.06178251787, 33.552146259049401 ], [ -112.061773513630001, 33.552099227490999 ], [ -112.061761635427004, 33.552052805009403 ], [ -112.061750088495003, 33.552006340903397 ], [ -112.061735523626993, 33.551960163326903 ], [ -112.061721006639999, 33.5519140241191 ], [ -112.061703897591002, 33.551868731472602 ], [ -112.061686648069994, 33.551823401246303 ], [ -112.061666950605996, 33.551778634952001 ], [ -112.061647157853002, 33.551733826180097 ], [ -112.061624774875995, 33.5516901895354 ], [ -112.061602393525007, 33.551646507777299 ], [ -112.061577710764993, 33.5516039208105 ], [ -112.061553072584999, 33.5515613659243 ], [ -112.061525753305006, 33.551519862184499 ], [ -112.061498721738005, 33.551478717631902 ], [ -112.061469437572001, 33.551438342765202 ], [ -112.061440104761004, 33.5513985680697 ], [ -112.061408569137996, 33.551359758342798 ], [ -112.061377362223993, 33.551321312861397 ], [ -112.061344106567006, 33.551284275660798 ], [ -112.061310891568993, 33.551247478006999 ], [ -112.061275759726001, 33.551212128086597 ], [ -112.060887274216995, 33.5508795695904 ], [ -112.060883573664, 33.550876441955403 ], [ -112.060508442495006, 33.550554994600397 ], [ -112.060491989471004, 33.550555736202902 ], [ -112.060469490195999, 33.550556725306599 ], [ -112.060463870692999, 33.550552757293602 ], [ -112.060342398307995, 33.550467937118299 ], [ -112.059800701198995, 33.550089678529403 ], [ -112.059797735100005, 33.550007049524602 ], [ -112.059795236116997, 33.550004402202198 ], [ -112.059575982650003, 33.549770062914398 ], [ -112.059250475891005, 33.549247701327303 ], [ -112.059235179346004, 33.549222091140301 ], [ -112.058065665067005, 33.547268345099901 ], [ -112.057706851839001, 33.546669010685697 ], [ -112.057694010968007, 33.5466481765054 ], [ -112.057680542262005, 33.5466272629087 ], [ -112.057666743574998, 33.546606670499401 ], [ -112.057652602401006, 33.546586080112299 ], [ -112.057638080187004, 33.546565775272597 ], [ -112.057623034949003, 33.546545418079397 ], [ -112.057607841917005, 33.546525394947203 ], [ -112.057592024325999, 33.546505649521201 ], [ -112.057576306396996, 33.546485861754498 ], [ -112.057559821208002, 33.546466397105803 ], [ -112.057543428768, 33.546446853197303 ], [ -112.057526272507999, 33.546427914671298 ], [ -112.057508922156998, 33.546408692800597 ], [ -112.057491094761005, 33.546390274985797 ], [ -112.057473409821, 33.546371614242801 ], [ -112.057454910838999, 33.546353238234502 ], [ -112.057436507419993, 33.546335102214002 ], [ -112.057417480585002, 33.546317249299697 ], [ -112.057398069404996, 33.546299675645699 ], [ -112.057378660001007, 33.546282423951098 ], [ -112.057358915145002, 33.546265132728898 ], [ -112.057338547941001, 33.546248123700998 ], [ -112.057318515432996, 33.546231356225903 ], [ -112.057297476695993, 33.546215188985698 ], [ -112.057276820987994, 33.5461989869044 ], [ -112.057255399813002, 33.5461833433179 ], [ -112.057234360855006, 33.546167421384702 ], [ -112.057212413385997, 33.546152340559701 ], [ -112.057190751974005, 33.546137222114098 ], [ -112.057168370680003, 33.546122425475801 ], [ -112.057146328829006, 33.546107906425497 ], [ -112.057123665427994, 33.5460939121715 ], [ -112.057018088838007, 33.5460433377215 ], [ -112.056749665812006, 33.545915018853499 ], [ -112.056575766047999, 33.545832022182701 ], [ -112.056553159884999, 33.545824133185903 ], [ -112.056311012875994, 33.545718838253897 ], [ -112.055752758368996, 33.545486399619797 ], [ -112.055546384432006, 33.5454000653788 ], [ -112.055312885492, 33.545302471803801 ], [ -112.055030318630003, 33.545119732780101 ], [ -112.054848077908005, 33.545002075295301 ], [ -112.054767831701, 33.544950185465503 ], [ -112.054595958792007, 33.544839106109698 ], [ -112.054443219045993, 33.544721334717003 ], [ -112.054334811651998, 33.544637661607901 ], [ -112.054131639684996, 33.544481221949901 ], [ -112.053949215119999, 33.544340669059999 ], [ -112.053907188935995, 33.5443082986882 ], [ -112.053773238364997, 33.5442383493329 ], [ -112.053584933614999, 33.544140180173699 ], [ -112.053497263858006, 33.5440945216559 ], [ -112.053483294437001, 33.544087347761703 ], [ -112.053479981378999, 33.544086106077401 ], [ -112.053401645196999, 33.544059319679299 ], [ -112.053201686676999, 33.543991368897103 ], [ -112.053004369087006, 33.543924543445002 ], [ -112.052847992413007, 33.543871410306799 ], [ -112.052805611458993, 33.543857959903299 ], [ -112.052624375064994, 33.543800193761797 ], [ -112.052440117806, 33.543741544817202 ], [ -112.052037527994997, 33.543613683080302 ], [ -112.051962704304998, 33.543589862925998 ], [ -112.051872371851005, 33.543560518671903 ], [ -112.051524974559001, 33.543448219408099 ], [ -112.051516479984997, 33.543445214269397 ], [ -112.051507554137999, 33.5434421722072 ], [ -112.051498674485998, 33.5434392091192 ], [ -112.051489794939002, 33.543436165760703 ], [ -112.051481010832006, 33.543433443569 ], [ -112.051472085165003, 33.543430682895398 ], [ -112.051463206266007, 33.543427959703699 ], [ -112.051454373406003, 33.543425480535099 ], [ -112.051445207105999, 33.543423038469598 ], [ -112.051436280529998, 33.5434205582918 ], [ -112.051427115004003, 33.543418357927401 ], [ -112.051417949793006, 33.5434159167526 ], [ -112.051408687364003, 33.5434137190136 ], [ -112.05139952095, 33.543411800949201 ], [ -112.051390308039998, 33.543409600984504 ], [ -112.051381141031001, 33.543407722607398 ], [ -112.051371974793994, 33.543406085932098 ], [ -112.051362812209007, 33.5434041281489 ], [ -112.051353645377006, 33.543402531160901 ], [ -112.051344045671996, 33.5434008539712 ], [ -112.051334882657002, 33.543399216363902 ], [ -112.051325286861996, 33.543397862019397 ], [ -112.051316120793004, 33.5433965058293 ], [ -112.051306573147002, 33.543395391881702 ], [ -112.051297409243006, 33.543394036573702 ], [ -112.051287957925993, 33.543392961490298 ], [ -112.051278408125995, 33.543391847558802 ], [ -112.051269246730001, 33.543391055012599 ], [ -112.051259647544995, 33.543390221087797 ], [ -112.051250102677002, 33.5433894254828 ], [ -112.051240842775996, 33.543388592283499 ], [ -112.051231437054994, 33.543388080495802 ], [ -112.051225442041996, 33.543387806711699 ], [ -112.051219683864005, 33.5433876120874 ], [ -112.051213591258005, 33.5433870171533 ], [ -112.051207785963996, 33.543387023150203 ], [ -112.051201788306003, 33.543386708801897 ], [ -112.051195936537994, 33.5433864347021 ], [ -112.051190179602003, 33.543386520556702 ], [ -112.051184087276994, 33.543386126742199 ], [ -112.051178283530007, 33.543386171506299 ], [ -112.051172382762005, 33.5433862982647 ], [ -112.051166001770994, 33.543385903292503 ], [ -112.051160195576003, 33.5433861906874 ], [ -112.051154244882994, 33.543386197014399 ], [ -112.051148346971004, 33.543386203794803 ], [ -112.0511424, 33.543386250674899 ], [ -112.051136548561999, 33.543386537551001 ], [ -112.051130552637005, 33.543386544260699 ], [ -112.051124697488007, 33.543386791484203 ], [ -112.051118750702997, 33.543387120656099 ], [ -112.051112850289002, 33.5433873655575 ], [ -112.051107046739006, 33.543387693512997 ], [ -112.051101050509004, 33.543387941932998 ], [ -112.051095199268005, 33.543388512001798 ], [ -112.051089249816997, 33.543388798805701 ], [ -112.051083398564998, 33.543389367972203 ], [ -112.051077402301999, 33.543389613685598 ], [ -112.051071551050001, 33.543390182851503 ], [ -112.051065605036996, 33.5433907537235 ], [ -112.051059705300005, 33.5433913214966 ], [ -112.051053755542995, 33.543391850010501 ], [ -112.051047903997002, 33.543392661788701 ], [ -112.051041956852004, 33.543393228159601 ], [ -112.050917585280999, 33.543406580363502 ], [ -112.050759448039997, 33.5434237833081 ], [ -112.050725300091997, 33.543427637408399 ], [ -112.050690907912994, 33.543430445564702 ], [ -112.050656368633994, 33.543432935687299 ], [ -112.050621689406, 33.543434096686099 ], [ -112.050586481042998, 33.543435500266497 ], [ -112.050551363701004, 33.543435257999903 ], [ -112.050516297444005, 33.543435054071601 ], [ -112.050481129530993, 33.543433124760199 ], [ -112.050445768857003, 33.543431554226402 ], [ -112.050410699834003, 33.543428539972801 ], [ -112.050375194921997, 33.543425284992303 ], [ -112.050340121516996, 33.543420661767101 ], [ -112.050304900092002, 33.543416000103903 ], [ -112.050269825092002, 33.543409730905701 ], [ -112.050234989374999, 33.543403742864101 ], [ -112.050200531182, 33.543396108349597 ], [ -112.050166030184002, 33.543388674410203 ], [ -112.050131953502003, 33.5433796332849 ], [ -112.050098072245007, 33.543370631078197 ], [ -112.050064570917002, 33.543360180796903 ], [ -112.050031070120994, 33.543349773793103 ], [ -112.049998626008005, 33.543338037438097 ], [ -112.049966081267002, 33.5433262622442 ], [ -112.049934257504006, 33.543313363474297 ], [ -112.049902384507007, 33.543300222502602 ], [ -112.049871516802995, 33.543285955544697 ], [ -112.049840934694004, 33.543271969353803 ], [ -112.049811122121, 33.5432563324676 ], [ -112.049781496074999, 33.5432409780909 ], [ -112.049752880729997, 33.543224499487998 ], [ -112.049724645176994, 33.543208342342197 ], [ -112.049700783030005, 33.5431929417839 ], [ -112.049697133739002, 33.543190697229797 ], [ -112.049692716173993, 33.543187890992101 ], [ -112.049687196579001, 33.543184444729398 ], [ -112.049677254268005, 33.5431779442494 ], [ -112.049667650955001, 33.5431716880152 ], [ -112.049659966419995, 33.54316663398 ], [ -112.049659102394003, 33.543165991937201 ], [ -112.049657852745995, 33.543164990599799 ], [ -112.049648443221997, 33.543158371059498 ], [ -112.049638884334001, 33.543151512879398 ], [ -112.049629422555, 33.543144936169803 ], [ -112.049620251212005, 33.543137794212001 ], [ -112.04961064602, 33.543130936422202 ], [ -112.049601472728995, 33.543124078577797 ], [ -112.049592298159993, 33.543116936645198 ], [ -112.049583027742997, 33.543109795524501 ], [ -112.049574240335005, 33.543102694501599 ], [ -112.049565017766994, 33.5430952346032 ], [ -112.049556084974, 33.543088134811399 ], [ -112.049547195174995, 33.543080671189003 ], [ -112.049538696268996, 33.543073289932899 ], [ -112.049529810045001, 33.5430655872754 ], [ -112.049521258306001, 33.5430582010545 ], [ -112.049512710301997, 33.543050500038298 ], [ -112.049504492932996, 33.543042797120798 ], [ -112.049495939834998, 33.543034852633802 ], [ -112.049487725679001, 33.543027147884096 ], [ -112.049479511843998, 33.543019202323897 ], [ -112.049471631897006, 33.543011256638799 ], [ -112.049463369612994, 33.543003312390098 ], [ -112.049455489200994, 33.5429953279261 ], [ -112.049447945138994, 33.542987101607402 ], [ -112.049440064547994, 33.5429788348494 ], [ -112.049432477379, 33.5429706061893 ], [ -112.049424927936997, 33.542962379914698 ], [ -112.049417432919, 33.542954111690896 ], [ -112.049272356630993, 33.542790855460296 ], [ -112.049227330079006, 33.542740212952999 ], [ -112.048788070078999, 33.5422465827548 ], [ -112.048437616632, 33.541852525407897 ], [ -112.048435356889996, 33.541850197798901 ], [ -112.048526068347996, 33.541848292362999 ], [ -112.048537867630998, 33.541847957948399 ], [ -112.048305789397006, 33.5414700860834 ], [ -112.047676014101995, 33.540445723377097 ], [ -112.047651680653004, 33.540406343061797 ], [ -112.047377688092993, 33.540002917734 ], [ -112.046834605570993, 33.539385350600497 ], [ -112.046747446482001, 33.5392914834934 ], [ -112.046701810656003, 33.539247827668198 ], [ -112.046421765098003, 33.539024411060801 ], [ -112.046382094121, 33.538992558383001 ], [ -112.046127530690001, 33.538805670976402 ], [ -112.045814241824004, 33.538483872176499 ], [ -112.045738202535006, 33.538380874262103 ], [ -112.045720463023002, 33.538356708833597 ], [ -112.045697850916, 33.538246665878397 ], [ -112.045697222987002, 33.538243532566703 ], [ -112.045678569887997, 33.538152084030102 ], [ -112.045675479671999, 33.538136943763099 ], [ -112.045673749591003, 33.538135298875901 ], [ -112.044946203994002, 33.537488306638799 ], [ -112.043848988784006, 33.536747333508899 ], [ -112.043249766130998, 33.536155111947103 ], [ -112.042102456877004, 33.535449924663403 ], [ -112.041871575239, 33.535308115172498 ], [ -112.041775274526998, 33.5350203105491 ], [ -112.041654788418995, 33.534660064703701 ], [ -112.041461512981002, 33.534082727148601 ], [ -112.041454640357998, 33.534073335723697 ], [ -112.041252309379999, 33.5338001402259 ], [ -112.041057146450996, 33.533611014425396 ], [ -112.040837462525005, 33.533476261739203 ], [ -112.040721098573002, 33.533378079226701 ], [ -112.040694204901996, 33.533355492534703 ], [ -112.040482908640996, 33.533183372354898 ], [ -112.040143439795997, 33.532906414479598 ], [ -112.040045284431997, 33.532826252592599 ], [ -112.039547780720994, 33.532420502779097 ], [ -112.038909041392003, 33.531859111260403 ], [ -112.038894970984998, 33.531846470088198 ], [ -112.038881137534005, 33.531833831436103 ], [ -112.038867018678005, 33.531821190667003 ], [ -112.038853184531007, 33.5318083130133 ], [ -112.038839353067999, 33.531795389338399 ], [ -112.038825906932004, 33.531782267618603 ], [ -112.038812505055006, 33.531769064354698 ], [ -112.038799341675997, 33.531755902379999 ], [ -112.038785846113996, 33.5317426989971 ], [ -112.038772733217996, 33.5317292552024 ], [ -112.038759905217006, 33.531715770234598 ], [ -112.038746746026007, 33.531702326825403 ], [ -112.038733918869994, 33.531688641625301 ], [ -112.038721479496999, 33.531674873803901 ], [ -112.038708986193001, 33.531661188506497 ], [ -112.038696449935998, 33.5316474232988 ], [ -112.038683909705995, 33.531633415511301 ], [ -112.038671850868994, 33.531619408194302 ], [ -112.038659599263994, 33.531605400689102 ], [ -112.038647732127998, 33.531591393565598 ], [ -112.038636010705005, 33.531577143508798 ], [ -112.038624190346994, 33.5315628149133 ], [ -112.038612607873006, 33.531548566394498 ], [ -112.038601174594007, 33.531534276037704 ], [ -112.038589979666, 33.531519744676601 ], [ -112.038578781069006, 33.531505176367197 ], [ -112.038567632452001, 33.531490644615502 ], [ -112.038556438127003, 33.531476072660503 ], [ -112.038545528952, 33.531461300796302 ], [ -112.038535002809994, 33.531446409373501 ], [ -112.038524478666005, 33.531431594594601 ], [ -112.038513952532, 33.531416703169803 ], [ -112.038325847162, 33.531153609983299 ], [ -112.038301864377999, 33.531120372126502 ], [ -112.038238570160999, 33.531031016474998 ], [ -112.038160473431006, 33.530920984301702 ], [ -112.038154218775006, 33.530907291739602 ], [ -112.037679688994999, 33.530209635465702 ], [ -112.037669210074995, 33.5301950655467 ], [ -112.037658733613, 33.530180250288502 ], [ -112.037647874559994, 33.530165680846999 ], [ -112.037637348735004, 33.530151150099897 ], [ -112.037626488569998, 33.530136577058101 ], [ -112.037615675808993, 33.530122005421902 ], [ -112.037605055840004, 33.530107435776998 ], [ -112.037593861708004, 33.5300929412901 ], [ -112.037583097468001, 33.530078373753803 ], [ -112.037572283643996, 33.530063802122399 ], [ -112.037561423997005, 33.530049270557598 ], [ -112.037550225380002, 33.530034940250403 ], [ -112.037539032850006, 33.530020488134198 ], [ -112.037528220398997, 33.530006120317303 ], [ -112.037517022741, 33.529991869366299 ], [ -112.037505877300006, 33.529977301408799 ], [ -112.037494680231006, 33.5299630089632 ], [ -112.037483103068993, 33.529948720602597 ], [ -112.037471901743999, 33.529934431797997 ], [ -112.037460468266005, 33.529920181013303 ], [ -112.037449320174005, 33.529905930542398 ], [ -112.037437743103993, 33.529891919060802 ], [ -112.037426260277002, 33.529877592926297 ], [ -112.03741472886, 33.529863345663202 ], [ -112.037403292902994, 33.529849336603597 ], [ -112.037391427290999, 33.529835329338297 ], [ -112.037379943359994, 33.529820999600801 ], [ -112.037368123465001, 33.5298070325357 ], [ -112.037356546431994, 33.529793021947597 ], [ -112.037344682880999, 33.529779095831401 ], [ -112.037332856633995, 33.529765046742803 ], [ -112.037321138574995, 33.529751039136201 ], [ -112.036608777872004, 33.528924179565898 ], [ -112.036603155964002, 33.528916190667204 ], [ -112.036596910558998, 33.528908203379402 ], [ -112.036590664669006, 33.528900536271003 ], [ -112.036584130204005, 33.528892871577703 ], [ -112.036577595211995, 33.528885162695097 ], [ -112.036570295806001, 33.528877738898601 ], [ -112.036563379171994, 33.528870355188999 ], [ -112.036555935123005, 33.5288631734104 ], [ -112.036548345409997, 33.5288557872166 ], [ -112.036540085691001, 33.5288489270282 ], [ -112.036532259946995, 33.528842065912698 ], [ -112.036523710674004, 33.528835486834801 ], [ -112.036515501672994, 33.528828905810201 ], [ -112.036506570791005, 33.528822564419897 ], [ -112.036497687974006, 33.528816550919302 ], [ -112.036488471875003, 33.528810493308498 ], [ -112.036479302228003, 33.528804718505803 ], [ -112.036470181604003, 33.528799261663899 ], [ -112.036460581354007, 33.528793770053603 ], [ -112.036450742133994, 33.528788557326799 ], [ -112.036440905068005, 33.5287833445811 ], [ -112.036431062852003, 33.5287786928616 ], [ -112.036420933149003, 33.528774044449001 ], [ -112.036410714718002, 33.528769631273001 ], [ -112.036400492214995, 33.528765508543003 ], [ -112.036389982718006, 33.528761701174403 ], [ -112.036379906731, 33.528757854100803 ], [ -112.036369348433993, 33.528754288848702 ], [ -112.036358887787998, 33.5287509653906 ], [ -112.036347946413002, 33.528747966129998 ], [ -112.036337437892001, 33.528744962344298 ], [ -112.036326690547995, 33.528742520638097 ], [ -112.036046660522999, 33.528659759170303 ], [ -112.036030826903996, 33.528655677038003 ], [ -112.036015426545006, 33.528650992415301 ], [ -112.035999734813004, 33.528646346304299 ], [ -112.035984281929004, 33.528641139915202 ], [ -112.035968879644003, 33.528635932199002 ], [ -112.035953764153007, 33.528630482175402 ], [ -112.035938309979997, 33.528624715709398 ], [ -112.035923147478996, 33.528618664505899 ], [ -112.035908125421997, 33.528612650907498 ], [ -112.035893248177004, 33.528606318626103 ], [ -112.035878464983995, 33.528599745649899 ], [ -112.035863727958002, 33.528592889990101 ], [ -112.035849237085003, 33.528585996193399 ], [ -112.035834886309004, 33.528578659290602 ], [ -112.035820774216006, 33.528571199534703 ], [ -112.035806565003, 33.528563542170801 ], [ -112.035792453747007, 33.528555881280198 ], [ -112.035779060042998, 33.528547617326701 ], [ -112.035765187785998, 33.5285396793535 ], [ -112.035752033060007, 33.528531136513898 ], [ -112.035738592827997, 33.528522672722403 ], [ -112.035725871829996, 33.528513566170602 ], [ -112.035712716383998, 33.528504781622701 ], [ -112.035700184668997, 33.528495473262701 ], [ -112.035687653707001, 33.528486408408902 ], [ -112.035675602750004, 33.5284767776539 ], [ -112.035663453237007, 33.5284671901113 ], [ -112.035651640633006, 33.528457318356203 ], [ -112.035639779598995, 33.528447448808699 ], [ -112.035628637779993, 33.528437296361297 ], [ -112.035617451321002, 33.528427102798602 ], [ -112.035606499994003, 33.528416669166198 ], [ -112.035080898212996, 33.527984055033897 ], [ -112.034576335218006, 33.527568451308099 ], [ -112.034570140197999, 33.527563314409498 ], [ -112.033179495663006, 33.526418167308897 ], [ -112.033157789346006, 33.526399228931503 ], [ -112.033134167387004, 33.5263816548769 ], [ -112.033109489452002, 33.526363843406799 ], [ -112.033083570326994, 33.526347877659497 ], [ -112.033056591296003, 33.526331434621603 ], [ -112.033027987126005, 33.526316878387703 ], [ -112.032999191315994, 33.526302324647403 ], [ -112.032968334860001, 33.526289981517799 ], [ -112.032937095394004, 33.526277395355102 ], [ -112.032904946082994, 33.5262672618341 ], [ -112.032871694126996, 33.526257132089299 ], [ -112.032837918268996, 33.526249491449903 ], [ -112.032803805957997, 33.526241810315597 ], [ -112.032768739147997, 33.5262369023689 ], [ -112.032733623875998, 33.526231993914301 ], [ -112.032702348551993, 33.526230337262298 ], [ -112.032698175695998, 33.526230060901099 ], [ -112.032679997686003, 33.5262289110306 ], [ -112.032662634019999, 33.526227962706997 ], [ -112.032653041290999, 33.526228132883602 ], [ -112.032627190293994, 33.5262287596994 ], [ -112.032591843844003, 33.526229677627697 ], [ -112.032556645287002, 33.526233525500601 ], [ -112.032521971535004, 33.526237133591202 ], [ -112.032487448696997, 33.526243473182902 ], [ -112.032453690867996, 33.526249850580797 ], [ -112.032420896382007, 33.5262586379433 ], [ -112.032388339769994, 33.5262675071912 ], [ -112.032357275191004, 33.526278782899801 ], [ -112.032326784942001, 33.526289818416302 ], [ -112.032297499142004, 33.5263029832022 ], [ -112.032268980200001, 33.526315979246597 ], [ -112.032241757232995, 33.526330832325797 ], [ -112.032215586617994, 33.526345436721599 ], [ -112.032190907634003, 33.526361689085199 ], [ -112.032109010137006, 33.526414752407803 ], [ -112.032091325823004, 33.526426336828301 ], [ -112.032072254095993, 33.526436798213098 ], [ -112.032052989256997, 33.526447502012601 ], [ -112.032032662339006, 33.526456639935397 ], [ -112.032011572263002, 33.526466259517697 ], [ -112.031989905315001, 33.526474274906697 ], [ -112.031968041398997, 33.526482208056301 ], [ -112.031945029881001, 33.526488899823597 ], [ -112.031921776743999, 33.526495467333298 ], [ -112.031898135201004, 33.526500431784001 ], [ -112.031873827534, 33.526505434248797 ], [ -112.031849515511993, 33.526508710500998 ], [ -112.031824673101994, 33.526512029047304 ], [ -112.031799733471999, 33.5265134183242 ], [ -112.031774746915005, 33.526514845866899 ], [ -112.031749760100993, 33.526514347841697 ], [ -112.031724575134007, 33.526513848756601 ], [ -112.031709085279005, 33.526512458089002 ], [ -112.031699681947003, 33.526511622795297 ], [ -112.031674690520006, 33.526509194718798 ], [ -112.031650369339999, 33.526505080806999 ], [ -112.031626044999001, 33.526501244703098 ], [ -112.031602103653, 33.526495201150802 ], [ -112.031578449349993, 33.526489479888397 ], [ -112.031555849686001, 33.526482068687798 ], [ -112.031533155763, 33.526474699755802 ], [ -112.03151146383, 33.526465922718998 ], [ -112.031490203710007, 33.5264571447875 ], [ -112.031469854438001, 33.526446719604699 ], [ -112.031450177942006, 33.526436816429097 ], [ -112.031431409603996, 33.526425583495701 ], [ -112.031412975853996, 33.526414595796297 ], [ -112.031395643626993, 33.5264022388494 ], [ -112.030431605456997, 33.525785025792104 ], [ -112.030422193009997, 33.5257776038695 ], [ -112.030412975358999, 33.5257698998332 ], [ -112.030403421127005, 33.525762235574597 ], [ -112.030394490860999, 33.525754247751699 ], [ -112.030385319315002, 33.5257463449108 ], [ -112.030376818703999, 33.525738356217701 ], [ -112.030367888849, 33.525730130286597 ], [ -112.030359769279002, 33.525721582849101 ], [ -112.030351127323996, 33.525713116418899 ], [ -112.030343296677003, 33.525704323964298 ], [ -112.030335035324001, 33.525695534190497 ], [ -112.030327445816994, 33.525686462844099 ], [ -112.030319569971994, 33.525677672567802 ], [ -112.030312411078, 33.5256683180477 ], [ -112.030304867300998, 33.525659288708901 ], [ -112.030297901092993, 33.525649655700398 ], [ -112.030290982305004, 33.525640298279598 ], [ -112.030284495762004, 33.525630704571199 ], [ -112.030277913955004, 33.525621068363598 ], [ -112.030271665406005, 33.525611475380401 ], [ -112.030265416741997, 33.525601600101801 ], [ -112.030259839503003, 33.525591680455499 ], [ -112.030253830985998, 33.525581805884201 ], [ -112.030248639662005, 33.525571647630102 ], [ -112.030243063997005, 33.525561769457397 ], [ -112.030238109023003, 33.525551291766298 ], [ -112.030233203508004, 33.525541170817696 ], [ -112.030228920569996, 33.525530972537503 ], [ -112.030224303099999, 33.525520532623901 ], [ -112.030220259681002, 33.525510372936701 ], [ -112.030215978198001, 33.525499933835498 ], [ -112.030212317543999, 33.525489451689801 ], [ -112.030211913575002, 33.525179778086603 ], [ -112.030211804523006, 33.525131533424897 ], [ -112.030211008397004, 33.524633135061002 ], [ -112.030210991393005, 33.524619441587703 ], [ -112.029751069921005, 33.524237236024902 ], [ -112.029706676635996, 33.524216067644801 ], [ -112.029660801768003, 33.5241969074807 ], [ -112.029614828362995, 33.524177427040598 ], [ -112.029567516735, 33.524159876058697 ], [ -112.029519914358005, 33.524142322965901 ], [ -112.029471263454994, 33.524126702332502 ], [ -112.029422369084003, 33.524110798701699 ], [ -112.029372519323999, 33.524097145126703 ], [ -112.029322670895993, 33.524083693546999 ], [ -112.029271768458997, 33.524071893976704 ], [ -112.029220483627, 33.524060446600203 ], [ -112.029169056157997, 33.524051137901502 ], [ -112.029117101458993, 33.524041863325003 ], [ -112.029065009427001, 33.524034721068404 ], [ -112.029012527326998, 33.524027374592499 ], [ -112.028959666795004, 33.524022442931397 ], [ -112.028906761618003, 33.524017832696501 ], [ -112.028853998783006, 33.524015148626802 ], [ -112.028801142266005, 33.524012464410802 ], [ -112.028748002024003, 33.524012191516398 ], [ -112.028695099610999, 33.524011996893201 ], [ -112.028642247191996, 33.524013933032897 ], [ -112.028589733819999, 33.524015947505703 ], [ -112.028537270908004, 33.524020132421803 ], [ -112.028485093979995, 33.5240242797666 ], [ -112.028433256002998, 33.524030589747902 ], [ -112.028381755001007, 33.524036985296298 ], [ -112.028330590226005, 33.524045586796298 ], [ -112.028280149197002, 33.524054108309997 ], [ -112.028229940361996, 33.5240645985374 ], [ -112.028180365148998, 33.524075127677698 ], [ -112.028131507525003, 33.524087786551597 ], [ -112.027932631797, 33.524138941086697 ], [ -112.027714524792003, 33.524195013337398 ], [ -112.027369172319993, 33.524283900481699 ], [ -112.027206441207994, 33.524325822460398 ], [ -112.027174942108005, 33.524334045724203 ], [ -112.027143059899998, 33.524340741624798 ], [ -112.027110693471002, 33.524347558780697 ], [ -112.027078135720004, 33.5243531310824 ], [ -112.027045334741999, 33.524358624221101 ], [ -112.027012247117, 33.524362551315697 ], [ -112.026978772050001, 33.524366679131298 ], [ -112.026944917237998, 33.524369199284699 ], [ -112.026911157740997, 33.524371675347197 ], [ -112.026877390216001, 33.524372834685899 ], [ -112.026843244174003, 33.524373947549002 ], [ -112.026809098103001, 33.524373418034301 ], [ -112.026774996710998, 33.524373206512102 ], [ -112.026740795604994, 33.524371026948899 ], [ -112.026706406776995, 33.524369090642899 ], [ -112.026672539976005, 33.524365585195099 ], [ -112.026638386277995, 33.524362040628503 ], [ -112.026604663312, 33.524357128802002 ], [ -112.026571134087007, 33.524351935769801 ], [ -112.026537649123995, 33.524345658271997 ], [ -112.026504544207995, 33.524339100730302 ], [ -112.026471728497, 33.524331136516899 ], [ -112.026439200767001, 33.524323211395703 ], [ -112.026407007383, 33.524313598736597 ], [ -112.026375244811007, 33.524304265696898 ], [ -112.026344056735994, 33.524293611106998 ], [ -112.026312771817999, 33.524282870728797 ], [ -112.026282587360996, 33.524270848635801 ], [ -112.026252695406001, 33.5242590658222 ], [ -112.026223182020004, 33.524245874696497 ], [ -112.026205186488994, 33.5242376144449 ], [ -112.026194340581995, 33.524232683407497 ], [ -112.026169912352998, 33.524220251927701 ], [ -112.026166024134, 33.524218446061603 ], [ -112.025784921634994, 33.524026448016201 ], [ -112.025782618568996, 33.5240252846937 ], [ -112.025023779413999, 33.523644211782397 ], [ -112.024525124354, 33.523291748804297 ], [ -112.024187352129999, 33.522918256743303 ], [ -112.024180196784002, 33.522910589290703 ], [ -112.024172993682996, 33.522903163943099 ], [ -112.024165693092002, 33.522895780888902 ], [ -112.024158107231003, 33.522888313610302 ], [ -112.024150903633, 33.522881211147599 ], [ -112.024143080290003, 33.5228737855156 ], [ -112.024135442239, 33.522866640647301 ], [ -112.024127663618998, 33.5228595375266 ], [ -112.024119789162995, 33.522852434295899 ], [ -112.024111819086997, 33.522845532078399 ], [ -112.024103562578006, 33.5228386295231 ], [ -112.024095448704998, 33.522831769079197 ], [ -112.024087240507995, 33.522824945490903 ], [ -112.024078932330994, 33.522818044262998 ], [ -112.024070724384998, 33.522811424502102 ], [ -112.024062227242993, 33.522804844109899 ], [ -112.024053730101997, 33.5227982637171 ], [ -112.024044801225998, 33.522791962876497 ], [ -112.024036255254003, 33.522785624596899 ], [ -112.024027373646007, 33.522779405437497 ], [ -112.024018592445003, 33.522773025809997 ], [ -112.024009663192004, 33.522766966680599 ], [ -112.024000494324, 33.522760951019102 ], [ -112.023991324327994, 33.522754930856799 ], [ -112.023982399513997, 33.522749156690701 ], [ -112.023973279754003, 33.522743378724201 ], [ -112.023963681916996, 33.522737602905799 ], [ -112.023954511574999, 33.522731827159902 ], [ -112.023945058582996, 33.522726372122698 ], [ -112.023935506024998, 33.522720874616397 ], [ -112.023925907223003, 33.522715382001302 ], [ -112.023916454939993, 33.522710169568498 ], [ -112.023665208127994, 33.522569948292002 ], [ -112.023650474129994, 33.522561445148099 ], [ -112.023635068377004, 33.522553504931999 ], [ -112.023619616223996, 33.522545281899099 ], [ -112.023603537784993, 33.522537825248499 ], [ -112.023587702479006, 33.522530166363403 ], [ -112.023571340391001, 33.522523310917897 ], [ -112.023554879163996, 33.522516174895102 ], [ -112.023538134521004, 33.522509843006198 ], [ -112.023521389248998, 33.522503549000199 ], [ -112.023504355529994, 33.522497540573902 ], [ -112.023487321366005, 33.522491768448099 ], [ -112.023469953605996, 33.522486562767597 ], [ -112.023452536286996, 33.522481354788397 ], [ -112.023434735905994, 33.522476993253697 ], [ -112.023416652207004, 33.522472347251501 ], [ -112.023398947272995, 33.522468226633599 ], [ -112.023380911824006, 33.5224643856291 ], [ -112.023362824830002, 33.5224611051312 ], [ -112.023344502062002, 33.5224578283825 ], [ -112.023326417486004, 33.5224553929447 ], [ -112.023308095453999, 33.5224526356821 ], [ -112.023289723101001, 33.522450725721697 ], [ -112.023271302233994, 33.522448810748102 ], [ -112.023252982401999, 33.5224477030442 ], [ -112.023234562322997, 33.522446312065597 ], [ -112.023216146679999, 33.522445846402697 ], [ -112.023198159749001, 33.522445301435198 ], [ -112.023179742240998, 33.5224453173998 ], [ -112.023161421645995, 33.522445333462898 ], [ -112.023143340296997, 33.522446189024798 ], [ -112.023125259972005, 33.522446765886798 ], [ -112.023107231143001, 33.522448149526099 ], [ -112.022243059144003, 33.5225096258281 ], [ -112.021530762672995, 33.522560527764398 ], [ -112.021516903369005, 33.522561743300699 ], [ -112.020801073485998, 33.522625978711602 ], [ -112.020655338631997, 33.522639035327302 ], [ -112.020633036714997, 33.522641224950398 ], [ -112.020610689882005, 33.522642890932403 ], [ -112.020588772083997, 33.522644596666503 ], [ -112.020578366501994, 33.522645206418503 ], [ -112.020566042414004, 33.522645939305299 ], [ -112.020560622367, 33.5226462662635 ], [ -112.020547340061, 33.5226469195593 ], [ -112.020543741127, 33.522647082696501 ], [ -112.020521441916998, 33.522647944672002 ], [ -112.020507006043005, 33.5226484802999 ], [ -112.020498854761001, 33.5226487693321 ], [ -112.020491757439004, 33.522648854868102 ], [ -112.020476550504995, 33.522649110039602 ], [ -112.020469548874999, 33.5226492750554 ], [ -112.020453916910995, 33.5226496482681 ], [ -112.020431564665003, 33.522649386889803 ], [ -112.020408879748004, 33.522649406035299 ], [ -112.020392763767006, 33.5226488172869 ], [ -112.020386286627001, 33.5226486226261 ], [ -112.020374634044003, 33.522648310965998 ], [ -112.020363984880007, 33.5226480767192 ], [ -112.020352477019998, 33.522647526663498 ], [ -112.020341251226, 33.522646971577203 ], [ -112.020323794090999, 33.522646062869299 ], [ -112.020318950906002, 33.522645905250798 ], [ -112.020296359781, 33.522644558117598 ], [ -112.020274053950999, 33.522642930843098 ], [ -112.020251416991997, 33.522640981606202 ], [ -112.020229064107994, 33.522638831605803 ], [ -112.020206808043994, 33.522636398507302 ], [ -112.020184593538005, 33.522633928084403 ], [ -112.020171170360001, 33.522632213193603 ], [ -112.020162148969007, 33.522631214234003 ], [ -112.020139844919996, 33.522628179045597 ], [ -112.020117777127993, 33.522624905607898 ], [ -112.020101274938995, 33.522622146409503 ], [ -112.020095858315003, 33.522621389228497 ], [ -112.020073548677999, 33.522617510792202 ], [ -112.020055274407994, 33.522614230450699 ], [ -112.020051483342996, 33.522613712413197 ], [ -112.020029799121005, 33.522609632202602 ], [ -112.020007927026001, 33.522605233358803 ], [ -112.019986242206997, 33.5226005515742 ], [ -112.019964558932998, 33.522595909457003 ], [ -112.019943165179996, 33.522590704868101 ], [ -112.019633631266998, 33.522516206408 ], [ -112.019602156942994, 33.522508839002903 ], [ -112.019583641927994, 33.522504034548398 ], [ -112.019570641152995, 33.522500873967303 ], [ -112.019539166241998, 33.5224929049796 ], [ -112.019529958546002, 33.5224903427006 ], [ -112.019507937666006, 33.522484455044001 ], [ -112.019501699987998, 33.522482734144603 ], [ -112.019476420703, 33.522476204991698 ], [ -112.019445616870996, 33.522467152678502 ], [ -112.019414384930002, 33.522458139055701 ], [ -112.019383294625001, 33.522448806788098 ], [ -112.019352445406, 33.522439188428201 ], [ -112.019332148941004, 33.5224324189141 ], [ -112.019321880863004, 33.522429052729301 ], [ -112.019305137093994, 33.522423686198401 ], [ -112.019291032126006, 33.522419198952498 ], [ -112.019260466396005, 33.522408777343799 ], [ -112.019229904962998, 33.522398078807001 ], [ -112.019208074033997, 33.522390021351498 ], [ -112.019203852329994, 33.522388499402702 ], [ -112.019199725695998, 33.522387095723097 ], [ -112.019169593789996, 33.522376110438103 ], [ -112.019139652961996, 33.5223646148985 ], [ -112.019109470790994, 33.522353106906799 ], [ -112.019079961510997, 33.522341037796998 ], [ -112.019050066790996, 33.5223289727534 ], [ -112.019030779838999, 33.522320593098101 ], [ -112.019020845385995, 33.522316382664698 ], [ -112.019006209807998, 33.522310169895903 ], [ -112.018991333949998, 33.522304035764201 ], [ -112.018963263930999, 33.522291284668597 ], [ -112.018962065690005, 33.522290846279503 ], [ -112.018946181537004, 33.522283667011401 ], [ -112.018933222794999, 33.522277933781098 ], [ -112.018904241339996, 33.522264499310197 ], [ -112.018902128872, 33.522263416363401 ], [ -112.018899779020998, 33.522262292077997 ], [ -112.018875690637998, 33.522251066700299 ], [ -112.018858173883999, 33.522242402785402 ], [ -112.018847089190999, 33.522237070809901 ], [ -112.018830288716003, 33.522228607535197 ], [ -112.018818919530005, 33.522223073164703 ], [ -112.018815894908002, 33.522221430420899 ], [ -112.018795307835006, 33.522211082641199 ], [ -112.018790702922004, 33.522208835992203 ], [ -112.018762820256001, 33.522194517600397 ], [ -112.018734887818994, 33.5221797188957 ], [ -112.018707245634999, 33.522164878113301 ], [ -112.018679989785994, 33.522149557038802 ], [ -112.018657382287003, 33.522136880897598 ], [ -112.018646871461002, 33.522130622436002 ], [ -112.018635066824999, 33.522123764024101 ], [ -112.018620478133002, 33.5221152996657 ], [ -112.018612318666996, 33.5221108455167 ], [ -112.018590098521997, 33.522097407674302 ], [ -112.018568019013003, 33.5220842085782 ], [ -112.018552085383007, 33.522074180544301 ], [ -112.018546086333998, 33.522070490576503 ], [ -112.018524006110994, 33.522056770176498 ], [ -112.018512777151997, 33.522049507474101 ], [ -112.018502363077999, 33.522043049784997 ], [ -112.018480428155996, 33.522029046787502 ], [ -112.018459019763, 33.5220147652769 ], [ -112.018437758884005, 33.522000482549402 ], [ -112.018416350880997, 33.521985957513401 ], [ -112.018395374207003, 33.521971391948703 ], [ -112.018374349517998, 33.521956587770099 ], [ -112.018353328615007, 33.5219417384614 ], [ -112.018340224195001, 33.521931744859103 ], [ -112.018332975747995, 33.5219263731776 ], [ -112.018322653563999, 33.521918749454699 ], [ -112.018312236338005, 33.521911285247803 ], [ -112.018304987617, 33.5219057061284 ], [ -112.018299131948993, 33.5219012934446 ], [ -112.018291884521005, 33.521895916340704 ], [ -112.018271531623, 33.521880546537098 ], [ -112.018251468349007, 33.5218648974638 ], [ -112.018231785187993, 33.5218492479679 ], [ -112.018224201267003, 33.521842905881002 ], [ -112.018212100823007, 33.521833035689198 ], [ -112.018199044298996, 33.521822440106298 ], [ -112.018192419741993, 33.521817102971099 ], [ -112.018187521998996, 33.521812928627298 ], [ -112.018173023946005, 33.521800888313599 ], [ -112.018168127302999, 33.521796715763799 ], [ -112.018153580212996, 33.521784717338598 ], [ -112.018141867476004, 33.521774483190001 ], [ -112.018135531785006, 33.521768985843501 ], [ -112.018134565579004, 33.521768223558297 ], [ -112.018115561052994, 33.521751764866103 ], [ -112.018099763213002, 33.5217376013182 ], [ -112.018096834361003, 33.521735031511497 ], [ -112.018078060893004, 33.521718257050701 ], [ -112.018068797721995, 33.521709387185602 ], [ -112.018059961893002, 33.521701239841597 ], [ -112.018051462683005, 33.521693332342799 ], [ -112.018041622832001, 33.521684503292001 ], [ -112.018024815223001, 33.521668246592597 ], [ -112.018023522248996, 33.521667165913698 ], [ -112.017557362196996, 33.521224303200299 ], [ -112.017258485889002, 33.520940299321303 ], [ -112.016754837345005, 33.520461955501098 ], [ -112.016752581448003, 33.520459467621798 ], [ -112.016750709055998, 33.5204578225825 ], [ -112.016749942252005, 33.520457258872298 ], [ -112.016749075709001, 33.520456177384702 ], [ -112.016747686840006, 33.520454812476601 ], [ -112.016744995289002, 33.520452362445901 ], [ -112.016742739432999, 33.520450154157103 ], [ -112.016740051756003, 33.520447667116301 ], [ -112.016737841131999, 33.520445459358001 ], [ -112.016735155006998, 33.520443012890198 ], [ -112.016733186222993, 33.5204410439556 ], [ -112.016730928721003, 33.520438878971497 ], [ -112.016723726609996, 33.520432294649403 ], [ -112.016712157203003, 33.520421580270799 ], [ -112.016700299237002, 33.5204111433412 ], [ -112.016693914949002, 33.5204055254612 ], [ -112.016688248559007, 33.520400708894201 ], [ -112.016685463035003, 33.520398141483803 ], [ -112.016676391233005, 33.520390234076899 ], [ -112.016665011759002, 33.520380843035298 ], [ -112.016663812058994, 33.520380000581198 ], [ -112.016651765019006, 33.520369968350998 ], [ -112.016644467755995, 33.520364269575403 ], [ -112.016638902587005, 33.520360097038399 ], [ -112.016634435026006, 33.520356324055498 ], [ -112.016626519851997, 33.520349902512201 ], [ -112.016613602567006, 33.52034031214 ], [ -112.016600883414, 33.520330721944099 ], [ -112.016587681405994, 33.520321092418399 ], [ -112.016574531599005, 33.520311506656199 ], [ -112.016561955509999, 33.520302915496302 ], [ -112.016561092293003, 33.520302394063897 ], [ -112.016554323801003, 33.520297620808599 ], [ -112.016547653939995, 33.520293086650497 ], [ -112.016534213455998, 33.5202840570402 ], [ -112.016520438298002, 33.520274952611203 ], [ -112.016511847317005, 33.5202695774069 ], [ -112.016506568316998, 33.520266486606801 ], [ -112.016498121412994, 33.5202609090938 ], [ -112.016492793034999, 33.520257739330702 ], [ -112.016483195305995, 33.520251723013899 ], [ -112.016478637383003, 33.520249153008201 ], [ -112.016473163477002, 33.520245785117098 ], [ -112.016464574241994, 33.520240650704103 ], [ -112.016450514373005, 33.520232427962597 ], [ -112.016435972083002, 33.520224202865002 ], [ -112.016421480481995, 33.520216260548402 ], [ -112.016407131638005, 33.520208279178497 ], [ -112.016392398894993, 33.520200617526399 ], [ -112.01637752357, 33.520192917358699 ], [ -112.016362741980004, 33.520185497814801 ], [ -112.016350890783002, 33.520179683968102 ], [ -112.016347961519003, 33.520178358752801 ], [ -112.016346667877002, 33.520177677605801 ], [ -112.016332942491005, 33.520171260428498 ], [ -112.016328574522007, 33.5201690956184 ], [ -112.016317826703997, 33.5201640826267 ], [ -112.016302666686997, 33.520157265948598 ], [ -112.016212406367998, 33.5201155222274 ], [ -112.016006263855999, 33.5200203206551 ], [ -112.015392688811005, 33.519736927926097 ], [ -112.015308812838995, 33.519698072313197 ], [ -112.014815538199002, 33.519470572829597 ], [ -112.014383830379998, 33.519271026814202 ], [ -112.014159366450002, 33.519167160528198 ], [ -112.014086334531001, 33.519133557275801 ], [ -112.013813355356007, 33.519007436160599 ], [ -112.013062087007995, 33.5186605469206 ], [ -112.012844483180999, 33.518559927588399 ], [ -112.012832871542003, 33.518554673327898 ], [ -112.012833073541998, 33.518520731104601 ], [ -112.012724973817001, 33.518475863961697 ], [ -112.009851238175997, 33.517285276543703 ], [ -112.009842461196001, 33.517281625026797 ], [ -112.009630249672, 33.517194012903801 ], [ -112.009576564420001, 33.517171960517899 ], [ -112.009575555446006, 33.517171398735996 ], [ -112.009499650734995, 33.517138516027103 ], [ -112.008467278547997, 33.516692468701699 ], [ -112.008382593652996, 33.516655854338197 ], [ -112.007794083788994, 33.5164012462442 ], [ -112.007334110369001, 33.516200651542803 ], [ -112.006950127501995, 33.516023980999201 ], [ -112.006414373770994, 33.515764908525099 ], [ -112.006348979386999, 33.515733340922402 ], [ -112.006334249394996, 33.515725961227702 ], [ -112.006319085627993, 33.515718779867498 ], [ -112.006304356295999, 33.515711642777198 ], [ -112.006288854754999, 33.515704581405402 ], [ -112.006274174528002, 33.515697965215502 ], [ -112.006261605332995, 33.515692149003101 ], [ -112.006259015574997, 33.515691105789898 ], [ -112.006243997224004, 33.5156842073402 ], [ -112.006228548083996, 33.515677672249502 ], [ -112.006213149068998, 33.515671095261901 ], [ -112.006204942181, 33.515667646290701 ], [ -112.006197697944998, 33.515664760406999 ], [ -112.006182201596005, 33.515658425015701 ], [ -112.006166754155998, 33.515652128909103 ], [ -112.006151352543, 33.515645791842402 ], [ -112.006135666115, 33.515639778166602 ], [ -112.006119835378996, 33.515633762053298 ], [ -112.006104194838002, 33.515627991515998 ], [ -112.006100309014002, 33.515626509676402 ], [ -112.006088360454996, 33.515622218041599 ], [ -112.006072674615993, 33.515616440652899 ], [ -112.006056890322, 33.515610994160397 ], [ -112.006050654253002, 33.515608789137502 ], [ -112.006040770645996, 33.515605502588599 ], [ -112.006038805382005, 33.515604737497803 ], [ -112.006024989053003, 33.515600010072603 ], [ -112.006008916748002, 33.515594796801501 ], [ -112.005992847738, 33.515589588913102 ], [ -112.005976729142006, 33.515584376013699 ], [ -112.005960652615997, 33.515579448675602 ], [ -112.005944347785004, 33.515574517777999 ], [ -112.005928229896995, 33.515569830679098 ], [ -112.005925974427001, 33.515569109431098 ], [ -112.005911726977004, 33.515565180977497 ], [ -112.005903285350001, 33.5155626592503 ], [ -112.005895658019995, 33.515560534964699 ], [ -112.005888699479002, 33.515558609078901 ], [ -112.0058793468, 33.515556167803098 ], [ -112.005875030446006, 33.515554885166601 ], [ -112.005862844513004, 33.515551479307597 ], [ -112.005846483797995, 33.515547393939002 ], [ -112.005545824023997, 33.515477512822798 ], [ -112.00418457104, 33.515137635051097 ], [ -112.004101924373998, 33.515117045245098 ], [ -112.003971208748993, 33.515085362802999 ], [ -112.003700716503005, 33.515019792701899 ], [ -112.001658492111005, 33.514525187903899 ], [ -112.000869685493996, 33.514098874069603 ], [ -112.000216956589995, 33.513746175958801 ], [ -112.000127948331993, 33.513698031005703 ], [ -111.999941549179994, 33.513597645358999 ], [ -111.999905515555994, 33.513578109562999 ], [ -111.999713498592001, 33.513474156766897 ], [ -111.999711755491006, 33.513456002773196 ], [ -111.998402615258001, 33.512733480350001 ], [ -111.99752151685, 33.512249522375299 ], [ -111.997040669925994, 33.511985470471203 ], [ -111.996720883628996, 33.511798204577602 ], [ -111.996710140418003, 33.511791621396299 ], [ -111.996698957956994, 33.511784759450499 ], [ -111.996688066191993, 33.511778178364501 ], [ -111.996685669149002, 33.511776456965002 ], [ -111.996677318248004, 33.511771275942301 ], [ -111.996666425895, 33.511764737248697 ], [ -111.996655631652004, 33.511757834295203 ], [ -111.996650401883002, 33.511754705257303 ], [ -111.996644499796005, 33.511751253333102 ], [ -111.996633559575997, 33.511744389432302 ], [ -111.996622806576994, 33.511737608803699 ], [ -111.996617535439, 33.511734158115303 ], [ -111.996611918222996, 33.511730666919398 ], [ -111.996610529026, 33.511729703131401 ], [ -111.996601169170006, 33.511724042287497 ], [ -111.996590231615997, 33.5117172225549 ], [ -111.996579771620006, 33.511710360197199 ], [ -111.996568974181002, 33.511703459065401 ], [ -111.996558081372996, 33.511696597482 ], [ -111.996550791657995, 33.511691660448101 ], [ -111.996547333899002, 33.511689452430701 ], [ -111.996536826382993, 33.511682670721498 ], [ -111.996525935278996, 33.511675769437403 ], [ -111.996524639135004, 33.5116748454858 ], [ -111.996515138302996, 33.511668907981203 ], [ -111.996510533602006, 33.511665736028498 ], [ -111.996504630933003, 33.511661762798298 ], [ -111.996495755778994, 33.511656024090499 ], [ -111.996493738146, 33.511654902110898 ], [ -111.996483273837995, 33.511648037975597 ], [ -111.996472481189997, 33.511640895986702 ], [ -111.996461971223994, 33.5116339934347 ], [ -111.996451128415003, 33.511626889727602 ], [ -111.996445320635999, 33.511622834559297 ], [ -111.996440619999007, 33.5116197463514 ], [ -111.996435246271005, 33.511616173820499 ], [ -111.996430111579997, 33.511612884370201 ], [ -111.996425074219999, 33.511609350621001 ], [ -111.996419602070006, 33.511605739197101 ], [ -111.996413510088999, 33.511601687215197 ], [ -111.996408712974997, 33.511598635858498 ], [ -111.996401417751997, 33.511593498635797 ], [ -111.996398203479004, 33.5115914915853 ], [ -111.996387694616999, 33.511584308524 ], [ -111.996377187277005, 33.511577164231703 ], [ -111.996367975181002, 33.511570865432802 ], [ -111.996358568785993, 33.511564523100503 ], [ -111.996349258082006, 33.511558262973601 ], [ -111.996340095026, 33.511551921388403 ], [ -111.996336926441998, 33.511549673158797 ], [ -111.996330640663999, 33.511545620927599 ], [ -111.996325889733001, 33.5115420893801 ], [ -111.996321379026, 33.511539038422001 ], [ -111.996312166473004, 33.5115326990366 ], [ -111.996302999571, 33.5115263971635 ], [ -111.996293836991995, 33.511519814761002 ], [ -111.996287070432999, 33.511515241482797 ], [ -111.996284287443999, 33.511513475378102 ], [ -111.996275075330004, 33.511507173866597 ], [ -111.996265959048003, 33.511500591089501 ], [ -111.996256746502993, 33.511494251699801 ], [ -111.996247579623997, 33.511487669328297 ], [ -111.996238367469005, 33.511481081908798 ], [ -111.996229490260006, 33.511474784915599 ], [ -111.996220323396003, 33.511468203443897 ], [ -111.996211156057996, 33.5114615804873 ], [ -111.996206261774006, 33.511458128554104 ], [ -111.996201850915, 33.511455240034302 ], [ -111.996192680793996, 33.511448655880798 ], [ -111.996187404504994, 33.511444564858998 ], [ -111.996183901554005, 33.511442075798598 ], [ -111.996174594099998, 33.5114355333342 ], [ -111.996170321194995, 33.511432281136003 ], [ -111.996165426789005, 33.511428912177799 ], [ -111.996164325067994, 33.511427947876598 ], [ -111.996156648609002, 33.5114223302811 ], [ -111.996147385930996, 33.511415748672398 ], [ -111.996138555415001, 33.511409203271803 ], [ -111.996129391962, 33.511402542397498 ], [ -111.996120513624007, 33.511395957696102 ], [ -111.996115041208, 33.5113919449105 ], [ -111.996111346798003, 33.511389378019501 ], [ -111.996102420648995, 33.511382754918998 ], [ -111.996097767238993, 33.511379181992297 ], [ -111.996093257484006, 33.511375930794003 ], [ -111.996084330293002, 33.511369310406302 ], [ -111.996071181416994, 33.511359396818399 ], [ -111.996058129733001, 33.511349602401602 ], [ -111.996046614297001, 33.511341015013002 ], [ -111.996044597560996, 33.511339688285098 ], [ -111.996031547748998, 33.511329774798199 ], [ -111.996018398252005, 33.511319899991697 ], [ -111.996006639677006, 33.511310670590497 ], [ -111.996005537342, 33.511310028274799 ], [ -111.995992483091001, 33.511299914595298 ], [ -111.995983700479997, 33.5112931315957 ], [ -111.995979334214994, 33.511289999193501 ], [ -111.995966184270998, 33.511279802402903 ], [ -111.995953421972999, 33.5112698911054 ], [ -111.995940272520997, 33.511259736697703 ], [ -111.995932352606005, 33.511253353519798 ], [ -111.995927459892997, 33.511249660752597 ], [ -111.995914598069007, 33.511239425563502 ], [ -111.995901450779002, 33.511229271134198 ], [ -111.995900585792995, 33.511228388805002 ], [ -111.995888634642, 33.511219076160998 ], [ -111.995875918492999, 33.511208962456301 ], [ -111.995866993934996, 33.511201817119598 ], [ -111.995863014527998, 33.511198806968601 ], [ -111.995850247901998, 33.5111886097894 ], [ -111.995840408099994, 33.511180423789 ], [ -111.995837480703997, 33.511178174509098 ], [ -111.995835607670998, 33.511176609420097 ], [ -111.995824763480996, 33.511168059905799 ], [ -111.995818764, 33.511162960934399 ], [ -111.995812238073, 33.511157583897003 ], [ -111.995803407663004, 33.511150479286499 ], [ -111.995799327664002, 33.511147428454102 ], [ -111.995786611076994, 33.5111369927616 ], [ -111.995777972772004, 33.511129645795002 ], [ -111.995774039229005, 33.511126597392099 ], [ -111.995768664203993, 33.511122060700004 ], [ -111.995761326479993, 33.511116120178201 ], [ -111.995753452445996, 33.511109416441499 ], [ -111.995748841386003, 33.511105684424599 ], [ -111.995736364907003, 33.511095248600498 ], [ -111.995723839343995, 33.511084851049802 ], [ -111.995711364548995, 33.511074373721698 ], [ -111.995698983904006, 33.511063938025202 ], [ -111.995686457299996, 33.511053260886897 ], [ -111.995673974366994, 33.5110428242062 ], [ -111.995474290467001, 33.510876362605401 ], [ -111.995443049412998, 33.510849430085401 ], [ -111.995312640443004, 33.510774964631402 ], [ -111.995311778965004, 33.510979375064203 ], [ -111.995309118967, 33.511608945933503 ], [ -111.995304450665998, 33.512713888125198 ], [ -111.995304417122, 33.512717728727097 ], [ -111.995304186270005, 33.512762541074203 ], [ -111.995304180987006, 33.5127637722236 ], [ -111.995300816663999, 33.513558699310202 ], [ -111.995300618475, 33.5136092782002 ], [ -111.995298280482004, 33.514151947223503 ], [ -111.994369916631001, 33.5135157534379 ], [ -111.993994431218994, 33.513258402807303 ], [ -111.993735848106994, 33.513356300949397 ], [ -111.993455885374999, 33.513462291500403 ], [ -111.993405257294995, 33.5134263451477 ], [ -111.993320454715999, 33.513367021135203 ], [ -111.993224940366005, 33.5133001744396 ], [ -111.993226270658994, 33.513296738318601 ], [ -111.993221704461007, 33.513293446883203 ], [ -111.993212012936993, 33.513286459028002 ], [ -111.993152296250003, 33.513243408943502 ], [ -111.993085271126006, 33.513195091642899 ], [ -111.992670120452004, 33.512895815763301 ], [ -111.992189483816006, 33.512549537734103 ], [ -111.991856256936998, 33.512309256068598 ], [ -111.991796826698007, 33.512255146497303 ], [ -111.991767929142, 33.512228781429599 ], [ -111.991453419123005, 33.512001679025097 ], [ -111.991204241331999, 33.511822909533997 ], [ -111.990998727556004, 33.511675444572901 ], [ -111.990917638260001, 33.511617227368603 ], [ -111.990668462654, 33.511438455846502 ], [ -111.990406485473997, 33.511250621845598 ], [ -111.990157313051, 33.511071850139501 ], [ -111.989979050304996, 33.510943880473597 ], [ -111.989966246820998, 33.510934543397298 ], [ -111.989895993754004, 33.510884014276002 ], [ -111.989647150829995, 33.510704966501301 ], [ -111.989397651074995, 33.510525917143703 ], [ -111.989182952530001, 33.510371308950702 ], [ -111.98911923947, 33.510323476175699 ], [ -111.989025300831003, 33.510260546792999 ], [ -111.988932923172001, 33.510195507932401 ], [ -111.988269826511001, 33.5097286574725 ], [ -111.987904458673995, 33.5095718514184 ], [ -111.987878422071006, 33.509560676934299 ], [ -111.987789153739001, 33.509515770116003 ], [ -111.987684209042001, 33.509462960309698 ], [ -111.987598149194, 33.509419653013602 ], [ -111.98758093811, 33.509396644477498 ], [ -111.987292133113996, 33.509010028881796 ], [ -111.987251770927003, 33.508956003183002 ], [ -111.987170467824001, 33.508877753701398 ], [ -111.987168304006005, 33.508875688431203 ], [ -111.987042474622001, 33.508754600238902 ], [ -111.986915200750005, 33.508632090283598 ], [ -111.986755923548003, 33.508354442088297 ], [ -111.986656671084006, 33.508181456842401 ], [ -111.986600562614996, 33.508083581828799 ], [ -111.986562562494996, 33.508033173584103 ], [ -111.986530780647996, 33.507990984532299 ], [ -111.986529689799994, 33.507989542043703 ], [ -111.986499261716006, 33.507949096420397 ], [ -111.986420614981, 33.507844732060903 ], [ -111.986418457262999, 33.507841872144098 ], [ -111.986104661690007, 33.507608483520599 ], [ -111.986095284610002, 33.507601489880997 ], [ -111.986074655452995, 33.507586121365101 ], [ -111.985700353688998, 33.507307187834598 ], [ -111.985633716799995, 33.507257491469197 ], [ -111.985550946393005, 33.5071957927059 ], [ -111.985166247243995, 33.506909963937701 ], [ -111.985155789299995, 33.506902202274098 ], [ -111.985152327150004, 33.506897664328498 ], [ -111.984894274417002, 33.506560366415698 ], [ -111.984658992020996, 33.506252835833997 ], [ -111.984646795401005, 33.5062368922706 ], [ -111.984603739997993, 33.506166864594597 ], [ -111.984600650594999, 33.506161867302502 ], [ -111.984599866568999, 33.506160609053097 ], [ -111.984592597125996, 33.5061487101813 ], [ -111.984526190297998, 33.5060405692724 ], [ -111.984449414240004, 33.5058958642337 ], [ -111.984448243407996, 33.5058936277768 ], [ -111.984336136636998, 33.505757857257997 ], [ -111.984332075902998, 33.505752931712102 ], [ -111.984254117573997, 33.505658468830198 ], [ -111.984209885598005, 33.505604758727301 ], [ -111.984194072913994, 33.505585682641801 ], [ -111.984024265151007, 33.505379874953803 ], [ -111.984022386430993, 33.505377587294703 ], [ -111.983878466806004, 33.505264586161701 ], [ -111.983848889995002, 33.505241328042999 ], [ -111.983802046709997, 33.505209410684799 ], [ -111.983747607490997, 33.505172304497002 ], [ -111.983741835768001, 33.505168300742902 ], [ -111.983646243403996, 33.505103287826998 ], [ -111.983533637299999, 33.505026720223903 ], [ -111.983386103654993, 33.504854128984697 ], [ -111.983280074964, 33.504730053912901 ], [ -111.983194852102997, 33.504561554081299 ], [ -111.983159367759001, 33.504491390017897 ], [ -111.983156433225005, 33.504485604088501 ], [ -111.982982595672993, 33.504258899795197 ], [ -111.982894474182004, 33.504143978294799 ], [ -111.982818603344001, 33.504044960371303 ], [ -111.982787166582, 33.504003958085697 ], [ -111.982777280093003, 33.5039978421784 ], [ -111.982748839707, 33.503980290189403 ], [ -111.982741878355995, 33.503975989173099 ], [ -111.982553274761997, 33.5038595438294 ], [ -111.982552170879998, 33.503858080663001 ], [ -111.982457592463007, 33.503732817305298 ], [ -111.982358851704006, 33.5036019769787 ], [ -111.982353285312996, 33.503597741541299 ], [ -111.982331706341995, 33.503581252516298 ], [ -111.982052331313, 33.503367656845398 ], [ -111.981945192245007, 33.503100215009901 ], [ -111.981921740849003, 33.503041737773998 ], [ -111.981905767558004, 33.503027514942097 ], [ -111.981843500994003, 33.5029720402339 ], [ -111.981839349192995, 33.502968368981698 ], [ -111.981706021088002, 33.502849630789001 ], [ -111.981703300405002, 33.502847229809902 ], [ -111.981664865465007, 33.502817446551497 ], [ -111.981434543201004, 33.502639359569599 ], [ -111.981294925542997, 33.502531379152899 ], [ -111.981001433, 33.502330948023697 ], [ -111.980910525219997, 33.502268855898997 ], [ -111.980728151340998, 33.502069935236598 ], [ -111.980693986445004, 33.502032682493798 ], [ -111.980689681825993, 33.502027671266703 ], [ -111.980671101368998, 33.502005991146198 ], [ -111.980631894485995, 33.501960292195903 ], [ -111.980532703463993, 33.501844086529204 ], [ -111.980478146810995, 33.501781167928698 ], [ -111.979451992581005, 33.501075567334098 ], [ -111.979356911067001, 33.501010204221402 ], [ -111.979140321930004, 33.500861259629303 ], [ -111.978911206907995, 33.500703710153502 ], [ -111.978908916883995, 33.5007021607219 ], [ -111.978745175819995, 33.500565383143702 ], [ -111.978702924689998, 33.500530076000999 ], [ -111.978544912508994, 33.500398079031299 ], [ -111.978543883577004, 33.500397430565002 ], [ -111.978479942422993, 33.500365272771802 ], [ -111.978219905204, 33.500234413899797 ], [ -111.978179160158007, 33.500213908610903 ], [ -111.978134418210004, 33.5001914163809 ], [ -111.978111599854003, 33.500179923059697 ], [ -111.978064445694002, 33.5001562106184 ], [ -111.978051774966005, 33.5001456906122 ], [ -111.978026408801, 33.500124654398597 ], [ -111.977924976536997, 33.500040507430498 ], [ -111.977608191608994, 33.499777681606197 ], [ -111.977562381268001, 33.499703304188898 ], [ -111.977447282059998, 33.4995164582133 ], [ -111.977333959584001, 33.4994002062245 ], [ -111.977171481168995, 33.4992335649859 ], [ -111.977063617222996, 33.499137992958801 ], [ -111.976886972762003, 33.498981506755797 ], [ -111.976754578490002, 33.4989130346557 ], [ -111.976402384028006, 33.4987305774319 ], [ -111.976032375303006, 33.498538966201401 ], [ -111.976028913549996, 33.498537172507604 ], [ -111.976016037695999, 33.498530489741697 ], [ -111.975915353966002, 33.498478363039503 ], [ -111.975830658849006, 33.498434495422401 ], [ -111.975864493195004, 33.498405955736096 ], [ -111.975840747820996, 33.498392942346499 ], [ -111.975835542870001, 33.498390063845598 ], [ -111.975520968569001, 33.498217548086998 ], [ -111.975520042395004, 33.4982170349749 ], [ -111.974946279343001, 33.497902327684798 ], [ -111.974919158947003, 33.497887450260102 ], [ -111.973981793343995, 33.4973732607804 ], [ -111.973804732093996, 33.497276126504303 ], [ -111.973803560476, 33.497275515195703 ], [ -111.973575578642993, 33.497150457969802 ], [ -111.973264143345006, 33.4969796379537 ], [ -111.973005774358001, 33.4968624440369 ], [ -111.973002628152003, 33.496861035602102 ], [ -111.972935587140995, 33.496830620077603 ], [ -111.972851696741998, 33.496792782379401 ], [ -111.972647093345003, 33.4966997571346 ], [ -111.972429880247006, 33.496601235034099 ], [ -111.972250776839005, 33.496519979197899 ], [ -111.971980628875997, 33.496397435185202 ], [ -111.971627117067996, 33.496237096605299 ], [ -111.971397216043997, 33.496134665854001 ], [ -111.971394767627004, 33.496133562165603 ], [ -111.971224266331006, 33.496058103433 ], [ -111.971222934525002, 33.4960575077857 ], [ -111.970744678833995, 33.4958458198073 ], [ -111.970302885753995, 33.495650332322398 ], [ -111.970283020606004, 33.495641475952397 ], [ -111.970279523241999, 33.495639943027001 ], [ -111.970256213892, 33.495629976309097 ], [ -111.969617690980002, 33.495355389205997 ], [ -111.969615117817, 33.495354292771502 ], [ -111.968933498984995, 33.495053222682898 ], [ -111.968918031163, 33.495046364620102 ], [ -111.968348092436997, 33.494794618483802 ], [ -111.968238373014998, 33.494746159187699 ], [ -111.968237165795003, 33.494745631079802 ], [ -111.967787360310993, 33.494546892468399 ], [ -111.967750411221004, 33.494533213998203 ], [ -111.967705170521995, 33.4945164760396 ], [ -111.967648260247003, 33.4944954188325 ], [ -111.967438381006005, 33.494417761309698 ], [ -111.967059733913999, 33.494277656211999 ], [ -111.967052142683997, 33.494274848270102 ], [ -111.966980802551006, 33.494248450390998 ], [ -111.966895227986996, 33.494216788131901 ], [ -111.965169470556006, 33.493578212864797 ], [ -111.965086776554003, 33.4935475938682 ], [ -111.965070459380996, 33.493541555461 ], [ -111.964750385873998, 33.493423135335298 ], [ -111.96474875589, 33.493422532017902 ], [ -111.964715563924997, 33.493410251110099 ], [ -111.964325879856005, 33.493266050310197 ], [ -111.964252053159996, 33.493238731296003 ], [ -111.964248210606996, 33.493237309113901 ], [ -111.964230826722996, 33.493230876641299 ], [ -111.963880352171998, 33.493101184165297 ], [ -111.963862143623004, 33.493094445992298 ], [ -111.963824826160007, 33.493080636619403 ], [ -111.963766280192999, 33.493058971613898 ], [ -111.963261375502, 33.4928721289725 ], [ -111.962461499203997, 33.492580824975001 ], [ -111.960922969276993, 33.492209721083498 ], [ -111.960814893103006, 33.492183651391102 ], [ -111.960814550010994, 33.4922151561899 ], [ -111.960814395745004, 33.4922275028188 ], [ -111.960814192436999, 33.492246714314099 ], [ -111.960282144375995, 33.492218904581101 ], [ -111.959131145339001, 33.492158727954902 ], [ -111.957982322052999, 33.492098053897401 ], [ -111.957708449687999, 33.492084124968599 ], [ -111.957528255235005, 33.492074862321999 ], [ -111.957260157102994, 33.491897485696001 ], [ -111.957259378629999, 33.491896977617401 ], [ -111.956972911240996, 33.492078515790702 ], [ -111.956649226829995, 33.492086997629997 ], [ -111.956147572966998, 33.492007673197698 ], [ -111.955616758689999, 33.4918754766612 ], [ -111.952449124553993, 33.491086987934402 ], [ -111.952091420545997, 33.490997998357599 ], [ -111.952088249680003, 33.490998417761098 ], [ -111.952084389692004, 33.490998916416501 ], [ -111.950816727581, 33.490715043358001 ], [ -111.950107729723996, 33.490556141404099 ], [ -111.950105945545005, 33.490557175153299 ], [ -111.949548509058005, 33.490430928801302 ], [ -111.948981224334005, 33.490343111209498 ], [ -111.948688015455005, 33.490297795530999 ], [ -111.947694781962994, 33.490258444619997 ], [ -111.947362484364007, 33.4902453932269 ], [ -111.947112521776006, 33.490269596729902 ], [ -111.946225083944, 33.490355654221801 ], [ -111.944086477976001, 33.490566159446601 ], [ -111.943991751699002, 33.490594421201202 ], [ -111.943318651108996, 33.490795741484199 ], [ -111.943206239252007, 33.490835375180801 ], [ -111.943119235259999, 33.490877691613903 ], [ -111.942759525268997, 33.491052028812398 ], [ -111.942712596036998, 33.4910748553487 ], [ -111.942684072619002, 33.491088641711997 ], [ -111.942203271935, 33.4913204036609 ], [ -111.942196513135997, 33.491323296096603 ], [ -111.942184909168006, 33.491328361115997 ], [ -111.942179352506997, 33.491331132572199 ], [ -111.941872946032007, 33.491486495014598 ], [ -111.941682064438993, 33.491583263243797 ], [ -111.941680433724997, 33.491584066619197 ], [ -111.940883876471005, 33.491986332217301 ], [ -111.940734792346007, 33.492061438615202 ], [ -111.940722520909006, 33.492067708117901 ], [ -111.938685758979005, 33.493093519723999 ], [ -111.937065446293005, 33.493918859195702 ], [ -111.936554180523999, 33.494193266886199 ], [ -111.936442337903998, 33.494253177051398 ], [ -111.935577161688002, 33.494834298071403 ], [ -111.935674054621003, 33.494833440155098 ], [ -111.934853602795997, 33.495407439607497 ], [ -111.934725895216005, 33.495496876799599 ], [ -111.934721724132999, 33.4954998088363 ], [ -111.934721303114998, 33.495558296929097 ], [ -111.934590862611003, 33.495646289884299 ], [ -111.934122452663999, 33.4959621367396 ], [ -111.933841768646005, 33.496151820043202 ], [ -111.933560654537004, 33.496341263341499 ], [ -111.933279869250001, 33.496530665650802 ], [ -111.932998751571006, 33.496720305233502 ], [ -111.932718014406007, 33.496909705017401 ], [ -111.932575010112004, 33.497006214369001 ], [ -111.932325049610995, 33.497175845159603 ], [ -111.932175282895003, 33.497277776767 ], [ -111.932067032405001, 33.497351180265902 ], [ -111.931958448488004, 33.497424828795097 ], [ -111.931849241037995, 33.497499075382201 ], [ -111.931766254026002, 33.497555443478603 ], [ -111.931658291382007, 33.497628849870601 ], [ -111.931551382021993, 33.497701411269702 ], [ -111.931443420296006, 33.497774535168801 ], [ -111.931405018716006, 33.497800648490802 ], [ -111.931292260405002, 33.4978773474459 ], [ -111.931185256771997, 33.497949908338803 ], [ -111.931078348753005, 33.498022467519803 ], [ -111.930971147538003, 33.4980953093091 ], [ -111.930864145529995, 33.498167870816999 ], [ -111.930756277130996, 33.498241273016703 ], [ -111.930509282030997, 33.498409012734498 ], [ -111.930420110979, 33.498458753986597 ], [ -111.930262854429998, 33.498546665107497 ], [ -111.930256048773998, 33.498550399641601 ], [ -111.930040883890996, 33.498670655138703 ], [ -111.930012068291006, 33.4986904593083 ], [ -111.929269440991007, 33.499187727732398 ], [ -111.929241779991003, 33.499207213706597 ], [ -111.929214309944001, 33.499226738829002 ], [ -111.929187078216998, 33.499246504774099 ], [ -111.929159846698994, 33.499266593598598 ], [ -111.929132614734002, 33.499286641834203 ], [ -111.929105671453996, 33.499307009884099 ], [ -111.929079110157005, 33.499327059392201 ], [ -111.929052550533996, 33.499347669875498 ], [ -111.929025991966, 33.499368279443303 ], [ -111.928999813166001, 33.499389169360498 ], [ -111.928973251119999, 33.499410060341802 ], [ -111.928947226679, 33.4994309914808 ], [ -111.928921333557994, 33.499452123659502 ], [ -111.928895828183997, 33.499473577616598 ], [ -111.928869892413005, 33.499494750690801 ], [ -111.928844580540002, 33.4995164836835 ], [ -111.928819313481, 33.499538180258298 ], [ -111.928794096991993, 33.499559875547 ], [ -111.928769117509006, 33.499581890137001 ], [ -111.928744286157993, 33.499603865730997 ], [ -111.928719600967995, 33.499626121623102 ], [ -111.92869500191, 33.499648379570502 ], [ -111.928670743016994, 33.499670636767199 ], [ -111.928646533847001, 33.499693216473403 ], [ -111.928622513232995, 33.4997157117851 ], [ -111.928598877998994, 33.499738811195101 ], [ -111.928574955564002, 33.499761631354502 ], [ -111.928551753302003, 33.499784449719598 ], [ -111.928528071741994, 33.499807549463398 ], [ -111.928505105449005, 33.499830893673803 ], [ -111.928481900536994, 33.499854273941203 ], [ -111.928459178555002, 33.499877614508499 ], [ -111.928123058913997, 33.500198930462702 ], [ -111.928058339486, 33.500259673356197 ], [ -111.926834594824996, 33.501431162710297 ], [ -111.926367095009994, 33.501877818660297 ], [ -111.926347247351003, 33.501899230695599 ], [ -111.926113955754005, 33.502149595875103 ], [ -111.925883681054003, 33.502396782258998 ], [ -111.925568109381004, 33.502702947888501 ], [ -111.924779842860005, 33.503469019143402 ], [ -111.924399967331993, 33.503837851790401 ], [ -111.922811487793993, 33.505380580837901 ], [ -111.922235196626005, 33.505940105834 ], [ -111.922176744015999, 33.505940108033499 ], [ -111.922110188402002, 33.505940072209 ], [ -111.921846376478001, 33.506197738442999 ], [ -111.921635498783999, 33.5064044659185 ], [ -111.921318602705995, 33.5067141959479 ], [ -111.921287102036999, 33.506745007050299 ], [ -111.921256266027001, 33.506776059425697 ], [ -111.921225436463999, 33.5068071126476 ], [ -111.921194940397001, 33.506838448388201 ], [ -111.921164347141996, 33.506870063536802 ], [ -111.921134478452998, 33.506901680505699 ], [ -111.921104700542998, 33.506933534898998 ], [ -111.921075116186998, 33.506965673754301 ], [ -111.921046011301001, 33.506997849624099 ], [ -111.921017049780005, 33.507030552043602 ], [ -111.920988233163996, 33.507063011664897 ], [ -111.920959701949002, 33.507095990466802 ], [ -111.920931509064005, 33.507128691661897 ], [ -111.920903889486993, 33.5071619540917 ], [ -111.920875983499997, 33.507195215938701 ], [ -111.920848748642996, 33.507228719916398 ], [ -111.920821559401006, 33.5072622632335 ], [ -111.920794997303005, 33.507296368288003 ], [ -111.920768433537006, 33.507330114385702 ], [ -111.920742538905998, 33.5073642189776 ], [ -111.920716214004003, 33.507398564868403 ], [ -111.920690948940006, 33.507432953384402 ], [ -111.920665340794997, 33.5074675816495 ], [ -111.920640500904994, 33.507502168123203 ], [ -111.920615906009999, 33.507537118048297 ], [ -111.920591597027993, 33.507572025257502 ], [ -111.920567332600001, 33.507607176550799 ], [ -111.920543647805005, 33.507642367726199 ], [ -111.920520057727998, 33.507677558193201 ], [ -111.920496801518993, 33.507713269287599 ], [ -111.920473783917004, 33.5077487404983 ], [ -111.920451490223002, 33.507784455255504 ], [ -111.920438784447001, 33.507805062890498 ], [ -111.920425978704998, 33.507825991447902 ], [ -111.920413077621006, 33.507846559043003 ], [ -111.920400614249004, 33.507867488661702 ], [ -111.920388147452996, 33.507888095417798 ], [ -111.920375777337995, 33.507908987362498 ], [ -111.920363549293995, 33.507929875544697 ], [ -111.920351467432994, 33.507951046743898 ], [ -111.920339287822998, 33.507971934563798 ], [ -111.920327539281999, 33.507993065403802 ], [ -111.920315746181004, 33.5080139539577 ], [ -111.920303903302994, 33.508035124278699 ], [ -111.920292105653004, 33.508056296066499 ], [ -111.920280552356999, 33.508077464233999 ], [ -111.920269138616007, 33.508098594385103 ], [ -111.920258014661002, 33.508120046171101 ], [ -111.920246556123999, 33.508141217239199 ], [ -111.920235380483007, 33.508162669407099 ], [ -111.920224546762995, 33.508184079349697 ], [ -111.920213615500003, 33.508205530602297 ], [ -111.920202586265006, 33.508226982581597 ], [ -111.920192085243002, 33.5082483954615 ], [ -111.920181199178998, 33.508269846375299 ], [ -111.920170987918993, 33.508291579085899 ], [ -111.920160487291994, 33.508313030742599 ], [ -111.920149984903006, 33.508334723223697 ], [ -111.920139917457007, 33.508356414277202 ], [ -111.920130039930001, 33.508378146309298 ], [ -111.920119827158004, 33.508399840244302 ], [ -111.920109995511993, 33.508421534053397 ], [ -111.920100216761995, 33.508443546747998 ], [ -111.920090626724004, 33.508465282955001 ], [ -111.919636931610995, 33.509495592189801 ], [ -111.919691070013002, 33.509496071448503 ], [ -111.919598909846997, 33.509708656788298 ], [ -111.919098259565999, 33.510862775190503 ], [ -111.918982840965995, 33.511128787269399 ], [ -111.918870635508995, 33.511386848445099 ], [ -111.918758331136999, 33.511645188039402 ], [ -111.918646120854007, 33.511903526829997 ], [ -111.918534299052993, 33.512161907729997 ], [ -111.918422041431995, 33.512419965261898 ], [ -111.918310164472999, 33.5126783436545 ], [ -111.918198051990998, 33.512936401702902 ], [ -111.918085838913996, 33.513194783277903 ], [ -111.917973962933999, 33.513452520985403 ], [ -111.917861991864996, 33.513710899654001 ], [ -111.917795191885006, 33.513864793685897 ], [ -111.917756779692994, 33.513980284750801 ], [ -111.917724938234997, 33.514075652237103 ], [ -111.917682548128994, 33.514276263274198 ], [ -111.917619968381004, 33.5145722429153 ], [ -111.917561223769994, 33.5148495812318 ], [ -111.917504154482003, 33.515120011040601 ], [ -111.917443016041005, 33.5154091217073 ], [ -111.917379378557996, 33.5157109236862 ], [ -111.917309220096001, 33.516042734711597 ], [ -111.917158880656004, 33.516753114965603 ], [ -111.916879337024, 33.518122938564801 ], [ -111.916876459587996, 33.518137196628302 ], [ -111.916811090804998, 33.518452737316998 ], [ -111.916757041824994, 33.518717663366402 ], [ -111.916531297635004, 33.519818664531698 ], [ -111.916371013494, 33.520599380056296 ], [ -111.916298067881996, 33.520599058390097 ], [ -111.916190683912006, 33.521115169311798 ], [ -111.916155192036996, 33.521284969669999 ], [ -111.916086895706002, 33.521613650804298 ], [ -111.916073224740003, 33.521679651373397 ], [ -111.916048524757002, 33.5218118106433 ], [ -111.916037780867001, 33.521878049310303 ], [ -111.916108953397, 33.521878616026697 ], [ -111.916067659795999, 33.522080032656902 ], [ -111.915964238762001, 33.523905547191397 ], [ -111.915957905495006, 33.524015213864601 ], [ -111.915835317743003, 33.524013646445397 ], [ -111.915833061845007, 33.524104472590999 ], [ -111.915823466229, 33.524490028963498 ], [ -111.915805806585993, 33.525200807441898 ], [ -111.915799571348003, 33.525235721633798 ], [ -111.915791994084998, 33.525270304824303 ], [ -111.915784797545996, 33.525305251377098 ], [ -111.915776164340002, 33.5253398784509 ], [ -111.915767674346995, 33.525374505366898 ], [ -111.915758229182998, 33.525409133031502 ], [ -111.915748679556003, 33.525443760565601 ], [ -111.915738175011995, 33.525478106546302 ], [ -111.915727671545994, 33.5255124534198 ], [ -111.915715874377995, 33.525546559124997 ], [ -111.915704410572005, 33.525580621777898 ], [ -111.915691508120005, 33.525614688752903 ], [ -111.915679037436007, 33.525648751632303 ], [ -111.915665366368003, 33.525682334546701 ], [ -111.915651794748001, 33.525716158437703 ], [ -111.915637069656, 33.5257494578223 ], [ -111.915622295646003, 33.525782919009799 ], [ -111.915606609855004, 33.525815900803302 ], [ -111.915590831429995, 33.525848881475802 ], [ -111.915574476705999, 33.525881539912803 ], [ -111.915557737273005, 33.525914276050599 ], [ -111.915539941762006, 33.525946737693197 ], [ -111.915522293300995, 33.5259791549542 ], [ -111.915503539837005, 33.526011049152203 ], [ -111.915485168226994, 33.526042903546198 ], [ -111.915465503185004, 33.526074237171301 ], [ -111.915446124317, 33.526105852781697 ], [ -111.915425789658997, 33.526136900932997 ], [ -111.915405069201995, 33.526167719238103 ], [ -111.915383820773002, 33.526198203223402 ], [ -111.915362716694005, 33.526228693353602 ], [ -111.915340514060006, 33.526258659468702 ], [ -111.915331059802, 33.526277219527501 ], [ -111.915290914798007, 33.526356594433103 ], [ -111.915218343272002, 33.5266569917328 ], [ -111.915198914325998, 33.526737131667304 ], [ -111.915200256763001, 33.526742713627499 ], [ -111.915204525467004, 33.526765813527703 ], [ -111.915210089197998, 33.526794696865402 ], [ -111.915215700800005, 33.526823217278597 ], [ -111.915221552326997, 33.526851818894599 ], [ -111.915227500512998, 33.526880702095703 ], [ -111.915233350313002, 33.526909343407901 ], [ -111.915239296441996, 33.5269378261725 ], [ -111.915245531324004, 33.526966424953798 ], [ -111.915251430881, 33.526994983822597 ], [ -111.915257953359998, 33.527023588594801 ], [ -111.915264188272999, 33.5270521891782 ], [ -111.915270422133005, 33.5270807915727 ], [ -111.915277040442007, 33.527109393831303 ], [ -111.915283274523006, 33.527137914148902 ], [ -111.915289844384006, 33.527166516764503 ], [ -111.915296702423007, 33.5271950784674 ], [ -111.915303228116002, 33.527223678702697 ], [ -111.915310132751003, 33.527251960466202 ], [ -111.915317084883995, 33.527280559352498 ], [ -111.915323992902003, 33.527309161270097 ], [ -111.915330899463996, 33.527337522386297 ], [ -111.915338042502, 33.527366045902902 ], [ -111.915344950096994, 33.5273946063338 ], [ -111.915352096798998, 33.527422965673402 ], [ -111.915359673427005, 33.527451246074001 ], [ -111.915366869007002, 33.527479848568497 ], [ -111.915374445626995, 33.527508127163998 ], [ -111.915382022707007, 33.527536449047297 ], [ -111.915389169817999, 33.527565049192603 ], [ -111.915397129840997, 33.527593329461901 ], [ -111.915400969095998, 33.527607550456203 ], [ -111.915401733471001, 33.527609880768999 ], [ -111.915404709072007, 33.527621649523603 ], [ -111.915412574784, 33.5276499719768 ], [ -111.915415881460007, 33.527661785183597 ], [ -111.915419048350998, 33.527673311712199 ], [ -111.915422406686005, 33.527685121831198 ], [ -111.915425713326997, 33.527696931430199 ], [ -111.915428930182003, 33.5277084981754 ], [ -111.915432237909997, 33.527720308668101 ], [ -111.915435548496006, 33.527731879229798 ], [ -111.915438760371998, 33.527743688626899 ], [ -111.915442068388003, 33.527755219523101 ], [ -111.915445379340994, 33.527767029089603 ], [ -111.915448975648005, 33.527778836546602 ], [ -111.915452286237993, 33.527790407107702 ], [ -111.915455498127997, 33.527802217405998 ], [ -111.915458809797002, 33.527813787958998 ], [ -111.915462405689993, 33.527825555734204 ], [ -111.915465713063, 33.5278371272206 ], [ -111.915469309404003, 33.527848937382302 ], [ -111.915472621047996, 33.527860505229199 ], [ -111.915476217381993, 33.527872314488803 ], [ -111.915479531219006, 33.527883885926798 ], [ -111.915483124944998, 33.527895651913497 ], [ -111.915486719878004, 33.527907225782997 ], [ -111.915490032194995, 33.527918754841899 ], [ -111.915493628942002, 33.527930602880197 ], [ -111.915497224079999, 33.5279420937715 ], [ -111.915500775195, 33.527953903364498 ], [ -111.915504132083001, 33.527965471777698 ], [ -111.915507678902003, 33.5279772823041 ], [ -111.915511275520004, 33.527988811064397 ], [ -111.915514874710993, 33.528000379489903 ], [ -111.915518563643005, 33.528012186259602 ], [ -111.915522163969996, 33.528023760087898 ], [ -111.915545235625999, 33.528097876741498 ], [ -111.915741634846, 33.528736387229301 ], [ -111.916043558121999, 33.529715509957001 ], [ -111.916047013517996, 33.529727521364798 ], [ -111.916166966635004, 33.530196834224 ], [ -111.916210040322994, 33.530365631050401 ], [ -111.916213253489005, 33.530376317526098 ], [ -111.916216561021997, 33.530386761590201 ], [ -111.916219871104005, 33.530397447348697 ], [ -111.916223083595, 33.530408171709503 ], [ -111.916226110213998, 33.530418937129703 ], [ -111.916229319067, 33.5304296227349 ], [ -111.916232341222994, 33.530440067105999 ], [ -111.916235314668995, 33.530450794136897 ], [ -111.916238192677994, 33.530461559754201 ], [ -111.916240879222002, 33.5304722447137 ], [ -111.916243758676003, 33.530483249327801 ], [ -111.916246442, 33.530493935212903 ], [ -111.916249415449997, 33.530504662243303 ], [ -111.916251621030995, 33.5305153868375 ], [ -111.916254306938995, 33.530526113289397 ], [ -111.916256947193006, 33.530536799492801 ], [ -111.916259584344004, 33.5305478040952 ], [ -111.916261885794995, 33.530558530685603 ], [ -111.916264096754006, 33.530569254337799 ], [ -111.916266491637998, 33.530580262536297 ], [ -111.916268793738993, 33.530590948535398 ], [ -111.916271047539993, 33.5306019559738 ], [ -111.916273301583999, 33.530612680208897 ], [ -111.916275267841996, 33.530623687068903 ], [ -111.916277285641996, 33.530634373367498 ], [ -111.916279297128, 33.530645379892697 ], [ -111.916281261476996, 33.5306561035652 ], [ -111.916283133614002, 33.530667069633203 ], [ -111.916285103396007, 33.530677797774899 ], [ -111.916286829512998, 33.530688805509499 ], [ -111.916288458539, 33.530699491076497 ], [ -111.916290038159005, 33.5307104953853 ], [ -111.916293062820003, 33.530728934314901 ], [ -111.916295363344005, 33.5307473308007 ], [ -111.916298050666995, 33.530766050917897 ], [ -111.916300255362998, 33.530784449014398 ], [ -111.916302273777006, 33.530802849391101 ], [ -111.916304236333005, 33.530821569459 ], [ -111.916305866776995, 33.5308402495941 ], [ -111.916307452007004, 33.530858727132703 ], [ -111.916309178521004, 33.530877326286401 ], [ -111.916310090899998, 33.530895723121297 ], [ -111.916311478780003, 33.530914480811802 ], [ -111.916312344185002, 33.530933120609497 ], [ -111.916313397836007, 33.530951841990401 ], [ -111.916314116552002, 33.530970562241897 ], [ -111.916314355393993, 33.530988915356701 ], [ -111.916314739881003, 33.531007599298697 ], [ -111.916315031043993, 33.531026318203899 ], [ -111.916315032099007, 33.531044997767502 ], [ -111.916315032076994, 33.531063677339098 ], [ -111.916314739797002, 33.531082113751999 ], [ -111.916314355973, 33.531100753773202 ], [ -111.916313686516006, 33.531119472570602 ], [ -111.916313012352006, 33.531138153522299 ], [ -111.916312100159004, 33.531156831725603 ], [ -111.916311046521002, 33.531175271065898 ], [ -111.916309799399002, 33.531193949041601 ], [ -111.916308504246999, 33.531212667958698 ], [ -111.916306777124007, 33.531231068990103 ], [ -111.916305196140996, 33.531249745828099 ], [ -111.916303179726, 33.531268185076499 ], [ -111.916301215375, 33.531286863848997 ], [ -111.916299199156001, 33.531305423952503 ], [ -111.916298959676993, 33.5313065089248 ], [ -111.916208113203993, 33.531305903956898 ], [ -111.916174632473002, 33.5313958480465 ], [ -111.916025600755006, 33.531797510984298 ], [ -111.915706617441003, 33.532657481540099 ], [ -111.915624495510002, 33.533134309043398 ], [ -111.915571714118997, 33.5342093555698 ], [ -111.915536735941998, 33.534923426725598 ], [ -111.915537359628999, 33.534931100116999 ], [ -111.915500270314993, 33.535624040498398 ], [ -111.915491683205005, 33.535635248043697 ], [ -111.915065669346006, 33.536216512560401 ], [ -111.914669543984999, 33.536496015852002 ], [ -111.914217631919996, 33.536591372726399 ], [ -111.913761841614999, 33.536575977071898 ], [ -111.912954108183996, 33.536469344245702 ], [ -111.911900882142007, 33.536330358671698 ], [ -111.908959949624006, 33.535941966607602 ], [ -111.908931649473999, 33.535938352017403 ], [ -111.908892414174005, 33.535933043614499 ], [ -111.908679681283004, 33.535895392252399 ], [ -111.908466657012994, 33.535867138816798 ], [ -111.907402602217005, 33.5357269487194 ], [ -111.905387323319005, 33.5354621011925 ], [ -111.904730658082002, 33.535375474252398 ], [ -111.904153719657003, 33.535299494187598 ], [ -111.903747168864001, 33.535143913170302 ], [ -111.903513193904004, 33.535054549535801 ], [ -111.903091461249005, 33.534801108259401 ], [ -111.902382730425998, 33.5340433311558 ], [ -111.901961050013995, 33.533776913265598 ], [ -111.901732651363005, 33.533680154057997 ], [ -111.901340171398999, 33.533514122953498 ], [ -111.901148699247003, 33.533461635030299 ], [ -111.900907676076002, 33.533396127366899 ], [ -111.900489958316996, 33.533282030016899 ], [ -111.900241501707995, 33.533252349625499 ], [ -111.900110218658995, 33.533236346088998 ], [ -111.900002969414004, 33.5332233975099 ], [ -111.899674791378004, 33.5331838249868 ], [ -111.895704307244998, 33.532704748995698 ], [ -111.895374839710001, 33.532665085973399 ], [ -111.892216870216004, 33.532283850045403 ], [ -111.891724737822003, 33.532119374660397 ], [ -111.891512737742005, 33.532048587962002 ], [ -111.891511166550004, 33.5320480698472 ], [ -111.891510305745001, 33.532193042184701 ], [ -111.891510004473005, 33.532226749019102 ], [ -111.890362411121004, 33.531147288552198 ], [ -111.888690773095007, 33.529958238160603 ], [ -111.887063895772997, 33.529511796690301 ], [ -111.882778040706, 33.528926298534799 ], [ -111.882711798244998, 33.528917296038998 ], [ -111.882660638385005, 33.528910361441703 ], [ -111.878387153844002, 33.528334963034098 ], [ -111.876222121563998, 33.528043357487597 ], [ -111.875356497097997, 33.527926763573703 ], [ -111.874139903168995, 33.527853622736899 ], [ -111.874055327226998, 33.527848475333897 ], [ -111.871472559892993, 33.527846040405002 ], [ -111.869717646094998, 33.527594673212597 ], [ -111.868480488455006, 33.527220178473698 ], [ -111.865402206718002, 33.526288579987799 ], [ -111.862221297462995, 33.525299146274001 ], [ -111.861073465323003, 33.524942200795103 ], [ -111.859372966861997, 33.5240391237514 ], [ -111.857874464771001, 33.523085401567997 ], [ -111.856740458862006, 33.522363832931497 ], [ -111.855229148516997, 33.521379556207599 ], [ -111.854589778879003, 33.520963303492401 ], [ -111.853813896698995, 33.520458015366302 ], [ -111.852842832497998, 33.519825103039899 ], [ -111.852406252879007, 33.519540705060201 ], [ -111.848531384827993, 33.517065669167998 ], [ -111.848221510111003, 33.516867839485599 ], [ -111.848196578739007, 33.516851720558797 ], [ -111.848070325701997, 33.516770737223901 ], [ -111.847766647702997, 33.516575340632698 ], [ -111.845491400517005, 33.515112273301 ], [ -111.844662886698003, 33.514795816776399 ], [ -111.843737573658998, 33.514442565194102 ], [ -111.842225235610996, 33.5138898466246 ], [ -111.840554664234006, 33.513279452506403 ], [ -111.839519879956001, 33.5129116846012 ], [ -111.839406344035993, 33.512871429923202 ], [ -111.839296476537001, 33.512831506545702 ], [ -111.834001201693994, 33.510920418245199 ], [ -111.830666642077006, 33.509703358514003 ], [ -111.826424685871004, 33.507926794941 ], [ -111.825473328452006, 33.507548587467298 ], [ -111.822096890642001, 33.506206636395802 ], [ -111.822015012334006, 33.506180033472901 ], [ -111.821781398773993, 33.506104151901901 ], [ -111.818006822506007, 33.504833459778801 ], [ -111.817770599780005, 33.504754024274 ], [ -111.817695562359006, 33.504729437825802 ], [ -111.816817922048998, 33.504442961824999 ], [ -111.813444248777998, 33.503748975628802 ], [ -111.809927388435995, 33.502958303011802 ], [ -111.809111963061, 33.5028487549231 ], [ -111.809100389421005, 33.502846523370501 ], [ -111.809056795941004, 33.502838397560701 ], [ -111.808224666494993, 33.502683356541702 ], [ -111.807006587773998, 33.503053384458198 ], [ -111.805089831434003, 33.5053824980562 ], [ -111.804796214967993, 33.505739296968201 ], [ -111.804532560029003, 33.506109734410799 ], [ -111.802840028907994, 33.506478511416603 ], [ -111.802183165556997, 33.506198921039797 ], [ -111.801991147612995, 33.506117016226 ], [ -111.801887079408004, 33.506072767456899 ], [ -111.801602067809, 33.5058982143035 ], [ -111.800461457536002, 33.505200191644001 ], [ -111.800255726341007, 33.505068351661699 ], [ -111.799623560555005, 33.504663671547497 ], [ -111.798539670891003, 33.5046663206017 ], [ -111.797423572682007, 33.505009592930101 ], [ -111.796131954643002, 33.504889817494998 ], [ -111.793972052515002, 33.504856786096198 ], [ -111.791714604256001, 33.506244762979101 ], [ -111.791695236462999, 33.506256677685897 ], [ -111.791544154419995, 33.506359293341902 ], [ -111.790089747115005, 33.507013826532301 ], [ -111.790027461679003, 33.5070418417572 ], [ -111.787475112614004, 33.507974212559198 ], [ -111.787474861343995, 33.507988312233998 ], [ -111.785538994638998, 33.509077718726402 ], [ -111.784561326719995, 33.509918777306702 ], [ -111.783104965481996, 33.5113748944284 ], [ -111.782270051333995, 33.511565601051899 ], [ -111.779718816002998, 33.511535637231297 ], [ -111.778977558578006, 33.511580168680503 ], [ -111.778903346362995, 33.5116345283935 ], [ -111.778794629060997, 33.511723866307896 ], [ -111.777373087087994, 33.5128112472947 ], [ -111.77724075575, 33.512884967189599 ], [ -111.776923132893998, 33.513090706717101 ], [ -111.776730066561996, 33.513198204566102 ], [ -111.776511533120001, 33.513289430383402 ], [ -111.776209688549997, 33.513398223465998 ], [ -111.775875656753996, 33.513510882868097 ], [ -111.775644760581002, 33.513563954454803 ], [ -111.775442045169001, 33.513596377182502 ], [ -111.775288576063005, 33.5136113240236 ], [ -111.775139162285001, 33.513611227248397 ], [ -111.774790133528995, 33.513569971075697 ], [ -111.774580093354999, 33.513513406804002 ], [ -111.774334866104994, 33.5134360525498 ], [ -111.774068328633007, 33.513317451277601 ], [ -111.773776580998003, 33.513154035714997 ], [ -111.772546680204997, 33.512459391733103 ], [ -111.772543906460001, 33.512457922648402 ], [ -111.771062190677, 33.511832802477997 ], [ -111.770106464445007, 33.511429726095002 ], [ -111.770059267145001, 33.511420953275397 ], [ -111.765767102626, 33.510630176761602 ], [ -111.764663078466, 33.510674306566301 ], [ -111.761429060384998, 33.512733759668798 ], [ -111.76086738443, 33.5134277011866 ], [ -111.760786167095006, 33.513564006628002 ], [ -111.760279411401996, 33.514413904857498 ], [ -111.759241444393993, 33.5159259706802 ], [ -111.758775162296999, 33.5161198001191 ], [ -111.758769771158995, 33.516122041973603 ], [ -111.758731444101002, 33.516137971255503 ], [ -111.758713621645001, 33.516145377950401 ], [ -111.758520540071999, 33.516225646325502 ], [ -111.757983243384004, 33.5163066340101 ], [ -111.757723530668002, 33.516308220251403 ], [ -111.757118683230004, 33.516210737220099 ], [ -111.757115355663004, 33.516210199262801 ], [ -111.757079927869, 33.516204484692203 ], [ -111.757068309472004, 33.516202612038001 ], [ -111.756887520769993, 33.516173467845398 ], [ -111.755545649330998, 33.515466827143001 ], [ -111.754743787075995, 33.514989982543398 ], [ -111.754341037200007, 33.514701291109901 ], [ -111.754294260102, 33.514667765213602 ], [ -111.754290566503997, 33.514665116180801 ], [ -111.753827130321, 33.5144106781555 ], [ -111.752760267330004, 33.513821116470403 ], [ -111.752353646480003, 33.5135270402738 ], [ -111.748422465557994, 33.511440674496797 ], [ -111.746924696624006, 33.510773571645402 ], [ -111.744981198847, 33.509908112267603 ], [ -111.741186055409997, 33.5087000998261 ], [ -111.739759030233998, 33.508602359766201 ], [ -111.735481529769004, 33.508525826657902 ], [ -111.735435164750001, 33.508525000646102 ], [ -111.735405145889999, 33.508524453691301 ], [ -111.731105657921006, 33.508446584002201 ], [ -111.727639859261998, 33.508427079937398 ], [ -111.726767268939994, 33.508533742804801 ], [ -111.722441997659004, 33.509208369177799 ], [ -111.718152077452004, 33.509894598790098 ], [ -111.718108741086994, 33.5099015324475 ], [ -111.718096642698995, 33.509904178506297 ], [ -111.713783353148003, 33.510848527754 ], [ -111.712179764157, 33.5115133969867 ], [ -111.709473233091003, 33.5114386684902 ], [ -111.706937592719996, 33.5110276107727 ], [ -111.705157946005997, 33.512047240966297 ], [ -111.702790077171002, 33.513522650720297 ], [ -111.700851140085007, 33.514920140597297 ], [ -111.698992954656006, 33.516280599052998 ], [ -111.697318292156993, 33.516674560274502 ], [ -111.696688048780999, 33.516778177322003 ], [ -111.695669288464998, 33.517027838940102 ], [ -111.695029399690995, 33.517184455349899 ], [ -111.694387533788998, 33.517341613496299 ], [ -111.694160851647993, 33.517397208569101 ], [ -111.693983705399006, 33.517440661636797 ], [ -111.693362485045995, 33.517628851718896 ], [ -111.692291822409999, 33.5177828398621 ], [ -111.692227409747005, 33.517766696199999 ], [ -111.691089693278997, 33.517486204137803 ], [ -111.691260645328001, 33.517331336512903 ], [ -111.691269906694004, 33.517322941010299 ], [ -111.691059653739998, 33.517189567716798 ], [ -111.690890179229996, 33.517145898765101 ], [ -111.690687303573995, 33.5171122947417 ], [ -111.690385706588998, 33.517075788025998 ], [ -111.690129472316997, 33.517057185647602 ], [ -111.689846911196, 33.5170377976563 ], [ -111.689571649130002, 33.517002057755597 ], [ -111.689270275132003, 33.5169600281219 ], [ -111.688908505200999, 33.516943818796904 ], [ -111.688467740914007, 33.516925283949497 ], [ -111.688053545342996, 33.516902014507401 ], [ -111.687987235278001, 33.516904855025203 ], [ -111.687670621498, 33.516918325669899 ], [ -111.687329539195005, 33.516880629984698 ], [ -111.686982320254003, 33.516831714820803 ], [ -111.686617259456995, 33.516738081211201 ], [ -111.686283213466993, 33.516689555558997 ], [ -111.685888063857007, 33.516683409365399 ], [ -111.685536635521999, 33.5167337761741 ], [ -111.685198603464002, 33.516779023350502 ], [ -111.684797569397006, 33.516756128388003 ], [ -111.684339883773006, 33.516670801827502 ], [ -111.683949675137995, 33.516703452368901 ], [ -111.683579209160996, 33.516736692639 ], [ -111.683150424922999, 33.516746107668503 ], [ -111.682826742174996, 33.516764145271303 ], [ -111.682588139540997, 33.516795763613302 ], [ -111.682177939254998, 33.516833345011001 ], [ -111.681769160848006, 33.516837823326803 ], [ -111.681485662718003, 33.516840487305501 ], [ -111.680893510364996, 33.516817449459502 ], [ -111.680459575059999, 33.516793573123302 ], [ -111.680017173435004, 33.516813613805503 ], [ -111.679575706001003, 33.516811591793903 ], [ -111.679219114858995, 33.516828664069003 ], [ -111.678822770577, 33.516850068717297 ], [ -111.678477917785003, 33.516900616704703 ], [ -111.678075936428002, 33.5170544245765 ], [ -111.67779972452, 33.517195368665497 ], [ -111.677481184429993, 33.517401360524801 ], [ -111.676979048301007, 33.517739974910498 ], [ -111.676668496477006, 33.5180677033999 ], [ -111.676298700689998, 33.518393678323697 ], [ -111.676051136721, 33.518634898316201 ], [ -111.675834373822994, 33.518926730671502 ], [ -111.675665328194995, 33.519181322914697 ], [ -111.675528740467996, 33.519447915877798 ], [ -111.675386944180005, 33.519681220404401 ], [ -111.675249642490996, 33.5199643693051 ], [ -111.675120804808003, 33.520203583623797 ], [ -111.674964441027996, 33.520469589239198 ], [ -111.674847584324993, 33.520736762083899 ], [ -111.674802417669994, 33.5210226473096 ], [ -111.674805682278006, 33.521254732353 ], [ -111.674778854552997, 33.521574283474699 ], [ -111.674746162562002, 33.521877102208698 ], [ -111.674697467767004, 33.522091068034698 ], [ -111.674647382182997, 33.522338136203501 ], [ -111.674584822951999, 33.522568248210703 ], [ -111.674535445128996, 33.5227987790499 ], [ -111.674501087604, 33.522985553553802 ], [ -111.674415491014997, 33.523292327510703 ], [ -111.674304510450995, 33.523576248309297 ], [ -111.674219837625003, 33.523860953891898 ], [ -111.674173023278001, 33.524185446145403 ], [ -111.674095413691006, 33.524459320595398 ], [ -111.673969371683, 33.524786974083803 ], [ -111.673885871863007, 33.525044094484002 ], [ -111.673767368227999, 33.525349901500498 ], [ -111.673662954581999, 33.525634013228597 ], [ -111.673528218892997, 33.526011127940301 ], [ -111.673423325005004, 33.526306281767901 ], [ -111.673345004943002, 33.526596705581397 ], [ -111.673264324724997, 33.526942276667697 ], [ -111.673218928823005, 33.527233668662902 ], [ -111.673172575007001, 33.5275471254078 ], [ -111.673128099452001, 33.527816441048202 ], [ -111.673056834188998, 33.528096027394099 ], [ -111.672989558386007, 33.528436491681397 ], [ -111.672864474880996, 33.528587431260597 ], [ -111.672715388322004, 33.528837088184801 ], [ -111.672546781679003, 33.5290806329769 ], [ -111.672465884033002, 33.529277073912901 ], [ -111.672365446944994, 33.5296220751286 ], [ -111.672250929588003, 33.529834089074903 ], [ -111.672056004069006, 33.5300768515553 ], [ -111.671848370747, 33.530308211836498 ], [ -111.671763950568007, 33.530432742868001 ], [ -111.671720182498007, 33.530685516174501 ], [ -111.671741784233006, 33.530951273645897 ], [ -111.671787373319006, 33.531118329257197 ], [ -111.671804277359001, 33.531339760359302 ], [ -111.671826783347001, 33.531738106541802 ], [ -111.671810086321997, 33.5319751231617 ], [ -111.671776173463996, 33.532305518621399 ], [ -111.671770022426998, 33.532603594109901 ], [ -111.671765286828006, 33.5328685689663 ], [ -111.671758688455995, 33.533023031562401 ], [ -111.671768511162995, 33.533409953975003 ], [ -111.671824445219002, 33.533643590222098 ], [ -111.671881530620993, 33.5340043029708 ], [ -111.671984705194006, 33.534366388169097 ], [ -111.672064857028005, 33.534650446356203 ], [ -111.672197159855003, 33.535101764108603 ], [ -111.672257788287993, 33.535379727291897 ], [ -111.672295834948997, 33.535723290854101 ], [ -111.672279119218004, 33.535960303876799 ], [ -111.672207827701001, 33.536239881461903 ], [ -111.672103641389, 33.536518481252102 ], [ -111.67203378264, 33.536764965239598 ], [ -111.672009301531006, 33.537029367020502 ], [ -111.672106144854993, 33.537231069825403 ], [ -111.672215003535996, 33.537306095421002 ], [ -111.672385915038006, 33.537471342835502 ], [ -111.672484886988002, 33.537623405667098 ], [ -111.672523662795996, 33.537795781332498 ], [ -111.672490939485002, 33.538098594445799 ], [ -111.672454239895004, 33.538340534966103 ], [ -111.672391425756999, 33.538576173843097 ], [ -111.672302499761997, 33.538960165865497 ], [ -111.672192198785993, 33.539227548989501 ], [ -111.672156884735003, 33.539591043788903 ], [ -111.672186726651006, 33.539818381417199 ], [ -111.672241945638007, 33.540068564375403 ], [ -111.672317386841002, 33.5403083094454 ], [ -111.672410000580001, 33.540609304515101 ], [ -111.672355901028993, 33.5407954969995 ], [ -111.672181870770004, 33.541011276420299 ], [ -111.671995134539003, 33.541370276056398 ], [ -111.671891868458999, 33.541626807362398 ], [ -111.671779674741003, 33.541938308530803 ], [ -111.671637831317994, 33.5423262731981 ], [ -111.671437685344998, 33.542690388308003 ], [ -111.671261058179994, 33.542966849135198 ], [ -111.670999063254001, 33.5432352535692 ], [ -111.670780129278, 33.543422081397601 ], [ -111.670501694831003, 33.543612659303299 ], [ -111.670172682786003, 33.543906688063302 ], [ -111.669835437407002, 33.544239135105499 ], [ -111.669477023805001, 33.544604094980301 ], [ -111.669282040778, 33.5448468513137 ], [ -111.669039118721003, 33.544977728845403 ], [ -111.668738370284998, 33.544919111494899 ], [ -111.668724521195998, 33.544780604029 ], [ -111.668610025706997, 33.544683314619803 ], [ -111.668369008797995, 33.544615411281697 ], [ -111.668074848938005, 33.544556972302097 ], [ -111.667692973594001, 33.544545639284102 ], [ -111.667342841882004, 33.544562862434901 ], [ -111.666927097012007, 33.544572620048797 ], [ -111.666675006462, 33.544609319922301 ], [ -111.666340845920999, 33.544715394047003 ], [ -111.666052307453995, 33.544833860686602 ], [ -111.665680988709994, 33.5448835915168 ], [ -111.665296511674995, 33.544932939165598 ], [ -111.664935778257998, 33.5450437350191 ], [ -111.664622777120996, 33.5451172870779 ], [ -111.664195964916004, 33.545231648146199 ], [ -111.663727500121993, 33.545394484551501 ], [ -111.663432140474995, 33.545518267916897 ], [ -111.663110892324994, 33.545630226865498 ], [ -111.662762379968996, 33.545763488513899 ], [ -111.662480861630996, 33.545871117639003 ], [ -111.662236988298005, 33.546024041096402 ], [ -111.662094465625003, 33.546119224154999 ], [ -111.661970969687005, 33.5462315575407 ], [ -111.661924730386005, 33.546112208164899 ], [ -111.661810706807998, 33.545818057196499 ], [ -111.662073868858997, 33.545676754787003 ], [ -111.662248374239994, 33.545604602071499 ], [ -111.662515994326, 33.545513134753001 ], [ -111.662783845358007, 33.545416155701297 ], [ -111.663146721128996, 33.5452557103144 ], [ -111.663463738185001, 33.545088386118501 ], [ -111.663766402312007, 33.544948239400703 ], [ -111.664153722928006, 33.544832723410998 ], [ -111.664362076870006, 33.544739483824102 ], [ -111.664666638778996, 33.544555213798397 ], [ -111.665070186085003, 33.544368362200103 ], [ -111.665629145541999, 33.5442468678525 ], [ -111.665935079115002, 33.544184149243002 ], [ -111.666289223885002, 33.544073151446703 ], [ -111.666589058751995, 33.543999200680403 ], [ -111.667099568075002, 33.543931491275799 ], [ -111.667766680935998, 33.5439015922462 ], [ -111.668304210835998, 33.543972778944699 ], [ -111.668714302965, 33.543940757739797 ], [ -111.669136896411999, 33.543771024256102 ], [ -111.669538533380006, 33.543628287527099 ], [ -111.669929372097002, 33.543429991017597 ], [ -111.670281189324001, 33.543219481267599 ], [ -111.670661670845007, 33.542954597266302 ], [ -111.670939424482995, 33.542625913917298 ], [ -111.671037280722004, 33.542341605182202 ], [ -111.671188302575004, 33.541893169912598 ], [ -111.671262171056, 33.541552914094602 ], [ -111.671416239023003, 33.541187416565897 ], [ -111.671502334324998, 33.540869617402102 ], [ -111.671607964699007, 33.540557919333096 ], [ -111.671646436367993, 33.540341784701198 ], [ -111.671677390916997, 33.540167826529803 ], [ -111.671687459181001, 33.539796314431797 ], [ -111.671688720169001, 33.539748383265596 ], [ -111.671630201791004, 33.5394207714576 ], [ -111.671489193145007, 33.538864254713097 ], [ -111.671400597363998, 33.538469472749597 ], [ -111.671323074542997, 33.5379700801087 ], [ -111.671343338878003, 33.537650324310803 ], [ -111.671436726573006, 33.537316175800598 ], [ -111.671491302497998, 33.537118193636601 ], [ -111.671530323932998, 33.536976499910899 ], [ -111.671607993541002, 33.536547962328399 ], [ -111.671669909654995, 33.536025100899202 ], [ -111.671687318668006, 33.535771538177599 ], [ -111.671691844246993, 33.535357388007696 ], [ -111.671663215449996, 33.534947832610598 ], [ -111.671586385590999, 33.534586547732502 ], [ -111.671468899190003, 33.534096996132497 ], [ -111.671329764408995, 33.5336510269317 ], [ -111.671141822991999, 33.533197323672702 ], [ -111.671102702089996, 33.533103001039201 ], [ -111.670933728449995, 33.532584312030799 ], [ -111.670882519773002, 33.532240349223699 ], [ -111.670812051867998, 33.531730114094998 ], [ -111.670759660414006, 33.531413733395198 ], [ -111.670727254919996, 33.531092403722397 ], [ -111.670757182985994, 33.530701141208297 ], [ -111.670912881448999, 33.5302970401927 ], [ -111.671161422666003, 33.530033763921899 ], [ -111.671435350039005, 33.529793334478001 ], [ -111.671611243952, 33.529533426624198 ], [ -111.671639957400998, 33.529324387788797 ], [ -111.671642357280007, 33.528959927399498 ], [ -111.671669907120005, 33.528623821878703 ], [ -111.671701919412996, 33.528337565632498 ], [ -111.671759551641998, 33.528068622886799 ], [ -111.671914534245005, 33.527681061403499 ], [ -111.672108542138005, 33.527305699494399 ], [ -111.672281363183004, 33.526962848950603 ], [ -111.672479125528994, 33.526653889213001 ], [ -111.672620232211997, 33.526282473755501 ], [ -111.672736897912998, 33.525866158063003 ], [ -111.672834486602, 33.525587364119303 ], [ -111.673013211479997, 33.525106616626502 ], [ -111.673130342790998, 33.524679250150001 ], [ -111.673293527368998, 33.5242532747301 ], [ -111.673436038472005, 33.523848773869702 ], [ -111.673545644865996, 33.5234432945824 ], [ -111.673640428661002, 33.523076036024797 ], [ -111.673737798443, 33.5226481089176 ], [ -111.673817777932001, 33.522164428343402 ], [ -111.673838499417997, 33.5218336364332 ], [ -111.673852661710001, 33.521348004862297 ], [ -111.673867033844004, 33.521011505712998 ], [ -111.673893862523002, 33.520691940301603 ], [ -111.673940235448995, 33.5202238285069 ], [ -111.674010078519999, 33.519822689525803 ], [ -111.674020926642996, 33.519568943322803 ], [ -111.674031764969996, 33.519315189946902 ], [ -111.674056473131003, 33.519045279530197 ], [ -111.674079783907999, 33.518653815296901 ], [ -111.674121430769006, 33.5182960270267 ], [ -111.674219966329005, 33.517995160675802 ], [ -111.674348564141994, 33.517761478304202 ], [ -111.674438380664995, 33.517664715528099 ], [ -111.674598008136002, 33.517476118689899 ], [ -111.674842972166999, 33.517295594510898 ], [ -111.675060420452994, 33.517141850432303 ], [ -111.675330777162003, 33.516984175508099 ], [ -111.675733466891003, 33.516813827493998 ], [ -111.676061868857005, 33.516685468406102 ], [ -111.676457277091998, 33.516531484675603 ], [ -111.676933301150001, 33.516341218850897 ], [ -111.677315535375996, 33.516186837181898 ], [ -111.677741491739994, 33.5160889822169 ], [ -111.678332450838994, 33.515984964042097 ], [ -111.678680364520005, 33.515862705548798 ], [ -111.678997254335997, 33.5156953361411 ], [ -111.679294619931994, 33.515521867660397 ], [ -111.679613139273997, 33.515315888404999 ], [ -111.680020285664995, 33.5151953648177 ], [ -111.680445747557997, 33.515108538519797 ], [ -111.680724081302003, 33.515072594963399 ], [ -111.681321142944, 33.515134427925702 ], [ -111.681973916529003, 33.515280777664501 ], [ -111.682592389269004, 33.515304594386599 ], [ -111.683164297581001, 33.515183418557598 ], [ -111.683625268300005, 33.515036872958497 ], [ -111.684094695086998, 33.514846382539503 ], [ -111.684448697839002, 33.514735328664102 ], [ -111.684967951746998, 33.514612590096398 ], [ -111.685339588382007, 33.514551785052603 ], [ -111.685762697512999, 33.5145200881134 ], [ -111.686323328575, 33.514509031761499 ], [ -111.686792282179994, 33.514484213433697 ], [ -111.687228788786001, 33.5144473989888 ], [ -111.687783780607006, 33.514414075926602 ], [ -111.688198434726999, 33.514426323042301 ], [ -111.688704534493993, 33.514457844397803 ], [ -111.689126001153994, 33.514464753450902 ], [ -111.689535957185996, 33.514432673051601 ], [ -111.689835652146996, 33.514358662777497 ], [ -111.689971724643996, 33.514319755695297 ], [ -111.690037685153001, 33.514193255933598 ], [ -111.690044216564999, 33.514198804347998 ], [ -111.690123290195999, 33.514177232353497 ], [ -111.690156154909999, 33.514177422659301 ], [ -111.690215300893996, 33.514177771379401 ], [ -111.690234745441003, 33.514210951745603 ], [ -111.690273855992004, 33.514249739004903 ], [ -111.690326017751005, 33.514299641153798 ], [ -111.690319348472997, 33.514310630546497 ], [ -111.690312438090004, 33.514349152923899 ], [ -111.690391321817998, 33.514349618854702 ], [ -111.690430850539002, 33.5143388269355 ], [ -111.690457340077003, 33.514316942598299 ], [ -111.690549643821001, 33.514284415615798 ], [ -111.690608993837003, 33.514262732285502 ], [ -111.690760368617006, 33.514241591978603 ], [ -111.690839318190001, 33.514236536498501 ], [ -111.690951143706997, 33.514226174593396 ], [ -111.691017020695995, 33.514210033145403 ], [ -111.691036030218001, 33.514206604365597 ], [ -111.691046461811993, 33.5142047242594 ], [ -111.691063838315998, 33.514201616655498 ], [ -111.691086901684002, 33.514146987518501 ], [ -111.691239316749005, 33.514067687506 ], [ -111.691240420015006, 33.514067367475498 ], [ -111.691247519021005, 33.514065209211097 ], [ -111.692327652507998, 33.513737849374699 ], [ -111.693020164146006, 33.513517559933199 ], [ -111.693670055436002, 33.513310241561101 ], [ -111.693536885783004, 33.513085045560501 ], [ -111.694376187792002, 33.5127864782147 ], [ -111.695976190432006, 33.512032959137102 ], [ -111.696518723224997, 33.511701111353503 ], [ -111.697061601949002, 33.511248301336103 ], [ -111.698283254581995, 33.510093378498702 ], [ -111.698546655041994, 33.5098853182784 ], [ -111.700167424805997, 33.508690023419597 ], [ -111.700677382311994, 33.508348496063 ], [ -111.701005046665998, 33.508153672886003 ], [ -111.701063759457995, 33.508120437967499 ], [ -111.701598993134994, 33.507817712168297 ], [ -111.702524939716994, 33.507393060330301 ], [ -111.702534712819997, 33.507390033025899 ], [ -111.703275758960999, 33.507161004384898 ], [ -111.704132833347003, 33.506969535138303 ], [ -111.704723123592004, 33.506652551658497 ], [ -111.706575739450003, 33.506028517043099 ], [ -111.708314890718995, 33.505679676795097 ], [ -111.709558079359994, 33.505209833042997 ], [ -111.709627497773994, 33.505175881575703 ], [ -111.709639890123995, 33.5051668245926 ], [ -111.710084996122006, 33.504952893541002 ], [ -111.712943722665003, 33.502610476141001 ], [ -111.714674452417995, 33.501225644666903 ], [ -111.716601184246002, 33.498206099524602 ], [ -111.717140905030007, 33.497688614385098 ], [ -111.718259561631001, 33.4969621232433 ], [ -111.719517849046994, 33.4961360256722 ], [ -111.719468158891999, 33.495443088331399 ], [ -111.719321093429002, 33.494645033413903 ], [ -111.719662619155002, 33.494023059885102 ], [ -111.719977689253, 33.493840225051798 ], [ -111.722994785639997, 33.493140305711599 ], [ -111.723690537829995, 33.491646576297597 ], [ -111.723398193113994, 33.4910777532343 ], [ -111.723372857984998, 33.490524732434601 ], [ -111.723700110037996, 33.4900926484789 ], [ -111.725288812954005, 33.489130703072398 ], [ -111.725810820253002, 33.488311391566398 ], [ -111.726083726409001, 33.487882511221102 ], [ -111.726362353569002, 33.486893828376097 ], [ -111.726663772571996, 33.486488891113098 ], [ -111.726874519828996, 33.486356171456002 ], [ -111.727308054678005, 33.486084762632899 ], [ -111.728168423019, 33.485799414785703 ], [ -111.729015960940998, 33.486084663144403 ], [ -111.729699587238997, 33.486844712373497 ], [ -111.731418285494996, 33.487888383289203 ], [ -111.732214896339997, 33.487628184275103 ], [ -111.732789699725998, 33.486469522979498 ], [ -111.735070855816005, 33.484958785969397 ], [ -111.735700498168001, 33.484678031102902 ], [ -111.737584231772999, 33.4846015887533 ], [ -111.737979990968, 33.484193225263297 ], [ -111.738486812790001, 33.4824226490298 ], [ -111.738602973575993, 33.482231243743897 ], [ -111.738828795763993, 33.482001833579297 ], [ -111.739228880183006, 33.481815814091703 ], [ -111.740533698055998, 33.481454817233001 ], [ -111.740867367529006, 33.481418453784002 ], [ -111.741293972506995, 33.4814619594299 ], [ -111.742671318533993, 33.481696402414599 ], [ -111.744360870478005, 33.481603757933499 ], [ -111.744352794121994, 33.481978937767003 ], [ -111.744352535499004, 33.481987333656598 ], [ -111.744354167284996, 33.4819872147214 ], [ -111.745922296309004, 33.481894984106503 ], [ -111.745981807071999, 33.481883575371803 ], [ -111.746138190436994, 33.481853743099499 ], [ -111.746348878258004, 33.481778757304703 ], [ -111.746543255576995, 33.481660556547901 ], [ -111.746691443223995, 33.4815291218544 ], [ -111.746944887658003, 33.481235382106 ], [ -111.747042704750996, 33.481121956503401 ], [ -111.747121835591003, 33.481030354919199 ], [ -111.747366530858997, 33.480747006865599 ], [ -111.747744518264, 33.480295330973803 ], [ -111.748273146041001, 33.479691126958002 ], [ -111.748722158467004, 33.479175439839302 ], [ -111.749730935700995, 33.478016840789202 ], [ -111.750170975396998, 33.477511785134801 ], [ -111.750563020775999, 33.477061363045401 ], [ -111.750757617554996, 33.476835471091903 ], [ -111.750800886117005, 33.4767855888675 ], [ -111.750859228824993, 33.476722474069398 ], [ -111.750922061525003, 33.4766624635702 ], [ -111.750989728730005, 33.476605320771803 ], [ -111.751061467235004, 33.476551779057097 ], [ -111.751137003256005, 33.476502040308802 ], [ -111.752531362529993, 33.4756407519235 ], [ -111.753105193107999, 33.475283607621101 ], [ -111.753679552853995, 33.4750737710214 ], [ -111.753863922125007, 33.475006412353601 ], [ -111.754297031212005, 33.474826103652902 ], [ -111.754353570738004, 33.474800636072501 ], [ -111.757141341372005, 33.473637842142601 ], [ -111.757455755614998, 33.473507148738797 ], [ -111.759554893924999, 33.472633643188701 ], [ -111.760977662494994, 33.472189100939801 ], [ -111.761814728709993, 33.471918608949501 ], [ -111.761817683003997, 33.471917512976297 ], [ -111.763862252877004, 33.471258788974403 ], [ -111.763863237351003, 33.471258515031998 ], [ -111.765932057943004, 33.470591815773901 ], [ -111.766170596996005, 33.470517899734801 ], [ -111.767777032474001, 33.470020457991701 ], [ -111.768150093545998, 33.469904922844997 ], [ -111.768729675713999, 33.469686176198501 ], [ -111.768966228509996, 33.469596895401097 ], [ -111.770028718185998, 33.469195877806797 ] ] ] } }
]
}
